variant,signal_time,entry_time,exit_time,direction,source_dislocation,signal_z,signal_residual,signal_fair_qqq,signal_qqq_close,signal_qqq_vwap,entry_reference,entry_price,exit_reference,exit_price,shares,stop_usd_per_share,target_usd_per_share,stop_price,target_price,exit_reason,duration_bars,gross_pnl,slippage,commissions,costs,net_pnl
reverse_convergence,2024-08-22 11:30:00-04:00,2024-08-22 11:31:00-04:00,2024-08-22 15:59:00-04:00,LONG,HIGH,3.2410803802,0.0031743757,478.5209945817,480.0400000000,482.9534401724,480.0500000000,480.1460100000,474.8300000000,474.7350340000,41,,,,,FORCED_EOD,268,-214.0200000000,7.8300160000,0.2870000000,8.1170160000,-222.1370160000
reverse_convergence,2024-08-23 15:41:00-04:00,2024-08-23 15:42:00-04:00,2024-08-23 15:59:00-04:00,SHORT,LOW,-1.5708932924,-0.0008337551,480.0701609228,479.6699000000,479.0853724829,479.6300000000,479.5340740000,480.0200000000,480.1160040000,41,,,,,FORCED_EOD,17,-15.9900000000,7.8691300000,0.2870000000,8.1561300000,-24.1461300000
reverse_convergence,2024-08-26 15:49:00-04:00,2024-08-26 15:50:00-04:00,2024-08-26 15:59:00-04:00,SHORT,LOW,-2.0458763294,-0.0003628958,474.7122710896,474.5400000000,475.7573265079,474.5800000000,474.4850840000,475.3300000000,475.4250660000,42,,,,,FORCED_EOD,9,-31.5000000000,7.9792440000,0.2940000000,8.2732440000,-39.7732440000
reverse_convergence,2024-08-27 14:08:00-04:00,2024-08-27 14:09:00-04:00,2024-08-27 15:59:00-04:00,SHORT,LOW,-2.4680776536,-0.0025272956,478.7349046041,477.5250000000,475.7439138891,477.5100000000,477.4144980000,476.8300000000,476.9253660000,41,,,,,FORCED_EOD,110,27.8800000000,7.8255880000,0.2870000000,8.1125880000,19.7674120000
reverse_convergence,2024-08-29 14:01:00-04:00,2024-08-29 14:02:00-04:00,2024-08-29 15:59:00-04:00,LONG,HIGH,2.7051973008,0.0030426925,473.9678615203,475.4100000000,476.0551103650,475.4000000000,475.4950800000,470.6800000000,470.5858640000,42,,,,,FORCED_EOD,117,-198.2400000000,7.9470720000,0.2940000000,8.2410720000,-206.4810720000
reverse_convergence,2024-08-30 15:51:00-04:00,2024-08-30 15:52:00-04:00,2024-08-30 15:55:00-04:00,SHORT,LOW,-3.2381782372,-0.0008255492,476.5233934967,476.1300000000,473.8368645334,476.1000000000,476.0047800000,475.7900000000,475.8851580000,42,,,,,CONVERGENCE,3,13.0200000000,7.9958760000,0.2940000000,8.2898760000,4.7301240000
reverse_convergence,2024-09-03 15:27:00-04:00,2024-09-03 15:28:00-04:00,2024-09-03 15:59:00-04:00,LONG,HIGH,2.1206275632,0.0026017655,461.2599098833,462.4600000000,466.6335305973,462.4750000000,462.5674950000,461.8400000000,461.7476320000,43,,,,,FORCED_EOD,31,-27.3050000000,7.9491090000,0.3010000000,8.2501090000,-35.5551090000
reverse_convergence,2024-09-04 11:22:00-04:00,2024-09-04 11:23:00-04:00,2024-09-04 11:24:00-04:00,LONG,HIGH,2.7273434360,-0.0017517852,463.3602075704,462.5485000000,460.9949991586,462.5100000000,462.6025020000,462.7300000000,462.6374540000,43,,,,,CONVERGENCE,1,9.4600000000,7.9570640000,0.3010000000,8.2580640000,1.2019360000
reverse_convergence,2024-09-04 12:47:00-04:00,2024-09-04 12:48:00-04:00,2024-09-04 12:49:00-04:00,LONG,HIGH,2.4116983270,-0.0011262633,463.2116983337,462.6900000000,461.3024717495,462.6800000000,462.7725360000,462.4500000000,462.3575100000,43,,,,,CONVERGENCE,1,-9.8900000000,7.9561180000,0.3010000000,8.2571180000,-18.1471180000
reverse_convergence,2024-09-04 15:09:00-04:00,2024-09-04 15:10:00-04:00,2024-09-04 15:52:00-04:00,LONG,HIGH,2.3803758517,0.0013632698,459.0042533450,459.6300000000,461.4076754580,459.6200000000,459.7119240000,461.8300000000,461.7376340000,43,,,,,CONVERGENCE,42,95.0300000000,7.9244700000,0.3010000000,8.2254700000,86.8045300000
reverse_convergence,2024-09-04 15:53:00-04:00,2024-09-04 15:54:00-04:00,2024-09-04 15:56:00-04:00,SHORT,LOW,-2.6431613004,-0.0005290779,461.5642034007,461.3200000000,461.3325032604,461.2800000000,461.1877440000,461.0400000000,461.1322080000,43,,,,,CONVERGENCE,2,10.3200000000,7.9319520000,0.3010000000,8.2329520000,2.0870480000
reverse_convergence,2024-09-06 12:05:00-04:00,2024-09-06 12:06:00-04:00,2024-09-06 13:08:00-04:00,LONG,HIGH,1.8243161203,0.0035905345,447.2939755426,448.9000000000,453.5348722921,448.8700000000,448.9597740000,449.2900000000,449.2001420000,44,,,,,CONVERGENCE,62,18.4800000000,7.9038080000,0.3080000000,8.2118080000,10.2681920000
reverse_convergence,2024-09-09 12:39:00-04:00,2024-09-09 12:40:00-04:00,2024-09-09 13:11:00-04:00,LONG,HIGH,2.1542183943,0.0007756308,453.8329931534,454.1850000000,452.8040520127,454.1900000000,454.2808380000,455.2700000000,455.1789460000,44,,,,,CONVERGENCE,31,47.5200000000,8.0032480000,0.3080000000,8.3112480000,39.2087520000
reverse_convergence,2024-09-10 15:32:00-04:00,2024-09-10 15:33:00-04:00,2024-09-10 15:34:00-04:00,SHORT,LOW,-2.9365050112,0.0009089245,458.7030735348,459.1200000000,456.1342379189,459.1300000000,459.0381740000,458.9600000000,459.0517920000,43,,,,,CONVERGENCE,1,7.3100000000,7.8955740000,0.3010000000,8.1965740000,-0.8865740000
reverse_convergence,2024-09-10 15:57:00-04:00,2024-09-10 15:58:00-04:00,2024-09-10 15:59:00-04:00,SHORT,LOW,-2.8964318803,-0.0002255556,458.7934834565,458.6900000000,456.3837324301,458.6900000000,458.5982620000,458.6700000000,458.7617340000,43,,,,,FORCED_EOD,1,0.8600000000,7.8892960000,0.3010000000,8.1902960000,-7.3302960000
reverse_convergence,2024-09-11 14:29:00-04:00,2024-09-11 14:30:00-04:00,2024-09-11 15:59:00-04:00,SHORT,LOW,-2.6303916809,-0.0027451157,466.4103503551,465.1300000000,458.3156440408,465.1499000000,465.0568700200,468.4500000000,468.5436900000,43,,,,,FORCED_EOD,89,-141.9043000000,8.0289591400,0.3010000000,8.3299591400,-150.2342591400
reverse_convergence,2024-09-12 13:28:00-04:00,2024-09-12 13:29:00-04:00,2024-09-12 15:55:00-04:00,SHORT,LOW,-2.7896137462,-0.0011272475,472.9080844490,472.3750000000,469.6106605393,472.3750000000,472.2805250000,472.4200000000,472.5144840000,42,,,,,CONVERGENCE,146,-1.8900000000,7.9362780000,0.2940000000,8.2302780000,-10.1202780000
reverse_convergence,2024-09-13 11:38:00-04:00,2024-09-13 11:39:00-04:00,2024-09-13 11:41:00-04:00,LONG,HIGH,2.3846811443,0.0001743773,474.7472148531,474.8300000000,474.4038030412,474.8500000000,474.9449700000,475.2900000000,475.1949420000,42,,,,,CONVERGENCE,2,18.4800000000,7.9811760000,0.2940000000,8.2751760000,10.2048240000
reverse_convergence,2024-09-16 13:08:00-04:00,2024-09-16 13:09:00-04:00,2024-09-16 13:10:00-04:00,SHORT,LOW,-1.5838613547,0.0011403040,471.2125744274,471.7499000000,471.7002039312,471.7300000000,471.6356540000,471.8400000000,471.9343680000,42,,,,,CONVERGENCE,1,-4.6200000000,7.9259880000,0.2940000000,8.2199880000,-12.8399880000
reverse_convergence,2024-09-17 11:47:00-04:00,2024-09-17 11:48:00-04:00,2024-09-17 11:49:00-04:00,SHORT,LOW,-2.1730292707,0.0010391187,475.0963185106,475.5900000000,476.0441990318,475.5500000000,475.4548900000,475.5099000000,475.6050019800,42,,,,,CONVERGENCE,1,1.6842000000,7.9889031600,0.2940000000,8.2829031600,-6.5987031600
reverse_convergence,2024-09-17 12:24:00-04:00,2024-09-17 12:25:00-04:00,2024-09-17 15:59:00-04:00,LONG,HIGH,2.4376705720,0.0015408968,472.4520002366,473.1800000000,475.7819335539,473.1600000000,473.2546320000,473.5100000000,473.4152980000,42,,,,,FORCED_EOD,214,14.7000000000,7.9520280000,0.2940000000,8.2460280000,6.4539720000
reverse_convergence,2024-09-20 12:09:00-04:00,2024-09-20 12:10:00-04:00,2024-09-20 12:11:00-04:00,SHORT,LOW,-2.1231851334,0.0010359472,481.1016041166,481.6000000000,481.0501181034,481.5800000000,481.4836840000,481.5100000000,481.6063020000,41,,,,,CONVERGENCE,1,2.8700000000,7.8973380000,0.2870000000,8.1843380000,-5.3143380000
reverse_convergence,2024-09-20 15:36:00-04:00,2024-09-20 15:37:00-04:00,2024-09-20 15:38:00-04:00,SHORT,LOW,-2.1259517444,0.0008169264,482.4159017250,482.8100000000,481.3136727872,482.7906000000,482.6940418800,482.8300000000,482.9265660000,41,,,,,CONVERGENCE,1,-1.6154000000,7.9180889200,0.2870000000,8.2050889200,-9.8204889200
reverse_convergence,2024-09-20 15:51:00-04:00,2024-09-20 15:52:00-04:00,2024-09-20 15:59:00-04:00,LONG,HIGH,1.8484568658,0.0020723283,481.7615319410,482.7599000000,481.4037037736,482.7400000000,482.8365480000,482.4200000000,482.3235160000,41,,,,,FORCED_EOD,7,-13.1200000000,7.9143120000,0.2870000000,8.2013120000,-21.3213120000
reverse_convergence,2024-09-26 14:43:00-04:00,2024-09-26 14:44:00-04:00,2024-09-26 15:59:00-04:00,LONG,HIGH,2.4742088527,0.0020851085,488.2170145725,489.2350000000,489.0350231054,489.2300000000,489.3278460000,489.4400000000,489.3421120000,40,,,,,FORCED_EOD,75,8.4000000000,7.8293600000,0.2800000000,8.1093600000,0.2906400000
reverse_convergence,2024-09-27 14:30:00-04:00,2024-09-27 14:31:00-04:00,2024-09-27 15:56:00-04:00,LONG,HIGH,1.7760597345,0.0023113396,485.0887950642,486.2100000000,488.1408318470,486.2000000000,486.2972400000,487.0900000000,486.9925820000,41,,,,,CONVERGENCE,85,36.4900000000,7.9809780000,0.2870000000,8.2679780000,28.2220220000
reverse_convergence,2024-09-30 13:12:00-04:00,2024-09-30 13:13:00-04:00,2024-09-30 13:14:00-04:00,LONG,HIGH,2.2487865857,-0.0006920970,486.2465297568,485.9100000000,486.4478954169,485.9000000000,485.9971800000,485.7200000000,485.6228560000,41,,,,,CONVERGENCE,1,-7.3800000000,7.9672840000,0.2870000000,8.2542840000,-15.6342840000
reverse_convergence,2024-09-30 15:56:00-04:00,2024-09-30 15:57:00-04:00,2024-09-30 15:59:00-04:00,SHORT,LOW,-2.6144136404,-0.0013206600,488.6653607810,488.0200000000,485.8960404313,488.0200000000,487.9223960000,488.0500000000,488.1476100000,40,,,,,FORCED_EOD,2,-1.2000000000,7.8085600000,0.2800000000,8.0885600000,-9.2885600000
reverse_convergence,2024-10-02 14:21:00-04:00,2024-10-02 14:22:00-04:00,2024-10-02 15:59:00-04:00,SHORT,LOW,-2.4225119338,-0.0011591030,483.4907155167,482.9303000000,481.5702915065,482.9400000000,482.8434120000,481.9400000000,482.0363880000,41,,,,,FORCED_EOD,97,41.0000000000,7.9120160000,0.2870000000,8.1990160000,32.8009840000
reverse_convergence,2024-10-03 15:51:00-04:00,2024-10-03 15:52:00-04:00,2024-10-03 15:59:00-04:00,SHORT,LOW,-2.4800387340,-0.0004998251,481.3205760930,481.0800000000,481.3899488385,481.0600000000,480.9637880000,481.6300000000,481.7263260000,41,,,,,FORCED_EOD,7,-23.3700000000,7.8940580000,0.2870000000,8.1810580000,-31.5510580000
reverse_convergence,2024-10-04 14:31:00-04:00,2024-10-04 14:32:00-04:00,2024-10-04 14:53:00-04:00,SHORT,LOW,-2.2370198515,-0.0004506846,485.6088564234,485.3900000000,484.9140074841,485.3405000000,485.2434319000,485.8100000000,485.9071620000,41,,,,,CONVERGENCE,21,-19.2495000000,7.9634341000,0.2870000000,8.2504341000,-27.4999341000
reverse_convergence,2024-10-07 15:24:00-04:00,2024-10-07 15:25:00-04:00,2024-10-07 15:31:00-04:00,SHORT,LOW,-1.8659583330,-0.0005504858,482.5756510562,482.3100000000,484.6506757203,482.3106000000,482.2141378800,481.6600000000,481.7563320000,41,,,,,CONVERGENCE,6,26.6746000000,7.9045589200,0.2870000000,8.1915589200,18.4830410800
reverse_convergence,2024-10-07 15:56:00-04:00,2024-10-07 15:57:00-04:00,2024-10-07 15:59:00-04:00,LONG,HIGH,2.7740376322,0.0019499804,480.8373765162,481.7750000000,484.2429259582,481.7600000000,481.8563520000,482.0600000000,481.9635880000,41,,,,,FORCED_EOD,2,12.3000000000,7.9033240000,0.2870000000,8.1903240000,4.1096760000
reverse_convergence,2024-10-09 10:07:00-04:00,2024-10-09 10:08:00-04:00,2024-10-09 11:40:00-04:00,SHORT,LOW,-2.5690763610,-0.0016105401,490.1393891174,489.3500000000,488.6364721872,489.2800000000,489.1821440000,491.8790000000,491.9773758000,40,,,,,CONVERGENCE,92,-103.9600000000,7.8492720000,0.2800000000,8.1292720000,-112.0892720000
reverse_convergence,2024-10-09 14:27:00-04:00,2024-10-09 14:28:00-04:00,2024-10-09 14:29:00-04:00,SHORT,LOW,-2.6064587428,0.0006733986,492.2884936311,492.6200000000,490.9481270533,492.6294000000,492.5308741200,492.9700000000,493.0685940000,40,,,,,CONVERGENCE,1,-13.6240000000,7.8847952000,0.2800000000,8.1647952000,-21.7887952000
reverse_convergence,2024-10-10 12:17:00-04:00,2024-10-10 12:18:00-04:00,2024-10-10 15:59:00-04:00,SHORT,LOW,-1.4468135740,-0.0006527112,494.6378556596,494.3150000000,492.0634708648,494.3400000000,494.2411320000,492.6000000000,492.6985200000,40,,,,,FORCED_EOD,221,69.6000000000,7.8955200000,0.2800000000,8.1755200000,61.4244800000
reverse_convergence,2024-10-11 12:32:00-04:00,2024-10-11 12:33:00-04:00,2024-10-11 12:34:00-04:00,SHORT,LOW,-1.6151348846,0.0017531990,492.0972555695,492.9600000000,492.5584974724,492.9600000000,492.8614080000,492.9500000000,493.0485900000,40,,,,,CONVERGENCE,1,0.4000000000,7.8872800000,0.2800000000,8.1672800000,-7.7672800000
reverse_convergence,2024-10-11 13:02:00-04:00,2024-10-11 13:03:00-04:00,2024-10-11 13:04:00-04:00,SHORT,LOW,-2.5028770700,0.0011856385,492.5059659574,493.0899000000,492.5742065857,493.0600000000,492.9613880000,493.0100000000,493.1086020000,40,,,,,CONVERGENCE,1,2.0000000000,7.8885600000,0.2800000000,8.1685600000,-6.1685600000
reverse_convergence,2024-10-14 13:59:00-04:00,2024-10-14 14:00:00-04:00,2024-10-14 15:59:00-04:00,LONG,HIGH,2.5952976600,0.0013717523,496.4889401601,497.1700000000,496.9979223769,497.1750000000,497.2744350000,497.5000000000,497.4005000000,40,,,,,FORCED_EOD,119,13.0000000000,7.9574000000,0.2800000000,8.2374000000,4.7626000000
reverse_convergence,2024-10-15 15:52:00-04:00,2024-10-15 15:53:00-04:00,2024-10-15 15:59:00-04:00,SHORT,LOW,-2.5203610027,-0.0022889836,491.4548320626,490.3299000000,492.4700813047,490.3300000000,490.2319340000,490.7800000000,490.8781560000,40,,,,,FORCED_EOD,6,-18.0000000000,7.8488800000,0.2800000000,8.1288800000,-26.1288800000
reverse_convergence,2024-10-16 15:19:00-04:00,2024-10-16 15:20:00-04:00,2024-10-16 15:21:00-04:00,LONG,HIGH,2.7919674341,-0.0030295505,492.6826068540,491.1900000000,489.8960588453,491.2000000000,491.2982400000,491.2000000000,491.1017600000,40,,,,,CONVERGENCE,1,0.0000000000,7.8592000000,0.2800000000,8.1392000000,-8.1392000000
reverse_convergence,2024-10-17 13:07:00-04:00,2024-10-17 13:08:00-04:00,2024-10-17 14:13:00-04:00,SHORT,LOW,-2.6397457957,-0.0001943467,494.5861211930,494.4900000000,493.5927695223,494.4000000000,494.3011200000,492.3700000000,492.4684740000,40,,,,,CONVERGENCE,65,81.2000000000,7.8941600000,0.2800000000,8.1741600000,73.0258400000
reverse_convergence,2024-10-17 15:54:00-04:00,2024-10-17 15:55:00-04:00,2024-10-17 15:59:00-04:00,LONG,HIGH,1.6472602010,0.0007983879,491.4076660710,491.8000000000,493.2595429110,491.6800000000,491.7783360000,491.3500000000,491.2517300000,40,,,,,FORCED_EOD,4,-13.2000000000,7.8642400000,0.2800000000,8.1442400000,-21.3442400000
reverse_convergence,2024-10-21 13:29:00-04:00,2024-10-21 13:30:00-04:00,2024-10-21 15:59:00-04:00,SHORT,LOW,-2.9540363897,-0.0023693907,495.4639476828,494.2900000000,493.6972021398,494.3000000000,494.2011400000,495.4800000000,495.5790960000,40,,,,,FORCED_EOD,149,-47.2000000000,7.9182400000,0.2800000000,8.1982400000,-55.3982400000
reverse_convergence,2024-10-23 11:54:00-04:00,2024-10-23 11:55:00-04:00,2024-10-23 15:59:00-04:00,LONG,HIGH,3.0421375892,0.0017129610,490.2202718079,491.0600000000,492.4460075251,491.1200000000,491.2182240000,488.3700000000,488.2723260000,40,,,,,FORCED_EOD,244,-110.0000000000,7.8359200000,0.2800000000,8.1159200000,-118.1159200000
reverse_convergence,2024-10-24 14:20:00-04:00,2024-10-24 14:21:00-04:00,2024-10-24 14:22:00-04:00,SHORT,LOW,-2.3000057570,0.0000175642,492.1613555797,492.1700000000,491.2991582747,492.1600000000,492.0615680000,492.2500000000,492.3484500000,40,,,,,CONVERGENCE,1,-3.6000000000,7.8752800000,0.2800000000,8.1552800000,-11.7552800000
reverse_convergence,2024-10-24 14:24:00-04:00,2024-10-24 14:25:00-04:00,2024-10-24 15:02:00-04:00,SHORT,LOW,-2.3279261132,-0.0003077921,492.2915234210,492.1400000000,491.3055847458,492.1300000000,492.0315740000,491.5300000000,491.6283060000,40,,,,,CONVERGENCE,37,24.0000000000,7.8692800000,0.2800000000,8.1492800000,15.8507200000
reverse_convergence,2024-10-24 15:43:00-04:00,2024-10-24 15:44:00-04:00,2024-10-24 15:45:00-04:00,LONG,HIGH,3.0530563597,0.0000963972,492.2325501448,492.2800000000,491.4676754245,492.2800000000,492.3784560000,492.4100000000,492.3115180000,40,,,,,CONVERGENCE,1,5.2000000000,7.8775200000,0.2800000000,8.1575200000,-2.9575200000
reverse_convergence,2024-10-25 14:48:00-04:00,2024-10-25 14:49:00-04:00,2024-10-25 15:40:00-04:00,SHORT,LOW,-2.5763554907,-0.0004771914,496.8971150324,496.6600000000,497.9627910002,496.6745000000,496.5751651000,495.8100000000,495.9091620000,40,,,,,CONVERGENCE,51,34.5800000000,7.9398760000,0.2800000000,8.2198760000,26.3601240000
reverse_convergence,2024-10-28 15:53:00-04:00,2024-10-28 15:54:00-04:00,2024-10-28 15:59:00-04:00,LONG,HIGH,2.4509718770,0.0010936840,495.2383657438,495.7800000000,496.6638331208,495.8100000000,495.9091620000,495.4000000000,495.3009200000,40,,,,,FORCED_EOD,5,-16.4000000000,7.9296800000,0.2800000000,8.2096800000,-24.6096800000
reverse_convergence,2024-10-29 14:57:00-04:00,2024-10-29 14:58:00-04:00,2024-10-29 15:51:00-04:00,SHORT,LOW,-2.0274879306,-0.0012392275,500.8007060019,500.1801000000,497.9638533211,500.1800000000,500.0799640000,500.8300000000,500.9301660000,39,,,,,CONVERGENCE,53,-25.3500000000,7.8078780000,0.2730000000,8.0808780000,-33.4308780000
reverse_convergence,2024-10-30 15:52:00-04:00,2024-10-30 15:53:00-04:00,2024-10-30 15:56:00-04:00,SHORT,LOW,-0.9876772327,-0.0014382971,497.7959785086,497.0800000000,498.2807102975,497.0700000000,496.9705860000,496.0200000000,496.1192040000,40,,,,,CONVERGENCE,3,42.0000000000,7.9447200000,0.2800000000,8.2247200000,33.7752800000
reverse_convergence,2024-10-30 15:58:00-04:00,2024-10-30 15:59:00-04:00,2024-10-30 15:59:00-04:00,LONG,HIGH,2.0360202067,0.0001830826,496.0691783829,496.1600000000,498.1616646561,496.1600000000,496.2592320000,496.4000000000,496.3007200000,40,,,,,FORCED_EOD,0,9.6000000000,7.9404800000,0.2800000000,8.2204800000,1.3795200000
reverse_convergence,2024-10-31 11:02:00-04:00,2024-10-31 11:03:00-04:00,2024-10-31 11:04:00-04:00,SHORT,LOW,-2.0377773589,0.0005919270,484.9221615023,485.2092000000,488.0556054092,485.2000000000,485.1029600000,485.3400000000,485.4370680000,41,,,,,CONVERGENCE,1,-5.7400000000,7.9584280000,0.2870000000,8.2454280000,-13.9854280000
reverse_convergence,2024-10-31 15:55:00-04:00,2024-10-31 15:56:00-04:00,2024-10-31 15:59:00-04:00,LONG,HIGH,2.8349171345,0.0016646088,484.1840229948,484.9900000000,486.2106545817,484.9900000000,485.0869980000,483.9000000000,483.8032200000,41,,,,,FORCED_EOD,3,-44.6900000000,7.9448980000,0.2870000000,8.2318980000,-52.9218980000
reverse_convergence,2024-11-01 11:13:00-04:00,2024-11-01 11:14:00-04:00,2024-11-01 11:26:00-04:00,LONG,HIGH,2.4214747568,0.0008632785,489.4674532772,489.8900000000,488.2493760965,489.9000000000,489.9979800000,490.0900000000,489.9919820000,40,,,,,CONVERGENCE,12,7.6000000000,7.8399200000,0.2800000000,8.1199200000,-0.5199200000
reverse_convergence,2024-11-01 15:30:00-04:00,2024-11-01 15:31:00-04:00,2024-11-01 15:59:00-04:00,LONG,HIGH,2.7812263315,0.0011988322,487.0561014652,487.6400000000,488.4530110268,487.6400000000,487.7375280000,487.4000000000,487.3025200000,41,,,,,FORCED_EOD,28,-9.8400000000,7.9953280000,0.2870000000,8.2823280000,-18.1223280000
reverse_convergence,2024-11-04 11:32:00-05:00,2024-11-04 11:33:00-05:00,2024-11-04 11:53:00-05:00,SHORT,LOW,-2.2845025817,-0.0001549707,487.6055645741,487.5300000000,487.3696615332,487.5100000000,487.4124980000,485.9300000000,486.0271860000,41,,,,,CONVERGENCE,20,64.7800000000,7.9822080000,0.2870000000,8.2692080000,56.5107920000
reverse_convergence,2024-11-04 15:35:00-05:00,2024-11-04 15:36:00-05:00,2024-11-04 15:37:00-05:00,LONG,HIGH,2.5830196645,-0.0002641828,486.1034201546,485.9750000000,487.0298047751,485.9500000000,486.0471900000,485.7500000000,485.6528500000,41,,,,,CONVERGENCE,1,-8.2000000000,7.9679400000,0.2870000000,8.2549400000,-16.4549400000
reverse_convergence,2024-11-05 15:41:00-05:00,2024-11-05 15:42:00-05:00,2024-11-05 15:59:00-05:00,LONG,HIGH,2.7244539461,0.0008471073,491.4237114105,491.8400000000,491.1444055188,491.8300000000,491.9283660000,492.2500000000,492.1515500000,40,,,,,FORCED_EOD,17,16.8000000000,7.8726400000,0.2800000000,8.1526400000,8.6473600000
reverse_convergence,2024-11-07 13:15:00-05:00,2024-11-07 13:16:00-05:00,2024-11-07 14:06:00-05:00,LONG,HIGH,2.6268721692,0.0010785196,511.8379726982,512.3900000000,511.2400425458,512.3600000000,512.4624720000,512.6400000000,512.5374720000,39,,,,,CONVERGENCE,50,10.9200000000,7.9950000000,0.2730000000,8.2680000000,2.6520000000
reverse_convergence,2024-11-07 15:44:00-05:00,2024-11-07 15:45:00-05:00,2024-11-07 15:54:00-05:00,SHORT,LOW,-2.4193866194,-0.0001858956,513.8455216293,513.7500000000,511.9689682030,513.7500000000,513.6472500000,513.2500000000,513.3526500000,38,,,,,CONVERGENCE,9,19.0000000000,7.8052000000,0.2660000000,8.0712000000,10.9288000000
reverse_convergence,2024-11-08 14:01:00-05:00,2024-11-08 14:02:00-05:00,2024-11-08 14:03:00-05:00,SHORT,LOW,-2.7959893280,0.0025028068,513.2854456807,514.5701000000,513.6008486160,514.5800000000,514.4770840000,514.4100000000,514.5128820000,38,,,,,CONVERGENCE,1,6.4600000000,7.8203240000,0.2660000000,8.0863240000,-1.6263240000
reverse_convergence,2024-11-11 15:15:00-05:00,2024-11-11 15:16:00-05:00,2024-11-11 15:24:00-05:00,SHORT,LOW,-2.7865253782,0.0000113575,513.0458731009,513.0517000000,513.1071160055,513.0700000000,512.9673860000,513.2700000000,513.3726540000,38,,,,,CONVERGENCE,8,-7.6000000000,7.8001840000,0.2660000000,8.0661840000,-15.6661840000
reverse_convergence,2024-11-11 15:56:00-05:00,2024-11-11 15:57:00-05:00,2024-11-11 15:59:00-05:00,LONG,HIGH,2.5986329050,0.0019724229,512.2596074420,513.2700000000,513.1356626729,513.2800000000,513.3826560000,513.8300000000,513.7272340000,38,,,,,FORCED_EOD,2,20.9000000000,7.8060360000,0.2660000000,8.0720360000,12.8279640000
reverse_convergence,2024-11-13 11:01:00-05:00,2024-11-13 11:02:00-05:00,2024-11-13 15:30:00-05:00,SHORT,LOW,-2.5192012807,-0.0008954117,511.6486361974,511.1905000000,511.6112320573,511.1800000000,511.0777640000,512.8200000000,512.9225640000,39,,,,,CONVERGENCE,268,-63.9600000000,7.9872000000,0.2730000000,8.2602000000,-72.2202000000
reverse_convergence,2024-11-14 12:50:00-05:00,2024-11-14 12:51:00-05:00,2024-11-14 12:52:00-05:00,LONG,HIGH,3.1332337925,-0.0012996833,510.4934798506,509.8300000000,510.8775917202,509.8201000000,509.9220640200,509.6600000000,509.5580680000,39,,,,,CONVERGENCE,1,-6.2439000000,7.9519447800,0.2730000000,8.2249447800,-14.4688447800
reverse_convergence,2024-11-15 15:03:00-05:00,2024-11-15 15:04:00-05:00,2024-11-15 15:05:00-05:00,SHORT,LOW,-2.6867948021,0.0013775181,495.3576358959,496.0400000000,498.0359653060,496.0400000000,495.9407920000,496.3000000000,496.3992600000,40,,,,,CONVERGENCE,1,-10.4000000000,7.9387200000,0.2800000000,8.2187200000,-18.6187200000
reverse_convergence,2024-11-18 13:02:00-05:00,2024-11-18 13:03:00-05:00,2024-11-18 13:04:00-05:00,SHORT,LOW,-2.0643632900,0.0001955964,500.5021035995,500.6000000000,499.7311088321,500.6100000000,500.5098780000,500.6400000000,500.7401280000,39,,,,,CONVERGENCE,1,-1.1700000000,7.8097500000,0.2730000000,8.0827500000,-9.2527500000
reverse_convergence,2024-11-18 15:14:00-05:00,2024-11-18 15:15:00-05:00,2024-11-18 15:52:00-05:00,SHORT,LOW,-1.4741471505,-0.0016596564,501.0415568376,500.2100000000,499.7963372287,500.2000000000,500.0999600000,499.8900000000,499.9899780000,39,,,,,CONVERGENCE,37,12.0900000000,7.8007020000,0.2730000000,8.0737020000,4.0162980000
reverse_convergence,2024-11-19 10:52:00-05:00,2024-11-19 10:53:00-05:00,2024-11-19 15:59:00-05:00,SHORT,LOW,-2.8070524844,-0.0021620747,501.6345714032,500.5500000000,498.5855130411,500.5499000000,500.4497900200,503.3900000000,503.4906780000,39,,,,,FORCED_EOD,306,-110.7639000000,7.8307312200,0.2730000000,8.1037312200,-118.8676312200
reverse_convergence,2024-11-21 13:34:00-05:00,2024-11-21 13:35:00-05:00,2024-11-21 13:36:00-05:00,SHORT,LOW,-2.6295843698,0.0029457584,504.3443234736,505.8300000000,502.0874070705,505.8600000000,505.7588280000,505.9200000000,506.0211840000,39,,,,,CONVERGENCE,1,-2.3400000000,7.8918840000,0.2730000000,8.1648840000,-10.5048840000
reverse_convergence,2024-11-22 11:47:00-05:00,2024-11-22 11:48:00-05:00,2024-11-22 15:59:00-05:00,LONG,HIGH,2.1418285527,0.0034708510,502.4560499296,504.2000000000,504.6314036333,504.2300000000,504.3308460000,505.7700000000,505.6688460000,39,,,,,FORCED_EOD,251,60.0600000000,7.8780000000,0.2730000000,8.1510000000,51.9090000000
reverse_convergence,2024-11-25 10:38:00-05:00,2024-11-25 10:39:00-05:00,2024-11-25 10:40:00-05:00,SHORT,LOW,-2.7022367899,0.0013113344,506.6955526802,507.3600000000,508.5649225385,507.3400000000,507.2385320000,507.0500000000,507.1514100000,39,,,,,CONVERGENCE,1,11.3100000000,7.9122420000,0.2730000000,8.1852420000,3.1247580000
reverse_convergence,2024-11-25 14:09:00-05:00,2024-11-25 14:10:00-05:00,2024-11-25 14:16:00-05:00,SHORT,LOW,-2.5047445430,0.0001507215,506.1638102538,506.2401000000,507.5064053302,506.2300000000,506.1287540000,506.2925000000,506.3937585000,39,,,,,CONVERGENCE,6,-2.4375000000,7.8976755000,0.2730000000,8.1706755000,-10.6081755000
reverse_convergence,2024-11-25 15:51:00-05:00,2024-11-25 15:52:00-05:00,2024-11-25 15:59:00-05:00,SHORT,LOW,-3.3486254388,-0.0015916765,507.1171664911,506.3100000000,507.2762208076,506.3300000000,506.2287340000,506.5700000000,506.6713140000,39,,,,,FORCED_EOD,7,-9.3600000000,7.9006200000,0.2730000000,8.1736200000,-17.5336200000
reverse_convergence,2024-11-26 15:51:00-05:00,2024-11-26 15:52:00-05:00,2024-11-26 15:53:00-05:00,LONG,HIGH,3.1065430452,-0.0017025947,510.0267688597,509.1584000000,508.5131630266,509.1400000000,509.2418280000,509.3100000000,509.2081380000,39,,,,,CONVERGENCE,1,6.6300000000,7.9439100000,0.2730000000,8.2169100000,-1.5869100000
reverse_convergence,2024-11-27 11:18:00-05:00,2024-11-27 11:19:00-05:00,2024-11-27 11:20:00-05:00,LONG,HIGH,2.4539541072,-0.0002244036,503.1028980887,502.9900000000,505.1557326512,502.9850000000,503.0855970000,502.9600000000,502.8594080000,39,,,,,CONVERGENCE,1,-0.9750000000,7.8463710000,0.2730000000,8.1193710000,-9.0943710000
reverse_convergence,2024-11-27 15:04:00-05:00,2024-11-27 15:05:00-05:00,2024-11-27 15:59:00-05:00,SHORT,LOW,-3.1844535358,-0.0020341528,506.5453907335,505.5150000000,504.5298364041,505.5200000000,505.4188960000,505.2800000000,505.3810560000,39,,,,,FORCED_EOD,54,9.3600000000,7.8842400000,0.2730000000,8.1572400000,1.2027600000
reverse_convergence,2024-12-02 12:13:00-05:00,2024-12-02 12:14:00-05:00,2024-12-02 15:59:00-05:00,LONG,HIGH,2.4974959450,0.0026185077,514.6523787820,516.0000000000,513.9846117670,515.9900000000,516.0931980000,515.3000000000,515.1969400000,38,,,,,FORCED_EOD,225,-26.2200000000,7.8378040000,0.2660000000,8.1038040000,-34.3238040000
reverse_convergence,2024-12-03 15:32:00-05:00,2024-12-03 15:33:00-05:00,2024-12-03 15:59:00-05:00,SHORT,LOW,-2.5816411201,-0.0019101244,517.2079314818,516.2200000000,515.2973974684,516.2000000000,516.0967600000,516.9100000000,517.0133820000,38,,,,,FORCED_EOD,26,-26.9800000000,7.8516360000,0.2660000000,8.1176360000,-35.0976360000
reverse_convergence,2024-12-04 14:03:00-05:00,2024-12-04 14:04:00-05:00,2024-12-04 15:54:00-05:00,SHORT,LOW,-2.5900307619,-0.0016308354,522.8224373574,521.9698000000,521.2033057342,521.9150000000,521.8106170000,523.1700000000,523.2746340000,38,,,,,CONVERGENCE,110,-47.6900000000,7.9426460000,0.2660000000,8.2086460000,-55.8986460000
reverse_convergence,2024-12-05 12:15:00-05:00,2024-12-05 12:16:00-05:00,2024-12-05 15:59:00-05:00,SHORT,LOW,-2.1870402895,-0.0042385571,526.0296065000,523.8000000000,522.9872888325,523.8000000000,523.6952400000,521.8000000000,521.9043600000,38,,,,,FORCED_EOD,223,76.0000000000,7.9465600000,0.2660000000,8.2125600000,67.7874400000
reverse_convergence,2024-12-06 13:41:00-05:00,2024-12-06 13:42:00-05:00,2024-12-06 13:43:00-05:00,SHORT,LOW,-2.2632334740,0.0028381977,524.7905407091,526.2800000000,525.3635597189,526.2800000000,526.1747440000,526.1400000000,526.2452280000,38,,,,,CONVERGENCE,1,5.3200000000,7.9983920000,0.2660000000,8.2643920000,-2.9443920000
reverse_convergence,2024-12-06 15:54:00-05:00,2024-12-06 15:55:00-05:00,2024-12-06 15:59:00-05:00,LONG,HIGH,2.1977576617,0.0025006070,525.0071634136,526.3200000000,525.5986170908,526.3000000000,526.4052600000,526.5100000000,526.4046980000,37,,,,,FORCED_EOD,4,7.7700000000,7.7907940000,0.2590000000,8.0497940000,-0.2797940000
reverse_convergence,2024-12-12 13:09:00-05:00,2024-12-12 13:10:00-05:00,2024-12-12 15:59:00-05:00,SHORT,LOW,-2.6995724979,-0.0037621586,530.4556582947,528.4600000000,527.7458737111,528.4601000000,528.3544079800,526.5000000000,526.6053000000,37,,,,,FORCED_EOD,169,72.5237000000,7.8067047400,0.2590000000,8.0657047400,64.4579952600
reverse_convergence,2024-12-17 12:30:00-05:00,2024-12-17 12:31:00-05:00,2024-12-17 15:59:00-05:00,SHORT,LOW,-1.9367840215,-0.0067080302,539.7405962317,536.1200000000,535.7792940050,536.0500000000,535.9427900000,535.8500000000,535.9571700000,37,,,,,FORCED_EOD,208,7.4000000000,7.9320600000,0.2590000000,8.1910600000,-0.7910600000
reverse_convergence,2024-12-18 15:40:00-05:00,2024-12-18 15:41:00-05:00,2024-12-18 15:59:00-05:00,LONG,HIGH,2.8725864690,0.0034284130,515.2734298517,517.0400000000,528.8480709127,517.0200000000,517.1234040000,516.5300000000,516.4266940000,38,,,,,FORCED_EOD,18,-18.6200000000,7.8549800000,0.2660000000,8.1209800000,-26.7409800000
reverse_convergence,2024-12-19 11:20:00-05:00,2024-12-19 11:21:00-05:00,2024-12-19 15:59:00-05:00,SHORT,LOW,-2.8284754733,-0.0057995403,520.8607529049,517.8400000000,518.6452680473,517.7700000000,517.6664460000,514.1700000000,514.2728340000,38,,,,,FORCED_EOD,278,136.8000000000,7.8427440000,0.2660000000,8.1087440000,128.6912560000
reverse_convergence,2024-12-20 11:11:00-05:00,2024-12-20 11:12:00-05:00,2024-12-20 15:59:00-05:00,SHORT,LOW,-3.5521301810,-0.0085572785,524.7302630193,520.2400000000,516.3241341964,520.2400000000,520.1359520000,518.8200000000,518.9237640000,38,,,,,FORCED_EOD,287,53.9600000000,7.8968560000,0.2660000000,8.1628560000,45.7971440000
reverse_convergence,2024-12-23 13:04:00-05:00,2024-12-23 13:05:00-05:00,2024-12-23 15:56:00-05:00,LONG,HIGH,2.5804484190,0.0017103144,520.8292182665,521.7200000000,519.4573471114,521.6850000000,521.7893370000,523.0400000000,522.9353920000,38,,,,,CONVERGENCE,171,51.4900000000,7.9399100000,0.2660000000,8.2059100000,43.2840900000
reverse_convergence,2024-12-24 12:37:00-05:00,2024-12-24 12:38:00-05:00,2024-12-24 12:59:00-05:00,LONG,HIGH,2.7047698273,0.0027149528,526.9992220012,528.4300000000,527.3688710507,528.4500000000,528.5556900000,530.0200000000,529.9139960000,37,,,,,FORCED_EOD,21,58.0900000000,7.8326780000,0.2590000000,8.0916780000,49.9983220000
reverse_convergence,2024-12-26 15:29:00-05:00,2024-12-26 15:30:00-05:00,2024-12-26 15:41:00-05:00,LONG,HIGH,2.4205150910,0.0000920198,530.5711769610,530.6200000000,529.4739638527,530.6200000000,530.7261240000,530.6050000000,530.4988790000,37,,,,,CONVERGENCE,11,-0.5550000000,7.8530650000,0.2590000000,8.1120650000,-8.6670650000
reverse_convergence,2024-12-30 15:56:00-05:00,2024-12-30 15:57:00-05:00,2024-12-30 15:58:00-05:00,LONG,HIGH,2.6476286928,-0.0006460581,516.5937495993,516.2600000000,516.1965459453,516.2900000000,516.3932580000,516.3700000000,516.2667260000,38,,,,,CONVERGENCE,1,3.0400000000,7.8482160000,0.2660000000,8.1142160000,-5.0742160000
reverse_convergence,2024-12-31 10:31:00-05:00,2024-12-31 10:32:00-05:00,2024-12-31 10:37:00-05:00,SHORT,LOW,-2.1817120904,-0.0003932283,516.4730918436,516.2700000000,516.0160006683,516.3020000000,516.1987396000,515.5000000000,515.6031000000,38,,,,,CONVERGENCE,5,30.4760000000,7.8416952000,0.2660000000,8.1076952000,22.3683048000
reverse_convergence,2024-12-31 15:52:00-05:00,2024-12-31 15:53:00-05:00,2024-12-31 15:59:00-05:00,LONG,HIGH,2.7466725510,0.0012369663,511.1975658518,511.8299000000,513.2221543976,511.8000000000,511.9023600000,511.2100000000,511.1077580000,39,,,,,FORCED_EOD,6,-23.0100000000,7.9794780000,0.2730000000,8.2524780000,-31.2624780000
reverse_convergence,2025-01-02 14:49:00-05:00,2025-01-02 14:50:00-05:00,2025-01-02 14:51:00-05:00,SHORT,LOW,-2.3327685088,0.0007909248,508.5343875556,508.9366000000,510.8526411069,508.9600000000,508.8582080000,508.8600000000,508.9617720000,39,,,,,CONVERGENCE,1,3.9000000000,7.9389960000,0.2730000000,8.2119960000,-4.3119960000
reverse_convergence,2025-01-02 15:55:00-05:00,2025-01-02 15:56:00-05:00,2025-01-02 15:59:00-05:00,SHORT,LOW,-1.6375465083,-0.0004629526,510.4481133053,510.2118000000,510.6425178735,510.1900000000,510.0879620000,510.1700000000,510.2720340000,39,,,,,FORCED_EOD,3,0.7800000000,7.9588080000,0.2730000000,8.2318080000,-7.4518080000
reverse_convergence,2025-01-03 13:49:00-05:00,2025-01-03 13:50:00-05:00,2025-01-03 15:59:00-05:00,LONG,HIGH,2.7185771410,0.0021271777,517.6588476405,518.7600000000,515.9237873136,518.7550000000,518.8587510000,518.6100000000,518.5062780000,38,,,,,CONVERGENCE,129,-5.5100000000,7.8839740000,0.2660000000,8.1499740000,-13.6599740000
reverse_convergence,2025-01-06 12:53:00-05:00,2025-01-06 12:54:00-05:00,2025-01-06 12:55:00-05:00,LONG,HIGH,1.6924473226,-0.0014900688,526.0238116836,525.2400000000,526.3704383706,525.2400000000,525.3450480000,525.5400000000,525.4348920000,38,,,,,CONVERGENCE,1,11.4000000000,7.9859280000,0.2660000000,8.2519280000,3.1480720000
reverse_convergence,2025-01-06 14:12:00-05:00,2025-01-06 14:13:00-05:00,2025-01-06 14:23:00-05:00,LONG,HIGH,2.1192796029,0.0001632153,523.4045723439,523.4900000000,525.7991909179,523.4800000000,523.5846960000,523.5400000000,523.4352920000,38,,,,,CONVERGENCE,10,2.2800000000,7.9573520000,0.2660000000,8.2233520000,-5.9433520000
reverse_convergence,2025-01-06 15:02:00-05:00,2025-01-06 15:03:00-05:00,2025-01-06 15:07:00-05:00,LONG,HIGH,2.2046330719,0.0001548157,522.4591151186,522.5400000000,525.4969935597,522.5350000000,522.6395070000,522.9500000000,522.8454100000,38,,,,,CONVERGENCE,4,15.7700000000,7.9456860000,0.2660000000,8.2116860000,7.5583140000
reverse_convergence,2025-01-06 15:48:00-05:00,2025-01-06 15:49:00-05:00,2025-01-06 15:59:00-05:00,LONG,HIGH,2.5809037961,0.0017491271,522.3562325548,523.2699000000,525.2503039777,523.2300000000,523.3346460000,524.5200000000,524.4150960000,38,,,,,FORCED_EOD,10,49.0200000000,7.9629000000,0.2660000000,8.2289000000,40.7911000000
reverse_convergence,2025-01-07 13:36:00-05:00,2025-01-07 13:37:00-05:00,2025-01-07 15:59:00-05:00,LONG,HIGH,1.5424658840,0.0046267128,515.5845384370,517.9700000000,519.7272698259,517.9700000000,518.0735940000,515.1500000000,515.0469700000,38,,,,,FORCED_EOD,142,-107.1600000000,7.8517120000,0.2660000000,8.1177120000,-115.2777120000
reverse_convergence,2025-01-10 10:16:00-05:00,2025-01-10 10:17:00-05:00,2025-01-10 10:18:00-05:00,SHORT,LOW,-2.3448637781,0.0008756862,504.4482616210,504.8900000000,507.7596299933,504.8600000000,504.7590280000,505.1100000000,505.2110220000,39,,,,,CONVERGENCE,1,-9.7500000000,7.8777660000,0.2730000000,8.1507660000,-17.9007660000
reverse_convergence,2025-01-13 15:00:00-05:00,2025-01-13 15:01:00-05:00,2025-01-13 15:59:00-05:00,SHORT,LOW,-2.5777216500,-0.0016087430,505.0224513085,504.2100000000,502.3228963138,504.0800000000,503.9791840000,505.6000000000,505.7011200000,39,,,,,FORCED_EOD,58,-59.2800000000,7.8755040000,0.2730000000,8.1485040000,-67.4285040000
reverse_convergence,2025-01-14 15:58:00-05:00,2025-01-14 15:59:00-05:00,2025-01-14 15:59:00-05:00,SHORT,LOW,-2.7365018471,0.0023944586,503.1651917850,504.3700000000,505.3800175066,504.3700000000,504.2691260000,505.1000000000,505.2010200000,39,,,,,FORCED_EOD,0,-28.4700000000,7.8738660000,0.2730000000,8.1468660000,-36.6168660000
reverse_convergence,2025-01-15 15:56:00-05:00,2025-01-15 15:57:00-05:00,2025-01-15 15:59:00-05:00,SHORT,LOW,-1.9265554175,-0.0028140754,518.0377974446,516.5800000000,515.4894105324,516.5800000000,516.4766840000,516.5300000000,516.6333060000,38,,,,,FORCED_EOD,2,1.9000000000,7.8516360000,0.2660000000,8.1176360000,-6.2176360000
reverse_convergence,2025-01-16 11:26:00-05:00,2025-01-16 11:27:00-05:00,2025-01-16 15:59:00-05:00,LONG,HIGH,2.2171184983,0.0065206365,513.6804763483,517.0300000000,516.8799307449,517.0500000000,517.1534100000,513.0700000000,512.9673860000,38,,,,,FORCED_EOD,272,-151.2400000000,7.8289120000,0.2660000000,8.0949120000,-159.3349120000
reverse_convergence,2025-01-17 14:07:00-05:00,2025-01-17 14:08:00-05:00,2025-01-17 15:59:00-05:00,LONG,HIGH,2.3248824478,0.0035356174,520.3602053904,522.2000000000,521.3864042212,522.1800000000,522.2844360000,521.7600000000,521.6556480000,38,,,,,FORCED_EOD,111,-15.9600000000,7.9339440000,0.2660000000,8.1999440000,-24.1599440000
reverse_convergence,2025-01-21 13:17:00-05:00,2025-01-21 13:18:00-05:00,2025-01-21 13:34:00-05:00,SHORT,LOW,-2.2524240672,-0.0007655225,526.2354450927,525.8326000000,523.0094161258,525.8200000000,525.7148360000,525.5700000000,525.6751140000,38,,,,,CONVERGENCE,16,9.5000000000,7.9905640000,0.2660000000,8.2565640000,1.2434360000
reverse_convergence,2025-01-21 14:26:00-05:00,2025-01-21 14:27:00-05:00,2025-01-21 14:43:00-05:00,SHORT,LOW,-2.8072853573,-0.0006073646,525.6392546903,525.3200000000,523.3033134109,525.2500000000,525.1449500000,524.5905000000,524.6954181000,38,,,,,CONVERGENCE,16,25.0610000000,7.9787878000,0.2660000000,8.2447878000,16.8162122000
reverse_convergence,2025-01-22 15:55:00-05:00,2025-01-22 15:56:00-05:00,2025-01-22 15:59:00-05:00,SHORT,LOW,-3.3798414826,-0.0064376895,535.3060340604,531.8599000000,531.9180345352,531.8600000000,531.7536280000,531.5100000000,531.6163020000,37,,,,,FORCED_EOD,3,12.9500000000,7.8689380000,0.2590000000,8.1279380000,4.8220620000
reverse_convergence,2025-01-24 10:11:00-05:00,2025-01-24 10:12:00-05:00,2025-01-24 15:59:00-05:00,LONG,HIGH,2.2514223162,0.0019939871,531.3704541787,532.4300000000,532.8116118547,532.4900000000,532.5964980000,529.6400000000,529.5340720000,37,,,,,FORCED_EOD,347,-105.4500000000,7.8597620000,0.2590000000,8.1187620000,-113.5687620000
reverse_convergence,2025-01-27 11:29:00-05:00,2025-01-27 11:30:00-05:00,2025-01-27 11:52:00-05:00,LONG,HIGH,2.6210496285,0.0041441064,510.8479915795,512.9650000000,514.8378057691,512.9400000000,513.0425880000,513.7999000000,513.6971400200,38,,,,,CONVERGENCE,22,32.6762000000,7.8032232400,0.2660000000,8.0692232400,24.6069767600
reverse_convergence,2025-01-27 13:36:00-05:00,2025-01-27 13:37:00-05:00,2025-01-27 15:54:00-05:00,SHORT,LOW,-2.6916732858,-0.0047718084,515.0477089942,512.5900000000,514.1606197046,512.5900000000,512.4874820000,512.3550000000,512.4574710000,39,,,,,CONVERGENCE,137,9.1650000000,7.9945710000,0.2730000000,8.2675710000,0.8974290000
reverse_convergence,2025-01-28 14:18:00-05:00,2025-01-28 14:19:00-05:00,2025-01-28 15:59:00-05:00,SHORT,LOW,-2.4204831271,-0.0096015837,526.1424002734,521.0906000000,517.8744232494,521.1100000000,521.0057780000,521.8600000000,521.9643720000,38,,,,,FORCED_EOD,100,-28.5000000000,7.9265720000,0.2660000000,8.1925720000,-36.6925720000
reverse_convergence,2025-01-29 13:02:00-05:00,2025-01-29 13:03:00-05:00,2025-01-29 15:26:00-05:00,LONG,HIGH,3.7359486494,0.0031682974,516.2742894863,517.9100000000,520.4648478269,517.8800000000,517.9835760000,522.0300000000,521.9255940000,38,,,,,CONVERGENCE,143,157.7000000000,7.9033160000,0.2660000000,8.1693160000,149.5306840000
reverse_convergence,2025-01-29 15:55:00-05:00,2025-01-29 15:56:00-05:00,2025-01-29 15:59:00-05:00,SHORT,LOW,-3.4082066115,-0.0017352150,521.8154620290,520.9100000000,520.0952351677,520.8400000000,520.7358320000,520.7800000000,520.8841560000,38,,,,,FORCED_EOD,3,2.2800000000,7.9163120000,0.2660000000,8.1823120000,-5.9023120000
reverse_convergence,2025-02-03 12:50:00-05:00,2025-02-03 12:51:00-05:00,2025-02-03 12:52:00-05:00,SHORT,LOW,-2.2409809133,0.0022582525,516.6532664552,517.8200000000,515.9868164564,517.8300000000,517.7264340000,517.9700000000,518.0735940000,38,,,,,CONVERGENCE,1,-5.3200000000,7.8720800000,0.2660000000,8.1380800000,-13.4580800000
reverse_convergence,2025-02-03 15:51:00-05:00,2025-02-03 15:52:00-05:00,2025-02-03 15:59:00-05:00,LONG,HIGH,2.9937181123,0.0009453432,518.2001230137,518.6900000000,516.9441514030,518.6300000000,518.7337260000,518.1450000000,518.0413710000,38,,,,,FORCED_EOD,7,-18.4300000000,7.8794900000,0.2660000000,8.1454900000,-26.5754900000
reverse_convergence,2025-02-04 11:13:00-05:00,2025-02-04 11:14:00-05:00,2025-02-04 11:20:00-05:00,LONG,HIGH,2.6694936553,0.0000214576,524.1586528145,524.1699000000,522.2373632264,524.1600000000,524.2648320000,524.1100000000,524.0051780000,38,,,,,CONVERGENCE,6,-1.9000000000,7.9668520000,0.2660000000,8.2328520000,-10.1328520000
reverse_convergence,2025-02-05 10:50:00-05:00,2025-02-05 10:51:00-05:00,2025-02-05 11:03:00-05:00,LONG,HIGH,1.9508140896,0.0019149135,521.4584521719,522.4570000000,521.9189436160,522.4856000000,522.5900971200,522.9400000000,522.8354120000,38,,,,,CONVERGENCE,12,17.2672000000,7.9452345600,0.2660000000,8.2112345600,9.0559654400
reverse_convergence,2025-02-05 12:32:00-05:00,2025-02-05 12:33:00-05:00,2025-02-05 14:59:00-05:00,LONG,HIGH,2.5162691572,0.0009244195,524.9946846815,525.4800000000,522.8836384767,525.5100000000,525.6151020000,525.6050000000,525.4998790000,38,,,,,CONVERGENCE,146,3.6100000000,7.9884740000,0.2660000000,8.2544740000,-4.6444740000
reverse_convergence,2025-02-05 15:38:00-05:00,2025-02-05 15:39:00-05:00,2025-02-05 15:55:00-05:00,LONG,HIGH,2.9693489740,0.0009571663,525.4270789160,525.9300000000,523.6852661721,525.9100000000,526.0151820000,525.9400000000,525.8348120000,38,,,,,CONVERGENCE,16,1.1400000000,7.9940600000,0.2660000000,8.2600600000,-7.1200600000
reverse_convergence,2025-02-06 14:34:00-05:00,2025-02-06 14:35:00-05:00,2025-02-06 14:36:00-05:00,LONG,HIGH,2.5596934974,-0.0016143677,527.0808022064,526.2299000000,527.6095464486,526.2050000000,526.3102410000,526.3700000000,526.2647260000,38,,,,,CONVERGENCE,1,6.2700000000,7.9995700000,0.2660000000,8.2655700000,-1.9955700000
reverse_convergence,2025-02-07 11:48:00-05:00,2025-02-07 11:49:00-05:00,2025-02-07 15:20:00-05:00,LONG,HIGH,1.7669028648,0.0024625083,523.0080882464,524.2960000000,527.3854123304,524.3800000000,524.4848760000,522.8300000000,522.7254340000,38,,,,,CONVERGENCE,211,-58.9000000000,7.9587960000,0.2660000000,8.2247960000,-67.1247960000
reverse_convergence,2025-02-10 15:51:00-05:00,2025-02-10 15:52:00-05:00,2025-02-10 15:59:00-05:00,LONG,HIGH,2.0444814955,0.0020098000,528.1585070210,529.2200000000,529.0544973534,529.2300000000,529.3358460000,529.2150000000,529.1091570000,37,,,,,FORCED_EOD,7,-0.5550000000,7.8324930000,0.2590000000,8.0914930000,-8.6464930000
reverse_convergence,2025-02-11 11:02:00-05:00,2025-02-11 11:03:00-05:00,2025-02-11 11:04:00-05:00,LONG,HIGH,2.0919309543,-0.0012393580,529.7265207930,529.0700000000,528.2558179367,529.0800000000,529.1858160000,529.2499000000,529.1440500200,37,,,,,CONVERGENCE,1,6.2863000000,7.8316412600,0.2590000000,8.0906412600,-1.8043412600
reverse_convergence,2025-02-11 14:24:00-05:00,2025-02-11 14:25:00-05:00,2025-02-11 14:33:00-05:00,LONG,HIGH,2.7201802402,-0.0000934806,528.3193876363,528.2700000000,528.1094925584,528.2600000000,528.3656520000,528.2100000000,528.1043580000,37,,,,,CONVERGENCE,8,-1.8500000000,7.8178780000,0.2590000000,8.0768780000,-9.9268780000
reverse_convergence,2025-02-11 15:56:00-05:00,2025-02-11 15:57:00-05:00,2025-02-11 15:58:00-05:00,LONG,HIGH,2.1679983307,-0.0003283020,527.7332558990,527.5600000000,528.1354947660,527.5500000000,527.6555100000,527.6200000000,527.5144760000,37,,,,,CONVERGENCE,1,2.5900000000,7.8082580000,0.2590000000,8.0672580000,-5.4772580000
reverse_convergence,2025-02-13 10:23:00-05:00,2025-02-13 10:24:00-05:00,2025-02-13 15:34:00-05:00,SHORT,LOW,-2.3860446558,-0.0013133486,533.5407249739,532.8400000000,531.1618545916,532.8500000000,532.7434300000,534.7700000000,534.8769540000,37,,,,,CONVERGENCE,310,-71.0400000000,7.9003880000,0.2590000000,8.1593880000,-79.1993880000
reverse_convergence,2025-02-14 14:32:00-05:00,2025-02-14 14:33:00-05:00,2025-02-14 15:59:00-05:00,SHORT,LOW,-2.7676732052,-0.0011789479,538.1144088255,537.4800000000,536.8738421559,537.4800000000,537.3725040000,538.1200000000,538.2276240000,37,,,,,FORCED_EOD,86,-23.6800000000,7.9594400000,0.2590000000,8.2184400000,-31.8984400000
reverse_convergence,2025-02-19 11:16:00-05:00,2025-02-19 11:17:00-05:00,2025-02-19 11:36:00-05:00,SHORT,LOW,-1.1896951225,-0.0007191305,539.1797406194,538.7920000000,537.8238849878,538.7900000000,538.6822420000,538.8400000000,538.9477680000,37,,,,,CONVERGENCE,19,-1.8500000000,7.9744620000,0.2590000000,8.2334620000,-10.0834620000
reverse_convergence,2025-02-19 14:25:00-05:00,2025-02-19 14:26:00-05:00,2025-02-19 15:59:00-05:00,SHORT,LOW,-2.3714200693,-0.0020376206,541.0023575487,539.9000000000,538.5752153644,539.9100000000,539.8020180000,539.5600000000,539.6679120000,37,,,,,FORCED_EOD,93,12.9500000000,7.9880780000,0.2590000000,8.2470780000,4.7029220000
reverse_convergence,2025-02-20 10:36:00-05:00,2025-02-20 10:37:00-05:00,2025-02-20 10:47:00-05:00,SHORT,LOW,-2.1066921530,-0.0001277479,535.1833685667,535.1150000000,535.5640550481,535.1900000000,535.0829620000,534.5700000000,534.6769140000,37,,,,,CONVERGENCE,10,22.9400000000,7.9162240000,0.2590000000,8.1752240000,14.7647760000
reverse_convergence,2025-02-21 12:05:00-05:00,2025-02-21 12:06:00-05:00,2025-02-21 14:30:00-05:00,SHORT,LOW,-2.6788655931,-0.0003747712,533.8700791551,533.6700000000,534.4219876781,533.6400000000,533.5332720000,526.0900000000,526.1952180000,37,,,,,CONVERGENCE,144,279.3500000000,7.8420020000,0.2590000000,8.1010020000,271.2489980000
reverse_convergence,2025-02-25 15:06:00-05:00,2025-02-25 15:07:00-05:00,2025-02-25 15:59:00-05:00,SHORT,LOW,-2.3478814604,-0.0022059971,515.9982907178,514.8600000000,513.7268873636,514.7900000000,514.6870420000,513.2900000000,513.3926580000,38,,,,,FORCED_EOD,52,57.0000000000,7.8134080000,0.2660000000,8.0794080000,48.9205920000
reverse_convergence,2025-02-27 11:13:00-05:00,2025-02-27 11:14:00-05:00,2025-02-27 11:15:00-05:00,SHORT,LOW,-2.3286012719,0.0044108269,510.1099931113,512.3600000000,511.8318704206,512.3700000000,512.2675260000,512.7550000000,512.8575510000,39,,,,,CONVERGENCE,1,-15.0150000000,7.9959750000,0.2730000000,8.2689750000,-23.2839750000
reverse_convergence,2025-02-27 13:04:00-05:00,2025-02-27 13:05:00-05:00,2025-02-27 13:06:00-05:00,SHORT,LOW,-2.7666842523,0.0030443686,509.5189365571,511.0701000000,511.6200942464,511.0800000000,510.9777840000,511.0400000000,511.1422080000,39,,,,,CONVERGENCE,1,1.5600000000,7.9725360000,0.2730000000,8.2455360000,-6.6855360000
reverse_convergence,2025-02-27 14:28:00-05:00,2025-02-27 14:29:00-05:00,2025-02-27 15:59:00-05:00,LONG,HIGH,2.7919377064,0.0059301492,504.8163636654,507.8100000000,511.5349910925,507.7800000000,507.8815560000,500.3300000000,500.2299340000,39,,,,,FORCED_EOD,90,-290.5500000000,7.8632580000,0.2730000000,8.1362580000,-298.6862580000
reverse_convergence,2025-02-28 11:13:00-05:00,2025-02-28 11:14:00-05:00,2025-02-28 11:15:00-05:00,LONG,HIGH,1.8402783401,-0.0032910095,504.5805794958,502.9200000000,501.2538095238,502.9500000000,503.0505900000,502.9100000000,502.8094180000,39,,,,,CONVERGENCE,1,-1.5600000000,7.8457080000,0.2730000000,8.1187080000,-9.6787080000
reverse_convergence,2025-02-28 13:00:00-05:00,2025-02-28 13:01:00-05:00,2025-02-28 13:02:00-05:00,LONG,HIGH,1.0825484442,-0.0022025208,500.6025875980,499.5000000000,501.4156752618,499.5300000000,499.6299060000,499.4600000000,499.3601080000,40,,,,,CONVERGENCE,1,-2.8000000000,7.9919200000,0.2800000000,8.2719200000,-11.0719200000
reverse_convergence,2025-02-28 15:41:00-05:00,2025-02-28 15:42:00-05:00,2025-02-28 15:59:00-05:00,SHORT,LOW,-2.6956750396,-0.0030199659,505.7272791588,504.2000000000,501.3497126853,504.3200000000,504.2191360000,508.2200000000,508.3216440000,39,,,,,FORCED_EOD,17,-152.1000000000,7.8978120000,0.2730000000,8.1708120000,-160.2708120000
reverse_convergence,2025-03-04 15:53:00-05:00,2025-03-04 15:54:00-05:00,2025-03-04 15:55:00-05:00,LONG,HIGH,1.7642227184,-0.0012201337,495.4945696393,494.8900000000,494.4819430280,494.8900000000,494.9889780000,495.3300000000,495.2309340000,40,,,,,CONVERGENCE,1,17.6000000000,7.9217600000,0.2800000000,8.2017600000,9.3982400000
reverse_convergence,2025-03-05 14:30:00-05:00,2025-03-05 14:31:00-05:00,2025-03-05 14:32:00-05:00,LONG,HIGH,2.3418774000,-0.0010546301,502.6300888289,502.1000000000,496.5032017064,502.1400000000,502.2404280000,501.8000000000,501.6996400000,39,,,,,CONVERGENCE,1,-13.2600000000,7.8307320000,0.2730000000,8.1037320000,-21.3637320000
reverse_convergence,2025-03-06 14:46:00-05:00,2025-03-06 14:47:00-05:00,2025-03-06 14:48:00-05:00,SHORT,LOW,-2.1897299899,0.0003440895,488.4069443164,488.5750000000,492.3557140231,488.5600000000,488.4622880000,488.5300000000,488.6277060000,40,,,,,CONVERGENCE,1,1.2000000000,7.8167200000,0.2800000000,8.0967200000,-6.8967200000
reverse_convergence,2025-03-07 11:39:00-05:00,2025-03-07 11:40:00-05:00,2025-03-07 15:59:00-05:00,LONG,HIGH,2.7040199606,0.0022252127,481.2191849370,482.2900000000,487.0369306150,482.1800000000,482.2764360000,491.8100000000,491.7116380000,41,,,,,FORCED_EOD,259,394.8300000000,7.9867180000,0.2870000000,8.2737180000,386.5562820000
reverse_convergence,2025-03-10 15:35:00-04:00,2025-03-10 15:36:00-04:00,2025-03-10 15:59:00-04:00,SHORT,LOW,-2.3477718108,-0.0021034585,475.8910170183,474.8900000000,475.6947847065,474.8900000000,474.7950220000,473.3000000000,473.3946600000,42,,,,,FORCED_EOD,23,66.7800000000,7.9647960000,0.2940000000,8.2587960000,58.5212040000
reverse_convergence,2025-03-11 13:10:00-04:00,2025-03-11 13:11:00-04:00,2025-03-11 13:12:00-04:00,SHORT,LOW,-2.5310413165,0.0001943123,469.3138065710,469.4050000000,472.4874708010,469.4200000000,469.3261160000,468.9800000000,469.0737960000,42,,,,,CONVERGENCE,1,18.4800000000,7.8825600000,0.2940000000,8.1765600000,10.3034400000
reverse_convergence,2025-03-11 14:51:00-04:00,2025-03-11 14:52:00-04:00,2025-03-11 15:59:00-04:00,SHORT,LOW,-2.6442427542,-0.0009209227,478.0902842111,477.6500000000,472.2886152329,477.6500000000,477.5544700000,471.6700000000,471.7643340000,41,,,,,FORCED_EOD,67,245.1800000000,7.7844240000,0.2870000000,8.0714240000,237.1085760000
reverse_convergence,2025-03-12 15:17:00-04:00,2025-03-12 15:18:00-04:00,2025-03-12 15:47:00-04:00,LONG,HIGH,2.6117153920,0.0021524148,476.5243219903,477.5500000000,477.2902734473,477.5800000000,477.6755160000,476.6405000000,476.5451719000,41,,,,,CONVERGENCE,29,-38.5195000000,7.8246081000,0.2870000000,8.1116081000,-46.6311081000
reverse_convergence,2025-03-13 15:42:00-04:00,2025-03-13 15:43:00-04:00,2025-03-13 15:59:00-04:00,LONG,HIGH,2.4743290940,0.0027797376,466.1343687704,467.4301000000,470.8651833036,467.4400000000,467.5334880000,468.3900000000,468.2963220000,42,,,,,FORCED_EOD,16,39.9000000000,7.8609720000,0.2940000000,8.1549720000,31.7450280000
reverse_convergence,2025-03-14 11:39:00-04:00,2025-03-14 11:40:00-04:00,2025-03-14 14:08:00-04:00,SHORT,LOW,-3.1483512171,-0.0028008381,480.3854819372,479.0400000000,475.9738204015,479.0600000000,478.9641880000,478.3600000000,478.4556720000,41,,,,,CONVERGENCE,148,28.7000000000,7.8508440000,0.2870000000,8.1378440000,20.5621560000
reverse_convergence,2025-03-14 14:09:00-04:00,2025-03-14 14:10:00-04:00,2025-03-14 14:51:00-04:00,LONG,HIGH,3.2946721606,0.0007484258,478.0622059155,478.4200000000,476.9673309077,478.3600000000,478.4556720000,479.3000000000,479.2041400000,41,,,,,CONVERGENCE,41,38.5400000000,7.8528120000,0.2870000000,8.1398120000,30.4001880000
reverse_convergence,2025-03-17 13:27:00-04:00,2025-03-17 13:28:00-04:00,2025-03-17 13:29:00-04:00,SHORT,LOW,-2.3974876937,0.0033752032,479.4916183587,481.1100000000,480.2467958591,481.1000000000,481.0037800000,480.9350000000,481.0311870000,41,,,,,CONVERGENCE,1,6.7650000000,7.8886870000,0.2870000000,8.1756870000,-1.4106870000
reverse_convergence,2025-03-17 14:18:00-04:00,2025-03-17 14:19:00-04:00,2025-03-17 14:20:00-04:00,SHORT,LOW,-2.5684872141,0.0004297259,484.2119215777,484.4200000000,480.9440811886,484.4000000000,484.3031200000,484.2800000000,484.3768560000,41,,,,,CONVERGENCE,1,4.9200000000,7.9431760000,0.2870000000,8.2301760000,-3.3101760000
reverse_convergence,2025-03-17 15:56:00-04:00,2025-03-17 15:57:00-04:00,2025-03-17 15:59:00-04:00,LONG,HIGH,1.9088243837,0.0012090774,482.4366966828,483.0200000000,482.2212237830,483.0000000000,483.0966000000,482.7300000000,482.6334540000,41,,,,,FORCED_EOD,2,-11.0700000000,7.9189860000,0.2870000000,8.2059860000,-19.2759860000
reverse_convergence,2025-03-19 12:11:00-04:00,2025-03-19 12:12:00-04:00,2025-03-19 15:59:00-04:00,LONG,HIGH,-1.3349577497,0.0016469387,478.9412131719,479.7300000000,478.0658243617,479.7200000000,479.8159440000,480.7900000000,480.6938420000,41,,,,,FORCED_EOD,227,43.8700000000,7.8761820000,0.2870000000,8.1631820000,35.7068180000
reverse_convergence,2025-03-20 11:00:00-04:00,2025-03-20 11:01:00-04:00,2025-03-20 11:02:00-04:00,LONG,HIGH,2.0165790968,-0.0010718616,483.1879105843,482.6700000000,481.5028214683,482.6200000000,482.7165240000,482.4600000000,482.3635080000,41,,,,,CONVERGENCE,1,-6.5600000000,7.9136560000,0.2870000000,8.2006560000,-14.7606560000
reverse_convergence,2025-03-20 12:44:00-04:00,2025-03-20 12:45:00-04:00,2025-03-20 15:56:00-04:00,LONG,HIGH,2.8321850064,0.0020979160,478.0870135900,479.0900000000,481.5042179956,479.0900000000,479.1858180000,479.7900000000,479.6940420000,41,,,,,CONVERGENCE,191,28.7000000000,7.8628160000,0.2870000000,8.1498160000,20.5501840000
reverse_convergence,2025-03-20 15:57:00-04:00,2025-03-20 15:58:00-04:00,2025-03-20 15:59:00-04:00,SHORT,LOW,-2.6205209463,-0.0000291312,479.6139717452,479.6000000000,480.2358157156,479.6100000000,479.5140780000,479.3700000000,479.4658740000,41,,,,,CONVERGENCE,1,9.8400000000,7.8636360000,0.2870000000,8.1506360000,1.6893640000
reverse_convergence,2025-03-21 14:52:00-04:00,2025-03-21 14:53:00-04:00,2025-03-21 15:39:00-04:00,SHORT,LOW,-2.5904241711,-0.0008425632,478.9835739494,478.5800000000,476.7188611426,478.5800000000,478.4842840000,478.7200000000,478.8157440000,41,,,,,CONVERGENCE,46,-5.7400000000,7.8498600000,0.2870000000,8.1368600000,-13.8768600000
reverse_convergence,2025-03-21 15:51:00-04:00,2025-03-21 15:52:00-04:00,2025-03-21 15:59:00-04:00,SHORT,LOW,-3.3451470009,-0.0019931924,480.5077443707,479.5500000000,476.9954315524,479.5600000000,479.4640880000,481.1200000000,481.2162240000,41,,,,,FORCED_EOD,7,-63.9600000000,7.8775760000,0.2870000000,8.1645760000,-72.1245760000
reverse_convergence,2025-03-24 10:10:00-04:00,2025-03-24 10:11:00-04:00,2025-03-24 10:44:00-04:00,LONG,HIGH,2.5255915991,0.0033166987,487.0346528068,488.6500000000,488.3678620130,488.6500000000,488.7477300000,489.7200000000,489.6220560000,40,,,,,CONVERGENCE,33,42.8000000000,7.8269600000,0.2800000000,8.1069600000,34.6930400000
reverse_convergence,2025-03-25 11:51:00-04:00,2025-03-25 11:52:00-04:00,2025-03-25 15:59:00-04:00,SHORT,LOW,-2.1041379670,-0.0017491926,493.5332847894,492.6700000000,492.1049208563,492.6400000000,492.5414720000,493.4500000000,493.5486900000,40,,,,,FORCED_EOD,247,-32.4000000000,7.8887200000,0.2800000000,8.1687200000,-40.5687200000
reverse_convergence,2025-03-26 15:55:00-04:00,2025-03-26 15:56:00-04:00,2025-03-26 15:57:00-04:00,SHORT,LOW,-2.5012968804,0.0020937157,483.5575679316,484.5700000000,486.5850011363,484.5800000000,484.4830840000,484.6000000000,484.6969200000,41,,,,,CONVERGENCE,1,-0.8200000000,7.9472760000,0.2870000000,8.2342760000,-9.0542760000
reverse_convergence,2025-03-27 15:55:00-04:00,2025-03-27 15:56:00-04:00,2025-03-27 15:57:00-04:00,LONG,HIGH,-0.9780844644,-0.0026103363,483.2614749524,482.0000000000,483.4008494307,482.0200000000,482.1164040000,481.9800000000,481.8836040000,41,,,,,CONVERGENCE,1,-1.6400000000,7.9048000000,0.2870000000,8.1918000000,-9.8318000000
reverse_convergence,2025-03-28 14:12:00-04:00,2025-03-28 14:13:00-04:00,2025-03-28 15:02:00-04:00,SHORT,LOW,-2.2942705153,-0.0003646803,470.1114403784,469.9400000000,473.0501042278,469.9300000000,469.8360140000,469.4300000000,469.5238860000,42,,,,,CONVERGENCE,49,21.0000000000,7.8906240000,0.2940000000,8.1846240000,12.8153760000
reverse_convergence,2025-03-28 15:50:00-04:00,2025-03-28 15:51:00-04:00,2025-03-28 15:55:00-04:00,LONG,HIGH,0.9769129272,0.0002189939,468.2374588642,468.3400000000,472.2314028878,468.3300000000,468.4236660000,469.2500000000,469.1561500000,42,,,,,CONVERGENCE,4,38.6400000000,7.8756720000,0.2940000000,8.1696720000,30.4703280000
reverse_convergence,2025-03-31 11:54:00-04:00,2025-03-31 11:55:00-04:00,2025-03-31 15:59:00-04:00,SHORT,LOW,-2.1982720599,-0.0008777775,464.2675235756,463.8600000000,460.7927025080,463.8500000000,463.7572300000,468.9300000000,469.0237860000,43,,,,,FORCED_EOD,244,-218.4400000000,8.0219080000,0.3010000000,8.3229080000,-226.7629080000
reverse_convergence,2025-04-01 11:22:00-04:00,2025-04-01 11:23:00-04:00,2025-04-01 15:59:00-04:00,SHORT,LOW,-2.3884504647,-0.0020881865,473.4085653777,472.4200000000,468.1023528879,472.4300000000,472.3355140000,472.6300000000,472.7245260000,42,,,,,FORCED_EOD,276,-8.4000000000,7.9385040000,0.2940000000,8.2325040000,-16.6325040000
reverse_convergence,2025-04-02 10:11:00-04:00,2025-04-02 10:12:00-04:00,2025-04-02 10:17:00-04:00,LONG,HIGH,2.7316396677,0.0006843506,470.2881580078,470.6100000000,470.1471148243,470.6500000000,470.7441300000,471.4300000000,471.3357140000,42,,,,,CONVERGENCE,5,32.7600000000,7.9134720000,0.2940000000,8.2074720000,24.5525280000
reverse_convergence,2025-04-02 12:53:00-04:00,2025-04-02 12:54:00-04:00,2025-04-02 13:32:00-04:00,SHORT,LOW,-2.7561084156,-0.0020266240,478.3995359956,477.4300000000,472.9210833091,477.4400000000,477.3445120000,477.6699000000,477.7654339800,41,,,,,CONVERGENCE,38,-9.4259000000,7.8319011800,0.2870000000,8.1189011800,-17.5448011800
reverse_convergence,2025-04-02 14:07:00-04:00,2025-04-02 14:08:00-04:00,2025-04-02 15:30:00-04:00,LONG,HIGH,2.3418312812,0.0011247800,474.2765432482,474.8100000000,473.9481797425,474.8300000000,474.9249660000,474.8200000000,474.7250360000,42,,,,,CONVERGENCE,82,-0.4200000000,7.9770600000,0.2940000000,8.2710600000,-8.6910600000
reverse_convergence,2025-04-02 15:55:00-04:00,2025-04-02 15:56:00-04:00,2025-04-02 15:59:00-04:00,LONG,HIGH,2.5232135858,0.0008615057,476.5594413463,476.9700000000,474.1803440149,476.9600000000,477.0553920000,476.1500000000,476.0547700000,41,,,,,FORCED_EOD,3,-33.2100000000,7.8155020000,0.2870000000,8.1025020000,-41.3125020000
reverse_convergence,2025-04-07 10:14:00-04:00,2025-04-07 10:15:00-04:00,2025-04-07 15:59:00-04:00,SHORT,LOW,-2.0934399743,-0.0114950180,438.5309208441,433.4900000000,414.6692557168,433.4900000000,433.4033020000,423.9500000000,424.0347900000,46,,,,,FORCED_EOD,344,438.8400000000,7.8884480000,0.3220000000,8.2104480000,430.6295520000
reverse_convergence,2025-04-08 12:39:00-04:00,2025-04-08 12:40:00-04:00,2025-04-08 15:59:00-04:00,LONG,HIGH,2.6639392607,0.0086899905,424.3325541432,428.0200000000,437.6156973263,428.0500000000,428.1356100000,416.2400000000,416.1567520000,46,,,,,FORCED_EOD,199,-543.2600000000,7.7674680000,0.3220000000,8.0894680000,-551.3494680000
reverse_convergence,2025-04-09 10:53:00-04:00,2025-04-09 10:54:00-04:00,2025-04-09 10:55:00-04:00,LONG,HIGH,2.4149205585,-0.0013828553,417.6675738170,417.0900000000,420.3554347925,417.1400000000,417.2234280000,417.1800000000,417.0965640000,47,,,,,CONVERGENCE,1,1.8800000000,7.8426080000,0.3290000000,8.1716080000,-6.2916080000
reverse_convergence,2025-04-09 13:21:00-04:00,2025-04-09 13:22:00-04:00,2025-04-09 14:42:00-04:00,SHORT,LOW,2.3015813063,-0.0014668373,439.1050957409,438.4610000000,422.1994527585,438.5300000000,438.4422940000,459.5200000000,459.6119040000,45,,,,,CONVERGENCE,80,-944.5500000000,8.0824500000,0.3150000000,8.3974500000,-952.9474500000
reverse_convergence,2025-04-09 15:23:00-04:00,2025-04-09 15:24:00-04:00,2025-04-09 15:59:00-04:00,SHORT,LOW,-2.9497262982,-0.0109409850,467.6262922316,462.5100000000,439.6114715505,462.5600000000,462.4674880000,465.1400000000,465.2330280000,43,,,,,FORCED_EOD,35,-110.9400000000,7.9782200000,0.3010000000,8.2792200000,-119.2192200000
reverse_convergence,2025-04-10 11:49:00-04:00,2025-04-10 11:50:00-04:00,2025-04-10 15:11:00-04:00,LONG,HIGH,2.7979577388,0.0010427324,443.0679986223,443.5300000000,450.4138815639,443.4800000000,443.5686960000,446.5700000000,446.4806860000,45,,,,,CONVERGENCE,201,139.0500000000,8.0104500000,0.3150000000,8.3254500000,130.7245500000
reverse_convergence,2025-04-11 11:10:00-04:00,2025-04-11 11:11:00-04:00,2025-04-11 15:12:00-04:00,SHORT,LOW,-2.1578534308,-0.0034710038,446.2589665720,444.7100000000,446.1315837238,444.6800000000,444.5910640000,454.6400000000,454.7309280000,44,,,,,CONVERGENCE,241,-438.2400000000,7.9140160000,0.3080000000,8.2220160000,-446.4620160000
reverse_convergence,2025-04-11 15:52:00-04:00,2025-04-11 15:53:00-04:00,2025-04-11 15:59:00-04:00,SHORT,LOW,-1.7792920271,-0.0006147336,454.4643745059,454.1850000000,449.7036722965,454.1700000000,454.0791660000,454.2400000000,454.3308480000,44,,,,,FORCED_EOD,6,-3.0800000000,7.9940080000,0.3080000000,8.3020080000,-11.3820080000
reverse_convergence,2025-04-15 15:49:00-04:00,2025-04-15 15:50:00-04:00,2025-04-15 15:51:00-04:00,LONG,HIGH,1.6501880554,-0.0002983821,457.5665296693,457.4300000000,459.1292380598,457.5400000000,457.6315080000,458.2000000000,458.1083600000,43,,,,,CONVERGENCE,1,28.3800000000,7.8753640000,0.3010000000,8.1763640000,20.2036360000
reverse_convergence,2025-04-16 15:02:00-04:00,2025-04-16 15:03:00-04:00,2025-04-16 15:04:00-04:00,SHORT,LOW,-2.3402065093,0.0050191938,437.9717349907,440.1700000000,446.8186310185,440.1700000000,440.0819660000,439.9600000000,440.0479920000,45,,,,,CONVERGENCE,1,9.4500000000,7.9211700000,0.3150000000,8.2361700000,1.2138300000
reverse_convergence,2025-04-17 12:03:00-04:00,2025-04-17 12:04:00-04:00,2025-04-17 12:05:00-04:00,SHORT,LOW,-2.8425531711,0.0014148333,442.7835351231,443.4100000000,444.4255999200,443.4204000000,443.3317159200,442.9300000000,443.0185860000,45,,,,,CONVERGENCE,1,22.0680000000,7.9771536000,0.3150000000,8.2921536000,13.7758464000
reverse_convergence,2025-04-17 12:06:00-04:00,2025-04-17 12:07:00-04:00,2025-04-17 12:08:00-04:00,SHORT,LOW,-2.6652092207,0.0007412104,443.6852358708,444.0141000000,444.4110481079,444.0183000000,443.9294963400,444.8000000000,444.8889600000,45,,,,,CONVERGENCE,1,-35.1765000000,7.9993647000,0.3150000000,8.3143647000,-43.4908647000
reverse_convergence,2025-04-17 15:42:00-04:00,2025-04-17 15:43:00-04:00,2025-04-17 15:59:00-04:00,LONG,HIGH,2.4131194182,0.0024414472,444.1057392857,445.1900000000,444.9312605700,445.2100000000,445.2990420000,444.0600000000,443.9711880000,44,,,,,FORCED_EOD,16,-50.6000000000,7.8255760000,0.3080000000,8.1335760000,-58.7335760000
reverse_convergence,2025-04-21 11:10:00-04:00,2025-04-21 11:11:00-04:00,2025-04-21 11:22:00-04:00,SHORT,LOW,-2.3893237813,-0.0008637820,433.6145484380,433.2400000000,434.9796028766,433.2588000000,433.1721482400,432.4901000000,432.5765980200,46,,,,,CONVERGENCE,11,35.3602000000,7.9648898800,0.3220000000,8.2868898800,27.0733101200
reverse_convergence,2025-04-21 13:40:00-04:00,2025-04-21 13:41:00-04:00,2025-04-21 13:42:00-04:00,LONG,HIGH,1.9938063560,-0.0010240344,429.6499763734,429.2100000000,432.9997283504,429.1800000000,429.2658360000,429.1100000000,429.0241780000,46,,,,,CONVERGENCE,1,-3.2200000000,7.8962680000,0.3220000000,8.2182680000,-11.4382680000
reverse_convergence,2025-04-21 14:16:00-04:00,2025-04-21 14:17:00-04:00,2025-04-21 14:55:00-04:00,SHORT,LOW,-1.5937475861,-0.0021339064,429.7771041288,428.8600000000,432.5920353783,428.8800000000,428.7942240000,428.0400000000,428.1256080000,46,,,,,CONVERGENCE,38,38.6400000000,7.8836640000,0.3220000000,8.2056640000,30.4343360000
reverse_convergence,2025-04-22 15:13:00-04:00,2025-04-22 15:14:00-04:00,2025-04-22 15:59:00-04:00,LONG,HIGH,2.2282138583,0.0004283032,443.4100860255,443.6000000000,443.1224022303,443.6100000000,443.6987220000,444.8225000000,444.7335355000,45,,,,,CONVERGENCE,45,54.5625000000,7.9958925000,0.3150000000,8.3108925000,46.2516075000
reverse_convergence,2025-04-23 11:12:00-04:00,2025-04-23 11:13:00-04:00,2025-04-23 11:14:00-04:00,LONG,HIGH,2.1009077582,0.0002345787,460.7019291560,460.8100000000,460.5605299280,460.8000000000,460.8921600000,460.9700000000,460.8778060000,43,,,,,CONVERGENCE,1,7.3100000000,7.9272220000,0.3010000000,8.2282220000,-0.9182220000
reverse_convergence,2025-04-24 11:43:00-04:00,2025-04-24 11:44:00-04:00,2025-04-24 11:45:00-04:00,LONG,HIGH,1.9117171665,-0.0002533170,463.4473990992,463.3300000000,461.1463594268,463.3350000000,463.4276670000,463.1544000000,463.0617691200,43,,,,,CONVERGENCE,1,-7.7658000000,7.9678088400,0.3010000000,8.2688088400,-16.0346088400
reverse_convergence,2025-04-25 15:10:00-04:00,2025-04-25 15:11:00-04:00,2025-04-25 15:12:00-04:00,LONG,HIGH,2.1511296115,-0.0021105241,473.0483800082,472.0500000000,469.3496245518,472.0200000000,472.1144040000,471.5800000000,471.4856840000,42,,,,,CONVERGENCE,1,-18.4800000000,7.9262400000,0.2940000000,8.2202400000,-26.7002400000
reverse_convergence,2025-04-28 15:20:00-04:00,2025-04-28 15:21:00-04:00,2025-04-28 15:59:00-04:00,SHORT,LOW,-1.5648363258,-0.0009152608,472.0420415536,471.6100000000,470.1004416762,471.6400000000,471.5456720000,472.9400000000,473.0345880000,42,,,,,CONVERGENCE,38,-54.6000000000,7.9344720000,0.2940000000,8.2284720000,-62.8284720000
reverse_convergence,2025-04-29 12:16:00-04:00,2025-04-29 12:17:00-04:00,2025-04-29 14:21:00-04:00,LONG,HIGH,2.3571777016,0.0003577699,473.7205170569,473.8900000000,472.7029458132,473.9400000000,474.0347880000,475.5400000000,475.4448920000,42,,,,,CONVERGENCE,124,67.2000000000,7.9756320000,0.2940000000,8.2696320000,58.9303680000
reverse_convergence,2025-04-29 15:16:00-04:00,2025-04-29 15:17:00-04:00,2025-04-29 15:59:00-04:00,LONG,HIGH,2.4632873348,0.0008537579,474.9145379501,475.3200000000,473.6330265126,475.3300000000,475.4250660000,475.4200000000,475.3249160000,42,,,,,FORCED_EOD,42,3.7800000000,7.9863000000,0.2940000000,8.2803000000,-4.5003000000
reverse_convergence,2025-04-30 13:38:00-04:00,2025-04-30 13:39:00-04:00,2025-04-30 13:40:00-04:00,SHORT,LOW,-2.7526703067,-0.0001383339,472.0753040328,472.0100000000,467.7253330632,472.0500000000,471.9555900000,471.5400000000,471.6343080000,42,,,,,CONVERGENCE,1,21.4200000000,7.9261560000,0.2940000000,8.2201560000,13.1998440000
reverse_convergence,2025-04-30 14:08:00-04:00,2025-04-30 14:09:00-04:00,2025-04-30 14:22:00-04:00,SHORT,LOW,-2.4785175279,-0.0006823967,472.7225843080,472.4000000000,468.1003218509,472.4150000000,472.3205170000,472.6286000000,472.7231257200,42,,,,,CONVERGENCE,13,-8.9712000000,7.9383662400,0.2940000000,8.2323662400,-17.2035662400
reverse_convergence,2025-04-30 15:51:00-04:00,2025-04-30 15:52:00-04:00,2025-04-30 15:59:00-04:00,SHORT,LOW,-3.6707942277,-0.0008364505,475.9678235246,475.5697000000,469.0708545073,475.5800000000,475.4848840000,475.4900000000,475.5850980000,42,,,,,FORCED_EOD,7,3.7800000000,7.9889880000,0.2940000000,8.2829880000,-4.5029880000
reverse_convergence,2025-05-01 11:17:00-04:00,2025-05-01 11:18:00-04:00,2025-05-01 11:31:00-04:00,SHORT,LOW,-2.7094244815,-0.0001711585,487.0943703423,487.0110000000,483.7117216785,487.0300000000,486.9325940000,485.9400000000,486.0371880000,41,,,,,CONVERGENCE,13,44.6900000000,7.9783540000,0.2870000000,8.2653540000,36.4246460000
reverse_convergence,2025-05-02 12:07:00-04:00,2025-05-02 12:08:00-04:00,2025-05-02 12:55:00-04:00,SHORT,LOW,-1.7407518397,-0.0014507821,490.5917417174,489.8800000000,487.7001382123,489.9000000000,489.8020200000,490.2800000000,490.3780560000,40,,,,,CONVERGENCE,47,-15.2000000000,7.8414400000,0.2800000000,8.1214400000,-23.3214400000
reverse_convergence,2025-05-05 11:24:00-04:00,2025-05-05 11:25:00-04:00,2025-05-05 11:26:00-04:00,SHORT,LOW,-2.2332670859,0.0006964583,486.7609912545,487.1000000000,485.9253330792,487.0900000000,486.9925820000,486.7600000000,486.8573520000,41,,,,,CONVERGENCE,1,13.5300000000,7.9855700000,0.2870000000,8.2725700000,5.2574300000
reverse_convergence,2025-05-06 12:09:00-04:00,2025-05-06 12:10:00-04:00,2025-05-06 15:59:00-04:00,SHORT,LOW,-3.0270280560,-0.0018846869,482.6095679177,481.7000000000,481.1307792017,481.7001000000,481.6037599800,481.4200000000,481.5162840000,41,,,,,FORCED_EOD,229,11.4841000000,7.8975848200,0.2870000000,8.1845848200,3.2995151800
reverse_convergence,2025-05-07 11:15:00-04:00,2025-05-07 11:16:00-04:00,2025-05-07 11:22:00-04:00,LONG,HIGH,2.1853533502,0.0005228574,479.6648037014,479.9156000000,481.9604406218,479.9400000000,480.0359880000,480.7100000000,480.6138580000,41,,,,,CONVERGENCE,6,31.5700000000,7.8773300000,0.2870000000,8.1643300000,23.4056700000
reverse_convergence,2025-05-07 14:26:00-04:00,2025-05-07 14:27:00-04:00,2025-05-07 14:38:00-04:00,LONG,HIGH,2.5033031634,0.0005740552,478.5153057864,478.7900000000,480.9186584640,478.8350000000,478.9307670000,480.8500000000,480.7538300000,41,,,,,CONVERGENCE,11,82.6150000000,7.8694170000,0.2870000000,8.1564170000,74.4585830000
reverse_convergence,2025-05-07 15:43:00-04:00,2025-05-07 15:44:00-04:00,2025-05-07 15:59:00-04:00,SHORT,LOW,-2.6287793782,-0.0035282202,486.8075642676,485.0900000000,480.9266628455,485.1500000000,485.0529700000,483.3500000000,483.4466700000,41,,,,,FORCED_EOD,15,73.8000000000,7.9417000000,0.2870000000,8.2287000000,65.5713000000
reverse_convergence,2025-05-08 14:12:00-04:00,2025-05-08 14:13:00-04:00,2025-05-08 14:14:00-04:00,LONG,HIGH,2.0408057163,-0.0006856235,491.2868377980,490.9500000000,489.0377319984,490.9350000000,491.0331870000,491.0600000000,490.9617880000,40,,,,,CONVERGENCE,1,5.0000000000,7.8559600000,0.2800000000,8.1359600000,-3.1359600000
reverse_convergence,2025-05-12 13:47:00-04:00,2025-05-12 13:48:00-04:00,2025-05-12 15:59:00-04:00,SHORT,LOW,-2.7508750576,-0.0022269803,508.0715653466,506.9401000000,504.4597458861,506.9500000000,506.8486100000,507.8000000000,507.9015600000,39,,,,,FORCED_EOD,131,-33.1500000000,7.9150500000,0.2730000000,8.1880500000,-41.3380500000
reverse_convergence,2025-05-13 11:06:00-04:00,2025-05-13 11:07:00-04:00,2025-05-13 13:03:00-04:00,LONG,HIGH,2.6923710243,0.0011201483,514.3514500784,514.9276000000,512.8505952962,514.9000000000,515.0029800000,516.6400000000,516.5366720000,38,,,,,CONVERGENCE,116,66.1200000000,7.8397040000,0.2660000000,8.1057040000,58.0142960000
reverse_convergence,2025-05-13 15:55:00-04:00,2025-05-13 15:56:00-04:00,2025-05-13 15:59:00-04:00,SHORT,LOW,-2.2530235619,-0.0007938323,516.1497363139,515.7400000000,515.0083152242,515.7400000000,515.6368520000,515.5800000000,515.6831160000,38,,,,,FORCED_EOD,3,6.0800000000,7.8380320000,0.2660000000,8.1040320000,-2.0240320000
reverse_convergence,2025-05-14 12:56:00-04:00,2025-05-14 12:57:00-04:00,2025-05-14 15:51:00-04:00,LONG,HIGH,2.6189296579,0.0000273916,518.0758090650,518.0900000000,517.5942328687,518.1200000000,518.2236240000,518.2700000000,518.1663460000,38,,,,,CONVERGENCE,174,5.7000000000,7.8765640000,0.2660000000,8.1425640000,-2.4425640000
reverse_convergence,2025-05-14 15:52:00-04:00,2025-05-14 15:53:00-04:00,2025-05-14 15:59:00-04:00,SHORT,LOW,-2.4814946546,-0.0001575256,518.7317135372,518.6500000000,517.5883604069,518.6500000000,518.5462700000,518.7000000000,518.8037400000,38,,,,,FORCED_EOD,6,-1.9000000000,7.8838600000,0.2660000000,8.1498600000,-10.0498600000
reverse_convergence,2025-05-20 10:49:00-04:00,2025-05-20 10:50:00-04:00,2025-05-20 10:53:00-04:00,SHORT,LOW,-2.4956003025,0.0001643750,520.2169893163,520.3025000000,519.3478278537,520.3000000000,520.1959400000,520.0500000000,520.1540100000,38,,,,,CONVERGENCE,3,9.5000000000,7.9066600000,0.2660000000,8.1726600000,1.3273400000
reverse_convergence,2025-05-20 11:57:00-04:00,2025-05-20 11:58:00-04:00,2025-05-20 12:03:00-04:00,SHORT,LOW,-2.1285666198,-0.0003371245,520.2753975960,520.1000000000,519.4582963993,520.1100000000,520.0059780000,519.9900000000,520.0939980000,38,,,,,CONVERGENCE,5,4.5600000000,7.9047600000,0.2660000000,8.1707600000,-3.6107600000
reverse_convergence,2025-05-20 13:35:00-04:00,2025-05-20 13:36:00-04:00,2025-05-20 13:42:00-04:00,SHORT,LOW,-2.2149478920,-0.0001843969,519.9158708574,519.8200000000,519.6601195025,519.8100000000,519.7060380000,520.0500000000,520.1540100000,38,,,,,CONVERGENCE,6,-9.1200000000,7.9029360000,0.2660000000,8.1689360000,-17.2889360000
reverse_convergence,2025-05-21 12:15:00-04:00,2025-05-21 12:16:00-04:00,2025-05-21 12:17:00-04:00,LONG,HIGH,2.6003155126,-0.0009704656,522.9274831543,522.4200000000,519.9695246325,522.4387000000,522.5431877400,522.4403000000,522.3358119400,38,,,,,CONVERGENCE,1,0.0608000000,7.9410804000,0.2660000000,8.2070804000,-8.1462804000
reverse_convergence,2025-05-21 13:03:00-04:00,2025-05-21 13:04:00-04:00,2025-05-21 15:59:00-04:00,LONG,HIGH,3.3123982584,0.0018085583,520.6783229224,521.6200000000,520.2976304674,521.5800000000,521.6843160000,513.0500000000,512.9473900000,38,,,,,FORCED_EOD,175,-324.1400000000,7.8631880000,0.2660000000,8.1291880000,-332.2691880000
reverse_convergence,2025-05-22 13:40:00-04:00,2025-05-22 13:41:00-04:00,2025-05-22 13:48:00-04:00,LONG,HIGH,2.9783025330,0.0003669801,515.8706857050,516.0600000000,515.3086115841,516.0650000000,516.1682130000,516.3700000000,516.2667260000,38,,,,,CONVERGENCE,7,11.5900000000,7.8465060000,0.2660000000,8.1125060000,3.4774940000
reverse_convergence,2025-05-23 14:02:00-04:00,2025-05-23 14:03:00-04:00,2025-05-23 14:04:00-04:00,SHORT,LOW,-1.2544307971,0.0004567996,511.1015290459,511.3350000000,508.5861720797,511.3200000000,511.2177360000,511.2800000000,511.3822560000,39,,,,,CONVERGENCE,1,1.5600000000,7.9762800000,0.2730000000,8.2492800000,-6.6892800000
reverse_convergence,2025-05-27 11:26:00-04:00,2025-05-27 11:27:00-04:00,2025-05-27 11:31:00-04:00,SHORT,LOW,-2.4399568733,-0.0000074351,519.3538614311,519.3500000000,517.6756168815,519.3500000000,519.2461300000,519.2000000000,519.3038400000,38,,,,,CONVERGENCE,4,5.7000000000,7.8929800000,0.2660000000,8.1589800000,-2.4589800000
reverse_convergence,2025-05-27 15:31:00-04:00,2025-05-27 15:32:00-04:00,2025-05-27 15:34:00-04:00,LONG,HIGH,2.9545702485,0.0000363927,519.9310783180,519.9500000000,519.2863737215,519.9400000000,520.0439880000,520.0800000000,519.9759840000,38,,,,,CONVERGENCE,2,5.3200000000,7.9041520000,0.2660000000,8.1701520000,-2.8501520000
reverse_convergence,2025-05-28 15:14:00-04:00,2025-05-28 15:15:00-04:00,2025-05-28 15:16:00-04:00,LONG,HIGH,0.9436190037,-0.0007983374,522.1068173796,521.6900000000,521.4336584423,521.6900000000,521.7943380000,521.3400000000,521.2357320000,38,,,,,CONVERGENCE,1,-13.3000000000,7.9270280000,0.2660000000,8.1930280000,-21.4930280000
reverse_convergence,2025-05-28 15:57:00-04:00,2025-05-28 15:58:00-04:00,2025-05-28 15:59:00-04:00,LONG,HIGH,2.4040142509,0.0003274193,519.0400562817,519.2100000000,521.1359473987,519.2100000000,519.3138420000,518.9500000000,518.8462100000,38,,,,,FORCED_EOD,1,-9.8800000000,7.8900160000,0.2660000000,8.1560160000,-18.0360160000
reverse_convergence,2025-05-29 13:21:00-04:00,2025-05-29 13:22:00-04:00,2025-05-29 13:23:00-04:00,SHORT,LOW,-2.6562365541,0.0019887442,519.8661192838,520.9000000000,521.2795482356,520.9100000000,520.8058180000,520.5200000000,520.6241040000,38,,,,,CONVERGENCE,1,14.8200000000,7.9148680000,0.2660000000,8.1808680000,6.6391320000
reverse_convergence,2025-05-30 14:04:00-04:00,2025-05-30 14:05:00-04:00,2025-05-30 15:59:00-04:00,LONG,HIGH,2.3619676607,0.0019071192,514.0496460567,515.0300000000,516.4933257699,515.0300000000,515.1330060000,519.1300000000,519.0261740000,38,,,,,FORCED_EOD,114,155.8000000000,7.8596160000,0.2660000000,8.1256160000,147.6743840000
reverse_convergence,2025-06-02 13:30:00-04:00,2025-06-02 13:31:00-04:00,2025-06-02 15:59:00-04:00,LONG,HIGH,2.5698675160,0.0008676979,520.9372838105,521.3893000000,519.4965507076,521.3882000000,521.4924776400,523.2100000000,523.1053580000,38,,,,,FORCED_EOD,148,69.2284000000,7.9389463200,0.2660000000,8.2049463200,61.0234536800
reverse_convergence,2025-06-03 15:51:00-04:00,2025-06-03 15:52:00-04:00,2025-06-03 15:53:00-04:00,SHORT,LOW,-2.8590494374,0.0004762490,526.7341433719,526.9850000000,526.4665105098,526.9700000000,526.8646060000,526.9500000000,527.0553900000,37,,,,,CONVERGENCE,1,0.7400000000,7.7990080000,0.2590000000,8.0580080000,-7.3180080000
reverse_convergence,2025-06-05 12:48:00-04:00,2025-06-05 12:49:00-04:00,2025-06-05 13:07:00-04:00,SHORT,LOW,-1.8003521692,-0.0011462258,528.5458328963,527.9400000000,530.3368859995,527.9600000000,527.8544080000,527.5200000000,527.6255040000,37,,,,,CONVERGENCE,18,16.2800000000,7.8105520000,0.2590000000,8.0695520000,8.2104480000
reverse_convergence,2025-06-05 14:57:00-04:00,2025-06-05 14:58:00-04:00,2025-06-05 15:35:00-04:00,SHORT,LOW,-2.4441052418,-0.0018405210,528.2622778077,527.2900000000,529.4540304328,527.3000000000,527.1945400000,525.2900000000,525.3950580000,37,,,,,CONVERGENCE,37,74.3700000000,7.7891660000,0.2590000000,8.0481660000,66.3218340000
reverse_convergence,2025-06-09 12:39:00-04:00,2025-06-09 12:40:00-04:00,2025-06-09 12:41:00-04:00,SHORT,LOW,-2.4166786537,0.0012157080,530.9045750477,531.5500000000,530.8992382603,531.5500000000,531.4436900000,531.4501000000,531.5563900200,37,,,,,CONVERGENCE,1,3.6963000000,7.8662007400,0.2590000000,8.1252007400,-4.4289007400
reverse_convergence,2025-06-09 13:12:00-04:00,2025-06-09 13:13:00-04:00,2025-06-09 15:59:00-04:00,LONG,HIGH,3.8244706523,0.0031358076,530.0229500132,531.6850000000,531.0111848278,531.6800000000,531.7863360000,530.6800000000,530.5738640000,37,,,,,FORCED_EOD,166,-37.0000000000,7.8614640000,0.2590000000,8.1204640000,-45.1204640000
reverse_convergence,2025-06-10 14:02:00-04:00,2025-06-10 14:03:00-04:00,2025-06-10 14:04:00-04:00,SHORT,LOW,-2.7836598248,0.0016496294,530.6845671487,531.5600000000,531.8852192110,531.5500000000,531.4436900000,531.5300000000,531.6363060000,37,,,,,CONVERGENCE,1,0.7400000000,7.8667920000,0.2590000000,8.1257920000,-7.3857920000
reverse_convergence,2025-06-10 14:53:00-04:00,2025-06-10 14:54:00-04:00,2025-06-10 14:55:00-04:00,SHORT,LOW,-3.0101823564,0.0008892508,532.5514281955,533.0250000000,531.9003677447,533.0250000000,532.9183950000,533.1507000000,533.2573301400,37,,,,,CONVERGENCE,1,-4.6509000000,7.8897001800,0.2590000000,8.1487001800,-12.7996001800
reverse_convergence,2025-06-10 14:56:00-04:00,2025-06-10 14:57:00-04:00,2025-06-10 14:58:00-04:00,SHORT,LOW,-2.6462933685,0.0004753831,533.8262280091,534.0800000000,531.9509221287,534.1000000000,533.9931800000,533.7400000000,533.8467480000,37,,,,,CONVERGENCE,1,13.3200000000,7.9020160000,0.2590000000,8.1610160000,5.1589840000
reverse_convergence,2025-06-11 12:02:00-04:00,2025-06-11 12:03:00-04:00,2025-06-11 15:59:00-04:00,LONG,HIGH,2.1619066955,0.0025046602,533.7431547713,535.0800000000,535.4363249290,535.0850000000,535.1920170000,532.4500000000,532.3435100000,37,,,,,FORCED_EOD,236,-97.4950000000,7.8997590000,0.2590000000,8.1587590000,-105.6537590000
reverse_convergence,2025-06-13 12:12:00-04:00,2025-06-13 12:13:00-04:00,2025-06-13 12:14:00-04:00,SHORT,LOW,-2.9725786730,0.0001999788,531.4437225115,531.5500000000,529.1688998937,531.5900000000,531.4836820000,531.7200000000,531.8263440000,37,,,,,CONVERGENCE,1,-4.8100000000,7.8684940000,0.2590000000,8.1274940000,-12.9374940000
reverse_convergence,2025-06-13 13:24:00-04:00,2025-06-13 13:25:00-04:00,2025-06-13 13:26:00-04:00,SHORT,LOW,-2.9450283507,0.0004386142,530.2724150013,530.5050000000,529.5245919088,530.5600000000,530.4538880000,530.4200000000,530.5260840000,37,,,,,CONVERGENCE,1,5.1800000000,7.8512520000,0.2590000000,8.1102520000,-2.9302520000
reverse_convergence,2025-06-13 14:10:00-04:00,2025-06-13 14:11:00-04:00,2025-06-13 15:31:00-04:00,LONG,HIGH,2.3059984636,0.0013163648,528.3844532830,529.0800000000,529.5657368146,529.0600000000,529.1658120000,526.8100000000,526.7046380000,37,,,,,CONVERGENCE,80,-83.2500000000,7.8134380000,0.2590000000,8.0724380000,-91.3224380000
reverse_convergence,2025-06-16 11:42:00-04:00,2025-06-16 11:43:00-04:00,2025-06-16 11:44:00-04:00,LONG,HIGH,2.4601292217,-0.0008004273,535.1883794001,534.7600000000,533.8267895048,534.7400000000,534.8469480000,534.7400000000,534.6330520000,37,,,,,CONVERGENCE,1,0.0000000000,7.9141520000,0.2590000000,8.1731520000,-8.1731520000
reverse_convergence,2025-06-16 13:34:00-04:00,2025-06-16 13:35:00-04:00,2025-06-16 13:36:00-04:00,LONG,HIGH,2.6477213834,-0.0009368120,535.2714487337,534.7700000000,533.9567252869,534.7900000000,534.8969580000,534.5900000000,534.4830820000,37,,,,,CONVERGENCE,1,-7.4000000000,7.9134120000,0.2590000000,8.1724120000,-15.5724120000
reverse_convergence,2025-06-16 15:53:00-04:00,2025-06-16 15:54:00-04:00,2025-06-16 15:55:00-04:00,LONG,HIGH,2.8501950936,-0.0003579289,533.8510807299,533.6600000000,533.9720063047,533.6500000000,533.7567300000,534.0000000000,533.8932000000,37,,,,,CONVERGENCE,1,12.9500000000,7.9006100000,0.2590000000,8.1596100000,4.7903900000
reverse_convergence,2025-06-18 13:06:00-04:00,2025-06-18 13:07:00-04:00,2025-06-18 13:08:00-04:00,LONG,HIGH,2.3152534221,-0.0008370473,531.3397565094,530.8950000000,531.1372818176,530.8800000000,530.9861760000,530.8200000000,530.7138360000,37,,,,,CONVERGENCE,1,-2.2200000000,7.8565800000,0.2590000000,8.1155800000,-10.3355800000
reverse_convergence,2025-06-18 13:51:00-04:00,2025-06-18 13:52:00-04:00,2025-06-18 13:53:00-04:00,LONG,HIGH,2.7452431339,-0.0005188395,531.0655377988,530.7900000000,530.9641176383,530.7900000000,530.8961580000,530.9200000000,530.8138160000,37,,,,,CONVERGENCE,1,4.8100000000,7.8566540000,0.2590000000,8.1156540000,-3.3056540000
reverse_convergence,2025-06-18 15:51:00-04:00,2025-06-18 15:52:00-04:00,2025-06-18 15:59:00-04:00,SHORT,LOW,-1.9785799033,-0.0018183134,530.1890498330,529.2250000000,530.4540946742,529.2100000000,529.1041580000,528.9600000000,529.0657920000,37,,,,,FORCED_EOD,7,9.2500000000,7.8304580000,0.2590000000,8.0894580000,1.1605420000
reverse_convergence,2025-06-20 10:31:00-04:00,2025-06-20 10:32:00-04:00,2025-06-20 13:15:00-04:00,LONG,HIGH,2.5924125384,0.0011537923,528.2305316585,528.8400000000,531.2498401282,528.8600000000,528.9657720000,527.7700000000,527.6644460000,37,,,,,CONVERGENCE,163,-40.3300000000,7.8190620000,0.2590000000,8.0780620000,-48.4080620000
reverse_convergence,2025-06-20 15:51:00-04:00,2025-06-20 15:52:00-04:00,2025-06-20 15:59:00-04:00,SHORT,LOW,-2.2728655757,-0.0010424189,526.5238584062,525.9750000000,527.9319347799,525.9800000000,525.8748040000,526.7100000000,526.8153420000,38,,,,,FORCED_EOD,7,-27.7400000000,8.0004440000,0.2660000000,8.2664440000,-36.0064440000
reverse_convergence,2025-06-24 10:46:00-04:00,2025-06-24 10:47:00-04:00,2025-06-24 10:50:00-04:00,SHORT,LOW,-2.2343347805,0.0000436783,537.9866016434,538.0101000000,537.3801962869,538.0150000000,537.9073970000,537.9200000000,538.0275840000,37,,,,,CONVERGENCE,3,3.5150000000,7.9619190000,0.2590000000,8.2209190000,-4.7059190000
reverse_convergence,2025-06-24 13:50:00-04:00,2025-06-24 13:51:00-04:00,2025-06-24 14:05:00-04:00,SHORT,LOW,-2.0458244534,-0.0006597501,540.3464936710,539.9900000000,538.3248552269,539.9900000000,539.8820020000,540.1675000000,540.2755335000,37,,,,,CONVERGENCE,14,-6.5675000000,7.9931655000,0.2590000000,8.2521655000,-14.8196655000
reverse_convergence,2025-06-25 14:40:00-04:00,2025-06-25 14:41:00-04:00,2025-06-25 15:59:00-04:00,SHORT,LOW,-1.7461783279,-0.0018165447,541.0628649015,540.0800000000,541.4059498354,540.0400000000,539.9319920000,541.1700000000,541.2782340000,37,,,,,FORCED_EOD,78,-41.8100000000,8.0009540000,0.2590000000,8.2599540000,-50.0699540000
reverse_convergence,2025-06-27 12:08:00-04:00,2025-06-27 12:09:00-04:00,2025-06-27 12:10:00-04:00,LONG,HIGH,3.1234511866,-0.0003096001,549.6501717328,549.4800000000,548.8518478415,549.4800000000,549.5898960000,549.5000000000,549.3901000000,36,,,,,CONVERGENCE,1,0.7200000000,7.9126560000,0.2520000000,8.1646560000,-7.4446560000
reverse_convergence,2025-06-27 15:55:00-04:00,2025-06-27 15:56:00-04:00,2025-06-27 15:59:00-04:00,SHORT,LOW,-2.2747298469,-0.0012874487,548.5762638208,547.8700000000,547.8829731594,547.8700000000,547.7604260000,548.2100000000,548.3196420000,36,,,,,FORCED_EOD,3,-12.2400000000,7.8917760000,0.2520000000,8.1437760000,-20.3837760000
reverse_convergence,2025-07-01 12:21:00-04:00,2025-07-01 12:22:00-04:00,2025-07-01 12:23:00-04:00,SHORT,LOW,-2.4026588240,0.0020135215,545.5215805588,546.6200000000,547.6665256541,546.6300000000,546.5206740000,546.8200000000,546.9293640000,36,,,,,CONVERGENCE,1,-6.8400000000,7.8728400000,0.2520000000,8.1248400000,-14.9648400000
reverse_convergence,2025-07-02 14:58:00-04:00,2025-07-02 14:59:00-04:00,2025-07-02 15:00:00-04:00,SHORT,LOW,-2.3545204735,0.0006646300,550.0154432329,550.3810000000,549.4206831309,550.3800000000,550.2699240000,550.3900000000,550.5000780000,36,,,,,CONVERGENCE,1,-0.3600000000,7.9255440000,0.2520000000,8.1775440000,-8.5375440000
reverse_convergence,2025-07-07 15:55:00-04:00,2025-07-07 15:56:00-04:00,2025-07-07 15:57:00-04:00,SHORT,LOW,-0.3172750661,0.0013400650,551.2612740756,552.0000000000,552.2083737873,552.0100000000,551.8995980000,552.0800000000,552.1904160000,36,,,,,CONVERGENCE,1,-2.5200000000,7.9494480000,0.2520000000,8.2014480000,-10.7214480000
reverse_convergence,2025-07-08 13:15:00-04:00,2025-07-08 13:16:00-04:00,2025-07-08 13:18:00-04:00,LONG,HIGH,2.5066770670,0.0002723696,552.4495295368,552.6000000000,552.5980465866,552.6000000000,552.7105200000,552.1900000000,552.0795620000,36,,,,,CONVERGENCE,2,-14.7600000000,7.9544880000,0.2520000000,8.2064880000,-22.9664880000
reverse_convergence,2025-07-08 14:06:00-04:00,2025-07-08 14:07:00-04:00,2025-07-08 14:13:00-04:00,SHORT,LOW,-2.4236447721,-0.0004256694,553.6304635588,553.3948000000,552.6213947940,553.3900000000,553.2793220000,553.3599000000,553.4705719800,36,,,,,CONVERGENCE,6,1.0836000000,7.9685992800,0.2520000000,8.2205992800,-7.1369992800
reverse_convergence,2025-07-08 15:51:00-04:00,2025-07-08 15:52:00-04:00,2025-07-08 15:59:00-04:00,SHORT,LOW,-2.4712585507,-0.0008934517,552.8139125421,552.3200000000,552.5739746103,552.3200000000,552.2095360000,552.3200000000,552.4304640000,36,,,,,FORCED_EOD,7,-0.0000000000,7.9534080000,0.2520000000,8.2054080000,-8.2054080000
reverse_convergence,2025-07-09 13:19:00-04:00,2025-07-09 13:20:00-04:00,2025-07-09 13:21:00-04:00,SHORT,LOW,-2.4615722257,0.0004496471,554.5106658831,554.7600000000,555.1548921749,554.7300000000,554.6190540000,554.5900000000,554.7009180000,36,,,,,CONVERGENCE,1,5.0400000000,7.9871040000,0.2520000000,8.2391040000,-3.1991040000
reverse_convergence,2025-07-09 15:54:00-04:00,2025-07-09 15:55:00-04:00,2025-07-09 15:59:00-04:00,SHORT,LOW,-2.5715245711,-0.0004186571,556.2328708216,556.0000000000,555.2531953895,556.0200000000,555.9087960000,556.2600000000,556.3712520000,35,,,,,FORCED_EOD,4,-8.4000000000,7.7859600000,0.2450000000,8.0309600000,-16.4309600000
reverse_convergence,2025-07-11 13:12:00-04:00,2025-07-11 13:13:00-04:00,2025-07-11 13:15:00-04:00,LONG,HIGH,2.2411289966,-0.0000108818,555.5360452584,555.5300000000,554.4136169000,555.5300000000,555.6411060000,555.4900000000,555.3789020000,35,,,,,CONVERGENCE,2,-1.4000000000,7.7771400000,0.2450000000,8.0221400000,-9.4221400000
reverse_convergence,2025-07-11 15:54:00-04:00,2025-07-11 15:55:00-04:00,2025-07-11 15:56:00-04:00,SHORT,LOW,-2.4446679139,0.0001069901,554.4806760467,554.5400000000,554.5860801928,554.5400000000,554.4290920000,554.6700000000,554.7809340000,36,,,,,CONVERGENCE,1,-4.6800000000,7.9863120000,0.2520000000,8.2383120000,-12.9183120000
reverse_convergence,2025-07-14 10:33:00-04:00,2025-07-14 10:34:00-04:00,2025-07-14 10:35:00-04:00,SHORT,LOW,-1.9827568257,0.0009261947,553.1276960322,553.6400000000,553.6000520478,553.6500000000,553.5392700000,553.6600000000,553.7707320000,36,,,,,CONVERGENCE,1,-0.3600000000,7.9726320000,0.2520000000,8.2246320000,-8.5846320000
reverse_convergence,2025-07-14 11:07:00-04:00,2025-07-14 11:08:00-04:00,2025-07-14 11:11:00-04:00,SHORT,LOW,-1.7887272900,-0.0002778015,555.8744227517,555.7200000000,553.8923403516,555.7200000000,555.6088560000,555.4100000000,555.5210820000,35,,,,,CONVERGENCE,3,10.8500000000,7.7779100000,0.2450000000,8.0229100000,2.8270900000
reverse_convergence,2025-07-15 13:14:00-04:00,2025-07-15 13:15:00-04:00,2025-07-15 13:16:00-04:00,LONG,HIGH,2.2972848738,-0.0016470282,558.9105413995,557.9900000000,559.0955864262,557.9800000000,558.0915960000,557.7100000000,557.5984580000,35,,,,,CONVERGENCE,1,-9.4500000000,7.8098300000,0.2450000000,8.0548300000,-17.5048300000
reverse_convergence,2025-07-16 15:03:00-04:00,2025-07-16 15:04:00-04:00,2025-07-16 15:59:00-04:00,LONG,HIGH,2.0430232595,0.0023747290,555.8998884167,557.2200000000,555.3129281952,557.2300000000,557.3414460000,557.3400000000,557.2285320000,35,,,,,FORCED_EOD,55,3.8500000000,7.8019900000,0.2450000000,8.0469900000,-4.1969900000
reverse_convergence,2025-07-17 15:57:00-04:00,2025-07-17 15:58:00-04:00,2025-07-17 15:59:00-04:00,LONG,HIGH,3.1065814227,0.0018508791,560.6423188300,561.6800000000,560.8790225485,561.6800000000,561.7923360000,561.8000000000,561.6876400000,35,,,,,FORCED_EOD,1,4.2000000000,7.8643600000,0.2450000000,8.1093600000,-3.9093600000
reverse_convergence,2025-07-21 10:42:00-04:00,2025-07-21 10:43:00-04:00,2025-07-21 15:59:00-04:00,LONG,HIGH,1.8201545901,0.0001572655,565.5910520385,565.6800000000,564.8389337793,565.6800000000,565.7931360000,564.1600000000,564.0471680000,35,,,,,FORCED_EOD,316,-53.2000000000,7.9088800000,0.2450000000,8.1538800000,-61.3538800000
reverse_convergence,2025-07-22 12:06:00-04:00,2025-07-22 12:07:00-04:00,2025-07-22 12:09:00-04:00,SHORT,LOW,-2.2614386342,0.0000579002,560.9875186971,561.0200000000,560.8055019593,561.0075000000,560.8952985000,561.1500000000,561.2622300000,35,,,,,CONVERGENCE,2,-4.9875000000,7.8551025000,0.2450000000,8.1001025000,-13.0876025000
reverse_convergence,2025-07-23 11:55:00-04:00,2025-07-23 11:56:00-04:00,2025-07-23 11:57:00-04:00,SHORT,LOW,-2.2810197420,0.0006658224,562.0457773165,562.4200000000,560.8026127810,562.4200000000,562.3075160000,562.7900000000,562.9025580000,35,,,,,CONVERGENCE,1,-12.9500000000,7.8764700000,0.2450000000,8.1214700000,-21.0714700000
reverse_convergence,2025-07-25 15:56:00-04:00,2025-07-25 15:57:00-04:00,2025-07-25 15:59:00-04:00,LONG,HIGH,2.8076428909,0.0016274651,565.4297827416,566.3500000000,566.3848481091,566.3500000000,566.4632700000,566.3900000000,566.2767220000,35,,,,,FORCED_EOD,2,1.4000000000,7.9291800000,0.2450000000,8.1741800000,-6.7741800000
reverse_convergence,2025-07-28 13:03:00-04:00,2025-07-28 13:04:00-04:00,2025-07-28 13:05:00-04:00,SHORT,LOW,-2.5941804750,-0.0000141678,567.8280448662,567.8200000000,568.2220994557,567.8142000000,567.7006371600,567.8600000000,567.9735720000,35,,,,,CONVERGENCE,1,-1.6030000000,7.9497194000,0.2450000000,8.1947194000,-9.7977194000
reverse_convergence,2025-07-29 15:52:00-04:00,2025-07-29 15:53:00-04:00,2025-07-29 15:59:00-04:00,LONG,HIGH,2.4991747956,0.0020335189,566.0688882160,567.2200000000,568.7734984740,567.2300000000,567.3434460000,567.3300000000,567.2165340000,35,,,,,FORCED_EOD,6,3.5000000000,7.9419200000,0.2450000000,8.1869200000,-4.6869200000
reverse_convergence,2025-07-30 11:02:00-04:00,2025-07-30 11:03:00-04:00,2025-07-30 15:22:00-04:00,LONG,HIGH,2.8869326098,0.0009720593,568.3475325074,568.9000000000,568.3859387308,568.8950000000,569.0087790000,566.6100000000,566.4966780000,35,,,,,CONVERGENCE,259,-79.9750000000,7.9485350000,0.2450000000,8.1935350000,-88.1685350000
reverse_convergence,2025-08-04 14:22:00-04:00,2025-08-04 14:23:00-04:00,2025-08-04 15:59:00-04:00,LONG,HIGH,2.2683058862,0.0013335984,562.6396646698,563.3900000000,562.2954817864,563.3800000000,563.4926760000,564.1000000000,563.9871800000,35,,,,,FORCED_EOD,96,25.2000000000,7.8923600000,0.2450000000,8.1373600000,17.0626400000
reverse_convergence,2025-08-05 13:18:00-04:00,2025-08-05 13:19:00-04:00,2025-08-05 13:20:00-04:00,LONG,HIGH,2.3277957170,0.0000168670,561.6255270671,561.6350000000,562.6294771672,561.6200000000,561.7323240000,561.5700000000,561.4576860000,35,,,,,CONVERGENCE,1,-1.7500000000,7.8623300000,0.2450000000,8.1073300000,-9.8573300000
reverse_convergence,2025-08-05 15:36:00-04:00,2025-08-05 15:37:00-04:00,2025-08-05 15:43:00-04:00,SHORT,LOW,-2.4595739162,-0.0002884705,560.8317834012,560.6700000000,562.2689448798,560.6600000000,560.5478680000,560.4850000000,560.5970970000,35,,,,,CONVERGENCE,6,6.1250000000,7.8480150000,0.2450000000,8.0930150000,-1.9680150000
reverse_convergence,2025-08-07 11:55:00-04:00,2025-08-07 11:56:00-04:00,2025-08-07 11:57:00-04:00,LONG,HIGH,2.7227738118,-0.0009050858,570.1009903130,569.5850000000,571.0668116755,569.6300000000,569.7439260000,569.6400000000,569.5260720000,35,,,,,CONVERGENCE,1,0.3500000000,7.9748900000,0.2450000000,8.2198900000,-7.8698900000
reverse_convergence,2025-08-07 12:46:00-04:00,2025-08-07 12:47:00-04:00,2025-08-07 12:48:00-04:00,LONG,HIGH,2.7833621438,0.0001500466,566.5149963733,566.6000000000,570.6116501498,566.6000000000,566.7133200000,566.7720000000,566.6586456000,35,,,,,CONVERGENCE,1,6.0200000000,7.9336040000,0.2450000000,8.1786040000,-2.1586040000
reverse_convergence,2025-08-08 12:27:00-04:00,2025-08-08 12:28:00-04:00,2025-08-08 15:59:00-04:00,SHORT,LOW,-1.9599530033,-0.0034579929,576.0319142971,574.0400000000,572.9424484958,574.0200000000,573.9051960000,574.5500000000,574.6649100000,34,,,,,FORCED_EOD,211,-18.0200000000,7.8102760000,0.2380000000,8.0482760000,-26.0682760000
reverse_convergence,2025-08-11 12:53:00-04:00,2025-08-11 12:54:00-04:00,2025-08-11 12:55:00-04:00,LONG,HIGH,2.5438859013,-0.0029612016,577.0487576822,575.3400000000,575.3064613496,575.3400000000,575.4550680000,575.3700000000,575.2549260000,34,,,,,CONVERGENCE,1,1.0200000000,7.8248280000,0.2380000000,8.0628280000,-7.0428280000
reverse_convergence,2025-08-12 11:31:00-04:00,2025-08-12 11:32:00-04:00,2025-08-12 13:02:00-04:00,LONG,HIGH,1.7895215921,0.0011711301,576.7351680636,577.4106000000,575.6055182142,577.4100000000,577.5254820000,579.2400000000,579.1241520000,34,,,,,CONVERGENCE,90,62.2200000000,7.8652200000,0.2380000000,8.1032200000,54.1167800000
reverse_convergence,2025-08-12 13:30:00-04:00,2025-08-12 13:31:00-04:00,2025-08-12 13:51:00-04:00,LONG,HIGH,2.7127907177,0.0007896024,578.3833071354,578.8400000000,576.4329937152,578.8600000000,578.9757720000,579.4500000000,579.3341100000,34,,,,,CONVERGENCE,20,20.0600000000,7.8765080000,0.2380000000,8.1145080000,11.9454920000
reverse_convergence,2025-08-13 14:15:00-04:00,2025-08-13 14:16:00-04:00,2025-08-13 14:19:00-04:00,SHORT,LOW,-2.3085033677,-0.0009003283,580.8529583701,580.3300000000,580.7123110163,580.3100000000,580.1939380000,580.2800000000,580.3960560000,34,,,,,CONVERGENCE,3,1.0200000000,7.8920120000,0.2380000000,8.1300120000,-7.1100120000
reverse_convergence,2025-08-14 12:05:00-04:00,2025-08-14 12:06:00-04:00,2025-08-14 12:07:00-04:00,SHORT,LOW,-3.0146191516,0.0002428628,579.4392757708,579.5800000000,579.9246221323,579.5750000000,579.4590850000,579.3300000000,579.4458660000,34,,,,,CONVERGENCE,1,8.3300000000,7.8805540000,0.2380000000,8.1185540000,0.2114460000
reverse_convergence,2025-08-15 13:04:00-04:00,2025-08-15 13:05:00-04:00,2025-08-15 13:06:00-04:00,SHORT,LOW,-2.3652451398,0.0009184139,576.9601117959,577.4900000000,577.4056336981,577.4600000000,577.3445080000,577.3650000000,577.4804730000,34,,,,,CONVERGENCE,1,3.2300000000,7.8528100000,0.2380000000,8.0908100000,-4.8608100000
reverse_convergence,2025-08-15 14:18:00-04:00,2025-08-15 14:19:00-04:00,2025-08-15 15:45:00-04:00,LONG,HIGH,1.9327502273,0.0009149049,576.8972938469,577.4251000000,577.4212654629,577.4300000000,577.5454860000,577.6700000000,577.5544660000,34,,,,,CONVERGENCE,86,8.1600000000,7.8546800000,0.2380000000,8.0926800000,0.0673200000
reverse_convergence,2025-08-15 15:53:00-04:00,2025-08-15 15:54:00-04:00,2025-08-15 15:59:00-04:00,LONG,HIGH,2.1618261081,0.0011637668,576.6290382943,577.3001000000,577.4118063855,577.3000000000,577.4154600000,577.2300000000,577.1145540000,34,,,,,FORCED_EOD,5,-2.3800000000,7.8508040000,0.2380000000,8.0888040000,-10.4688040000
reverse_convergence,2025-08-18 12:48:00-04:00,2025-08-18 12:49:00-04:00,2025-08-18 15:05:00-04:00,LONG,HIGH,2.6084472173,0.0022340479,574.1074165479,575.3900000000,576.4709709065,575.3800000000,575.4950760000,577.2300000000,577.1145540000,34,,,,,CONVERGENCE,136,62.9000000000,7.8377480000,0.2380000000,8.0757480000,54.8242520000
reverse_convergence,2025-08-20 10:49:00-04:00,2025-08-20 10:50:00-04:00,2025-08-20 15:59:00-04:00,LONG,HIGH,2.6248626216,0.0014490237,558.5706179594,559.3800000000,562.5013958635,559.3600000000,559.4718720000,565.8500000000,565.7368300000,35,,,,,FORCED_EOD,309,227.1500000000,7.8764700000,0.2450000000,8.1214700000,219.0285300000
reverse_convergence,2025-08-22 13:15:00-04:00,2025-08-22 13:16:00-04:00,2025-08-22 15:59:00-04:00,SHORT,LOW,-2.1621639481,-0.0013278266,573.0759454730,572.3150000000,570.9264829817,572.3146000000,572.2001370800,571.9900000000,572.1043980000,34,,,,,FORCED_EOD,163,11.0364000000,7.7812712800,0.2380000000,8.0192712800,3.0171287200
reverse_convergence,2025-08-25 11:55:00-04:00,2025-08-25 11:56:00-04:00,2025-08-25 11:57:00-04:00,LONG,HIGH,0.9438141316,-0.0014103030,573.8993719887,573.0900000000,571.2522154526,573.0700000000,573.1846140000,572.8500000000,572.7354300000,34,,,,,CONVERGENCE,1,-7.4800000000,7.7922560000,0.2380000000,8.0302560000,-15.5102560000
reverse_convergence,2025-08-25 15:38:00-04:00,2025-08-25 15:39:00-04:00,2025-08-25 15:51:00-04:00,SHORT,LOW,-2.1242501030,-0.0001988891,571.8537354600,571.7400000000,571.6810905087,571.7200000000,571.6056560000,571.5100000000,571.6243020000,34,,,,,CONVERGENCE,12,7.1400000000,7.7739640000,0.2380000000,8.0119640000,-0.8719640000
reverse_convergence,2025-08-25 15:57:00-04:00,2025-08-25 15:58:00-04:00,2025-08-25 15:59:00-04:00,LONG,HIGH,2.8239024260,0.0009290354,570.1503102047,570.6800000000,571.6551638108,570.6900000000,570.8041380000,570.3500000000,570.2359300000,35,,,,,FORCED_EOD,1,-11.9000000000,7.9872800000,0.2450000000,8.2322800000,-20.1322800000
reverse_convergence,2025-08-26 15:52:00-04:00,2025-08-26 15:53:00-04:00,2025-08-26 15:59:00-04:00,SHORT,LOW,-2.3485406771,-0.0016667372,573.6761674041,572.7200000000,571.0902246329,572.7200000000,572.6054560000,572.6500000000,572.7645300000,34,,,,,FORCED_EOD,6,2.3800000000,7.7885160000,0.2380000000,8.0265160000,-5.6465160000
reverse_convergence,2025-08-29 12:36:00-04:00,2025-08-29 12:37:00-04:00,2025-08-29 15:50:00-04:00,SHORT,LOW,-2.4874668295,-0.0010616626,570.9934023485,570.3872000000,570.9312102146,570.3700000000,570.2559260000,570.3500000000,570.4640700000,35,,,,,CONVERGENCE,193,0.7000000000,7.9850400000,0.2450000000,8.2300400000,-7.5300400000
reverse_convergence,2025-08-29 15:51:00-04:00,2025-08-29 15:52:00-04:00,2025-08-29 15:59:00-04:00,LONG,HIGH,2.1461489839,0.0002991111,569.5796324003,569.7500000000,570.5483814278,569.7600000000,569.8739520000,570.3100000000,570.1959380000,35,,,,,FORCED_EOD,7,19.2500000000,7.9804900000,0.2450000000,8.2254900000,11.0245100000
reverse_convergence,2025-09-02 10:43:00-04:00,2025-09-02 10:44:00-04:00,2025-09-02 14:47:00-04:00,LONG,HIGH,2.6201049818,0.0011972592,562.6463664453,563.3200000000,563.2627109022,563.3100000000,563.4226620000,563.1401000000,563.0274719800,35,,,,,CONVERGENCE,243,-5.9465000000,7.8851507000,0.2450000000,8.1301507000,-14.0766507000
reverse_convergence,2025-09-03 11:04:00-04:00,2025-09-03 11:05:00-04:00,2025-09-03 11:47:00-04:00,LONG,HIGH,2.3827896390,0.0017972638,570.2850473369,571.3100000000,569.5845700141,571.3000000000,571.4142600000,569.1400000000,569.0261720000,35,,,,,CONVERGENCE,42,-75.6000000000,7.9830800000,0.2450000000,8.2280800000,-83.8280800000
reverse_convergence,2025-09-04 12:07:00-04:00,2025-09-04 12:08:00-04:00,2025-09-04 12:09:00-04:00,SHORT,LOW,-3.0499473636,0.0009827977,571.6581756650,572.2200000000,571.1143889371,572.2300000000,572.1155540000,572.2700000000,572.3844540000,34,,,,,CONVERGENCE,1,-1.3600000000,7.7826000000,0.2380000000,8.0206000000,-9.3806000000
reverse_convergence,2025-09-04 14:51:00-04:00,2025-09-04 14:52:00-04:00,2025-09-04 14:53:00-04:00,SHORT,LOW,-2.8788759360,0.0009813705,573.5970887560,574.1600000000,571.7802406943,574.1650000000,574.0501670000,574.0400000000,574.1548080000,34,,,,,CONVERGENCE,1,4.2500000000,7.8077940000,0.2380000000,8.0457940000,-3.7957940000
reverse_convergence,2025-09-04 15:51:00-04:00,2025-09-04 15:52:00-04:00,2025-09-04 15:53:00-04:00,SHORT,LOW,-2.7293965177,0.0006489034,574.2773494968,574.6500000000,572.1905517060,574.6500000000,574.5350700000,574.6600000000,574.7749320000,34,,,,,CONVERGENCE,1,-0.3400000000,7.8153080000,0.2380000000,8.0533080000,-8.3933080000
reverse_convergence,2025-09-05 13:45:00-04:00,2025-09-05 13:46:00-04:00,2025-09-05 15:59:00-04:00,LONG,HIGH,2.5876390897,0.0012262271,573.4967627010,574.2000000000,576.0353469384,574.1900000000,574.3048380000,576.0300000000,575.9147940000,34,,,,,FORCED_EOD,133,62.5600000000,7.8214960000,0.2380000000,8.0594960000,54.5005040000
reverse_convergence,2025-09-08 11:48:00-04:00,2025-09-08 11:49:00-04:00,2025-09-08 12:14:00-04:00,LONG,HIGH,2.9642332908,0.0003172114,579.5562581501,579.7401000000,579.8338574006,579.7400000000,579.8559480000,579.9100000000,579.7940180000,34,,,,,CONVERGENCE,25,5.7800000000,7.8856200000,0.2380000000,8.1236200000,-2.3436200000
reverse_convergence,2025-09-08 12:33:00-04:00,2025-09-08 12:34:00-04:00,2025-09-08 13:27:00-04:00,LONG,HIGH,3.0445844635,0.0009057148,578.3861470860,578.9100000000,579.8306030146,578.9100000000,579.0257820000,578.7700000000,578.6542460000,34,,,,,CONVERGENCE,53,-4.7600000000,7.8722240000,0.2380000000,8.1102240000,-12.8702240000
reverse_convergence,2025-09-08 15:47:00-04:00,2025-09-08 15:48:00-04:00,2025-09-08 15:49:00-04:00,SHORT,LOW,-2.9996538005,0.0001012551,578.8922841898,578.9509000000,579.3855044700,578.9500000000,578.8342100000,578.9400000000,579.0557880000,34,,,,,CONVERGENCE,1,0.3400000000,7.8736520000,0.2380000000,8.1116520000,-7.7716520000
reverse_convergence,2025-09-08 15:50:00-04:00,2025-09-08 15:51:00-04:00,2025-09-08 15:52:00-04:00,SHORT,LOW,-0.3650705575,0.0005019469,578.2389547710,578.5292000000,579.3753276690,578.5200000000,578.4042960000,578.5700000000,578.6857140000,34,,,,,CONVERGENCE,1,-1.7000000000,7.8682120000,0.2380000000,8.1062120000,-9.8062120000
reverse_convergence,2025-09-08 15:56:00-04:00,2025-09-08 15:57:00-04:00,2025-09-08 15:59:00-04:00,LONG,HIGH,3.0693587938,0.0021399653,577.2297483420,578.4650000000,579.3500715923,578.4700000000,578.5856940000,578.8200000000,578.7042360000,34,,,,,FORCED_EOD,2,11.9000000000,7.8695720000,0.2380000000,8.1075720000,3.7924280000
reverse_convergence,2025-09-09 12:18:00-04:00,2025-09-09 12:19:00-04:00,2025-09-09 12:20:00-04:00,SHORT,LOW,-2.6269041659,0.0001474820,579.4396430688,579.5251000000,578.7247512364,579.5300000000,579.4140940000,579.2400000000,579.3558480000,34,,,,,CONVERGENCE,1,9.8600000000,7.8796360000,0.2380000000,8.1176360000,1.7423640000
reverse_convergence,2025-09-09 13:14:00-04:00,2025-09-09 13:15:00-04:00,2025-09-09 13:20:00-04:00,SHORT,LOW,-1.5797810367,-0.0003398737,579.9771189972,579.7800000000,578.8270805059,579.7800000000,579.6640440000,579.8000000000,579.9159600000,34,,,,,CONVERGENCE,5,-0.6800000000,7.8851440000,0.2380000000,8.1231440000,-8.8031440000
reverse_convergence,2025-09-09 14:13:00-04:00,2025-09-09 14:14:00-04:00,2025-09-09 15:59:00-04:00,LONG,HIGH,1.9052737701,0.0029153798,577.9692002840,579.6542000000,578.9587375900,579.6500000000,579.7659300000,580.4700000000,580.3539060000,34,,,,,FORCED_EOD,105,27.8800000000,7.8888160000,0.2380000000,8.1268160000,19.7531840000
reverse_convergence,2025-09-10 12:27:00-04:00,2025-09-10 12:28:00-04:00,2025-09-10 12:29:00-04:00,SHORT,LOW,-2.8629289124,0.0006336796,581.3566061644,581.7250000000,582.5258603633,581.7200000000,581.6036560000,581.6800000000,581.7963360000,34,,,,,CONVERGENCE,1,1.3600000000,7.9111200000,0.2380000000,8.1491200000,-6.7891200000
reverse_convergence,2025-09-10 13:11:00-04:00,2025-09-10 13:12:00-04:00,2025-09-10 13:13:00-04:00,SHORT,LOW,-2.6757196156,0.0002770825,581.7688020350,581.9300000000,582.4486518366,581.9500000000,581.8336100000,582.0550000000,582.1714110000,34,,,,,CONVERGENCE,1,-3.5700000000,7.9152340000,0.2380000000,8.1532340000,-11.7232340000
reverse_convergence,2025-09-10 13:42:00-04:00,2025-09-10 13:43:00-04:00,2025-09-10 15:59:00-04:00,LONG,HIGH,2.7720403886,0.0012740443,580.7301240999,581.4700000000,582.3538635457,581.4700000000,581.5862940000,580.7000000000,580.5838600000,34,,,,,FORCED_EOD,136,-26.1800000000,7.9027560000,0.2380000000,8.1407560000,-34.3207560000
reverse_convergence,2025-09-11 12:44:00-04:00,2025-09-11 12:45:00-04:00,2025-09-11 12:46:00-04:00,SHORT,LOW,-2.5526643797,0.0006439629,583.7790679299,584.1550000000,583.5371981661,584.1500000000,584.0331700000,584.0400000000,584.1568080000,34,,,,,CONVERGENCE,1,3.7400000000,7.9436920000,0.2380000000,8.1816920000,-4.4416920000
reverse_convergence,2025-09-11 15:53:00-04:00,2025-09-11 15:54:00-04:00,2025-09-11 15:55:00-04:00,SHORT,LOW,-2.0421814721,0.0011387809,583.8900771047,584.5550000000,583.8317220883,584.5500000000,584.4330900000,584.6700000000,584.7869340000,34,,,,,CONVERGENCE,1,-4.0800000000,7.9506960000,0.2380000000,8.1886960000,-12.2686960000
reverse_convergence,2025-09-15 12:09:00-04:00,2025-09-15 12:10:00-04:00,2025-09-15 12:11:00-04:00,LONG,HIGH,2.5605233230,-0.0019770413,592.1507063776,590.9800000000,590.0167629792,590.9800000000,591.0981960000,590.9200000000,590.8018160000,33,,,,,CONVERGENCE,1,-1.9800000000,7.8005400000,0.2310000000,8.0315400000,-10.0115400000
reverse_convergence,2025-09-15 14:04:00-04:00,2025-09-15 14:05:00-04:00,2025-09-15 14:45:00-04:00,SHORT,LOW,-2.7435276438,-0.0008167527,591.5831771347,591.1000000000,590.2189349973,591.1000000000,590.9817800000,590.2200000000,590.3380440000,33,,,,,CONVERGENCE,40,29.0400000000,7.7967120000,0.2310000000,8.0277120000,21.0122880000
reverse_convergence,2025-09-15 15:57:00-04:00,2025-09-15 15:58:00-04:00,2025-09-15 15:59:00-04:00,SHORT,LOW,-2.7046521876,-0.0011212132,592.1289027218,591.4650000000,590.3893936448,591.4600000000,591.3417080000,591.7000000000,591.8183400000,33,,,,,FORCED_EOD,1,-7.9200000000,7.8088560000,0.2310000000,8.0398560000,-15.9598560000
reverse_convergence,2025-09-16 13:33:00-04:00,2025-09-16 13:34:00-04:00,2025-09-16 15:59:00-04:00,LONG,HIGH,2.7522838389,0.0013993285,590.5336494112,591.3600000000,591.4144884206,591.3600000000,591.4782720000,591.1700000000,591.0517660000,33,,,,,FORCED_EOD,145,-6.2700000000,7.8046980000,0.2310000000,8.0356980000,-14.3056980000
reverse_convergence,2025-09-17 13:37:00-04:00,2025-09-17 13:38:00-04:00,2025-09-17 14:05:00-04:00,SHORT,LOW,-2.1529298730,-0.0017669404,590.1126939854,589.0700000000,589.1909822690,589.0700000000,588.9521860000,590.7900000000,590.9081580000,33,,,,,CONVERGENCE,27,-56.7600000000,7.7870760000,0.2310000000,8.0180760000,-64.7780760000
reverse_convergence,2025-09-18 13:51:00-04:00,2025-09-18 13:52:00-04:00,2025-09-18 13:53:00-04:00,LONG,HIGH,2.3636709663,-0.0006176503,596.7485819416,596.3800000000,596.3339171005,596.3899000000,596.5091779800,596.4600000000,596.3407080000,33,,,,,CONVERGENCE,1,2.3133000000,7.8728093400,0.2310000000,8.1038093400,-5.7905093400
reverse_convergence,2025-09-18 15:18:00-04:00,2025-09-18 15:19:00-04:00,2025-09-18 15:59:00-04:00,SHORT,LOW,-2.3522767469,-0.0012446462,597.2233317597,596.4800000000,596.3510508081,596.4800000000,596.3607040000,595.3800000000,595.4990760000,33,,,,,FORCED_EOD,40,36.3000000000,7.8662760000,0.2310000000,8.0972760000,28.2027240000
reverse_convergence,2025-09-19 14:29:00-04:00,2025-09-19 14:30:00-04:00,2025-09-19 15:53:00-04:00,LONG,HIGH,2.8067277104,0.0009604486,597.6559821470,598.2300000000,597.4502226032,598.2300000000,598.3496460000,599.2700000000,599.1501460000,33,,,,,CONVERGENCE,83,34.3200000000,7.9035000000,0.2310000000,8.1345000000,26.1855000000
reverse_convergence,2025-09-19 15:56:00-04:00,2025-09-19 15:57:00-04:00,2025-09-19 15:59:00-04:00,SHORT,LOW,-2.5680544235,-0.0014001882,600.5008141427,599.6600000000,597.7772068807,599.6700000000,599.5500660000,599.4500000000,599.5698900000,33,,,,,FORCED_EOD,2,7.2600000000,7.9141920000,0.2310000000,8.1451920000,-0.8851920000
reverse_convergence,2025-09-22 12:10:00-04:00,2025-09-22 12:11:00-04:00,2025-09-22 15:59:00-04:00,SHORT,LOW,-2.4808634450,-0.0035149659,602.9995227698,600.8800000000,599.6447488376,600.8844000000,600.7642231200,602.2400000000,602.3604480000,33,,,,,FORCED_EOD,228,-44.7348000000,7.9406210400,0.2310000000,8.1716210400,-52.9064210400
reverse_convergence,2025-09-23 12:54:00-04:00,2025-09-23 12:55:00-04:00,2025-09-23 15:59:00-04:00,LONG,HIGH,3.3195022226,0.0023915162,599.3945382763,600.8280000000,601.1672170704,600.8200000000,600.9401640000,598.1400000000,598.0203720000,33,,,,,FORCED_EOD,184,-88.4400000000,7.9131360000,0.2310000000,8.1441360000,-96.5841360000
reverse_convergence,2025-09-24 14:33:00-04:00,2025-09-24 14:34:00-04:00,2025-09-24 15:59:00-04:00,LONG,HIGH,1.6589260887,0.0016194276,594.3974163925,595.3600000000,596.2998221564,595.3650000000,595.4840730000,596.0600000000,595.9407880000,33,,,,,FORCED_EOD,85,22.9350000000,7.8634050000,0.2310000000,8.0944050000,14.8405950000
reverse_convergence,2025-09-25 11:21:00-04:00,2025-09-25 11:22:00-04:00,2025-09-25 12:29:00-04:00,SHORT,LOW,-2.4268607873,-0.0013541571,594.2447007062,593.4400000000,591.5711125651,593.4600000000,593.3413080000,593.6000000000,593.7187200000,33,,,,,CONVERGENCE,67,-4.6200000000,7.8345960000,0.2310000000,8.0655960000,-12.6855960000
reverse_convergence,2025-09-26 11:41:00-04:00,2025-09-26 11:42:00-04:00,2025-09-26 13:11:00-04:00,LONG,HIGH,2.5991528821,0.0017247121,592.0888172601,593.1100000000,593.4925339954,593.1200000000,593.2386240000,595.4100000000,595.2909180000,33,,,,,CONVERGENCE,89,75.5700000000,7.8442980000,0.2310000000,8.0752980000,67.4947020000
reverse_convergence,2025-09-29 12:53:00-04:00,2025-09-29 12:54:00-04:00,2025-09-29 12:55:00-04:00,LONG,HIGH,2.0564018634,-0.0010296019,599.2319703492,598.6150000000,600.2417512081,598.6200000000,598.7397240000,598.5500000000,598.4302900000,33,,,,,CONVERGENCE,1,-2.3100000000,7.9013220000,0.2310000000,8.1323220000,-10.4423220000
reverse_convergence,2025-09-30 15:51:00-04:00,2025-09-30 15:52:00-04:00,2025-09-30 15:56:00-04:00,SHORT,LOW,-3.8873792129,-0.0000482480,600.1339552633,600.1050000000,597.9751575989,600.1050000000,599.9849790000,600.4000000000,600.5200800000,33,,,,,CONVERGENCE,4,-9.7350000000,7.9233330000,0.2310000000,8.1543330000,-17.8893330000
reverse_convergence,2025-10-01 15:20:00-04:00,2025-10-01 15:21:00-04:00,2025-10-01 15:59:00-04:00,LONG,HIGH,2.5839401637,0.0009034578,602.8553456556,603.4000000000,600.5894564561,603.4100000000,603.5306820000,603.2700000000,603.1493460000,33,,,,,FORCED_EOD,38,-4.6200000000,7.9640880000,0.2310000000,8.1950880000,-12.8150880000
reverse_convergence,2025-10-03 11:42:00-04:00,2025-10-03 11:43:00-04:00,2025-10-03 11:54:00-04:00,SHORT,LOW,-1.7692551202,-0.0013119351,606.7309916725,605.9350000000,606.0527771559,605.9799000000,605.8587040200,606.5399000000,606.6612079800,33,,,,,CONVERGENCE,11,-18.4800000000,8.0026306800,0.2310000000,8.2336306800,-26.7136306800
reverse_convergence,2025-10-03 13:32:00-04:00,2025-10-03 13:33:00-04:00,2025-10-03 15:59:00-04:00,LONG,HIGH,2.6686624153,0.0011833559,603.7555423071,604.4700000000,605.8551837913,604.4600000000,604.5808920000,603.1550000000,603.0343690000,33,,,,,FORCED_EOD,146,-43.0650000000,7.9702590000,0.2310000000,8.2012590000,-51.2662590000
reverse_convergence,2025-10-06 15:44:00-04:00,2025-10-06 15:45:00-04:00,2025-10-06 15:59:00-04:00,SHORT,LOW,-3.2876419392,-0.0031204384,610.2341982100,608.3300000000,607.8116855487,608.3300000000,608.2083340000,607.7100000000,607.8315420000,32,,,,,FORCED_EOD,14,19.8400000000,7.7826560000,0.2240000000,8.0066560000,11.8333440000
reverse_convergence,2025-10-07 14:06:00-04:00,2025-10-07 14:07:00-04:00,2025-10-07 14:08:00-04:00,SHORT,LOW,-2.2559125161,0.0002966400,603.5808537509,603.7599000000,605.9746579679,603.7800000000,603.6592440000,603.9549000000,604.0756909800,33,,,,,CONVERGENCE,1,-5.7717000000,7.9710503400,0.2310000000,8.2020503400,-13.9737503400
reverse_convergence,2025-10-08 12:23:00-04:00,2025-10-08 12:24:00-04:00,2025-10-08 12:25:00-04:00,SHORT,LOW,-2.4480677287,0.0015112469,608.8349001349,609.7550000000,608.0926040889,609.7600000000,609.6380480000,609.7700000000,609.8919540000,32,,,,,CONVERGENCE,1,-0.3200000000,7.8049920000,0.2240000000,8.0289920000,-8.3489920000
reverse_convergence,2025-10-08 14:38:00-04:00,2025-10-08 14:39:00-04:00,2025-10-08 15:59:00-04:00,LONG,HIGH,2.6387361792,0.0017609492,609.3720268145,610.4451000000,608.6492406345,610.4500000000,610.5720900000,611.4500000000,611.3277100000,32,,,,,FORCED_EOD,80,32.0000000000,7.8201600000,0.2240000000,8.0441600000,23.9558400000
reverse_convergence,2025-10-10 10:12:00-04:00,2025-10-10 10:13:00-04:00,2025-10-10 11:01:00-04:00,SHORT,LOW,-2.6008302844,-0.0025372898,613.8374835644,612.2800000000,612.2382413286,612.3100000000,612.1875380000,606.4600000000,606.5812920000,32,,,,,CONVERGENCE,48,187.2000000000,7.8001280000,0.2240000000,8.0241280000,179.1758720000
reverse_convergence,2025-10-10 12:49:00-04:00,2025-10-10 12:50:00-04:00,2025-10-10 15:59:00-04:00,LONG,HIGH,2.2475146631,0.0033975782,594.5400038712,596.5600000000,603.5560457569,596.5700000000,596.6893140000,589.4850000000,589.3671030000,33,,,,,FORCED_EOD,189,-233.8050000000,7.8279630000,0.2310000000,8.0589630000,-241.8639630000
reverse_convergence,2025-10-13 15:33:00-04:00,2025-10-13 15:34:00-04:00,2025-10-13 15:35:00-04:00,SHORT,LOW,-2.4637642049,0.0016138527,600.8702838400,601.8400000000,600.5606485713,601.8301000000,601.7097339800,601.9900000000,602.1103980000,33,,,,,CONVERGENCE,1,-5.2767000000,7.9452126600,0.2310000000,8.1762126600,-13.4529126600
reverse_convergence,2025-10-14 13:40:00-04:00,2025-10-14 13:41:00-04:00,2025-10-14 15:59:00-04:00,LONG,HIGH,2.4311744147,0.0023318530,600.2103975826,601.6100000000,597.0593289356,601.6300000000,601.7503260000,598.0500000000,597.9303900000,33,,,,,FORCED_EOD,138,-118.1400000000,7.9178880000,0.2310000000,8.1488880000,-126.2888880000
reverse_convergence,2025-10-15 15:56:00-04:00,2025-10-15 15:57:00-04:00,2025-10-15 15:59:00-04:00,LONG,HIGH,2.6895354537,0.0034777892,599.0085744286,601.0918000000,602.4865072519,601.0900000000,601.2102180000,602.1600000000,602.0395680000,33,,,,,FORCED_EOD,2,35.3100000000,7.9414500000,0.2310000000,8.1724500000,27.1375500000
reverse_convergence,2025-10-16 12:18:00-04:00,2025-10-16 12:19:00-04:00,2025-10-16 12:20:00-04:00,LONG,HIGH,1.7459257810,-0.0017190290,603.4162901064,602.3790000000,605.4920199080,602.4000000000,602.5204800000,601.9300000000,601.8096140000,33,,,,,CONVERGENCE,1,-15.5100000000,7.9485780000,0.2310000000,8.1795780000,-23.6895780000
reverse_convergence,2025-10-17 12:34:00-04:00,2025-10-17 12:35:00-04:00,2025-10-17 12:36:00-04:00,SHORT,LOW,-2.4018697943,0.0002182278,602.3985398684,602.5300000000,599.8045056685,602.5336000000,602.4130932800,602.3600000000,602.4804720000,33,,,,,CONVERGENCE,1,5.7288000000,7.9522977600,0.2310000000,8.1832977600,-2.4544977600
reverse_convergence,2025-10-17 14:39:00-04:00,2025-10-17 14:40:00-04:00,2025-10-17 14:41:00-04:00,LONG,HIGH,2.9497834819,-0.0004636060,604.5652800720,604.2850000000,600.4914782874,604.2500000000,604.3708500000,604.4000000000,604.2791200000,33,,,,,CONVERGENCE,1,4.9500000000,7.9770900000,0.2310000000,8.2080900000,-3.2580900000
reverse_convergence,2025-10-17 15:53:00-04:00,2025-10-17 15:54:00-04:00,2025-10-17 15:59:00-04:00,LONG,HIGH,2.8853555793,0.0004764071,603.7323776111,604.0200000000,600.9497531381,603.9900000000,604.1107980000,603.8800000000,603.7592240000,33,,,,,FORCED_EOD,5,-3.6300000000,7.9719420000,0.2310000000,8.2029420000,-11.8329420000
reverse_convergence,2025-10-20 15:56:00-04:00,2025-10-20 15:57:00-04:00,2025-10-20 15:59:00-04:00,LONG,HIGH,2.9898654439,0.0009478026,611.3755366491,611.9550000000,611.2330875878,611.9500000000,612.0723900000,611.5500000000,611.4276900000,32,,,,,FORCED_EOD,2,-12.8000000000,7.8304000000,0.2240000000,8.0544000000,-20.8544000000
reverse_convergence,2025-10-22 11:02:00-04:00,2025-10-22 11:03:00-04:00,2025-10-22 11:27:00-04:00,LONG,HIGH,2.4998415676,0.0002084545,608.4831589261,608.6100000000,608.8315139543,608.6000000000,608.7217200000,605.7700000000,605.6488460000,32,,,,,CONVERGENCE,24,-90.5600000000,7.7719680000,0.2240000000,7.9959680000,-98.5559680000
reverse_convergence,2025-10-22 15:50:00-04:00,2025-10-22 15:51:00-04:00,2025-10-22 15:52:00-04:00,SHORT,LOW,-2.7054179717,0.0005083772,604.6725982286,604.9800000000,605.5514321588,604.9800000000,604.8590040000,605.2700000000,605.3910540000,33,,,,,CONVERGENCE,1,-9.5700000000,7.9876500000,0.2310000000,8.2186500000,-17.7886500000
reverse_convergence,2025-10-23 11:02:00-04:00,2025-10-23 11:03:00-04:00,2025-10-23 12:16:00-04:00,SHORT,LOW,-2.0859091794,-0.0011193798,609.3821300640,608.7000000000,607.5916507442,608.7000000000,608.5782600000,609.8700000000,609.9919740000,32,,,,,CONVERGENCE,73,-37.4400000000,7.7988480000,0.2240000000,8.0228480000,-45.4628480000
reverse_convergence,2025-10-23 15:51:00-04:00,2025-10-23 15:52:00-04:00,2025-10-23 15:59:00-04:00,LONG,HIGH,3.3081406844,0.0020094261,608.9962669976,610.2200000000,609.0458577995,610.2400000000,610.3620480000,610.6000000000,610.4778800000,32,,,,,FORCED_EOD,7,11.5200000000,7.8133760000,0.2240000000,8.0373760000,3.4826240000
reverse_convergence,2025-10-24 15:53:00-04:00,2025-10-24 15:54:00-04:00,2025-10-24 15:55:00-04:00,LONG,HIGH,2.5824979651,-0.0022112056,619.0989550849,617.7300000000,617.3487467973,617.7200000000,617.8435440000,617.5800000000,617.4564840000,32,,,,,CONVERGENCE,1,-4.4800000000,7.9059200000,0.2240000000,8.1299200000,-12.6099200000
reverse_convergence,2025-10-24 15:56:00-04:00,2025-10-24 15:57:00-04:00,2025-10-24 15:58:00-04:00,LONG,HIGH,2.8134238375,-0.0013591537,618.0488233512,617.2088000000,617.3516529568,617.2100000000,617.3334420000,617.2600000000,617.1365480000,32,,,,,CONVERGENCE,1,1.6000000000,7.9006080000,0.2240000000,8.1246080000,-6.5246080000
reverse_convergence,2025-10-27 15:52:00-04:00,2025-10-27 15:53:00-04:00,2025-10-27 15:59:00-04:00,SHORT,LOW,-2.2340060845,-0.0008727480,628.6286344123,628.0800000000,626.4420200546,628.0700000000,627.9443860000,628.0800000000,628.2056160000,31,,,,,FORCED_EOD,6,-0.3100000000,7.7881300000,0.2170000000,8.0051300000,-8.3151300000
reverse_convergence,2025-10-28 11:40:00-04:00,2025-10-28 11:41:00-04:00,2025-10-28 11:42:00-04:00,SHORT,LOW,-0.8787711829,0.0021571752,628.7436897163,630.1000000000,630.3578622655,630.1100000000,629.9839780000,630.0000000000,630.1260000000,31,,,,,CONVERGENCE,1,3.4100000000,7.8126820000,0.2170000000,8.0296820000,-4.6196820000
reverse_convergence,2025-10-28 12:41:00-04:00,2025-10-28 12:42:00-04:00,2025-10-28 12:43:00-04:00,SHORT,LOW,-2.7815224796,0.0000951797,631.6498797505,631.7100000000,630.6112024504,631.7000000000,631.5736600000,631.6800000000,631.8063360000,31,,,,,CONVERGENCE,1,0.6200000000,7.8329560000,0.2170000000,8.0499560000,-7.4299560000
reverse_convergence,2025-10-29 15:41:00-04:00,2025-10-29 15:42:00-04:00,2025-10-29 15:43:00-04:00,SHORT,LOW,-2.7616261308,0.0011955410,633.0132067409,633.7700000000,634.5825470329,633.7400000000,633.6132520000,633.3200000000,633.4466640000,31,,,,,CONVERGENCE,1,13.0200000000,7.8557720000,0.2170000000,8.0727720000,4.9472280000
reverse_convergence,2025-10-30 12:04:00-04:00,2025-10-30 12:05:00-04:00,2025-10-30 12:06:00-04:00,SHORT,LOW,-2.7558198892,0.0004617629,629.6392559676,629.9300000000,630.2723856019,629.9101000000,629.7841179800,630.1100000000,630.2360220000,31,,,,,CONVERGENCE,1,-6.1969000000,7.8121246200,0.2170000000,8.0291246200,-14.2260246200
reverse_convergence,2025-10-30 13:54:00-04:00,2025-10-30 13:55:00-04:00,2025-10-30 13:58:00-04:00,SHORT,LOW,-2.5243609228,0.0000377891,630.8511607323,630.8750000000,630.3098371766,630.8500000000,630.7238300000,630.7600000000,630.8861520000,31,,,,,CONVERGENCE,3,2.7900000000,7.8219820000,0.2170000000,8.0389820000,-5.2489820000
reverse_convergence,2025-10-30 15:56:00-04:00,2025-10-30 15:57:00-04:00,2025-10-30 15:59:00-04:00,SHORT,LOW,-2.8083913062,-0.0021980033,627.8850934848,626.5050000000,629.7069923449,626.5000000000,626.3747000000,626.0100000000,626.1352020000,31,,,,,FORCED_EOD,2,15.1900000000,7.7655620000,0.2170000000,7.9825620000,7.2074380000
reverse_convergence,2025-10-31 15:55:00-04:00,2025-10-31 15:56:00-04:00,2025-10-31 15:59:00-04:00,LONG,HIGH,2.6632885050,0.0044369982,627.2568624262,630.0400000000,630.6113799042,630.0600000000,630.1860120000,629.1900000000,629.0641620000,31,,,,,FORCED_EOD,3,-26.9700000000,7.8073500000,0.2170000000,8.0243500000,-34.9943500000
reverse_convergence,2025-11-03 11:56:00-05:00,2025-11-03 11:57:00-05:00,2025-11-03 12:53:00-05:00,SHORT,LOW,-1.6989278567,-0.0001027873,632.2349857322,632.1700000000,632.2809979481,632.1600000000,632.0335680000,632.8924000000,633.0189784800,31,,,,,CONVERGENCE,56,-22.7044000000,7.8433248800,0.2170000000,8.0603248800,-30.7647248800
reverse_convergence,2025-11-03 14:59:00-05:00,2025-11-03 15:00:00-05:00,2025-11-03 15:01:00-05:00,SHORT,LOW,-2.8898273552,0.0030443653,630.3445010523,632.2635000000,632.3556472454,632.2800000000,632.1535440000,632.4300000000,632.5564860000,31,,,,,CONVERGENCE,1,-4.6500000000,7.8412020000,0.2170000000,8.0582020000,-12.7082020000
reverse_convergence,2025-11-04 14:03:00-05:00,2025-11-04 14:04:00-05:00,2025-11-04 15:59:00-05:00,SHORT,LOW,-2.3921908787,-0.0016156327,622.7411208912,621.7350000000,623.4019183304,621.7500000000,621.6256500000,619.2400000000,619.3638480000,32,,,,,FORCED_EOD,115,80.3200000000,7.9423360000,0.2240000000,8.1663360000,72.1536640000
reverse_convergence,2025-11-05 11:38:00-05:00,2025-11-05 11:39:00-05:00,2025-11-05 15:59:00-05:00,LONG,HIGH,2.2540899740,0.0010811049,622.6568426234,623.3300000000,621.1808047793,623.3500000000,623.4746700000,623.2900000000,623.1653420000,32,,,,,FORCED_EOD,260,-1.9200000000,7.9784960000,0.2240000000,8.2024960000,-10.1224960000
reverse_convergence,2025-11-06 14:56:00-05:00,2025-11-06 14:57:00-05:00,2025-11-06 14:58:00-05:00,SHORT,LOW,-2.1819691347,0.0010744928,614.4397888858,615.1000000000,614.7278801967,615.0800000000,614.9569840000,615.5600000000,615.6831120000,32,,,,,CONVERGENCE,1,-15.3600000000,7.8760960000,0.2240000000,8.1000960000,-23.4600960000
reverse_convergence,2025-11-06 15:55:00-05:00,2025-11-06 15:56:00-05:00,2025-11-06 15:59:00-05:00,LONG,HIGH,1.6036650625,0.0028401239,610.0473898531,611.7800000000,614.5716615941,611.7800000000,611.9023560000,611.7000000000,611.5776600000,32,,,,,FORCED_EOD,3,-2.5600000000,7.8302720000,0.2240000000,8.0542720000,-10.6142720000
reverse_convergence,2025-11-07 15:51:00-05:00,2025-11-07 15:52:00-05:00,2025-11-07 15:56:00-05:00,SHORT,LOW,-1.6904896265,-0.0008452334,608.9246834872,608.4100000000,604.0718372343,608.4000000000,608.2783200000,609.1400000000,609.2618280000,32,,,,,CONVERGENCE,4,-23.6800000000,7.7922560000,0.2240000000,8.0162560000,-31.6962560000
reverse_convergence,2025-11-10 13:45:00-05:00,2025-11-10 13:46:00-05:00,2025-11-10 14:06:00-05:00,SHORT,LOW,-2.4922090667,-0.0004328387,622.4338134553,622.1644000000,620.0565516429,622.1650000000,622.0405670000,621.9600000000,622.0843920000,32,,,,,CONVERGENCE,20,6.5600000000,7.9624000000,0.2240000000,8.1864000000,-1.6264000000
reverse_convergence,2025-11-11 15:52:00-05:00,2025-11-11 15:53:00-05:00,2025-11-11 15:54:00-05:00,LONG,HIGH,2.5082288770,-0.0015760334,623.2923295540,622.3100000000,620.3968234072,622.3000000000,622.4244600000,622.4800000000,622.3555040000,32,,,,,CONVERGENCE,1,5.7600000000,7.9665920000,0.2240000000,8.1905920000,-2.4305920000
reverse_convergence,2025-11-17 11:13:00-05:00,2025-11-17 11:14:00-05:00,2025-11-17 11:17:00-05:00,SHORT,LOW,-3.0003184147,-0.0006948740,606.7790350004,606.3574000000,609.1619365919,606.3000000000,606.1787400000,605.1200000000,605.2410240000,32,,,,,CONVERGENCE,3,37.7600000000,7.7530880000,0.2240000000,7.9770880000,29.7829120000
reverse_convergence,2025-11-18 10:38:00-05:00,2025-11-18 10:39:00-05:00,2025-11-18 15:59:00-05:00,LONG,HIGH,2.4727766086,0.0010718199,593.4938814644,594.1300000000,596.5186035274,594.1100000000,594.2288220000,596.3300000000,596.2107340000,33,,,,,FORCED_EOD,320,73.2600000000,7.8569040000,0.2310000000,8.0879040000,65.1720960000
reverse_convergence,2025-11-19 12:44:00-05:00,2025-11-19 12:45:00-05:00,2025-11-19 12:46:00-05:00,LONG,HIGH,2.7520268114,-0.0015409919,598.0916543665,597.1700000000,600.9002400002,597.1600000000,597.2794320000,596.3401000000,596.2208319800,33,,,,,CONVERGENCE,1,-27.0567000000,7.8771006600,0.2310000000,8.1081006600,-35.1648006600
reverse_convergence,2025-11-19 15:50:00-05:00,2025-11-19 15:51:00-05:00,2025-11-19 15:52:00-05:00,LONG,HIGH,1.5838268639,-0.0005007923,600.1005257170,599.8000000000,600.0332648637,599.7900000000,599.9099580000,600.1600000000,600.0399680000,33,,,,,CONVERGENCE,1,12.2100000000,7.9196700000,0.2310000000,8.1506700000,4.0593300000
reverse_convergence,2025-11-20 11:54:00-05:00,2025-11-20 11:55:00-05:00,2025-11-20 15:55:00-05:00,LONG,HIGH,2.5273615217,0.0022200950,596.7900693264,598.1150000000,608.2492457826,598.1500000000,598.2696300000,585.7000000000,585.5828600000,33,,,,,CONVERGENCE,240,-410.8500000000,7.8134100000,0.2310000000,8.0444100000,-418.8944100000
reverse_convergence,2025-11-24 15:55:00-05:00,2025-11-24 15:56:00-05:00,2025-11-24 15:57:00-05:00,SHORT,LOW,-0.6040112542,0.0011126042,605.6519491207,606.3258000000,602.6700025283,606.3200000000,606.1987360000,606.1700000000,606.2912340000,32,,,,,CONVERGENCE,1,4.8000000000,7.7599360000,0.2240000000,7.9839360000,-3.1839360000
reverse_convergence,2025-11-25 13:59:00-05:00,2025-11-25 14:00:00-05:00,2025-11-25 14:01:00-05:00,LONG,HIGH,2.5900563368,-0.0017490414,608.6044744165,607.5400000000,603.1103550456,607.5400000000,607.6615080000,607.6700000000,607.5484660000,32,,,,,CONVERGENCE,1,4.1600000000,7.7773440000,0.2240000000,8.0013440000,-3.8413440000
reverse_convergence,2025-11-25 15:05:00-05:00,2025-11-25 15:06:00-05:00,2025-11-25 15:55:00-05:00,SHORT,LOW,-2.7243889198,-0.0006319952,608.1943759245,607.8100000000,603.5948404365,607.8200000000,607.6984360000,609.7200000000,609.8419440000,32,,,,,CONVERGENCE,49,-60.8000000000,7.7922560000,0.2240000000,8.0162560000,-68.8162560000
reverse_convergence,2025-11-26 15:55:00-05:00,2025-11-26 15:56:00-05:00,2025-11-26 15:59:00-05:00,LONG,HIGH,1.5700333104,0.0025087119,613.0969164540,614.6350000000,614.1098817640,614.6300000000,614.7529260000,614.3100000000,614.1871380000,32,,,,,FORCED_EOD,3,-10.2400000000,7.8652160000,0.2240000000,8.0892160000,-18.3292160000
reverse_convergence,2025-12-01 12:06:00-05:00,2025-12-01 12:07:00-05:00,2025-12-01 12:08:00-05:00,LONG,HIGH,2.2668841317,-0.0001623661,618.6104413699,618.5100000000,615.7033690144,618.5144000000,618.6381028800,618.5700000000,618.4462860000,32,,,,,CONVERGENCE,1,1.7792000000,7.9173401600,0.2240000000,8.1413401600,-6.3621401600
reverse_convergence,2025-12-02 11:02:00-05:00,2025-12-02 11:03:00-05:00,2025-12-02 11:28:00-05:00,SHORT,LOW,-3.1431629088,-0.0026169620,625.1159045501,623.4800000000,621.9501616955,623.5000000000,623.3753000000,618.8014000000,618.9251602800,32,,,,,CONVERGENCE,25,150.3552000000,7.9507289600,0.2240000000,8.1747289600,142.1804710400
reverse_convergence,2025-12-02 13:47:00-05:00,2025-12-02 13:48:00-05:00,2025-12-02 15:59:00-05:00,LONG,HIGH,2.7523900103,0.0028110926,619.3688966781,621.1100000000,621.2170286956,621.1200000000,621.2442240000,622.0700000000,621.9455860000,32,,,,,FORCED_EOD,131,30.4000000000,7.9564160000,0.2240000000,8.1804160000,22.2195840000
reverse_convergence,2025-12-03 10:34:00-05:00,2025-12-03 10:35:00-05:00,2025-12-03 10:50:00-05:00,SHORT,LOW,-3.3829184083,-0.0024196780,623.1277685351,621.6200000000,619.9885947515,621.6400000000,621.5156720000,621.8300000000,621.9543660000,32,,,,,CONVERGENCE,15,-6.0800000000,7.9582080000,0.2240000000,8.1822080000,-14.2622080000
reverse_convergence,2025-12-03 11:57:00-05:00,2025-12-03 11:58:00-05:00,2025-12-03 15:59:00-05:00,LONG,HIGH,2.6221165718,0.0020045329,619.3484955428,620.5900000000,620.7158029249,620.6200000000,620.7441240000,623.5300000000,623.4052940000,32,,,,,FORCED_EOD,241,93.1200000000,7.9625600000,0.2240000000,8.1865600000,84.9334400000
reverse_convergence,2025-12-04 10:23:00-05:00,2025-12-04 10:24:00-05:00,2025-12-04 12:45:00-05:00,LONG,HIGH,2.2829051859,0.0027105324,620.0493361796,621.7300000000,622.1499275812,621.6700000000,621.7943340000,622.5600000000,622.4354880000,32,,,,,CONVERGENCE,141,28.4800000000,7.9630720000,0.2240000000,8.1870720000,20.2929280000
reverse_convergence,2025-12-05 12:41:00-05:00,2025-12-05 12:42:00-05:00,2025-12-05 12:43:00-05:00,SHORT,LOW,-2.6152030057,0.0005332495,624.3020912027,624.6350000000,626.1653374412,624.6400000000,624.5150720000,624.6500000000,624.7749300000,32,,,,,CONVERGENCE,1,-0.3200000000,7.9954560000,0.2240000000,8.2194560000,-8.5394560000
reverse_convergence,2025-12-08 11:04:00-05:00,2025-12-08 11:05:00-05:00,2025-12-08 15:59:00-05:00,SHORT,LOW,-2.5512887305,-0.0028709238,625.4054914827,623.6100000000,626.1045977809,623.6000000000,623.4752800000,624.1800000000,624.3048360000,32,,,,,FORCED_EOD,294,-18.5600000000,7.9857920000,0.2240000000,8.2097920000,-26.7697920000
reverse_convergence,2025-12-09 15:51:00-05:00,2025-12-09 15:52:00-05:00,2025-12-09 15:53:00-05:00,SHORT,LOW,-2.7386349708,0.0005470929,625.0880187588,625.4300000000,624.5168553588,625.4200000000,625.2949160000,625.2400000000,625.3650480000,31,,,,,CONVERGENCE,1,5.5800000000,7.7540920000,0.2170000000,7.9710920000,-2.3910920000
reverse_convergence,2025-12-10 13:02:00-05:00,2025-12-10 13:03:00-05:00,2025-12-10 15:59:00-05:00,LONG,HIGH,2.6992002911,0.0011075401,623.2996705987,623.9900000000,623.1831906471,624.0200000000,624.1448040000,627.5500000000,627.4244900000,32,,,,,FORCED_EOD,176,112.9600000000,8.0100480000,0.2240000000,8.2340480000,104.7259520000
reverse_convergence,2025-12-11 12:46:00-05:00,2025-12-11 12:47:00-05:00,2025-12-11 13:24:00-05:00,LONG,HIGH,1.9959377258,0.0001094037,623.7017647020,623.7700000000,621.2123653390,623.7700000000,623.8947540000,623.3500000000,623.2253300000,32,,,,,CONVERGENCE,37,-13.4400000000,7.9815680000,0.2240000000,8.2055680000,-21.6455680000
reverse_convergence,2025-12-11 13:26:00-05:00,2025-12-11 13:27:00-05:00,2025-12-11 15:43:00-05:00,SHORT,LOW,-3.2106425381,-0.0019394509,624.2606228114,623.0499000000,621.3858775200,623.0400000000,622.9153920000,624.7000000000,624.8249400000,32,,,,,CONVERGENCE,136,-53.1200000000,7.9855360000,0.2240000000,8.2095360000,-61.3295360000
reverse_convergence,2025-12-12 11:00:00-05:00,2025-12-12 11:01:00-05:00,2025-12-12 11:02:00-05:00,LONG,HIGH,2.8344023113,-0.0007065706,615.3147633197,614.8800000000,619.2950949070,614.9250000000,615.0479850000,614.5100000000,614.3870980000,32,,,,,CONVERGENCE,1,-13.2800000000,7.8683840000,0.2240000000,8.0923840000,-21.3723840000
reverse_convergence,2025-12-17 14:55:00-05:00,2025-12-17 14:56:00-05:00,2025-12-17 14:57:00-05:00,LONG,HIGH,2.6729785608,-0.0038212028,605.0018347063,602.6900000000,605.5462367631,602.6800000000,602.8005360000,602.5744000000,602.4538851200,33,,,,,CONVERGENCE,1,-3.4848000000,7.9546790400,0.2310000000,8.1856790400,-11.6704790400
reverse_convergence,2025-12-17 15:51:00-05:00,2025-12-17 15:52:00-05:00,2025-12-17 15:53:00-05:00,LONG,HIGH,2.8562478619,-0.0018602070,602.2703475052,601.1500000000,605.1411739596,601.1400000000,601.2602280000,601.1600000000,601.0397680000,33,,,,,CONVERGENCE,1,0.6600000000,7.9351800000,0.2310000000,8.1661800000,-7.5061800000
reverse_convergence,2025-12-19 15:51:00-05:00,2025-12-19 15:52:00-05:00,2025-12-19 15:53:00-05:00,SHORT,LOW,-1.6089938931,0.0010736196,616.3382871408,617.0000000000,615.9948290613,617.0100000000,616.8865980000,616.9450000000,617.0683890000,32,,,,,CONVERGENCE,1,2.0800000000,7.8973120000,0.2240000000,8.1213120000,-6.0413120000
reverse_convergence,2025-12-19 15:56:00-05:00,2025-12-19 15:57:00-05:00,2025-12-19 15:59:00-05:00,SHORT,LOW,-3.0972642023,-0.0013374408,617.5809779898,616.7550000000,616.0291201581,616.7600000000,616.6366480000,617.2400000000,617.3634480000,32,,,,,FORCED_EOD,2,-15.3600000000,7.8976000000,0.2240000000,8.1216000000,-23.4816000000
reverse_convergence,2025-12-22 13:39:00-05:00,2025-12-22 13:40:00-05:00,2025-12-22 13:41:00-05:00,SHORT,LOW,-2.4827398881,-0.0001157968,619.3017131347,619.2300000000,619.4946271318,619.2300000000,619.1061540000,619.1937000000,619.3175387400,32,,,,,CONVERGENCE,1,1.1616000000,7.9259116800,0.2240000000,8.1499116800,-6.9883116800
reverse_convergence,2025-12-23 12:34:00-05:00,2025-12-23 12:35:00-05:00,2025-12-23 12:36:00-05:00,LONG,HIGH,2.7079486044,-0.0015218517,621.8563731561,620.9100000000,620.0529361637,620.9100000000,621.0341820000,620.8600000000,620.7358280000,32,,,,,CONVERGENCE,1,-1.6000000000,7.9473280000,0.2240000000,8.1713280000,-9.7713280000
reverse_convergence,2025-12-23 13:46:00-05:00,2025-12-23 13:47:00-05:00,2025-12-23 15:59:00-05:00,SHORT,LOW,-2.2981488361,-0.0027043731,622.9747561685,621.2900000000,620.2223002518,621.2800000000,621.1557440000,622.2100000000,622.3344420000,32,,,,,FORCED_EOD,132,-29.7600000000,7.9583360000,0.2240000000,8.1823360000,-37.9423360000
reverse_convergence,2025-12-24 12:56:00-05:00,2025-12-24 12:57:00-05:00,2025-12-24 12:59:00-05:00,LONG,HIGH,2.5908471787,0.0011432047,623.3274091995,624.0400000000,623.0640702371,624.0300000000,624.1548060000,623.9400000000,623.8152120000,32,,,,,FORCED_EOD,2,-2.8800000000,7.9870080000,0.2240000000,8.2110080000,-11.0910080000
reverse_convergence,2025-12-26 13:34:00-05:00,2025-12-26 13:35:00-05:00,2025-12-26 15:28:00-05:00,SHORT,LOW,-2.8107841900,-0.0010550167,624.6889572530,624.0299000000,624.2703176510,624.0400000000,623.9151920000,624.1000000000,624.2248200000,32,,,,,CONVERGENCE,113,-1.9200000000,7.9880960000,0.2240000000,8.2120960000,-10.1320960000
reverse_convergence,2025-12-26 15:51:00-05:00,2025-12-26 15:52:00-05:00,2025-12-26 15:59:00-05:00,LONG,HIGH,2.9600405713,0.0006004937,623.5955348319,623.9700000000,624.2577762455,623.9700000000,624.0947940000,623.8400000000,623.7152320000,32,,,,,FORCED_EOD,7,-4.1600000000,7.9859840000,0.2240000000,8.2099840000,-12.3699840000
reverse_convergence,2025-12-29 14:05:00-05:00,2025-12-29 14:06:00-05:00,2025-12-29 14:07:00-05:00,LONG,HIGH,2.3798351618,-0.0003359656,619.9982980940,619.7900000000,620.3067809848,619.7900000000,619.9139580000,619.7700000000,619.6460460000,32,,,,,CONVERGENCE,1,-0.6400000000,7.9331840000,0.2240000000,8.1571840000,-8.7971840000
reverse_convergence,2025-12-30 11:06:00-05:00,2025-12-30 11:07:00-05:00,2025-12-30 11:10:00-05:00,SHORT,LOW,-2.0064181992,-0.0001805624,621.4022018551,621.2900000000,620.4403814701,621.2900000000,621.1657420000,621.1900000000,621.3142380000,32,,,,,CONVERGENCE,3,3.2000000000,7.9518720000,0.2240000000,8.1758720000,-4.9758720000
reverse_convergence,2026-01-05 15:31:00-05:00,2026-01-05 15:32:00-05:00,2026-01-05 15:33:00-05:00,SHORT,LOW,-2.8201199962,0.0016691240,617.2796836381,618.3100000000,618.8109265135,618.3200000000,618.1963360000,618.2750000000,618.3986550000,32,,,,,CONVERGENCE,1,1.4400000000,7.9142080000,0.2240000000,8.1382080000,-6.6982080000
reverse_convergence,2026-01-05 15:36:00-05:00,2026-01-05 15:37:00-05:00,2026-01-05 15:38:00-05:00,SHORT,LOW,-2.6397590673,0.0009796514,617.6848841610,618.2900000000,618.8035526823,618.2910000000,618.1673418000,618.2600000000,618.3836520000,32,,,,,CONVERGENCE,1,0.9920000000,7.9139264000,0.2240000000,8.1379264000,-7.1459264000
reverse_convergence,2026-01-06 11:05:00-05:00,2026-01-06 11:06:00-05:00,2026-01-06 12:28:00-05:00,LONG,HIGH,2.7010707398,0.0024642693,618.3562038198,619.8800000000,620.9772273151,619.8900000000,620.0139780000,621.7300000000,621.6056540000,32,,,,,CONVERGENCE,82,58.8800000000,7.9463680000,0.2240000000,8.1703680000,50.7096320000
reverse_convergence,2026-01-06 14:04:00-05:00,2026-01-06 14:05:00-05:00,2026-01-06 15:59:00-05:00,LONG,HIGH,2.8365703037,0.0030211320,621.2031632296,623.0799000000,621.2059015049,623.0750000000,623.1996150000,623.4700000000,623.3453060000,32,,,,,FORCED_EOD,114,12.6400000000,7.9778880000,0.2240000000,8.2018880000,4.4381120000
reverse_convergence,2026-01-07 13:41:00-05:00,2026-01-07 13:42:00-05:00,2026-01-07 13:51:00-05:00,LONG,HIGH,1.9861973951,0.0003261019,627.0555160330,627.2600000000,625.5479711320,627.2600000000,627.3854520000,627.4500000000,627.3245100000,31,,,,,CONVERGENCE,9,5.8900000000,7.7792020000,0.2170000000,7.9962020000,-2.1062020000
reverse_convergence,2026-01-08 12:32:00-05:00,2026-01-08 12:33:00-05:00,2026-01-08 13:51:00-05:00,LONG,HIGH,2.7482362438,0.0018060285,618.9920826599,620.1100000000,619.9197622407,620.1300000000,620.2540260000,619.9100000000,619.7860180000,32,,,,,CONVERGENCE,78,-7.0400000000,7.9362560000,0.2240000000,8.1602560000,-15.2002560000
reverse_convergence,2026-01-08 14:43:00-05:00,2026-01-08 14:44:00-05:00,2026-01-08 14:45:00-05:00,SHORT,LOW,-2.6521927227,0.0002237360,618.6915764071,618.8300000000,619.8559278075,618.8455000000,618.7217309000,618.9700000000,619.0937940000,32,,,,,CONVERGENCE,1,-3.9840000000,7.9220192000,0.2240000000,8.1460192000,-12.1300192000
reverse_convergence,2026-01-09 13:56:00-05:00,2026-01-09 13:57:00-05:00,2026-01-09 13:58:00-05:00,SHORT,LOW,-2.6609604308,0.0005463011,626.8575470092,627.2000000000,623.8667428951,627.2100000000,627.0845580000,627.4350000000,627.5604870000,31,,,,,CONVERGENCE,1,-6.9750000000,7.7787990000,0.2170000000,7.9957990000,-14.9707990000
reverse_convergence,2026-01-09 15:53:00-05:00,2026-01-09 15:54:00-05:00,2026-01-09 15:58:00-05:00,LONG,HIGH,3.1296792071,0.0004609593,626.7760817205,627.0650000000,624.6728099438,627.0600000000,627.1854120000,627.0300000000,626.9045940000,31,,,,,CONVERGENCE,4,-0.9300000000,7.7753580000,0.2170000000,7.9923580000,-8.9223580000
reverse_convergence,2026-01-12 15:52:00-05:00,2026-01-12 15:53:00-05:00,2026-01-12 15:59:00-05:00,LONG,HIGH,2.7118200503,0.0031493642,625.6196957544,627.5900000000,626.6576124827,627.5900000000,627.7155180000,627.1900000000,627.0645620000,31,,,,,FORCED_EOD,6,-12.4000000000,7.7796360000,0.2170000000,7.9966360000,-20.3966360000
reverse_convergence,2026-01-13 13:37:00-05:00,2026-01-13 13:38:00-05:00,2026-01-13 15:46:00-05:00,LONG,HIGH,2.6470135857,0.0016125257,624.9622323224,625.9700000000,626.7477688508,625.9500000000,626.0751900000,624.5900000000,624.4650820000,31,,,,,CONVERGENCE,128,-42.1600000000,7.7533480000,0.2170000000,7.9703480000,-50.1303480000
reverse_convergence,2026-01-13 15:52:00-05:00,2026-01-13 15:53:00-05:00,2026-01-13 15:59:00-05:00,SHORT,LOW,-2.7738187118,-0.0007018774,625.8392624520,625.4000000000,626.2385667585,625.4100000000,625.2849180000,626.1300000000,626.2552260000,31,,,,,FORCED_EOD,6,-22.3200000000,7.7595480000,0.2170000000,7.9765480000,-30.2965480000
reverse_convergence,2026-01-14 10:37:00-05:00,2026-01-14 10:38:00-05:00,2026-01-14 10:49:00-05:00,SHORT,LOW,-2.5536331200,-0.0007525833,619.4762074279,619.0100000000,619.8690284076,619.0100000000,618.8861980000,616.2600000000,616.3832520000,32,,,,,CONVERGENCE,11,88.0000000000,7.9057280000,0.2240000000,8.1297280000,79.8702720000
reverse_convergence,2026-01-14 15:42:00-05:00,2026-01-14 15:43:00-05:00,2026-01-14 15:59:00-05:00,LONG,HIGH,1.8691276852,0.0022590565,617.8243000003,619.2200000000,617.7145913457,619.2200000000,619.3438440000,619.6500000000,619.5260700000,32,,,,,FORCED_EOD,16,13.7600000000,7.9287680000,0.2240000000,8.1527680000,5.6072320000
reverse_convergence,2026-01-15 14:08:00-05:00,2026-01-15 14:09:00-05:00,2026-01-15 14:13:00-05:00,LONG,HIGH,2.4021591995,0.0002956916,624.5853153771,624.7700000000,625.7298389648,624.7800000000,624.9049560000,624.6500000000,624.5250700000,32,,,,,CONVERGENCE,4,-4.1600000000,7.9963520000,0.2240000000,8.2203520000,-12.3803520000
reverse_convergence,2026-01-15 15:56:00-05:00,2026-01-15 15:57:00-05:00,2026-01-15 15:59:00-05:00,SHORT,LOW,-2.7264815462,-0.0008257787,621.7934637752,621.2800000000,624.6884459692,621.2900000000,621.1657420000,621.6600000000,621.7843320000,32,,,,,FORCED_EOD,2,-11.8400000000,7.9548800000,0.2240000000,8.1788800000,-20.0188800000
reverse_convergence,2026-01-16 11:24:00-05:00,2026-01-16 11:25:00-05:00,2026-01-16 13:00:00-05:00,LONG,HIGH,2.4460332100,0.0019964161,620.2716796621,621.5100000000,621.9325835034,621.5100000000,621.6343020000,620.4800000000,620.3559040000,32,,,,,CONVERGENCE,95,-32.9600000000,7.9487360000,0.2240000000,8.1727360000,-41.1327360000
reverse_convergence,2026-01-20 12:27:00-05:00,2026-01-20 12:28:00-05:00,2026-01-20 12:29:00-05:00,SHORT,LOW,-2.5106507206,0.0013267613,612.0779186917,612.8900000000,612.8707216514,612.9000000000,612.7774200000,612.8600000000,612.9825720000,32,,,,,CONVERGENCE,1,1.2800000000,7.8448640000,0.2240000000,8.0688640000,-6.7888640000
reverse_convergence,2026-01-20 14:37:00-05:00,2026-01-20 14:38:00-05:00,2026-01-20 14:39:00-05:00,SHORT,LOW,-3.0977231640,0.0006261125,607.6595367522,608.0400000000,612.1133164450,608.0400000000,607.9183920000,608.3500000000,608.4716700000,32,,,,,CONVERGENCE,1,-9.9200000000,7.7848960000,0.2240000000,8.0088960000,-17.9288960000
reverse_convergence,2026-01-20 15:51:00-05:00,2026-01-20 15:52:00-05:00,2026-01-20 15:59:00-05:00,LONG,HIGH,1.9786832116,0.0023118924,606.3481882294,607.7500000000,611.3825773377,607.7500000000,607.8715500000,608.0400000000,607.9183920000,32,,,,,FORCED_EOD,7,9.2800000000,7.7810560000,0.2240000000,8.0050560000,1.2749440000
reverse_convergence,2026-01-21 12:55:00-05:00,2026-01-21 12:56:00-05:00,2026-01-21 14:48:00-05:00,LONG,HIGH,2.3671725574,0.0043824076,607.6868684592,610.3500000000,611.9920255476,610.3400000000,610.4620680000,619.4700000000,619.3461060000,32,,,,,CONVERGENCE,112,292.1600000000,7.8707840000,0.2240000000,8.0947840000,284.0652160000
reverse_convergence,2026-01-21 15:51:00-05:00,2026-01-21 15:52:00-05:00,2026-01-21 15:59:00-05:00,LONG,HIGH,3.1694368766,0.0029259431,613.9037525530,615.7000000000,613.6165421032,615.7000000000,615.8231400000,616.1200000000,615.9967760000,32,,,,,FORCED_EOD,7,13.4400000000,7.8836480000,0.2240000000,8.1076480000,5.3323520000
reverse_convergence,2026-01-23 13:34:00-05:00,2026-01-23 13:35:00-05:00,2026-01-23 13:36:00-05:00,LONG,HIGH,3.0662282734,-0.0037549023,625.0971788648,622.7500000000,622.6711888924,622.7500000000,622.8745500000,622.9700000000,622.8454060000,32,,,,,CONVERGENCE,1,7.0400000000,7.9726080000,0.2240000000,8.1966080000,-1.1566080000
reverse_convergence,2026-01-23 15:52:00-05:00,2026-01-23 15:53:00-05:00,2026-01-23 15:54:00-05:00,LONG,HIGH,3.2915376025,-0.0016181656,623.3486813781,622.3400000000,622.6839363767,622.3400000000,622.4644680000,622.7000000000,622.5754600000,32,,,,,CONVERGENCE,1,11.5200000000,7.9682560000,0.2240000000,8.1922560000,3.3277440000
reverse_convergence,2026-01-26 13:31:00-05:00,2026-01-26 13:32:00-05:00,2026-01-26 15:55:00-05:00,SHORT,LOW,-2.6178739931,-0.0006415264,627.8127584363,627.4100000000,625.8974819530,627.4100000000,627.2845180000,625.8700000000,625.9951740000,31,,,,,CONVERGENCE,143,47.7400000000,7.7703360000,0.2170000000,7.9873360000,39.7526640000
reverse_convergence,2026-01-27 10:57:00-05:00,2026-01-27 10:58:00-05:00,2026-01-27 10:59:00-05:00,LONG,HIGH,2.9019353644,-0.0003238920,631.2544582826,631.0500000000,629.9107551103,631.0267000000,631.1529053400,631.0213000000,630.8950957400,31,,,,,CONVERGENCE,1,-0.1674000000,7.8246976000,0.2170000000,8.0416976000,-8.2090976000
reverse_convergence,2026-01-27 15:57:00-05:00,2026-01-27 15:58:00-05:00,2026-01-27 15:59:00-05:00,LONG,HIGH,2.5400591310,0.0003381911,630.9516177769,631.1650000000,630.7924468209,631.1700000000,631.2962340000,631.0800000000,630.9537840000,31,,,,,FORCED_EOD,1,-2.7900000000,7.8259500000,0.2170000000,8.0429500000,-10.8329500000
reverse_convergence,2026-01-28 15:06:00-05:00,2026-01-28 15:07:00-05:00,2026-01-28 15:08:00-05:00,LONG,HIGH,2.4207349607,-0.0000542005,633.9843622511,633.9500000000,633.9340841137,633.9500000000,634.0767900000,633.9600000000,633.8332080000,31,,,,,CONVERGENCE,1,0.3100000000,7.8610420000,0.2170000000,8.0780420000,-7.7680420000
reverse_convergence,2026-01-28 15:55:00-05:00,2026-01-28 15:56:00-05:00,2026-01-28 15:59:00-05:00,SHORT,LOW,-2.8842531504,-0.0021140670,635.0044419398,633.6620000000,633.8876037652,633.6700000000,633.5432660000,632.9700000000,633.0965940000,31,,,,,FORCED_EOD,3,21.7000000000,7.8531680000,0.2170000000,8.0701680000,13.6298320000
reverse_convergence,2026-01-30 10:30:00-05:00,2026-01-30 10:31:00-05:00,2026-01-30 10:32:00-05:00,LONG,HIGH,2.3517258360,-0.0003926006,624.6252282181,624.3800000000,626.5916648666,624.3900000000,624.5148780000,624.7300000000,624.6050540000,32,,,,,CONVERGENCE,1,10.8800000000,7.9943680000,0.2240000000,8.2183680000,2.6616320000
reverse_convergence,2026-01-30 11:28:00-05:00,2026-01-30 11:29:00-05:00,2026-01-30 12:06:00-05:00,SHORT,LOW,-2.1227338568,-0.0006319600,625.2051046382,624.8100000000,626.2460673255,624.8200000000,624.6950360000,622.8800000000,623.0045760000,32,,,,,CONVERGENCE,37,62.0800000000,7.9852800000,0.2240000000,8.2092800000,53.8707200000
reverse_convergence,2026-01-30 15:51:00-05:00,2026-01-30 15:52:00-05:00,2026-01-30 15:53:00-05:00,LONG,HIGH,2.7142142431,-0.0028983672,624.1891292679,622.3800000000,623.8655572650,622.3700000000,622.4944740000,622.2100000000,622.0855580000,32,,,,,CONVERGENCE,1,-5.1200000000,7.9653120000,0.2240000000,8.1893120000,-13.3093120000
reverse_convergence,2026-01-30 15:55:00-05:00,2026-01-30 15:56:00-05:00,2026-01-30 15:57:00-05:00,LONG,HIGH,1.5075563853,-0.0028735784,623.5117097921,621.7200000000,623.7776958451,621.7500000000,621.8743500000,621.7200000000,621.5956560000,32,,,,,CONVERGENCE,1,-0.9600000000,7.9582080000,0.2240000000,8.1822080000,-9.1422080000
reverse_convergence,2026-02-03 13:01:00-05:00,2026-02-03 13:02:00-05:00,2026-02-03 15:05:00-05:00,SHORT,LOW,-3.0087280546,-0.0020061319,616.2462712937,615.0100000000,619.6534170071,615.0000000000,614.8770000000,612.6400000000,612.7625280000,32,,,,,CONVERGENCE,123,75.5200000000,7.8568960000,0.2240000000,8.0808960000,67.4391040000
reverse_convergence,2026-02-04 11:43:00-05:00,2026-02-04 11:44:00-05:00,2026-02-04 11:45:00-05:00,LONG,HIGH,2.6420337079,-0.0017319173,606.4302871012,605.3800000000,610.4289296503,605.4100000000,605.5310820000,605.1900000000,605.0689620000,33,,,,,CONVERGENCE,1,-7.2600000000,7.9899600000,0.2310000000,8.2209600000,-15.4809600000
reverse_convergence,2026-02-04 12:37:00-05:00,2026-02-04 12:38:00-05:00,2026-02-04 12:39:00-05:00,LONG,HIGH,1.9743045033,-0.0018022034,602.7061991443,601.6200000000,609.1387230690,601.6000000000,601.7203200000,601.4600000000,601.3397080000,33,,,,,CONVERGENCE,1,-4.6200000000,7.9401960000,0.2310000000,8.1711960000,-12.7911960000
reverse_convergence,2026-02-04 15:54:00-05:00,2026-02-04 15:55:00-05:00,2026-02-04 15:56:00-05:00,LONG,HIGH,2.0494607320,-0.0005528585,606.1851346033,605.8500000000,607.2371398599,605.8400000000,605.9611680000,605.7700000000,605.6488460000,33,,,,,CONVERGENCE,1,-2.3100000000,7.9966260000,0.2310000000,8.2276260000,-10.5376260000
reverse_convergence,2026-02-06 12:20:00-05:00,2026-02-06 12:21:00-05:00,2026-02-06 13:28:00-05:00,SHORT,LOW,-2.3407112914,-0.0011422972,607.7242016732,607.0300000000,603.7790368585,607.0200000000,606.8985960000,608.0125000000,608.1341025000,32,,,,,CONVERGENCE,67,-31.7600000000,7.7762080000,0.2240000000,8.0002080000,-39.7602080000
reverse_convergence,2026-02-10 12:50:00-05:00,2026-02-10 12:51:00-05:00,2026-02-10 15:59:00-05:00,LONG,HIGH,2.2215518141,0.0012297637,614.8338995624,615.5900000000,615.0441590150,615.5900000000,615.7131180000,611.4800000000,611.3577040000,32,,,,,FORCED_EOD,188,-131.5200000000,7.8532480000,0.2240000000,8.0772480000,-139.5972480000
reverse_convergence,2026-02-11 14:24:00-05:00,2026-02-11 14:25:00-05:00,2026-02-11 15:59:00-05:00,LONG,HIGH,2.3943918112,0.0018419122,613.4999869056,614.6300000000,612.2687647674,614.6400000000,614.7629280000,613.0000000000,612.8774000000,32,,,,,FORCED_EOD,94,-52.4800000000,7.8568960000,0.2240000000,8.0808960000,-60.5608960000
reverse_convergence,2026-02-12 10:54:00-05:00,2026-02-12 10:55:00-05:00,2026-02-12 12:01:00-05:00,LONG,HIGH,2.1771308595,0.0010073898,606.9885259786,607.6000000000,612.0519127326,607.6200000000,607.7415240000,602.5900000000,602.4694820000,32,,,,,CONVERGENCE,66,-160.9600000000,7.7453440000,0.2240000000,7.9693440000,-168.9293440000
reverse_convergence,2026-02-13 15:54:00-05:00,2026-02-13 15:55:00-05:00,2026-02-13 15:56:00-05:00,SHORT,LOW,-2.8143649320,0.0025404563,600.1553316354,601.6800000000,602.6046569604,601.6900000000,601.5696620000,601.3600000000,601.4802720000,33,,,,,CONVERGENCE,1,10.8900000000,7.9401300000,0.2310000000,8.1711300000,2.7188700000
reverse_convergence,2026-02-17 13:42:00-05:00,2026-02-17 13:43:00-05:00,2026-02-17 15:59:00-05:00,SHORT,LOW,-2.1754680185,-0.0041906436,605.0003408066,602.4650000000,598.4129255318,602.4500000000,602.3295100000,601.2000000000,601.3202400000,33,,,,,FORCED_EOD,136,41.2500000000,7.9440900000,0.2310000000,8.1750900000,33.0749100000
reverse_convergence,2026-02-18 13:44:00-05:00,2026-02-18 13:45:00-05:00,2026-02-18 14:19:00-05:00,LONG,HIGH,2.4150321073,0.0016878765,606.3964776152,607.4200000000,606.7386458991,607.4100000000,607.5314820000,606.8700000000,606.7486260000,32,,,,,CONVERGENCE,34,-17.2800000000,7.7713920000,0.2240000000,7.9953920000,-25.2753920000
reverse_convergence,2026-02-19 15:49:00-05:00,2026-02-19 15:50:00-05:00,2026-02-19 15:51:00-05:00,SHORT,LOW,-2.2437799886,0.0014774229,601.8907528387,602.7800000000,603.0069039637,602.7500000000,602.6294500000,602.7200000000,602.8405440000,33,,,,,CONVERGENCE,1,0.9900000000,7.9561020000,0.2310000000,8.1871020000,-7.1971020000
reverse_convergence,2026-02-23 11:47:00-05:00,2026-02-23 11:48:00-05:00,2026-02-23 11:59:00-05:00,SHORT,LOW,-2.5249328592,-0.0013234847,601.9166274236,601.1200000000,603.2134435244,601.1200000000,600.9997760000,600.5600000000,600.6801120000,33,,,,,CONVERGENCE,11,18.4800000000,7.9310880000,0.2310000000,8.1620880000,10.3179120000
reverse_convergence,2026-02-23 14:46:00-05:00,2026-02-23 14:47:00-05:00,2026-02-23 14:52:00-05:00,LONG,HIGH,2.7746416457,0.0001860363,599.6284473376,599.7400000000,602.2669322153,599.7400000000,599.8599480000,599.8600000000,599.7400280000,33,,,,,CONVERGENCE,5,3.9600000000,7.9173600000,0.2310000000,8.1483600000,-4.1883600000
reverse_convergence,2026-02-24 10:34:00-05:00,2026-02-24 10:35:00-05:00,2026-02-24 10:42:00-05:00,LONG,HIGH,2.5110739342,0.0007459183,606.8673265343,607.3200000000,604.2268822807,607.3400000000,607.4614680000,607.0800000000,606.9585840000,32,,,,,CONVERGENCE,7,-8.3200000000,7.7722880000,0.2240000000,7.9962880000,-16.3162880000
reverse_convergence,2026-02-24 13:42:00-05:00,2026-02-24 13:43:00-05:00,2026-02-24 14:01:00-05:00,SHORT,LOW,-2.5710646044,-0.0004339813,608.2539708246,607.9900000000,606.0119405492,608.0000000000,607.8784000000,607.9000000000,608.0215800000,32,,,,,CONVERGENCE,18,3.2000000000,7.7817600000,0.2240000000,8.0057600000,-4.8057600000
reverse_convergence,2026-02-26 15:43:00-05:00,2026-02-26 15:44:00-05:00,2026-02-26 15:59:00-05:00,LONG,HIGH,2.4965798783,0.0044730500,605.8997799984,608.6100000000,608.4272094271,608.6000000000,608.7217200000,609.2600000000,609.1381480000,32,,,,,FORCED_EOD,15,21.1200000000,7.7943040000,0.2240000000,8.0183040000,13.1016960000
reverse_convergence,2026-02-27 12:12:00-05:00,2026-02-27 12:13:00-05:00,2026-02-27 15:59:00-05:00,LONG,HIGH,2.3371736430,0.0024830064,605.3568949445,606.8600000000,606.0262054389,606.8600000000,606.9813720000,607.4500000000,607.3285100000,32,,,,,FORCED_EOD,226,18.8800000000,7.7715840000,0.2240000000,7.9955840000,10.8844160000
reverse_convergence,2026-03-02 15:01:00-05:00,2026-03-02 15:02:00-05:00,2026-03-02 15:05:00-05:00,LONG,HIGH,2.7422417893,0.0001601658,609.0574498561,609.1550000000,606.1951597224,609.1550000000,609.2768310000,609.4500000000,609.3281100000,32,,,,,CONVERGENCE,3,9.4400000000,7.7990720000,0.2240000000,8.0230720000,1.4169280000
reverse_convergence,2026-03-03 10:12:00-05:00,2026-03-03 10:13:00-05:00,2026-03-03 10:57:00-05:00,SHORT,LOW,-2.8305850707,-0.0028369269,597.5484011532,595.8532000000,596.6372558657,595.8800000000,595.7608240000,593.1400000000,593.2586280000,33,,,,,CONVERGENCE,44,90.4200000000,7.8475320000,0.2310000000,8.0785320000,82.3414680000
reverse_convergence,2026-03-06 12:37:00-05:00,2026-03-06 12:38:00-05:00,2026-03-06 15:59:00-05:00,LONG,HIGH,2.4694770195,0.0026441996,600.9010975392,602.4900000000,602.6799801912,602.5000000000,602.6205000000,599.8100000000,599.6900380000,33,,,,,FORCED_EOD,201,-88.7700000000,7.9352460000,0.2310000000,8.1662460000,-96.9362460000
reverse_convergence,2026-03-09 12:31:00-04:00,2026-03-09 12:32:00-04:00,2026-03-09 15:59:00-04:00,LONG,HIGH,3.0017359132,0.0034304506,597.8491081647,599.9000000000,595.7347031222,599.9100000000,600.0299820000,607.7550000000,607.6334490000,33,,,,,FORCED_EOD,207,258.8850000000,7.9705890000,0.2310000000,8.2015890000,250.6834110000
reverse_convergence,2026-03-10 14:22:00-04:00,2026-03-10 14:23:00-04:00,2026-03-10 15:59:00-04:00,SHORT,LOW,-2.5762679249,-0.0016007786,609.5757958928,608.6000000000,610.0977337469,608.5500000000,608.4282900000,607.6500000000,607.7715300000,32,,,,,FORCED_EOD,96,28.8000000000,7.7836800000,0.2240000000,8.0076800000,20.7923200000
reverse_convergence,2026-03-12 14:58:00-04:00,2026-03-12 14:59:00-04:00,2026-03-12 15:59:00-04:00,SHORT,LOW,-2.3645542400,-0.0005151100,598.7384161208,598.4300000000,600.0909242467,598.4300000000,598.3103140000,597.3400000000,597.4594680000,33,,,,,FORCED_EOD,60,35.9700000000,7.8920820000,0.2310000000,8.1230820000,27.8469180000
reverse_convergence,2026-03-13 11:09:00-04:00,2026-03-13 11:10:00-04:00,2026-03-13 15:59:00-04:00,LONG,HIGH,2.6958546997,0.0010560518,596.2139671518,596.8436000000,599.9320235208,596.8700000000,596.9893740000,593.6900000000,593.5712620000,33,,,,,FORCED_EOD,289,-104.9400000000,7.8576960000,0.2310000000,8.0886960000,-113.0286960000
reverse_convergence,2026-03-16 14:12:00-04:00,2026-03-16 14:13:00-04:00,2026-03-16 15:59:00-04:00,SHORT,LOW,-1.8620531903,-0.0023592148,602.5515485055,601.1300000000,600.8472421252,601.1250000000,601.0047750000,600.3100000000,600.4300620000,33,,,,,FORCED_EOD,106,26.8950000000,7.9294710000,0.2310000000,8.1604710000,18.7345290000
reverse_convergence,2026-03-17 12:19:00-04:00,2026-03-17 12:20:00-04:00,2026-03-17 12:33:00-04:00,SHORT,LOW,-2.0148411540,-0.0004372085,603.8590122632,603.5950000000,604.0660883800,603.5800000000,603.4592840000,603.5100000000,603.6307020000,33,,,,,CONVERGENCE,13,2.3100000000,7.9667940000,0.2310000000,8.1977940000,-5.8877940000
reverse_convergence,2026-03-17 12:53:00-04:00,2026-03-17 12:54:00-04:00,2026-03-17 13:35:00-04:00,LONG,HIGH,2.5634068638,0.0004735820,603.0693971810,603.3550000000,604.0157393319,603.3800000000,603.5006760000,603.4900000000,603.3693020000,33,,,,,CONVERGENCE,41,3.6300000000,7.9653420000,0.2310000000,8.1963420000,-4.5663420000
reverse_convergence,2026-03-17 13:37:00-04:00,2026-03-17 13:38:00-04:00,2026-03-17 14:05:00-04:00,SHORT,LOW,-2.8172702860,-0.0005008065,604.2626186438,603.9600000000,603.9797763044,603.9600000000,603.8392080000,604.1400000000,604.2608280000,33,,,,,CONVERGENCE,27,-5.9400000000,7.9734600000,0.2310000000,8.2044600000,-14.1444600000
reverse_convergence,2026-03-18 15:57:00-04:00,2026-03-18 15:58:00-04:00,2026-03-18 15:59:00-04:00,SHORT,LOW,-2.8881780135,-0.0007793381,595.6191887370,595.1550000000,599.4339803080,595.1600000000,595.0409680000,594.7800000000,594.8989560000,33,,,,,FORCED_EOD,1,12.5400000000,7.8536040000,0.2310000000,8.0846040000,4.4553960000
reverse_convergence,2026-03-19 15:56:00-04:00,2026-03-19 15:57:00-04:00,2026-03-19 15:58:00-04:00,SHORT,LOW,-3.4750692175,0.0014889840,592.3180479109,593.2000000000,591.0142824106,593.2100000000,593.0913580000,593.4600000000,593.5786920000,33,,,,,CONVERGENCE,1,-8.2500000000,7.8320220000,0.2310000000,8.0630220000,-16.3130220000
reverse_convergence,2026-03-20 14:31:00-04:00,2026-03-20 14:32:00-04:00,2026-03-20 14:33:00-04:00,LONG,HIGH,2.8010428614,-0.0013101587,583.1840636797,582.4200000000,586.1765179979,582.4300000000,582.5464860000,582.6000000000,582.4834800000,34,,,,,CONVERGENCE,1,5.7800000000,7.9222040000,0.2380000000,8.1602040000,-2.3802040000
reverse_convergence,2026-03-20 15:37:00-04:00,2026-03-20 15:38:00-04:00,2026-03-20 15:42:00-04:00,LONG,HIGH,2.5219689304,-0.0000197098,578.9564111005,578.9450000000,585.1711204886,578.9500000000,579.0657900000,580.0000000000,579.8840000000,34,,,,,CONVERGENCE,4,35.7000000000,7.8808600000,0.2380000000,8.1188600000,27.5811400000
reverse_convergence,2026-03-23 13:36:00-04:00,2026-03-23 13:37:00-04:00,2026-03-23 15:59:00-04:00,LONG,HIGH,2.6502573489,0.0014379341,588.9131816790,589.7600000000,590.5601163613,589.7600000000,589.8779520000,588.1800000000,588.0623640000,33,,,,,FORCED_EOD,142,-52.1400000000,7.7744040000,0.2310000000,8.0054040000,-60.1454040000
reverse_convergence,2026-03-25 10:47:00-04:00,2026-03-25 10:48:00-04:00,2026-03-25 10:50:00-04:00,SHORT,LOW,-2.8464995639,0.0000016500,590.7490252915,590.7500000000,589.4797128778,590.7450000000,590.6268510000,590.8400000000,590.9581680000,33,,,,,CONVERGENCE,2,-3.1350000000,7.7984610000,0.2310000000,8.0294610000,-11.1644610000
reverse_convergence,2026-03-25 11:19:00-04:00,2026-03-25 11:20:00-04:00,2026-03-25 11:29:00-04:00,SHORT,LOW,-3.0192962841,-0.0015455800,587.3077310787,586.4000000000,589.1941771266,586.4100000000,586.2927180000,588.4400000000,588.5576880000,34,,,,,CONVERGENCE,9,-69.0200000000,7.9889800000,0.2380000000,8.2269800000,-77.2469800000
reverse_convergence,2026-03-26 13:34:00-04:00,2026-03-26 13:35:00-04:00,2026-03-26 13:36:00-04:00,LONG,HIGH,2.7505999113,-0.0005913228,578.5120873643,578.1700000000,581.3301991480,578.1700000000,578.2856340000,577.9500000000,577.8344100000,34,,,,,CONVERGENCE,1,-7.4800000000,7.8616160000,0.2380000000,8.0996160000,-15.5796160000
reverse_convergence,2026-03-26 15:37:00-04:00,2026-03-26 15:38:00-04:00,2026-03-26 15:59:00-04:00,LONG,HIGH,2.5477784613,0.0016199733,573.9202644913,574.8500000000,579.6485591225,574.8600000000,574.9749720000,573.6900000000,573.5752620000,34,,,,,FORCED_EOD,21,-39.7800000000,7.8101400000,0.2380000000,8.0481400000,-47.8281400000
reverse_convergence,2026-03-27 13:50:00-04:00,2026-03-27 13:51:00-04:00,2026-03-27 14:02:00-04:00,LONG,HIGH,2.1060424375,0.0008524145,563.3398009868,563.8200000000,567.4529539087,563.8200000000,563.9327640000,563.7450000000,563.6322510000,35,,,,,CONVERGENCE,11,-2.6250000000,7.8929550000,0.2450000000,8.1379550000,-10.7629550000
reverse_convergence,2026-03-30 13:45:00-04:00,2026-03-30 13:46:00-04:00,2026-03-30 15:59:00-04:00,SHORT,LOW,-2.8251452796,-0.0013141657,561.4328157526,560.6950000000,563.1435379141,560.6950000000,560.5828610000,558.2900000000,558.4016580000,35,,,,,FORCED_EOD,133,84.1750000000,7.8328950000,0.2450000000,8.0778950000,76.0971050000
reverse_convergence,2026-03-31 12:43:00-04:00,2026-03-31 12:44:00-04:00,2026-03-31 12:45:00-04:00,LONG,HIGH,2.1343449644,0.0001117837,574.8057460992,574.8700000000,567.6878012381,574.8700000000,574.9849740000,573.8300000000,573.7152340000,34,,,,,CONVERGENCE,1,-35.3600000000,7.8111600000,0.2380000000,8.0491600000,-43.4091600000
reverse_convergence,2026-03-31 15:51:00-04:00,2026-03-31 15:52:00-04:00,2026-03-31 15:56:00-04:00,SHORT,LOW,-0.4269155393,-0.0021862535,578.6049771615,577.3400000000,571.5957829114,577.3400000000,577.2245320000,576.9400000000,577.0553880000,34,,,,,CONVERGENCE,4,13.6000000000,7.8491040000,0.2380000000,8.0871040000,5.5128960000
reverse_convergence,2026-03-31 15:57:00-04:00,2026-03-31 15:58:00-04:00,2026-03-31 15:59:00-04:00,LONG,HIGH,3.0895551015,0.0007558848,576.6741008317,577.1100000000,571.7869998399,577.1100000000,577.2254220000,577.1400000000,577.0245720000,34,,,,,FORCED_EOD,1,1.0200000000,7.8489000000,0.2380000000,8.0869000000,-7.0669000000
reverse_convergence,2026-04-01 15:24:00-04:00,2026-04-01 15:25:00-04:00,2026-04-01 15:26:00-04:00,SHORT,LOW,-1.6701446794,0.0010004502,584.0506863845,584.6350000000,584.5931713437,584.6300000000,584.5130740000,585.0050000000,585.1220010000,34,,,,,CONVERGENCE,1,-12.7500000000,7.9535180000,0.2380000000,8.1915180000,-20.9415180000
reverse_convergence,2026-04-02 12:02:00-04:00,2026-04-02 12:03:00-04:00,2026-04-02 12:04:00-04:00,LONG,HIGH,2.3407221499,-0.0006846019,583.5294853742,583.1300000000,579.4468101372,583.1700000000,583.2866340000,583.1100000000,582.9933780000,34,,,,,CONVERGENCE,1,-2.0400000000,7.9307040000,0.2380000000,8.1687040000,-10.2087040000
reverse_convergence,2026-04-02 12:49:00-04:00,2026-04-02 12:50:00-04:00,2026-04-02 15:59:00-04:00,SHORT,LOW,-2.3300016640,-0.0019355971,584.1315433016,583.0009000000,579.7928176651,583.0100000000,582.8933980000,585.0000000000,585.1170000000,34,,,,,FORCED_EOD,189,-67.6600000000,7.9424680000,0.2380000000,8.1804680000,-75.8404680000
reverse_convergence,2026-04-06 15:02:00-04:00,2026-04-06 15:03:00-04:00,2026-04-06 15:59:00-04:00,LONG,HIGH,1.6049679362,0.0004484444,587.9163522008,588.1800000000,587.3573618608,588.1800000000,588.2976360000,588.5200000000,588.4022960000,33,,,,,FORCED_EOD,56,11.2200000000,7.7662200000,0.2310000000,7.9972200000,3.2227800000
reverse_convergence,2026-04-07 13:01:00-04:00,2026-04-07 13:02:00-04:00,2026-04-07 15:59:00-04:00,SHORT,LOW,-3.2104855934,-0.0012980307,585.6001269692,584.8400000000,582.4931925556,584.8250000000,584.7080350000,588.6900000000,588.8077380000,34,,,,,FORCED_EOD,177,-131.4100000000,7.9799020000,0.2380000000,8.2179020000,-139.6279020000
reverse_convergence,2026-04-10 11:32:00-04:00,2026-04-10 11:33:00-04:00,2026-04-10 11:34:00-04:00,LONG,HIGH,2.4860122506,-0.0017461436,613.2758677029,612.2050000000,612.2623061213,612.2099000000,612.3323419800,612.1600000000,612.0375680000,32,,,,,CONVERGENCE,1,-1.5968000000,7.8359673600,0.2240000000,8.0599673600,-9.6567673600
reverse_convergence,2026-04-13 13:34:00-04:00,2026-04-13 13:35:00-04:00,2026-04-13 13:36:00-04:00,LONG,HIGH,2.3188610366,-0.0000036053,614.4672153187,614.4650000000,611.9560593695,614.4600000000,614.5828920000,614.4250000000,614.3021150000,32,,,,,CONVERGENCE,1,-1.1200000000,7.8648640000,0.2240000000,8.0888640000,-9.2088640000
reverse_convergence,2026-04-13 13:57:00-04:00,2026-04-13 13:58:00-04:00,2026-04-13 15:16:00-04:00,SHORT,LOW,-2.2465627231,-0.0006790246,614.5000606862,614.0828000000,612.0518094867,614.0850000000,613.9621830000,614.8559000000,614.9788711800,32,,,,,CONVERGENCE,78,-24.6688000000,7.8652217600,0.2240000000,8.0892217600,-32.7580217600
reverse_convergence,2026-04-13 15:51:00-04:00,2026-04-13 15:52:00-04:00,2026-04-13 15:59:00-04:00,SHORT,LOW,-2.7044457677,-0.0005934584,616.9961615448,616.6300000000,612.6969484370,616.6300000000,616.5066740000,617.3200000000,617.4434640000,32,,,,,FORCED_EOD,7,-22.0800000000,7.8972800000,0.2240000000,8.1212800000,-30.2012800000
reverse_convergence,2026-04-15 12:27:00-04:00,2026-04-15 12:28:00-04:00,2026-04-15 15:31:00-04:00,SHORT,LOW,-2.1354517924,-0.0036716715,636.3764653115,634.0399000000,631.5294525855,634.0450000000,633.9181910000,636.6850000000,636.8123370000,31,,,,,CONVERGENCE,183,-81.8400000000,7.8785260000,0.2170000000,8.0955260000,-89.9355260000
reverse_convergence,2026-04-15 15:32:00-04:00,2026-04-15 15:33:00-04:00,2026-04-15 15:42:00-04:00,LONG,HIGH,2.5625623987,0.0002567633,636.5265633587,636.6900000000,632.6159325303,636.6800000000,636.8073360000,636.5750000000,636.4476850000,31,,,,,CONVERGENCE,9,-3.2550000000,7.8941810000,0.2170000000,8.1111810000,-11.3661810000
reverse_convergence,2026-04-16 10:52:00-04:00,2026-04-16 10:53:00-04:00,2026-04-16 11:21:00-04:00,LONG,HIGH,2.4505510793,0.0028714601,636.3627098552,638.1900000000,637.2529217687,638.2000000000,638.3276400000,640.1900000000,640.0619620000,31,,,,,CONVERGENCE,28,61.6900000000,7.9260180000,0.2170000000,8.1430180000,53.5469820000
reverse_convergence,2026-04-17 11:03:00-04:00,2026-04-17 11:04:00-04:00,2026-04-17 12:31:00-04:00,SHORT,LOW,-2.9031098745,-0.0028199238,650.5545141819,648.7200000000,646.8127123918,648.7600000000,648.6302480000,649.7100000000,649.8399420000,30,,,,,CONVERGENCE,87,-28.5000000000,7.7908200000,0.2100000000,8.0008200000,-36.5008200000
reverse_convergence,2026-04-17 15:53:00-04:00,2026-04-17 15:54:00-04:00,2026-04-17 15:59:00-04:00,LONG,HIGH,1.4274679306,0.0033502119,645.9957772680,648.1600000000,647.8894200585,648.1550000000,648.2846310000,648.7300000000,648.6002540000,30,,,,,FORCED_EOD,5,17.2500000000,7.7813100000,0.2100000000,7.9913100000,9.2586900000
reverse_convergence,2026-04-23 15:42:00-04:00,2026-04-23 15:43:00-04:00,2026-04-23 15:44:00-04:00,SHORT,LOW,-2.3695651638,0.0012251270,649.6041524114,650.4000000000,652.1802984704,650.4100000000,650.2799180000,650.1100000000,650.2400220000,30,,,,,CONVERGENCE,1,9.0000000000,7.8031200000,0.2100000000,8.0131200000,0.9868800000
reverse_convergence,2026-04-23 15:51:00-04:00,2026-04-23 15:52:00-04:00,2026-04-23 15:59:00-04:00,LONG,HIGH,2.5344897101,0.0022046240,648.9992008093,650.4300000000,652.1236556306,650.4400000000,650.5700880000,651.4100000000,651.2797180000,30,,,,,FORCED_EOD,7,29.1000000000,7.8111000000,0.2100000000,8.0211000000,21.0789000000
reverse_convergence,2026-04-24 15:08:00-04:00,2026-04-24 15:09:00-04:00,2026-04-24 15:59:00-04:00,SHORT,LOW,-2.1390076919,-0.0011423807,664.4590651995,663.7000000000,661.0619726999,663.6900000000,663.5572620000,663.9300000000,664.0627860000,30,,,,,FORCED_EOD,50,-7.2000000000,7.9657200000,0.2100000000,8.1757200000,-15.3757200000
reverse_convergence,2026-04-27 10:30:00-04:00,2026-04-27 10:31:00-04:00,2026-04-27 15:59:00-04:00,SHORT,LOW,-2.4190870504,-0.0017477942,662.8785753301,661.7200000000,662.5476151259,661.7200000000,661.5876560000,664.2800000000,664.4128560000,30,,,,,FORCED_EOD,328,-76.8000000000,7.9560000000,0.2100000000,8.1660000000,-84.9660000000
reverse_convergence,2026-04-28 13:36:00-04:00,2026-04-28 13:37:00-04:00,2026-04-28 13:38:00-04:00,LONG,HIGH,2.5285868461,-0.0005707454,656.5347141970,656.1600000000,656.2092289794,656.1600000000,656.2912320000,656.2800000000,656.1487440000,30,,,,,CONVERGENCE,1,3.6000000000,7.8746400000,0.2100000000,8.0846400000,-4.4846400000
reverse_convergence,2026-04-29 15:45:00-04:00,2026-04-29 15:46:00-04:00,2026-04-29 15:59:00-04:00,LONG,HIGH,2.5125107142,0.0030082327,658.4392614909,660.4200000000,659.3414839480,660.4100000000,660.5420820000,661.6100000000,661.4776780000,30,,,,,FORCED_EOD,13,36.0000000000,7.9321200000,0.2100000000,8.1421200000,27.8578800000
reverse_convergence,2026-04-30 15:51:00-04:00,2026-04-30 15:52:00-04:00,2026-04-30 15:53:00-04:00,SHORT,LOW,-1.2972860954,0.0002627225,667.6046052774,667.7800000000,663.3547157359,667.7700000000,667.6364460000,667.7300000000,667.8635460000,29,,,,,CONVERGENCE,1,1.1600000000,7.7459000000,0.2030000000,7.9489000000,-6.7889000000
reverse_convergence,2026-04-30 15:56:00-04:00,2026-04-30 15:57:00-04:00,2026-04-30 15:59:00-04:00,LONG,HIGH,3.0981663679,0.0047160929,664.6056579841,667.7400000000,663.5161895765,667.7300000000,667.8635460000,667.6000000000,667.4664800000,29,,,,,FORCED_EOD,2,-3.7700000000,7.7449140000,0.2030000000,7.9479140000,-11.7179140000
reverse_convergence,2026-05-01 11:38:00-04:00,2026-05-01 11:39:00-04:00,2026-05-01 11:59:00-04:00,SHORT,LOW,-2.7502323568,0.0000192397,675.3370067472,675.3500000000,673.6199457250,675.3500000000,675.2149300000,675.3000000000,675.4350600000,29,,,,,CONVERGENCE,20,1.4500000000,7.8337700000,0.2030000000,8.0367700000,-6.5867700000
reverse_convergence,2026-05-05 12:17:00-04:00,2026-05-05 12:18:00-04:00,2026-05-05 12:19:00-04:00,SHORT,LOW,-2.3592288818,0.0033683850,679.1822526801,681.4700000000,680.4808271454,681.4700000000,681.3337060000,681.5600000000,681.6963120000,29,,,,,CONVERGENCE,1,-2.6100000000,7.9055740000,0.2030000000,8.1085740000,-10.7185740000
reverse_convergence,2026-05-06 12:39:00-04:00,2026-05-06 12:40:00-04:00,2026-05-06 12:41:00-04:00,LONG,HIGH,2.0652400536,-0.0011163195,692.9643696721,692.1908000000,690.2203529576,692.1900000000,692.3284380000,692.1300000000,691.9915740000,28,,,,,CONVERGENCE,1,-1.6800000000,7.7521920000,0.1960000000,7.9481920000,-9.6281920000
reverse_convergence,2026-05-08 12:32:00-04:00,2026-05-08 12:33:00-04:00,2026-05-08 15:59:00-04:00,LONG,HIGH,1.8286253243,0.0046586662,705.2146403833,708.5000000000,705.7295860141,708.5200000000,708.6617040000,711.1100000000,710.9677780000,28,,,,,FORCED_EOD,206,72.5200000000,7.9499280000,0.1960000000,8.1459280000,64.3740720000
reverse_convergence,2026-05-11 15:30:00-04:00,2026-05-11 15:31:00-04:00,2026-05-11 15:32:00-04:00,SHORT,LOW,-2.0243428969,0.0002738320,712.1949782417,712.3900000000,712.6308577450,712.4001000000,712.2576199800,712.3800000000,712.5224760000,28,,,,,CONVERGENCE,1,0.5628000000,7.9787685600,0.1960000000,8.1747685600,-7.6119685600
reverse_convergence,2026-05-12 14:04:00-04:00,2026-05-12 14:05:00-04:00,2026-05-12 14:06:00-04:00,LONG,HIGH,2.2836328196,-0.0008022637,701.9869786574,701.4238000000,702.4963397759,701.4200000000,701.5602840000,701.3900000000,701.2497220000,28,,,,,CONVERGENCE,1,-0.8400000000,7.8557360000,0.1960000000,8.0517360000,-8.8917360000
reverse_convergence,2026-05-12 14:47:00-04:00,2026-05-12 14:48:00-04:00,2026-05-12 15:34:00-04:00,SHORT,LOW,-2.6540426282,-0.0011406580,702.8016563098,702.0000000000,702.4699113440,702.0200000000,701.8795960000,705.2200000000,705.3610440000,28,,,,,CONVERGENCE,46,-89.6000000000,7.8805440000,0.1960000000,8.0765440000,-97.6765440000
reverse_convergence,2026-05-14 11:33:00-04:00,2026-05-14 11:34:00-04:00,2026-05-14 12:05:00-04:00,SHORT,LOW,-2.5400999748,-0.0031172566,723.4551954752,721.2000000000,718.7227635246,721.2000000000,721.0557600000,721.7600000000,721.9043520000,27,,,,,CONVERGENCE,31,-15.1200000000,7.7919840000,0.1890000000,7.9809840000,-23.1009840000
reverse_convergence,2026-05-14 15:33:00-04:00,2026-05-14 15:34:00-04:00,2026-05-14 15:35:00-04:00,LONG,HIGH,3.1265658996,-0.0014939909,721.5580010775,720.4800000000,719.4560829898,720.4799000000,720.6239959800,720.3000000000,720.1559400000,27,,,,,CONVERGENCE,1,-4.8573000000,7.7802114600,0.1890000000,7.9692114600,-12.8265114600
reverse_convergence,2026-05-15 11:34:00-04:00,2026-05-15 11:35:00-04:00,2026-05-15 11:36:00-04:00,LONG,HIGH,2.5491396694,-0.0029132195,713.7693668706,711.6900000000,709.7379410943,711.6589000000,711.8012317800,711.9800000000,711.8376040000,28,,,,,CONVERGENCE,1,8.9908000000,7.9723778400,0.1960000000,8.1683778400,0.8224221600
reverse_convergence,2026-05-15 12:24:00-04:00,2026-05-15 12:25:00-04:00,2026-05-15 15:51:00-04:00,SHORT,LOW,-2.0977026097,-0.0043132866,714.2006521371,711.1201000000,709.8232055130,711.1300000000,710.9877740000,709.7100000000,709.8519420000,28,,,,,CONVERGENCE,206,39.7600000000,7.9567040000,0.1960000000,8.1527040000,31.6072960000
reverse_convergence,2026-05-18 11:02:00-04:00,2026-05-18 11:03:00-04:00,2026-05-18 11:10:00-04:00,LONG,HIGH,2.7342323096,0.0016613754,703.9904076769,705.1600000000,707.4030471238,705.1500000000,705.2910300000,703.8400000000,703.6992320000,28,,,,,CONVERGENCE,7,-36.6800000000,7.8903440000,0.1960000000,8.0863440000,-44.7663440000
reverse_convergence,2026-05-18 13:30:00-04:00,2026-05-18 13:31:00-04:00,2026-05-18 15:02:00-04:00,SHORT,LOW,-1.7645613096,0.0000908015,703.4311274106,703.4950000000,705.3262478713,703.4300000000,703.2893140000,704.3300000000,704.4708660000,28,,,,,CONVERGENCE,91,-25.2000000000,7.8834560000,0.1960000000,8.0794560000,-33.2794560000
reverse_convergence,2026-05-19 13:20:00-04:00,2026-05-19 13:21:00-04:00,2026-05-19 15:59:00-04:00,LONG,HIGH,1.8886752172,0.0081730549,699.9889518329,705.7100000000,699.9743133814,705.6800000000,705.8211360000,701.5400000000,701.3996920000,28,,,,,FORCED_EOD,158,-115.9200000000,7.8804320000,0.1960000000,8.0764320000,-123.9964320000
reverse_convergence,2026-05-20 10:14:00-04:00,2026-05-20 10:15:00-04:00,2026-05-20 10:22:00-04:00,SHORT,LOW,-1.7736618196,-0.0014726258,706.7407646856,705.7000000000,705.8942015480,705.7200000000,705.5788560000,708.8200000000,708.9617640000,28,,,,,CONVERGENCE,7,-86.8000000000,7.9214240000,0.1960000000,8.1174240000,-94.9174240000
reverse_convergence,2026-05-21 13:58:00-04:00,2026-05-21 13:59:00-04:00,2026-05-21 14:00:00-04:00,SHORT,LOW,-0.6580962356,0.0025102813,714.3368136861,716.1300000000,710.7161812056,716.1300000000,715.9867740000,715.7200000000,715.8631440000,27,,,,,CONVERGENCE,1,11.0700000000,7.7319900000,0.1890000000,7.9209900000,3.1490100000
reverse_convergence,2026-05-21 15:32:00-04:00,2026-05-21 15:33:00-04:00,2026-05-21 15:34:00-04:00,SHORT,LOW,-2.5386163076,0.0005831121,713.6338714594,714.0500000000,711.3371449014,714.0600000000,713.9171880000,713.7000000000,713.8427400000,28,,,,,CONVERGENCE,1,10.0800000000,7.9954560000,0.1960000000,8.1914560000,1.8885440000
reverse_convergence,2026-05-21 15:55:00-04:00,2026-05-21 15:56:00-04:00,2026-05-21 15:59:00-04:00,LONG,HIGH,2.1433970165,0.0020844016,712.3551657421,713.8400000000,711.5104785457,713.8400000000,713.9827680000,714.4500000000,714.3071100000,28,,,,,FORCED_EOD,3,17.0800000000,7.9984240000,0.1960000000,8.1944240000,8.8855760000
reverse_convergence,2026-05-22 15:06:00-04:00,2026-05-22 15:07:00-04:00,2026-05-22 15:08:00-04:00,SHORT,LOW,-3.0689161809,0.0014440434,717.4339941763,718.4700000000,719.7018778112,718.4701000000,718.3264059800,718.9200000000,719.0637840000,27,,,,,CONVERGENCE,1,-12.1473000000,7.7619065400,0.1890000000,7.9509065400,-20.0982065400
reverse_convergence,2026-05-26 10:35:00-04:00,2026-05-26 10:36:00-04:00,2026-05-26 15:59:00-04:00,LONG,HIGH,2.9447493780,0.0030314804,728.6112293363,730.8200000000,727.5801940993,730.7900000000,730.9361580000,730.2100000000,730.0639580000,27,,,,,FORCED_EOD,323,-15.6600000000,7.8894000000,0.1890000000,8.0784000000,-23.7384000000
reverse_convergence,2026-05-28 12:51:00-04:00,2026-05-28 12:52:00-04:00,2026-05-28 13:51:00-04:00,LONG,HIGH,2.3760529212,0.0053812135,731.8219100864,735.7600000000,731.7701478461,735.7550000000,735.9021510000,736.4600000000,736.3127080000,27,,,,,CONVERGENCE,59,19.0350000000,7.9499610000,0.1890000000,8.1389610000,10.8960390000
reverse_convergence,2026-05-28 15:56:00-04:00,2026-05-28 15:57:00-04:00,2026-05-28 15:59:00-04:00,SHORT,LOW,-3.2447276406,-0.0024646884,737.1869360892,735.3700000000,733.2707496081,735.3700000000,735.2229260000,735.5400000000,735.6871080000,27,,,,,FORCED_EOD,2,-4.5900000000,7.9429140000,0.1890000000,8.1319140000,-12.7219140000
reverse_convergence,2026-06-01 15:51:00-04:00,2026-06-01 15:52:00-04:00,2026-06-01 15:59:00-04:00,LONG,HIGH,2.6622868714,0.0022316395,741.0462518760,742.7000000000,741.2127656963,742.7300000000,742.8785460000,742.6900000000,742.5414620000,26,,,,,FORCED_EOD,7,-1.0400000000,7.7241840000,0.1820000000,7.9061840000,-8.9461840000
reverse_convergence,2026-06-02 11:55:00-04:00,2026-06-02 11:56:00-04:00,2026-06-02 15:59:00-04:00,LONG,HIGH,2.2407037900,0.0038349853,742.8511766312,745.7000000000,743.1227884570,745.7000000000,745.8491400000,746.1000000000,745.9507800000,26,,,,,FORCED_EOD,243,10.4000000000,7.7573600000,0.1820000000,7.9393600000,2.4606400000
reverse_convergence,2026-06-03 13:07:00-04:00,2026-06-03 13:08:00-04:00,2026-06-03 13:09:00-04:00,SHORT,LOW,-1.6926171992,0.0072177518,737.3082917261,742.6300000000,744.5449851439,742.6223000000,742.4737755400,743.0600000000,743.2086120000,26,,,,,CONVERGENCE,1,-11.3802000000,7.7255479600,0.1820000000,7.9075479600,-19.2877479600
reverse_convergence,2026-06-04 12:21:00-04:00,2026-06-04 12:22:00-04:00,2026-06-04 15:17:00-04:00,LONG,HIGH,2.2447756193,0.0021230569,738.6817366337,740.2500000000,736.6405602849,740.2700000000,740.4180540000,741.9700000000,741.8216060000,27,,,,,CONVERGENCE,175,45.9000000000,8.0040960000,0.1890000000,8.1930960000,37.7069040000
reverse_convergence,2026-06-05 15:00:00-04:00,2026-06-05 15:01:00-04:00,2026-06-05 15:08:00-04:00,LONG,HIGH,2.2086680431,-0.0003372619,708.8291610544,708.5901000000,718.7208848762,708.6500000000,708.7917300000,708.5900000000,708.4482820000,28,,,,,CONVERGENCE,7,-1.6800000000,7.9365440000,0.1960000000,8.1325440000,-9.8125440000
reverse_convergence,2026-06-05 15:52:00-04:00,2026-06-05 15:53:00-04:00,2026-06-05 15:55:00-04:00,LONG,HIGH,2.6349247654,0.0015133441,707.5783903987,708.6492000000,716.3451359625,708.6700000000,708.8117340000,708.1200000000,707.9783760000,28,,,,,CONVERGENCE,2,-15.4000000000,7.9340240000,0.1960000000,8.1300240000,-23.5300240000
reverse_convergence,2026-06-08 13:35:00-04:00,2026-06-08 13:36:00-04:00,2026-06-08 13:37:00-04:00,SHORT,LOW,-0.2583414139,0.0017098747,716.8942007296,718.1200000000,718.6020732107,718.1300000000,717.9863740000,718.3500000000,718.4936700000,27,,,,,CONVERGENCE,1,-5.9400000000,7.7569920000,0.1890000000,7.9459920000,-13.8859920000
reverse_convergence,2026-06-10 15:04:00-04:00,2026-06-10 15:05:00-04:00,2026-06-10 15:06:00-04:00,LONG,HIGH,2.5082490469,-0.0031795314,698.1397573129,695.9200000000,701.5274459760,695.9300000000,696.0691860000,695.7500000000,695.6108500000,28,,,,,CONVERGENCE,1,-5.0400000000,7.7934080000,0.1960000000,7.9894080000,-13.0294080000
reverse_convergence,2026-06-11 13:31:00-04:00,2026-06-11 13:32:00-04:00,2026-06-11 15:59:00-04:00,LONG,HIGH,3.0020005269,0.0048075458,704.6523515390,708.0400000000,701.5448934203,707.9700000000,708.1115940000,716.4400000000,716.2967120000,28,,,,,FORCED_EOD,147,237.1600000000,7.9766960000,0.1960000000,8.1726960000,228.9873040000
reverse_convergence,2026-06-12 14:47:00-04:00,2026-06-12 14:48:00-04:00,2026-06-12 14:49:00-04:00,SHORT,LOW,-2.2264663030,0.0037069663,719.6871439776,722.3550000000,719.1399858873,722.3790000000,722.2345242000,722.5000000000,722.6445000000,27,,,,,CONVERGENCE,1,-3.2670000000,7.8023466000,0.1890000000,7.9913466000,-11.2583466000
reverse_convergence,2026-06-16 11:27:00-04:00,2026-06-16 11:28:00-04:00,2026-06-16 15:59:00-04:00,SHORT,LOW,-2.6103203286,-0.0084900601,741.3238843093,735.0300000000,740.1071106734,735.0300000000,734.8829940000,729.7600000000,729.9059520000,27,,,,,FORCED_EOD,271,142.2900000000,7.9098660000,0.1890000000,8.0988660000,134.1911340000
reverse_convergence,2026-06-17 13:36:00-04:00,2026-06-17 13:37:00-04:00,2026-06-17 13:38:00-04:00,SHORT,LOW,-2.0130386610,0.0032097064,730.1564123049,732.5000000000,732.9121555954,732.5100000000,732.3634980000,732.4800000000,732.6264960000,27,,,,,CONVERGENCE,1,0.8100000000,7.9109460000,0.1890000000,8.0999460000,-7.2899460000
reverse_convergence,2026-06-17 14:03:00-04:00,2026-06-17 14:04:00-04:00,2026-06-17 14:08:00-04:00,SHORT,LOW,-3.4338283227,0.0000855278,728.3810031473,728.4433000000,732.7466523065,728.3300000000,728.1843340000,727.0200000000,727.1654040000,27,,,,,CONVERGENCE,4,35.3700000000,7.8588900000,0.1890000000,8.0478900000,27.3221100000
reverse_convergence,2026-06-18 11:39:00-04:00,2026-06-18 11:40:00-04:00,2026-06-18 11:41:00-04:00,SHORT,LOW,-1.8564460697,0.0004754454,735.6202527397,735.9700000000,736.1073694875,735.9600000000,735.8128080000,735.9400000000,736.0871880000,27,,,,,CONVERGENCE,1,0.5400000000,7.9482600000,0.1890000000,8.1372600000,-7.5972600000
reverse_convergence,2026-06-18 15:46:00-04:00,2026-06-18 15:47:00-04:00,2026-06-18 15:51:00-04:00,LONG,HIGH,2.6534983348,0.0027330511,739.4485493469,741.4695000000,737.4541440298,741.4700000000,741.6182940000,740.4700000000,740.3219060000,26,,,,,CONVERGENCE,4,-26.0000000000,7.7060880000,0.1820000000,7.8880880000,-33.8880880000
reverse_convergence,2026-06-22 15:34:00-04:00,2026-06-22 15:35:00-04:00,2026-06-22 15:59:00-04:00,LONG,HIGH,2.6043278010,0.0056117712,732.1612784159,736.2700000000,738.4648408930,736.2510000000,736.3982502000,738.0010000000,737.8533998000,27,,,,,FORCED_EOD,24,47.2500000000,7.9609608000,0.1890000000,8.1499608000,39.1000392000
reverse_convergence,2026-06-25 12:07:00-04:00,2026-06-25 12:08:00-04:00,2026-06-25 14:36:00-04:00,LONG,HIGH,2.8448257641,0.0068662627,711.2066682164,716.0900000000,713.7067852641,716.1699000000,716.3131339800,716.6400000000,716.4966720000,27,,,,,CONVERGENCE,148,12.6927000000,7.7371734600,0.1890000000,7.9261734600,4.7665265400
reverse_convergence,2026-06-26 11:22:00-04:00,2026-06-26 11:23:00-04:00,2026-06-26 11:24:00-04:00,LONG,HIGH,2.9290562833,-0.0039551185,713.4869253592,710.6650000000,709.3385234385,710.6800000000,710.8221360000,711.3300000000,711.1877340000,28,,,,,CONVERGENCE,1,18.2000000000,7.9632560000,0.1960000000,8.1592560000,10.0407440000
reverse_convergence,2026-06-26 15:51:00-04:00,2026-06-26 15:52:00-04:00,2026-06-26 15:59:00-04:00,SHORT,LOW,-3.9042304827,-0.0156431611,720.1961442938,708.9300000000,710.3631154320,708.9200000000,708.7782160000,705.8400000000,705.9811680000,28,,,,,FORCED_EOD,7,86.2400000000,7.9226560000,0.1960000000,8.1186560000,78.1213440000
reverse_convergence,2026-06-29 10:32:00-04:00,2026-06-29 10:33:00-04:00,2026-06-29 10:43:00-04:00,LONG,HIGH,1.9957820328,0.0025829544,710.6244893248,712.4600000000,712.2807682050,712.5000000000,712.6425000000,713.2300000000,713.0873540000,28,,,,,CONVERGENCE,10,20.4400000000,7.9840880000,0.1960000000,8.1800880000,12.2599120000
reverse_convergence,2026-06-29 11:31:00-04:00,2026-06-29 11:32:00-04:00,2026-06-29 15:59:00-04:00,LONG,HIGH,2.2212643357,0.0081577784,711.6743186192,717.4800000000,713.0226353697,717.4200000000,717.5634840000,723.9500000000,723.8052100000,27,,,,,FORCED_EOD,267,176.3100000000,7.7833980000,0.1890000000,7.9723980000,168.3376020000
reverse_convergence,2026-06-30 15:58:00-04:00,2026-06-30 15:59:00-04:00,2026-06-30 15:59:00-04:00,SHORT,LOW,-2.3519812651,-0.0023766255,738.5953646054,736.8400000000,734.1850038598,736.8300000000,736.6826340000,735.7600000000,735.9071520000,27,,,,,FORCED_EOD,0,28.8900000000,7.9519860000,0.1890000000,8.1409860000,20.7490140000
reverse_convergence,2026-07-02 11:12:00-04:00,2026-07-02 11:13:00-04:00,2026-07-02 11:14:00-04:00,LONG,HIGH,1.7287378511,-0.0093497689,724.2313961508,717.4600000000,723.3396116829,717.4300000000,717.5734860000,717.4900000000,717.3465020000,27,,,,,CONVERGENCE,1,1.6200000000,7.7485680000,0.1890000000,7.9375680000,-6.3175680000
reverse_convergence,2026-07-02 14:10:00-04:00,2026-07-02 14:11:00-04:00,2026-07-02 14:12:00-04:00,LONG,HIGH,2.5434087117,-0.0101077947,718.6237008116,711.3600000000,717.8090508007,711.4300000000,711.5722860000,711.2600000000,711.1177480000,28,,,,,CONVERGENCE,1,-4.7600000000,7.9670640000,0.1960000000,8.1630640000,-12.9230640000
reverse_convergence,2026-07-02 15:08:00-04:00,2026-07-02 15:09:00-04:00,2026-07-02 15:59:00-04:00,SHORT,LOW,-2.3699680662,-0.0101549044,716.7182048336,709.4400000000,717.0351962020,709.3900000000,709.2481220000,712.7400000000,712.8825480000,28,,,,,FORCED_EOD,50,-93.8000000000,7.9639280000,0.1960000000,8.1599280000,-101.9599280000
reverse_convergence,2026-07-06 13:03:00-04:00,2026-07-06 13:04:00-04:00,2026-07-06 15:59:00-04:00,SHORT,LOW,-1.8108995223,-0.0025324139,725.6476401804,723.8100000000,723.2892034168,723.8300000000,723.6852340000,722.6300000000,722.7745260000,27,,,,,FORCED_EOD,175,32.4000000000,7.8108840000,0.1890000000,7.9998840000,24.4001160000
reverse_convergence,2026-07-07 14:43:00-04:00,2026-07-07 14:44:00-04:00,2026-07-07 15:53:00-04:00,SHORT,LOW,-2.5410104166,-0.0016397711,712.2176739512,711.0498000000,710.2395308408,711.0600000000,710.9177880000,708.1800000000,708.3216360000,28,,,,,CONVERGENCE,69,80.6400000000,7.9477440000,0.1960000000,8.1437440000,72.4962560000
reverse_convergence,2026-07-09 12:02:00-04:00,2026-07-09 12:03:00-04:00,2026-07-09 12:04:00-04:00,LONG,HIGH,2.0779236752,-0.0016870366,723.3903860912,722.1700000000,719.8128413783,722.2000000000,722.3444400000,722.1600000000,722.0155680000,27,,,,,CONVERGENCE,1,-1.0800000000,7.7995440000,0.1890000000,7.9885440000,-9.0685440000
reverse_convergence,2026-07-10 11:37:00-04:00,2026-07-10 11:38:00-04:00,2026-07-10 11:46:00-04:00,SHORT,LOW,-2.8206331065,0.0006900143,723.1010499529,723.6000000000,721.9708959098,723.6300000000,723.4852740000,721.3200000000,721.4642640000,27,,,,,CONVERGENCE,8,62.3700000000,7.8027300000,0.1890000000,7.9917300000,54.3782700000
reverse_convergence,2026-07-10 12:56:00-04:00,2026-07-10 12:57:00-04:00,2026-07-10 12:58:00-04:00,SHORT,LOW,-1.3277658609,0.0004901907,724.6457853850,725.0010000000,722.4411903734,724.9900000000,724.8450020000,725.1700000000,725.3150340000,27,,,,,CONVERGENCE,1,-4.8600000000,7.8308640000,0.1890000000,8.0198640000,-12.8798640000
reverse_convergence,2026-07-13 11:33:00-04:00,2026-07-13 11:34:00-04:00,2026-07-13 12:23:00-04:00,LONG,HIGH,1.7152812918,0.0035579157,715.0658559419,717.6100000000,715.7333048229,717.6200000000,717.7635240000,714.2100000000,714.0671580000,27,,,,,CONVERGENCE,49,-92.0700000000,7.7318820000,0.1890000000,7.9208820000,-99.9908820000
reverse_convergence,2026-07-13 15:31:00-04:00,2026-07-13 15:32:00-04:00,2026-07-13 15:37:00-04:00,LONG,HIGH,2.1855650404,0.0002905828,710.9234178599,711.1300000000,714.3972288967,711.1300000000,711.2722260000,710.4891000000,710.3470021800,28,,,,,CONVERGENCE,5,-17.9452000000,7.9610669600,0.1960000000,8.1570669600,-26.1022669600
reverse_convergence,2026-07-15 10:12:00-04:00,2026-07-15 10:13:00-04:00,2026-07-15 15:59:00-04:00,SHORT,LOW,-2.6404883814,-0.0071198540,726.5780294626,721.4049000000,721.2206593787,721.3881000000,721.2438223800,717.7000000000,717.8435400000,27,,,,,FORCED_EOD,346,99.5787000000,7.7710757400,0.1890000000,7.9600757400,91.6186242600
reverse_convergence,2026-07-16 11:42:00-04:00,2026-07-16 11:43:00-04:00,2026-07-16 15:59:00-04:00,SHORT,LOW,-2.4392907516,-0.0037684484,713.2478376655,710.5600000000,710.5746956883,710.5300000000,710.3878940000,706.0200000000,706.1612040000,28,,,,,FORCED_EOD,256,126.2800000000,7.9326800000,0.1960000000,8.1286800000,118.1513200000
reverse_convergence,2026-07-17 13:38:00-04:00,2026-07-17 13:39:00-04:00,2026-07-17 13:40:00-04:00,SHORT,LOW,-2.6242851015,0.0035374538,698.0755898211,700.5450000000,695.5688818511,700.5300000000,700.3898940000,700.6600000000,700.8001320000,28,,,,,CONVERGENCE,1,-3.6400000000,7.8466640000,0.1960000000,8.0426640000,-11.6826640000
reverse_convergence,2026-07-20 13:05:00-04:00,2026-07-20 13:06:00-04:00,2026-07-20 13:07:00-04:00,LONG,HIGH,2.3087516700,-0.0007742086,700.6124201744,700.0700000000,701.8523968253,700.0550000000,700.1950110000,700.1700000000,700.0299660000,28,,,,,CONVERGENCE,1,3.2200000000,7.8412600000,0.1960000000,8.0372600000,-4.8172600000
reverse_convergence,2026-07-20 14:20:00-04:00,2026-07-20 14:21:00-04:00,2026-07-20 15:59:00-04:00,SHORT,LOW,-3.3377658905,-0.0036187020,703.2899969260,700.7450000000,701.6218708335,700.7201000000,700.5799559800,696.0000000000,696.1392000000,28,,,,,FORCED_EOD,98,132.1628000000,7.8216325600,0.1960000000,8.0176325600,124.1451674400
reverse_convergence,2026-07-22 15:02:00-04:00,2026-07-22 15:03:00-04:00,2026-07-22 15:59:00-04:00,SHORT,LOW,-2.7788418943,-0.0016867007,708.3748163090,707.1800000000,707.2790587769,707.2000000000,707.0585600000,705.2200000000,705.3610440000,28,,,,,FORCED_EOD,56,55.4400000000,7.9095520000,0.1960000000,8.1055520000,47.3344480000
reverse_convergence,2026-07-23 11:14:00-04:00,2026-07-23 11:15:00-04:00,2026-07-23 11:16:00-04:00,SHORT,LOW,-2.6582870280,0.0003789151,689.0039260116,689.2650000000,694.2846619840,689.2500000000,689.1121500000,689.6500000000,689.7879300000,29,,,,,CONVERGENCE,1,-11.6000000000,7.9976200000,0.2030000000,8.2006200000,-19.8006200000
reverse_convergence,2026-07-23 12:08:00-04:00,2026-07-23 12:09:00-04:00,2026-07-23 12:10:00-04:00,SHORT,LOW,-1.3920542379,0.0003216963,692.0272774004,692.2499000000,693.1388723761,692.2400000000,692.1015520000,692.4000000000,692.5384800000,28,,,,,CONVERGENCE,1,-4.4800000000,7.7539840000,0.1960000000,7.9499840000,-12.4299840000
reverse_convergence,2026-07-23 15:26:00-04:00,2026-07-23 15:27:00-04:00,2026-07-23 15:41:00-04:00,LONG,HIGH,2.6842955061,0.0000752487,691.2479845079,691.3000000000,692.6967891371,691.3100000000,691.4482620000,690.2200000000,690.0819560000,28,,,,,CONVERGENCE,14,-30.5200000000,7.7365680000,0.1960000000,7.9325680000,-38.4525680000
reverse_convergence,2026-07-24 14:19:00-04:00,2026-07-24 14:20:00-04:00,2026-07-24 15:59:00-04:00,SHORT,LOW,-2.3471332062,-0.0038481366,689.6689402690,687.0150000000,688.3128642055,687.0100000000,686.8725980000,684.2200000000,684.3568440000,29,,,,,FORCED_EOD,99,80.9100000000,7.9531340000,0.2030000000,8.1561340000,72.7538660000
reverse_convergence,2026-07-28 10:54:00-04:00,2026-07-28 10:55:00-04:00,2026-07-28 10:59:00-04:00,LONG,HIGH,1.7871805293,0.0008363769,673.3318408324,673.8950000000,671.6370571935,673.9500000000,674.0847900000,672.9400000000,672.8054120000,29,,,,,CONVERGENCE,4,-29.2900000000,7.8119620000,0.2030000000,8.0149620000,-37.3049620000
reverse_convergence,2026-07-29 11:56:00-04:00,2026-07-29 11:57:00-04:00,2026-07-29 14:01:00-04:00,SHORT,LOW,-2.5770214035,-0.0065708969,669.5092764193,665.1100000000,669.9649421851,665.1115000000,664.9784777000,673.8600000000,673.9947720000,30,,,,,CONVERGENCE,124,-262.4550000000,8.0338290000,0.2100000000,8.2438290000,-270.6988290000
reverse_convergence,2026-07-30 15:56:00-04:00,2026-07-30 15:57:00-04:00,2026-07-30 15:59:00-04:00,LONG,HIGH,3.1197654995,0.0014135522,682.5701514676,683.5350000000,681.1089493179,683.5350000000,683.6717070000,683.6000000000,683.4632800000,29,,,,,FORCED_EOD,2,1.8850000000,7.9293830000,0.2030000000,8.1323830000,-6.2473830000
reverse_convergence,2026-07-31 14:14:00-04:00,2026-07-31 14:15:00-04:00,2026-07-31 15:59:00-04:00,SHORT,LOW,-2.8563522480,-0.0030920458,690.1038326781,687.9700000000,686.5511505212,687.9100000000,687.7724180000,687.9200000000,688.0575840000,29,,,,,FORCED_EOD,104,-0.2900000000,7.9798140000,0.2030000000,8.1828140000,-8.4728140000
reverse_convergence,2026-08-03 14:28:00-04:00,2026-08-03 14:29:00-04:00,2026-08-03 14:30:00-04:00,SHORT,LOW,-2.4473142641,0.0011048740,699.0476404369,699.8200000000,696.0180098294,699.8250000000,699.6850350000,699.8000000000,699.9399600000,28,,,,,CONVERGENCE,1,0.7000000000,7.8379000000,0.1960000000,8.0339000000,-7.3339000000
reverse_convergence,2026-08-03 15:51:00-04:00,2026-08-03 15:52:00-04:00,2026-08-03 15:59:00-04:00,LONG,HIGH,2.2949601393,0.0036940358,698.1709316095,700.7500000000,696.9648757496,700.7300000000,700.8701460000,700.0600000000,699.9199880000,28,,,,,FORCED_EOD,7,-18.7600000000,7.8444240000,0.1960000000,8.0404240000,-26.8004240000
reverse_convergence,2026-08-04 14:42:00-04:00,2026-08-04 14:43:00-04:00,2026-08-04 15:59:00-04:00,LONG,HIGH,2.7642126547,0.0021850095,721.4047238416,722.9810000000,718.0967606385,723.0000000000,723.1446000000,723.6800000000,723.5352640000,27,,,,,FORCED_EOD,76,18.3600000000,7.8120720000,0.1890000000,8.0010720000,10.3589280000
reverse_convergence,2026-08-06 10:47:00-04:00,2026-08-06 10:48:00-04:00,2026-08-06 10:49:00-04:00,SHORT,LOW,-1.5742779583,0.0046398925,713.1311481529,716.4400000000,715.1130196691,716.4600000000,716.3167080000,716.3200000000,716.4632640000,27,,,,,CONVERGENCE,1,3.7800000000,7.7370120000,0.1890000000,7.9260120000,-4.1460120000
reverse_convergence,2026-08-06 13:16:00-04:00,2026-08-06 13:17:00-04:00,2026-08-06 13:18:00-04:00,SHORT,LOW,-2.5315798753,0.0020154806,713.8612265249,715.3000000000,715.5698423672,715.3200000000,715.1769360000,715.5100000000,715.6531020000,27,,,,,CONVERGENCE,1,-5.1300000000,7.7264820000,0.1890000000,7.9154820000,-13.0454820000
reverse_convergence,2026-08-06 15:25:00-04:00,2026-08-06 15:26:00-04:00,2026-08-06 15:51:00-04:00,SHORT,LOW,-2.7221637970,-0.0009813189,715.8925188532,715.1900000000,715.5622007436,715.2100000000,715.0669580000,714.2800000000,714.4228560000,27,,,,,CONVERGENCE,25,25.1100000000,7.7192460000,0.1890000000,7.9082460000,17.2017540000
reverse_convergence,2026-08-07 15:51:00-04:00,2026-08-07 15:52:00-04:00,2026-08-07 15:59:00-04:00,LONG,HIGH,2.4443303202,0.0029684557,720.1622303140,722.3000000000,720.9079506850,722.2900000000,722.4344580000,722.9800000000,722.8354040000,27,,,,,FORCED_EOD,7,18.6300000000,7.8044580000,0.1890000000,7.9934580000,10.6365420000
reverse_convergence,2026-08-10 12:17:00-04:00,2026-08-10 12:18:00-04:00,2026-08-10 15:56:00-04:00,LONG,HIGH,2.9218237660,0.0009519652,722.2124788260,722.9000000000,722.7936948870,722.8966000000,723.0411793200,720.8800000000,720.7358240000,27,,,,,CONVERGENCE,218,-54.4482000000,7.7963936400,0.1890000000,7.9853936400,-62.4335936400
reverse_convergence,2026-08-11 12:04:00-04:00,2026-08-11 12:05:00-04:00,2026-08-11 12:06:00-04:00,SHORT,LOW,-2.2169665245,0.0002272513,718.6166934214,718.7800000000,720.6136381630,718.7900000000,718.6462420000,719.2100000000,719.3538420000,27,,,,,CONVERGENCE,1,-11.3400000000,7.7652000000,0.1890000000,7.9542000000,-19.2942000000
reverse_convergence,2026-08-11 14:07:00-04:00,2026-08-11 14:08:00-04:00,2026-08-11 15:26:00-04:00,LONG,HIGH,2.8479715676,0.0015368619,716.5887021614,717.6900000000,719.6987393327,717.6900000000,717.8335380000,717.7800000000,717.6364440000,27,,,,,CONVERGENCE,78,2.4300000000,7.7515380000,0.1890000000,7.9405380000,-5.5105380000
reverse_convergence,2026-08-11 15:51:00-04:00,2026-08-11 15:52:00-04:00,2026-08-11 15:59:00-04:00,LONG,HIGH,2.3986230615,0.0019527740,716.6405629511,718.0400000000,719.0168816222,718.0500000000,718.1936100000,718.3300000000,718.1863340000,27,,,,,FORCED_EOD,7,7.5600000000,7.7564520000,0.1890000000,7.9454520000,-0.3854520000
reverse_convergence,2026-08-14 11:23:00-04:00,2026-08-14 11:24:00-04:00,2026-08-14 13:05:00-04:00,SHORT,LOW,-2.5209030753,-0.0028914130,731.3045033137,729.1900000000,732.0725622789,729.1500000000,729.0041700000,729.0900000000,729.2358180000,27,,,,,CONVERGENCE,101,1.6200000000,7.8744960000,0.1890000000,8.0634960000,-6.4434960000
reverse_convergence,2026-08-14 14:28:00-04:00,2026-08-14 14:29:00-04:00,2026-08-14 15:59:00-04:00,LONG,HIGH,2.6389023113,0.0005721728,728.7530273141,729.1700000000,730.7007439067,729.2100000000,729.3558420000,731.0300000000,730.8837940000,27,,,,,FORCED_EOD,90,49.1400000000,7.8852960000,0.1890000000,8.0742960000,41.0657040000
reverse_convergence,2026-08-18 15:20:00-04:00,2026-08-18 15:21:00-04:00,2026-08-18 15:22:00-04:00,LONG,HIGH,2.6737520499,-0.0016582732,718.4714219059,717.2800000000,718.4395184008,717.2800000000,717.4234560000,717.2000000000,717.0565600000,27,,,,,CONVERGENCE,1,-2.1600000000,7.7461920000,0.1890000000,7.9351920000,-10.0951920000
reverse_convergence,2026-08-20 12:35:00-04:00,2026-08-20 12:36:00-04:00,2026-08-20 12:55:00-04:00,SHORT,LOW,-2.8011619200,-0.0011820889,712.8977084852,712.0550000000,712.2792721162,712.0100000000,711.8675980000,712.5450000000,712.6875090000,28,,,,,CONVERGENCE,19,-14.9800000000,7.9775080000,0.1960000000,8.1735080000,-23.1535080000
reverse_convergence,2026-08-21 13:35:00-04:00,2026-08-21 13:36:00-04:00,2026-08-21 15:59:00-04:00,LONG,HIGH,2.6217537928,0.0018836162,711.8691117769,713.2100000000,712.6302942815,713.2200000000,713.3626440000,713.4100000000,713.2673180000,28,,,,,FORCED_EOD,143,5.3200000000,7.9891280000,0.1960000000,8.1851280000,-2.8651280000
