symbol,lead_symbol,signal_time,entry_time,exit_time,direction,entry_z,signal_target_close,signal_target_vwap,signal_qqq_close,signal_qqq_vwap,signal_fair_target,entry_reference,entry_price,exit_reference,exit_price,shares,notional_usd,stop_usd_per_share,target_usd_per_share,gross_risk_usd,gross_reward_usd,reward_to_risk,stop_price,target_price,exit_reason,duration_bars,gross_pnl,slippage,commissions,costs,net_pnl
META,QQQ,2025-08-22 11:39:00-04:00,2025-08-22 11:40:00-04:00,2025-08-22 14:12:00-04:00,LONG,-2.7315613903,752.4301000000,749.0503401230,573.1300000000,570.6331550200,749.9144699671,752.4509000000,752.6013901800,755.2009000000,755.0498598200,26,19567.6361446800,8.0000000000,2.7500000000,208.0000000000,71.5000000000,0.3437500000,744.4509000000,755.2009000000,TAKE_PROFIT_BRACKET,152,71.5000000000,7.8397893600,0.1820000000,8.0217893600,63.4782106400
META,QQQ,2025-08-22 15:01:00-04:00,2025-08-22 15:02:00-04:00,2025-08-22 15:59:00-04:00,LONG,-2.7232298242,752.9313000000,750.2955049580,572.5600000000,571.2116989860,750.7624389953,753.2200000000,753.3706440000,754.6540000000,754.5030692000,26,19587.6367440000,8.0000000000,2.7500000000,208.0000000000,71.5000000000,0.3437500000,745.2200000000,755.9700000000,FORCED_EOD,57,37.2840000000,7.8409448000,0.1820000000,8.0229448000,29.2610552000
META,QQQ,2025-08-25 13:31:00-04:00,2025-08-25 13:32:00-04:00,2025-08-25 15:59:00-04:00,SHORT,2.6650239288,755.7899000000,754.2284418465,572.4000000000,571.5725625770,755.7060418321,755.4500000000,755.2989100000,753.4000000000,753.5506800000,26,19637.7716600000,8.0000000000,2.7500000000,208.0000000000,71.5000000000,0.3437500000,763.4500000000,752.7000000000,FORCED_EOD,147,53.3000000000,7.8460200000,0.1820000000,8.0280200000,45.2719800000
META,QQQ,2025-08-26 13:28:00-04:00,2025-08-26 13:29:00-04:00,2025-08-26 15:22:00-04:00,LONG,-2.7183194013,750.5800000000,751.7770431656,571.4701000000,570.8149360790,753.0042345018,750.7400000000,750.8901480000,753.4900000000,753.3393020000,26,19523.1438480000,8.0000000000,2.7500000000,208.0000000000,71.5000000000,0.3437500000,742.7400000000,753.4900000000,TAKE_PROFIT_BRACKET,113,71.5000000000,7.8219960000,0.1820000000,8.0039960000,63.4960040000
META,QQQ,2025-08-27 11:05:00-04:00,2025-08-27 11:06:00-04:00,2025-08-27 15:59:00-04:00,LONG,-2.5529790996,747.7100000000,750.1843100101,572.8100000000,572.0918129324,751.4429700419,747.8199000000,747.9694639800,747.1500000000,747.0005700000,26,19447.2060634800,8.0000000000,2.7500000000,208.0000000000,71.5000000000,0.3437500000,739.8199000000,750.5699000000,FORCED_EOD,293,-17.4174000000,7.7738434800,0.1820000000,7.9558434800,-25.3732434800
META,QQQ,2025-08-28 10:47:00-04:00,2025-08-28 10:48:00-04:00,2025-08-28 15:59:00-04:00,LONG,-2.5591495228,750.1600000000,747.8805283478,575.8600000000,574.5900807830,750.3757128770,750.3800000000,750.5300760000,751.2800000000,751.1297440000,26,19513.7819760000,8.0000000000,2.7500000000,208.0000000000,71.5000000000,0.3437500000,742.3800000000,753.1300000000,FORCED_EOD,311,23.4000000000,7.8086320000,0.1820000000,7.9906320000,15.4093680000
META,QQQ,2025-08-29 11:37:00-04:00,2025-08-29 11:38:00-04:00,2025-08-29 13:04:00-04:00,SHORT,2.5455998862,741.5800000000,740.8417059692,570.3400000000,571.1343573418,739.3087204808,741.5734000000,741.4250853200,738.8234000000,738.9711646800,26,19277.0522183200,8.0000000000,2.7500000000,208.0000000000,71.5000000000,0.3437500000,749.5734000000,738.8234000000,TAKE_PROFIT_BRACKET,86,71.5000000000,7.6980633600,0.1820000000,7.8800633600,63.6199366400
META,QQQ,2025-08-29 13:40:00-04:00,2025-08-29 13:41:00-04:00,2025-08-29 15:59:00-04:00,LONG,-2.5141782714,737.0950000000,740.3815400940,569.6500000000,570.7308783223,738.2954358229,737.2750000000,737.4224550000,738.8500000000,738.7022300000,27,19910.4062850000,8.0000000000,2.7500000000,216.0000000000,74.2500000000,0.3437500000,729.2750000000,740.0250000000,FORCED_EOD,138,42.5250000000,7.9710750000,0.1890000000,8.1600750000,34.3649250000
META,QQQ,2025-09-02 10:58:00-04:00,2025-09-02 10:59:00-04:00,2025-09-02 11:17:00-04:00,SHORT,2.5035186525,733.0450000000,729.6579141914,562.4900000000,563.2078203791,728.6808254710,733.1100000000,732.9633780000,730.3600000000,730.5060720000,27,19790.0112060000,8.0000000000,2.7500000000,216.0000000000,74.2500000000,0.3437500000,741.1100000000,730.3600000000,TAKE_PROFIT_BRACKET,18,74.2500000000,7.9027380000,0.1890000000,8.0917380000,66.1582620000
META,QQQ,2025-09-02 14:55:00-04:00,2025-09-02 14:56:00-04:00,2025-09-02 15:59:00-04:00,SHORT,2.7729187893,733.4050000000,729.8113540479,563.5450000000,562.6071899534,731.0895216745,733.2900000000,733.1433420000,735.0800000000,735.2270160000,27,19794.8702340000,8.0000000000,2.7500000000,216.0000000000,74.2500000000,0.3437500000,741.2900000000,730.5400000000,FORCED_EOD,63,-48.3300000000,7.9291980000,0.1890000000,8.1181980000,-56.4481980000
META,QQQ,2025-09-03 10:54:00-04:00,2025-09-03 10:55:00-04:00,2025-09-03 12:23:00-04:00,LONG,-2.7066326082,735.7400000000,737.3407869162,571.3500000000,569.4615874909,739.5065479066,735.8200000000,735.9671640000,738.5700000000,738.4222860000,27,19871.1134280000,8.0000000000,2.7500000000,216.0000000000,74.2500000000,0.3437500000,727.8200000000,738.5700000000,TAKE_PROFIT_BRACKET,88,74.2500000000,7.9617060000,0.1890000000,8.1507060000,66.0992940000
META,QQQ,2025-09-03 14:39:00-04:00,2025-09-03 14:40:00-04:00,2025-09-03 15:59:00-04:00,SHORT,2.6086431239,735.7250000000,736.7321030710,566.7900000000,569.2243755716,733.9413364412,735.6600000000,735.5128680000,736.9000000000,737.0473800000,27,19858.8474360000,8.0000000000,2.7500000000,216.0000000000,74.2500000000,0.3437500000,743.6600000000,732.9100000000,FORCED_EOD,79,-33.4800000000,7.9518240000,0.1890000000,8.1408240000,-41.6208240000
META,QQQ,2025-09-04 10:39:00-04:00,2025-09-04 10:40:00-04:00,2025-09-04 11:50:00-04:00,SHORT,2.7891502243,753.5800000000,752.4029585631,571.6600000000,570.6530824438,753.5222837628,753.6200000000,753.4692760000,750.8700000000,751.0201740000,26,19590.2011760000,8.0000000000,2.7500000000,208.0000000000,71.5000000000,0.3437500000,761.6200000000,750.8700000000,TAKE_PROFIT_BRACKET,70,71.5000000000,7.8233480000,0.1820000000,8.0053480000,63.4946520000
META,QQQ,2025-09-04 11:50:00-04:00,2025-09-04 11:51:00-04:00,2025-09-04 15:59:00-04:00,LONG,-2.5493640932,750.8500000000,752.6548937700,572.0400000000,571.0520725517,753.7527090487,750.8800000000,751.0301760000,748.8900000000,748.7402220000,26,19526.7845760000,8.0000000000,2.7500000000,208.0000000000,71.5000000000,0.3437500000,742.8800000000,753.6300000000,FORCED_EOD,248,-51.7400000000,7.7988040000,0.1820000000,7.9808040000,-59.7208040000
META,QQQ,2025-09-05 11:05:00-04:00,2025-09-05 11:06:00-04:00,2025-09-05 11:15:00-04:00,LONG,-2.5715714682,746.4400000000,753.1592113858,572.3500000000,577.1834384102,746.0063649386,746.3700000000,746.5192740000,749.1200000000,748.9701760000,26,19409.5011240000,8.0000000000,2.7500000000,208.0000000000,71.5000000000,0.3437500000,738.3700000000,749.1200000000,TAKE_PROFIT_BRACKET,9,71.5000000000,7.7765480000,0.1820000000,7.9585480000,63.5414520000
META,QQQ,2025-09-05 12:40:00-04:00,2025-09-05 12:41:00-04:00,2025-09-05 14:48:00-04:00,LONG,-2.6676497757,748.7501000000,752.4220683757,574.4500000000,576.2524923323,749.7529249200,749.2300000000,749.3798460000,751.9800000000,751.8296040000,26,19483.8759960000,8.0000000000,2.7500000000,208.0000000000,71.5000000000,0.3437500000,741.2300000000,751.9800000000,TAKE_PROFIT_BRACKET,127,71.5000000000,7.8062920000,0.1820000000,7.9882920000,63.5117080000
META,QQQ,2025-09-05 14:48:00-04:00,2025-09-05 14:49:00-04:00,2025-09-05 15:59:00-04:00,SHORT,2.6881433267,751.9100000000,751.9305719365,575.0600000000,575.9224440244,750.6535615236,751.9000000000,751.7496200000,752.2900000000,752.4404580000,26,19545.4901200000,8.0000000000,2.7500000000,208.0000000000,71.5000000000,0.3437500000,759.9000000000,749.1500000000,FORCED_EOD,70,-10.1400000000,7.8217880000,0.1820000000,8.0037880000,-18.1437880000
META,QQQ,2025-09-08 11:48:00-04:00,2025-09-08 11:49:00-04:00,2025-09-08 15:10:00-04:00,SHORT,2.5126654055,760.4063000000,761.7920217842,579.7401000000,579.8338574006,761.6476137187,760.2200000000,760.0679560000,757.4700000000,757.6214940000,26,19761.7668560000,8.0000000000,2.7500000000,208.0000000000,71.5000000000,0.3437500000,768.2200000000,757.4700000000,TAKE_PROFIT_BRACKET,201,71.5000000000,7.8919880000,0.1820000000,8.0739880000,63.4260120000
META,QQQ,2025-09-08 15:40:00-04:00,2025-09-08 15:41:00-04:00,2025-09-08 15:59:00-04:00,LONG,-3.5384590992,757.0500000000,760.9155860917,578.6499000000,579.4001004230,759.7605693979,756.9800000000,757.1313960000,752.1900000000,752.0395620000,26,19685.4162960000,8.0000000000,2.7500000000,208.0000000000,71.5000000000,0.3437500000,748.9800000000,759.7300000000,FORCED_EOD,18,-124.5400000000,7.8476840000,0.1820000000,8.0296840000,-132.5696840000
META,QQQ,2025-09-09 15:40:00-04:00,2025-09-09 15:41:00-04:00,2025-09-09 15:59:00-04:00,SHORT,2.7204330629,765.5000000000,761.8908886652,579.8600000000,579.1126466009,762.7194104722,765.4600000000,765.3069080000,765.8700000000,766.0231740000,26,19897.9796080000,8.0000000000,2.7500000000,208.0000000000,71.5000000000,0.3437500000,773.4600000000,762.7100000000,FORCED_EOD,18,-10.6600000000,7.9629160000,0.1820000000,8.1449160000,-18.8049160000
META,QQQ,2025-09-10 13:00:00-04:00,2025-09-10 13:01:00-04:00,2025-09-10 13:22:00-04:00,SHORT,2.8961414889,758.5500000000,756.2181198079,582.0300000000,582.4597441167,756.0639976046,758.6339000000,758.4821732200,755.8839000000,756.0350767800,26,19720.5365037200,8.0000000000,2.7500000000,208.0000000000,71.5000000000,0.3437500000,766.6339000000,755.8839000000,TAKE_PROFIT_BRACKET,21,71.5000000000,7.8754925600,0.1820000000,8.0574925600,63.4425074400
META,QQQ,2025-09-10 14:15:00-04:00,2025-09-10 14:16:00-04:00,2025-09-10 15:14:00-04:00,SHORT,2.5485017123,756.3550000000,756.2454423652,580.8600000000,582.2836172692,755.7347074465,756.3550000000,756.2037290000,753.6050000000,753.7557210000,26,19661.2969540000,8.0000000000,2.7500000000,208.0000000000,71.5000000000,0.3437500000,764.3550000000,753.6050000000,TAKE_PROFIT_BRACKET,58,71.5000000000,7.8517920000,0.1820000000,8.0337920000,63.4662080000
META,QQQ,2025-09-10 15:14:00-04:00,2025-09-10 15:15:00-04:00,2025-09-10 15:59:00-04:00,LONG,-3.0112710249,753.2000000000,756.1612741833,579.0400000000,581.9714336456,755.1091501600,753.2500000000,753.4006500000,751.8000000000,751.6496400000,26,19588.4169000000,8.0000000000,2.7500000000,208.0000000000,71.5000000000,0.3437500000,745.2500000000,756.0000000000,FORCED_EOD,44,-37.7000000000,7.8262600000,0.1820000000,8.0082600000,-45.7082600000
META,QQQ,2025-09-11 10:33:00-04:00,2025-09-11 10:34:00-04:00,2025-09-11 15:59:00-04:00,LONG,-2.7317266643,752.7400000000,752.9530226987,583.5000000000,582.9060167308,754.8747353785,752.7400000000,752.8905480000,750.7500000000,750.5998500000,26,19575.1542480000,8.0000000000,2.7500000000,208.0000000000,71.5000000000,0.3437500000,744.7400000000,755.4900000000,FORCED_EOD,325,-51.7400000000,7.8181480000,0.1820000000,8.0001480000,-59.7401480000
META,QQQ,2025-09-12 10:12:00-04:00,2025-09-12 10:13:00-04:00,2025-09-12 15:59:00-04:00,SHORT,2.5575879648,750.7600000000,747.7506967264,585.0100000000,584.9297010002,747.9122621946,750.8050000000,750.6548390000,755.7400000000,755.8911480000,26,19517.0258140000,8.0000000000,2.7500000000,208.0000000000,71.5000000000,0.3437500000,758.8050000000,748.0550000000,FORCED_EOD,345,-128.3100000000,7.8340340000,0.1820000000,8.0160340000,-136.3260340000
META,QQQ,2025-09-15 11:05:00-04:00,2025-09-15 11:06:00-04:00,2025-09-15 12:09:00-04:00,SHORT,2.7746741989,762.1886000000,758.4176961426,590.4100000000,589.8105247595,760.4277344143,762.2400000000,762.0875520000,770.2400000000,770.3940480000,26,19814.2763520000,8.0000000000,2.7500000000,208.0000000000,71.5000000000,0.3437500000,770.2400000000,759.4900000000,STOP,63,-208.0000000000,7.9688960000,0.1820000000,8.1508960000,-216.1508960000
META,QQQ,2025-09-15 12:09:00-04:00,2025-09-15 12:10:00-04:00,2025-09-15 12:15:00-04:00,SHORT,3.9140586775,771.5800000000,761.4014679925,590.9800000000,590.0167629792,764.6427712164,771.6800000000,771.5256640000,768.9300000000,769.0837860000,25,19288.1416000000,8.0000000000,2.7500000000,200.0000000000,68.7500000000,0.3437500000,779.6800000000,768.9300000000,TAKE_PROFIT_BRACKET,5,68.7500000000,7.7030500000,0.1750000000,7.8780500000,60.8719500000
META,QQQ,2025-09-15 13:40:00-04:00,2025-09-15 13:41:00-04:00,2025-09-15 15:59:00-04:00,LONG,-2.5594114359,765.2250000000,763.4446974197,590.6000000000,590.1818751081,764.8550733062,765.2200000000,765.3730440000,764.8400000000,764.6870320000,26,19899.6991440000,8.0000000000,2.7500000000,208.0000000000,71.5000000000,0.3437500000,757.2200000000,767.9700000000,FORCED_EOD,138,-9.8800000000,7.9563120000,0.1820000000,8.1383120000,-18.0183120000
META,QQQ,2025-09-16 11:02:00-04:00,2025-09-16 11:03:00-04:00,2025-09-16 12:40:00-04:00,SHORT,2.7600892494,768.7200000000,770.0796187908,590.8481000000,591.6796314628,767.4189059039,768.7400000000,768.5862520000,765.9900000000,766.1431980000,26,19983.2425520000,8.0000000000,2.7500000000,208.0000000000,71.5000000000,0.3437500000,776.7400000000,765.9900000000,TAKE_PROFIT_BRACKET,97,71.5000000000,7.9805960000,0.1820000000,8.1625960000,63.3374040000
META,QQQ,2025-09-16 12:40:00-04:00,2025-09-16 12:41:00-04:00,2025-09-16 13:03:00-04:00,LONG,-2.5439494994,765.7000000000,769.5878632170,591.0100000000,591.4426776918,768.2037220957,765.6700000000,765.8231340000,768.4200000000,768.2663160000,26,19911.4014840000,8.0000000000,2.7500000000,208.0000000000,71.5000000000,0.3437500000,757.6700000000,768.4200000000,TAKE_PROFIT_BRACKET,22,71.5000000000,7.9772680000,0.1820000000,8.1592680000,63.3407320000
META,QQQ,2025-09-16 13:14:00-04:00,2025-09-16 13:15:00-04:00,2025-09-16 15:43:00-04:00,SHORT,2.5179119775,770.1900000000,769.4605875979,591.4500000000,591.4133026359,769.5779693205,770.2900000000,770.1359420000,778.2900000000,778.4456580000,25,19253.3985500000,8.0000000000,2.7500000000,200.0000000000,68.7500000000,0.3437500000,778.2900000000,767.5400000000,STOP,148,-200.0000000000,7.7429000000,0.1750000000,7.9179000000,-207.9179000000
META,QQQ,2025-09-16 15:44:00-04:00,2025-09-16 15:45:00-04:00,2025-09-16 15:59:00-04:00,SHORT,2.6136681775,778.4400000000,770.9245641294,591.4500000000,591.4276287727,770.9962560808,778.4100000000,778.2543180000,778.9900000000,779.1457980000,25,19456.3579500000,8.0000000000,2.7500000000,200.0000000000,68.7500000000,0.3437500000,786.4100000000,775.6600000000,FORCED_EOD,14,-14.5000000000,7.7870000000,0.1750000000,7.9620000000,-22.4620000000
META,QQQ,2025-09-17 11:45:00-04:00,2025-09-17 11:46:00-04:00,2025-09-17 14:05:00-04:00,SHORT,2.7248833817,772.1600000000,772.9162103623,588.6700000000,589.6272750201,772.1587989782,772.3100000000,772.1555380000,769.5600000000,769.7139120000,25,19303.8884500000,8.0000000000,2.7500000000,200.0000000000,68.7500000000,0.3437500000,780.3100000000,769.5600000000,TAKE_PROFIT_BRACKET,139,68.7500000000,7.7093500000,0.1750000000,7.8843500000,60.8656500000
META,QQQ,2025-09-17 14:05:00-04:00,2025-09-17 14:06:00-04:00,2025-09-17 14:59:00-04:00,LONG,-3.4799782544,770.0100000000,773.2595983522,590.5700000000,589.2864543977,774.2761990783,769.8600000000,770.0139720000,772.6100000000,772.4554780000,25,19250.3493000000,8.0000000000,2.7500000000,200.0000000000,68.7500000000,0.3437500000,761.8600000000,772.6100000000,TAKE_PROFIT_BRACKET,53,68.7500000000,7.7123500000,0.1750000000,7.8873500000,60.8626500000
META,QQQ,2025-09-17 15:01:00-04:00,2025-09-17 15:02:00-04:00,2025-09-17 15:59:00-04:00,SHORT,3.0836959922,775.5250000000,772.4786968915,589.3800000000,588.3571245596,773.2893004336,775.3300000000,775.1749340000,775.4800000000,775.6350960000,25,19379.3733500000,8.0000000000,2.7500000000,200.0000000000,68.7500000000,0.3437500000,783.3300000000,772.5800000000,FORCED_EOD,57,-3.7500000000,7.7540500000,0.1750000000,7.9290500000,-11.6790500000
META,QQQ,2025-09-18 13:21:00-04:00,2025-09-18 13:22:00-04:00,2025-09-18 15:59:00-04:00,LONG,-3.2317209726,782.7750000000,783.7992875454,597.3100000000,596.3196398800,784.0892556675,782.7100000000,782.8665420000,780.4500000000,780.2939100000,25,19571.6635500000,8.0000000000,2.7500000000,200.0000000000,68.7500000000,0.3437500000,774.7100000000,785.4600000000,FORCED_EOD,157,-56.5000000000,7.8158000000,0.1750000000,7.9908000000,-64.4908000000
META,QQQ,2025-09-19 11:34:00-04:00,2025-09-19 11:35:00-04:00,2025-09-19 15:55:00-04:00,LONG,-2.7606880978,775.9200000000,783.6760595477,596.2200000000,597.0876877432,783.3191254791,775.7856000000,775.9407571200,778.5356000000,778.3798928800,25,19398.5189280000,8.0000000000,2.7500000000,200.0000000000,68.7500000000,0.3437500000,767.7856000000,778.5356000000,TAKE_PROFIT_BRACKET,260,68.7500000000,7.7716060000,0.1750000000,7.9466060000,60.8033940000
META,QQQ,2025-09-19 15:55:00-04:00,2025-09-19 15:56:00-04:00,2025-09-19 15:59:00-04:00,SHORT,3.7041579280,778.4600000000,777.6866255118,599.8300000000,597.7606046422,778.5304398234,778.4600000000,778.3043080000,778.5900000000,778.7457180000,25,19457.6077000000,8.0000000000,2.7500000000,200.0000000000,68.7500000000,0.3437500000,786.4600000000,775.7100000000,FORCED_EOD,3,-3.2500000000,7.7852500000,0.1750000000,7.9602500000,-11.2102500000
META,QQQ,2025-09-22 11:36:00-04:00,2025-09-22 11:37:00-04:00,2025-09-22 15:28:00-04:00,LONG,-2.6949077619,775.7701000000,780.4784791577,599.8300000000,599.4264120457,780.5835768666,775.9100000000,776.0651820000,767.9100000000,767.7564180000,25,19401.6295500000,8.0000000000,2.7500000000,200.0000000000,68.7500000000,0.3437500000,767.9100000000,778.6600000000,STOP,231,-200.0000000000,7.7191000000,0.1750000000,7.8941000000,-207.8941000000
META,QQQ,2025-09-22 15:54:00-04:00,2025-09-22 15:55:00-04:00,2025-09-22 15:59:00-04:00,LONG,-3.8204183057,766.0000000000,775.2310060618,602.2500000000,600.7110909798,775.6282053164,766.0000000000,766.1532000000,765.1000000000,764.9469800000,26,19919.9832000000,8.0000000000,2.7500000000,208.0000000000,71.5000000000,0.3437500000,758.0000000000,768.7500000000,FORCED_EOD,4,-23.4000000000,7.9617200000,0.1820000000,8.1437200000,-31.5437200000
META,QQQ,2025-09-23 10:13:00-04:00,2025-09-23 10:14:00-04:00,2025-09-23 13:20:00-04:00,SHORT,2.5569341148,764.1150000000,762.9372262445,601.2700000000,601.4123441241,762.9011113785,764.2590000000,764.1061482000,761.5090000000,761.6613018000,26,19866.7598532000,8.0000000000,2.7500000000,208.0000000000,71.5000000000,0.3437500000,772.2590000000,761.5090000000,TAKE_PROFIT_BRACKET,186,71.5000000000,7.9339936000,0.1820000000,8.1159936000,63.3840064000
META,QQQ,2025-09-23 13:20:00-04:00,2025-09-23 13:21:00-04:00,2025-09-23 14:39:00-04:00,LONG,-2.7475507427,761.5051000000,765.0378048214,599.8050000000,601.0813486885,764.7129053711,761.6500000000,761.8023300000,753.6500000000,753.4992700000,26,19806.8605800000,8.0000000000,2.7500000000,208.0000000000,71.5000000000,0.3437500000,753.6500000000,764.4000000000,STOP,78,-208.0000000000,7.8795600000,0.1820000000,8.0615600000,-216.0615600000
META,QQQ,2025-09-24 11:07:00-04:00,2025-09-24 11:08:00-04:00,2025-09-24 11:52:00-04:00,SHORT,2.6801241007,759.0000000000,757.2596131038,597.4500000000,598.0684336098,756.6734335374,758.7300000000,758.5782540000,755.9800000000,756.1311960000,26,19723.0346040000,8.0000000000,2.7500000000,208.0000000000,71.5000000000,0.3437500000,766.7300000000,755.9800000000,TAKE_PROFIT_BRACKET,44,71.5000000000,7.8764920000,0.1820000000,8.0584920000,63.4415080000
META,QQQ,2025-09-24 14:31:00-04:00,2025-09-24 14:32:00-04:00,2025-09-24 15:59:00-04:00,SHORT,2.5418381468,755.7900000000,756.4315002772,595.2500000000,596.3050908490,755.4295766410,755.9199000000,755.7687160200,760.5900000000,760.7421180000,26,19649.9866165200,8.0000000000,2.7500000000,208.0000000000,71.5000000000,0.3437500000,763.9199000000,753.1699000000,FORCED_EOD,87,-121.4226000000,7.8858514800,0.1820000000,8.0678514800,-129.4904514800
META,QQQ,2025-09-25 11:17:00-04:00,2025-09-25 11:18:00-04:00,2025-09-25 13:30:00-04:00,SHORT,2.6889293707,751.9350000000,749.0891129029,593.9250000000,591.5317431464,750.1289629858,752.0000000000,751.8496000000,749.2500000000,749.3998500000,26,19548.0896000000,8.0000000000,2.7500000000,208.0000000000,71.5000000000,0.3437500000,760.0000000000,749.2500000000,TAKE_PROFIT_BRACKET,132,71.5000000000,7.8065000000,0.1820000000,7.9885000000,63.5115000000
META,QQQ,2025-09-25 13:41:00-04:00,2025-09-25 13:42:00-04:00,2025-09-25 14:39:00-04:00,LONG,-2.6885558399,747.9800000000,750.1697902679,591.7600000000,592.3155070170,749.9283987495,747.9600000000,748.1095920000,750.7100000000,750.5598580000,26,19450.8493920000,8.0000000000,2.7500000000,208.0000000000,71.5000000000,0.3437500000,739.9600000000,750.7100000000,TAKE_PROFIT_BRACKET,57,71.5000000000,7.7930840000,0.1820000000,7.9750840000,63.5249160000
META,QQQ,2025-09-25 15:24:00-04:00,2025-09-25 15:25:00-04:00,2025-09-25 15:59:00-04:00,LONG,-3.0673230165,748.6800000000,749.9710113020,592.6900000000,592.2580990459,750.1586591643,748.8500000000,748.9997700000,748.9100000000,748.7602180000,26,19473.9940200000,8.0000000000,2.7500000000,208.0000000000,71.5000000000,0.3437500000,740.8500000000,751.6000000000,FORCED_EOD,34,1.5600000000,7.7883520000,0.1820000000,7.9703520000,-6.4103520000
META,QQQ,2025-09-26 10:06:00-04:00,2025-09-26 10:07:00-04:00,2025-09-26 12:00:00-04:00,LONG,-2.5576901794,745.6700000000,749.1505720707,593.9500000000,594.8643929436,748.9202614302,745.6700000000,745.8191340000,737.6700000000,737.5224660000,26,19391.2974840000,8.0000000000,2.7500000000,208.0000000000,71.5000000000,0.3437500000,737.6700000000,748.4200000000,STOP,113,-208.0000000000,7.7133680000,0.1820000000,7.8953680000,-215.8953680000
META,QQQ,2025-09-26 12:00:00-04:00,2025-09-26 12:01:00-04:00,2025-09-26 12:20:00-04:00,LONG,-3.0024358286,737.7900000000,743.8436442546,592.3800000000,593.4597130450,743.5729813374,738.0400000000,738.1876080000,740.7900000000,740.6418420000,27,19931.0654160000,8.0000000000,2.7500000000,216.0000000000,74.2500000000,0.3437500000,730.0400000000,740.7900000000,TAKE_PROFIT_BRACKET,19,74.2500000000,7.9856820000,0.1890000000,8.1746820000,66.0753180000
META,QQQ,2025-09-26 13:12:00-04:00,2025-09-26 13:13:00-04:00,2025-09-26 15:06:00-04:00,SHORT,2.6118011544,744.6350000000,743.2498849905,595.6400000000,593.6346959362,743.7520261305,744.4539000000,744.3050092200,741.7039000000,741.8522407800,26,19351.9302397200,8.0000000000,2.7500000000,208.0000000000,71.5000000000,0.3437500000,752.4539000000,741.7039000000,TAKE_PROFIT_BRACKET,113,71.5000000000,7.7280205600,0.1820000000,7.9100205600,63.5899794400
META,QQQ,2025-09-26 15:55:00-04:00,2025-09-26 15:56:00-04:00,2025-09-26 15:59:00-04:00,SHORT,2.8238698020,743.0700000000,743.0134295030,595.8892000000,594.2336758261,743.4274338734,743.1400000000,742.9913720000,743.8500000000,743.9987700000,26,19317.7756720000,8.0000000000,2.7500000000,208.0000000000,71.5000000000,0.3437500000,751.1400000000,740.3900000000,FORCED_EOD,3,-18.4600000000,7.7323480000,0.1820000000,7.9143480000,-26.3743480000
META,QQQ,2025-09-29 10:19:00-04:00,2025-09-29 10:20:00-04:00,2025-09-29 11:02:00-04:00,LONG,-2.5644517929,746.2150000000,748.2826009672,600.9000000000,600.6805590552,748.3372735676,746.1353000000,746.2845270600,748.8853000000,748.7355229400,26,19403.3977035600,8.0000000000,2.7500000000,208.0000000000,71.5000000000,0.3437500000,738.1353000000,748.8853000000,TAKE_PROFIT_BRACKET,42,71.5000000000,7.7741071200,0.1820000000,7.9561071200,63.5438928800
META,QQQ,2025-09-29 12:10:00-04:00,2025-09-29 12:11:00-04:00,2025-09-29 13:10:00-04:00,SHORT,2.6163911779,747.2800000000,747.5643264972,599.2600000000,600.4354450583,747.2716319867,747.2800000000,747.1305440000,744.5300000000,744.6789060000,26,19425.3941440000,8.0000000000,2.7500000000,208.0000000000,71.5000000000,0.3437500000,755.2800000000,744.5300000000,TAKE_PROFIT_BRACKET,59,71.5000000000,7.7574120000,0.1820000000,7.9394120000,63.5605880000
META,QQQ,2025-09-29 15:39:00-04:00,2025-09-29 15:40:00-04:00,2025-09-29 15:50:00-04:00,LONG,-3.2348192137,741.9500000000,746.1618043979,598.3100000000,599.7127371763,745.8127476453,741.8000000000,741.9483600000,744.5500000000,744.4010900000,26,19290.6573600000,8.0000000000,2.7500000000,208.0000000000,71.5000000000,0.3437500000,733.8000000000,744.5500000000,TAKE_PROFIT_BRACKET,10,71.5000000000,7.7290200000,0.1820000000,7.9110200000,63.5889800000
META,QQQ,2025-09-30 10:40:00-04:00,2025-09-30 10:41:00-04:00,2025-09-30 13:12:00-04:00,SHORT,2.5409926794,731.9300000000,731.4248867783,597.1300000000,597.3695377223,731.2513699049,731.7850000000,731.6386430000,729.0350000000,729.1808070000,27,19754.2433610000,8.0000000000,2.7500000000,216.0000000000,74.2500000000,0.3437500000,739.7850000000,729.0350000000,TAKE_PROFIT_BRACKET,151,74.2500000000,7.8884280000,0.1890000000,8.0774280000,66.1725720000
META,QQQ,2025-09-30 15:23:00-04:00,2025-09-30 15:24:00-04:00,2025-09-30 15:59:00-04:00,SHORT,2.8017865440,732.3700000000,731.8388910251,599.0500000000,597.7848839004,732.7552002857,732.3200000000,732.1735360000,734.3900000000,734.5368780000,27,19768.6854720000,8.0000000000,2.7500000000,216.0000000000,74.2500000000,0.3437500000,740.3200000000,729.5700000000,FORCED_EOD,35,-55.8900000000,7.9202340000,0.1890000000,8.1092340000,-63.9992340000
META,QQQ,2025-10-01 11:31:00-04:00,2025-10-01 11:32:00-04:00,2025-10-01 12:00:00-04:00,SHORT,2.7667095331,717.2740000000,715.9095000218,600.6400000000,598.9754172917,716.3074096989,717.3300000000,717.1865340000,714.5800000000,714.7229160000,27,19364.0364180000,8.0000000000,2.7500000000,216.0000000000,74.2500000000,0.3437500000,725.3300000000,714.5800000000,TAKE_PROFIT_BRACKET,28,74.2500000000,7.7323140000,0.1890000000,7.9213140000,66.3286860000
META,QQQ,2025-10-01 13:25:00-04:00,2025-10-01 13:26:00-04:00,2025-10-01 13:40:00-04:00,SHORT,2.5988190925,720.8608000000,716.3170629105,602.4621000000,599.7755869039,716.9587679791,720.8350000000,720.6908330000,718.0850000000,718.2286170000,27,19458.6524910000,8.0000000000,2.7500000000,216.0000000000,74.2500000000,0.3437500000,728.8350000000,718.0850000000,TAKE_PROFIT_BRACKET,14,74.2500000000,7.7701680000,0.1890000000,7.9591680000,66.2908320000
META,QQQ,2025-10-01 14:37:00-04:00,2025-10-01 14:38:00-04:00,2025-10-01 15:50:00-04:00,SHORT,2.7524352005,720.1950000000,716.5898380191,603.4800000000,600.3002002630,717.3489955798,720.1540000000,720.0099692000,717.4040000000,717.5474808000,27,19440.2691684000,8.0000000000,2.7500000000,216.0000000000,74.2500000000,0.3437500000,728.1540000000,717.4040000000,TAKE_PROFIT_BRACKET,72,74.2500000000,7.7628132000,0.1890000000,7.9518132000,66.2981868000
META,QQQ,2025-10-01 15:54:00-04:00,2025-10-01 15:55:00-04:00,2025-10-01 15:59:00-04:00,LONG,-2.8257421228,716.8450000000,716.8947162663,603.3300000000,600.9192629117,717.4699165595,717.0500000000,717.1934100000,717.3300000000,717.1865340000,27,19364.2220700000,8.0000000000,2.7500000000,216.0000000000,74.2500000000,0.3437500000,709.0500000000,719.8000000000,FORCED_EOD,4,7.5600000000,7.7456520000,0.1890000000,7.9346520000,-0.3746520000
META,QQQ,2025-10-02 11:27:00-04:00,2025-10-02 11:28:00-04:00,2025-10-02 12:54:00-04:00,LONG,-2.9656052779,719.1800000000,722.4720676970,604.2909000000,604.6172756812,722.2841402605,719.2900000000,719.4338580000,722.0400000000,721.8955920000,27,19424.7141660000,8.0000000000,2.7500000000,216.0000000000,74.2500000000,0.3437500000,711.2900000000,722.0400000000,TAKE_PROFIT_BRACKET,86,74.2500000000,7.7831820000,0.1890000000,7.9721820000,66.2778180000
META,QQQ,2025-10-02 12:58:00-04:00,2025-10-02 12:59:00-04:00,2025-10-02 15:59:00-04:00,SHORT,2.7435259292,723.2999000000,721.9091751888,604.9500000000,604.5551816024,722.1363582173,723.1550000000,723.0103690000,727.0600000000,727.2054120000,27,19521.2799630000,8.0000000000,2.7500000000,216.0000000000,74.2500000000,0.3437500000,731.1550000000,720.4050000000,FORCED_EOD,180,-105.4350000000,7.8311610000,0.1890000000,8.0201610000,-113.4551610000
META,QQQ,2025-10-03 11:39:00-04:00,2025-10-03 11:40:00-04:00,2025-10-03 15:59:00-04:00,LONG,-2.5171053907,718.1600000000,719.7104332461,606.1600000000,606.0537236398,719.7356746405,718.2000000000,718.3436400000,710.2000000000,710.0579600000,27,19395.2782800000,8.0000000000,2.7500000000,216.0000000000,74.2500000000,0.3437500000,710.2000000000,720.9500000000,STOP,259,-216.0000000000,7.7133600000,0.1890000000,7.9023600000,-223.9023600000
META,QQQ,2025-10-06 13:52:00-04:00,2025-10-06 13:53:00-04:00,2025-10-06 15:59:00-04:00,SHORT,3.2278016698,713.2024000000,701.4238275284,608.7500000000,607.5166965923,704.1711984316,713.4538000000,713.3111092400,715.8600000000,716.0031720000,28,19972.7110587200,8.0000000000,2.7500000000,224.0000000000,77.0000000000,0.3437500000,721.4538000000,710.7038000000,FORCED_EOD,126,-67.3736000000,8.0041572800,0.1960000000,8.2001572800,-75.5737572800
META,QQQ,2025-10-07 10:00:00-04:00,2025-10-07 10:01:00-04:00,2025-10-07 10:10:00-04:00,LONG,-2.6260624952,709.6375000000,713.3990239420,609.2850000000,609.1482201283,713.7581495068,709.6250000000,709.7669250000,712.3750000000,712.2325250000,28,19873.4739000000,8.0000000000,2.7500000000,224.0000000000,77.0000000000,0.3437500000,701.6250000000,712.3750000000,TAKE_PROFIT_BRACKET,9,77.0000000000,7.9632000000,0.1960000000,8.1592000000,68.8408000000
META,QQQ,2025-10-07 10:43:00-04:00,2025-10-07 10:44:00-04:00,2025-10-07 11:07:00-04:00,SHORT,2.7353947507,713.5350000000,712.5461711410,607.9800000000,608.9096375484,710.1073024509,713.5000000000,713.3573000000,710.7500000000,710.8921500000,28,19974.0044000000,8.0000000000,2.7500000000,224.0000000000,77.0000000000,0.3437500000,721.5000000000,710.7500000000,TAKE_PROFIT_BRACKET,23,77.0000000000,7.9758000000,0.1960000000,8.1718000000,68.8282000000
META,QQQ,2025-10-07 12:26:00-04:00,2025-10-07 12:27:00-04:00,2025-10-07 15:41:00-04:00,LONG,-2.6435548071,709.4900000000,711.9035581176,604.6700000000,606.4052903254,707.3364117888,709.4100000000,709.5518820000,712.1600000000,712.0175680000,28,19867.4526960000,8.0000000000,2.7500000000,224.0000000000,77.0000000000,0.3437500000,701.4100000000,712.1600000000,TAKE_PROFIT_BRACKET,194,77.0000000000,7.9607920000,0.1960000000,8.1567920000,68.8432080000
META,QQQ,2025-10-07 15:55:00-04:00,2025-10-07 15:56:00-04:00,2025-10-07 15:59:00-04:00,SHORT,3.1753422044,713.4000000000,710.7884510126,604.6700000000,605.7411534679,707.9705899274,713.4000000000,713.2573200000,712.9200000000,713.0625840000,28,19971.2049600000,8.0000000000,2.7500000000,224.0000000000,77.0000000000,0.3437500000,721.4000000000,710.6500000000,FORCED_EOD,3,13.4400000000,7.9873920000,0.1960000000,8.1833920000,5.2566080000
META,QQQ,2025-10-08 11:38:00-04:00,2025-10-08 11:39:00-04:00,2025-10-08 11:57:00-04:00,LONG,-2.5544631142,715.2950000000,713.8919379419,609.1100000000,607.8028493109,715.6974662654,715.2000000000,715.3430400000,717.9500000000,717.8064100000,27,19314.2620800000,8.0000000000,2.7500000000,216.0000000000,74.2500000000,0.3437500000,707.2000000000,717.9500000000,TAKE_PROFIT_BRACKET,18,74.2500000000,7.7390100000,0.1890000000,7.9280100000,66.3219900000
META,QQQ,2025-10-08 13:28:00-04:00,2025-10-08 13:29:00-04:00,2025-10-08 15:59:00-04:00,SHORT,2.6859786715,717.2500000000,714.5455670700,609.7800000000,608.2615308741,716.6433205413,717.3600000000,717.2165280000,717.8300000000,717.9735660000,27,19364.8462560000,8.0000000000,2.7500000000,216.0000000000,74.2500000000,0.3437500000,725.3600000000,714.6100000000,FORCED_EOD,150,-12.6900000000,7.7500260000,0.1890000000,7.9390260000,-20.6290260000
META,QQQ,2025-10-09 11:20:00-04:00,2025-10-09 11:21:00-04:00,2025-10-09 14:16:00-04:00,SHORT,2.5457479544,722.8050000000,718.5622107131,609.7300000000,609.9827062261,718.1382947756,722.9000000000,722.7554200000,730.9000000000,731.0461800000,27,19514.3963400000,8.0000000000,2.7500000000,216.0000000000,74.2500000000,0.3437500000,730.9000000000,720.1500000000,STOP,175,-216.0000000000,7.8505200000,0.1890000000,8.0395200000,-224.0395200000
META,QQQ,2025-10-10 11:01:00-04:00,2025-10-10 11:02:00-04:00,2025-10-10 11:30:00-04:00,LONG,-3.4608940190,720.2200000000,730.9342111598,605.7000000000,611.0373301175,724.8610099997,720.0400000000,720.1840080000,712.0400000000,711.8975920000,27,19444.9682160000,8.0000000000,2.7500000000,216.0000000000,74.2500000000,0.3437500000,712.0400000000,722.7900000000,STOP,28,-216.0000000000,7.7332320000,0.1890000000,7.9222320000,-223.9222320000
META,QQQ,2025-10-10 14:14:00-04:00,2025-10-10 14:15:00-04:00,2025-10-10 15:00:00-04:00,LONG,-2.8001965290,710.0250000000,719.6240120178,596.3750000000,602.0073534318,713.2196362668,710.0250000000,710.1670050000,712.7750000000,712.6324450000,28,19884.6761400000,8.0000000000,2.7500000000,224.0000000000,77.0000000000,0.3437500000,702.0250000000,712.7750000000,TAKE_PROFIT_BRACKET,45,77.0000000000,7.9676800000,0.1960000000,8.1636800000,68.8363200000
META,QQQ,2025-10-10 15:50:00-04:00,2025-10-10 15:51:00-04:00,2025-10-10 15:59:00-04:00,LONG,-2.7934367807,707.6900000000,717.6506189918,592.0250000000,600.2891849661,708.2526149186,707.8400000000,707.9815680000,705.4300000000,705.2889140000,28,19823.4839040000,8.0000000000,2.7500000000,224.0000000000,77.0000000000,0.3437500000,699.8400000000,710.5900000000,FORCED_EOD,8,-67.4800000000,7.9143120000,0.1960000000,8.1103120000,-75.5903120000
META,QQQ,2025-10-13 10:46:00-04:00,2025-10-13 10:47:00-04:00,2025-10-13 15:59:00-04:00,LONG,-2.5792007911,713.3700000000,715.0844660405,599.3600000000,599.7569777034,714.5729220833,713.3600000000,713.5026720000,715.4810000000,715.3379038000,28,19978.0748160000,8.0000000000,2.7500000000,224.0000000000,77.0000000000,0.3437500000,705.3600000000,716.1100000000,FORCED_EOD,312,59.3880000000,8.0015096000,0.1960000000,8.1975096000,51.1904904000
META,QQQ,2025-10-14 10:00:00-04:00,2025-10-14 10:01:00-04:00,2025-10-14 15:44:00-04:00,SHORT,2.6075845932,708.1800000000,703.2310551863,593.5400000000,592.5594621542,704.3301321531,708.1300000000,707.9883740000,705.3800000000,705.5210760000,28,19823.6744720000,8.0000000000,2.7500000000,224.0000000000,77.0000000000,0.3437500000,716.1300000000,705.3800000000,TAKE_PROFIT_BRACKET,343,77.0000000000,7.9156560000,0.1960000000,8.1116560000,68.8883440000
META,QQQ,2025-10-14 15:58:00-04:00,2025-10-14 15:59:00-04:00,2025-10-14 15:59:00-04:00,SHORT,2.5638411465,709.2100000000,709.0239673438,598.3000000000,597.9350683342,709.4326781141,709.2400000000,709.0981520000,708.7700000000,708.9117540000,28,19854.7482560000,8.0000000000,2.7500000000,224.0000000000,77.0000000000,0.3437500000,717.2400000000,706.4900000000,FORCED_EOD,0,13.1600000000,7.9408560000,0.1960000000,8.1368560000,5.0231440000
META,QQQ,2025-10-15 11:03:00-04:00,2025-10-15 11:04:00-04:00,2025-10-15 13:10:00-04:00,LONG,-2.6072169553,720.0200000000,719.5562499708,606.0550000000,604.7656687438,721.0219756957,720.1100000000,720.2540220000,712.1100000000,711.9675780000,27,19446.8585940000,8.0000000000,2.7500000000,216.0000000000,74.2500000000,0.3437500000,712.1100000000,722.8600000000,STOP,126,-216.0000000000,7.7339880000,0.1890000000,7.9229880000,-223.9229880000
META,QQQ,2025-10-15 14:00:00-04:00,2025-10-15 14:01:00-04:00,2025-10-15 14:57:00-04:00,LONG,-2.6257908255,715.8600000000,718.0874296322,601.6900000000,602.6581006392,716.9852879908,715.6600000000,715.8031320000,718.4100000000,718.2663180000,27,19326.6845640000,8.0000000000,2.7500000000,216.0000000000,74.2500000000,0.3437500000,707.6600000000,718.4100000000,TAKE_PROFIT_BRACKET,56,74.2500000000,7.7439780000,0.1890000000,7.9329780000,66.3170220000
META,QQQ,2025-10-15 15:29:00-04:00,2025-10-15 15:30:00-04:00,2025-10-15 15:59:00-04:00,LONG,-3.0401331484,716.6800000000,717.9693253160,602.5700000000,602.5667124849,717.9730679650,716.6800000000,716.8233360000,717.7800000000,717.6364440000,27,19354.2300720000,8.0000000000,2.7500000000,216.0000000000,74.2500000000,0.3437500000,708.6800000000,719.4300000000,FORCED_EOD,29,29.7000000000,7.7460840000,0.1890000000,7.9350840000,21.7649160000
META,QQQ,2025-10-16 12:55:00-04:00,2025-10-16 12:56:00-04:00,2025-10-16 15:59:00-04:00,LONG,-2.9765031235,711.3700000000,719.4738928878,601.2900000000,604.1808117430,715.9351149053,711.3550000000,711.4972710000,712.0600000000,711.9175880000,28,19921.9235880000,8.0000000000,2.7500000000,224.0000000000,77.0000000000,0.3437500000,703.3550000000,714.1050000000,FORCED_EOD,183,19.7400000000,7.9711240000,0.1960000000,8.1671240000,11.5728760000
META,QQQ,2025-10-17 11:48:00-04:00,2025-10-17 11:49:00-04:00,2025-10-17 12:04:00-04:00,LONG,-2.5084961936,709.5750000000,710.5885857074,600.0200000000,599.3373088328,711.4014102803,709.7100000000,709.8519420000,712.4600000000,712.3175080000,28,19875.8543760000,8.0000000000,2.7500000000,224.0000000000,77.0000000000,0.3437500000,701.7100000000,712.4600000000,TAKE_PROFIT_BRACKET,15,77.0000000000,7.9641520000,0.1960000000,8.1601520000,68.8398480000
META,QQQ,2025-10-17 13:07:00-04:00,2025-10-17 13:08:00-04:00,2025-10-17 15:59:00-04:00,SHORT,2.5858010503,712.0400000000,710.6726465221,601.3900000000,600.0276819127,712.2929727538,711.8000000000,711.6576400000,716.6700000000,716.8133340000,28,19926.4139200000,8.0000000000,2.7500000000,224.0000000000,77.0000000000,0.3437500000,719.8000000000,709.0500000000,FORCED_EOD,171,-136.3600000000,7.9994320000,0.1960000000,8.1954320000,-144.5554320000
META,QQQ,2025-10-20 12:26:00-04:00,2025-10-20 12:27:00-04:00,2025-10-20 15:59:00-04:00,SHORT,2.8554296942,731.0750000000,728.8808074865,611.7900000000,610.6771433519,730.1108488721,731.1000000000,730.9537800000,732.3900000000,732.5364780000,27,19735.7520600000,8.0000000000,2.7500000000,216.0000000000,74.2500000000,0.3437500000,739.1000000000,728.3500000000,FORCED_EOD,212,-34.8300000000,7.9028460000,0.1890000000,8.0918460000,-42.9218460000
META,QQQ,2025-10-21 10:57:00-04:00,2025-10-21 10:58:00-04:00,2025-10-21 12:16:00-04:00,LONG,-2.6130325813,731.3250000000,733.9479141270,611.4700000000,610.4520468471,735.9589129645,731.3300000000,731.4762660000,734.0800000000,733.9331840000,27,19749.8591820000,8.0000000000,2.7500000000,216.0000000000,74.2500000000,0.3437500000,723.3300000000,734.0800000000,TAKE_PROFIT_BRACKET,78,74.2500000000,7.9132140000,0.1890000000,8.1022140000,66.1477860000
META,QQQ,2025-10-21 12:16:00-04:00,2025-10-21 12:17:00-04:00,2025-10-21 13:01:00-04:00,SHORT,3.0821526616,734.1999000000,732.8360844257,612.2500000000,610.8623423895,735.5714549056,733.9000000000,733.7532200000,731.1500000000,731.2962300000,27,19811.3369400000,8.0000000000,2.7500000000,216.0000000000,74.2500000000,0.3437500000,741.9000000000,731.1500000000,TAKE_PROFIT_BRACKET,44,74.2500000000,7.9112700000,0.1890000000,8.1002700000,66.1497300000
META,QQQ,2025-10-21 15:27:00-04:00,2025-10-21 15:28:00-04:00,2025-10-21 15:59:00-04:00,SHORT,2.6232179953,733.8150000000,732.8439127442,611.8300000000,611.2014336800,734.0822774582,733.8900000000,733.7432220000,733.2490000000,733.3956498000,27,19811.0669940000,8.0000000000,2.7500000000,216.0000000000,74.2500000000,0.3437500000,741.8900000000,731.1400000000,FORCED_EOD,31,17.3070000000,7.9225506000,0.1890000000,8.1115506000,9.1954494000
META,QQQ,2025-10-22 12:30:00-04:00,2025-10-22 12:31:00-04:00,2025-10-22 13:41:00-04:00,SHORT,3.7244928572,727.5400000000,733.8142015278,602.8600000000,607.6894194598,723.7972461323,727.0700000000,726.9245860000,724.3200000000,724.4648640000,27,19626.9638220000,8.0000000000,2.7500000000,216.0000000000,74.2500000000,0.3437500000,735.0700000000,724.3200000000,TAKE_PROFIT_BRACKET,70,74.2500000000,7.8375060000,0.1890000000,8.0265060000,66.2234940000
META,QQQ,2025-10-23 12:14:00-04:00,2025-10-23 12:15:00-04:00,2025-10-23 15:59:00-04:00,LONG,-3.5166307225,740.4200000000,739.5557635316,609.8499000000,607.9390874122,742.0061706098,740.3050000000,740.4530610000,734.0000000000,733.8532000000,27,19992.2326470000,8.0000000000,2.7500000000,216.0000000000,74.2500000000,0.3437500000,732.3050000000,743.0550000000,FORCED_EOD,224,-170.2350000000,7.9612470000,0.1890000000,8.1502470000,-178.3852470000
META,QQQ,2025-10-24 10:12:00-04:00,2025-10-24 10:13:00-04:00,2025-10-24 10:52:00-04:00,SHORT,2.5641714209,737.2200000000,735.5398943281,617.7200000000,616.8094010971,736.3024478697,737.1368000000,736.9893726400,734.3868000000,734.5336773600,27,19898.7130612800,8.0000000000,2.7500000000,216.0000000000,74.2500000000,0.3437500000,745.1368000000,734.3868000000,TAKE_PROFIT_BRACKET,39,74.2500000000,7.9462274400,0.1890000000,8.1352274400,66.1147725600
META,QQQ,2025-10-24 11:04:00-04:00,2025-10-24 11:05:00-04:00,2025-10-24 12:32:00-04:00,LONG,-2.5291835622,732.5100000000,735.4996726661,616.0200000000,616.7730601527,734.8690425210,732.5900000000,732.7365180000,735.3400000000,735.1929320000,27,19783.8859860000,8.0000000000,2.7500000000,216.0000000000,74.2500000000,0.3437500000,724.5900000000,735.3400000000,TAKE_PROFIT_BRACKET,87,74.2500000000,7.9268220000,0.1890000000,8.1158220000,66.1341780000
META,QQQ,2025-10-24 12:32:00-04:00,2025-10-24 12:33:00-04:00,2025-10-24 15:59:00-04:00,SHORT,2.8271318557,735.7200000000,734.6061321533,617.7300000000,616.9596293889,735.2502798821,735.5750000000,735.4278850000,738.5100000000,738.6577020000,27,19856.5528950000,8.0000000000,2.7500000000,216.0000000000,74.2500000000,0.3437500000,743.5750000000,732.8250000000,FORCED_EOD,206,-79.2450000000,7.9600590000,0.1890000000,8.1490590000,-87.3940590000
META,QQQ,2025-10-27 11:05:00-04:00,2025-10-27 11:06:00-04:00,2025-10-27 15:59:00-04:00,LONG,-2.6777158106,751.7100000000,752.8865824063,626.2200000000,625.3701584192,753.5280869944,751.7700000000,751.9203540000,750.9600000000,750.8098080000,26,19549.9292040000,8.0000000000,2.7500000000,208.0000000000,71.5000000000,0.3437500000,743.7700000000,754.5200000000,FORCED_EOD,293,-21.0600000000,7.8141960000,0.1820000000,7.9961960000,-29.0561960000
META,QQQ,2025-10-28 10:04:00-04:00,2025-10-28 10:05:00-04:00,2025-10-28 10:39:00-04:00,LONG,-2.5328520295,753.7900000000,755.4712000304,630.7500000000,630.5947527207,755.5678959423,753.9200000000,754.0707840000,745.9200000000,745.7708160000,26,19605.8403840000,8.0000000000,2.7500000000,208.0000000000,71.5000000000,0.3437500000,745.9200000000,756.6700000000,STOP,34,-208.0000000000,7.7991680000,0.1820000000,7.9811680000,-215.9811680000
META,QQQ,2025-10-28 12:45:00-04:00,2025-10-28 12:46:00-04:00,2025-10-28 15:43:00-04:00,SHORT,3.1923627165,754.1300000000,752.1582900396,631.8899000000,630.6335598977,752.9373232030,754.0700000000,753.9191860000,751.3200000000,751.4702640000,26,19601.8988360000,8.0000000000,2.7500000000,208.0000000000,71.5000000000,0.3437500000,762.0700000000,751.3200000000,TAKE_PROFIT_BRACKET,177,71.5000000000,7.8280280000,0.1820000000,8.0100280000,63.4899720000
META,QQQ,2025-10-29 10:25:00-04:00,2025-10-29 10:26:00-04:00,2025-10-29 10:59:00-04:00,SHORT,2.8066779253,749.9900000000,749.4675853148,635.9300000000,636.0324332863,749.4079113472,749.7750000000,749.6250450000,747.0250000000,747.1744050000,26,19490.2511700000,8.0000000000,2.7500000000,208.0000000000,71.5000000000,0.3437500000,757.7750000000,747.0250000000,TAKE_PROFIT_BRACKET,33,71.5000000000,7.7833600000,0.1820000000,7.9653600000,63.5346400000
META,QQQ,2025-10-29 14:33:00-04:00,2025-10-29 14:34:00-04:00,2025-10-29 14:36:00-04:00,SHORT,2.7213463177,750.1100000000,749.2746594316,635.7800000000,635.4506579179,749.4666485676,749.9255000000,749.7755149000,747.1755000000,747.3249351000,26,19494.1633874000,8.0000000000,2.7500000000,208.0000000000,71.5000000000,0.3437500000,757.9255000000,747.1755000000,TAKE_PROFIT_BRACKET,2,71.5000000000,7.7849252000,0.1820000000,7.9669252000,63.5330748000
META,QQQ,2025-10-29 14:39:00-04:00,2025-10-29 14:40:00-04:00,2025-10-29 15:12:00-04:00,LONG,-3.2918870874,744.2100000000,749.1868557836,631.0300000000,635.2194497357,746.7440239986,744.5350000000,744.6839070000,747.2850000000,747.1355430000,26,19361.7815820000,8.0000000000,2.7500000000,208.0000000000,71.5000000000,0.3437500000,736.5350000000,747.2850000000,TAKE_PROFIT_BRACKET,32,71.5000000000,7.7574640000,0.1820000000,7.9394640000,63.5605360000
META,QQQ,2025-10-29 15:43:00-04:00,2025-10-29 15:44:00-04:00,2025-10-29 15:59:00-04:00,SHORT,2.8893049207,751.6000000000,748.6287690939,633.8300000000,634.5744235517,748.1945846400,751.6500000000,751.4996700000,752.0000000000,752.1504000000,26,19538.9914200000,8.0000000000,2.7500000000,208.0000000000,71.5000000000,0.3437500000,759.6500000000,748.9000000000,FORCED_EOD,15,-9.1000000000,7.8189800000,0.1820000000,8.0009800000,-17.1009800000
META,QQQ,2025-10-30 10:57:00-04:00,2025-10-30 10:58:00-04:00,2025-10-30 11:01:00-04:00,LONG,-2.9234781440,653.4780000000,662.7930480627,629.3300000000,630.4311831736,661.2323923054,653.6476000000,653.7783295200,656.3976000000,656.2663204800,30,19613.3498856000,8.0000000000,2.7500000000,240.0000000000,82.5000000000,0.3437500000,645.6476000000,656.3976000000,TAKE_PROFIT_BRACKET,3,82.5000000000,7.8602712000,0.2100000000,8.0702712000,74.4297288000
META,QQQ,2025-10-30 13:53:00-04:00,2025-10-30 13:54:00-04:00,2025-10-30 14:42:00-04:00,LONG,-2.6410836768,673.6640000000,665.5793148116,630.9200000000,630.3093156659,666.4486157809,673.7100000000,673.8447420000,665.7100000000,665.5768580000,29,19541.4975180000,8.0000000000,2.7500000000,232.0000000000,79.7500000000,0.3437500000,665.7100000000,676.4600000000,STOP,48,-232.0000000000,7.7686360000,0.2030000000,7.9716360000,-239.9716360000
META,QQQ,2025-10-30 15:14:00-04:00,2025-10-30 15:15:00-04:00,2025-10-30 15:21:00-04:00,SHORT,2.8063719537,668.8396000000,665.8398601321,627.9600000000,630.1224232803,662.7595612486,668.8900000000,668.7562220000,666.1400000000,666.2732280000,29,19393.9304380000,8.0000000000,2.7500000000,232.0000000000,79.7500000000,0.3437500000,676.8900000000,666.1400000000,TAKE_PROFIT_BRACKET,6,79.7500000000,7.7431740000,0.2030000000,7.9461740000,71.8038260000
META,QQQ,2025-10-30 15:54:00-04:00,2025-10-30 15:55:00-04:00,2025-10-30 15:56:00-04:00,SHORT,2.5506327582,671.0201000000,665.9751241402,626.9400000000,629.7507030204,661.9681955643,671.0200000000,670.8857960000,668.2700000000,668.4036540000,29,19455.6880840000,8.0000000000,2.7500000000,232.0000000000,79.7500000000,0.3437500000,679.0200000000,668.2700000000,TAKE_PROFIT_BRACKET,1,79.7500000000,7.7678820000,0.2030000000,7.9708820000,71.7791180000
META,QQQ,2025-10-31 10:41:00-04:00,2025-10-31 10:42:00-04:00,2025-10-31 10:57:00-04:00,LONG,-2.6784806263,656.8150000000,661.0204934029,633.2100000000,632.2105821824,665.2003390274,656.8300000000,656.9613660000,659.5800000000,659.4480840000,30,19708.8409800000,8.0000000000,2.7500000000,240.0000000000,82.5000000000,0.3437500000,648.8300000000,659.5800000000,TAKE_PROFIT_BRACKET,15,82.5000000000,7.8984600000,0.2100000000,8.1084600000,74.3915400000
META,QQQ,2025-10-31 11:37:00-04:00,2025-10-31 11:38:00-04:00,2025-10-31 11:59:00-04:00,SHORT,2.8007622069,656.8000000000,659.9719895590,631.7900000000,632.5122335974,656.9576355662,656.7900000000,656.6586420000,654.0400000000,654.1708080000,30,19699.7592600000,8.0000000000,2.7500000000,240.0000000000,82.5000000000,0.3437500000,664.7900000000,654.0400000000,TAKE_PROFIT_BRACKET,21,82.5000000000,7.8649800000,0.2100000000,8.0749800000,74.4250200000
META,QQQ,2025-10-31 13:49:00-04:00,2025-10-31 13:50:00-04:00,2025-10-31 15:59:00-04:00,LONG,-2.6727510093,652.9235000000,657.6506927780,628.5000000000,630.8022165364,648.0498748961,652.8800000000,653.0105760000,648.3400000000,648.2103320000,30,19590.3172800000,8.0000000000,2.7500000000,240.0000000000,82.5000000000,0.3437500000,644.8800000000,655.6300000000,FORCED_EOD,129,-136.2000000000,7.8073200000,0.2100000000,8.0173200000,-144.2173200000
META,QQQ,2025-11-03 11:56:00-05:00,2025-11-03 11:57:00-05:00,2025-11-03 13:24:00-05:00,LONG,-2.8090551738,651.3650000000,652.9876557262,632.1700000000,632.2809979481,652.5291235850,651.3700000000,651.5002740000,643.3700000000,643.2413260000,30,19545.0082200000,8.0000000000,2.7500000000,240.0000000000,82.5000000000,0.3437500000,643.3700000000,654.1200000000,STOP,87,-240.0000000000,7.7684400000,0.2100000000,7.9784400000,-247.9784400000
META,QQQ,2025-11-03 14:10:00-05:00,2025-11-03 14:11:00-05:00,2025-11-03 15:33:00-05:00,SHORT,3.3884075890,643.4400000000,650.3941160666,632.1013000000,632.3993299758,649.1680746494,643.4050000000,643.2763190000,640.6550000000,640.7831310000,31,19941.5658890000,8.0000000000,2.7500000000,248.0000000000,85.2500000000,0.3437500000,651.4050000000,640.6550000000,TAKE_PROFIT_BRACKET,82,85.2500000000,7.9611720000,0.2170000000,8.1781720000,77.0718280000
META,QQQ,2025-11-03 15:54:00-05:00,2025-11-03 15:55:00-05:00,2025-11-03 15:59:00-05:00,LONG,-2.6164176925,637.4485000000,648.5216068356,631.6700000000,632.2899671039,645.9780772318,637.3600000000,637.4874720000,637.8400000000,637.7124320000,31,19762.1116320000,8.0000000000,2.7500000000,248.0000000000,85.2500000000,0.3437500000,629.3600000000,640.1100000000,FORCED_EOD,4,14.8800000000,7.9062400000,0.2170000000,8.1232400000,6.7567600000
META,QQQ,2025-11-04 10:55:00-05:00,2025-11-04 10:56:00-05:00,2025-11-04 10:58:00-05:00,SHORT,2.7459479558,637.3150000000,635.2611242858,624.4900000000,624.6602779205,634.5684537446,637.3150000000,637.1875370000,634.5650000000,634.6919130000,31,19752.8136470000,8.0000000000,2.7500000000,248.0000000000,85.2500000000,0.3437500000,645.3150000000,634.5650000000,TAKE_PROFIT_BRACKET,2,85.2500000000,7.8856560000,0.2170000000,8.1026560000,77.1473440000
META,QQQ,2025-11-04 12:06:00-05:00,2025-11-04 12:07:00-05:00,2025-11-04 13:11:00-05:00,SHORT,2.5767984041,630.9500000000,633.9921057104,622.6001000000,624.4314849977,626.5544049607,630.9600000000,630.8338080000,628.2100000000,628.3356420000,31,19555.8480480000,8.0000000000,2.7500000000,248.0000000000,85.2500000000,0.3437500000,638.9600000000,628.2100000000,TAKE_PROFIT_BRACKET,64,85.2500000000,7.8068540000,0.2170000000,8.0238540000,77.2261460000
META,QQQ,2025-11-05 11:48:00-05:00,2025-11-05 11:49:00-05:00,2025-11-05 12:00:00-05:00,LONG,-2.8036494443,636.8300000000,633.7640210745,624.1650000000,621.2862457348,639.1388983162,636.9500000000,637.0773900000,639.7000000000,639.5720600000,31,19749.3990900000,8.0000000000,2.7500000000,248.0000000000,85.2500000000,0.3437500000,628.9500000000,639.7000000000,TAKE_PROFIT_BRACKET,11,85.2500000000,7.9152300000,0.2170000000,8.1322300000,77.1177700000
META,QQQ,2025-11-05 13:45:00-05:00,2025-11-05 13:46:00-05:00,2025-11-05 15:59:00-05:00,LONG,-2.6767819668,640.5400000000,635.3106827710,626.2000000000,622.1039668518,642.9669091109,640.5000000000,640.6281000000,636.0000000000,635.8728000000,31,19859.4711000000,8.0000000000,2.7500000000,248.0000000000,85.2500000000,0.3437500000,632.5000000000,643.2500000000,FORCED_EOD,133,-139.5000000000,7.9143000000,0.2170000000,8.1313000000,-147.6313000000
META,QQQ,2025-11-06 11:56:00-05:00,2025-11-06 11:57:00-05:00,2025-11-06 15:59:00-05:00,SHORT,2.6223758542,620.4900000000,624.6516994649,610.5000000000,615.7573913282,613.8219567969,620.5200000000,620.3958960000,619.1000000000,619.2238200000,32,19852.6686720000,8.0000000000,2.7500000000,256.0000000000,88.0000000000,0.3437500000,628.5200000000,617.7700000000,FORCED_EOD,242,45.4400000000,7.9335680000,0.2240000000,8.1575680000,37.2824320000
META,QQQ,2025-11-07 11:21:00-05:00,2025-11-07 11:22:00-05:00,2025-11-07 11:33:00-05:00,SHORT,2.6520939500,605.4650000000,607.3588825970,601.6100000000,604.1917198616,606.0441836617,605.4800000000,605.3589040000,602.7300000000,602.8505460000,33,19976.8438320000,8.0000000000,2.7500000000,264.0000000000,90.7500000000,0.3437500000,613.4800000000,602.7300000000,TAKE_PROFIT_BRACKET,11,90.7500000000,7.9741860000,0.2310000000,8.2051860000,82.5448140000
META,QQQ,2025-11-07 11:54:00-05:00,2025-11-07 11:55:00-05:00,2025-11-07 13:39:00-05:00,SHORT,2.5204467722,605.4439000000,606.8928815729,600.1450000000,603.6396531157,605.1130253008,605.4600000000,605.3389080000,613.4600000000,613.5826920000,33,19976.1839640000,8.0000000000,2.7500000000,264.0000000000,90.7500000000,0.3437500000,613.4600000000,602.7100000000,STOP,104,-264.0000000000,8.0448720000,0.2310000000,8.2758720000,-272.2758720000
META,QQQ,2025-11-07 13:39:00-05:00,2025-11-07 13:40:00-05:00,2025-11-07 13:50:00-05:00,SHORT,2.5233158880,614.2950000000,607.4755685274,604.4748000000,602.9690520490,608.2440486738,614.3100000000,614.1871380000,611.5600000000,611.6823120000,32,19653.9884160000,8.0000000000,2.7500000000,256.0000000000,88.0000000000,0.3437500000,622.3100000000,611.5600000000,TAKE_PROFIT_BRACKET,10,88.0000000000,7.8455680000,0.2240000000,8.0695680000,79.9304320000
META,QQQ,2025-11-07 14:54:00-05:00,2025-11-07 14:55:00-05:00,2025-11-07 15:59:00-05:00,SHORT,2.8015313733,618.4000000000,608.4035178439,608.1500000000,603.4183618111,610.8202654690,618.3150000000,618.1913370000,621.6984000000,621.8227396800,32,19782.1227840000,8.0000000000,2.7500000000,256.0000000000,88.0000000000,0.3437500000,626.3150000000,615.5650000000,FORCED_EOD,64,-108.2688000000,7.9360857600,0.2240000000,8.1600857600,-116.4288857600
META,QQQ,2025-11-10 12:44:00-05:00,2025-11-10 12:45:00-05:00,2025-11-10 15:59:00-05:00,LONG,-3.2806561281,633.3290000000,630.6989015581,620.2387000000,619.8280031263,631.0708914474,633.5000000000,633.6267000000,631.7800000000,631.6536440000,31,19642.4277000000,8.0000000000,2.7500000000,248.0000000000,85.2500000000,0.3437500000,625.5000000000,636.2500000000,FORCED_EOD,194,-53.3200000000,7.8447360000,0.2170000000,8.0617360000,-61.3817360000
META,QQQ,2025-11-11 10:32:00-05:00,2025-11-11 10:33:00-05:00,2025-11-11 11:02:00-05:00,LONG,-2.8560994556,620.2300000000,624.7086250325,618.8150000000,620.2892860995,623.2531160666,620.2300000000,620.3540460000,622.9800000000,622.8554040000,32,19851.3294720000,8.0000000000,2.7500000000,256.0000000000,88.0000000000,0.3437500000,612.2300000000,622.9800000000,TAKE_PROFIT_BRACKET,29,88.0000000000,7.9565440000,0.2240000000,8.1805440000,79.8194560000
META,QQQ,2025-11-11 12:23:00-05:00,2025-11-11 12:24:00-05:00,2025-11-11 14:53:00-05:00,LONG,-2.6964903106,623.8250000000,623.7429239293,620.0950000000,619.5053813609,624.3248685321,623.8100000000,623.9347620000,626.5600000000,626.4346880000,32,19965.9123840000,8.0000000000,2.7500000000,256.0000000000,88.0000000000,0.3437500000,615.8100000000,626.5600000000,TAKE_PROFIT_BRACKET,149,88.0000000000,8.0023680000,0.2240000000,8.2263680000,79.7736320000
META,QQQ,2025-11-12 10:35:00-05:00,2025-11-12 10:36:00-05:00,2025-11-12 12:32:00-05:00,LONG,-2.8188859625,611.2300000000,618.9001432117,619.8300000000,621.2660482734,617.3728812509,611.2950000000,611.4172590000,614.0450000000,613.9221910000,32,19565.3522880000,8.0000000000,2.7500000000,256.0000000000,88.0000000000,0.3437500000,603.2950000000,614.0450000000,TAKE_PROFIT_BRACKET,116,88.0000000000,7.8421760000,0.2240000000,8.0661760000,79.9338240000
META,QQQ,2025-11-12 13:25:00-05:00,2025-11-12 13:26:00-05:00,2025-11-12 15:59:00-05:00,LONG,-3.0310884568,613.1650000000,614.4449719743,620.9600000000,620.3008839405,615.1419900186,613.1597000000,613.2823319400,608.8700000000,608.7482260000,32,19625.0346220800,8.0000000000,2.7500000000,256.0000000000,88.0000000000,0.3437500000,605.1597000000,615.9097000000,FORCED_EOD,153,-137.2704000000,7.8209900800,0.2240000000,8.0449900800,-145.3153900800
META,QQQ,2025-11-13 10:51:00-05:00,2025-11-13 10:52:00-05:00,2025-11-13 15:59:00-05:00,LONG,-2.6997465340,609.7915000000,613.2113053069,611.6400000000,614.8973223930,609.9372094558,609.7900000000,609.9119580000,609.9375000000,609.8155125000,32,19517.1826560000,8.0000000000,2.7500000000,256.0000000000,88.0000000000,0.3437500000,601.7900000000,612.5400000000,FORCED_EOD,307,4.7200000000,7.8062560000,0.2240000000,8.0302560000,-3.3102560000
META,QQQ,2025-11-14 10:16:00-05:00,2025-11-14 10:17:00-05:00,2025-11-14 10:21:00-05:00,SHORT,2.7923253361,607.7900000000,601.0430090239,605.5300000000,602.4429663719,602.1787823358,607.6700000000,607.5484660000,604.9200000000,605.0409840000,32,19441.5509120000,8.0000000000,2.7500000000,256.0000000000,88.0000000000,0.3437500000,615.6700000000,604.9200000000,TAKE_PROFIT_BRACKET,4,88.0000000000,7.7605760000,0.2240000000,7.9845760000,80.0154240000
META,QQQ,2025-11-14 13:03:00-05:00,2025-11-14 13:04:00-05:00,2025-11-14 13:12:00-05:00,LONG,-2.8360392308,608.0600000000,606.1150584170,609.6401000000,606.8461835443,607.1441417672,608.1100000000,608.2316220000,610.8600000000,610.7378280000,32,19463.4119040000,8.0000000000,2.7500000000,256.0000000000,88.0000000000,0.3437500000,600.1100000000,610.8600000000,TAKE_PROFIT_BRACKET,8,88.0000000000,7.8014080000,0.2240000000,8.0254080000,79.9745920000
META,QQQ,2025-11-17 13:46:00-05:00,2025-11-17 13:47:00-05:00,2025-11-17 13:55:00-05:00,SHORT,2.6764409318,606.1800000000,606.4293115484,607.0800000000,608.5507127132,605.8483173757,606.1850000000,606.0637630000,603.4350000000,603.5556870000,32,19394.0404160000,8.0000000000,2.7500000000,256.0000000000,88.0000000000,0.3437500000,614.1850000000,603.4350000000,TAKE_PROFIT_BRACKET,8,88.0000000000,7.7415680000,0.2240000000,7.9655680000,80.0344320000
META,QQQ,2025-11-17 13:57:00-05:00,2025-11-17 13:58:00-05:00,2025-11-17 15:59:00-05:00,LONG,-2.5511181550,601.8745000000,606.3502324428,604.2900000000,608.4403250113,604.7105936420,601.9000000000,602.0203800000,601.9100000000,601.7896180000,33,19866.6725400000,8.0000000000,2.7500000000,264.0000000000,90.7500000000,0.3437500000,593.9000000000,604.6500000000,FORCED_EOD,121,0.3300000000,7.9451460000,0.2310000000,8.1761460000,-7.8461460000
META,QQQ,2025-11-18 11:13:00-05:00,2025-11-18 11:14:00-05:00,2025-11-18 12:32:00-05:00,SHORT,2.6379012180,590.2400000000,588.9123217406,595.3400000000,595.9157734813,588.7985203906,590.1600000000,590.0419680000,587.4100000000,587.5274820000,33,19471.3849440000,8.0000000000,2.7500000000,264.0000000000,90.7500000000,0.3437500000,598.1600000000,587.4100000000,TAKE_PROFIT_BRACKET,78,90.7500000000,7.7719620000,0.2310000000,8.0029620000,82.7470380000
META,QQQ,2025-11-18 12:44:00-05:00,2025-11-18 12:45:00-05:00,2025-11-18 12:46:00-05:00,SHORT,2.6975339416,597.5190000000,589.9997688884,599.6100000000,596.2837482074,590.6580084580,597.8226000000,597.7030354800,595.0726000000,595.1916145200,33,19724.2001708400,8.0000000000,2.7500000000,264.0000000000,90.7500000000,0.3437500000,605.8226000000,595.0726000000,TAKE_PROFIT_BRACKET,1,90.7500000000,7.8731083200,0.2310000000,8.1041083200,82.6458916800
META,QQQ,2025-11-18 14:38:00-05:00,2025-11-18 14:39:00-05:00,2025-11-18 15:28:00-05:00,SHORT,3.1840763529,602.2200000000,592.0158874218,600.7400000000,597.0537248664,592.7469216164,602.2600000000,602.1395480000,599.5100000000,599.6299020000,33,19870.6050840000,8.0000000000,2.7500000000,264.0000000000,90.7500000000,0.3437500000,610.2600000000,599.5100000000,TAKE_PROFIT_BRACKET,49,90.7500000000,7.9316820000,0.2310000000,8.1626820000,82.5873180000
META,QQQ,2025-11-18 15:54:00-05:00,2025-11-18 15:55:00-05:00,2025-11-18 15:59:00-05:00,LONG,-2.9101916548,599.3400000000,593.3248997837,597.4700000000,597.3598112845,593.3467886712,599.2150000000,599.3348430000,597.6900000000,597.5704620000,33,19778.0498190000,8.0000000000,2.7500000000,264.0000000000,90.7500000000,0.3437500000,591.2150000000,601.9650000000,FORCED_EOD,4,-50.3250000000,7.8995730000,0.2310000000,8.1305730000,-58.4555730000
META,QQQ,2025-11-19 12:26:00-05:00,2025-11-19 12:27:00-05:00,2025-11-19 13:56:00-05:00,LONG,-3.1220345790,583.4700000000,589.3929404443,596.6600000000,601.2809002894,588.4870324044,583.4701000000,583.5867940200,586.2201000000,586.1028559800,34,19841.9509966800,8.0000000000,2.7500000000,272.0000000000,93.5000000000,0.3437500000,575.4701000000,586.2201000000,TAKE_PROFIT_BRACKET,89,93.5000000000,7.9538933600,0.2380000000,8.1918933600,85.3081066400
META,QQQ,2025-11-19 14:32:00-05:00,2025-11-19 14:33:00-05:00,2025-11-19 15:13:00-05:00,LONG,-2.5893591590,583.4100000000,587.7356506472,596.5500000000,600.1446313049,587.0315893730,583.4550000000,583.5716910000,586.2050000000,586.0877590000,34,19841.4374940000,8.0000000000,2.7500000000,272.0000000000,93.5000000000,0.3437500000,575.4550000000,586.2050000000,TAKE_PROFIT_BRACKET,40,93.5000000000,7.9536880000,0.2380000000,8.1916880000,85.3083120000
META,QQQ,2025-11-19 15:54:00-05:00,2025-11-19 15:55:00-05:00,2025-11-19 15:59:00-05:00,SHORT,2.8929056993,589.0750000000,587.3988345720,599.9800000000,600.0340230814,587.3882574734,589.1900000000,589.0721620000,590.3400000000,590.4580680000,33,19439.3813460000,8.0000000000,2.7500000000,264.0000000000,90.7500000000,0.3437500000,597.1900000000,586.4400000000,FORCED_EOD,4,-37.9500000000,7.7848980000,0.2310000000,8.0158980000,-45.9658980000
META,QQQ,2025-11-20 10:03:00-05:00,2025-11-20 10:04:00-05:00,2025-11-20 10:22:00-05:00,LONG,-2.5935310698,599.8100000000,603.2673506425,613.1400000000,611.8381649375,603.5240703550,599.7200000000,599.8399440000,602.4700000000,602.3495060000,33,19794.7181520000,8.0000000000,2.7500000000,264.0000000000,90.7500000000,0.3437500000,591.7200000000,602.4700000000,TAKE_PROFIT_BRACKET,18,90.7500000000,7.9344540000,0.2310000000,8.1654540000,82.5845460000
META,QQQ,2025-11-20 11:12:00-05:00,2025-11-20 11:13:00-05:00,2025-11-20 12:07:00-05:00,LONG,-2.5509663204,594.3050000000,601.5107531917,606.9898000000,611.6458920732,600.5949653196,594.4050000000,594.5238810000,586.4050000000,586.2877190000,33,19619.2880730000,8.0000000000,2.7500000000,264.0000000000,90.7500000000,0.3437500000,586.4050000000,597.1550000000,STOP,54,-264.0000000000,7.7933460000,0.2310000000,8.0243460000,-272.0243460000
META,QQQ,2025-11-20 13:12:00-05:00,2025-11-20 13:13:00-05:00,2025-11-20 13:34:00-05:00,SHORT,2.6661956712,589.3800000000,596.6199907502,595.7100000000,602.2619849718,595.3218695635,589.5899000000,589.4719820200,586.8399000000,586.9572679800,33,19452.5754066600,8.0000000000,2.7500000000,264.0000000000,90.7500000000,0.3437500000,597.5899000000,586.8399000000,TAKE_PROFIT_BRACKET,21,90.7500000000,7.7644366800,0.2310000000,7.9954366800,82.7545633200
META,QQQ,2025-11-20 14:55:00-05:00,2025-11-20 14:56:00-05:00,2025-11-20 15:41:00-05:00,SHORT,2.6189772729,588.1350000000,594.8884961963,591.1600000000,599.7293203140,593.1884658985,588.0300000000,587.9123940000,585.2800000000,585.3970560000,34,19989.0213960000,8.0000000000,2.7500000000,272.0000000000,93.5000000000,0.3437500000,596.0300000000,585.2800000000,TAKE_PROFIT_BRACKET,45,93.5000000000,7.9785080000,0.2380000000,8.2165080000,85.2834920000
META,QQQ,2025-11-21 13:04:00-05:00,2025-11-21 13:05:00-05:00,2025-11-21 13:37:00-05:00,LONG,-2.6464144802,590.4150000000,589.0025621747,589.1300000000,586.8287327993,589.4645205628,590.3900000000,590.5080780000,593.1400000000,593.0213720000,33,19486.7665740000,8.0000000000,2.7500000000,264.0000000000,90.7500000000,0.3437500000,582.3900000000,593.1400000000,TAKE_PROFIT_BRACKET,32,90.7500000000,7.8112980000,0.2310000000,8.0422980000,82.7077020000
META,QQQ,2025-11-21 13:50:00-05:00,2025-11-21 13:51:00-05:00,2025-11-21 15:30:00-05:00,SHORT,2.5930157095,596.4700000000,589.4469754300,595.6400000000,587.2983240506,591.1214142823,596.5200000000,596.4006960000,593.7700000000,593.8887540000,33,19681.2229680000,8.0000000000,2.7500000000,264.0000000000,90.7500000000,0.3437500000,604.5200000000,593.7700000000,TAKE_PROFIT_BRACKET,99,90.7500000000,7.8559140000,0.2310000000,8.0869140000,82.6630860000
META,QQQ,2025-11-21 15:32:00-05:00,2025-11-21 15:33:00-05:00,2025-11-21 15:59:00-05:00,LONG,-2.6587304777,593.4050000000,590.8390374650,591.1900000000,588.7590205698,591.3269510243,593.4050000000,593.5236810000,594.3800000000,594.2611240000,33,19586.2814730000,8.0000000000,2.7500000000,264.0000000000,90.7500000000,0.3437500000,585.4050000000,596.1550000000,FORCED_EOD,26,32.1750000000,7.8393810000,0.2310000000,8.0703810000,24.1046190000
META,QQQ,2025-11-24 12:22:00-05:00,2025-11-24 12:23:00-05:00,2025-11-24 15:59:00-05:00,SHORT,3.0101691060,613.9800000000,608.7683096830,603.9500000000,600.6828470099,609.4305357523,613.9800000000,613.8572040000,612.9900000000,613.1125980000,32,19643.4305280000,8.0000000000,2.7500000000,256.0000000000,88.0000000000,0.3437500000,621.9800000000,611.2300000000,FORCED_EOD,216,31.6800000000,7.8526080000,0.2240000000,8.0766080000,23.6033920000
META,QQQ,2025-11-25 11:21:00-05:00,2025-11-25 11:22:00-05:00,2025-11-25 12:31:00-05:00,LONG,-2.5103746240,627.3000000000,624.9231363980,603.6000000000,601.3477796953,626.4047785649,627.3150000000,627.4404630000,630.0650000000,629.9389870000,31,19450.6543530000,8.0000000000,2.7500000000,248.0000000000,85.2500000000,0.3437500000,619.3150000000,630.0650000000,TAKE_PROFIT_BRACKET,69,85.2500000000,7.7957560000,0.2170000000,8.0127560000,77.2372440000
META,QQQ,2025-11-25 13:11:00-05:00,2025-11-25 13:12:00-05:00,2025-11-25 13:48:00-05:00,LONG,-2.6787349953,628.7500000000,625.9233693759,607.0100000000,602.7920453212,628.6959688143,628.7500000000,628.8757500000,631.5000000000,631.3737000000,31,19495.1482500000,8.0000000000,2.7500000000,248.0000000000,85.2500000000,0.3437500000,620.7500000000,631.5000000000,TAKE_PROFIT_BRACKET,36,85.2500000000,7.8135500000,0.2170000000,8.0305500000,77.2194500000
META,QQQ,2025-11-25 14:25:00-05:00,2025-11-25 14:26:00-05:00,2025-11-25 15:59:00-05:00,SHORT,2.8888690964,633.2200000000,626.6749285758,606.4800000000,603.2800946130,628.7791528667,633.2050000000,633.0783590000,636.2200000000,636.3472440000,31,19625.4291290000,8.0000000000,2.7500000000,248.0000000000,85.2500000000,0.3437500000,641.2050000000,630.4550000000,FORCED_EOD,93,-93.4650000000,7.8704350000,0.2170000000,8.0874350000,-101.5524350000
META,QQQ,2025-11-26 10:14:00-05:00,2025-11-26 10:15:00-05:00,2025-11-26 15:59:00-05:00,SHORT,2.7426518549,635.2400000000,634.9686686555,611.4000000000,612.3772383991,634.3218229630,635.1525000000,635.0254695000,633.6990000000,633.8257398000,31,19685.7895545000,8.0000000000,2.7500000000,248.0000000000,85.2500000000,0.3437500000,643.1525000000,632.4025000000,FORCED_EOD,344,45.0585000000,7.8668793000,0.2170000000,8.0838793000,36.9746207000
META,QQQ,2025-11-28 12:58:00-05:00,2025-11-28 12:59:00-05:00,2025-11-28 12:59:00-05:00,SHORT,2.8881610883,647.9050000000,642.9827683957,619.0500000000,617.1048308076,644.1866684586,647.9000000000,647.7704200000,648.0200000000,648.1496040000,30,19433.1126000000,8.0000000000,2.7500000000,240.0000000000,82.5000000000,0.3437500000,655.9000000000,645.1500000000,FORCED_EOD,0,-3.6000000000,7.7755200000,0.2100000000,7.9855200000,-11.5855200000
META,QQQ,2025-12-01 13:20:00-05:00,2025-12-01 13:21:00-05:00,2025-12-01 15:59:00-05:00,LONG,-3.6403670758,642.3500000000,641.8262548326,618.5100000000,616.2090019726,643.2419329972,642.3900000000,642.5184780000,640.8900000000,640.7618220000,31,19918.0728180000,8.0000000000,2.7500000000,248.0000000000,85.2500000000,0.3437500000,634.3900000000,645.1400000000,FORCED_EOD,158,-46.5000000000,7.9563360000,0.2170000000,8.1733360000,-54.6733360000
META,QQQ,2025-12-02 12:05:00-05:00,2025-12-02 12:06:00-05:00,2025-12-02 15:59:00-05:00,SHORT,2.6608231728,644.0650000000,642.1274970100,620.5950000000,621.2238783817,641.3640556146,644.0200000000,643.8911960000,647.2600000000,647.3894520000,31,19960.6270760000,8.0000000000,2.7500000000,248.0000000000,85.2500000000,0.3437500000,652.0200000000,641.2700000000,FORCED_EOD,233,-100.4400000000,8.0059360000,0.2170000000,8.2229360000,-108.6629360000
META,QQQ,2025-12-03 13:35:00-05:00,2025-12-03 13:36:00-05:00,2025-12-03 15:59:00-05:00,LONG,-2.6807598768,644.3150000000,644.4776720645,623.0662000000,621.1087703284,648.1498679729,644.3075000000,644.4363615000,639.7400000000,639.6120520000,31,19977.5272065000,8.0000000000,2.7500000000,248.0000000000,85.2500000000,0.3437500000,636.3075000000,647.0575000000,FORCED_EOD,143,-141.5925000000,7.9610945000,0.2170000000,8.1780945000,-149.7705945000
META,QQQ,2025-12-04 13:41:00-05:00,2025-12-04 13:42:00-05:00,2025-12-04 14:23:00-05:00,SHORT,3.0037903329,665.1770000000,665.4210656608,622.1900000000,622.0897386431,665.6256777448,665.1200000000,664.9869760000,662.3700000000,662.5024740000,30,19949.6092800000,8.0000000000,2.7500000000,240.0000000000,82.5000000000,0.3437500000,673.1200000000,662.3700000000,TAKE_PROFIT_BRACKET,41,82.5000000000,7.9649400000,0.2100000000,8.1749400000,74.3250600000
META,QQQ,2025-12-04 14:23:00-05:00,2025-12-04 14:24:00-05:00,2025-12-04 15:59:00-05:00,SHORT,2.8029237562,662.4400000000,665.3661649222,619.8500000000,622.0325969680,660.9119075354,662.4100000000,662.2775180000,661.7300000000,661.8623460000,30,19868.3255400000,8.0000000000,2.7500000000,240.0000000000,82.5000000000,0.3437500000,670.4100000000,659.6600000000,FORCED_EOD,95,20.4000000000,7.9448400000,0.2100000000,8.1548400000,12.2451600000
META,QQQ,2025-12-05 10:19:00-05:00,2025-12-05 10:20:00-05:00,2025-12-05 10:45:00-05:00,SHORT,2.5971596696,672.1100000000,666.7552731630,628.2600000000,626.6269841822,668.5282527982,672.0500000000,671.9155900000,669.3000000000,669.4338600000,29,19485.5521100000,8.0000000000,2.7500000000,232.0000000000,79.7500000000,0.3437500000,680.0500000000,669.3000000000,TAKE_PROFIT_BRACKET,25,79.7500000000,7.7798300000,0.2030000000,7.9828300000,71.7671700000
META,QQQ,2025-12-05 11:33:00-05:00,2025-12-05 11:34:00-05:00,2025-12-05 15:59:00-05:00,SHORT,2.6672670027,669.3400000000,668.3404349625,624.5400000000,626.5179321879,666.1874964898,669.3600000000,669.2261280000,673.4600000000,673.5946920000,29,19407.5577120000,8.0000000000,2.7500000000,232.0000000000,79.7500000000,0.3437500000,677.3600000000,666.6100000000,FORCED_EOD,265,-118.9000000000,7.7883560000,0.2030000000,7.9913560000,-126.8913560000
META,QQQ,2025-12-08 12:57:00-05:00,2025-12-08 12:58:00-05:00,2025-12-08 15:59:00-05:00,LONG,-2.7113815779,669.2900000000,669.4551374301,624.5000000000,625.0915042718,669.0879904084,669.3900000000,669.5238780000,667.0300000000,666.8965940000,29,19416.1924620000,8.0000000000,2.7500000000,232.0000000000,79.7500000000,0.3437500000,661.3900000000,672.1400000000,FORCED_EOD,181,-68.4400000000,7.7512360000,0.2030000000,7.9542360000,-76.3942360000
META,QQQ,2025-12-09 11:04:00-05:00,2025-12-09 11:05:00-05:00,2025-12-09 13:40:00-05:00,LONG,-2.5368383582,655.8300000000,657.0364098578,624.8000000000,623.3945863828,657.4320277584,655.8900000000,656.0211780000,658.6400000000,658.5082720000,30,19680.6353400000,8.0000000000,2.7500000000,240.0000000000,82.5000000000,0.3437500000,647.8900000000,658.6400000000,TAKE_PROFIT_BRACKET,155,82.5000000000,7.8871800000,0.2100000000,8.0971800000,74.4028200000
META,QQQ,2025-12-09 14:39:00-05:00,2025-12-09 14:40:00-05:00,2025-12-09 15:59:00-05:00,LONG,-2.7077349848,657.3000000000,656.7767344526,625.1100000000,624.4161496640,656.9716537344,657.2990000000,657.4304598000,656.8200000000,656.6886360000,30,19722.9137940000,8.0000000000,2.7500000000,240.0000000000,82.5000000000,0.3437500000,649.2990000000,660.0490000000,FORCED_EOD,79,-14.3700000000,7.8847140000,0.2100000000,8.0947140000,-22.4647140000
META,QQQ,2025-12-10 12:15:00-05:00,2025-12-10 12:16:00-05:00,2025-12-10 15:59:00-05:00,LONG,-3.0388840915,650.4000000000,650.8394231960,623.4300000000,623.0888654676,650.9106887296,650.4500000000,650.5800900000,649.9300000000,649.8000140000,30,19517.4027000000,8.0000000000,2.7500000000,240.0000000000,82.5000000000,0.3437500000,642.4500000000,653.2000000000,FORCED_EOD,223,-15.6000000000,7.8022800000,0.2100000000,8.0122800000,-23.6122800000
META,QQQ,2025-12-11 13:32:00-05:00,2025-12-11 13:33:00-05:00,2025-12-11 15:59:00-05:00,SHORT,2.5958185508,650.6700000000,649.1266068777,623.2800000000,621.4099409962,649.5173006776,650.7317000000,650.6015536600,652.7800000000,652.9105560000,30,19518.0466098000,8.0000000000,2.7500000000,240.0000000000,82.5000000000,0.3437500000,658.7317000000,647.9817000000,FORCED_EOD,146,-61.4490000000,7.8210702000,0.2100000000,8.0310702000,-69.4800702000
META,QQQ,2025-12-12 11:20:00-05:00,2025-12-12 11:21:00-05:00,2025-12-12 12:08:00-05:00,LONG,-2.8052430673,640.0000000000,646.5431262519,612.7100000000,618.2934919551,642.6687757382,639.9600000000,640.0879920000,642.7100000000,642.5814580000,31,19842.7277520000,8.0000000000,2.7500000000,248.0000000000,85.2500000000,0.3437500000,631.9600000000,642.7100000000,TAKE_PROFIT_BRACKET,47,85.2500000000,7.9525540000,0.2170000000,8.1695540000,77.0804460000
META,QQQ,2025-12-12 12:09:00-05:00,2025-12-12 12:10:00-05:00,2025-12-12 15:59:00-05:00,SHORT,2.7137530773,642.7900000000,645.0792141962,614.1400000000,616.8584300470,643.1928050370,642.8800000000,642.7514240000,644.3600000000,644.4888720000,31,19925.2941440000,8.0000000000,2.7500000000,248.0000000000,85.2500000000,0.3437500000,650.8800000000,640.1300000000,FORCED_EOD,229,-45.8800000000,7.9808880000,0.2170000000,8.1978880000,-54.0778880000
META,QQQ,2025-12-15 12:19:00-05:00,2025-12-15 12:20:00-05:00,2025-12-15 12:42:00-05:00,LONG,-3.0417503370,649.0400000000,645.5300553476,611.8300000000,613.3703899826,645.2058244923,649.0300000000,649.1598060000,651.7800000000,651.6496440000,30,19474.7941800000,8.0000000000,2.7500000000,240.0000000000,82.5000000000,0.3437500000,641.0300000000,651.7800000000,TAKE_PROFIT_BRACKET,22,82.5000000000,7.8048600000,0.2100000000,8.0148600000,74.4851400000
META,QQQ,2025-12-15 15:00:00-05:00,2025-12-15 15:01:00-05:00,2025-12-15 15:59:00-05:00,LONG,-3.2603130337,650.3650000000,647.0653205779,611.4905000000,612.9284674189,646.7617096678,650.2900000000,650.4200580000,647.5000000000,647.3705000000,30,19512.6017400000,8.0000000000,2.7500000000,240.0000000000,82.5000000000,0.3437500000,642.2900000000,653.0400000000,FORCED_EOD,58,-83.7000000000,7.7867400000,0.2100000000,7.9967400000,-91.6967400000
META,QQQ,2025-12-16 12:51:00-05:00,2025-12-16 12:52:00-05:00,2025-12-16 13:40:00-05:00,LONG,-2.8768471621,650.3200000000,650.6778970954,608.3300000000,609.6498608989,650.3961601939,650.3950000000,650.5250790000,653.1450000000,653.0143710000,30,19515.7523700000,8.0000000000,2.7500000000,240.0000000000,82.5000000000,0.3437500000,642.3950000000,653.1450000000,TAKE_PROFIT_BRACKET,48,82.5000000000,7.8212400000,0.2100000000,8.0312400000,74.4687600000
META,QQQ,2025-12-16 14:30:00-05:00,2025-12-16 14:31:00-05:00,2025-12-16 15:59:00-05:00,SHORT,2.8721377277,655.7450000000,651.2878110310,609.8800000000,609.4225130873,651.3855939792,655.7500000000,655.6188500000,657.1500000000,657.2814300000,30,19668.5655000000,8.0000000000,2.7500000000,240.0000000000,82.5000000000,0.3437500000,663.7500000000,653.0000000000,FORCED_EOD,88,-42.0000000000,7.8774000000,0.2100000000,8.0874000000,-50.0874000000
META,QQQ,2025-12-17 13:24:00-05:00,2025-12-17 13:25:00-05:00,2025-12-17 15:59:00-05:00,LONG,-2.5475875620,657.0200000000,657.7334679886,603.6000000000,606.5750980238,655.7591854654,657.0500000000,657.1814100000,649.4350000000,649.3051130000,30,19715.4423000000,8.0000000000,2.7500000000,240.0000000000,82.5000000000,0.3437500000,649.0500000000,659.8000000000,FORCED_EOD,154,-228.4500000000,7.8389100000,0.2100000000,8.0489100000,-236.4989100000
META,QQQ,2025-12-18 12:30:00-05:00,2025-12-18 12:31:00-05:00,2025-12-18 15:59:00-05:00,SHORT,2.5337682018,664.2500000000,664.7415193350,608.7450000000,610.1623346806,662.8528424349,664.2000000000,664.0671600000,664.3800000000,664.5128760000,30,19922.0148000000,8.0000000000,2.7500000000,240.0000000000,82.5000000000,0.3437500000,672.2000000000,661.4500000000,FORCED_EOD,208,-5.4000000000,7.9714800000,0.2100000000,8.1814800000,-13.5814800000
META,QQQ,2025-12-19 15:17:00-05:00,2025-12-19 15:18:00-05:00,2025-12-19 15:50:00-05:00,LONG,-2.6475898852,664.6465000000,665.7249957638,617.0450000000,615.9053414957,667.0757738114,664.6400000000,664.7729280000,667.3900000000,667.2565220000,30,19943.1878400000,8.0000000000,2.7500000000,240.0000000000,82.5000000000,0.3437500000,656.6400000000,667.3900000000,TAKE_PROFIT_BRACKET,32,82.5000000000,7.9921800000,0.2100000000,8.2021800000,74.2978200000
META,QQQ,2025-12-19 15:51:00-05:00,2025-12-19 15:52:00-05:00,2025-12-19 15:55:00-05:00,SHORT,3.0024638018,668.1300000000,665.7772478958,617.0000000000,615.9948290613,666.9685452366,668.1615000000,668.0278677000,665.4115000000,665.5445823000,29,19372.8081633000,8.0000000000,2.7500000000,232.0000000000,79.7500000000,0.3437500000,676.1615000000,665.4115000000,TAKE_PROFIT_BRACKET,3,79.7500000000,7.7347234000,0.2030000000,7.9377234000,71.8122766000
META,QQQ,2025-12-19 15:55:00-05:00,2025-12-19 15:56:00-05:00,2025-12-19 15:59:00-05:00,LONG,-3.7351783493,661.7800000000,665.8358760096,616.8400000000,616.0259468806,666.8007026734,661.7800000000,661.9123560000,658.7900000000,658.6582420000,30,19857.3706800000,8.0000000000,2.7500000000,240.0000000000,82.5000000000,0.3437500000,653.7800000000,664.5300000000,FORCED_EOD,3,-89.7000000000,7.9234200000,0.2100000000,8.1334200000,-97.8334200000
META,QQQ,2025-12-22 13:45:00-05:00,2025-12-22 13:46:00-05:00,2025-12-22 15:05:00-05:00,SHORT,3.0406611316,660.5689000000,662.9989293223,619.4188000000,619.4907216136,662.9561585551,660.5700000000,660.4378860000,657.8200000000,657.9515640000,30,19813.1365800000,8.0000000000,2.7500000000,240.0000000000,82.5000000000,0.3437500000,668.5700000000,657.8200000000,TAKE_PROFIT_BRACKET,79,82.5000000000,7.9103400000,0.2100000000,8.1203400000,74.3796600000
META,QQQ,2025-12-23 11:30:00-05:00,2025-12-23 11:31:00-05:00,2025-12-23 15:59:00-05:00,SHORT,3.0695769146,664.5100000000,662.7688701685,620.4200000000,619.6297132212,663.2741899041,664.4900000000,664.3571020000,664.8400000000,664.9729680000,30,19930.7130600000,8.0000000000,2.7500000000,240.0000000000,82.5000000000,0.3437500000,672.4900000000,661.7400000000,FORCED_EOD,268,-10.5000000000,7.9759800000,0.2100000000,8.1859800000,-18.6859800000
META,QQQ,2025-12-24 12:56:00-05:00,2025-12-24 12:57:00-05:00,2025-12-24 12:59:00-05:00,SHORT,2.5988971378,668.0300000000,666.1407143454,624.0400000000,623.0640702371,666.7851230497,668.0500000000,667.9163900000,667.7900000000,667.9235580000,29,19369.5753100000,8.0000000000,2.7500000000,232.0000000000,79.7500000000,0.3437500000,676.0500000000,665.3000000000,FORCED_EOD,2,7.5400000000,7.7478720000,0.2030000000,7.9508720000,-0.4108720000
META,QQQ,2025-12-26 12:16:00-05:00,2025-12-26 12:17:00-05:00,2025-12-26 15:59:00-05:00,LONG,-2.5399328303,663.4100000000,665.2957692094,623.7400000000,624.3397428507,665.0190915885,663.4200000000,663.5526840000,663.2100000000,663.0773580000,30,19906.5805200000,8.0000000000,2.7500000000,240.0000000000,82.5000000000,0.3437500000,655.4200000000,666.1700000000,FORCED_EOD,222,-6.3000000000,7.9597800000,0.2100000000,8.1697800000,-14.4697800000
META,QQQ,2025-12-29 11:40:00-05:00,2025-12-29 11:41:00-05:00,2025-12-29 14:52:00-05:00,LONG,-2.7316905707,656.4150000000,657.9001760847,619.5450000000,620.6188924978,657.6724955961,656.4000000000,656.5312800000,659.1500000000,659.0181700000,30,19695.9384000000,8.0000000000,2.7500000000,240.0000000000,82.5000000000,0.3437500000,648.4000000000,659.1500000000,TAKE_PROFIT_BRACKET,191,82.5000000000,7.8933000000,0.2100000000,8.1033000000,74.3967000000
META,QQQ,2025-12-30 14:11:00-05:00,2025-12-30 14:12:00-05:00,2025-12-30 15:59:00-05:00,SHORT,2.5883181782,667.2454000000,666.9229933990,620.5500000000,620.6616443512,666.7440898787,667.2350000000,667.1015530000,665.9100000000,666.0431820000,29,19345.9450370000,8.0000000000,2.7500000000,232.0000000000,79.7500000000,0.3437500000,675.2350000000,664.4850000000,FORCED_EOD,107,38.4250000000,7.7322410000,0.2030000000,7.9352410000,30.4897590000
META,QQQ,2025-12-31 13:04:00-05:00,2025-12-31 13:05:00-05:00,2025-12-31 15:59:00-05:00,LONG,-2.5681991918,662.3100000000,662.7307998516,617.3850000000,617.6985278694,662.4717361223,662.3000000000,662.4324600000,659.9000000000,659.7680200000,30,19872.9738000000,8.0000000000,2.7500000000,240.0000000000,82.5000000000,0.3437500000,654.3000000000,665.0500000000,FORCED_EOD,174,-72.0000000000,7.9332000000,0.2100000000,8.1432000000,-80.1432000000
META,QQQ,2026-01-02 14:42:00-05:00,2026-01-02 14:43:00-05:00,2026-01-02 15:59:00-05:00,LONG,-2.8952627009,652.5200000000,651.9000112061,614.2600000000,615.0974972419,650.9541899280,652.5508000000,652.6813101600,650.7400000000,650.6098520000,30,19580.4393048000,8.0000000000,2.7500000000,240.0000000000,82.5000000000,0.3437500000,644.5508000000,655.3008000000,FORCED_EOD,76,-54.3240000000,7.8197448000,0.2100000000,8.0297448000,-62.3537448000
META,QQQ,2026-01-05 10:42:00-05:00,2026-01-05 10:43:00-05:00,2026-01-05 11:34:00-05:00,LONG,-2.7437620502,660.3200000000,658.8957920079,619.6600000000,618.7277261585,659.4069380267,660.4200000000,660.5520840000,663.1700000000,663.0373660000,30,19816.5625200000,8.0000000000,2.7500000000,240.0000000000,82.5000000000,0.3437500000,652.4200000000,663.1700000000,TAKE_PROFIT_BRACKET,51,82.5000000000,7.9415400000,0.2100000000,8.1515400000,74.3484600000
META,QQQ,2026-01-05 12:02:00-05:00,2026-01-05 12:03:00-05:00,2026-01-05 13:07:00-05:00,SHORT,2.7459978235,663.4650000000,659.7359478341,619.9644000000,619.1609687728,660.1767052346,663.4615000000,663.3288077000,660.7115000000,660.8436423000,30,19899.8642310000,8.0000000000,2.7500000000,240.0000000000,82.5000000000,0.3437500000,671.4615000000,660.7115000000,TAKE_PROFIT_BRACKET,64,82.5000000000,7.9450380000,0.2100000000,8.1550380000,74.3449620000
META,QQQ,2026-01-05 14:04:00-05:00,2026-01-05 14:05:00-05:00,2026-01-05 14:42:00-05:00,SHORT,2.7621527166,662.5000000000,660.2163072566,618.6300000000,619.0059979641,660.0098352345,662.5400000000,662.4074920000,659.7900000000,659.9219580000,30,19872.2247600000,8.0000000000,2.7500000000,240.0000000000,82.5000000000,0.3437500000,670.5400000000,659.7900000000,TAKE_PROFIT_BRACKET,37,82.5000000000,7.9339800000,0.2100000000,8.1439800000,74.3560200000
META,QQQ,2026-01-05 15:39:00-05:00,2026-01-05 15:40:00-05:00,2026-01-05 15:59:00-05:00,LONG,-2.5072520639,660.0000000000,660.3465811949,618.2800000000,618.8014476377,660.0600871198,660.0000000000,660.1320000000,658.8000000000,658.6682400000,30,19803.9600000000,8.0000000000,2.7500000000,240.0000000000,82.5000000000,0.3437500000,652.0000000000,662.7500000000,FORCED_EOD,19,-36.0000000000,7.9128000000,0.2100000000,8.1228000000,-44.1228000000
META,QQQ,2026-01-06 11:27:00-05:00,2026-01-06 11:28:00-05:00,2026-01-06 12:54:00-05:00,LONG,-2.6113266795,654.2550000000,656.9067094894,620.3500000000,620.8676481227,656.1740499974,654.3499000000,654.4807699800,657.0999000000,656.9684800200,30,19634.4230994000,8.0000000000,2.7500000000,240.0000000000,82.5000000000,0.3437500000,646.3499000000,657.0999000000,TAKE_PROFIT_BRACKET,86,82.5000000000,7.8686988000,0.2100000000,8.0786988000,74.4213012000
META,QQQ,2026-01-06 13:55:00-05:00,2026-01-06 13:56:00-05:00,2026-01-06 15:52:00-05:00,SHORT,2.5065701621,661.5750000000,656.4801200621,623.0200000000,621.1605118365,659.1090198300,661.5650000000,661.4326870000,658.8150000000,658.9467630000,30,19842.9806100000,8.0000000000,2.7500000000,240.0000000000,82.5000000000,0.3437500000,669.5650000000,658.8150000000,TAKE_PROFIT_BRACKET,116,82.5000000000,7.9222800000,0.2100000000,8.1322800000,74.3677200000
META,QQQ,2026-01-07 11:55:00-05:00,2026-01-07 11:56:00-05:00,2026-01-07 14:13:00-05:00,SHORT,2.5710997541,652.7100000000,650.2464853404,627.0600000000,624.9112431828,652.2389053739,652.6600000000,652.5294680000,649.9100000000,650.0399820000,30,19575.8840400000,8.0000000000,2.7500000000,240.0000000000,82.5000000000,0.3437500000,660.6600000000,649.9100000000,TAKE_PROFIT_BRACKET,137,82.5000000000,7.8154200000,0.2100000000,8.0254200000,74.4745800000
META,QQQ,2026-01-08 10:46:00-05:00,2026-01-08 10:47:00-05:00,2026-01-08 11:36:00-05:00,SHORT,2.5322244661,644.0201000000,639.7626797248,620.1600000000,620.1281323008,639.8019909437,644.0900000000,643.9611820000,641.3400000000,641.4682680000,31,19962.7966420000,8.0000000000,2.7500000000,248.0000000000,85.2500000000,0.3437500000,652.0900000000,641.3400000000,TAKE_PROFIT_BRACKET,49,85.2500000000,7.9696660000,0.2170000000,8.1866660000,77.0633340000
META,QQQ,2026-01-08 11:38:00-05:00,2026-01-08 11:39:00-05:00,2026-01-08 15:01:00-05:00,LONG,-2.5883599727,642.0000000000,640.5297461266,619.0700000000,619.9535166319,639.4382473891,642.0700000000,642.1984140000,644.8200000000,644.6910360000,31,19908.1508340000,8.0000000000,2.7500000000,248.0000000000,85.2500000000,0.3437500000,634.0700000000,644.8200000000,TAKE_PROFIT_BRACKET,202,85.2500000000,7.9787180000,0.2170000000,8.1957180000,77.0542820000
META,QQQ,2026-01-08 15:28:00-05:00,2026-01-08 15:29:00-05:00,2026-01-08 15:59:00-05:00,LONG,-2.6627952508,644.9200000000,641.6528483506,620.3800000000,619.8266551923,642.3377907484,644.9200000000,645.0489840000,646.0100000000,645.8807980000,31,19996.5185040000,8.0000000000,2.7500000000,248.0000000000,85.2500000000,0.3437500000,636.9200000000,647.6700000000,FORCED_EOD,30,33.7900000000,8.0037660000,0.2170000000,8.2207660000,25.5692340000
META,QQQ,2026-01-09 13:41:00-05:00,2026-01-09 13:42:00-05:00,2026-01-09 15:59:00-05:00,LONG,-3.0759522306,652.1200000000,649.9979415086,627.2300000000,623.7641028576,654.4087762261,652.2050000000,652.3354410000,653.0100000000,652.8793980000,30,19570.0632300000,8.0000000000,2.7500000000,240.0000000000,82.5000000000,0.3437500000,644.2050000000,654.9550000000,FORCED_EOD,137,24.1500000000,7.8312900000,0.2100000000,8.0412900000,16.1087100000
META,QQQ,2026-01-12 11:06:00-05:00,2026-01-12 11:07:00-05:00,2026-01-12 15:31:00-05:00,SHORT,3.0661802334,648.7105000000,648.4662486204,626.4300000000,625.4871059168,649.6514474558,648.8000000000,648.6702400000,646.0500000000,646.1792100000,30,19460.1072000000,8.0000000000,2.7500000000,240.0000000000,82.5000000000,0.3437500000,656.8000000000,646.0500000000,TAKE_PROFIT_BRACKET,264,82.5000000000,7.7691000000,0.2100000000,7.9791000000,74.5209000000
META,QQQ,2026-01-12 15:45:00-05:00,2026-01-12 15:46:00-05:00,2026-01-12 15:59:00-05:00,LONG,-2.5467992952,644.5750000000,648.0588963320,627.8500000000,626.6159839648,649.6062625146,644.5101000000,644.6390020200,641.9300000000,641.8016140000,31,19983.8090626200,8.0000000000,2.7500000000,248.0000000000,85.2500000000,0.3437500000,636.5101000000,647.2601000000,FORCED_EOD,13,-79.9831000000,7.9759286200,0.2170000000,8.1929286200,-88.1760286200
META,QQQ,2026-01-13 15:31:00-05:00,2026-01-13 15:32:00-05:00,2026-01-13 15:59:00-05:00,SHORT,3.8002391869,628.5300000000,629.3312661110,624.1750000000,626.3493407994,626.7771145066,628.5700000000,628.4442860000,631.0900000000,631.2162180000,31,19481.7728660000,8.0000000000,2.7500000000,248.0000000000,85.2500000000,0.3437500000,636.5700000000,625.8200000000,FORCED_EOD,27,-78.1200000000,7.8098920000,0.2170000000,8.0268920000,-86.1468920000
META,QQQ,2026-01-14 10:16:00-05:00,2026-01-14 10:17:00-05:00,2026-01-14 15:59:00-05:00,LONG,-2.5860501978,621.9500000000,623.0353996485,620.2900000000,619.9092331066,623.5126494607,622.0800000000,622.2044160000,615.3500000000,615.2269300000,32,19910.5413120000,8.0000000000,2.7500000000,256.0000000000,88.0000000000,0.3437500000,614.0800000000,624.8300000000,FORCED_EOD,342,-215.3600000000,7.9195520000,0.2240000000,8.1435520000,-223.5035520000
META,QQQ,2026-01-15 12:16:00-05:00,2026-01-15 12:17:00-05:00,2026-01-15 14:30:00-05:00,SHORT,2.7524354042,623.0400000000,619.1952883583,626.0400000000,625.7753434169,619.5646733768,623.0400000000,622.9153920000,620.2900000000,620.4140580000,32,19933.2925440000,8.0000000000,2.7500000000,256.0000000000,88.0000000000,0.3437500000,631.0400000000,620.2900000000,TAKE_PROFIT_BRACKET,133,88.0000000000,7.9573120000,0.2240000000,8.1813120000,79.8186880000
META,QQQ,2026-01-15 15:11:00-05:00,2026-01-15 15:12:00-05:00,2026-01-15 15:50:00-05:00,LONG,-2.7141554971,618.4900000000,620.0913184991,622.7500000000,625.2726105311,616.5625446139,618.5000000000,618.6237000000,621.2500000000,621.1257500000,32,19795.9584000000,8.0000000000,2.7500000000,256.0000000000,88.0000000000,0.3437500000,610.5000000000,621.2500000000,TAKE_PROFIT_BRACKET,38,88.0000000000,7.9344000000,0.2240000000,8.1584000000,79.8416000000
META,QQQ,2026-01-15 15:50:00-05:00,2026-01-15 15:51:00-05:00,2026-01-15 15:59:00-05:00,SHORT,2.9954919077,621.5850000000,619.9731375601,621.2600000000,624.7697714277,615.0604507460,621.6500000000,621.5256700000,620.9300000000,621.0541860000,32,19888.8214400000,8.0000000000,2.7500000000,256.0000000000,88.0000000000,0.3437500000,629.6500000000,618.9000000000,FORCED_EOD,8,23.0400000000,7.9525120000,0.2240000000,8.1765120000,14.8634880000
META,QQQ,2026-01-16 10:51:00-05:00,2026-01-16 10:52:00-05:00,2026-01-16 11:21:00-05:00,LONG,-2.9609566546,622.0800000000,624.9420038343,619.8300000000,622.1557663952,620.4348469786,621.9945000000,622.1188989000,624.7445000000,624.6195511000,32,19907.8047648000,8.0000000000,2.7500000000,256.0000000000,88.0000000000,0.3437500000,613.9945000000,624.7445000000,TAKE_PROFIT_BRACKET,29,88.0000000000,7.9791296000,0.2240000000,8.2031296000,79.7968704000
META,QQQ,2026-01-16 14:05:00-05:00,2026-01-16 14:06:00-05:00,2026-01-16 15:59:00-05:00,LONG,-2.5799748825,627.1100000000,624.9451080313,622.5301000000,621.8494211451,626.2648678276,627.1500000000,627.2754300000,620.2500000000,620.1259500000,31,19445.5383300000,8.0000000000,2.7500000000,248.0000000000,85.2500000000,0.3437500000,619.1500000000,629.9000000000,FORCED_EOD,113,-213.9000000000,7.7338800000,0.2170000000,7.9508800000,-221.8508800000
META,QQQ,2026-01-20 11:56:00-05:00,2026-01-20 11:57:00-05:00,2026-01-20 15:59:00-05:00,LONG,-2.6907627179,607.7900000000,607.6242802494,614.0800000000,612.7773028065,610.2050781253,607.8201000000,607.9416640200,604.6700000000,604.5490660000,32,19454.1332486400,8.0000000000,2.7500000000,256.0000000000,88.0000000000,0.3437500000,599.8201000000,610.5701000000,FORCED_EOD,242,-100.8032000000,7.7599366400,0.2240000000,7.9839366400,-108.7871366400
META,QQQ,2026-01-21 12:12:00-05:00,2026-01-21 12:13:00-05:00,2026-01-21 14:47:00-05:00,SHORT,2.5438770849,608.4800000000,607.4856173753,608.8099000000,612.4610503261,602.7925613042,608.4000000000,608.2783200000,616.4000000000,616.5232800000,32,19464.9062400000,8.0000000000,2.7500000000,256.0000000000,88.0000000000,0.3437500000,616.4000000000,605.6500000000,STOP,154,-256.0000000000,7.8387200000,0.2240000000,8.0627200000,-264.0627200000
META,QQQ,2026-01-21 15:32:00-05:00,2026-01-21 15:33:00-05:00,2026-01-21 15:59:00-05:00,SHORT,2.6006990107,613.4000000000,609.1261284629,615.9700000000,613.4609337189,612.3546296855,613.3800000000,613.2573240000,613.0500000000,613.1726100000,32,19624.2343680000,8.0000000000,2.7500000000,256.0000000000,88.0000000000,0.3437500000,621.3800000000,610.6300000000,FORCED_EOD,26,10.5600000000,7.8491520000,0.2240000000,8.0731520000,2.4868480000
META,QQQ,2026-01-22 12:00:00-05:00,2026-01-22 12:01:00-05:00,2026-01-22 15:59:00-05:00,SHORT,3.0339508754,640.3601000000,634.7383108479,620.6200000000,619.9976582874,635.5859377174,640.3600000000,640.2319280000,648.3600000000,648.4896720000,31,19847.1897680000,8.0000000000,2.7500000000,248.0000000000,85.2500000000,0.3437500000,648.3600000000,637.6100000000,STOP,238,-248.0000000000,7.9900640000,0.2170000000,8.2070640000,-256.2070640000
META,QQQ,2026-01-23 11:32:00-05:00,2026-01-23 11:33:00-05:00,2026-01-23 15:50:00-05:00,SHORT,2.6041232449,661.9900000000,656.7977494520,623.5099000000,622.2897390144,658.9603668778,661.8400000000,661.7076320000,659.0900000000,659.2218180000,30,19851.2289600000,8.0000000000,2.7500000000,240.0000000000,82.5000000000,0.3437500000,669.8400000000,659.0900000000,TAKE_PROFIT_BRACKET,257,82.5000000000,7.9255800000,0.2100000000,8.1355800000,74.3644200000
META,QQQ,2026-01-23 15:50:00-05:00,2026-01-23 15:51:00-05:00,2026-01-23 15:59:00-05:00,LONG,-2.6183919208,659.2600000000,659.8639288097,622.8250000000,622.6855541981,660.1120789870,659.2700000000,659.4018540000,658.7500000000,658.6182500000,30,19782.0556200000,8.0000000000,2.7500000000,240.0000000000,82.5000000000,0.3437500000,651.2700000000,662.0200000000,FORCED_EOD,8,-15.6000000000,7.9081200000,0.2100000000,8.1181200000,-23.7181200000
META,QQQ,2026-01-26 11:02:00-05:00,2026-01-26 11:03:00-05:00,2026-01-26 11:20:00-05:00,SHORT,2.5554347454,672.9700000000,667.6432644795,626.4600000000,625.0921805973,670.1438509953,672.9640000000,672.8294072000,670.2140000000,670.3480428000,29,19512.0528088000,8.0000000000,2.7500000000,232.0000000000,79.7500000000,0.3437500000,680.9640000000,670.2140000000,TAKE_PROFIT_BRACKET,17,79.7500000000,7.7904324000,0.2030000000,7.9934324000,71.7565676000
META,QQQ,2026-01-26 13:29:00-05:00,2026-01-26 13:30:00-05:00,2026-01-26 15:59:00-05:00,LONG,-2.7898524825,672.8150000000,670.1579798879,626.9800000000,625.8866810211,672.1617186049,672.7850000000,672.9195570000,672.3200000000,672.1855360000,29,19514.6671530000,8.0000000000,2.7500000000,232.0000000000,79.7500000000,0.3437500000,664.7850000000,675.5350000000,FORCED_EOD,149,-13.4850000000,7.8016090000,0.2030000000,8.0046090000,-21.4896090000
META,QQQ,2026-01-27 10:04:00-05:00,2026-01-27 10:05:00-05:00,2026-01-27 10:13:00-05:00,LONG,-2.6216574278,666.5453000000,671.0876345408,630.6601000000,629.0897080364,673.9005473615,666.4854000000,666.6186970800,669.2354000000,669.1015529200,30,19998.5609124000,8.0000000000,2.7500000000,240.0000000000,82.5000000000,0.3437500000,658.4854000000,669.2354000000,TAKE_PROFIT_BRACKET,8,82.5000000000,8.0143248000,0.2100000000,8.2243248000,74.2756752000
META,QQQ,2026-01-27 13:49:00-05:00,2026-01-27 13:50:00-05:00,2026-01-27 15:59:00-05:00,SHORT,3.0466959895,669.7300000000,669.7864349849,631.4350000000,630.4981985803,671.4574547611,669.7700000000,669.6360460000,673.0200000000,673.1546040000,29,19419.4453340000,8.0000000000,2.7500000000,232.0000000000,79.7500000000,0.3437500000,677.7700000000,667.0200000000,FORCED_EOD,129,-94.2500000000,7.7881820000,0.2030000000,7.9911820000,-102.2411820000
META,QQQ,2026-01-28 10:41:00-05:00,2026-01-28 10:42:00-05:00,2026-01-28 15:59:00-05:00,LONG,-2.7450451988,671.5928000000,674.5003293078,634.1500000000,635.3046314987,674.2551557997,671.6300000000,671.7643260000,668.8600000000,668.7262280000,29,19481.1654540000,8.0000000000,2.7500000000,232.0000000000,79.7500000000,0.3437500000,663.6300000000,674.3800000000,FORCED_EOD,317,-80.3300000000,7.7748420000,0.2030000000,7.9778420000,-88.3078420000
META,QQQ,2026-01-29 10:00:00-05:00,2026-01-29 10:01:00-05:00,2026-01-29 10:01:00-05:00,SHORT,3.1128958571,725.0900000000,727.2229077854,624.8900000000,629.4211939997,712.5300629899,725.1400000000,724.9949720000,722.3900000000,722.5344780000,27,19574.8642440000,8.0000000000,2.7500000000,216.0000000000,74.2500000000,0.3437500000,733.1400000000,722.3900000000,TAKE_PROFIT_BRACKET,0,74.2500000000,7.8166620000,0.1890000000,8.0056620000,66.2443380000
META,QQQ,2026-01-29 12:25:00-05:00,2026-01-29 12:26:00-05:00,2026-01-29 13:03:00-05:00,LONG,-2.8256144136,730.9150000000,724.7316651931,625.6500000000,623.9032064156,730.4263363926,731.0700000000,731.2162140000,733.8200000000,733.6732360000,27,19742.8377780000,8.0000000000,2.7500000000,216.0000000000,74.2500000000,0.3437500000,723.0700000000,733.8200000000,TAKE_PROFIT_BRACKET,37,74.2500000000,7.9104060000,0.1890000000,8.0994060000,66.1505940000
META,QQQ,2026-01-29 14:18:00-05:00,2026-01-29 14:19:00-05:00,2026-01-29 15:50:00-05:00,LONG,-2.8022927818,737.0550000000,726.9567276622,626.8100000000,624.2739971543,735.2447344305,736.9601000000,737.1074920200,739.7101000000,739.5621579800,27,19901.9022845400,8.0000000000,2.7500000000,216.0000000000,74.2500000000,0.3437500000,728.9601000000,739.7101000000,TAKE_PROFIT_BRACKET,91,74.2500000000,7.9740190800,0.1890000000,8.1630190800,66.0869809200
META,QQQ,2026-01-29 15:53:00-05:00,2026-01-29 15:54:00-05:00,2026-01-29 15:59:00-05:00,LONG,-2.6321403690,740.0401000000,728.4117249610,628.8300000000,624.6632653441,742.0479403249,740.0900000000,740.2380180000,738.5800000000,738.4322840000,27,19986.4264860000,8.0000000000,2.7500000000,216.0000000000,74.2500000000,0.3437500000,732.0900000000,742.8400000000,FORCED_EOD,5,-40.7700000000,7.9848180000,0.1890000000,8.1738180000,-48.9438180000
META,QQQ,2026-01-30 12:02:00-05:00,2026-01-30 12:03:00-05:00,2026-01-30 12:21:00-05:00,LONG,-2.5722841144,715.3340000000,722.0243695850,623.3000000000,626.0405269725,721.3922292764,715.4800000000,715.6230960000,718.2300000000,718.0863540000,27,19321.8235920000,8.0000000000,2.7500000000,216.0000000000,74.2500000000,0.3437500000,707.4800000000,718.2300000000,TAKE_PROFIT_BRACKET,18,74.2500000000,7.7420340000,0.1890000000,7.9310340000,66.3189660000
META,QQQ,2026-01-30 12:22:00-05:00,2026-01-30 12:23:00-05:00,2026-01-30 13:00:00-05:00,SHORT,2.5382464280,719.5600000000,721.6274285598,623.8600000000,625.7493697257,721.1916563217,719.4800000000,719.3361040000,716.7300000000,716.8733460000,27,19422.0748080000,8.0000000000,2.7500000000,216.0000000000,74.2500000000,0.3437500000,727.4800000000,716.7300000000,TAKE_PROFIT_BRACKET,37,74.2500000000,7.7555340000,0.1890000000,7.9445340000,66.3054660000
META,QQQ,2026-01-30 13:22:00-05:00,2026-01-30 13:23:00-05:00,2026-01-30 13:26:00-05:00,LONG,-2.7626009094,714.6100000000,721.2022801813,619.4500000000,625.0824421311,719.9025699881,714.6100000000,714.7529220000,717.3600000000,717.2165280000,27,19298.3288940000,8.0000000000,2.7500000000,216.0000000000,74.2500000000,0.3437500000,706.6100000000,717.3600000000,TAKE_PROFIT_BRACKET,3,74.2500000000,7.7326380000,0.1890000000,7.9216380000,66.3283620000
META,QQQ,2026-01-30 14:28:00-05:00,2026-01-30 14:29:00-05:00,2026-01-30 15:03:00-05:00,SHORT,2.5909322845,718.8000000000,720.7747331658,623.8800000000,624.5664538933,720.6162941018,718.8340000000,718.6902332000,716.0840000000,716.2272168000,27,19404.6362964000,8.0000000000,2.7500000000,216.0000000000,74.2500000000,0.3437500000,726.8340000000,716.0840000000,TAKE_PROFIT_BRACKET,34,74.2500000000,7.7485572000,0.1890000000,7.9375572000,66.3124428000
META,QQQ,2026-01-30 15:15:00-05:00,2026-01-30 15:16:00-05:00,2026-01-30 15:37:00-05:00,LONG,-3.3197539605,714.0750000000,720.4763200462,620.0100000000,624.2736640064,719.4921782730,714.1500000000,714.2928300000,716.9000000000,716.7566200000,27,19285.9064100000,8.0000000000,2.7500000000,216.0000000000,74.2500000000,0.3437500000,706.1500000000,716.9000000000,TAKE_PROFIT_BRACKET,21,74.2500000000,7.7276700000,0.1890000000,7.9166700000,66.3333300000
META,QQQ,2026-02-02 11:22:00-05:00,2026-02-02 11:23:00-05:00,2026-02-02 11:31:00-05:00,SHORT,4.0185979419,711.8800000000,709.9917208162,626.8200000000,624.6654345037,710.4814945670,711.8580000000,711.7156284000,709.1080000000,709.2498216000,28,19928.0375952000,8.0000000000,2.7500000000,224.0000000000,77.0000000000,0.3437500000,719.8580000000,709.1080000000,TAKE_PROFIT_BRACKET,8,77.0000000000,7.9574096000,0.1960000000,8.1534096000,68.8465904000
META,QQQ,2026-02-02 12:55:00-05:00,2026-02-02 12:56:00-05:00,2026-02-02 15:59:00-05:00,SHORT,3.0281558331,707.7700000000,709.3154743390,628.1600000000,625.3635164334,709.9498538688,707.7600000000,707.6184480000,706.4000000000,706.5412800000,28,19813.3165440000,8.0000000000,2.7500000000,224.0000000000,77.0000000000,0.3437500000,715.7600000000,705.0100000000,FORCED_EOD,183,38.0800000000,7.9192960000,0.1960000000,8.1152960000,29.9647040000
META,QQQ,2026-02-03 12:44:00-05:00,2026-02-03 12:45:00-05:00,2026-02-03 13:46:00-05:00,LONG,-2.5187245648,695.4000000000,701.7169857009,614.3200000000,619.8959995021,700.4545889227,695.4200000000,695.5590840000,687.4200000000,687.2825160000,28,19475.6543520000,8.0000000000,2.7500000000,224.0000000000,77.0000000000,0.3437500000,687.4200000000,698.1700000000,STOP,61,-224.0000000000,7.7439040000,0.1960000000,7.9399040000,-231.9399040000
META,QQQ,2026-02-03 15:34:00-05:00,2026-02-03 15:35:00-05:00,2026-02-03 15:59:00-05:00,SHORT,3.0256154774,689.8800000000,697.4779665601,615.2600000000,617.4584737521,696.9812895957,689.7500000000,689.6120500000,691.7500000000,691.8883500000,29,19998.7494500000,8.0000000000,2.7500000000,232.0000000000,79.7500000000,0.3437500000,697.7500000000,687.0000000000,FORCED_EOD,24,-58.0000000000,8.0127000000,0.2030000000,8.2157000000,-66.2157000000
META,QQQ,2026-02-04 13:40:00-05:00,2026-02-04 13:41:00-05:00,2026-02-04 15:54:00-05:00,SHORT,2.5598752055,671.6100000000,674.6471575081,603.0200000000,607.7736324937,672.8678788361,671.6900000000,671.5556620000,668.9400000000,669.0737880000,29,19475.1141980000,8.0000000000,2.7500000000,232.0000000000,79.7500000000,0.3437500000,679.6900000000,668.9400000000,TAKE_PROFIT_BRACKET,133,79.7500000000,7.7756540000,0.2030000000,7.9786540000,71.7713460000
META,QQQ,2026-02-04 15:54:00-05:00,2026-02-04 15:55:00-05:00,2026-02-04 15:59:00-05:00,LONG,-3.2600122935,668.5100000000,674.0011326806,605.8500000000,607.2371398599,673.4819668735,668.5500000000,668.6837100000,668.9900000000,668.8562020000,29,19391.8275900000,8.0000000000,2.7500000000,232.0000000000,79.7500000000,0.3437500000,660.5500000000,671.3000000000,FORCED_EOD,4,12.7600000000,7.7577320000,0.2030000000,7.9607320000,4.7992680000
META,QQQ,2026-02-05 13:04:00-05:00,2026-02-05 13:05:00-05:00,2026-02-05 13:23:00-05:00,SHORT,3.0617821744,679.9245000000,669.4492481895,600.9200000000,599.1510323379,672.5630355594,679.8400000000,679.7040320000,677.0900000000,677.2254180000,29,19711.4169280000,8.0000000000,2.7500000000,232.0000000000,79.7500000000,0.3437500000,687.8400000000,677.0900000000,TAKE_PROFIT_BRACKET,18,79.7500000000,7.8701940000,0.2030000000,8.0731940000,71.6768060000
META,QQQ,2026-02-05 14:03:00-05:00,2026-02-05 14:04:00-05:00,2026-02-05 14:11:00-05:00,LONG,-2.8342188516,675.6550000000,670.3943857136,599.2600000000,599.1593473874,670.5718049862,675.7400000000,675.8751480000,678.4900000000,678.3543020000,29,19600.3792920000,8.0000000000,2.7500000000,232.0000000000,79.7500000000,0.3437500000,667.7400000000,678.4900000000,TAKE_PROFIT_BRACKET,7,79.7500000000,7.8545340000,0.2030000000,8.0575340000,71.6924660000
META,QQQ,2026-02-05 15:29:00-05:00,2026-02-05 15:30:00-05:00,2026-02-05 15:40:00-05:00,LONG,-2.7448948246,671.4900000000,671.2870098181,597.0000000000,599.1927334634,667.4169715243,671.6000000000,671.7343200000,674.3500000000,674.2151300000,29,19480.2952800000,8.0000000000,2.7500000000,232.0000000000,79.7500000000,0.3437500000,663.6000000000,674.3500000000,TAKE_PROFIT_BRACKET,10,79.7500000000,7.8065100000,0.2030000000,8.0095100000,71.7404900000
META,QQQ,2026-02-05 15:46:00-05:00,2026-02-05 15:47:00-05:00,2026-02-05 15:59:00-05:00,LONG,-2.6061136526,669.7100000000,671.3197144809,596.1800000000,599.0872629555,666.1874226616,669.6901000000,669.8240380200,670.0700000000,669.9359860000,29,19424.8971025800,8.0000000000,2.7500000000,232.0000000000,79.7500000000,0.3437500000,661.6901000000,672.4401000000,FORCED_EOD,12,11.0171000000,7.7706085800,0.2030000000,7.9736085800,3.0434914200
META,QQQ,2026-02-06 12:27:00-05:00,2026-02-06 12:28:00-05:00,2026-02-06 13:11:00-05:00,SHORT,4.3260586518,662.8600000000,656.9838614195,607.6100000000,603.8283670528,658.3732320811,662.8450000000,662.7124310000,660.0950000000,660.2270190000,30,19881.3729300000,8.0000000000,2.7500000000,240.0000000000,82.5000000000,0.3437500000,670.8450000000,660.0950000000,TAKE_PROFIT_BRACKET,43,82.5000000000,7.9376400000,0.2100000000,8.1476400000,74.3523600000
META,QQQ,2026-02-06 13:59:00-05:00,2026-02-06 14:00:00-05:00,2026-02-06 14:11:00-05:00,LONG,-2.5010188767,658.2907000000,658.0936480645,608.0700000000,604.7107659170,659.3281103541,658.1851000000,658.3167370200,660.9351000000,660.8029129800,30,19749.5021106000,8.0000000000,2.7500000000,240.0000000000,82.5000000000,0.3437500000,650.1851000000,660.9351000000,TAKE_PROFIT_BRACKET,11,82.5000000000,7.9147212000,0.2100000000,8.1247212000,74.3752788000
META,QQQ,2026-02-06 14:54:00-05:00,2026-02-06 14:55:00-05:00,2026-02-06 15:20:00-05:00,LONG,-2.5288869173,657.2593000000,658.2296209613,608.2400000000,604.9668189500,659.4321995196,657.2500000000,657.3814500000,660.0000000000,659.8680000000,30,19721.4435000000,8.0000000000,2.7500000000,240.0000000000,82.5000000000,0.3437500000,649.2500000000,660.0000000000,TAKE_PROFIT_BRACKET,25,82.5000000000,7.9035000000,0.2100000000,8.1135000000,74.3865000000
META,QQQ,2026-02-09 11:56:00-05:00,2026-02-09 11:57:00-05:00,2026-02-09 11:59:00-05:00,SHORT,2.5002072888,681.8300000000,667.5702466499,615.7600000000,610.9346871279,668.6247735485,681.8457000000,681.7093308600,679.0957000000,679.2315191400,29,19769.5705949400,8.0000000000,2.7500000000,232.0000000000,79.7500000000,0.3437500000,689.8457000000,679.0957000000,TAKE_PROFIT_BRACKET,2,79.7500000000,7.8934601200,0.2030000000,8.0964601200,71.6535398800
META,QQQ,2026-02-09 14:13:00-05:00,2026-02-09 14:14:00-05:00,2026-02-09 14:28:00-05:00,LONG,-2.6750401558,678.9375000000,672.5547256449,615.6300000000,612.3350703364,673.2785190787,678.8900000000,679.0257780000,681.6400000000,681.5036720000,29,19691.7475620000,8.0000000000,2.7500000000,232.0000000000,79.7500000000,0.3437500000,670.8900000000,681.6400000000,TAKE_PROFIT_BRACKET,14,79.7500000000,7.8910740000,0.2030000000,8.0940740000,71.6559260000
META,QQQ,2026-02-09 15:24:00-05:00,2026-02-09 15:25:00-05:00,2026-02-09 15:59:00-05:00,LONG,-3.8367111298,680.6300000000,673.8267627153,615.2650000000,612.8249898626,674.3633413989,680.5950000000,680.7311190000,677.2400000000,677.1045520000,29,19741.2024510000,8.0000000000,2.7500000000,232.0000000000,79.7500000000,0.3437500000,672.5950000000,683.3450000000,FORCED_EOD,34,-97.2950000000,7.8754430000,0.2030000000,8.0784430000,-105.3734430000
META,QQQ,2026-02-10 12:03:00-05:00,2026-02-10 12:04:00-05:00,2026-02-10 15:59:00-05:00,SHORT,3.1618402342,672.2100000000,673.3336902554,613.7000000000,615.0428988105,672.5451632781,672.2300000000,672.0955540000,671.0500000000,671.1842100000,29,19490.7710660000,8.0000000000,2.7500000000,232.0000000000,79.7500000000,0.3437500000,680.2300000000,669.4800000000,FORCED_EOD,235,34.2200000000,7.7910240000,0.2030000000,7.9940240000,26.2259760000
META,QQQ,2026-02-11 10:53:00-05:00,2026-02-11 10:54:00-05:00,2026-02-11 11:01:00-05:00,SHORT,4.2406201537,671.9700000000,668.4777987537,612.1201000000,612.2657269668,668.4057802538,671.8800000000,671.7456240000,669.1300000000,669.2638260000,29,19480.6230960000,8.0000000000,2.7500000000,232.0000000000,79.7500000000,0.3437500000,679.8800000000,669.1300000000,TAKE_PROFIT_BRACKET,7,79.7500000000,7.7778580000,0.2030000000,7.9808580000,71.7691420000
META,QQQ,2026-02-11 12:34:00-05:00,2026-02-11 12:35:00-05:00,2026-02-11 12:41:00-05:00,LONG,-4.0724573195,661.4100000000,668.3248694240,613.0000000000,612.0531995473,668.7931564597,661.7500000000,661.8823500000,664.5000000000,664.3671000000,30,19856.4705000000,8.0000000000,2.7500000000,240.0000000000,82.5000000000,0.3437500000,653.7500000000,664.5000000000,TAKE_PROFIT_BRACKET,6,82.5000000000,7.9575000000,0.2100000000,8.1675000000,74.3325000000
META,QQQ,2026-02-11 12:58:00-05:00,2026-02-11 12:59:00-05:00,2026-02-11 13:11:00-05:00,LONG,-3.7140275573,659.8300000000,667.7385512221,612.6600000000,612.1351517960,667.9978784243,659.8300000000,659.9619660000,662.5800000000,662.4474840000,30,19798.8589800000,8.0000000000,2.7500000000,240.0000000000,82.5000000000,0.3437500000,651.8300000000,662.5800000000,TAKE_PROFIT_BRACKET,12,82.5000000000,7.9344600000,0.2100000000,8.1444600000,74.3555400000
META,QQQ,2026-02-11 13:31:00-05:00,2026-02-11 13:32:00-05:00,2026-02-11 13:50:00-05:00,SHORT,2.5440782229,668.3200000000,667.0999314331,612.7800000000,612.1383087695,667.4166858423,668.4900000000,668.3563020000,665.7400000000,665.8731480000,29,19382.3327580000,8.0000000000,2.7500000000,232.0000000000,79.7500000000,0.3437500000,676.4900000000,665.7400000000,TAKE_PROFIT_BRACKET,18,79.7500000000,7.7385340000,0.2030000000,7.9415340000,71.8084660000
META,QQQ,2026-02-11 14:57:00-05:00,2026-02-11 14:58:00-05:00,2026-02-11 15:59:00-05:00,SHORT,2.7230345231,669.2600000000,667.1711788276,614.0500000000,612.3917814038,667.9894644730,669.3600000000,669.2261280000,668.7123000000,668.8460424600,29,19407.5577120000,8.0000000000,2.7500000000,232.0000000000,79.7500000000,0.3437500000,677.3600000000,666.6100000000,FORCED_EOD,61,18.7833000000,7.7608193400,0.2030000000,7.9638193400,10.8194806600
META,QQQ,2026-02-12 10:37:00-05:00,2026-02-12 10:38:00-05:00,2026-02-12 11:08:00-05:00,LONG,-2.6666146904,658.2250000000,665.1520048159,609.8900000000,612.7723034744,664.5262683315,658.2200000000,658.3516440000,650.2200000000,650.0899560000,30,19750.5493200000,8.0000000000,2.7500000000,240.0000000000,82.5000000000,0.3437500000,650.2200000000,660.9700000000,STOP,30,-240.0000000000,7.8506400000,0.2100000000,8.0606400000,-248.0606400000
META,QQQ,2026-02-12 11:56:00-05:00,2026-02-12 11:57:00-05:00,2026-02-12 15:48:00-05:00,SHORT,2.6566839512,652.1550000000,657.2582659180,602.9100000000,608.1406745881,656.1276380048,652.1550000000,652.0245690000,649.4050000000,649.5348810000,30,19560.7370700000,8.0000000000,2.7500000000,240.0000000000,82.5000000000,0.3437500000,660.1550000000,649.4050000000,TAKE_PROFIT_BRACKET,231,82.5000000000,7.8093600000,0.2100000000,8.0193600000,74.4806400000
META,QQQ,2026-02-12 15:50:00-05:00,2026-02-12 15:51:00-05:00,2026-02-12 15:59:00-05:00,LONG,-2.5989083379,648.5337000000,655.4794454952,600.1300000000,605.8195149012,654.2482669079,648.5600000000,648.6897120000,649.7150000000,649.5850570000,30,19460.6913600000,8.0000000000,2.7500000000,240.0000000000,82.5000000000,0.3437500000,640.5600000000,651.3100000000,FORCED_EOD,8,34.6500000000,7.7896500000,0.2100000000,7.9996500000,26.6503500000
META,QQQ,2026-02-13 12:45:00-05:00,2026-02-13 12:46:00-05:00,2026-02-13 15:27:00-05:00,LONG,-2.5370211524,648.5000000000,644.8010845713,605.6600000000,601.9531123308,647.1735687097,648.5150000000,648.6447030000,640.5150000000,640.3868970000,30,19459.3410900000,8.0000000000,2.7500000000,240.0000000000,82.5000000000,0.3437500000,640.5150000000,651.2650000000,STOP,161,-240.0000000000,7.7341800000,0.2100000000,7.9441800000,-247.9441800000
META,QQQ,2026-02-13 15:50:00-05:00,2026-02-13 15:51:00-05:00,2026-02-13 15:59:00-05:00,LONG,-2.8271220556,639.2800000000,644.8504954317,600.8100000000,602.6392033486,643.6810110072,639.2350000000,639.3628470000,639.7600000000,639.6320480000,31,19820.2482570000,8.0000000000,2.7500000000,248.0000000000,85.2500000000,0.3437500000,631.2350000000,641.9850000000,FORCED_EOD,8,16.2750000000,7.9297690000,0.2170000000,8.1467690000,8.1282310000
META,QQQ,2026-02-17 11:13:00-05:00,2026-02-17 11:14:00-05:00,2026-02-17 13:22:00-05:00,LONG,-2.6725880429,637.7900000000,634.5489488379,601.4400000000,597.1282411168,641.1899181694,637.9300000000,638.0575860000,640.6800000000,640.5518640000,31,19779.7851660000,8.0000000000,2.7500000000,248.0000000000,85.2500000000,0.3437500000,629.9300000000,640.6800000000,TAKE_PROFIT_BRACKET,128,85.2500000000,7.9273820000,0.2170000000,8.1443820000,77.1056180000
META,QQQ,2026-02-17 15:01:00-05:00,2026-02-17 15:02:00-05:00,2026-02-17 15:47:00-05:00,SHORT,2.6131718015,641.0350000000,636.4260063866,602.6665000000,599.0667540361,641.9687404675,641.0350000000,640.9067930000,638.2850000000,638.4126570000,31,19868.1105830000,8.0000000000,2.7500000000,248.0000000000,85.2500000000,0.3437500000,649.0350000000,638.2850000000,TAKE_PROFIT_BRACKET,45,85.2500000000,7.9317840000,0.2170000000,8.1487840000,77.1012160000
META,QQQ,2026-02-18 14:35:00-05:00,2026-02-18 14:36:00-05:00,2026-02-18 14:56:00-05:00,SHORT,2.8922796557,639.9000000000,637.5179234711,605.7600000000,606.7574632638,636.5219436761,639.8850000000,639.7570230000,637.1350000000,637.2624270000,31,19832.4677130000,8.0000000000,2.7500000000,248.0000000000,85.2500000000,0.3437500000,647.8850000000,637.1350000000,TAKE_PROFIT_BRACKET,20,85.2500000000,7.9175240000,0.2170000000,8.1345240000,77.1154760000
META,QQQ,2026-02-18 15:11:00-05:00,2026-02-18 15:12:00-05:00,2026-02-18 15:59:00-05:00,SHORT,2.9447963817,638.5700000000,637.5482207568,603.6101000000,606.4729624582,634.6881391593,638.5700000000,638.4422860000,643.2600000000,643.3886520000,31,19791.7108660000,8.0000000000,2.7500000000,248.0000000000,85.2500000000,0.3437500000,646.5700000000,635.8200000000,FORCED_EOD,47,-145.3900000000,7.9473460000,0.2170000000,8.1643460000,-153.5543460000
META,QQQ,2026-02-19 12:25:00-05:00,2026-02-19 12:26:00-05:00,2026-02-19 12:48:00-05:00,SHORT,2.9630358975,647.0150000000,643.0782057469,603.9900000000,603.7027442045,643.4139824548,647.0150000000,646.8855970000,644.2650000000,644.3938530000,30,19406.5679100000,8.0000000000,2.7500000000,240.0000000000,82.5000000000,0.3437500000,655.0150000000,644.2650000000,TAKE_PROFIT_BRACKET,22,82.5000000000,7.7476800000,0.2100000000,7.9576800000,74.5423200000
META,QQQ,2026-02-19 13:20:00-05:00,2026-02-19 13:21:00-05:00,2026-02-19 15:14:00-05:00,SHORT,3.3490872504,644.5100000000,643.3210965551,601.2100000000,603.4064164239,640.7514483077,644.3900000000,644.2611220000,641.6400000000,641.7683280000,31,19972.0947820000,8.0000000000,2.7500000000,248.0000000000,85.2500000000,0.3437500000,652.3900000000,641.6400000000,TAKE_PROFIT_BRACKET,113,85.2500000000,7.9733860000,0.2170000000,8.1903860000,77.0596140000
META,QQQ,2026-02-19 15:14:00-05:00,2026-02-19 15:15:00-05:00,2026-02-19 15:55:00-05:00,LONG,-2.8504458221,641.7300000000,643.4362523244,601.8600000000,603.0698115549,642.0198168631,641.7985000000,641.9268597000,644.5485000000,644.4195903000,31,19899.7326507000,8.0000000000,2.7500000000,248.0000000000,85.2500000000,0.3437500000,633.7985000000,644.5485000000,TAKE_PROFIT_BRACKET,40,85.2500000000,7.9753514000,0.2170000000,8.1923514000,77.0576486000
META,QQQ,2026-02-20 10:05:00-05:00,2026-02-20 10:06:00-05:00,2026-02-20 10:06:00-05:00,SHORT,2.9424161957,652.0550000000,647.3722608474,604.4300000000,604.0774598988,647.7803800975,652.4199000000,652.2894160200,649.6699000000,649.7998339800,30,19568.6824806000,8.0000000000,2.7500000000,240.0000000000,82.5000000000,0.3437500000,660.4199000000,649.6699000000,TAKE_PROFIT_BRACKET,0,82.5000000000,7.8125388000,0.2100000000,8.0225388000,74.4774612000
META,QQQ,2026-02-20 10:10:00-05:00,2026-02-20 10:11:00-05:00,2026-02-20 10:13:00-05:00,SHORT,2.5395752402,656.3750000000,647.9713420853,607.6000000000,604.2659575687,651.8333743084,656.3750000000,656.2437250000,653.6250000000,653.7557250000,30,19687.3117500000,8.0000000000,2.7500000000,240.0000000000,82.5000000000,0.3437500000,664.3750000000,653.6250000000,TAKE_PROFIT_BRACKET,2,82.5000000000,7.8600000000,0.2100000000,8.0700000000,74.4300000000
META,QQQ,2026-02-20 11:00:00-05:00,2026-02-20 11:01:00-05:00,2026-02-20 11:10:00-05:00,SHORT,2.9832698677,662.6964000000,652.3273192631,609.5200000000,605.6288717547,656.8547481834,662.6400000000,662.5074720000,659.8900000000,660.0219780000,30,19875.2241600000,8.0000000000,2.7500000000,240.0000000000,82.5000000000,0.3437500000,670.6400000000,659.8900000000,TAKE_PROFIT_BRACKET,9,82.5000000000,7.9351800000,0.2100000000,8.1451800000,74.3548200000
META,QQQ,2026-02-23 11:20:00-05:00,2026-02-23 11:21:00-05:00,2026-02-23 15:59:00-05:00,LONG,-2.8010876209,643.2800000000,649.0103620582,600.5900000000,603.5960440226,645.1834934896,643.2000000000,643.3286400000,637.3100000000,637.1825380000,31,19943.1878400000,8.0000000000,2.7500000000,248.0000000000,85.2500000000,0.3437500000,635.2000000000,645.9500000000,FORCED_EOD,278,-182.5900000000,7.9391620000,0.2170000000,8.1561620000,-190.7461620000
META,QQQ,2026-02-24 13:49:00-05:00,2026-02-24 13:50:00-05:00,2026-02-24 15:59:00-05:00,SHORT,2.9356140591,640.2720000000,635.9231513047,607.7700000000,606.0321249968,639.2443056742,640.2350000000,640.1069530000,639.0500000000,639.1778100000,31,19843.3155430000,8.0000000000,2.7500000000,248.0000000000,85.2500000000,0.3437500000,648.2350000000,637.4850000000,FORCED_EOD,129,36.7350000000,7.9315670000,0.2170000000,8.1485670000,28.5864330000
META,QQQ,2026-02-25 11:15:00-05:00,2026-02-25 11:16:00-05:00,2026-02-25 11:26:00-05:00,LONG,-2.5935192241,647.0000000000,648.1998362758,614.1700000000,614.3115369609,647.9784677939,646.8914000000,647.0207782800,649.6414000000,649.5114717200,30,19410.6233484000,8.0000000000,2.7500000000,240.0000000000,82.5000000000,0.3437500000,638.8914000000,649.6414000000,TAKE_PROFIT_BRACKET,10,82.5000000000,7.7791968000,0.2100000000,7.9891968000,74.5108032000
META,QQQ,2026-02-25 12:33:00-05:00,2026-02-25 12:34:00-05:00,2026-02-25 15:59:00-05:00,LONG,-2.6410300745,650.5651000000,649.4249943131,615.0300000000,614.4265660762,650.3703917296,650.5650000000,650.6951130000,653.3150000000,653.1843370000,30,19520.8533900000,8.0000000000,2.7500000000,240.0000000000,82.5000000000,0.3437500000,642.5650000000,653.3150000000,TAKE_PROFIT_BRACKET,205,82.5000000000,7.8232800000,0.2100000000,8.0332800000,74.4667200000
META,QQQ,2026-02-26 12:41:00-05:00,2026-02-26 12:42:00-05:00,2026-02-26 15:59:00-05:00,SHORT,3.0968301512,654.7700000000,654.3634410494,606.0000000000,608.7974690243,649.5320329728,654.7800000000,654.6490440000,657.0090000000,657.1404018000,30,19639.4713200000,8.0000000000,2.7500000000,240.0000000000,82.5000000000,0.3437500000,662.7800000000,652.0300000000,FORCED_EOD,197,-66.8700000000,7.8707340000,0.2100000000,8.0807340000,-74.9507340000
META,QQQ,2026-02-27 12:38:00-05:00,2026-02-27 12:39:00-05:00,2026-02-27 15:55:00-05:00,LONG,-3.2514682911,642.7600000000,645.0096739427,606.6900000000,606.0566016588,645.7832422628,642.8600000000,642.9885720000,645.6100000000,645.4808780000,31,19932.6457320000,8.0000000000,2.7500000000,248.0000000000,85.2500000000,0.3437500000,634.8600000000,645.6100000000,TAKE_PROFIT_BRACKET,196,85.2500000000,7.9885140000,0.2170000000,8.2055140000,77.0444860000
META,QQQ,2026-02-27 15:55:00-05:00,2026-02-27 15:56:00-05:00,2026-02-27 15:59:00-05:00,SHORT,4.5347935746,646.5300000000,643.0040485714,606.8900000000,605.9829556543,644.1085099425,646.5400000000,646.4106920000,647.9900000000,648.1195980000,30,19392.3207600000,8.0000000000,2.7500000000,240.0000000000,82.5000000000,0.3437500000,654.5400000000,643.7900000000,FORCED_EOD,3,-43.5000000000,7.7671800000,0.2100000000,7.9771800000,-51.4771800000
META,QQQ,2026-03-02 13:44:00-05:00,2026-03-02 13:45:00-05:00,2026-03-02 15:08:00-05:00,SHORT,2.7811033250,656.4700000000,651.3766221517,608.0300000000,605.6888999820,654.1829384574,656.3850000000,656.2537230000,653.6350000000,653.7657270000,30,19687.6116900000,8.0000000000,2.7500000000,240.0000000000,82.5000000000,0.3437500000,664.3850000000,653.6350000000,TAKE_PROFIT_BRACKET,83,82.5000000000,7.8601200000,0.2100000000,8.0701200000,74.4298800000
META,QQQ,2026-03-02 15:26:00-05:00,2026-03-02 15:27:00-05:00,2026-03-02 15:55:00-05:00,LONG,-3.3197192223,650.6900000000,652.0145028801,606.7100000000,606.3508377210,652.4449879472,650.8800000000,651.0101760000,653.6300000000,653.4992740000,30,19530.3052800000,8.0000000000,2.7500000000,240.0000000000,82.5000000000,0.3437500000,642.8800000000,653.6300000000,TAKE_PROFIT_BRACKET,28,82.5000000000,7.8270600000,0.2100000000,8.0370600000,74.4629400000
META,QQQ,2026-03-03 13:15:00-05:00,2026-03-03 13:16:00-05:00,2026-03-03 15:59:00-05:00,SHORT,2.6118242111,653.0000000000,648.1282384002,600.0000000000,596.6918430188,650.5313747475,652.9000000000,652.7694200000,654.9710000000,655.1019942000,30,19583.0826000000,8.0000000000,2.7500000000,240.0000000000,82.5000000000,0.3437500000,660.9000000000,650.1500000000,FORCED_EOD,163,-62.1300000000,7.8472260000,0.2100000000,8.0572260000,-70.1872260000
META,QQQ,2026-03-04 12:33:00-05:00,2026-03-04 12:34:00-05:00,2026-03-04 14:17:00-05:00,LONG,-2.5014019054,667.1201000000,667.1532943326,610.8750000000,608.7771712043,668.9569681568,667.0800000000,667.2134160000,669.8300000000,669.6960340000,29,19349.1890640000,8.0000000000,2.7500000000,232.0000000000,79.7500000000,0.3437500000,659.0800000000,669.8300000000,TAKE_PROFIT_BRACKET,103,79.7500000000,7.7540780000,0.2030000000,7.9570780000,71.7929220000
META,QQQ,2026-03-04 14:18:00-05:00,2026-03-04 14:19:00-05:00,2026-03-04 15:10:00-05:00,SHORT,2.8759947663,670.0550000000,667.2590322252,612.7750000000,609.3571523788,670.1953018222,669.9850000000,669.8510030000,667.2350000000,667.3684470000,29,19425.6790870000,8.0000000000,2.7500000000,232.0000000000,79.7500000000,0.3437500000,677.9850000000,667.2350000000,TAKE_PROFIT_BRACKET,51,79.7500000000,7.7558760000,0.2030000000,7.9588760000,71.7911240000
META,QQQ,2026-03-04 15:14:00-05:00,2026-03-04 15:15:00-05:00,2026-03-04 15:41:00-05:00,LONG,-2.6879675583,666.0600000000,667.4133909758,611.2800000000,609.5818063672,668.8721071935,666.0100000000,666.1432020000,668.7600000000,668.6262480000,30,19984.2960600000,8.0000000000,2.7500000000,240.0000000000,82.5000000000,0.3437500000,658.0100000000,668.7600000000,TAKE_PROFIT_BRACKET,26,82.5000000000,8.0086200000,0.2100000000,8.2186200000,74.2813800000
META,QQQ,2026-03-05 11:42:00-05:00,2026-03-05 11:43:00-05:00,2026-03-05 12:18:00-05:00,SHORT,2.5639513468,659.8067000000,663.3830931780,607.5900000000,609.2204011619,662.2619217836,659.6832000000,659.5512633600,656.9332000000,657.0645866400,30,19786.5379008000,8.0000000000,2.7500000000,240.0000000000,82.5000000000,0.3437500000,667.6832000000,656.9332000000,TAKE_PROFIT_BRACKET,35,82.5000000000,7.8996984000,0.2100000000,8.1096984000,74.3903016000
META,QQQ,2026-03-05 13:20:00-05:00,2026-03-05 13:21:00-05:00,2026-03-05 13:33:00-05:00,SHORT,2.8585790900,654.9151000000,661.1457936169,603.1700000000,607.9911241679,657.8349711885,654.8300000000,654.6990340000,652.0800000000,652.2104160000,30,19640.9710200000,8.0000000000,2.7500000000,240.0000000000,82.5000000000,0.3437500000,662.8300000000,652.0800000000,TAKE_PROFIT_BRACKET,12,82.5000000000,7.8414600000,0.2100000000,8.0514600000,74.4485400000
META,QQQ,2026-03-05 14:36:00-05:00,2026-03-05 14:37:00-05:00,2026-03-05 15:55:00-05:00,SHORT,2.8270303108,653.1200000000,659.4709302621,602.9050000000,607.2159462428,656.5141934577,653.2700000000,653.1393460000,661.2700000000,661.4022540000,30,19594.1803800000,8.0000000000,2.7500000000,240.0000000000,82.5000000000,0.3437500000,661.2700000000,650.5200000000,STOP,78,-240.0000000000,7.8872400000,0.2100000000,8.0972400000,-248.0972400000
META,QQQ,2026-03-05 15:57:00-05:00,2026-03-05 15:58:00-05:00,2026-03-05 15:59:00-05:00,SHORT,2.5032262777,661.1890000000,659.1207553995,608.9299000000,607.0045381802,660.4410564741,661.1100000000,660.9777780000,660.2800000000,660.4120560000,30,19829.3333400000,8.0000000000,2.7500000000,240.0000000000,82.5000000000,0.3437500000,669.1100000000,658.3600000000,FORCED_EOD,1,24.9000000000,7.9283400000,0.2100000000,8.1383400000,16.7616600000
META,QQQ,2026-03-06 10:44:00-05:00,2026-03-06 10:45:00-05:00,2026-03-06 12:40:00-05:00,SHORT,3.0251679215,647.1050000000,641.6920597352,603.9800000000,601.5935184428,644.1750813211,647.0950000000,646.9655810000,644.3450000000,644.4738690000,30,19408.9674300000,8.0000000000,2.7500000000,240.0000000000,82.5000000000,0.3437500000,655.0950000000,644.3450000000,TAKE_PROFIT_BRACKET,115,82.5000000000,7.7486400000,0.2100000000,7.9586400000,74.5413600000
META,QQQ,2026-03-06 13:15:00-05:00,2026-03-06 13:16:00-05:00,2026-03-06 15:59:00-05:00,LONG,-2.6979217226,646.8650000000,643.6462338132,605.4000000000,602.7537714429,646.4025786109,646.7600000000,646.8893520000,644.8300000000,644.7010340000,30,19406.6805600000,8.0000000000,2.7500000000,240.0000000000,82.5000000000,0.3437500000,638.7600000000,649.5100000000,FORCED_EOD,163,-57.9000000000,7.7495400000,0.2100000000,7.9595400000,-65.8595400000
META,QQQ,2026-03-09 10:27:00-04:00,2026-03-09 10:28:00-04:00,2026-03-09 15:19:00-04:00,SHORT,2.6398606892,631.0300000000,630.6534163200,593.1500000000,593.4545774982,630.2653125082,631.0300000000,630.9037940000,639.0300000000,639.1578060000,31,19558.0176140000,8.0000000000,2.7500000000,248.0000000000,85.2500000000,0.3437500000,639.0300000000,628.2800000000,STOP,291,-248.0000000000,7.8743720000,0.2170000000,8.0913720000,-256.0913720000
META,QQQ,2026-03-09 15:41:00-04:00,2026-03-09 15:42:00-04:00,2026-03-09 15:59:00-04:00,SHORT,3.5475353913,644.9600000000,634.5806562257,606.6100000000,598.8705609840,644.4142026326,644.9600000000,644.8310080000,647.3400000000,647.4694680000,31,19989.7612480000,8.0000000000,2.7500000000,248.0000000000,85.2500000000,0.3437500000,652.9600000000,642.2100000000,FORCED_EOD,17,-73.7800000000,8.0122600000,0.2170000000,8.2292600000,-82.0092600000
META,QQQ,2026-03-10 10:08:00-04:00,2026-03-10 10:09:00-04:00,2026-03-10 10:30:00-04:00,LONG,-2.5389562024,650.6900000000,654.9972442188,606.1399000000,608.1801323663,652.9390991825,650.6900000000,650.8201380000,653.4400000000,653.3093120000,30,19524.6041400000,8.0000000000,2.7500000000,240.0000000000,82.5000000000,0.3437500000,642.6900000000,653.4400000000,TAKE_PROFIT_BRACKET,21,82.5000000000,7.8247800000,0.2100000000,8.0347800000,74.4652200000
META,QQQ,2026-03-10 12:25:00-04:00,2026-03-10 12:26:00-04:00,2026-03-10 14:14:00-04:00,SHORT,3.4218774423,658.4600000000,655.6059617624,611.6700000000,609.5630013381,657.7286081664,658.3200000000,658.1883360000,655.5700000000,655.7011140000,30,19745.6500800000,8.0000000000,2.7500000000,240.0000000000,82.5000000000,0.3437500000,666.3200000000,655.5700000000,TAKE_PROFIT_BRACKET,108,82.5000000000,7.8833400000,0.2100000000,8.0933400000,74.4066600000
META,QQQ,2026-03-10 14:20:00-04:00,2026-03-10 14:21:00-04:00,2026-03-10 15:21:00-04:00,SHORT,3.0536573445,656.3200000000,656.1993551461,608.4300000000,610.1248217582,654.4919749672,656.3250000000,656.1937350000,653.5750000000,653.7057150000,30,19685.8120500000,8.0000000000,2.7500000000,240.0000000000,82.5000000000,0.3437500000,664.3250000000,653.5750000000,TAKE_PROFIT_BRACKET,60,82.5000000000,7.8594000000,0.2100000000,8.0694000000,74.4306000000
META,QQQ,2026-03-10 15:21:00-04:00,2026-03-10 15:22:00-04:00,2026-03-10 15:59:00-04:00,LONG,-3.6514043328,653.4900000000,656.1912789467,608.4700000000,609.9621329323,654.6877070684,653.3700000000,653.5006740000,654.0800000000,653.9491840000,30,19605.0202200000,8.0000000000,2.7500000000,240.0000000000,82.5000000000,0.3437500000,645.3700000000,656.1200000000,FORCED_EOD,37,21.3000000000,7.8447000000,0.2100000000,8.0547000000,13.2453000000
META,QQQ,2026-03-11 11:00:00-04:00,2026-03-11 11:01:00-04:00,2026-03-11 15:55:00-04:00,LONG,-2.6286529920,652.6000000000,655.4606178180,610.1500000000,609.7454995679,655.9735448308,652.5950000000,652.7255190000,655.3450000000,655.2139310000,30,19581.7655700000,8.0000000000,2.7500000000,240.0000000000,82.5000000000,0.3437500000,644.5950000000,655.3450000000,TAKE_PROFIT_BRACKET,294,82.5000000000,7.8476400000,0.2100000000,8.0576400000,74.4423600000
META,QQQ,2026-03-12 11:05:00-04:00,2026-03-12 11:06:00-04:00,2026-03-12 15:59:00-04:00,LONG,-3.8823690298,641.8000000000,646.3273322065,598.6750000000,600.6755611122,644.1224128893,641.6900000000,641.8183380000,637.8400000000,637.7124320000,31,19896.3684780000,8.0000000000,2.7500000000,248.0000000000,85.2500000000,0.3437500000,633.6900000000,644.4400000000,FORCED_EOD,293,-119.3500000000,7.9330860000,0.2170000000,8.1500860000,-127.5000860000
META,QQQ,2026-03-13 10:50:00-04:00,2026-03-13 10:51:00-04:00,2026-03-13 13:42:00-04:00,LONG,-2.7384740393,620.8700000000,622.9486020433,598.0600000000,600.7321262068,619.7660625950,620.9136000000,621.0377827200,612.9136000000,612.7910172800,32,19873.2090470400,8.0000000000,2.7500000000,256.0000000000,88.0000000000,0.3437500000,612.9136000000,623.6636000000,STOP,171,-256.0000000000,7.8964940800,0.2240000000,8.1204940800,-264.1204940800
META,QQQ,2026-03-13 13:47:00-04:00,2026-03-13 13:48:00-04:00,2026-03-13 14:52:00-04:00,LONG,-2.7374696919,611.4650000000,619.9295823598,593.5200000000,597.4951728081,615.1925162638,611.4650000000,611.5872930000,614.2150000000,614.0921570000,32,19570.7933760000,8.0000000000,2.7500000000,256.0000000000,88.0000000000,0.3437500000,603.4650000000,614.2150000000,TAKE_PROFIT_BRACKET,64,88.0000000000,7.8443520000,0.2240000000,8.0683520000,79.9316480000
META,QQQ,2026-03-13 15:27:00-04:00,2026-03-13 15:28:00-04:00,2026-03-13 15:59:00-04:00,SHORT,3.5682495312,612.7050000000,618.4894479406,593.1600000000,596.6972682904,614.2783851486,612.7450000000,612.6224510000,613.6200000000,613.7427240000,32,19603.9184320000,8.0000000000,2.7500000000,256.0000000000,88.0000000000,0.3437500000,620.7450000000,609.9950000000,FORCED_EOD,31,-28.0000000000,7.8487360000,0.2240000000,8.0727360000,-36.0727360000
META,QQQ,2026-03-16 12:07:00-04:00,2026-03-16 12:08:00-04:00,2026-03-16 15:59:00-04:00,LONG,-2.6336260215,626.1250000000,629.8864201231,601.0200000000,600.9612991286,629.9657150240,626.1596000000,626.2848319200,627.6300000000,627.5044740000,31,19414.8297895200,8.0000000000,2.7500000000,248.0000000000,85.2500000000,0.3437500000,618.1596000000,628.9096000000,FORCED_EOD,231,45.5824000000,7.7734955200,0.2170000000,7.9904955200,37.5919044800
META,QQQ,2026-03-17 11:36:00-04:00,2026-03-17 11:37:00-04:00,2026-03-17 15:06:00-04:00,SHORT,2.9892961396,624.6201000000,631.3639881501,602.0500000000,604.4404945080,626.3448870387,624.7350000000,624.6100530000,621.9850000000,622.1093970000,32,19987.5216960000,8.0000000000,2.7500000000,256.0000000000,88.0000000000,0.3437500000,632.7350000000,621.9850000000,TAKE_PROFIT_BRACKET,209,88.0000000000,7.9790080000,0.2240000000,8.2030080000,79.7969920000
META,QQQ,2026-03-17 15:49:00-04:00,2026-03-17 15:50:00-04:00,2026-03-17 15:59:00-04:00,LONG,-2.7622290170,621.9800000000,627.7753996753,603.4800000000,603.8364463390,627.0305115192,622.0100000000,622.1344020000,622.6400000000,622.5154720000,32,19908.3008640000,8.0000000000,2.7500000000,256.0000000000,88.0000000000,0.3437500000,614.0100000000,624.7600000000,FORCED_EOD,9,20.1600000000,7.9657600000,0.2240000000,8.1897600000,11.9702400000
META,QQQ,2026-03-18 10:11:00-04:00,2026-03-18 10:12:00-04:00,2026-03-18 10:22:00-04:00,SHORT,2.5453688402,621.1500000000,619.6603973584,601.5300000000,602.0591628095,618.7114353902,621.1992000000,621.0749601600,618.4492000000,618.5728898400,32,19874.3987251200,8.0000000000,2.7500000000,256.0000000000,88.0000000000,0.3437500000,629.1992000000,618.4492000000,TAKE_PROFIT_BRACKET,10,88.0000000000,7.9337497600,0.2240000000,8.1577497600,79.8422502400
META,QQQ,2026-03-18 14:10:00-04:00,2026-03-18 14:11:00-04:00,2026-03-18 14:46:00-04:00,SHORT,2.5823612412,619.9050000000,619.2944877766,599.7900000000,600.6087499050,617.8235247887,619.9050000000,619.7810190000,617.1550000000,617.2784310000,32,19832.9926080000,8.0000000000,2.7500000000,256.0000000000,88.0000000000,0.3437500000,627.9050000000,617.1550000000,TAKE_PROFIT_BRACKET,35,88.0000000000,7.9171840000,0.2240000000,8.1411840000,79.8588160000
META,QQQ,2026-03-18 15:10:00-04:00,2026-03-18 15:11:00-04:00,2026-03-18 15:44:00-04:00,SHORT,2.7607380152,617.6600000000,619.0260630229,597.6200000000,600.2519145896,614.2968149539,617.6701000000,617.5465659800,614.9201000000,615.0430840200,32,19761.4901113600,8.0000000000,2.7500000000,256.0000000000,88.0000000000,0.3437500000,625.6701000000,614.9201000000,TAKE_PROFIT_BRACKET,33,88.0000000000,7.8885772800,0.2240000000,8.1125772800,79.8874227200
META,QQQ,2026-03-19 11:36:00-04:00,2026-03-19 11:37:00-04:00,2026-03-19 14:43:00-04:00,SHORT,2.8370383119,605.5400000000,609.2454395645,589.0200000000,590.3408464202,607.4332997317,605.4200000000,605.2989160000,602.6700000000,602.7905340000,33,19974.8642280000,8.0000000000,2.7500000000,264.0000000000,90.7500000000,0.3437500000,613.4200000000,602.6700000000,TAKE_PROFIT_BRACKET,186,90.7500000000,7.9733940000,0.2310000000,8.2043940000,82.5456060000
META,QQQ,2026-03-19 15:06:00-04:00,2026-03-19 15:07:00-04:00,2026-03-19 15:59:00-04:00,LONG,-2.6127121426,608.8550000000,607.1734363924,595.4800000000,590.4139829528,614.0992803960,608.8550000000,608.9767710000,606.8359000000,606.7145328200,32,19487.2566720000,8.0000000000,2.7500000000,256.0000000000,88.0000000000,0.3437500000,600.8550000000,611.6050000000,FORCED_EOD,52,-64.6112000000,7.7804217600,0.2240000000,8.0044217600,-72.6156217600
META,QQQ,2026-03-20 11:05:00-04:00,2026-03-20 11:06:00-04:00,2026-03-20 12:04:00-04:00,LONG,-2.6432486286,592.8100000000,598.4922536393,585.6500000000,587.0291132826,596.4121463378,592.8200000000,592.9385640000,595.5700000000,595.4508860000,33,19566.9726120000,8.0000000000,2.7500000000,264.0000000000,90.7500000000,0.3437500000,584.8200000000,595.5700000000,TAKE_PROFIT_BRACKET,58,90.7500000000,7.8433740000,0.2310000000,8.0743740000,82.6756260000
META,QQQ,2026-03-20 12:08:00-04:00,2026-03-20 12:09:00-04:00,2026-03-20 13:05:00-04:00,SHORT,2.7822531656,595.4000000000,597.3610739151,586.9300000000,586.8461607256,597.4873284733,595.4000000000,595.2809200000,592.6500000000,592.7685300000,33,19644.2703600000,8.0000000000,2.7500000000,264.0000000000,90.7500000000,0.3437500000,603.4000000000,592.6500000000,TAKE_PROFIT_BRACKET,56,90.7500000000,7.8411300000,0.2310000000,8.0721300000,82.6778700000
META,QQQ,2026-03-20 14:22:00-04:00,2026-03-20 14:23:00-04:00,2026-03-20 15:20:00-04:00,SHORT,2.6420619797,592.2500000000,596.5320007086,582.2300000000,586.3187683479,590.3776908336,592.0600000000,591.9415880000,589.3100000000,589.4278620000,33,19534.0724040000,8.0000000000,2.7500000000,264.0000000000,90.7500000000,0.3437500000,600.0600000000,589.3100000000,TAKE_PROFIT_BRACKET,57,90.7500000000,7.7970420000,0.2310000000,8.0280420000,82.7219580000
META,QQQ,2026-03-23 10:56:00-04:00,2026-03-23 10:57:00-04:00,2026-03-23 12:25:00-04:00,SHORT,2.6123517696,605.3800000000,602.9330773394,593.2850000000,592.3332488150,603.9975100342,605.2850000000,605.1639430000,602.5350000000,602.6555070000,33,19970.4101190000,8.0000000000,2.7500000000,264.0000000000,90.7500000000,0.3437500000,613.2850000000,602.5350000000,TAKE_PROFIT_BRACKET,88,90.7500000000,7.9716120000,0.2310000000,8.2026120000,82.5473880000
META,QQQ,2026-03-23 13:35:00-04:00,2026-03-23 13:36:00-04:00,2026-03-23 14:47:00-04:00,LONG,-3.1422986255,603.4600000000,604.1320080589,589.5300000000,590.5640686036,602.9697409203,603.4650000000,603.5856930000,606.2150000000,606.0937570000,33,19918.3278690000,8.0000000000,2.7500000000,264.0000000000,90.7500000000,0.3437500000,595.4650000000,606.2150000000,TAKE_PROFIT_BRACKET,71,90.7500000000,7.9838880000,0.2310000000,8.2148880000,82.5351120000
META,QQQ,2026-03-23 14:48:00-04:00,2026-03-23 14:49:00-04:00,2026-03-23 15:56:00-04:00,SHORT,2.5118314714,606.2800000000,604.0663900347,590.9800000000,590.4519894856,604.6599087711,606.3750000000,606.2537250000,603.6250000000,603.7457250000,32,19400.1192000000,8.0000000000,2.7500000000,256.0000000000,88.0000000000,0.3437500000,614.3750000000,603.6250000000,TAKE_PROFIT_BRACKET,67,88.0000000000,7.7440000000,0.2240000000,7.9680000000,80.0320000000
META,QQQ,2026-03-23 15:56:00-04:00,2026-03-23 15:57:00-04:00,2026-03-23 15:59:00-04:00,LONG,-4.3790271570,603.5500000000,604.4734940377,588.7850000000,590.4174275409,602.6371933901,603.5650000000,603.6857130000,603.9400000000,603.8192120000,33,19921.6285290000,8.0000000000,2.7500000000,264.0000000000,90.7500000000,0.3437500000,595.5650000000,606.3150000000,FORCED_EOD,2,12.3750000000,7.9695330000,0.2310000000,8.2005330000,4.1744670000
META,QQQ,2026-03-24 12:18:00-04:00,2026-03-24 12:19:00-04:00,2026-03-24 13:04:00-04:00,SHORT,2.7714019553,596.5500000000,595.7435668505,586.4800000000,584.9840858530,597.2185417391,596.5575000000,596.4381885000,593.8075000000,593.9262615000,33,19682.4602205000,8.0000000000,2.7500000000,264.0000000000,90.7500000000,0.3437500000,604.5575000000,593.8075000000,TAKE_PROFIT_BRACKET,45,90.7500000000,7.8564090000,0.2310000000,8.0874090000,82.6625910000
META,QQQ,2026-03-24 13:11:00-04:00,2026-03-24 13:12:00-04:00,2026-03-24 13:55:00-04:00,LONG,-2.5034077436,592.0713000000,595.6088491957,583.4300000000,585.0084233134,594.0529367438,592.0850000000,592.2034170000,594.8350000000,594.7160330000,33,19542.7127610000,8.0000000000,2.7500000000,264.0000000000,90.7500000000,0.3437500000,584.0850000000,594.8350000000,TAKE_PROFIT_BRACKET,43,90.7500000000,7.8336720000,0.2310000000,8.0646720000,82.6853280000
META,QQQ,2026-03-24 15:24:00-04:00,2026-03-24 15:25:00-04:00,2026-03-24 15:35:00-04:00,SHORT,2.5991680635,596.1501000000,595.0818886361,585.8600000000,584.8652615622,596.0618127683,596.1200000000,596.0007760000,593.3700000000,593.4886740000,33,19668.0256080000,8.0000000000,2.7500000000,264.0000000000,90.7500000000,0.3437500000,604.1200000000,593.3700000000,TAKE_PROFIT_BRACKET,10,90.7500000000,7.8506340000,0.2310000000,8.0816340000,82.6683660000
META,QQQ,2026-03-24 15:49:00-04:00,2026-03-24 15:50:00-04:00,2026-03-24 15:59:00-04:00,LONG,-2.7669902326,592.8275000000,595.0127172614,584.1700000000,584.8545891091,594.3383895936,592.8700000000,592.9885740000,593.1000000000,592.9813800000,33,19568.6229420000,8.0000000000,2.7500000000,264.0000000000,90.7500000000,0.3437500000,584.8700000000,595.6200000000,FORCED_EOD,9,7.5900000000,7.8274020000,0.2310000000,8.0584020000,-0.4684020000
META,QQQ,2026-03-25 10:52:00-04:00,2026-03-25 10:53:00-04:00,2026-03-25 13:26:00-04:00,LONG,-2.9055672329,597.5200000000,599.0856744060,590.7550000000,589.5184497902,600.5858930093,597.6000000000,597.7195200000,600.3500000000,600.2299300000,33,19724.7441600000,8.0000000000,2.7500000000,264.0000000000,90.7500000000,0.3437500000,589.6000000000,600.3500000000,TAKE_PROFIT_BRACKET,153,90.7500000000,7.9064700000,0.2310000000,8.1374700000,82.6125300000
META,QQQ,2026-03-25 13:26:00-04:00,2026-03-25 13:27:00-04:00,2026-03-25 14:07:00-04:00,SHORT,4.2448461008,600.4500000000,598.5632555875,589.1600000000,588.7751684074,599.0303262008,600.3400000000,600.2199320000,597.5900000000,597.7095180000,33,19807.2577560000,8.0000000000,2.7500000000,264.0000000000,90.7500000000,0.3437500000,608.3400000000,597.5900000000,TAKE_PROFIT_BRACKET,40,90.7500000000,7.9063380000,0.2310000000,8.1373380000,82.6126620000
META,QQQ,2026-03-25 14:07:00-04:00,2026-03-25 14:08:00-04:00,2026-03-25 15:59:00-04:00,LONG,-2.6773907071,597.4500000000,598.7723500927,588.8990000000,588.8207523535,598.8673451856,597.4500000000,597.5694900000,594.9500000000,594.8310100000,33,19719.7931700000,8.0000000000,2.7500000000,264.0000000000,90.7500000000,0.3437500000,589.4500000000,600.2000000000,FORCED_EOD,111,-82.5000000000,7.8698400000,0.2310000000,8.1008400000,-90.6008400000
META,QQQ,2026-03-26 10:25:00-04:00,2026-03-26 10:26:00-04:00,2026-03-26 10:46:00-04:00,LONG,-2.7796172159,571.5000000000,576.9453546968,583.8399000000,582.9368504757,578.1285176818,571.5150000000,571.6293030000,563.5150000000,563.4022970000,34,19435.3963020000,8.0000000000,2.7500000000,272.0000000000,93.5000000000,0.3437500000,563.5150000000,574.2650000000,STOP,20,-272.0000000000,7.7182040000,0.2380000000,7.9562040000,-279.9562040000
META,QQQ,2026-03-26 13:37:00-04:00,2026-03-26 13:38:00-04:00,2026-03-26 13:43:00-04:00,SHORT,2.5788634901,552.4999000000,563.8146967040,577.7150000000,581.3101925641,559.1986473170,552.4350000000,552.3245130000,549.6850000000,549.7949370000,36,19883.6824680000,8.0000000000,2.7500000000,288.0000000000,99.0000000000,0.3437500000,560.4350000000,549.6850000000,TAKE_PROFIT_BRACKET,5,99.0000000000,7.9352640000,0.2520000000,8.1872640000,90.8127360000
META,QQQ,2026-03-26 15:13:00-04:00,2026-03-26 15:14:00-04:00,2026-03-26 15:59:00-04:00,SHORT,2.7415208589,547.6150000000,559.6100862471,574.7500000000,580.0187564807,552.8807619646,547.6150000000,547.5054770000,547.1500000000,547.2594300000,36,19710.1971720000,8.0000000000,2.7500000000,288.0000000000,99.0000000000,0.3437500000,555.6150000000,544.8650000000,FORCED_EOD,45,16.7400000000,7.8823080000,0.2520000000,8.1343080000,8.6056920000
META,QQQ,2026-03-27 12:39:00-04:00,2026-03-27 12:40:00-04:00,2026-03-27 13:25:00-04:00,SHORT,2.6869249842,527.7901000000,532.1521828174,565.9800000000,567.9182470540,528.1184071478,527.7900000000,527.6844420000,525.0400000000,525.1450080000,37,19524.3243540000,8.0000000000,2.7500000000,296.0000000000,101.7500000000,0.3437500000,535.7900000000,525.0400000000,TAKE_PROFIT_BRACKET,45,101.7500000000,7.7909420000,0.2590000000,8.0499420000,93.7000580000
META,QQQ,2026-03-27 13:35:00-04:00,2026-03-27 13:36:00-04:00,2026-03-27 15:26:00-04:00,LONG,-2.9396242767,523.4100000000,531.1780189908,564.8400000000,567.5963178758,525.4489716429,523.4800000000,523.5846960000,526.2300000000,526.1247540000,38,19896.2184480000,8.0000000000,2.7500000000,304.0000000000,104.5000000000,0.3437500000,515.4800000000,526.2300000000,TAKE_PROFIT_BRACKET,110,104.5000000000,7.9777960000,0.2660000000,8.2437960000,96.2562040000
META,QQQ,2026-03-27 15:26:00-04:00,2026-03-27 15:27:00-04:00,2026-03-27 15:59:00-04:00,SHORT,2.5709130076,526.1900000000,529.1726330563,563.1200000000,566.5553140615,522.0461691500,526.2700000000,526.1647460000,525.7100000000,525.8151420000,38,19994.2603480000,8.0000000000,2.7500000000,304.0000000000,104.5000000000,0.3437500000,534.2700000000,523.5200000000,FORCED_EOD,32,21.2800000000,7.9950480000,0.2660000000,8.2610480000,13.0189520000
META,QQQ,2026-03-30 10:35:00-04:00,2026-03-30 10:36:00-04:00,2026-03-30 10:41:00-04:00,SHORT,2.8907729792,534.0400000000,532.8832125710,562.3250000000,564.3015461149,528.4099159161,533.9850000000,533.8782030000,531.2350000000,531.3412470000,37,19753.4935110000,8.0000000000,2.7500000000,296.0000000000,101.7500000000,0.3437500000,541.9850000000,531.2350000000,TAKE_PROFIT_BRACKET,5,101.7500000000,7.8826280000,0.2590000000,8.1416280000,93.6083720000
META,QQQ,2026-03-30 12:03:00-04:00,2026-03-30 12:04:00-04:00,2026-03-30 15:32:00-04:00,SHORT,2.5962129626,536.9360000000,533.9143579584,562.8900000000,563.9112506368,531.5969999603,537.0100000000,536.9025980000,534.2600000000,534.3668520000,37,19865.3961260000,8.0000000000,2.7500000000,296.0000000000,101.7500000000,0.3437500000,545.0100000000,534.2600000000,TAKE_PROFIT_BRACKET,208,101.7500000000,7.9273980000,0.2590000000,8.1863980000,93.5636020000
META,QQQ,2026-03-30 15:56:00-04:00,2026-03-30 15:57:00-04:00,2026-03-30 15:59:00-04:00,LONG,-2.5705664084,536.7100000000,535.1302833588,558.8450000000,561.5185528039,529.0238990310,536.7300000000,536.8373460000,536.3800000000,536.2727240000,37,19862.9818020000,8.0000000000,2.7500000000,296.0000000000,101.7500000000,0.3437500000,528.7300000000,539.4800000000,FORCED_EOD,2,-12.9500000000,7.9410140000,0.2590000000,8.2000140000,-21.1500140000
META,QQQ,2026-03-31 10:44:00-04:00,2026-03-31 10:45:00-04:00,2026-03-31 10:51:00-04:00,SHORT,2.5126813997,555.8850000000,555.5462390153,566.9100000000,567.1748282281,554.8612053197,555.8950000000,555.7838210000,553.1450000000,553.2556290000,35,19452.4337350000,8.0000000000,2.7500000000,280.0000000000,96.2500000000,0.3437500000,563.8950000000,553.1450000000,TAKE_PROFIT_BRACKET,6,96.2500000000,7.7632800000,0.2450000000,8.0082800000,88.2417200000
META,QQQ,2026-03-31 10:51:00-04:00,2026-03-31 10:52:00-04:00,2026-03-31 12:38:00-04:00,SHORT,2.7059540937,553.2800000000,555.4733990719,565.2702000000,567.1154756398,550.7003333795,553.2800000000,553.1693440000,561.2800000000,561.3922560000,36,19914.0963840000,8.0000000000,2.7500000000,288.0000000000,99.0000000000,0.3437500000,561.2800000000,550.5300000000,STOP,106,-288.0000000000,8.0248320000,0.2520000000,8.2768320000,-296.2768320000
META,QQQ,2026-03-31 12:38:00-04:00,2026-03-31 12:39:00-04:00,2026-03-31 12:41:00-04:00,LONG,-3.0580050154,561.7700000000,555.7572532025,569.8800000000,567.0745819794,563.0180943650,561.9700000000,562.0823940000,564.7200000000,564.6070560000,35,19672.8837900000,8.0000000000,2.7500000000,280.0000000000,96.2500000000,0.3437500000,553.9700000000,564.7200000000,TAKE_PROFIT_BRACKET,2,96.2500000000,7.8868300000,0.2450000000,8.1318300000,88.1181700000
META,QQQ,2026-03-31 12:41:00-04:00,2026-03-31 12:42:00-04:00,2026-03-31 13:02:00-04:00,LONG,-4.9883860670,565.6050000000,555.9480529471,574.7901000000,567.3565616776,575.1842010495,565.4800000000,565.5930960000,568.2300000000,568.1163540000,35,19795.7583600000,8.0000000000,2.7500000000,280.0000000000,96.2500000000,0.3437500000,557.4800000000,568.2300000000,TAKE_PROFIT_BRACKET,20,96.2500000000,7.9359700000,0.2450000000,8.1809700000,88.0690300000
META,QQQ,2026-03-31 14:37:00-04:00,2026-03-31 14:38:00-04:00,2026-03-31 15:59:00-04:00,LONG,-2.6747821987,570.9650000000,560.4262223991,575.7900000000,570.1872774221,574.9689021199,570.9750000000,571.0891950000,572.0200000000,571.9055960000,35,19988.1218250000,8.0000000000,2.7500000000,280.0000000000,96.2500000000,0.3437500000,562.9750000000,573.7250000000,FORCED_EOD,81,36.5750000000,8.0009650000,0.2450000000,8.2459650000,28.3290350000
META,QQQ,2026-04-01 12:20:00-04:00,2026-04-01 12:21:00-04:00,2026-04-01 14:09:00-04:00,SHORT,2.7965776772,587.1650000000,580.5867257434,586.8900000000,584.2749674239,586.2606793709,587.1650000000,587.0475670000,584.4150000000,584.5318830000,34,19959.6172780000,8.0000000000,2.7500000000,272.0000000000,93.5000000000,0.3437500000,595.1650000000,584.4150000000,TAKE_PROFIT_BRACKET,108,93.5000000000,7.9667440000,0.2380000000,8.2047440000,85.2952560000
META,QQQ,2026-04-01 14:39:00-04:00,2026-04-01 14:40:00-04:00,2026-04-01 15:40:00-04:00,LONG,-2.5758108939,578.8650000000,583.0567228359,583.2400000000,584.6999528180,579.8778333814,578.8300000000,578.9457660000,581.5800000000,581.4636840000,34,19684.1560440000,8.0000000000,2.7500000000,272.0000000000,93.5000000000,0.3437500000,570.8300000000,581.5800000000,TAKE_PROFIT_BRACKET,60,93.5000000000,7.8907880000,0.2380000000,8.1287880000,85.3712120000
META,QQQ,2026-04-01 15:52:00-04:00,2026-04-01 15:53:00-04:00,2026-04-01 15:55:00-04:00,SHORT,2.6020638369,581.2200000000,582.5066199923,584.3400000000,584.6192081570,581.8991641078,581.2100000000,581.0937580000,578.4600000000,578.5756920000,34,19757.1877720000,8.0000000000,2.7500000000,272.0000000000,93.5000000000,0.3437500000,589.2100000000,578.4600000000,TAKE_PROFIT_BRACKET,2,93.5000000000,7.8857560000,0.2380000000,8.1237560000,85.3762440000
META,QQQ,2026-04-02 10:37:00-04:00,2026-04-02 10:38:00-04:00,2026-04-02 15:59:00-04:00,LONG,-2.5057290452,577.6100000000,566.8904099929,585.1000000000,576.9875104372,583.9447782223,577.4482000000,577.5636896400,574.6100000000,574.4950780000,34,19637.1654477600,8.0000000000,2.7500000000,272.0000000000,93.5000000000,0.3437500000,569.4482000000,580.1982000000,FORCED_EOD,321,-96.4988000000,7.8339957600,0.2380000000,8.0719957600,-104.5707957600
META,QQQ,2026-04-06 11:13:00-04:00,2026-04-06 11:14:00-04:00,2026-04-06 13:13:00-04:00,SHORT,2.5855752576,578.6400000000,577.9152541265,587.2150000000,587.7607251258,577.0071243412,578.5700000000,578.4542860000,575.8200000000,575.9351640000,34,19667.4457240000,8.0000000000,2.7500000000,272.0000000000,93.5000000000,0.3437500000,586.5700000000,575.8200000000,TAKE_PROFIT_BRACKET,119,93.5000000000,7.8498520000,0.2380000000,8.0878520000,85.4121480000
META,QQQ,2026-04-06 13:25:00-04:00,2026-04-06 13:26:00-04:00,2026-04-06 15:59:00-04:00,LONG,-2.6215759248,576.8700000000,577.9390437657,586.9400000000,587.3833199700,577.2008198751,576.8204000000,576.9357640800,573.0200000000,572.9053960000,34,19615.8159787200,8.0000000000,2.7500000000,272.0000000000,93.5000000000,0.3437500000,568.8204000000,579.5704000000,FORCED_EOD,153,-129.2136000000,7.8189147200,0.2380000000,8.0569147200,-137.2705147200
META,QQQ,2026-04-07 11:29:00-04:00,2026-04-07 11:30:00-04:00,2026-04-07 12:03:00-04:00,LONG,-2.5060168773,566.6800000000,568.4056687118,581.3900000000,582.0219942060,567.5059811768,566.9100000000,567.0233820000,569.6600000000,569.5460680000,35,19845.8183700000,8.0000000000,2.7500000000,280.0000000000,96.2500000000,0.3437500000,558.9100000000,569.6600000000,TAKE_PROFIT_BRACKET,33,96.2500000000,7.9559900000,0.2450000000,8.2009900000,88.0490100000
META,QQQ,2026-04-07 13:40:00-04:00,2026-04-07 13:41:00-04:00,2026-04-07 14:37:00-04:00,SHORT,2.5417793130,570.6900000000,568.4062785490,585.5500000000,582.7694719208,572.3594801361,570.8000000000,570.6858400000,568.0500000000,568.1636100000,35,19974.0044000000,8.0000000000,2.7500000000,280.0000000000,96.2500000000,0.3437500000,578.8000000000,568.0500000000,TAKE_PROFIT_BRACKET,56,96.2500000000,7.9719500000,0.2450000000,8.2169500000,88.0330500000
META,QQQ,2026-04-07 14:52:00-04:00,2026-04-07 14:53:00-04:00,2026-04-07 15:59:00-04:00,SHORT,2.5073426855,567.2101000000,568.4740652005,583.0600000000,583.0144975118,568.5387386537,567.3150000000,567.2015370000,574.9100000000,575.0249820000,35,19852.0537950000,8.0000000000,2.7500000000,280.0000000000,96.2500000000,0.3437500000,575.3150000000,564.5650000000,FORCED_EOD,66,-265.8250000000,7.9955750000,0.2450000000,8.2405750000,-274.0655750000
META,QQQ,2026-04-08 12:00:00-04:00,2026-04-08 12:01:00-04:00,2026-04-08 12:12:00-04:00,SHORT,3.2143425369,599.6850000000,598.8155896945,606.1000000000,605.7675657900,599.5146242701,599.8300000000,599.7100340000,607.8300000000,607.9515660000,33,19790.4311220000,8.0000000000,2.7500000000,264.0000000000,90.7500000000,0.3437500000,607.8300000000,597.0800000000,STOP,11,-264.0000000000,7.9705560000,0.2310000000,8.2015560000,-272.2015560000
META,QQQ,2026-04-08 12:12:00-04:00,2026-04-08 12:13:00-04:00,2026-04-08 12:21:00-04:00,SHORT,4.5557994025,608.0600000000,599.3422633337,606.1688000000,605.7862569591,600.1473481920,608.0600000000,607.9383880000,616.0600000000,616.1832120000,32,19454.0284160000,8.0000000000,2.7500000000,256.0000000000,88.0000000000,0.3437500000,616.0600000000,605.3100000000,STOP,8,-256.0000000000,7.8343680000,0.2240000000,8.0583680000,-264.0583680000
META,QQQ,2026-04-08 12:21:00-04:00,2026-04-08 12:22:00-04:00,2026-04-08 12:39:00-04:00,SHORT,2.6475750497,616.3900000000,601.7487044509,605.8700000000,605.7866322907,601.9248611699,616.3000000000,616.1767400000,624.3000000000,624.4248600000,32,19717.6556800000,8.0000000000,2.7500000000,256.0000000000,88.0000000000,0.3437500000,624.3000000000,613.5500000000,STOP,17,-256.0000000000,7.9398400000,0.2240000000,8.1638400000,-264.1638400000
META,QQQ,2026-04-08 13:15:00-04:00,2026-04-08 13:16:00-04:00,2026-04-08 13:33:00-04:00,LONG,-2.5504067719,622.3600000000,610.6276154539,606.8900000000,605.9082692905,612.7322069139,622.3700000000,622.4944740000,625.1200000000,624.9949760000,32,19919.8231680000,8.0000000000,2.7500000000,256.0000000000,88.0000000000,0.3437500000,614.3700000000,625.1200000000,TAKE_PROFIT_BRACKET,17,88.0000000000,7.9839360000,0.2240000000,8.2079360000,79.7920640000
META,QQQ,2026-04-08 15:11:00-04:00,2026-04-08 15:12:00-04:00,2026-04-08 15:59:00-04:00,LONG,-2.8569652803,612.4200000000,612.3882671463,604.1250000000,605.7347200198,608.9264780562,612.4200000000,612.5424840000,612.6900000000,612.5674620000,32,19601.3594880000,8.0000000000,2.7500000000,256.0000000000,88.0000000000,0.3437500000,604.4200000000,615.1700000000,FORCED_EOD,47,8.6400000000,7.8407040000,0.2240000000,8.0647040000,0.5752960000
META,QQQ,2026-04-09 11:19:00-04:00,2026-04-09 11:20:00-04:00,2026-04-09 11:53:00-04:00,LONG,-2.5004713174,631.1250000000,627.4744150711,606.3650000000,604.7570279352,631.4964843793,631.0300000000,631.1562060000,633.7800000000,633.6532440000,31,19565.8423860000,8.0000000000,2.7500000000,248.0000000000,85.2500000000,0.3437500000,623.0300000000,633.7800000000,TAKE_PROFIT_BRACKET,33,85.2500000000,7.8418220000,0.2170000000,8.0588220000,77.1911780000
META,QQQ,2026-04-09 13:06:00-04:00,2026-04-09 13:07:00-04:00,2026-04-09 15:59:00-04:00,LONG,-3.1832660117,633.1700000000,629.4081813634,609.3200000000,606.3533928414,636.8319181346,633.2000000000,633.3266400000,628.2500000000,628.1243500000,31,19633.1258400000,8.0000000000,2.7500000000,248.0000000000,85.2500000000,0.3437500000,625.2000000000,635.9500000000,FORCED_EOD,172,-153.4500000000,7.8209900000,0.2170000000,8.0379900000,-161.4879900000
META,QQQ,2026-04-10 12:21:00-04:00,2026-04-10 12:22:00-04:00,2026-04-10 14:14:00-04:00,SHORT,2.6291088354,627.8250000000,631.9673619705,610.8150000000,611.9441787290,629.1702951221,627.8250000000,627.6994350000,625.0750000000,625.2000150000,31,19458.6824850000,8.0000000000,2.7500000000,248.0000000000,85.2500000000,0.3437500000,635.8250000000,625.0750000000,TAKE_PROFIT_BRACKET,112,85.2500000000,7.7679800000,0.2170000000,7.9849800000,77.2650200000
META,QQQ,2026-04-10 15:41:00-04:00,2026-04-10 15:42:00-04:00,2026-04-10 15:59:00-04:00,SHORT,2.8421908468,627.7300000000,630.1713573761,610.5400000000,611.4601329290,627.8967921147,627.7800000000,627.6544440000,629.8900000000,630.0159780000,31,19457.2877640000,8.0000000000,2.7500000000,248.0000000000,85.2500000000,0.3437500000,635.7800000000,625.0300000000,FORCED_EOD,17,-65.4100000000,7.7975540000,0.2170000000,8.0145540000,-73.4245540000
META,QQQ,2026-04-13 10:20:00-04:00,2026-04-13 10:21:00-04:00,2026-04-13 11:40:00-04:00,LONG,-2.7443979970,625.8737000000,628.7498274082,610.8012000000,610.3399728796,629.8275420604,626.0000000000,626.1252000000,628.7500000000,628.6242500000,31,19409.8812000000,8.0000000000,2.7500000000,248.0000000000,85.2500000000,0.3437500000,618.0000000000,628.7500000000,TAKE_PROFIT_BRACKET,79,85.2500000000,7.7794500000,0.2170000000,7.9964500000,77.2535500000
META,QQQ,2026-04-13 11:42:00-04:00,2026-04-13 11:43:00-04:00,2026-04-13 15:59:00-04:00,SHORT,2.6553481415,628.1900000000,627.8500363019,611.9900000000,610.9237192099,630.3355914774,628.1000000000,627.9743800000,634.5200000000,634.6469040000,31,19467.2057800000,8.0000000000,2.7500000000,248.0000000000,85.2500000000,0.3437500000,636.1000000000,625.3500000000,FORCED_EOD,256,-199.0200000000,7.8282440000,0.2170000000,8.0452440000,-207.0652440000
META,QQQ,2026-04-14 10:44:00-04:00,2026-04-14 10:45:00-04:00,2026-04-14 13:55:00-04:00,SHORT,2.5854539013,657.7400000000,649.3930756475,623.3000000000,622.3988856783,651.4123176523,657.6450000000,657.5134710000,665.6450000000,665.7781290000,30,19725.4041300000,8.0000000000,2.7500000000,240.0000000000,82.5000000000,0.3437500000,665.6450000000,654.8950000000,STOP,190,-240.0000000000,7.9397400000,0.2100000000,8.1497400000,-248.1497400000
META,QQQ,2026-04-14 13:55:00-04:00,2026-04-14 13:56:00-04:00,2026-04-14 14:10:00-04:00,SHORT,2.7770789207,666.0750000000,656.3671835006,627.4700000000,624.4076146586,663.2808454237,666.0750000000,665.9417850000,663.3250000000,663.4576650000,30,19978.2535500000,8.0000000000,2.7500000000,240.0000000000,82.5000000000,0.3437500000,674.0750000000,663.3250000000,TAKE_PROFIT_BRACKET,14,82.5000000000,7.9764000000,0.2100000000,8.1864000000,74.3136000000
META,QQQ,2026-04-14 15:18:00-04:00,2026-04-14 15:19:00-04:00,2026-04-14 15:59:00-04:00,LONG,-2.5531155028,661.7600000000,657.1908264780,627.7700000000,624.8283997421,663.8356586949,661.6900000000,661.8223380000,662.5500000000,662.4174900000,30,19854.6701400000,8.0000000000,2.7500000000,240.0000000000,82.5000000000,0.3437500000,653.6900000000,664.4400000000,FORCED_EOD,40,25.8000000000,7.9454400000,0.2100000000,8.1554400000,17.6445600000
META,QQQ,2026-04-15 12:30:00-04:00,2026-04-15 12:31:00-04:00,2026-04-15 12:43:00-04:00,SHORT,2.5049553545,676.3600000000,672.2725536351,633.3300000000,631.5654569932,676.5379305001,676.2800000000,676.1447440000,673.5300000000,673.6647060000,29,19608.1975760000,8.0000000000,2.7500000000,232.0000000000,79.7500000000,0.3437500000,684.2800000000,673.5300000000,TAKE_PROFIT_BRACKET,12,79.7500000000,7.8288980000,0.2030000000,8.0318980000,71.7181020000
META,QQQ,2026-04-15 12:45:00-04:00,2026-04-15 12:46:00-04:00,2026-04-15 13:58:00-04:00,SHORT,2.6064445855,673.6700000000,672.4252414622,632.0300000000,631.6819748438,673.2665480878,673.7400000000,673.6052520000,670.9900000000,671.1241980000,29,19534.5523080000,8.0000000000,2.7500000000,232.0000000000,79.7500000000,0.3437500000,681.7400000000,670.9900000000,TAKE_PROFIT_BRACKET,72,79.7500000000,7.7994340000,0.2030000000,8.0024340000,71.7475660000
META,QQQ,2026-04-15 15:05:00-04:00,2026-04-15 15:06:00-04:00,2026-04-15 15:59:00-04:00,LONG,-2.7360057937,674.0550000000,672.6627715601,636.0800000000,632.3947887457,681.5644037906,674.0200000000,674.1548040000,671.5600000000,671.4256880000,29,19550.4893160000,8.0000000000,2.7500000000,232.0000000000,79.7500000000,0.3437500000,666.0200000000,676.7700000000,FORCED_EOD,53,-71.3400000000,7.8043640000,0.2030000000,8.0073640000,-79.3473640000
META,QQQ,2026-04-16 11:02:00-04:00,2026-04-16 11:03:00-04:00,2026-04-16 11:15:00-04:00,LONG,-3.0547566754,671.5250000000,671.9809243596,638.9100000000,637.3143115342,675.0577532819,671.5900000000,671.7243180000,674.3400000000,674.2051320000,29,19480.0052220000,8.0000000000,2.7500000000,232.0000000000,79.7500000000,0.3437500000,663.5900000000,674.3400000000,TAKE_PROFIT_BRACKET,12,79.7500000000,7.8063940000,0.2030000000,8.0093940000,71.7406060000
META,QQQ,2026-04-16 12:23:00-04:00,2026-04-16 12:24:00-04:00,2026-04-16 12:33:00-04:00,SHORT,3.0936264037,676.4350000000,672.8785866142,641.2790000000,638.6811411970,677.8837715383,676.4550000000,676.3197090000,673.7050000000,673.8397410000,29,19613.2715610000,8.0000000000,2.7500000000,232.0000000000,79.7500000000,0.3437500000,684.4550000000,673.7050000000,TAKE_PROFIT_BRACKET,9,79.7500000000,7.8309280000,0.2030000000,8.0339280000,71.7160720000
META,QQQ,2026-04-16 12:33:00-04:00,2026-04-16 12:34:00-04:00,2026-04-16 15:59:00-04:00,SHORT,3.3143489797,673.4800000000,672.9970445314,639.2300000000,638.7731263500,673.8773118962,673.4800000000,673.3453040000,676.8100000000,676.9453620000,29,19527.0138160000,8.0000000000,2.7500000000,232.0000000000,79.7500000000,0.3437500000,681.4800000000,670.7300000000,FORCED_EOD,205,-96.5700000000,7.8316820000,0.2030000000,8.0346820000,-104.6046820000
META,QQQ,2026-04-17 12:00:00-04:00,2026-04-17 12:01:00-04:00,2026-04-17 15:40:00-04:00,SHORT,2.5018949886,682.9650000000,683.3996798973,647.9700000000,647.5119421922,684.3966668675,683.1000000000,682.9633800000,691.1000000000,691.2382200000,29,19805.9380200000,8.0000000000,2.7500000000,232.0000000000,79.7500000000,0.3437500000,691.1000000000,680.3500000000,STOP,219,-232.0000000000,7.9703600000,0.2030000000,8.1733600000,-240.1733600000
META,QQQ,2026-04-17 15:40:00-04:00,2026-04-17 15:41:00-04:00,2026-04-17 15:59:00-04:00,SHORT,5.1307356696,689.2800000000,683.9663941872,648.5100000000,647.8754314440,685.3479359082,689.3599000000,689.2220280200,688.6600000000,688.7977320000,29,19987.4388125800,8.0000000000,2.7500000000,232.0000000000,79.7500000000,0.3437500000,697.3599000000,686.6099000000,FORCED_EOD,18,20.2971000000,7.9925154200,0.2030000000,8.1955154200,12.1015845800
META,QQQ,2026-04-20 13:44:00-04:00,2026-04-20 13:45:00-04:00,2026-04-20 15:59:00-04:00,LONG,-2.8263998291,672.2550000000,674.4131896171,645.8850000000,645.6435795481,675.0396447697,672.2500000000,672.3844500000,670.9500000000,670.8158100000,29,19499.1490500000,8.0000000000,2.7500000000,232.0000000000,79.7500000000,0.3437500000,664.2500000000,675.0000000000,FORCED_EOD,134,-37.7000000000,7.7905600000,0.2030000000,7.9935600000,-45.6935600000
META,QQQ,2026-04-21 10:51:00-04:00,2026-04-21 10:52:00-04:00,2026-04-21 11:01:00-04:00,SHORT,2.6947023436,673.4400000000,673.2430387092,647.9000000000,648.2930245135,672.1068907106,673.5300000000,673.3952940000,670.7800000000,670.9141560000,29,19528.4635260000,8.0000000000,2.7500000000,232.0000000000,79.7500000000,0.3437500000,681.5300000000,670.7800000000,TAKE_PROFIT_BRACKET,9,79.7500000000,7.7969980000,0.2030000000,7.9999980000,71.7500020000
META,QQQ,2026-04-21 11:01:00-04:00,2026-04-21 11:02:00-04:00,2026-04-21 15:44:00-04:00,SHORT,2.9719292369,670.9950000000,673.1770313648,645.8200000000,648.1297158150,666.4991200052,671.1700000000,671.0357660000,668.4200000000,668.5536840000,29,19460.0372140000,8.0000000000,2.7500000000,232.0000000000,79.7500000000,0.3437500000,679.1700000000,668.4200000000,TAKE_PROFIT_BRACKET,282,79.7500000000,7.7696220000,0.2030000000,7.9726220000,71.7773780000
META,QQQ,2026-04-21 15:44:00-04:00,2026-04-21 15:45:00-04:00,2026-04-21 15:59:00-04:00,SHORT,2.9740362700,667.8350000000,672.2063333804,642.7500000000,646.6456519208,660.9335508235,667.8350000000,667.7014330000,668.9000000000,669.0337800000,29,19363.3415570000,8.0000000000,2.7500000000,232.0000000000,79.7500000000,0.3437500000,675.8350000000,665.0850000000,FORCED_EOD,14,-30.8850000000,7.7530630000,0.2030000000,7.9560630000,-38.8410630000
META,QQQ,2026-04-22 10:14:00-04:00,2026-04-22 10:15:00-04:00,2026-04-22 13:42:00-04:00,LONG,-2.6179923448,673.5050000000,673.1637251976,651.1400000000,649.7567382432,675.6247692444,673.6400000000,673.7747280000,676.3900000000,676.2547220000,29,19539.4671120000,8.0000000000,2.7500000000,232.0000000000,79.7500000000,0.3437500000,665.6400000000,676.3900000000,TAKE_PROFIT_BRACKET,207,79.7500000000,7.8301740000,0.2030000000,8.0331740000,71.7168260000
META,QQQ,2026-04-22 15:10:00-04:00,2026-04-22 15:11:00-04:00,2026-04-22 15:47:00-04:00,LONG,-3.0932325029,675.1550000000,674.8070311330,653.6000000000,652.1600536863,677.3657160503,675.2145000000,675.3495429000,677.9645000000,677.8289071000,29,19585.1367441000,8.0000000000,2.7500000000,232.0000000000,79.7500000000,0.3437500000,667.2145000000,677.9645000000,TAKE_PROFIT_BRACKET,36,79.7500000000,7.8484382000,0.2030000000,8.0514382000,71.6985618000
META,QQQ,2026-04-22 15:53:00-04:00,2026-04-22 15:54:00-04:00,2026-04-22 15:59:00-04:00,LONG,-2.5004132680,675.2200000000,675.0813657123,654.8850000000,652.4364331143,679.4322245282,675.2100000000,675.3450420000,674.6700000000,674.5350660000,29,19585.0062180000,8.0000000000,2.7500000000,232.0000000000,79.7500000000,0.3437500000,667.2100000000,677.9600000000,FORCED_EOD,5,-15.6600000000,7.8293040000,0.2030000000,8.0323040000,-23.6923040000
META,QQQ,2026-04-23 11:19:00-04:00,2026-04-23 11:20:00-04:00,2026-04-23 11:50:00-04:00,SHORT,2.5695336397,669.0500000000,663.3860378589,656.4400000000,654.1795984669,666.5251963116,669.1400000000,669.0061720000,666.3900000000,666.5232780000,29,19401.1789880000,8.0000000000,2.7500000000,232.0000000000,79.7500000000,0.3437500000,677.1400000000,666.3900000000,TAKE_PROFIT_BRACKET,30,79.7500000000,7.7460740000,0.2030000000,7.9490740000,71.8009260000
META,QQQ,2026-04-23 12:27:00-04:00,2026-04-23 12:28:00-04:00,2026-04-23 13:35:00-04:00,LONG,-2.7841626490,665.2700000000,664.2283533695,655.4300000000,654.5650759768,665.4303433667,665.2800000000,665.4130560000,668.0300000000,667.8963940000,30,19962.3916800000,8.0000000000,2.7500000000,240.0000000000,82.5000000000,0.3437500000,657.2800000000,668.0300000000,TAKE_PROFIT_BRACKET,67,82.5000000000,7.9998600000,0.2100000000,8.2098600000,74.2901400000
META,QQQ,2026-04-23 15:34:00-04:00,2026-04-23 15:35:00-04:00,2026-04-23 15:59:00-04:00,SHORT,2.5766468587,659.7700000000,661.7603334671,650.5498000000,652.2110499127,659.4519611153,659.5500000000,659.4180900000,659.3300000000,659.4618660000,30,19782.5427000000,8.0000000000,2.7500000000,240.0000000000,82.5000000000,0.3437500000,667.5500000000,656.8000000000,FORCED_EOD,24,6.6000000000,7.9132800000,0.2100000000,8.1232800000,-1.5232800000
META,QQQ,2026-04-24 11:26:00-04:00,2026-04-24 11:27:00-04:00,2026-04-24 12:58:00-04:00,SHORT,2.6459507257,671.2700000000,664.2955810787,660.8800000000,659.1592557576,666.9316487024,671.3000000000,671.1657400000,679.3000000000,679.4358600000,29,19463.8064600000,8.0000000000,2.7500000000,232.0000000000,79.7500000000,0.3437500000,679.3000000000,668.5500000000,STOP,91,-232.0000000000,7.8334800000,0.2030000000,8.0364800000,-240.0364800000
META,QQQ,2026-04-24 12:58:00-04:00,2026-04-24 12:59:00-04:00,2026-04-24 13:46:00-04:00,SHORT,2.5736384241,679.1800000000,668.6795130903,663.2600000000,660.2977028934,673.2396308586,679.2050000000,679.0691590000,676.4550000000,676.5902910000,29,19693.0056110000,8.0000000000,2.7500000000,232.0000000000,79.7500000000,0.3437500000,687.2050000000,676.4550000000,TAKE_PROFIT_BRACKET,47,79.7500000000,7.8628280000,0.2030000000,8.0658280000,71.6841720000
META,QQQ,2026-04-24 15:52:00-04:00,2026-04-24 15:53:00-04:00,2026-04-24 15:59:00-04:00,LONG,-2.5365230447,675.2250000000,671.7467448172,663.4200000000,661.4057344013,674.8564811191,675.2375000000,675.3725475000,674.8900000000,674.7550220000,29,19585.8038775000,8.0000000000,2.7500000000,232.0000000000,79.7500000000,0.3437500000,667.2375000000,677.9875000000,FORCED_EOD,6,-10.0775000000,7.8307395000,0.2030000000,8.0337395000,-18.1112395000
META,QQQ,2026-04-27 12:53:00-04:00,2026-04-27 12:54:00-04:00,2026-04-27 15:59:00-04:00,SHORT,2.6780828338,677.5655000000,676.1781499194,663.1400000000,662.4400000358,677.2659153431,677.7100000000,677.5744580000,678.4600000000,678.5956920000,29,19649.6592820000,8.0000000000,2.7500000000,232.0000000000,79.7500000000,0.3437500000,685.7100000000,674.9600000000,FORCED_EOD,185,-21.7500000000,7.8657860000,0.2030000000,8.0687860000,-29.8187860000
META,QQQ,2026-04-28 13:35:00-04:00,2026-04-28 13:36:00-04:00,2026-04-28 14:52:00-04:00,LONG,-3.4083316475,670.0400000000,670.7116775992,656.2890000000,656.2092373884,670.8119574279,670.0679000000,670.2019135800,672.8179000000,672.6833364200,29,19435.8554938200,8.0000000000,2.7500000000,232.0000000000,79.7500000000,0.3437500000,662.0679000000,672.8179000000,TAKE_PROFIT_BRACKET,76,79.7500000000,7.7887376400,0.2030000000,7.9917376400,71.7582623600
META,QQQ,2026-04-28 14:57:00-04:00,2026-04-28 14:58:00-04:00,2026-04-28 15:59:00-04:00,LONG,-2.5395669668,671.1439000000,670.7853201815,657.9250000000,656.3467678481,672.7693206718,671.2500000000,671.3842500000,671.1800000000,671.0457640000,29,19470.1432500000,8.0000000000,2.7500000000,232.0000000000,79.7500000000,0.3437500000,663.2500000000,674.0000000000,FORCED_EOD,61,-2.0300000000,7.7860940000,0.2030000000,7.9890940000,-10.0190940000
META,QQQ,2026-04-29 12:11:00-04:00,2026-04-29 12:12:00-04:00,2026-04-29 12:25:00-04:00,SHORT,2.5131394422,671.8200000000,670.0052760337,659.8250000000,659.3261451883,670.6016521867,671.7400000000,671.6056520000,668.9900000000,669.1237980000,29,19476.5639080000,8.0000000000,2.7500000000,232.0000000000,79.7500000000,0.3437500000,679.7400000000,668.9900000000,TAKE_PROFIT_BRACKET,13,79.7500000000,7.7762340000,0.2030000000,7.9792340000,71.7707660000
META,QQQ,2026-04-29 14:20:00-04:00,2026-04-29 14:21:00-04:00,2026-04-29 15:55:00-04:00,SHORT,2.6747386268,672.5700000000,670.0068692746,659.1800000000,659.0933212056,670.1105297952,672.5000000000,672.3655000000,669.7500000000,669.8839500000,29,19498.5995000000,8.0000000000,2.7500000000,232.0000000000,79.7500000000,0.3437500000,680.5000000000,669.7500000000,TAKE_PROFIT_BRACKET,94,79.7500000000,7.7850500000,0.2030000000,7.9880500000,71.7619500000
META,QQQ,2026-04-29 15:55:00-04:00,2026-04-29 15:56:00-04:00,2026-04-29 15:59:00-04:00,LONG,-4.4940389361,669.3350000000,670.7117399655,660.8400000000,659.3830316621,672.4552178144,669.3400000000,669.4738680000,669.9100000000,669.7760180000,29,19414.7421720000,8.0000000000,2.7500000000,232.0000000000,79.7500000000,0.3437500000,661.3400000000,672.0900000000,FORCED_EOD,3,16.5300000000,7.7676500000,0.2030000000,7.9706500000,8.5593500000
META,QQQ,2026-04-30 12:40:00-04:00,2026-04-30 12:41:00-04:00,2026-04-30 13:14:00-04:00,LONG,-3.2518148945,607.2100000000,605.8798849287,663.6400000000,661.2094819220,608.8504356922,607.2150000000,607.3364430000,609.9650000000,609.8430070000,32,19434.7661760000,8.0000000000,2.7500000000,256.0000000000,88.0000000000,0.3437500000,599.2150000000,609.9650000000,TAKE_PROFIT_BRACKET,33,88.0000000000,7.7899520000,0.2240000000,8.0139520000,79.9860480000
META,QQQ,2026-04-30 14:01:00-04:00,2026-04-30 14:02:00-04:00,2026-04-30 15:55:00-04:00,SHORT,2.7515625605,614.8300000000,606.3309060516,667.4200000000,662.0152076758,612.9334516943,614.8300000000,614.7070340000,612.0800000000,612.2024160000,32,19670.6250880000,8.0000000000,2.7500000000,256.0000000000,88.0000000000,0.3437500000,622.8300000000,612.0800000000,TAKE_PROFIT_BRACKET,113,88.0000000000,7.8522240000,0.2240000000,8.0762240000,79.9237760000
META,QQQ,2026-04-30 15:55:00-04:00,2026-04-30 15:56:00-04:00,2026-04-30 15:59:00-04:00,LONG,-2.5270493729,612.7700000000,608.4774398720,667.7600000000,663.4876016168,613.7034960320,612.7900000000,612.9125580000,612.0750000000,611.9525850000,32,19613.2018560000,8.0000000000,2.7500000000,256.0000000000,88.0000000000,0.3437500000,604.7900000000,615.5400000000,FORCED_EOD,3,-22.8800000000,7.8391360000,0.2240000000,8.0631360000,-30.9431360000
META,QQQ,2026-05-01 10:33:00-04:00,2026-05-01 10:34:00-04:00,2026-05-01 10:52:00-04:00,LONG,-2.8724216950,608.5950000000,612.6524257046,674.1400000000,673.5193439559,612.7967539401,608.5900000000,608.7117180000,611.3400000000,611.2177320000,32,19478.7749760000,8.0000000000,2.7500000000,256.0000000000,88.0000000000,0.3437500000,600.5900000000,611.3400000000,TAKE_PROFIT_BRACKET,18,88.0000000000,7.8075520000,0.2240000000,8.0315520000,79.9684480000
META,QQQ,2026-05-01 13:17:00-04:00,2026-05-01 13:18:00-04:00,2026-05-01 14:16:00-04:00,SHORT,2.6272864136,613.2900000000,612.0016890976,674.7000000000,673.9351929528,612.1792398819,613.2900000000,613.1673420000,610.5400000000,610.6621080000,32,19621.3549440000,8.0000000000,2.7500000000,256.0000000000,88.0000000000,0.3437500000,621.2900000000,610.5400000000,TAKE_PROFIT_BRACKET,58,88.0000000000,7.8325120000,0.2240000000,8.0565120000,79.9434880000
META,QQQ,2026-05-04 10:41:00-04:00,2026-05-04 10:42:00-04:00,2026-05-04 11:21:00-04:00,SHORT,3.2495236226,609.8250000000,605.8124634705,676.2620000000,675.0565320711,606.0288268300,609.8300000000,609.7080340000,607.0800000000,607.2014160000,32,19510.6570880000,8.0000000000,2.7500000000,256.0000000000,88.0000000000,0.3437500000,617.8300000000,607.0800000000,TAKE_PROFIT_BRACKET,39,88.0000000000,7.7882240000,0.2240000000,8.0122240000,79.9877760000
META,QQQ,2026-05-04 12:18:00-04:00,2026-05-04 12:19:00-04:00,2026-05-04 15:59:00-04:00,SHORT,3.2176009600,610.9100000000,607.6342752733,671.0500000000,673.7403796160,607.1489943201,610.9800000000,610.8578040000,610.5400000000,610.6621080000,32,19547.4497280000,8.0000000000,2.7500000000,256.0000000000,88.0000000000,0.3437500000,618.9800000000,608.2300000000,FORCED_EOD,220,14.0800000000,7.8177280000,0.2240000000,8.0417280000,6.0382720000
META,QQQ,2026-05-05 10:52:00-04:00,2026-05-05 10:53:00-04:00,2026-05-05 11:30:00-04:00,LONG,-2.5117609415,602.3503000000,606.6974411567,680.4900000000,680.0417673684,606.7774190650,602.2500000000,602.3704500000,605.0000000000,604.8790000000,33,19878.2248500000,8.0000000000,2.7500000000,264.0000000000,90.7500000000,0.3437500000,594.2500000000,605.0000000000,TAKE_PROFIT_BRACKET,37,90.7500000000,7.9678500000,0.2310000000,8.1988500000,82.5511500000
META,QQQ,2026-05-05 13:24:00-04:00,2026-05-05 13:25:00-04:00,2026-05-05 15:59:00-04:00,SHORT,3.0675406404,602.2900000000,604.4427533143,681.4200000000,680.6198149269,604.5848784943,602.2750000000,602.1545450000,605.0800000000,605.2010160000,33,19871.0999850000,8.0000000000,2.7500000000,264.0000000000,90.7500000000,0.3437500000,610.2750000000,599.5250000000,FORCED_EOD,154,-92.5650000000,7.9685430000,0.2310000000,8.1995430000,-100.7645430000
META,QQQ,2026-05-06 15:11:00-04:00,2026-05-06 15:12:00-04:00,2026-05-06 15:59:00-04:00,LONG,-2.7923223745,613.1800000000,611.0108573140,694.3700000000,691.0277819679,611.6018991096,613.1950000000,613.3176390000,612.5400000000,612.4174920000,32,19626.1644480000,8.0000000000,2.7500000000,256.0000000000,88.0000000000,0.3437500000,605.1950000000,615.9450000000,FORCED_EOD,47,-20.9600000000,7.8447040000,0.2240000000,8.0687040000,-29.0287040000
META,QQQ,2026-05-07 10:15:00-04:00,2026-05-07 10:16:00-04:00,2026-05-07 10:52:00-04:00,LONG,-2.9104690462,620.4000000000,620.9129450697,698.4600000000,697.1413889760,621.6288406148,620.5200000000,620.6441040000,623.2700000000,623.1453460000,32,19860.6113280000,8.0000000000,2.7500000000,256.0000000000,88.0000000000,0.3437500000,612.5200000000,623.2700000000,TAKE_PROFIT_BRACKET,36,88.0000000000,7.9602560000,0.2240000000,8.1842560000,79.8157440000
META,QQQ,2026-05-07 13:09:00-04:00,2026-05-07 13:10:00-04:00,2026-05-07 15:50:00-04:00,LONG,-2.9733715590,615.0300000000,620.7205101546,694.9000000000,697.5848270284,619.2642515922,615.0000000000,615.1230000000,617.7500000000,617.6264500000,32,19683.9360000000,8.0000000000,2.7500000000,256.0000000000,88.0000000000,0.3437500000,607.0000000000,617.7500000000,TAKE_PROFIT_BRACKET,160,88.0000000000,7.8896000000,0.2240000000,8.1136000000,79.8864000000
META,QQQ,2026-05-08 12:06:00-04:00,2026-05-08 12:07:00-04:00,2026-05-08 15:59:00-04:00,SHORT,2.6776767733,609.5966000000,611.6440808789,707.7300000000,705.5259245784,612.0262382564,609.5869000000,609.4649826200,609.6600000000,609.7819320000,32,19502.8794438400,8.0000000000,2.7500000000,256.0000000000,88.0000000000,0.3437500000,617.5869000000,606.8369000000,FORCED_EOD,232,-2.3392000000,7.8031801600,0.2240000000,8.0271801600,-10.3663801600
META,QQQ,2026-05-11 10:52:00-04:00,2026-05-11 10:53:00-04:00,2026-05-11 11:51:00-04:00,LONG,-2.8406976423,600.4700000000,601.9277296935,712.2800000000,711.6138534745,602.0404234146,600.4840000000,600.6040968000,603.2340000000,603.1133532000,33,19819.9351944000,8.0000000000,2.7500000000,264.0000000000,90.7500000000,0.3437500000,592.4840000000,603.2340000000,TAKE_PROFIT_BRACKET,58,90.7500000000,7.9445388000,0.2310000000,8.1755388000,82.5744612000
META,QQQ,2026-05-11 12:40:00-04:00,2026-05-11 12:41:00-04:00,2026-05-11 13:06:00-04:00,SHORT,2.7313607735,604.3500000000,602.0063101897,713.5000000000,712.2309035791,602.2208484946,604.3200000000,604.1991360000,601.5700000000,601.6903140000,33,19938.5714880000,8.0000000000,2.7500000000,264.0000000000,90.7500000000,0.3437500000,612.3200000000,601.5700000000,TAKE_PROFIT_BRACKET,25,90.7500000000,7.9588740000,0.2310000000,8.1898740000,82.5601260000
META,QQQ,2026-05-11 13:11:00-04:00,2026-05-11 13:12:00-04:00,2026-05-11 15:59:00-04:00,LONG,-2.6823168599,600.8900000000,602.0251387961,712.7300000000,712.2919687705,602.0991830991,600.8400000000,600.9601680000,598.8500000000,598.7302300000,33,19831.6855440000,8.0000000000,2.7500000000,264.0000000000,90.7500000000,0.3437500000,592.8400000000,603.5900000000,FORCED_EOD,167,-65.6700000000,7.9179540000,0.2310000000,8.1489540000,-73.8189540000
META,QQQ,2026-05-12 13:05:00-04:00,2026-05-12 13:06:00-04:00,2026-05-12 15:23:00-04:00,LONG,-3.0907716041,598.7400000000,599.4655419422,698.4400000000,702.9663985346,598.6935505763,598.7000000000,598.8197400000,601.4500000000,601.3297100000,33,19761.0514200000,8.0000000000,2.7500000000,264.0000000000,90.7500000000,0.3437500000,590.7000000000,601.4500000000,TAKE_PROFIT_BRACKET,137,90.7500000000,7.9209900000,0.2310000000,8.1519900000,82.5980100000
META,QQQ,2026-05-12 15:23:00-04:00,2026-05-12 15:24:00-04:00,2026-05-12 15:59:00-04:00,SHORT,2.6335624412,601.4050000000,599.4311306832,703.6700000000,702.5180062800,599.6277209177,601.4050000000,601.2847190000,603.1000000000,603.2206200000,33,19842.3957270000,8.0000000000,2.7500000000,264.0000000000,90.7500000000,0.3437500000,609.4050000000,598.6550000000,FORCED_EOD,35,-55.9350000000,7.9497330000,0.2310000000,8.1807330000,-64.1157330000
META,QQQ,2026-05-13 11:43:00-04:00,2026-05-13 11:44:00-04:00,2026-05-13 13:51:00-04:00,SHORT,2.8443896215,608.6800000000,604.0741972132,712.1070000000,708.7857258407,604.6403192296,608.6950000000,608.5732610000,616.6950000000,616.8183390000,32,19474.3443520000,8.0000000000,2.7500000000,256.0000000000,88.0000000000,0.3437500000,616.6950000000,605.9450000000,STOP,127,-256.0000000000,7.8424960000,0.2240000000,8.0664960000,-264.0664960000
META,QQQ,2026-05-13 14:13:00-04:00,2026-05-13 14:14:00-04:00,2026-05-13 15:59:00-04:00,SHORT,2.6061551058,617.3000000000,608.2284701949,715.4900000000,710.5668751685,609.0712859212,617.2500000000,617.1265500000,616.6300000000,616.7533260000,32,19748.0496000000,8.0000000000,2.7500000000,256.0000000000,88.0000000000,0.3437500000,625.2500000000,614.5000000000,FORCED_EOD,105,19.8400000000,7.8968320000,0.2240000000,8.1208320000,11.7191680000
META,QQQ,2026-05-14 10:02:00-04:00,2026-05-14 10:03:00-04:00,2026-05-14 14:04:00-04:00,SHORT,2.5657464011,620.4950000000,617.3522769893,717.4000000000,717.4128791804,617.3500604160,620.4650000000,620.3409070000,617.7150000000,617.8385430000,32,19850.9090240000,8.0000000000,2.7500000000,256.0000000000,88.0000000000,0.3437500000,628.4650000000,617.7150000000,TAKE_PROFIT_BRACKET,241,88.0000000000,7.9243520000,0.2240000000,8.1483520000,79.8516480000
META,QQQ,2026-05-14 14:08:00-04:00,2026-05-14 14:09:00-04:00,2026-05-14 15:59:00-04:00,LONG,-2.5144891944,617.6500000000,620.1397063967,719.0362000000,719.3723964674,620.0817423214,617.6200000000,617.7435240000,618.4300000000,618.3063140000,32,19767.7927680000,8.0000000000,2.7500000000,256.0000000000,88.0000000000,0.3437500000,609.6200000000,620.3700000000,FORCED_EOD,110,25.9200000000,7.9107200000,0.2240000000,8.1347200000,17.7852800000
META,QQQ,2026-05-15 11:39:00-04:00,2026-05-15 11:40:00-04:00,2026-05-15 12:31:00-04:00,LONG,-2.9122901906,613.4350000000,613.0148753242,711.4300000000,709.7894946873,613.2982422005,613.4000000000,613.5226800000,616.1500000000,616.0267700000,32,19632.7257600000,8.0000000000,2.7500000000,256.0000000000,88.0000000000,0.3437500000,605.4000000000,616.1500000000,TAKE_PROFIT_BRACKET,51,88.0000000000,7.8691200000,0.2240000000,8.0931200000,79.9068800000
META,QQQ,2026-05-15 12:36:00-04:00,2026-05-15 12:37:00-04:00,2026-05-15 15:44:00-04:00,SHORT,2.6747609938,616.9900000000,613.1418701106,711.4200000000,709.9262582073,613.3998900459,616.9550000000,616.8316090000,614.2050000000,614.3278410000,32,19738.6114880000,8.0000000000,2.7500000000,256.0000000000,88.0000000000,0.3437500000,624.9550000000,614.2050000000,TAKE_PROFIT_BRACKET,187,88.0000000000,7.8794240000,0.2240000000,8.1034240000,79.8965760000
META,QQQ,2026-05-15 15:44:00-04:00,2026-05-15 15:45:00-04:00,2026-05-15 15:59:00-04:00,LONG,-2.6006039718,614.1900000000,614.8567190111,710.4800000000,710.9466724459,614.7759994016,614.1600000000,614.2828320000,614.2900000000,614.1671420000,32,19657.0506240000,8.0000000000,2.7500000000,256.0000000000,88.0000000000,0.3437500000,606.1600000000,616.9100000000,FORCED_EOD,14,4.1600000000,7.8620800000,0.2240000000,8.0860800000,-3.9260800000
META,QQQ,2026-05-18 11:01:00-04:00,2026-05-18 11:02:00-04:00,2026-05-18 11:40:00-04:00,LONG,-3.6599738575,606.8552000000,608.5051548770,705.2024000000,707.4308674491,607.5284173859,606.7000000000,606.8213400000,609.4500000000,609.3281100000,32,19418.2828800000,8.0000000000,2.7500000000,256.0000000000,88.0000000000,0.3437500000,598.7000000000,609.4500000000,TAKE_PROFIT_BRACKET,38,88.0000000000,7.7833600000,0.2240000000,8.0073600000,79.9926400000
META,QQQ,2026-05-18 13:15:00-04:00,2026-05-18 13:16:00-04:00,2026-05-18 14:55:00-04:00,SHORT,2.9130637006,611.4200000000,608.5649361200,703.2200000000,705.3892475424,607.6113091793,611.4200000000,611.2977160000,608.6700000000,608.7917340000,32,19561.5269120000,8.0000000000,2.7500000000,256.0000000000,88.0000000000,0.3437500000,619.4200000000,608.6700000000,TAKE_PROFIT_BRACKET,99,88.0000000000,7.8085760000,0.2240000000,8.0325760000,79.9674240000
META,QQQ,2026-05-18 14:59:00-04:00,2026-05-18 15:00:00-04:00,2026-05-18 15:01:00-04:00,LONG,-2.6472840169,607.4250000000,609.3336970681,699.5601000000,704.5687198194,607.1264994823,607.5100000000,607.6315020000,610.2600000000,610.1379480000,32,19444.2080640000,8.0000000000,2.7500000000,256.0000000000,88.0000000000,0.3437500000,599.5100000000,610.2600000000,TAKE_PROFIT_BRACKET,1,88.0000000000,7.7937280000,0.2240000000,8.0177280000,79.9822720000
META,QQQ,2026-05-19 12:30:00-04:00,2026-05-19 12:31:00-04:00,2026-05-19 15:59:00-04:00,LONG,-2.5968389700,602.1300000000,607.0387713810,701.5800000000,699.2640580396,608.6037913590,602.1300000000,602.2504260000,602.7500000000,602.6294500000,33,19874.2640580000,8.0000000000,2.7500000000,264.0000000000,90.7500000000,0.3437500000,594.1300000000,604.8800000000,FORCED_EOD,208,20.4600000000,7.9522080000,0.2310000000,8.1832080000,12.2767920000
META,QQQ,2026-05-20 10:50:00-04:00,2026-05-20 10:51:00-04:00,2026-05-20 15:59:00-04:00,SHORT,2.9851544086,603.5200000000,600.8168557130,708.1200000000,706.7733688263,602.0361221724,603.6400000000,603.5192720000,604.8700000000,604.9909740000,33,19916.1359760000,8.0000000000,2.7500000000,264.0000000000,90.7500000000,0.3437500000,611.6400000000,600.8900000000,FORCED_EOD,308,-40.5900000000,7.9761660000,0.2310000000,8.2071660000,-48.7971660000
META,QQQ,2026-05-21 11:03:00-04:00,2026-05-21 11:04:00-04:00,2026-05-21 13:41:00-04:00,SHORT,2.6555974397,600.6600000000,597.9978962862,708.7700000000,709.3799357852,597.7615144628,600.6600000000,600.5398680000,608.6600000000,608.7817320000,33,19817.8156440000,8.0000000000,2.7500000000,264.0000000000,90.7500000000,0.3437500000,608.6600000000,597.9100000000,STOP,157,-264.0000000000,7.9815120000,0.2310000000,8.2125120000,-272.2125120000
META,QQQ,2026-05-21 14:38:00-04:00,2026-05-21 14:39:00-04:00,2026-05-21 15:59:00-04:00,LONG,-2.7997614422,607.5701000000,601.1376827834,714.6100000000,711.0905426714,602.5055185727,607.6850000000,607.8065370000,607.6500000000,607.5284700000,32,19449.8091840000,8.0000000000,2.7500000000,256.0000000000,88.0000000000,0.3437500000,599.6850000000,610.4350000000,FORCED_EOD,80,-1.1200000000,7.7781440000,0.2240000000,8.0021440000,-9.1221440000
