trade_id,ticker,direction,entry_time,entry_price,exit_time,exit_price,shares,position_value,gross_pnl,commission,slippage,net_pnl,return_pct,exit_reason,duration_bars,entry_z_score,exit_z_score
1,NVDA,1,2024-08-22 11:32:00-04:00,127.615518,2024-08-22 11:39:00-04:00,126.32443640506331,156,19904.04,-193.48580997212002,1.092,7.922918838002829,-202.50072881012287,-0.010173850575567717,STOP_LOSS,7,-2.9858776035869274,-3.1947916973645163
2,NVDA,1,2024-08-22 15:20:00-04:00,124.02980099999999,2024-08-22 15:46:00-04:00,123.42531000000001,161,19964.805,-89.35499999999881,1.127,7.9680509999982405,-98.45005099999705,-0.004931180194346854,TAKE_PROFIT,26,-2.847151302158238,1.8643106813838752
3,NVDA,-1,2024-08-22 15:51:00-04:00,123.645266,2024-08-22 15:56:00-04:00,123.464688,161,19910.87,37.03000000000064,1.127,7.956941999998833,27.946058000001806,0.0014035578555834983,FORCED_EOD,5,0.4956850271047233,-0.4732052591872715
4,NVDA,1,2024-08-23 12:48:00-04:00,126.92538,2024-08-23 13:17:00-04:00,127.62447,157,19923.3,117.75,1.099,7.992870000000281,108.65812999999972,0.005453821907013382,TAKE_PROFIT,29,-2.574025292056956,1.2746772051110222
5,NVDA,-1,2024-08-23 14:04:00-04:00,128.37432,2024-08-23 14:35:00-04:00,128.485692,155,19902.0,-9.300000000000352,1.085,7.962659999997896,-18.34765999999825,-0.0009219003115263918,TAKE_PROFIT,31,2.3838837591963085,-1.2589082650202026
6,NVDA,1,2024-08-23 15:00:00-04:00,128.305656,2024-08-23 15:26:00-04:00,128.764242,155,19883.4,79.04999999999859,1.085,7.969169999999082,69.99582999999951,0.003520314936077306,TAKE_PROFIT,26,-2.5441828994693507,-0.31808555708014163
7,NVDA,1,2024-08-23 15:32:00-04:00,128.570709,2024-08-23 15:39:00-04:00,128.594276,155,19924.475,11.625000000002643,1.085,7.972115000000457,2.5678850000021853,0.00012888093663708506,TAKE_PROFIT,7,-3.0861708902921983,0.7357739728261703
8,NVDA,1,2024-08-26 13:03:00-04:00,126.69753444,2024-08-26 13:23:00-04:00,126.694656,157,19887.5354,7.504599999999243,1.099,7.9565150799997895,-1.5509150800005465,-7.798427752895647e-05,TAKE_PROFIT,20,-2.186911024354437,0.09970976451604073
9,NVDA,1,2024-08-26 15:46:00-04:00,126.29025299999999,2024-08-26 15:49:00-04:00,126.364722,158,19949.87,19.75,1.106,7.9838979999987885,10.66010200000121,0.0005343444343246954,TAKE_PROFIT,3,-1.4567442039450191,1.6718497162557302
10,NVDA,1,2024-08-27 11:42:00-04:00,127.69613412,2024-08-27 11:46:00-04:00,127.864422,156,19916.6136,34.22640000000115,1.092,7.973490719999859,25.16090928000129,0.001263312618566908,TAKE_PROFIT,4,-1.4427487630341491,1.0970811261075526
11,NVDA,1,2024-08-27 13:37:00-04:00,128.80595604,2024-08-27 13:43:00-04:00,128.76434198,155,19960.931,1.5344999999980757,1.085,7.984679299998163,-7.535179300000087,-0.00037749638531389576,TAKE_PROFIT,6,-1.7409084819083063,0.5989229712674184
12,NVDA,1,2024-08-27 14:14:00-04:00,128.680731,2024-08-27 14:40:00-04:00,128.43430800000002,155,19941.525,-30.224999999998943,1.085,7.970564999999965,-39.28056499999891,-0.0019697874159573508,TAKE_PROFIT,26,-2.269091338426967,0.6553684199077011
13,NVDA,1,2024-08-28 10:47:00-04:00,125.845164,2024-08-28 11:04:00-04:00,124.57199301265823,158,19879.559999999998,-193.24784156831305,1.106,7.913174431686826,-202.26701599999987,-0.010174622375947953,STOP_LOSS,17,-2.118953824338092,-1.8857904650301158
14,NVDA,1,2024-08-28 13:55:00-04:00,124.599915,2024-08-28 14:01:00-04:00,124.04528598,160,19932.0,-80.78400000000101,1.12,7.95664319999787,-89.86064319999889,-0.004508360585992318,TAKE_PROFIT,6,-1.9356413058716793,1.2021796288456712
15,NVDA,1,2024-08-28 14:43:00-04:00,124.76494799999999,2024-08-28 14:51:00-04:00,124.97000100000001,160,19958.399999999998,40.800000000001546,1.12,7.991519999998218,31.68848000000333,0.0015877264710599714,TAKE_PROFIT,8,-1.1109127059639952,0.6762240883493907
16,NVDA,1,2024-08-29 11:23:00-04:00,121.184232,2024-08-29 11:41:00-04:00,121.65566400000002,165,19991.399999999998,85.80000000000169,1.155,8.013719999998159,76.63128000000353,0.0038332122812811276,TAKE_PROFIT,18,-2.356421673804085,0.12659971688844776
17,NVDA,1,2024-08-29 12:43:00-04:00,121.15332581999999,2024-08-29 13:06:00-04:00,120.72585000000001,165,19986.301499999998,-62.55149999999901,1.155,7.982010299998308,-71.68851029999732,-0.003586882260332024,TAKE_PROFIT,23,-2.3779188338661013,1.012847050841616
18,NVDA,-1,2024-08-30 14:28:00-04:00,118.64626600000001,2024-08-30 14:46:00-04:00,118.87266978,168,19936.56,-30.055199999999786,1.176,7.980635039997537,-39.211835039997325,-0.0019668305384678863,TAKE_PROFIT,18,1.8125857684177142,0.07799925782711685
19,NVDA,1,2024-09-03 10:45:00-04:00,110.5221,2024-09-03 11:00:00-04:00,109.40395189873418,180,19890.0,-193.3493280934664,1.26,7.91733013438062,-202.526658227847,-0.01018233575806169,STOP_LOSS,15,-2.6640526889559624,-1.3286348207003147
20,NVDA,1,2024-09-03 12:10:00-04:00,110.28205200000001,2024-09-03 12:38:00-04:00,110.12297099999999,181,19957.06,-20.815000000001646,1.2670000000000001,7.978661000001011,-30.060661000002657,-0.0015062670052604268,TAKE_PROFIT,28,-1.9318617262791,1.5528257382953965
21,NVDA,-1,2024-09-03 12:44:00-04:00,110.35032552,2024-09-03 13:00:00-04:00,110.197035,181,19977.4044,35.729400000000325,1.2670000000000001,7.983815880000549,26.478584119999773,0.0013254266465166904,TAKE_PROFIT,16,2.688049907692965,0.3506568822115217
22,NVDA,1,2024-09-03 13:50:00-04:00,109.781952,2024-09-03 14:09:00-04:00,108.67129194936709,182,19976.32,-194.1884389029707,1.274,7.951690312219995,-203.41412921519068,-0.010182762851976274,STOP_LOSS,19,-2.9574231002382256,-1.9401390723722953
23,NVDA,-1,2024-09-04 12:12:00-04:00,108.243347,2024-09-04 12:43:00-04:00,108.89187401999999,184,19920.76,-111.33839999999873,1.288,7.990571679999221,-120.61697167999795,-0.00605483785156781,TAKE_PROFIT,31,2.644116358179645,-0.7836396660540503
24,NVDA,1,2024-09-04 12:48:00-04:00,108.41197806,2024-09-04 12:58:00-04:00,108.803235,184,19943.8152,79.9848000000012,1.288,7.993523040000241,70.70327696000096,0.003545122949193841,TAKE_PROFIT,10,-2.6079134274588247,0.8902081419814953
25,NVDA,1,2024-09-04 14:00:00-04:00,108.736743,2024-09-04 14:33:00-04:00,107.63665729113924,183,19894.845,-193.39642600672042,1.281,7.9192587147987155,-202.59668472151913,-0.010183375880612244,STOP_LOSS,33,-2.551755724320283,-1.8626723923991433
26,NVDA,-1,2024-09-04 15:54:00-04:00,106.74364700000001,2024-09-04 15:56:00-04:00,106.406277,187,19965.055,71.05999999999915,1.309,7.971809999997831,61.77919000000132,0.003094366131222845,FORCED_EOD,2,3.010809466195032,1.0217008584059823
27,NVDA,1,2024-09-05 12:53:00-04:00,106.941384,2024-09-05 13:41:00-04:00,106.798636,187,19994.04,-18.700000000001594,1.309,7.993875999997925,-28.00287599999952,-0.00140056116722781,TAKE_PROFIT,48,-2.54679222737927,0.9213811027912036
28,NVDA,1,2024-09-06 11:37:00-04:00,102.110418,2024-09-06 11:57:00-04:00,101.919612,195,19907.55,-29.25000000000111,1.365,7.957169999997902,-38.572169999999005,-0.0019375648937211764,TAKE_PROFIT,20,-2.663214263401925,0.09316052162593909
29,NVDA,1,2024-09-06 12:04:00-04:00,101.205237,2024-09-06 12:09:00-04:00,101.719652,197,19933.445,109.33499999999854,1.379,7.995244999998619,99.96075499999992,0.005014725502791912,TAKE_PROFIT,5,-2.848437994159508,0.6002910166532833
30,NVDA,1,2024-09-09 12:32:00-04:00,105.56370851999999,2024-09-09 12:54:00-04:00,105.848826,189,19947.5514,61.878600000002166,1.323,7.991396280000103,52.56420372000206,0.0026351206053291366,TAKE_PROFIT,22,-2.6028860277542165,0.6827361602303207
31,NVDA,-1,2024-09-09 14:01:00-04:00,105.298936,2024-09-09 14:29:00-04:00,105.00089598,189,19905.48,64.27889999999859,1.323,7.949336219998216,55.00656378000037,0.002763387960501348,TAKE_PROFIT,28,2.557696816877562,-1.0025251418278456
32,NVDA,1,2024-09-10 11:27:00-04:00,107.15212614000001,2024-09-10 11:50:00-04:00,106.06807194278481,186,19926.3102,-193.70229706143743,1.302,7.931783620588902,-202.93608068202633,-0.010184328089102333,STOP_LOSS,23,-3.0291901775154706,0.9982351543249347
33,NVDA,1,2024-09-10 14:03:00-04:00,106.97139,2024-09-10 14:06:00-04:00,106.98859800000001,186,19892.7,11.160000000000423,1.302,7.95931199999842,1.8986880000020037,9.54464703133312e-05,TAKE_PROFIT,3,-2.0064582996873206,1.0060517076944098
34,NVDA,1,2024-09-10 15:16:00-04:00,107.2119381,2024-09-10 15:28:00-04:00,107.363523,186,19937.433,36.17700000000093,1.302,7.982208600000348,26.892791400000583,0.001348859273909564,TAKE_PROFIT,12,-2.2759826317906184,-0.201926499097048
35,NVDA,-1,2024-09-11 10:27:00-04:00,109.538088,2024-09-11 10:40:00-04:00,108.131622,182,19939.920000000002,263.90000000000055,1.274,7.923187999998902,254.70281200000164,0.012773512230741227,TAKE_PROFIT,13,2.7128756051067793,-0.24169525951972276
36,NVDA,1,2024-09-11 11:49:00-04:00,110.53210200000001,2024-09-11 11:53:00-04:00,110.587878,180,19891.8,17.999999999998977,1.26,7.960319999999967,8.779679999999008,0.0004413718215545606,TAKE_PROFIT,4,-2.5101038737446455,1.5375340805203777
37,NVDA,1,2024-09-11 14:29:00-04:00,115.36316802,2024-09-11 14:59:00-04:00,115.06688202000001,173,19953.837300000003,-43.28460000000115,1.211,7.972877999997976,-52.46847799999912,-0.0026294931251142914,TAKE_PROFIT,30,-1.6359629482859697,0.45842300277255593
38,NVDA,-1,2024-09-11 15:36:00-04:00,116.25174500000001,2024-09-11 15:42:00-04:00,115.833162,172,19999.3,79.98000000000059,1.204,7.98372399999846,70.79227600000213,0.0035397376908192853,TAKE_PROFIT,6,2.606127492149888,-0.12938107682655314
39,NVDA,1,2024-09-12 15:42:00-04:00,119.703936,2024-09-12 15:56:00-04:00,119.261143,167,19986.56,-65.96500000000171,1.169,7.9814309999974,-75.1154309999991,-0.0037582971256684044,FORCED_EOD,14,-1.8838425091592792,-1.6703735721336315
40,NVDA,-1,2024-09-13 14:02:00-04:00,118.706254,2024-09-13 14:08:00-04:00,118.943784,168,19946.64,-31.919999999999618,1.176,7.985039999999117,-41.08103999999874,-0.0020595468710519036,TAKE_PROFIT,6,0.716155141926333,-0.8039087248320301
41,NVDA,1,2024-09-13 15:44:00-04:00,118.783752,2024-09-13 15:56:00-04:00,119.06608202,168,19951.68,55.423199999999156,1.176,7.991756640000972,46.25544335999818,0.0023183733580329166,FORCED_EOD,12,-2.969964765573037,-0.056034471328730566
42,NVDA,1,2024-09-16 14:59:00-04:00,116.24324399999999,2024-09-16 15:05:00-04:00,116.39171700000001,172,19989.84,33.54000000000127,1.204,8.002643999997133,24.333356000004137,0.0012172861813803482,TAKE_PROFIT,6,-2.4425642785192725,1.1147254084378173
43,NVDA,-1,2024-09-17 12:50:00-04:00,115.806834,2024-09-17 13:13:00-04:00,115.943184,172,19922.76,-15.480000000000587,1.204,7.972200000000669,-24.656200000001256,-0.0012375895709229674,TAKE_PROFIT,23,3.0910886996720492,-0.8675132054471874
44,NVDA,1,2024-09-17 13:19:00-04:00,115.87337004,2024-09-17 13:42:00-04:00,115.59687600000001,172,19926.2344,-39.59439999999938,1.204,7.9625748799986695,-48.76097487999805,-0.0024470742389740255,TAKE_PROFIT,23,-2.4370775252113166,0.7267503763416708
45,NVDA,1,2024-09-17 13:53:00-04:00,115.403076,2024-09-17 14:15:00-04:00,115.391917,173,19960.739999999998,6.055000000001868,1.211,7.98550700000051,-3.141506999998642,-0.00015738429537174683,TAKE_PROFIT,22,-2.14322501289774,-0.10265244467876783
46,NVDA,-1,2024-09-17 14:50:00-04:00,115.1314691,2024-09-17 15:15:00-04:00,115.543104,173,19921.7285,-63.23149999999953,1.211,7.981337699999727,-72.42383769999925,-0.003635419371366257,TAKE_PROFIT,25,2.089920428923301,-1.0482900135835054
47,NVDA,-1,2024-09-18 12:42:00-04:00,114.74634614,2024-09-18 12:49:00-04:00,114.802956,174,19969.8582,-1.8617999999999881,1.218,7.988315639999087,-11.068115639999075,-0.000554241073178931,TAKE_PROFIT,7,1.661203932037928,-0.7375672047502957
48,NVDA,1,2024-09-19 10:29:00-04:00,119.253846,2024-09-19 10:48:00-04:00,118.75604403999999,167,19911.41,-75.18340000000158,1.169,7.9495273199990635,-84.30192732000064,-0.0042338502054852295,TAKE_PROFIT,19,-2.6595259433590654,0.16682039940316276
49,NVDA,1,2024-09-19 11:51:00-04:00,119.27385,2024-09-19 11:53:00-04:00,118.936208,167,19914.75,-48.430000000001044,1.169,7.956213999999363,-57.555214000000404,-0.002890079664570251,TAKE_PROFIT,2,-1.2724139053949812,0.43101251012372455
50,NVDA,-1,2024-09-19 12:59:00-04:00,119.4096133,2024-09-19 13:26:00-04:00,119.503896,167,19945.3945,-7.765500000001481,1.169,7.979710899997471,-16.914210899998952,-0.0008480258888837196,TAKE_PROFIT,27,2.7094807141177086,-0.13093788947945817
51,NVDA,-1,2024-09-19 14:17:00-04:00,118.75624400000001,2024-09-19 14:38:00-04:00,118.868769,168,19955.04,-10.919999999999618,1.176,7.98419999999885,-20.08019999999847,-0.0010062720996800042,TAKE_PROFIT,21,2.6567009776238786,-0.4399605656582704
52,NVDA,1,2024-09-20 10:24:00-04:00,116.92338000000001,2024-09-20 10:48:00-04:00,116.86162300000001,171,19989.9,-2.565000000000097,1.197,7.995446999999913,-11.75744700000001,-0.0005881693755346454,TAKE_PROFIT,24,-2.645832280184096,1.083254541159443
53,NVDA,1,2024-09-20 15:40:00-04:00,116.833362,2024-09-20 15:56:00-04:00,116.096776,171,19974.510000000002,-117.98999999999961,1.197,7.966205999998408,-127.15320599999802,-0.006365773478297991,FORCED_EOD,16,-2.4985304882877934,-0.06255540233908642
54,NVDA,1,2024-09-23 10:44:00-04:00,115.393074,2024-09-23 11:03:00-04:00,115.311933,173,19959.010000000002,-6.055000000001868,1.211,7.982392999998538,-15.248393000000407,-0.00076398543815552,TAKE_PROFIT,19,-2.5502286957201408,0.3156921414565768
55,NVDA,-1,2024-09-23 12:17:00-04:00,115.601875,2024-09-23 12:26:00-04:00,115.68813300000001,173,20003.125,-6.920000000001082,1.211,8.002633999999063,-16.133634000000143,-0.0008065556756756829,TAKE_PROFIT,9,1.6284035565541817,-0.8614424820400204
56,NVDA,1,2024-09-24 10:44:00-04:00,115.493094,2024-09-24 11:18:00-04:00,116.62667,173,19976.31,204.14000000000118,1.211,8.031352000000311,194.89764800000086,0.009756438901879319,TAKE_PROFIT,34,-3.501065202972293,0.31336192295433074
57,NVDA,-1,2024-09-24 13:25:00-04:00,121.22575,2024-09-24 14:03:00-04:00,121.414278,164,19885.0,-22.960000000000093,1.1480000000000001,7.9585919999984185,-32.06659199999851,-0.0016126020618555952,TAKE_PROFIT,38,1.4849260022196156,1.7976415075336587
58,NVDA,1,2024-09-24 15:10:00-04:00,121.12422,2024-09-24 15:44:00-04:00,120.75584400000001,165,19981.5,-52.799999999998875,1.155,7.98203999999842,-61.937039999997296,-0.0030997192402971397,TAKE_PROFIT,34,-2.2234670185970344,0.9313610557337122
59,NVDA,1,2024-09-25 13:56:00-04:00,123.03540216,2024-09-25 14:07:00-04:00,123.385318,162,19927.7496,64.67039999999892,1.1340000000000001,7.98403391999986,55.55236607999906,0.002787688885853878,TAKE_PROFIT,11,-2.6379581808054016,0.5239053350624087
60,NVDA,1,2024-09-25 14:39:00-04:00,123.35846676,2024-09-25 14:50:00-04:00,123.515292,162,19980.0756,33.40440000000157,1.1340000000000001,7.998711120001019,24.271688880000553,0.001214794646722986,TAKE_PROFIT,11,-2.0911416047712246,0.7638714575805132
61,NVDA,1,2024-09-26 10:57:00-04:00,123.304656,2024-09-26 11:07:00-04:00,124.10887326000001,162,19971.36,138.29940000000056,1.1340000000000001,8.016203879998017,129.14919612000256,0.006466720149253859,TAKE_PROFIT,10,-1.9335843215376356,-0.21891010686279294
62,NVDA,1,2024-09-26 13:04:00-04:00,122.94468402,2024-09-26 13:42:00-04:00,122.945406,162,19913.0562,8.083799999999002,1.1340000000000001,7.966839239997597,-1.0170392399985957,-5.107399033999591e-05,TAKE_PROFIT,38,-2.373259118643673,0.5616515771487125
63,NVDA,1,2024-09-27 10:08:00-04:00,122.27445,2024-09-27 10:19:00-04:00,121.03740379746836,163,19926.75,-193.7065723271239,1.141,7.931958685534113,-202.779531012658,-0.010176247055473571,STOP_LOSS,11,-1.8253290480133761,-1.9373807524255378
64,NVDA,1,2024-09-27 11:24:00-04:00,120.139023,2024-09-27 11:36:00-04:00,120.29893539999999,166,19939.09,34.527999999999736,1.162,7.982541600000388,25.38345839999935,0.001273049993755951,TAKE_PROFIT,12,-2.711098750049427,0.6784355690777653
65,NVDA,-1,2024-09-27 14:09:00-04:00,120.685858,2024-09-27 14:21:00-04:00,120.554106,165,19917.149999999998,29.69999999999878,1.155,7.960920000000158,20.58407999999862,0.001033485212492682,TAKE_PROFIT,12,1.8475788507380266,-0.3284616624481761
66,NVDA,1,2024-09-27 14:29:00-04:00,119.86816884,2024-09-27 14:34:00-04:00,119.87602000000001,166,19894.1372,9.262800000000823,1.162,7.959507439998248,0.14129256000257584,7.102221050459822e-06,TAKE_PROFIT,5,-2.553730390815768,0.14562536366714013
67,NVDA,-1,2024-09-27 15:28:00-04:00,120.205954,2024-09-27 15:50:00-04:00,121.4230273471403,166,19958.18,-194.01210120504936,1.162,8.022074420240386,-203.19617562528975,-0.010181097456045079,STOP_LOSS,22,2.5294918749381616,1.2458097612162655
68,NVDA,1,2024-09-30 15:38:00-04:00,119.92458011999999,2024-09-30 15:56:00-04:00,121.340727,166,19903.4996,243.09039999999962,1.162,8.010017919997352,233.91838208000226,0.011752625758336603,FORCED_EOD,18,-2.781219074303882,0.3099691020595039
69,NVDA,1,2024-10-01 10:17:00-04:00,118.658727,2024-10-01 10:31:00-04:00,117.45826093670888,168,19930.68,-193.7447755880279,1.176,7.933523044879735,-202.85429863290761,-0.010177991851402342,STOP_LOSS,14,-1.3523228025565397,-1.9874238972117426
70,NVDA,-1,2024-10-01 10:59:00-04:00,118.286338,2024-10-01 11:07:00-04:00,117.533502,169,19994.39,135.19999999999953,1.183,7.970715999999172,126.04628400000037,0.0063040824951399056,TAKE_PROFIT,8,1.7572089438640641,-0.4773776592468779
71,NVDA,1,2024-10-01 11:19:00-04:00,116.67333,2024-10-01 11:21:00-04:00,116.97640004,171,19947.15,59.81579999999789,1.197,7.990823159998854,50.627976839999036,0.002538105786540886,TAKE_PROFIT,2,-1.4329208138205922,-0.6589468788494867
72,NVDA,1,2024-10-01 13:12:00-04:00,116.11241784,2024-10-01 13:23:00-04:00,116.17176099999999,172,19967.3424,18.19759999999792,1.204,7.990576480000811,9.003023519997107,0.00045088742105194263,TAKE_PROFIT,11,-2.5215094966082385,0.8168769921491396
73,NVDA,1,2024-10-01 14:32:00-04:00,117.968589,2024-10-01 14:36:00-04:00,117.89261676000001,169,19932.704999999998,-4.867199999998263,1.183,7.972108559999114,-14.022308559997377,-0.0007034824706429649,TAKE_PROFIT,4,-1.55962871866489,0.5169432821910407
74,NVDA,1,2024-10-01 14:52:00-04:00,117.493494,2024-10-01 14:59:00-04:00,117.82643,170,19969.9,64.59999999999923,1.19,8.000879999998602,55.40912000000063,0.002774631820890471,TAKE_PROFIT,7,-2.4109593660401556,0.21674526658836804
75,NVDA,-1,2024-10-01 15:52:00-04:00,116.911613,2024-10-01 15:56:00-04:00,117.268449,171,19995.885000000002,-53.01000000000039,1.197,8.008955999999827,-62.21595600000022,-0.003111437978364059,FORCED_EOD,4,0.31748415233606914,2.653908693337764
76,NVDA,1,2024-10-02 13:52:00-04:00,118.44818489999999,2024-10-02 14:17:00-04:00,118.606274,168,19895.316,34.524000000000115,1.176,7.965031199998066,25.382968800002047,0.0012758263703879873,TAKE_PROFIT,25,-2.2747729929461062,1.2667938110946435
77,NVDA,-1,2024-10-02 14:22:00-04:00,118.75684388,2024-10-02 15:01:00-04:00,118.72374,168,19955.1408,13.540800000000672,1.176,7.979348160000882,4.38545183999979,0.0002197655172645933,TAKE_PROFIT,39,2.652353508799472,-0.7697950640538764
78,NVDA,-1,2024-10-02 15:12:00-04:00,118.991197,2024-10-02 15:26:00-04:00,119.03380200000001,168,19994.52,0.839999999999236,1.176,7.997640000000729,-8.333640000001493,-0.00041679620215946634,TAKE_PROFIT,14,2.179397252409717,-0.6964360899113009
79,NVDA,1,2024-10-03 11:42:00-04:00,123.0165984,2024-10-03 11:57:00-04:00,123.17536000000001,162,19924.704,33.69599999999974,1.1340000000000001,7.976620799998869,24.585379200000872,0.00123391440093669,TAKE_PROFIT,15,-1.9131353135111564,-0.6934205421304395
80,NVDA,-1,2024-10-03 12:44:00-04:00,122.445506,2024-10-03 13:34:00-04:00,122.88887285999999,163,19962.61,-64.2709000000002,1.141,7.99789817999941,-73.40979817999961,-0.003677364742385871,TAKE_PROFIT,50,1.8129964868967152,-0.06622313756480755
81,NVDA,1,2024-10-03 15:31:00-04:00,122.309457,2024-10-03 15:44:00-04:00,122.460503,163,19932.454999999998,32.60000000000046,1.141,7.979501999999158,23.479498000001307,0.0011779531422497283,TAKE_PROFIT,13,-0.42023436844698214,0.09675542318413909
82,NVDA,-1,2024-10-04 09:59:00-04:00,123.15906326000001,2024-10-04 10:45:00-04:00,123.42468000000001,162,19955.7594,-35.04060000000064,1.1340000000000001,7.98931187999915,-44.16391187999979,-0.002213091017723925,TAKE_PROFIT,46,2.7476320498136353,0.578151950295854
83,NVDA,1,2024-10-04 11:55:00-04:00,123.994794,2024-10-04 12:10:00-04:00,123.82522999999999,161,19959.17,-19.320000000000732,1.127,7.979804000000598,-28.42680400000133,-0.0014242478018876201,TAKE_PROFIT,15,-2.749307057730997,-0.09827466107868119
84,NVDA,1,2024-10-04 12:40:00-04:00,124.29485399999999,2024-10-04 12:59:00-04:00,124.23514800000001,160,19883.2,-1.5999999999985448,1.12,7.952959999997802,-10.672959999996348,-0.0005367828116196763,TAKE_PROFIT,19,-3.3042320296606698,-0.0002831332312556715
85,NVDA,-1,2024-10-04 13:39:00-04:00,124.01489206,2024-10-04 13:45:00-04:00,124.40397581999999,161,19970.3917,-54.64339999999963,1.127,7.999085359998958,-63.76948535999859,-0.0031932015314451037,TAKE_PROFIT,6,2.7544982942122,-0.16137727600106144
86,NVDA,-1,2024-10-07 10:59:00-04:00,127.9614026,2024-10-07 11:50:00-04:00,129.045804,156,19965.971999999998,-161.1480000000024,1.092,8.018618399998275,-170.2586184000007,-0.008527439505574821,TIME_STOP,51,2.850676616618498,1.557232621706797
87,NVDA,-1,2024-10-08 13:23:00-04:00,132.15356400000002,2024-10-08 13:29:00-04:00,132.091413,151,19959.18,17.365000000001373,1.057,7.9801989999970715,8.327801000004303,0.00041724164018783856,TAKE_PROFIT,6,3.0778873873770523,0.07739095491530565
88,NVDA,1,2024-10-09 10:38:00-04:00,133.306656,2024-10-09 11:03:00-04:00,133.52319002000002,150,19992.0,40.48500000000104,1.05,8.00489699999929,31.43010300000175,0.0015721340036015281,TAKE_PROFIT,25,-2.654287340025573,0.2066460996806845
89,NVDA,1,2024-10-09 11:48:00-04:00,132.766548,2024-10-09 12:23:00-04:00,132.11357199999998,150,19911.0,-90.00000000000341,1.05,7.946400000000153,-98.99640000000356,-0.004971945155944129,TAKE_PROFIT,35,-2.614620508528163,0.11208551496133885
90,NVDA,-1,2024-10-09 14:27:00-04:00,132.383518,2024-10-09 14:44:00-04:00,132.33636198,151,19993.91,15.115099999999643,1.057,7.994540979997083,6.063559020002559,0.00030327029680550526,TAKE_PROFIT,17,3.1645081142796054,0.37819540425824144
91,NVDA,-1,2024-10-10 11:46:00-04:00,134.643066,2024-10-10 12:12:00-04:00,134.9979942,148,19931.16,-44.54800000000239,1.036,7.9813735999960045,-53.565373599998395,-0.0026875191208137607,TAKE_PROFIT,26,2.75322871768192,-1.2534178728037382
92,NVDA,1,2024-10-10 12:16:00-04:00,134.91197699999998,2024-10-10 12:41:00-04:00,134.67375986000002,148,19962.98,-27.276399999996897,1.036,7.979736719997277,-36.292136719994176,-0.0018179719019902928,TAKE_PROFIT,25,-2.4963490875812226,1.3749089563794041
93,NVDA,1,2024-10-10 14:39:00-04:00,134.04140292,2024-10-10 14:56:00-04:00,134.18305802,149,19968.1754,29.099700000000468,1.043,7.993090099999222,20.063609900001246,0.0010047793300133594,TAKE_PROFIT,17,-2.88045334824752,0.09159251252371925
94,NVDA,1,2024-10-14 11:15:00-04:00,138.4016748,2024-10-14 11:22:00-04:00,138.57497946,144,19925.856,32.9328000000005,1.008,7.976928959998531,23.947871040001967,0.0012018490467863446,TAKE_PROFIT,7,-2.2411242315744615,0.09203297147326897
95,NVDA,1,2024-10-14 15:48:00-04:00,138.647724,2024-10-14 15:56:00-04:00,138.30303386,144,19961.28,-41.6591999999996,1.008,7.976180160002059,-50.64338016000166,-0.0025370807964219563,FORCED_EOD,8,-3.3661881656925274,-1.9933769552308596
96,NVDA,1,2024-10-15 09:48:00-04:00,136.14862427999998,2024-10-15 10:10:00-04:00,134.7712135564557,146,19873.7244,-193.19111410028637,1.022,7.91085153717745,-202.1239656374638,-0.010170412025914167,STOP_LOSS,22,-2.2103302046764406,-1.9923170954150111
97,NVDA,1,2024-10-15 11:43:00-04:00,131.301255,2024-10-15 12:17:00-04:00,130.8548238,152,19953.8,-59.88800000000083,1.064,7.969542400000137,-68.92154240000096,-0.003454055989335413,TAKE_PROFIT,34,-2.753249906089209,0.3822717850219185
98,NVDA,-1,2024-10-15 12:39:00-04:00,131.4517044,2024-10-15 12:57:00-04:00,131.116218,152,19984.656000000003,58.976000000000795,1.064,7.982067199999619,49.929932800001176,0.0024984134227780137,TAKE_PROFIT,18,2.38607469518884,-0.0132816598890237
99,NVDA,-1,2024-10-15 13:58:00-04:00,131.253744,2024-10-15 14:30:00-04:00,131.856366,152,19954.56,-83.60000000000173,1.064,7.998543999997764,-92.66254399999949,-0.00464367763558803,TAKE_PROFIT,32,2.297588357058541,0.04065474168531078
100,NVDA,-1,2024-10-16 11:13:00-04:00,133.743246,2024-10-16 11:40:00-04:00,134.016798,149,19931.730000000003,-32.77999999999983,1.043,7.979247999999444,-41.802247999999274,-0.0020972714360469095,TAKE_PROFIT,27,3.1087278518818295,0.12874826896589767
101,NVDA,-1,2024-10-16 11:57:00-04:00,133.913212,2024-10-16 12:17:00-04:00,133.98609186000002,149,19957.06,-2.875700000002297,1.043,7.983399140002007,-11.902099140004303,-0.0005963853964463855,TAKE_PROFIT,20,1.418573370159532,-0.20921635453688683
102,NVDA,-1,2024-10-16 12:49:00-04:00,134.4171112,2024-10-16 13:31:00-04:00,135.77807110254454,148,19897.712,-193.42429591740927,1.036,7.9977696591842005,-202.45806557659347,-0.010174942002205754,STOP_LOSS,42,2.1481266583007743,1.3235912657250535
103,NVDA,1,2024-10-16 15:20:00-04:00,135.9611868,2024-10-16 15:51:00-04:00,135.92780900000002,147,19982.298,3.087000000002206,1.029,7.993536599999629,-5.935536599997423,-0.0002970397398736333,TAKE_PROFIT,31,-2.7573207540591755,0.22501247160187282
104,NVDA,1,2024-10-17 12:28:00-04:00,139.41797802,2024-10-17 13:06:00-04:00,139.30713300000002,143,19932.7843,-7.879299999997386,1.0010000000000001,7.971537859998449,-16.851837859995833,-0.0008454332122580504,TAKE_PROFIT,38,-2.229034242595174,2.4704362362694714
105,NVDA,1,2024-10-17 14:25:00-04:00,138.47769,2024-10-17 14:44:00-04:00,138.58227800000003,144,19936.8,23.0400000000036,1.008,7.979327999998532,14.05267200000507,0.0007048609606358629,TAKE_PROFIT,19,-2.228590283817552,0.14120491167704546
106,NVDA,1,2024-10-17 15:31:00-04:00,137.86046657999998,2024-10-17 15:56:00-04:00,137.21255200000002,145,19985.7705,-85.97049999999797,1.0150000000000001,7.977114099996641,-94.96261409999461,-0.004751511286492288,FORCED_EOD,25,-3.1362346305766224,-1.4597816544807276
107,NVDA,1,2024-10-18 12:19:00-04:00,137.47749,2024-10-18 12:43:00-04:00,137.80173413999998,145,19930.25,54.99850000000009,1.0150000000000001,7.983099700001475,46.00040029999862,0.0023080694070570424,TAKE_PROFIT,24,-2.9397915946019166,0.4894527556885443
108,NVDA,-1,2024-10-18 12:53:00-04:00,138.232348,2024-10-18 13:15:00-04:00,138.387672,144,19909.44,-14.400000000003274,1.008,7.9666559999977835,-23.374656000001057,-0.0011740488933893198,TAKE_PROFIT,22,2.5146599714324807,-1.168708331339357
109,NVDA,1,2024-10-18 14:55:00-04:00,138.012597,2024-10-18 15:06:00-04:00,138.02239,144,19869.840000000004,9.359999999999673,1.008,7.949807999999393,0.4021920000002801,2.02413305794249e-05,TAKE_PROFIT,11,-2.1626990425274455,0.6432703579846858
110,NVDA,1,2024-10-18 15:40:00-04:00,137.987592,2024-10-18 15:42:00-04:00,137.982398,144,19866.24,7.199999999997544,1.008,7.947936000000027,-1.7559360000024826,-8.838793853303305e-05,TAKE_PROFIT,2,-1.3755196155591967,0.448298331158601
111,NVDA,-1,2024-10-21 13:18:00-04:00,141.4717,2024-10-21 14:09:00-04:00,142.16842799999998,141,19951.5,-90.23999999999808,0.987,7.998647999998951,-99.22564799999702,-0.004973342756183596,TIME_STOP,51,2.272085420601255,1.5474885055016188
112,NVDA,-1,2024-10-21 14:51:00-04:00,142.11817068000002,2024-10-21 15:01:00-04:00,141.968388,140,19900.524,28.92400000000123,0.98,7.95442479999906,19.989575200002168,0.0010044748168441277,TAKE_PROFIT,10,1.6988189093371069,0.4166986865468342
113,NVDA,-1,2024-10-21 15:53:00-04:00,142.791436,2024-10-21 15:56:00-04:00,143.358666,140,19994.8,-71.4000000000027,0.98,8.012199999996596,-80.3921999999993,-0.004020655370396268,FORCED_EOD,3,3.068922656744104,2.3069935303011913
114,NVDA,1,2024-10-22 12:35:00-04:00,142.748544,2024-10-22 13:16:00-04:00,142.86542120000001,140,19980.8,24.360000000000923,0.98,7.997192000000268,15.382808000000654,0.0007698794843049655,TAKE_PROFIT,41,-2.4058464811631377,0.08959229340644999
115,NVDA,-1,2024-10-22 13:21:00-04:00,143.236347,2024-10-22 13:38:00-04:00,143.73344094,139,19913.835,-61.11830000000225,0.973,7.977757659999611,-70.06905766000186,-0.0035186119429031055,TAKE_PROFIT,17,3.0530300998904103,-0.5205646817383326
116,NVDA,-1,2024-10-23 11:32:00-04:00,139.962002,2024-10-23 11:47:00-04:00,140.38717182000002,142,19878.58,-52.41220000000044,0.994,7.961914440000669,-61.36811444000111,-0.0030871477962712175,TAKE_PROFIT,15,2.7807877359656326,-0.08958530244625278
117,NVDA,-1,2024-10-23 12:32:00-04:00,139.162162,2024-10-23 12:47:00-04:00,139.622919,143,19904.17,-57.91500000000016,1.0010000000000001,7.973250999999976,-66.88925100000014,-0.003360564695739644,TAKE_PROFIT,15,2.924247984020065,-0.5137895613570128
118,NVDA,-1,2024-10-23 13:56:00-04:00,138.07737899999998,2024-10-23 14:33:00-04:00,138.56850816,144,19887.12,-62.75520000000006,1.008,7.967399040001965,-71.73059904000203,-0.0036068872234894765,TAKE_PROFIT,37,2.3370344774325056,0.029596684649950335
119,NVDA,1,2024-10-23 14:46:00-04:00,138.84306306,2024-10-23 14:58:00-04:00,138.77303984000002,144,19989.4032,-2.087999999999738,1.008,7.995343679995585,-11.091343679995322,-0.0005548611716429494,TAKE_PROFIT,12,-2.4999496748857766,0.00860689230880197
120,NVDA,-1,2024-10-23 15:53:00-04:00,139.762042,2024-10-23 15:56:00-04:00,139.5279,143,19989.969999999998,41.46999999999886,1.0010000000000001,7.987693999996026,32.48130600000284,0.0016248801774091128,FORCED_EOD,3,2.7686587266513003,0.22418206460779558
121,NVDA,1,2024-10-24 11:22:00-04:00,139.802955,2024-10-24 11:27:00-04:00,139.7160512,143,19987.825,-4.433000000000845,1.0010000000000001,7.994243399997373,-13.42824339999822,-0.0006718211411195675,TAKE_PROFIT,5,-2.2269807484636237,0.35650401555574907
122,NVDA,-1,2024-10-24 14:02:00-04:00,139.4810982,2024-10-24 14:08:00-04:00,139.5279,143,19949.786999999997,1.2869999999980166,1.0010000000000001,7.97965739999762,-7.693657399999604,-0.0003856511049466145,TAKE_PROFIT,6,2.1670252310005638,0.1768564722648218
123,NVDA,-1,2024-10-25 15:16:00-04:00,141.89661500000003,2024-10-25 15:47:00-04:00,142.093413,140,19869.5,-19.59999999999809,0.98,7.95171999999809,-28.53171999999618,-0.001435955610357391,TAKE_PROFIT,31,1.881657840286257,-1.628777161978148
124,NVDA,1,2024-10-28 10:22:00-04:00,141.63832200000002,2024-10-28 10:49:00-04:00,141.45160402,141,19967.010000000002,-18.344100000003834,0.987,7.983135179999806,-27.31423518000364,-0.001367968222583333,TAKE_PROFIT,27,-2.7777771462181273,1.4034635030269298
125,NVDA,-1,2024-10-28 11:03:00-04:00,141.131768,2024-10-28 11:16:00-04:00,141.22323899999998,141,19903.56,-4.934999999999519,0.987,7.962410999998269,-13.884410999997788,-0.0006975843015017307,TAKE_PROFIT,13,2.337821229731671,0.16218292022669756
126,NVDA,1,2024-10-28 14:52:00-04:00,140.983191,2024-10-28 15:00:00-04:00,140.961802,141,19874.655000000002,4.934999999999519,0.987,7.950848999999408,-4.002848999999889,-0.00020140470362881211,TAKE_PROFIT,8,-2.5115761781023913,-0.35472426947786506
127,NVDA,1,2024-10-29 13:52:00-04:00,141.40837602,2024-10-29 14:12:00-04:00,141.326729,141,19934.5941,-3.5391000000012696,0.987,7.973129819997496,-12.499229819998765,-0.0006270120052255675,TAKE_PROFIT,20,-2.1453835356343602,0.3648301283058573
128,NVDA,-1,2024-10-29 14:18:00-04:00,141.47160002,2024-10-29 14:28:00-04:00,141.618318,141,19951.4859,-12.704100000000949,0.987,7.983135179995799,-21.67423517999675,-0.0010863469161460676,TAKE_PROFIT,10,2.788446089143784,-1.093376261146371
129,NVDA,1,2024-10-29 15:16:00-04:00,141.963387,2024-10-29 15:56:00-04:00,141.341726,140,19870.9,-79.09999999999968,0.98,7.932540000002746,-88.01254000000243,-0.004429217599605575,FORCED_EOD,40,-2.4097315987880727,-1.2096083696728157
130,NVDA,-1,2024-10-30 11:31:00-04:00,139.962002,2024-10-30 11:52:00-04:00,139.907976,142,19878.58,15.620000000001937,0.994,7.94830799999886,6.677692000003077,0.00033592399457119554,TAKE_PROFIT,21,2.020161765385117,0.3369320505992861
131,NVDA,-1,2024-10-30 14:12:00-04:00,140.06188202,2024-10-30 14:37:00-04:00,140.11571754000002,142,19892.7658,0.31239999999826296,0.994,7.957043839999244,-8.63864384000098,-0.0004342605712475125,TAKE_PROFIT,25,2.3954838373764287,-1.293302398034685
132,NVDA,1,2024-10-30 15:03:00-04:00,139.557906,2024-10-30 15:16:00-04:00,139.792036,143,19952.79,41.46999999999886,1.0010000000000001,7.989409999999822,32.47958999999904,0.001627821973769034,TAKE_PROFIT,13,-2.311998282391762,0.693732893996501
133,NVDA,1,2024-10-30 15:28:00-04:00,139.457886,2024-10-30 15:39:00-04:00,139.452104,143,19938.49,7.149999999997561,1.0010000000000001,7.976825999999079,-1.8278260000015178,-9.167324105293418e-05,TAKE_PROFIT,11,-1.6346979905762091,1.0103220439374627
134,NVDA,1,2024-10-31 09:52:00-04:00,134.13682200000002,2024-10-31 09:58:00-04:00,132.77976460759496,149,19982.390000000003,-194.24744495734356,1.043,7.954106511011531,-203.2445514683551,-0.010171183300313679,STOP_LOSS,6,-2.04261714796919,-2.5831829528911388
135,NVDA,-1,2024-10-31 13:12:00-04:00,133.63316802,2024-10-31 13:31:00-04:00,133.26774822,149,19915.3251,62.40120000000067,1.043,7.953649799998857,53.404550200001815,0.0026815806386209493,TAKE_PROFIT,19,2.5123963466772694,0.33800421314478607
136,NVDA,1,2024-10-31 14:05:00-04:00,132.786552,2024-10-31 14:07:00-04:00,132.86122244,150,19914.0,19.170000000001153,1.05,7.969434000000319,10.150566000000833,0.0005097200964146245,TAKE_PROFIT,2,-1.3834211265201624,-0.1078268630995444
137,NVDA,1,2024-10-31 14:22:00-04:00,132.636522,2024-10-31 15:00:00-04:00,132.703454,150,19891.500000000004,17.99999999999642,1.05,7.960199999999418,8.989799999997,0.0004519417841790211,TAKE_PROFIT,38,-1.882428974375118,0.8434680405890734
138,NVDA,-1,2024-10-31 15:39:00-04:00,133.96320200000002,2024-10-31 15:52:00-04:00,134.106816,149,19964.510000000002,-13.410000000000508,1.043,7.988485999997295,-22.441485999997802,-0.0011240689603700667,TAKE_PROFIT,13,2.703863002362466,-0.2519697779384473
139,NVDA,1,2024-11-01 12:50:00-04:00,136.03720199999998,2024-11-01 13:05:00-04:00,135.917811,147,19993.469999999998,-9.554999999999666,1.029,7.995476999997237,-18.579476999996903,-0.0009292772590249169,TAKE_PROFIT,15,-1.8033002774001266,0.06913140235405439
140,NVDA,-1,2024-11-01 15:45:00-04:00,135.77284,2024-11-01 15:50:00-04:00,135.53210099999998,147,19962.600000000002,43.36500000000234,1.029,7.976366999999527,34.359633000002816,0.0017212002945509509,TAKE_PROFIT,5,1.9782986181378186,-0.8741063474284265
141,NVDA,1,2024-11-04 12:20:00-05:00,137.187432,2024-11-04 12:44:00-05:00,137.79743499999998,145,19888.2,96.42499999999885,1.0150000000000001,7.974565000002087,87.43543499999676,0.004396347331583389,TAKE_PROFIT,24,-2.8388065762703096,-0.11297460914809337
142,NVDA,1,2024-11-04 13:14:00-05:00,137.86636776,2024-11-04 13:28:00-05:00,137.95740300000003,145,19986.626,21.19900000000314,1.0150000000000001,7.998890199999522,12.185109800003616,0.0006096631717631388,TAKE_PROFIT,14,-2.71003143958842,-0.49181340032791815
143,NVDA,1,2024-11-04 15:36:00-05:00,137.04520356,2024-11-04 15:56:00-05:00,136.142766,145,19867.581,-122.93100000000095,1.0150000000000001,7.922446200000479,-131.86844620000142,-0.006637367991604083,FORCED_EOD,20,-1.9848214755412283,-1.9118333875269717
144,NVDA,1,2024-11-05 15:33:00-05:00,139.742943,2024-11-05 15:51:00-05:00,139.477099,143,19979.245,-30.030000000001138,1.0010000000000001,7.985691999997016,-39.01669199999816,-0.001952861181691208,TAKE_PROFIT,18,-2.36538594542199,0.49494448068844044
145,NVDA,-1,2024-11-06 12:03:00-05:00,144.42430936000002,2024-11-06 12:46:00-05:00,145.069008,138,19934.5416,-80.97839999999758,0.966,7.990012319998698,-89.93441231999627,-0.004511486349904142,TAKE_PROFIT,43,2.6185521445659443,0.6693199680449377
146,NVDA,1,2024-11-06 14:07:00-05:00,145.489092,2024-11-06 14:25:00-05:00,145.915811,137,19928.02,66.44499999999798,0.9590000000000001,7.984496999999152,57.50150299999882,0.002885459920252931,TAKE_PROFIT,18,-2.990234071641259,0.22740991619010198
147,NVDA,-1,2024-11-06 14:42:00-05:00,146.130768,2024-11-06 15:03:00-05:00,146.32915998000001,136,19877.76,-19.02640000000156,0.9520000000000001,7.954909280001857,-27.933309280003417,-0.0014052543787631715,TAKE_PROFIT,21,2.835513798928731,-0.40186251541597934
148,NVDA,1,2024-11-06 15:17:00-05:00,146.219238,2024-11-06 15:56:00-05:00,145.55588300000002,136,19881.84,-82.27999999999861,0.9520000000000001,7.936279999996941,-91.16827999999555,-0.0045855051645117125,FORCED_EOD,39,-2.663169079482604,-2.468431357049818
149,NVDA,1,2024-11-07 10:55:00-05:00,147.88957200000002,2024-11-07 11:18:00-05:00,147.860422,135,19961.100000000002,4.0499999999963165,0.9450000000000001,7.985249999998416,-4.8802500000021,-0.0002444880292169319,TAKE_PROFIT,23,-2.548777724263606,0.16168088537695563
150,NVDA,-1,2024-11-07 12:34:00-05:00,148.02708866,2024-11-07 12:42:00-05:00,148.059606,135,19987.6545,3.604500000000712,0.9450000000000001,7.994340900000481,-5.334840899999769,-0.00026690679989489356,TAKE_PROFIT,8,2.81035368037224,-1.0525005073875124
151,NVDA,1,2024-11-07 13:13:00-05:00,147.839562,2024-11-07 13:31:00-05:00,147.7079525,135,19954.35,-9.787499999998772,0.9450000000000001,7.979782500000709,-18.712282499999482,-0.0009377545497598009,TAKE_PROFIT,18,-2.402942655457067,0.9445315839988213
152,NVDA,-1,2024-11-07 14:03:00-05:00,148.1278685,2024-11-07 14:17:00-05:00,148.26964800000002,135,20001.2625,-11.137500000001381,0.9450000000000001,8.00273250000032,-20.085232500001702,-0.0010041982349865016,TAKE_PROFIT,14,2.662501013914876,-0.7065120041668266
153,NVDA,1,2024-11-07 15:17:00-05:00,148.37967,2024-11-07 15:37:00-05:00,148.260342,134,19878.899999999998,-8.040000000000305,0.9380000000000001,7.9499519999991435,-16.92795199999945,-0.000851553758004691,TAKE_PROFIT,20,-2.885116220278837,0.4399108725588631
154,NVDA,1,2024-11-11 11:29:00-05:00,145.52899997999998,2024-11-11 11:48:00-05:00,145.54078601999998,137,19933.4863,9.589999999999065,0.9590000000000001,7.975312519998511,0.6556874800005552,3.289376831189611e-05,TAKE_PROFIT,19,-2.0668955083123,0.3697910062847895
155,NVDA,1,2024-11-11 13:25:00-05:00,144.51519726,2024-11-11 14:12:00-05:00,144.71105200000002,138,19939.1094,35.01060000000126,0.966,7.982645879999097,26.061954120002163,0.001307077141569932,TAKE_PROFIT,47,-2.5977409574168933,-0.3593231212143922
156,NVDA,-1,2024-11-11 14:34:00-05:00,144.98019816,2024-11-11 14:53:00-05:00,144.97898999999998,137,19866.2604,8.110400000000567,0.9590000000000001,7.944882079999957,-0.7934820799993894,-3.9941189938262834e-05,TAKE_PROFIT,19,3.2423553360869213,0.002487969684653803
157,NVDA,1,2024-11-13 10:42:00-05:00,146.95858584,2024-11-13 11:00:00-05:00,147.160562,136,19982.3712,35.46879999999851,0.9520000000000001,8.000042240000312,26.5167577599982,0.001327007565548487,TAKE_PROFIT,18,-2.1446971801341213,0.152819024452393
158,NVDA,1,2024-11-13 14:15:00-05:00,147.059406,2024-11-13 14:31:00-05:00,146.800634,135,19849.05,-26.999999999998465,0.9450000000000001,7.934220000000636,-35.8792199999991,-0.001807603890362466,TAKE_PROFIT,16,-2.7475691879869775,0.9107026498040229
159,NVDA,1,2024-11-13 15:28:00-05:00,146.47929,2024-11-13 15:55:00-05:00,146.02079,136,19917.199999999997,-54.39999999999691,0.9520000000000001,7.956000000001268,-63.307999999998174,-0.003178559235233777,TAKE_PROFIT,27,-2.5928360082116835,2.3655353825259775
160,NVDA,-1,2024-11-14 10:02:00-05:00,147.81783052,2024-11-14 10:32:00-05:00,148.02139836,135,19959.398999999998,-19.49400000000253,0.9450000000000001,7.987658399998168,-28.426658400000697,-0.001424224166268769,TAKE_PROFIT,30,2.5867859107896236,-0.9994522654249649
161,NVDA,-1,2024-11-14 11:02:00-05:00,148.61037198,2024-11-14 11:32:00-05:00,148.799754,134,19917.7734,-17.406600000002754,0.9380000000000001,7.970590679998679,-26.315190680001432,-0.0013211913877884279,TAKE_PROFIT,30,2.1276290252389902,-0.27919370204907823
162,NVDA,1,2024-11-14 12:21:00-05:00,148.01949798,2024-11-14 12:48:00-05:00,147.67046,135,19978.6365,-39.136500000002314,0.9450000000000001,7.983627300000364,-48.06512730000268,-0.0024058262084103027,TAKE_PROFIT,27,-2.489320711389409,0.12112894685675483
163,NVDA,-1,2024-11-14 15:02:00-05:00,146.480698,2024-11-14 15:03:00-05:00,146.56930799999998,136,19925.36,-4.080000000000155,0.9520000000000001,7.970959999998286,-13.00295999999844,-0.0006525834414032389,TAKE_PROFIT,1,-0.5611030323648938,-1.1237730523408165
164,NVDA,1,2024-11-14 15:14:00-05:00,145.969188,2024-11-14 15:32:00-05:00,146.095775,137,19993.78,25.34500000000031,0.9590000000000001,8.00258100000022,16.383419000000092,0.0008194257914211367,TAKE_PROFIT,18,-2.8331448664058856,1.2716851469277082
165,NVDA,1,2024-11-15 10:24:00-05:00,142.44848399999998,2024-11-15 10:27:00-05:00,142.881418,140,19938.8,68.60000000000127,0.98,7.989239999998858,59.63076000000241,0.002990689509900416,TAKE_PROFIT,3,-1.3331683776874828,-0.3541813290699494
166,NVDA,1,2024-11-15 14:14:00-05:00,140.223039,2024-11-15 14:35:00-05:00,140.36692100000002,142,19907.69,28.40000000000242,0.994,7.968755999999701,19.43724400000272,0.0009763686294091741,TAKE_PROFIT,21,-3.2029963948376774,0.3743181291084291
167,NVDA,1,2024-11-18 10:48:00-05:00,139.837962,2024-11-18 10:55:00-05:00,140.166961,143,19992.83,55.0549999999987,1.0010000000000001,8.008143000001297,46.045856999997405,0.002303118517988569,TAKE_PROFIT,7,-2.538242801236287,0.24062896614465795
168,NVDA,1,2024-11-18 12:48:00-05:00,139.00769598,2024-11-18 13:02:00-05:00,139.4641016,143,19874.125699999997,73.23030000000054,1.0010000000000001,7.9642963400008,64.26500365999973,0.0032336015495765804,TAKE_PROFIT,14,-2.3360188088166445,-0.4120429158206393
169,NVDA,-1,2024-11-18 15:15:00-05:00,140.62386959999998,2024-11-18 15:34:00-05:00,140.75814599999998,142,19972.584,-11.07600000000042,0.994,7.991248800000221,-20.06124880000064,-0.0010044393254273279,TAKE_PROFIT,19,2.520896536046572,0.016961153997291332
170,NVDA,-1,2024-11-19 10:53:00-05:00,143.791236,2024-11-19 11:13:00-05:00,144.03890202,139,19990.98,-26.423900000000145,0.973,8.001676779999428,-35.39857677999957,-0.001770727437074099,TAKE_PROFIT,20,2.137488023328128,-0.285940876625609
171,NVDA,1,2024-11-19 12:00:00-05:00,143.438682,2024-11-19 12:16:00-05:00,143.69355554,139,19933.989999999998,43.40969999999908,0.973,7.982277939998312,34.454422060000766,0.0017284257722613872,TAKE_PROFIT,16,-2.702221087360642,0.03906262525095793
172,NVDA,-1,2024-11-19 14:26:00-05:00,145.99579500000002,2024-11-19 15:13:00-05:00,146.709336,136,19859.4,-89.08000000000015,0.9520000000000001,7.961575999998786,-97.99357599999894,-0.004934367402841925,TAKE_PROFIT,47,2.4501068806063646,-0.21200705112060644
173,NVDA,1,2024-11-20 13:20:00-05:00,144.54410303999998,2024-11-20 13:26:00-05:00,144.911012,138,19943.097599999997,58.62240000000065,0.966,7.988963519998208,49.66743648000244,0.002490457474369601,TAKE_PROFIT,6,-2.377003356842167,0.9136404385140742
174,NVDA,1,2024-11-20 14:07:00-05:00,143.783751,2024-11-20 14:36:00-05:00,143.781238,139,19981.945,7.645000000000948,0.973,7.9943070000000205,-1.3223069999990722,-6.617508956205575e-05,TAKE_PROFIT,29,-3.240986171580341,0.9226182932993318
175,NVDA,1,2024-11-21 15:49:00-05:00,147.13942200000002,2024-11-21 15:56:00-05:00,146.790636,135,19859.850000000002,-39.15000000000276,0.9450000000000001,7.936109999999701,-48.031110000002464,-0.0024185031609001307,FORCED_EOD,7,-2.671864031477785,-1.0921296445430386
176,NVDA,1,2024-11-22 12:56:00-05:00,142.193433,2024-11-22 13:20:00-05:00,142.05658300000002,140,19903.1,-11.199999999997772,0.98,7.958999999999605,-20.138999999997377,-0.001011852424998989,TAKE_PROFIT,24,-1.6731387913132312,1.1412317031601455
177,NVDA,1,2024-11-22 14:16:00-05:00,141.39217278,2024-11-22 14:34:00-05:00,141.64986436,141,19932.3099,44.31630000000041,0.987,7.981787220000484,35.347512779999924,0.0017733776445047107,TAKE_PROFIT,18,-2.1490541229681046,0.4994150969768521
178,NVDA,1,2024-11-22 15:27:00-05:00,141.82836,2024-11-22 15:28:00-05:00,141.936607,141,19993.800000000003,23.264999999998878,0.987,8.002172999998066,14.275827000000813,0.0007140126939351605,TAKE_PROFIT,1,-2.2039037056713253,-0.1852615118773688
179,NVDA,-1,2024-11-25 12:29:00-05:00,137.042586,2024-11-25 12:39:00-05:00,136.88237099999998,145,19875.149999999998,31.175000000000495,1.0150000000000001,7.943824999997275,22.21617500000322,0.0011177865324288481,TAKE_PROFIT,10,2.6464175823512086,0.40712307677332765
180,NVDA,1,2024-11-25 13:29:00-05:00,137.21753802,2024-11-25 14:07:00-05:00,136.592676,145,19892.5645,-82.66449999999949,1.0150000000000001,7.940492899999754,-91.61999289999925,-0.004605740647466506,TAKE_PROFIT,38,-2.703182664779535,0.3123323721625027
181,NVDA,1,2024-11-25 15:01:00-05:00,136.802355,2024-11-25 15:18:00-05:00,136.787637,146,19969.15,5.839999999998838,1.022,7.988828000001206,-3.170828000002368,-0.000158786327910921,TAKE_PROFIT,17,-2.2183837044692907,-0.029729195085959628
182,NVDA,1,2024-11-25 15:53:00-05:00,136.147224,2024-11-25 15:56:00-05:00,135.997795,146,19873.52,-13.869999999999834,1.022,7.946633999999847,-22.83863399999968,-0.0011491992359682472,FORCED_EOD,3,-2.633044036335614,-1.8774582752926876
183,NVDA,1,2024-11-26 13:04:00-05:00,136.82715996,2024-11-26 13:23:00-05:00,136.63506752,146,19972.770800000002,-20.060400000002005,1.022,7.985096239995357,-29.06749623999736,-0.001455356221280893,TAKE_PROFIT,19,-1.829412691796131,0.405980085454408
184,NVDA,1,2024-11-26 14:28:00-05:00,135.82716000000002,2024-11-26 14:39:00-05:00,136.17285998,147,19962.600000000002,58.814699999997146,1.029,7.996802940000407,49.78889705999674,0.002494108836524137,TAKE_PROFIT,11,-2.4337419321596054,0.6337196041532397
185,NVDA,1,2024-11-27 11:24:00-05:00,132.116418,2024-11-27 11:33:00-05:00,132.6514644,151,19945.59,88.78799999999907,1.057,7.995993599999252,79.73500639999982,0.003997625861155264,TAKE_PROFIT,9,-2.8486109673372066,-0.04736189673693314
186,NVDA,-1,2024-11-27 15:05:00-05:00,134.888017,2024-11-27 15:24:00-05:00,134.57190899999998,148,19967.42,54.76000000000067,1.036,7.9760159999985945,45.74798400000208,0.0022911314531372648,TAKE_PROFIT,19,2.887791494571266,-0.878875464487579
187,NVDA,-1,2024-11-29 09:54:00-05:00,137.662462,2024-11-29 10:08:00-05:00,139.05628075711343,145,19965.05,-194.0788840046487,1.0150000000000001,8.024835776797516,-203.1187197814462,-0.010173714555257623,STOP_LOSS,14,2.375601259681427,1.755075493369766
188,NVDA,1,2024-11-29 10:50:00-05:00,138.34766399999998,2024-11-29 11:41:00-05:00,138.42230999999998,144,19918.079999999998,18.719999999999345,1.008,7.970975999999155,9.741024000000191,0.0004890543666859553,TAKE_PROFIT,51,-2.2577607846989687,0.7287614727558833
189,NVDA,1,2024-12-02 12:57:00-05:00,138.887772,2024-12-02 13:13:00-05:00,138.737247,144,19995.840000000004,-13.680000000003929,1.008,7.995599999998376,-22.683600000002304,-0.001134415958519487,TAKE_PROFIT,16,-2.2770284563140373,-0.37574455609616286
190,NVDA,1,2024-12-02 13:32:00-05:00,138.107616,2024-12-02 13:41:00-05:00,138.557283,144,19883.52,72.71999999999935,1.008,7.967951999998604,63.744048000000745,0.003205873406720779,TAKE_PROFIT,9,-2.9222880753185283,0.48811922954947873
191,NVDA,1,2024-12-02 15:52:00-05:00,137.922579,2024-12-02 15:56:00-05:00,138.37581930000002,145,19994.775,73.7324999999997,1.0150000000000001,8.012656499999053,64.70484350000065,0.0032360876028862864,FORCED_EOD,4,-3.5779690292126203,0.030800379279704318
192,NVDA,1,2024-12-03 10:39:00-05:00,138.54010248,2024-12-03 10:49:00-05:00,138.452304,144,19945.785600000003,-4.665600000003451,1.008,7.977381119997062,-13.650981120000512,-0.0006844042843817849,TAKE_PROFIT,10,-2.493594154231456,0.586064643418289
193,NVDA,1,2024-12-03 12:16:00-05:00,138.70743593999998,2024-12-03 12:17:00-05:00,138.717251,144,19969.8768,9.403200000001107,1.008,7.989831359997879,0.40536864000322836,2.0299005550361152e-05,TAKE_PROFIT,1,-1.0912277674782682,0.48114921381003706
194,NVDA,-1,2024-12-03 14:34:00-05:00,139.652064,2024-12-03 14:52:00-05:00,139.75664574,143,19974.24,-6.964099999999519,1.0010000000000001,7.991088820002574,-15.956188820002094,-0.0007988383447881918,TAKE_PROFIT,18,2.8293400372900988,-0.7898700263023499
195,NVDA,-1,2024-12-03 15:29:00-05:00,140.21205198,2024-12-03 15:36:00-05:00,139.98519144,142,19914.094200000003,40.171800000001724,0.994,7.957603319999123,31.2201966800026,0.0015677437480436643,TAKE_PROFIT,7,2.5715609698363684,0.029456765825933102
196,NVDA,-1,2024-12-04 14:04:00-05:00,144.766041,2024-12-04 14:37:00-05:00,145.38407099999998,138,19981.71,-77.28000000000031,0.966,8.008139999996388,-86.2541399999967,-0.004316654580613807,TAKE_PROFIT,33,2.4800558721301056,0.6734947753660309
197,NVDA,1,2024-12-04 15:41:00-05:00,145.25904599999998,2024-12-04 15:56:00-05:00,145.07098,137,19896.51,-17.809999999999377,0.9590000000000001,7.955041999999537,-26.724041999998914,-0.0013431522412724098,FORCED_EOD,15,-2.7242591266091543,-0.47982202773374855
198,NVDA,1,2024-12-05 10:22:00-05:00,144.51679758,2024-12-05 10:33:00-05:00,144.691056,138,19939.3302,32.029800000000364,0.966,7.982138040000223,23.08166196000014,0.0011575946497942111,TAKE_PROFIT,11,-2.670263987653036,0.2109810530768089
199,NVDA,1,2024-12-05 15:45:00-05:00,145.003995,2024-12-05 15:53:00-05:00,145.130968,137,19861.575,25.34500000000031,0.9590000000000001,7.949699000001345,16.436300999998966,0.0008275426797723224,TAKE_PROFIT,8,-2.704648439538953,0.751942623196021
200,NVDA,1,2024-12-06 10:09:00-05:00,144.82896,2024-12-06 11:00:00-05:00,143.711252,138,19982.4,-146.2800000000003,0.966,7.9637039999987564,-155.20970399999908,-0.007767320441988903,TIME_STOP,51,-2.4495548660225195,-2.0054307337107984
201,NVDA,-1,2024-12-09 12:00:00-05:00,138.347325,2024-12-09 12:27:00-05:00,138.392673,144,19926.0,1.4399999999986903,1.008,7.970111999997243,-7.538111999998553,-0.00037830532971989126,TAKE_PROFIT,27,1.834515309367923,-0.3115057225147052
202,NVDA,-1,2024-12-09 12:34:00-05:00,138.732248,2024-12-09 13:20:00-05:00,139.33416126,144,19981.44,-78.66720000000032,1.008,8.008309440000176,-87.68350944000049,-0.004388247765926805,TAKE_PROFIT,46,3.0534589595164836,-1.6292453641608875
203,NVDA,1,2024-12-09 13:47:00-05:00,139.59711384,2024-12-09 14:12:00-05:00,139.04718499999998,143,19958.3956,-70.67060000000092,1.0010000000000001,7.969224120000064,-79.64082412000099,-0.003990341995225357,TAKE_PROFIT,25,-2.5400396500698195,0.4261290408118346
204,NVDA,-1,2024-12-09 15:24:00-05:00,138.4723,2024-12-09 15:35:00-05:00,138.367668,144,19944.0,23.03999999999951,1.008,7.97299200000225,14.05900799999726,0.0007049241877254943,TAKE_PROFIT,11,2.476488140060406,-0.08604589691413078
205,NVDA,-1,2024-12-09 15:54:00-05:00,139.08217800000003,2024-12-09 15:56:00-05:00,138.717738,143,19892.730000000003,60.060000000002276,1.0010000000000001,7.945079999997944,51.113920000004335,0.0025694773919921663,FORCED_EOD,2,2.7542924502093094,-0.2687947553046834
206,NVDA,1,2024-12-10 11:36:00-05:00,136.647324,2024-12-10 11:53:00-05:00,136.782638,146,19946.52,27.739999999999668,1.022,7.984156000000553,18.733843999999117,0.0009392036305079341,TAKE_PROFIT,17,-2.277488893167614,-0.03336307332066273
207,NVDA,1,2024-12-10 14:37:00-05:00,135.42708,2024-12-10 14:45:00-05:00,135.60377382,147,19903.8,33.94229999999871,1.029,7.96830845999915,24.944991539999563,0.0012532778434268615,TAKE_PROFIT,8,-2.4594255039040047,0.3795170279781724
208,NVDA,1,2024-12-11 11:00:00-05:00,135.937182,2024-12-11 11:06:00-05:00,136.59257602,147,19978.77,104.35530000000068,1.029,8.01237906000236,95.31392093999833,0.004770760208961729,TAKE_PROFIT,6,-1.9748608704116943,1.1116832252389837
209,NVDA,-1,2024-12-11 11:09:00-05:00,136.662662,2024-12-11 11:38:00-05:00,137.51749800000002,146,19956.739999999998,-116.80000000000166,1.022,8.006055999999205,-125.82805600000087,-0.006305040602823953,TAKE_PROFIT,29,1.7279705057342765,-0.9680045748229954
210,NVDA,-1,2024-12-11 13:03:00-05:00,139.002194,2024-12-11 13:10:00-05:00,138.74774399999998,143,19881.29,44.330000000000325,1.0010000000000001,7.94364999999749,35.38535000000284,0.0017798316910020847,TAKE_PROFIT,7,2.0786770490740984,-0.27311969400565833
211,NVDA,-1,2024-12-11 13:38:00-05:00,139.57287983999998,2024-12-11 14:07:00-05:00,139.467888,143,19962.914399999998,22.994399999999246,1.0010000000000001,7.980566879999714,14.01283311999953,0.0007019432553394875,TAKE_PROFIT,29,2.431274765778602,0.49191603917227644
212,NVDA,-1,2024-12-11 14:41:00-05:00,139.81703100000001,2024-12-11 15:00:00-05:00,139.807956,143,19997.835,9.294999999999675,1.0010000000000001,7.997274999996222,0.2967250000034536,1.4837856198106124e-05,TAKE_PROFIT,19,1.8738637706362558,-0.6195223255629582
213,NVDA,1,2024-12-11 15:53:00-05:00,139.07781,2024-12-11 15:56:00-05:00,139.31213200000002,143,19884.15,41.46999999999886,1.0010000000000001,7.961953999995984,32.50704600000288,0.0016348220064726366,FORCED_EOD,3,-2.7980034807974987,-0.6872208546980811
214,NVDA,1,2024-12-12 15:10:00-05:00,137.687532,2024-12-12 15:16:00-05:00,137.67246,145,19960.7,5.799999999998846,1.0150000000000001,7.9854399999993575,-3.200440000000512,-0.00016033706232749913,TAKE_PROFIT,6,-2.259628661029281,-0.4479333283538212
215,NVDA,1,2024-12-12 15:54:00-05:00,137.22743999999997,2024-12-12 15:56:00-05:00,137.227549,145,19894.0,7.975000000000989,1.0150000000000001,7.95919499999556,-0.9991949999945717,-5.022594752159303e-05,FORCED_EOD,2,-3.231361104167472,0.9264046533328434
216,NVDA,1,2024-12-13 11:02:00-05:00,133.82676,2024-12-13 11:37:00-05:00,133.813232,149,19936.2,5.959999999998814,1.043,7.975672000000003,-3.058672000001189,-0.00015342301943204766,TAKE_PROFIT,35,-2.4966576596389713,0.801375622877362
217,NVDA,1,2024-12-16 12:49:00-05:00,130.9491846,2024-12-16 12:53:00-05:00,130.938807,152,19900.296000000002,6.384000000000242,1.064,7.96139519999997,-2.641395199999728,-0.00013273145283867777,TAKE_PROFIT,4,-1.8935166781633146,-0.30948843177847696
218,NVDA,-1,2024-12-16 13:01:00-05:00,131.42371,2024-12-16 13:18:00-05:00,131.641323,152,19980.399999999998,-25.08000000000311,1.064,7.997175999996898,-34.14117600000001,-0.0017087333586915184,TAKE_PROFIT,17,2.481713055594975,-0.047840696888343616
219,NVDA,-1,2024-12-16 14:34:00-05:00,132.20635344,2024-12-16 14:51:00-05:00,132.11141700000002,151,19967.1528,22.317799999998414,1.057,7.982397560003022,13.278402439995393,0.0006650123116198817,TAKE_PROFIT,17,2.616918130972793,-0.4367326527267081
220,NVDA,1,2024-12-16 15:36:00-05:00,132.056406,2024-12-16 15:54:00-05:00,131.93360800000002,151,19936.53,-10.56999999999897,1.057,7.972497999999348,-19.59949799999832,-0.0009830947511928266,TAKE_PROFIT,18,-1.80391937733607,0.41167751859437524
221,NVDA,-1,2024-12-17 11:39:00-05:00,129.954004,2024-12-17 12:30:00-05:00,131.22624,153,19886.94,-186.65999999999983,1.071,7.992107999999007,-195.72310799999883,-0.009841791044776062,TIME_STOP,51,2.8414148154422616,1.762053115794139
222,NVDA,1,2024-12-17 15:24:00-05:00,129.27585,2024-12-17 15:40:00-05:00,129.584078,154,19904.5,55.4400000000021,1.078,7.972887999999955,46.38911200000214,0.002330584139265098,TAKE_PROFIT,16,-2.870758802633975,-0.1619722996678947
223,NVDA,-1,2024-12-18 11:05:00-05:00,136.612672,2024-12-18 11:17:00-05:00,135.67713,146,19949.44,144.53999999999718,1.022,7.950867999997456,135.56713199999973,0.006795535714285701,TAKE_PROFIT,12,2.3759376741354874,-1.2888522711333321
224,NVDA,-1,2024-12-18 12:20:00-05:00,135.58287800000002,2024-12-18 12:36:00-05:00,135.41207699999998,147,19934.670000000002,33.07500000000334,1.029,7.96725299999747,24.078747000005876,0.0012078828994914826,TAKE_PROFIT,16,2.375379513113349,-0.9107087095213526
225,NVDA,-1,2024-12-18 14:53:00-05:00,133.803234,2024-12-18 14:55:00-05:00,133.146624,149,19940.670000000002,105.79000000000119,1.043,7.955110000001099,96.79189000000008,0.004853993872823735,TAKE_PROFIT,2,2.239038375363481,-0.018011335472700563
226,NVDA,-1,2024-12-19 10:15:00-05:00,131.96710130000002,2024-12-19 10:23:00-05:00,130.981191,151,19931.018500000002,156.81349999999986,1.057,7.941044699995501,147.81545530000437,0.007416352320379631,TAKE_PROFIT,8,2.4171811612950487,-0.19416400631508168
227,NVDA,-1,2024-12-19 11:22:00-05:00,132.398515,2024-12-19 11:32:00-05:00,133.73903681647724,151,19996.175000000003,-194.38144799846108,1.057,8.037346289601402,-203.47579428806247,-0.010175735823879439,STOP_LOSS,10,2.535598411452454,1.7107341143317292
228,NVDA,-1,2024-12-19 14:01:00-05:00,132.70525364,2024-12-19 14:11:00-05:00,132.296454,150,19909.77,69.26999999999737,1.05,7.9500539999997955,60.269945999997574,0.0030271543066543497,TAKE_PROFIT,10,2.0164297737483685,0.36941601316185135
229,NVDA,1,2024-12-19 15:05:00-05:00,131.406276,2024-12-19 15:18:00-05:00,131.59477578000002,152,19969.76,36.64720000000261,1.064,7.995233439998174,27.58796656000444,0.0013814871365506866,TAKE_PROFIT,13,-1.3694523633566922,0.3964891617895632
230,NVDA,1,2024-12-20 15:35:00-05:00,133.07661000000002,2024-12-20 15:47:00-05:00,133.56708124,150,19957.5,81.56999999999641,1.05,7.999313999999913,72.5206859999965,0.0036337560315669046,TAKE_PROFIT,12,-2.8166070975507127,-0.2522326709035906
231,NVDA,1,2024-12-23 15:07:00-05:00,138.60681582,2024-12-23 15:13:00-05:00,138.89211602,144,19955.3904,49.07520000000022,1.008,7.9919712000009895,40.07522879999923,0.0020082407808969366,TAKE_PROFIT,6,-1.9042219886394045,0.11414344278900482
232,NVDA,1,2024-12-24 11:53:00-05:00,140.7976539,2024-12-24 12:20:00-05:00,140.7928358,142,19989.269,7.3130000000006135,0.994,7.9971701999998,-1.6781701999991867,-8.395355528004485e-05,TAKE_PROFIT,27,-2.475630192459453,1.8139492222296991
233,NVDA,1,2024-12-26 15:13:00-05:00,140.12802,2024-12-26 15:20:00-05:00,140.1934557,142,19894.2,17.252999999999645,0.994,7.961130600000388,8.297869399999257,0.0004170999286223752,TAKE_PROFIT,7,-2.250710863787864,0.9676083807151872
234,NVDA,-1,2024-12-27 11:29:00-05:00,136.487697,2024-12-27 11:44:00-05:00,136.337262,146,19931.19,29.929999999997676,1.022,7.96648999999951,20.941509999998168,0.001050690400322217,TAKE_PROFIT,15,2.5459767924003955,-0.5639172187794252
235,NVDA,-1,2024-12-27 13:04:00-05:00,136.262742,2024-12-27 13:23:00-05:00,136.207236,146,19898.34,16.059999999997842,1.022,7.956123999996635,7.081876000001207,0.00035590285420799964,TAKE_PROFIT,19,2.035843176108905,0.13550987323940222
236,NVDA,1,2024-12-27 14:25:00-05:00,136.32726,2024-12-27 14:34:00-05:00,136.46340186,146,19899.800000000003,27.84219999999891,1.022,7.965488439997557,18.854711560001356,0.0009474824651504715,TAKE_PROFIT,9,-2.2299975404779335,0.7880955138033247
237,NVDA,1,2024-12-30 13:55:00-05:00,139.437882,2024-12-30 14:42:00-05:00,139.12226998,143,19935.63,-37.165699999998225,1.0010000000000001,7.966818860002235,-46.13351886000046,-0.0023141239509361106,TAKE_PROFIT,47,-1.738040479219109,1.880367291442747
238,NVDA,-1,2024-12-31 15:24:00-05:00,135.282938,2024-12-31 15:38:00-05:00,135.067008,147,19890.57,39.690000000001504,1.029,7.948289999999389,30.71271000000212,0.0015440839553618685,TAKE_PROFIT,14,2.123194895733311,-0.38778958966873617
239,NVDA,1,2025-01-02 12:31:00-05:00,136.887372,2025-01-02 12:48:00-05:00,135.50248739240507,146,19981.56,-194.239376584178,1.022,7.953776124681326,-203.2151527088593,-0.010170134499451458,STOP_LOSS,17,-2.5015998005115105,-1.5218134247309758
240,NVDA,-1,2025-01-02 14:50:00-05:00,137.4725,2025-01-02 15:00:00-05:00,136.94238299999998,145,19937.5,84.82500000000115,1.0150000000000001,7.958034999998489,75.85196500000266,0.0038044872727274063,TAKE_PROFIT,10,2.210200864822363,0.19832031091678246
241,NVDA,-1,2025-01-03 12:44:00-05:00,144.0391864,2025-01-03 13:13:00-05:00,144.5168976,138,19881.384000000002,-57.959999999998274,0.966,7.964145599999995,-66.89014559999828,-0.003364461226642887,TAKE_PROFIT,29,2.5007025745341145,0.5505025433090062
242,NVDA,1,2025-01-03 13:20:00-05:00,144.28105043999997,2025-01-03 13:33:00-05:00,144.57108,138,19906.8036,47.996400000000904,0.966,7.972320719997867,39.058079280003035,0.0019620467486805887,TAKE_PROFIT,13,-2.191537704229607,0.0899083015355814
243,NVDA,-1,2025-01-03 15:40:00-05:00,144.42111,2025-01-03 15:56:00-05:00,144.358866,138,19934.1,16.559999999996705,0.966,7.970327999997721,7.623671999998985,0.00038244375216332744,FORCED_EOD,16,2.280490524620388,0.20583718495527906
244,NVDA,-1,2025-01-06 10:54:00-05:00,151.92170958,2025-01-06 11:21:00-05:00,151.840362,131,19905.7251,18.6150999999999,0.917,7.958567020000004,9.739532979999893,0.0004892830043151703,TAKE_PROFIT,27,2.429622613770316,-0.9736348815240936
245,NVDA,1,2025-01-06 11:26:00-05:00,151.39087212,2025-01-06 11:30:00-05:00,151.849624,132,19979.5992,68.56079999999872,0.924,8.005551839999498,59.63124815999922,0.002984606826347108,TAKE_PROFIT,4,-2.222963801051838,-0.4611697312651178
246,NVDA,1,2025-01-06 14:12:00-05:00,149.85996600000001,2025-01-06 14:25:00-05:00,150.36992,133,19927.390000000003,75.80999999999909,0.931,7.986117999999976,66.89288199999912,0.0033568310752185365,TAKE_PROFIT,13,-2.9971486946454844,0.02239232813798475
247,NVDA,1,2025-01-06 15:03:00-05:00,149.689932,2025-01-06 15:07:00-05:00,150.129968,133,19904.78,66.5,0.931,7.975212000001051,57.59378799999895,0.002893465187758868,TAKE_PROFIT,4,-2.186595870640864,0.6757144382948201
248,NVDA,1,2025-01-06 15:40:00-05:00,149.989992,2025-01-06 15:49:00-05:00,148.47254865822788,133,19944.68,-193.8808686294198,0.931,7.939095826272393,-202.7509644556922,-0.010165666456202467,STOP_LOSS,9,-2.5390563140848252,-2.985933212948505
249,NVDA,1,2025-01-07 11:03:00-05:00,141.918378,2025-01-07 11:23:00-05:00,141.851624,140,19864.6,-1.3999999999987267,0.98,7.945560000001706,-10.325560000000433,-0.0005197970258651286,TAKE_PROFIT,20,-1.809817312714502,0.5070080370711679
250,NVDA,-1,2025-01-07 15:05:00-05:00,141.461702,2025-01-07 15:20:00-05:00,140.75814599999998,141,19950.09,107.16000000000273,0.987,7.958603999999866,98.21439600000286,0.004923005159375365,TAKE_PROFIT,15,2.746803146825286,-0.025374547877268862
251,NVDA,-1,2025-01-07 15:44:00-05:00,141.07178,2025-01-07 15:51:00-05:00,140.848164,141,19895.1,39.48000000000016,0.987,7.950144000001188,30.54285599999897,0.0015351948972359513,TAKE_PROFIT,7,1.7628121831972798,-3.2532675066817514
252,NVDA,1,2025-01-07 15:53:00-05:00,140.238042,2025-01-07 15:56:00-05:00,140.331928,142,19909.82,21.300000000000807,0.994,7.968188000001135,12.337811999999673,0.0006196847585764046,FORCED_EOD,3,-3.061247688798855,-1.8111436249800872
253,NVDA,1,2025-01-08 10:56:00-05:00,140.2740492,2025-01-08 10:56:00-05:00,138.85490170126585,142,19914.932,-193.59169035832383,0.994,7.927254461927191,-202.51294482025102,-0.01016889963873595,STOP_LOSS,0,-2.730001059644673,-2.439103410308442
254,NVDA,-1,2025-01-08 12:12:00-05:00,139.80203400000002,2025-01-08 12:32:00-05:00,138.21773801999998,143,19995.690000000002,234.50570000000164,1.0010000000000001,7.95137485999652,225.55332514000511,0.011280097117929168,TAKE_PROFIT,20,2.3461149455109824,0.601421127894173
255,NVDA,1,2025-01-08 13:04:00-05:00,139.837962,2025-01-08 13:13:00-05:00,140.311932,143,19992.83,75.79000000000016,1.0010000000000001,8.012289999998956,66.7767100000012,0.0033400329017953534,TAKE_PROFIT,9,-1.9281866075746494,-0.27893833936475254
256,NVDA,-1,2025-01-08 13:55:00-05:00,139.7940356,2025-01-08 14:09:00-05:00,140.65812599999998,143,19994.546000000002,-115.54399999999896,1.0010000000000001,8.020927199998283,-124.56592719999725,-0.00622999527971264,TAKE_PROFIT,14,2.5796494101389973,0.1570481981332753
257,NVDA,-1,2025-01-10 11:08:00-05:00,135.452904,2025-01-10 11:42:00-05:00,135.53210099999998,147,19915.559999999998,-3.6750000000008356,1.029,7.966958999998212,-12.670958999999048,-0.0006362341304989189,TAKE_PROFIT,34,2.4414433778834255,-0.8575027985012152
258,NVDA,-1,2025-01-13 11:39:00-05:00,132.043586,2025-01-13 12:03:00-05:00,131.53630199999998,151,19942.57,84.56000000000034,1.057,7.960115999996276,75.54288400000407,0.0037880215037482162,TAKE_PROFIT,24,1.9277849485448146,-1.3218579814371976
259,NVDA,1,2025-01-13 12:11:00-05:00,131.64612395999998,2025-01-13 12:31:00-05:00,132.45350399999998,151,19874.589799999998,129.89019999999877,1.057,7.975813959999044,120.85738603999974,0.0060810002750345945,TAKE_PROFIT,20,-2.5045654208930617,-1.3000724549483589
260,NVDA,1,2025-01-13 13:32:00-05:00,132.346464,2025-01-13 14:04:00-05:00,132.0600827,151,19980.32,-35.25849999999883,1.057,7.985076299999349,-44.300576299998184,-0.0022172105501812875,TAKE_PROFIT,32,-1.4470626885096505,0.27366152029578783
261,NVDA,1,2025-01-13 14:43:00-05:00,132.53650199999998,2025-01-13 14:53:00-05:00,132.01349202,150,19876.5,-70.51500000000033,1.05,7.936496999997189,-79.50149699999751,-0.003999773451060173,TAKE_PROFIT,10,-2.635089838925222,0.3362952140107181
262,NVDA,1,2025-01-14 10:13:00-05:00,134.036802,2025-01-14 10:28:00-05:00,132.68075650632912,149,19967.489999999998,-194.10260307757687,1.043,7.948175479383735,-203.09377855696061,-0.01017122224961478,STOP_LOSS,15,-3.0011661461687478,-1.2311806831177923
263,NVDA,-1,2025-01-14 14:53:00-05:00,131.188757,2025-01-14 15:29:00-05:00,130.716138,152,19944.68,79.80000000000086,1.064,7.961911999999529,70.77408800000134,0.003548519605228128,TAKE_PROFIT,36,2.1635003403316593,-0.7945158276555765
264,NVDA,1,2025-01-14 15:53:00-05:00,131.08461168,2025-01-14 15:56:00-05:00,131.25854304,152,19920.876800000002,34.41279999999756,1.064,7.975233279995791,25.37356672000177,0.0012737173656935505,FORCED_EOD,3,-2.396465376646491,-1.8205504142599678
265,NVDA,-1,2025-01-15 12:24:00-05:00,134.603074,2025-01-15 12:38:00-05:00,135.07701,148,19925.239999999998,-62.160000000002356,1.036,7.982527999998979,-71.17852800000134,-0.0035722795810741222,TAKE_PROFIT,14,2.5944194080616816,-0.7308395778852974
266,NVDA,1,2025-01-15 14:34:00-05:00,135.802155,2025-01-15 14:59:00-05:00,135.6543637,147,19958.925,-13.744500000000869,1.029,7.980821099998309,-22.754321099999178,-0.0011400574479837557,TAKE_PROFIT,25,-2.4270808277193545,0.6295863573255049
267,NVDA,1,2025-01-16 11:27:00-05:00,135.512097,2025-01-16 11:42:00-05:00,134.141126,147,19916.295000000002,-193.60493998799873,1.029,7.927797012000866,-202.5617369999996,-0.01017065357788683,STOP_LOSS,15,-2.672255345094172,-0.26262576082279593
268,NVDA,-1,2025-01-16 12:17:00-05:00,135.06108238,2025-01-16 12:26:00-05:00,135.33356129999999,148,19993.0388,-32.323200000000384,1.036,8.003680159999249,-41.362880159999634,-0.0020688640968375273,TAKE_PROFIT,9,1.9895808828455976,0.005877645050878966
269,NVDA,-1,2025-01-16 13:43:00-05:00,134.128169,2025-01-16 14:17:00-05:00,135.142023,149,19989.095,-143.04000000000119,1.043,8.02424599999594,-152.10724599999713,-0.007609511386083118,TAKE_PROFIT,34,2.4806927324254535,-0.11521766224865933
270,NVDA,1,2025-01-17 14:05:00-05:00,137.71573764,2025-01-17 14:12:00-05:00,137.70855278,145,19964.789,6.945499999999782,1.0150000000000001,7.9873046999991,-2.0568046999993186,-0.00010302160969491431,TAKE_PROFIT,7,-2.500840670540235,-0.3581605738878156
271,NVDA,1,2025-01-17 15:13:00-05:00,137.45748600000002,2025-01-17 15:26:00-05:00,137.67246,145,19927.350000000002,39.14999999999736,1.0150000000000001,7.978769999999713,30.15622999999765,0.0015133085934656463,TAKE_PROFIT,13,-3.481753157240851,0.47844865592899494
272,NVDA,-1,2025-01-21 12:55:00-05:00,140.361922,2025-01-21 13:26:00-05:00,141.78307252154227,142,19935.379999999997,-193.79046396621203,0.994,8.012910092790776,-202.7973740590028,-0.01017273681560135,STOP_LOSS,31,2.836189914777084,2.493053187118827
273,NVDA,1,2025-01-21 15:53:00-05:00,140.67813,2025-01-21 15:56:00-05:00,140.73184799999999,142,19972.3,15.619999999997901,0.994,7.992044000001442,6.633955999996459,0.00033215783860629267,FORCED_EOD,3,-2.2305287626539623,-2.119710616588922
274,NVDA,-1,2025-01-22 13:33:00-05:00,146.775639,2025-01-22 14:07:00-05:00,147.209436,136,19965.48,-51.0,0.9520000000000001,7.996391999999787,-59.948391999999785,-0.003002602091209417,TAKE_PROFIT,34,2.7600699240138282,0.1564081671875745
275,NVDA,1,2025-01-24 11:57:00-05:00,144.338862,2025-01-24 12:03:00-05:00,144.636067,138,19914.78,48.98999999999859,0.966,7.975709999999822,40.048289999998765,0.002010983299840559,TAKE_PROFIT,6,-2.7204783292279138,-0.009246863216084474
276,NVDA,1,2025-01-24 12:42:00-05:00,143.893773,2025-01-24 13:17:00-05:00,143.27034020000002,138,19853.370000000003,-78.10800000000035,0.966,7.925726399998155,-86.9997263999985,-0.004382113787231009,TAKE_PROFIT,35,-2.5058855669643725,0.896758887115084
277,NVDA,1,2025-01-24 15:05:00-05:00,142.313457,2025-01-24 15:27:00-05:00,142.031588,140,19919.899999999998,-31.499999999999204,0.98,7.9616600000008475,-40.44166000000005,-0.002030214007098432,TAKE_PROFIT,22,-2.3733743153546953,0.4693579715859296
278,NVDA,-1,2025-01-24 15:35:00-05:00,142.42150999999998,2025-01-24 15:45:00-05:00,142.208436,140,19943.0,37.79999999999745,0.98,7.969640000000595,28.85035999999686,0.0014466409266407692,TAKE_PROFIT,10,2.6837181108085284,0.17455801432619533
279,NVDA,1,2025-01-27 10:09:00-05:00,124.88497199999999,2025-01-27 10:17:00-05:00,123.62151524050633,160,19977.6,-194.2008816953262,1.12,7.952199823660067,-203.27308151898626,-0.010175050132097263,STOP_LOSS,8,-2.3757634955816296,-1.620591509596091
280,NVDA,1,2025-01-27 11:30:00-05:00,119.16882899999999,2025-01-27 11:36:00-05:00,117.96320225316455,167,19897.215,-193.41946461444167,1.169,7.920202107075966,-202.50866672151764,-0.010177739282684417,STOP_LOSS,6,-2.738688825257452,-2.3928839913617725
281,NVDA,1,2025-01-27 13:26:00-05:00,118.17363,2025-01-27 13:36:00-05:00,119.311133,169,19967.350000000002,200.264999999998,1.183,8.026992999998782,191.05500699999922,0.009568370715192513,TAKE_PROFIT,10,-2.7013243731718477,1.232757161772696
282,NVDA,-1,2025-01-28 12:23:00-05:00,126.139767,2025-01-28 12:32:00-05:00,125.350065,158,19934.07,132.72000000000054,1.106,7.947083999999677,123.66691600000087,0.006203796615543182,TAKE_PROFIT,9,2.6944372581265297,0.09162714444836914
283,NVDA,-1,2025-01-28 13:48:00-05:00,126.254744,2025-01-28 14:27:00-05:00,127.02539999999999,158,19952.24,-113.75999999999982,1.106,8.003647999998321,-122.86964799999814,-0.006158188153310011,TAKE_PROFIT,39,2.597087289567455,-0.9489784253027422
284,NVDA,-1,2025-01-28 15:42:00-05:00,127.55278434,2025-01-28 15:56:00-05:00,128.405676,156,19902.2148,-125.06519999999949,1.092,7.9858989600001,-134.14309895999958,-0.006740109093787872,FORCED_EOD,14,2.13711379306606,0.8535014445699918
285,NVDA,1,2025-01-29 11:52:00-05:00,122.139423,2025-01-29 12:09:00-05:00,122.920411,163,19904.745,135.28999999999974,1.141,7.988955999998453,126.16004400000129,0.00633818941162026,TAKE_PROFIT,17,-2.6792609143661186,0.5662679362876379
286,NVDA,-1,2025-01-29 12:49:00-05:00,123.02449018,2025-01-29 13:10:00-05:00,121.92438,162,19933.9542,186.15419999999838,1.1340000000000001,7.936350839998141,177.08384916000026,0.008883528445149145,TAKE_PROFIT,21,2.6933351181502116,0.03045613928075984
287,NVDA,1,2025-01-29 13:19:00-05:00,121.00419600000001,2025-01-29 13:44:00-05:00,121.335728,165,19961.7,62.69999999999925,1.155,7.997219999999956,53.54777999999929,0.0026825260373615116,TAKE_PROFIT,25,-2.4499123713027062,0.4306883021357434
288,NVDA,-1,2025-01-29 14:02:00-05:00,121.785638,2025-01-29 14:32:00-05:00,121.58151143999999,164,19976.84,41.45920000000126,1.1480000000000001,7.982444159997954,32.3287558400033,0.001618311797061162,TAKE_PROFIT,30,2.4881201049361774,-1.4988322396706293
289,NVDA,1,2025-01-29 14:42:00-05:00,122.619519,2025-01-29 15:04:00-05:00,121.85532406,163,19982.985,-116.59389999999986,1.141,7.969875219999466,-125.70477521999933,-0.006290590480851551,TAKE_PROFIT,22,-3.247252647359759,0.3851196056358559
290,NVDA,-1,2025-01-30 12:16:00-05:00,119.95600400000001,2025-01-30 12:48:00-05:00,119.713938,166,19916.68,48.14000000000104,1.162,7.957043999999655,39.020956000001384,0.001959209868311455,TAKE_PROFIT,32,2.4056701016805917,-0.5750275643903998
291,NVDA,-1,2025-01-30 14:05:00-05:00,120.4759,2025-01-30 14:40:00-05:00,121.6957065235832,166,20003.0,-194.44779335613939,1.162,8.040089558672122,-203.6498829148115,-0.010180967000690473,STOP_LOSS,35,2.6986557477170554,2.0247761065641523
292,NVDA,-1,2025-01-30 15:38:00-05:00,123.020391,2025-01-30 15:55:00-05:00,124.26596024227631,162,19933.29,-193.77014721931758,1.1340000000000001,8.012070029443606,-202.91621724876117,-0.01017976547016379,STOP_LOSS,17,3.1416811828634557,0.6069938117866228
293,NVDA,1,2025-01-31 12:20:00-05:00,124.10981699999999,2025-01-31 12:40:00-05:00,124.960003,161,19977.684999999998,144.90000000000092,1.127,8.020053999999647,135.75294600000126,0.00679522907684255,TAKE_PROFIT,20,-2.740692615427583,0.327938794587344
294,NVDA,-1,2025-01-31 13:00:00-05:00,125.854824,2025-01-31 13:07:00-05:00,125.3110572,158,19889.04,93.85199999999907,1.106,7.936845599999032,84.80915440000004,0.004264115030187482,TAKE_PROFIT,7,2.85745690896664,0.02172683042417171
295,NVDA,-1,2025-01-31 14:47:00-05:00,121.27574,2025-01-31 14:55:00-05:00,121.71493812,164,19893.2,-64.05840000000103,1.1480000000000001,7.97009167999903,-73.17649168000005,-0.003678467600989285,TAKE_PROFIT,8,2.7105500232567503,-1.1460559809945696
296,NVDA,1,2025-01-31 15:52:00-05:00,120.129021,2025-01-31 15:56:00-05:00,120.165962,166,19937.43,14.109999999998962,1.162,7.9777939999991645,4.9702059999997985,0.0002492902044044693,FORCED_EOD,4,-1.9544761940933346,-0.33036578598117367
297,NVDA,-1,2025-02-03 11:07:00-05:00,117.411513,2025-02-03 11:11:00-05:00,117.803556,170,19963.95,-58.64999999999981,1.19,7.997310000000368,-67.83731000000017,-0.003397990377655733,TAKE_PROFIT,4,0.7105902509434247,0.8853105368793922
298,NVDA,1,2025-02-03 12:26:00-05:00,116.38327199999999,2025-02-03 12:33:00-05:00,115.891817,171,19897.56,-76.09499999999883,1.197,7.943804999999074,-85.23580499999791,-0.004283731522859984,TAKE_PROFIT,7,-2.4949265423956763,0.0037097494823177474
299,NVDA,1,2025-02-03 13:06:00-05:00,116.083212,2025-02-03 13:10:00-05:00,115.701855,172,19962.32,-57.62000000000137,1.204,7.973404000000073,-66.79740400000145,-0.003346174392555647,TAKE_PROFIT,4,-2.0026214316032642,0.23351983921970046
300,NVDA,1,2025-02-03 15:53:00-05:00,116.49329399999999,2025-02-03 15:56:00-05:00,116.72665,171,19916.37,47.880000000000194,1.197,7.976123999997668,38.706876000002524,0.0019434704215679124,FORCED_EOD,3,-2.335078501787224,0.47040585013722197
301,NVDA,1,2025-02-04 10:13:00-05:00,120.41347787999999,2025-02-04 10:58:00-05:00,119.501095,166,19984.6404,-143.4903999999982,1.162,7.965158079998702,-152.6175580799969,-0.007636742769712129,TAKE_PROFIT,45,-1.8802378206951407,0.6630542769748751
302,NVDA,1,2025-02-04 14:08:00-05:00,119.25774678,2025-02-04 14:36:00-05:00,119.441107,167,19912.0613,38.59369999999964,1.169,7.972543260000094,29.452156739999552,0.0014791113936556408,TAKE_PROFIT,28,-2.5217214129605847,0.48789679712923517
303,NVDA,-1,2025-02-05 10:06:00-05:00,123.25534400000001,2025-02-05 10:23:00-05:00,122.3049561,162,19971.36,161.9189999999996,1.1340000000000001,7.956160199998038,152.8288398000016,0.007652400227125323,TAKE_PROFIT,17,2.62872994181596,-0.26866376372958484
304,NVDA,1,2025-02-05 11:53:00-05:00,124.22484,2025-02-05 12:24:00-05:00,123.99519599999999,160,19872.0,-28.80000000000109,1.12,7.94304000000011,-37.863040000001206,-0.001905346215781059,TAKE_PROFIT,31,-2.4272173554420275,0.3329252454279757
305,NVDA,-1,2025-02-05 14:34:00-05:00,123.440307,2025-02-05 15:03:00-05:00,124.0248,162,20001.33,-86.66999999999945,1.1340000000000001,8.017865999999714,-95.82186599999916,-0.004790774713481511,TAKE_PROFIT,29,2.5182281929743184,-0.19937676519118874
306,NVDA,-1,2025-02-06 10:41:00-05:00,126.544686,2025-02-06 11:06:00-05:00,126.415278,158,19998.059999999998,28.439999999998832,1.106,7.993535999999153,19.340463999999677,0.000967117010349988,TAKE_PROFIT,25,2.192151253277358,-0.1472231375448364
307,NVDA,-1,2025-02-06 11:39:00-05:00,126.9606028,2025-02-06 11:57:00-05:00,128.24606629546668,157,19936.802,-193.80428713084115,1.099,8.013481657426397,-202.91676878826752,-0.010177999901301499,STOP_LOSS,18,2.686879806201875,1.6667632347272991
308,NVDA,1,2025-02-06 14:19:00-05:00,128.150625,2025-02-06 14:29:00-05:00,127.52948900000001,156,19987.5,-88.91999999999894,1.092,7.977215999997725,-97.98921599999666,-0.004902524878048613,TAKE_PROFIT,10,-2.277297317935123,0.5018207574945798
309,NVDA,-1,2025-02-06 14:33:00-05:00,127.12976895999999,2025-02-06 14:54:00-05:00,127.57551,157,19963.3664,-61.983600000000564,1.099,7.997743279999668,-71.08034328000022,-0.003560538931950887,TAKE_PROFIT,21,2.861078235426604,-0.01533813459157353
310,NVDA,1,2025-02-06 15:27:00-05:00,128.085612,2025-02-06 15:56:00-05:00,128.57927899999999,156,19977.36,85.01999999999805,1.092,8.007947999999942,75.92005199999811,0.0038003045447445563,FORCED_EOD,29,-2.1855506809259486,-1.6259386397815143
311,NVDA,-1,2025-02-07 09:59:00-05:00,129.67406,2025-02-07 10:37:00-05:00,129.53030088,154,19973.8,30.12239999999764,1.078,7.9834955199978594,21.06090447999978,0.0010544265227447848,TAKE_PROFIT,38,2.5774771411493753,-0.7918859439450786
312,NVDA,-1,2025-02-10 13:35:00-05:00,134.48309799999998,2025-02-10 13:46:00-05:00,134.3528652,148,19907.48,27.23199999999963,1.036,7.957545600001481,18.238454399998147,0.00091616088023186,TAKE_PROFIT,11,2.243943248242733,-0.668803638064098
313,NVDA,-1,2025-02-10 14:44:00-05:00,134.343126,2025-02-10 14:57:00-05:00,134.54130288,148,19886.760000000002,-21.371199999998566,1.036,7.958978239998032,-30.3661782399966,-0.0015269545285404257,TAKE_PROFIT,13,1.8655652301392756,0.41169804651276587
314,NVDA,-1,2025-02-10 15:12:00-05:00,134.848025,2025-02-10 15:19:00-05:00,134.711937,148,19961.5,28.119999999999663,1.036,7.978975999999534,19.105024000000128,0.0009570936051899972,TAKE_PROFIT,7,2.7753275015935097,0.4728974404624298
315,NVDA,-1,2025-02-11 11:23:00-05:00,134.233148,2025-02-11 11:34:00-05:00,133.90667598,148,19870.48,56.25479999999982,1.036,7.936941039998146,47.28185896000167,0.002379502606882253,TAKE_PROFIT,11,1.7834698913471185,-0.24473172495115092
316,NVDA,1,2025-02-11 12:05:00-05:00,131.991393,2025-02-11 12:14:00-05:00,131.92361,151,19926.715,-2.2650000000022317,1.057,7.970232999996483,-11.292232999998715,-0.0005666881370059598,TAKE_PROFIT,9,-1.440917166174394,0.20099697322953353
317,NVDA,1,2025-02-11 14:24:00-05:00,133.24144296,2025-02-11 14:49:00-05:00,133.55328400000002,150,19982.22,54.78000000000236,1.05,8.00384399999956,45.7261560000028,0.0022883421361591856,TAKE_PROFIT,25,-2.8234999329678727,-0.7859476115358853
318,NVDA,-1,2025-02-12 15:15:00-05:00,131.128769,2025-02-12 15:52:00-05:00,131.17633002,152,19935.56,0.7447999999988042,1.064,7.97407503999716,-8.293275039998356,-0.00041600411726574804,TAKE_PROFIT,37,2.262585675758922,-0.23853661207442228
319,NVDA,-1,2025-02-13 10:44:00-05:00,136.41281198000001,2025-02-13 11:05:00-05:00,135.85276512000002,146,19920.2546,89.7169999999989,1.022,7.950158439998916,80.74484155999998,0.0040534040945440514,TAKE_PROFIT,21,2.899920906740657,-0.5901327966892344
320,NVDA,1,2025-02-13 11:10:00-05:00,135.452085,2025-02-13 11:20:00-05:00,135.77284,147,19907.475000000002,55.125,1.029,7.9740150000012875,46.121984999998716,0.0023168174266198355,TAKE_PROFIT,10,-2.4726054246330005,0.13980997771366227
321,NVDA,-1,2025-02-13 13:04:00-05:00,135.30793300000002,2025-02-13 13:09:00-05:00,135.087012,147,19894.245000000003,40.425000000000836,1.029,7.949612999996049,31.44638700000479,0.0015806775778625822,TAKE_PROFIT,5,2.6634808128441225,-0.2494310633008779
322,NVDA,1,2025-02-13 13:20:00-05:00,133.646724,2025-02-13 13:46:00-05:00,134.513092,149,19909.38,137.07999999999814,1.043,7.991167999998993,128.04583199999914,0.006431432420296319,TAKE_PROFIT,26,-2.6020766694609363,-0.195983088289719
323,NVDA,1,2025-02-13 15:33:00-05:00,135.122019,2025-02-13 15:56:00-05:00,135.0754795,148,19994.06,1.1099999999989905,1.036,7.997845999998162,-7.9238459999991715,-0.0003963100040711677,FORCED_EOD,23,-2.5523126820559323,-1.9977334908425408
324,NVDA,1,2025-02-14 11:11:00-05:00,137.397474,2025-02-14 11:44:00-05:00,136.69255602,145,19918.65,-94.2645000000013,1.0150000000000001,7.948607099995257,-103.22810709999656,-0.00518248511319776,TAKE_PROFIT,33,-2.5285474444626184,-0.12057803668679827
325,NVDA,-1,2025-02-14 15:00:00-05:00,138.16246198000002,2025-02-14 15:30:00-05:00,138.397674,144,19899.3744,-25.905600000000504,1.008,7.9649308799962455,-34.878530879996745,-0.0017527450953431353,TAKE_PROFIT,30,2.4046440984612856,1.8041641257048815
326,NVDA,-1,2025-02-14 15:37:00-05:00,138.812232,2025-02-14 15:48:00-05:00,138.647724,144,19992.96,31.679999999999836,1.008,7.990848000002188,22.68115199999765,0.0011344569288388338,TAKE_PROFIT,11,2.229069362109222,-0.23593477675406235
327,NVDA,1,2025-02-18 10:37:00-05:00,139.9989942,2025-02-18 11:03:00-05:00,140.381918,142,19875.882,62.337999999999,0.994,7.962820399996929,53.38117960000207,0.0026857263290254022,TAKE_PROFIT,26,-2.4878596131509103,1.0506733489015907
328,NVDA,-1,2025-02-18 12:39:00-05:00,140.3364271,2025-02-18 12:44:00-05:00,140.25694578,142,19931.759,19.2551999999975,0.994,7.968852559995582,10.292347440001919,0.0005163792839358493,TAKE_PROFIT,5,2.147501896956419,-0.35071133101076435
329,NVDA,-1,2025-02-18 14:59:00-05:00,140.0634817,2025-02-18 15:09:00-05:00,139.867968,142,19892.993,35.712999999999,0.994,7.950054599996065,26.768945400002934,0.0013456469521706932,TAKE_PROFIT,10,2.6138733337088755,0.22686237538453932
330,NVDA,1,2025-02-18 15:38:00-05:00,138.96778799999998,2025-02-18 15:56:00-05:00,138.80223400000003,143,19868.42,-15.729999999997887,1.0010000000000001,7.944221999996046,-24.675221999993934,-0.0012419317691086628,FORCED_EOD,18,-2.60191283704136,-0.7452697524719992
331,NVDA,1,2025-02-19 10:10:00-05:00,137.48629176,2025-02-19 10:14:00-05:00,138.20695308,145,19931.525999999998,112.49100000000055,1.0150000000000001,7.995108599999838,103.48089140000071,0.005191819803461146,TAKE_PROFIT,4,-2.1839720830053073,0.3526300279862751
332,NVDA,-1,2025-02-19 11:05:00-05:00,140.316931,2025-02-19 11:09:00-05:00,139.907976,142,19928.99,66.03000000000048,0.994,7.958389999997621,57.07761000000286,0.0028640493070648766,TAKE_PROFIT,4,2.5334247753017176,-0.13125511888846195
333,NVDA,1,2025-02-19 11:49:00-05:00,139.637922,2025-02-19 11:59:00-05:00,139.91221196,143,19964.230000000003,47.21859999999867,1.0010000000000001,7.995135719998046,38.22246428000063,0.0019145473819927252,TAKE_PROFIT,10,-3.1663697483346867,-0.06192526478452378
334,NVDA,1,2025-02-19 15:22:00-05:00,140.07801,2025-02-19 15:54:00-05:00,139.362122,142,19887.100000000002,-93.72000000000355,0.994,7.936095999997406,-102.65009600000096,-0.005161642270617684,TAKE_PROFIT,32,-2.7524746246081624,-1.1884825328048818
335,NVDA,1,2025-02-20 11:01:00-05:00,137.56250699999998,2025-02-20 11:22:00-05:00,137.932408,145,19942.575,61.62500000000165,1.0150000000000001,7.989354999997715,52.62064500000393,0.0026386083542373003,TAKE_PROFIT,21,-2.4916657671892204,0.18880232324952795
336,NVDA,-1,2025-02-20 12:07:00-05:00,139.652064,2025-02-20 12:28:00-05:00,139.72794,143,19974.24,-2.859999999997399,1.0010000000000001,7.99026800000172,-11.85126799999912,-0.0005933276059564279,TAKE_PROFIT,21,2.5501669101306845,-0.39925024380627827
337,NVDA,1,2025-02-20 13:45:00-05:00,139.47788999999997,2025-02-20 13:49:00-05:00,139.53208800000002,143,19941.35,15.73000000000195,1.0010000000000001,7.979685999995922,6.749314000006029,0.0003384582287561288,TAKE_PROFIT,4,-3.0223475533154227,0.18143408116050405
338,NVDA,-1,2025-02-20 15:01:00-05:00,140.08197800000002,2025-02-20 15:08:00-05:00,139.907976,142,19895.620000000003,32.66000000000258,0.994,7.951715999998328,23.714284000004255,0.00119193490828656,TAKE_PROFIT,7,2.4743547267532247,0.5720260122713469
339,NVDA,-1,2025-02-21 12:07:00-05:00,139.64706500000003,2025-02-21 12:17:00-05:00,139.00779599999998,143,19973.525,99.38500000000309,1.0010000000000001,7.9695329999971705,90.41446700000591,0.004526715589762243,TAKE_PROFIT,10,2.212994484768476,0.10484549134792914
340,NVDA,1,2025-02-21 13:05:00-05:00,137.047404,2025-02-21 13:22:00-05:00,137.112572,145,19867.9,17.39999999999654,1.0150000000000001,7.950639999996554,8.434359999999984,0.00042452196759597055,TAKE_PROFIT,17,-2.370896022970894,0.41738144415922007
341,NVDA,1,2025-02-21 14:09:00-05:00,136.357266,2025-02-21 14:38:00-05:00,134.9777444556962,146,19904.18,-193.4871709025353,1.022,7.922974565819345,-202.43214546835463,-0.010170333340451837,STOP_LOSS,29,-2.6348482841298373,-3.1938915718829977
342,NVDA,1,2025-02-21 15:33:00-05:00,134.996994,2025-02-21 15:50:00-05:00,134.833028,148,19975.56,-16.279999999997813,1.036,7.986968000000388,-25.302967999998202,-0.0012666963028820318,TAKE_PROFIT,17,-2.0919466512325644,-0.3215858859921849
343,NVDA,1,2025-02-24 15:03:00-05:00,132.146424,2025-02-24 15:11:00-05:00,132.45350399999998,151,19950.12,54.35999999999777,1.057,7.990920000000045,45.31207999999772,0.0022712685437479936,TAKE_PROFIT,8,-2.6687170441111094,0.4811947628137831
344,NVDA,-1,2025-02-25 11:23:00-05:00,126.634668,2025-02-25 11:45:00-05:00,126.650325,157,19885.62,5.4949999999994645,1.099,7.953148999997936,-3.5571489999984713,-0.00017888046739294381,TAKE_PROFIT,22,2.0136929505848733,0.18956889598906235
345,NVDA,-1,2025-02-25 12:37:00-05:00,128.984198,2025-02-25 12:52:00-05:00,129.030801,155,19996.55,0.7749999999992951,1.085,7.99846500000001,-8.308465000000716,-0.0004154949228742316,TAKE_PROFIT,15,2.614373135116095,-0.11836035978152643
346,NVDA,-1,2025-02-25 13:16:00-05:00,129.55408400000002,2025-02-25 13:18:00-05:00,129.22583999999998,154,19955.320000000003,58.52000000000368,1.078,7.970423999997422,49.47157600000625,0.0024791171477082925,TAKE_PROFIT,2,2.6959641190909007,-1.5027513746485477
347,NVDA,-1,2025-02-25 15:11:00-05:00,128.15436400000002,2025-02-25 15:32:00-05:00,128.470689,156,19996.08,-41.33999999999787,1.092,8.00669999999866,-50.43869999999653,-0.002522429396161474,TAKE_PROFIT,21,2.321143260037815,-0.764264705671396
348,NVDA,1,2025-02-25 15:49:00-05:00,127.435482,2025-02-25 15:56:00-05:00,126.354724,156,19875.96,-160.68000000000018,1.092,7.918247999998073,-169.69024799999826,-0.008537461737697111,FORCED_EOD,7,-2.6096815549596233,-2.3542096259705456
349,NVDA,-1,2025-02-26 10:42:00-05:00,131.688657,2025-02-26 11:05:00-05:00,133.02199157472,151,19888.965,-193.3392669293363,1.057,7.994253853383469,-202.39052078271976,-0.010176020762403662,STOP_LOSS,23,2.5150057876102534,1.925664296963176
350,NVDA,1,2025-02-26 14:09:00-05:00,128.765748,2025-02-26 14:11:00-05:00,129.204154,155,19954.7,75.949999999997,1.085,7.997069999999127,66.86792999999788,0.0033509864843870307,TAKE_PROFIT,2,-2.1278773801135165,2.1363489801608964
351,NVDA,-1,2025-02-26 15:31:00-05:00,130.39381602,2025-02-26 15:43:00-05:00,131.71404045838233,153,19954.244700000003,-193.97384642320827,1.071,8.020492649287547,-203.06533907249582,-0.010176548505115596,STOP_LOSS,12,1.6855695026701933,2.1962928642499997
352,NVDA,1,2025-02-27 11:06:00-05:00,126.32526,2025-02-27 11:13:00-05:00,127.22455000000001,158,19955.399999999998,150.10000000000045,1.106,8.012179999999233,140.98182000000122,0.007064845605700774,TAKE_PROFIT,7,-0.37038882952703994,-0.41696325613697155
353,NVDA,-1,2025-02-27 14:51:00-05:00,123.865222,2025-02-27 15:17:00-05:00,122.40447599999999,161,19946.29,243.1100000000008,1.127,7.929893999998484,234.05310600000232,0.01173416740657046,TAKE_PROFIT,26,2.5235930254859045,-1.1711066242315529
354,NVDA,1,2025-02-27 15:22:00-05:00,122.15442599999999,2025-02-27 15:28:00-05:00,122.65546400000001,163,19907.19,89.65000000000185,1.141,7.980805999998182,80.52819400000367,0.004045181364120384,TAKE_PROFIT,6,-2.0444969939250313,0.22075367081732553
355,NVDA,1,2025-02-28 14:34:00-05:00,120.77414999999999,2025-02-28 14:59:00-05:00,121.335728,165,19923.75,100.6499999999999,1.155,7.989629999998016,91.50537000000189,0.004592778467908998,TAKE_PROFIT,25,-2.683880463626114,-0.5948363721967435
356,NVDA,1,2025-02-28 15:31:00-05:00,121.694334,2025-02-28 15:34:00-05:00,122.000595,164,19953.88,58.22000000000065,1.1480000000000001,7.993195999999614,49.078804000001035,0.002459612065422917,TAKE_PROFIT,3,-1.387056015373386,2.5631990011747283
357,NVDA,1,2025-03-03 10:29:00-05:00,119.5239,2025-03-03 10:51:00-05:00,118.916212,167,19956.5,-93.52000000000038,1.169,7.963895999998954,-102.65289599999933,-0.00514383263598323,TAKE_PROFIT,22,-2.179308779547986,-0.38750893805449677
358,NVDA,-1,2025-03-03 13:00:00-05:00,116.77664,2025-03-03 13:50:00-05:00,115.913178,171,19972.8,155.60999999999942,1.197,7.957997999999691,146.45500199999972,0.007332722602739712,TAKE_PROFIT,50,1.6530943789408763,-0.875823243471651
359,NVDA,-1,2025-03-03 14:53:00-05:00,115.45690400000001,2025-03-03 15:44:00-05:00,112.597515,173,19978.04,502.56500000000017,1.211,7.890702999998936,493.4632970000012,0.024700285763768676,TIME_STOP,51,3.5735155444489073,1.3618075296603989
360,NVDA,1,2025-03-04 11:15:00-05:00,111.87236999999999,2025-03-04 11:20:00-05:00,111.56758202,178,19909.3,-46.29779999999897,1.246,7.95446043999857,-55.498260439997544,-0.0027875545820293807,TAKE_PROFIT,5,-2.2964788864165575,1.037263311121589
361,NVDA,-1,2025-03-04 12:53:00-05:00,115.53678802,2025-03-04 13:04:00-05:00,115.87316999999999,173,19991.8627,-50.1872999999992,1.211,8.006782539998127,-59.40508253999732,-0.0029714631113386607,TAKE_PROFIT,11,2.5955185574809634,0.22535633580419365
362,NVDA,1,2025-03-04 13:12:00-05:00,117.103416,2025-03-04 13:21:00-05:00,116.82573018000001,170,19903.6,-39.25299999999851,1.19,7.95358939999943,-48.396589399997936,-0.0024315495387768012,TAKE_PROFIT,9,-2.440578781682506,-0.11527274102979389
363,NVDA,1,2025-03-04 15:24:00-05:00,119.078811,2025-03-04 15:29:00-05:00,119.12617,167,19882.185,15.86499999999981,1.169,7.956046999999785,6.739953000000025,0.00033899458233589637,TAKE_PROFIT,5,-2.76779166899133,0.4911972127896664
364,NVDA,-1,2025-03-05 11:13:00-05:00,114.92701000000001,2025-03-05 11:56:00-05:00,115.22804099999999,174,20001.3,-44.36999999999921,1.218,8.0093939999974,-53.59739399999661,-0.002679695519791044,TAKE_PROFIT,43,2.3416071787032133,-0.5493688664189973
365,NVDA,1,2025-03-05 12:00:00-05:00,115.90317599999999,2025-03-05 12:51:00-05:00,117.136568,172,19931.36,220.1600000000002,1.204,8.016575999998622,210.93942400000157,0.010583293061788134,TIME_STOP,51,-2.689043754137563,-1.2193315249504058
366,NVDA,-1,2025-03-05 15:52:00-05:00,117.556484,2025-03-05 15:56:00-05:00,117.69543438,170,19988.6,-15.622999999999223,1.19,7.998564600000293,-24.811564599999517,-0.0012412857628848204,FORCED_EOD,4,2.021878463693916,-0.5912951917594692
367,NVDA,1,2025-03-06 10:09:00-05:00,114.78295200000001,2025-03-06 10:50:00-05:00,114.857024,174,19968.24,20.87999999999832,1.218,7.991472000000613,11.670527999997706,0.0005844545137677484,TAKE_PROFIT,41,-2.2106365169865105,0.3683906942148096
368,NVDA,-1,2025-03-06 13:30:00-05:00,111.507694,2025-03-06 13:53:00-05:00,111.432282,179,19963.87,21.480000000000814,1.2530000000000001,7.981252000000808,12.245748000000006,0.0006133954989688877,TAKE_PROFIT,23,2.450771211851699,-0.6308217888346149
369,NVDA,1,2025-03-06 14:50:00-05:00,111.65232599999999,2025-03-06 14:56:00-05:00,111.567682,179,19981.77,-7.1599999999985755,1.2530000000000001,7.991275999998393,-16.40427599999697,-0.0008209621069603428,TAKE_PROFIT,6,-2.67137769070189,-0.4480147104575419
370,NVDA,-1,2025-03-07 11:26:00-05:00,109.82803,2025-03-07 11:50:00-05:00,108.59741514,182,19992.7,231.9225999999994,1.274,7.9506954799988705,222.69790452000052,0.011138960946745588,TAKE_PROFIT,24,2.7904892526281975,-1.4530260030552529
371,NVDA,1,2025-03-07 11:57:00-05:00,108.17163000000001,2025-03-07 12:12:00-05:00,107.84342699999999,184,19899.600000000002,-52.44000000000199,1.288,7.949352000000999,-61.67735200000298,-0.003099426722145318,TAKE_PROFIT,15,-2.5245900725475283,0.008078571156547622
372,NVDA,1,2025-03-07 12:36:00-05:00,109.451886,2025-03-07 12:59:00-05:00,109.338128,182,19916.260000000002,-12.740000000001345,1.274,7.963955999999428,-21.977956000000773,-0.0011035182308325345,TAKE_PROFIT,23,-2.0896698321172105,0.17248219223331754
373,NVDA,1,2025-03-07 13:39:00-05:00,111.042204,2025-03-07 14:13:00-05:00,111.037788,180,19983.6,7.2000000000011255,1.26,7.994879999999682,-2.0548799999985565,-0.00010282831922168962,TAKE_PROFIT,34,-2.9434185873110663,-0.1133828636743843
374,NVDA,-1,2025-03-07 14:51:00-05:00,111.73604832,2025-03-07 15:11:00-05:00,112.86736471323833,178,19892.995199999998,-193.3784442275784,1.246,7.995873768845428,-202.62031799642384,-0.010185510827269685,STOP_LOSS,20,2.0685490923556142,0.7165360627264897
375,NVDA,1,2025-03-10 10:14:00-04:00,108.641724,2025-03-10 10:16:00-04:00,109.188158,184,19986.08,108.55999999999801,1.288,8.016143999997098,99.25585600000092,0.004966249309519471,TAKE_PROFIT,2,-2.1646057156231295,0.657449721741582
376,NVDA,-1,2025-03-10 12:14:00-04:00,107.82663036000001,2025-03-10 12:35:00-04:00,108.731742,185,19951.917,-159.4329999999978,1.295,8.012653399999792,-168.7406533999976,-0.0084573654451348,TAKE_PROFIT,21,2.243164442758122,0.24054592371773348
377,NVDA,-1,2025-03-10 15:09:00-04:00,105.4789,2025-03-10 15:16:00-04:00,106.41297834,189,19939.5,-168.53130000000004,1.323,8.009506259999824,-177.86380625999988,-0.008920173838862552,TAKE_PROFIT,7,2.729831108362242,-0.016906699626090683
378,NVDA,-1,2025-03-11 12:12:00-04:00,108.448306,2025-03-11 12:33:00-04:00,109.181832,184,19958.48,-126.95999999999958,1.288,8.008783999999991,-136.25678399999958,-0.006827012077071981,TAKE_PROFIT,21,2.471869897916025,0.01180771674811624
379,NVDA,-1,2025-03-11 12:55:00-04:00,108.39831600000001,2025-03-11 13:36:00-04:00,107.531502,184,19949.28,167.43999999999937,1.288,7.946223999998438,158.20577600000092,0.007930400295148543,TAKE_PROFIT,41,1.9922284445733842,-0.3366141344842401
380,NVDA,1,2025-03-11 14:43:00-04:00,110.412078,2025-03-11 14:56:00-04:00,111.937608,181,19980.59,284.16999999999877,1.2670000000000001,8.049069999998153,274.8539300000006,0.013756046743364466,TAKE_PROFIT,13,-2.868069412742691,0.59726236397693
381,NVDA,1,2025-03-12 11:28:00-04:00,114.64292400000001,2025-03-12 11:56:00-04:00,115.436908,174,19943.88,146.15999999999812,1.218,8.006783999999044,136.9352159999991,0.006866026871401106,TAKE_PROFIT,28,-1.601899585611888,0.4267477931167397
382,NVDA,-1,2025-03-12 12:44:00-04:00,115.59687600000001,2025-03-12 12:51:00-04:00,116.38517238,173,20002.260000000002,-128.34870000000018,1.211,8.026573739998312,-137.5862737399985,-0.006878536412385324,TAKE_PROFIT,7,1.873234217145877,-0.0592743570298806
383,NVDA,-1,2025-03-12 13:58:00-04:00,114.622071,2025-03-12 14:10:00-04:00,114.41287799999999,174,19948.23,44.36999999999921,1.218,7.970417999996897,35.18158200000231,0.0017636442932532014,TAKE_PROFIT,12,2.855607080302515,-0.3594365301116328
384,NVDA,1,2025-03-12 14:50:00-04:00,115.918179,2025-03-12 14:54:00-04:00,115.65686400000001,172,19933.94,-36.97999999999814,1.204,7.966179999998758,-46.1501799999969,-0.002315155960136175,TAKE_PROFIT,4,-2.97736955810433,-0.5805692350012133
385,NVDA,-1,2025-03-12 15:37:00-04:00,115.416912,2025-03-12 15:56:00-04:00,115.90817700000001,173,19971.12,-76.98500000000128,1.211,8.003845000000922,-86.1998450000022,-0.004316224878724989,FORCED_EOD,19,2.506925631585669,1.0431290582603592
386,NVDA,1,2025-03-13 12:33:00-04:00,116.058207,2025-03-13 12:46:00-04:00,115.816832,172,19958.02,-33.53999999999883,1.204,7.976499999999589,-42.72049999999842,-0.0021405179471710328,TAKE_PROFIT,13,-1.8023971854201437,0.4786284763293304
387,NVDA,-1,2025-03-13 15:55:00-04:00,116.036788,2025-03-13 15:56:00-04:00,115.82816100000001,172,19962.32,43.85999999999922,1.204,7.976156000000458,34.67984399999876,0.0017372652076511528,FORCED_EOD,1,2.56008071292007,-0.224341293641924
388,NVDA,1,2025-03-14 10:52:00-04:00,120.239043,2025-03-14 11:14:00-04:00,120.56538210000001,166,19955.690000000002,62.166999999999604,1.162,7.994709399997504,53.0102906000021,0.0026563997837209387,TAKE_PROFIT,22,-2.689180432941816,-0.3323092983010644
389,NVDA,1,2025-03-14 11:33:00-04:00,121.054206,2025-03-14 11:37:00-04:00,121.245746,165,19969.95,39.599999999999156,1.155,7.995899999998599,30.449100000000556,0.0015247459307609961,TAKE_PROFIT,4,-2.1332672813891995,0.3088566366947504
390,NVDA,1,2025-03-14 14:33:00-04:00,120.554106,2025-03-14 14:55:00-04:00,120.670861,165,19887.45,27.224999999998687,1.155,7.960424999999063,18.109574999999623,0.0009106031693354162,TAKE_PROFIT,22,-2.3012896592071717,0.5501369567663624
391,NVDA,-1,2025-03-14 15:41:00-04:00,120.85592398,2025-03-14 15:48:00-04:00,120.964188,165,19945.2165,-9.883499999999827,1.155,7.980063299999003,-19.01856329999883,-0.0009535400781434904,TAKE_PROFIT,7,2.1654767076811723,-0.3581257143267849
392,NVDA,-1,2025-03-17 11:36:00-04:00,119.14596604,2025-03-17 11:54:00-04:00,119.663928,167,19901.3566,-78.52340000000092,1.169,7.976247319998052,-87.66864731999897,-0.004405159360844726,TAKE_PROFIT,18,1.946442711285491,-0.8946529662435165
393,NVDA,1,2025-03-17 13:17:00-04:00,118.69373399999999,2025-03-17 14:08:00-04:00,119.361123,168,19936.56,120.12000000000057,1.176,7.998647999998184,110.94535200000239,0.0055649195247325705,TIME_STOP,51,-2.0873696207633587,-1.5135289656183166
394,NVDA,-1,2025-03-18 13:01:00-04:00,118.19135700000001,2025-03-18 13:22:00-04:00,118.22364,169,19978.335,2.535000000000096,1.183,7.990826999998831,-6.638826999998734,-0.00033230131539984363,TAKE_PROFIT,21,2.134540583472381,-0.5455550579380757
395,NVDA,1,2025-03-18 13:28:00-04:00,117.653526,2025-03-18 14:01:00-04:00,116.46322951898735,169,19879.469999999998,-193.24696668447558,1.183,7.913138606662599,-202.34310529113816,-0.010178495970523267,STOP_LOSS,33,-2.224483791439774,-2.2879313884566534
396,NVDA,1,2025-03-19 11:40:00-04:00,117.133422,2025-03-19 11:44:00-04:00,117.45650400000001,170,19908.7,62.90000000000077,1.19,7.976059999998455,53.73394000000232,0.002699018017248857,TAKE_PROFIT,4,-1.9730206016095395,1.1649891201937996
397,NVDA,-1,2025-03-19 12:13:00-04:00,117.80533422,2025-03-19 13:04:00-04:00,117.988593,169,19913.0841,-23.00089999999983,1.183,7.969833819998229,-32.15373381999806,-0.0016147038629740966,TIME_STOP,51,2.3467441800730384,2.195804785516226
398,NVDA,1,2025-03-20 12:46:00-04:00,118.113618,2025-03-20 13:16:00-04:00,118.506294,169,19957.21,74.35999999999962,1.183,7.99775600000055,65.17924399999906,0.0032659496993817805,TAKE_PROFIT,30,-2.157322438861577,-0.7820926709431143
399,NVDA,1,2025-03-21 13:13:00-04:00,117.5235,2025-03-21 13:34:00-04:00,117.07657999999999,170,19975.0,-68.00000000000097,1.19,7.976400000000012,-77.16640000000098,-0.003863148936170262,TAKE_PROFIT,21,-1.6338159171204651,-0.5196928082113064
400,NVDA,1,2025-03-21 14:33:00-04:00,117.208437,2025-03-21 14:52:00-04:00,117.12666998,170,19921.45,-5.933000000001272,1.19,7.967393399998883,-15.090393400000155,-0.0007574947305542596,TAKE_PROFIT,19,-2.922647170877079,0.4244242027274872
401,NVDA,1,2025-03-21 15:52:00-04:00,116.77835099999999,2025-03-21 15:56:00-04:00,117.42651000000001,171,19965.105,118.84500000000126,1.197,8.009810999997669,109.63818900000359,0.005491490728448641,FORCED_EOD,4,-2.6998934099859135,-0.03244275068003385
402,NVDA,1,2025-03-24 13:20:00-04:00,121.44928499999999,2025-03-24 13:35:00-04:00,121.800635,164,19913.7,65.60000000000093,1.1480000000000001,7.978599999999176,56.47340000000176,0.002835906938439454,TAKE_PROFIT,15,-2.521238539483331,0.4990520680617013
403,NVDA,1,2025-03-24 15:33:00-04:00,121.7763504,2025-03-24 15:46:00-04:00,121.830629,164,19967.327999999998,16.892000000001417,1.1480000000000001,7.990309600000842,7.7536904000005755,0.00038831887771867006,TAKE_PROFIT,13,-2.851016796307431,0.560576947154494
404,NVDA,1,2025-03-25 10:36:00-04:00,119.76404801999999,2025-03-25 10:39:00-04:00,120.02099100000001,166,19876.8566,50.61340000000058,1.162,7.960865319997367,41.490534680003215,0.0020873790818616267,TAKE_PROFIT,3,-1.074554182826163,-0.14848976719775822
405,NVDA,-1,2025-03-25 11:47:00-04:00,120.46100298,2025-03-25 12:32:00-04:00,120.559107,166,20000.5266,-8.283399999998977,1.162,8.001867320000002,-17.44726731999898,-0.0008723403972772885,TAKE_PROFIT,45,2.2771413629766464,0.08715963059332027
406,NVDA,1,2025-03-25 13:30:00-04:00,120.26404799999999,2025-03-25 13:34:00-04:00,120.56088299999999,166,19959.84,57.26999999999981,1.162,7.99538999999956,48.11261000000025,0.002410470725216247,TAKE_PROFIT,4,-2.8797613704636307,1.270246793256286
407,NVDA,-1,2025-03-25 15:37:00-04:00,121.040787,2025-03-25 15:42:00-04:00,120.92407998,165,19975.725,27.241499999999235,1.155,7.984841700000445,18.10165829999879,0.000906182794366602,TAKE_PROFIT,5,1.4879577506665818,-1.8764572437024183
408,NVDA,1,2025-03-26 11:59:00-04:00,114.13282199999999,2025-03-26 12:29:00-04:00,114.0456863,175,19969.25,-7.262499999999861,1.225,7.986247499998456,-16.473747499998318,-0.0008249557444570185,TAKE_PROFIT,30,-2.171031351076985,-0.2265302790769061
409,NVDA,-1,2025-03-26 12:41:00-04:00,114.102175,2025-03-26 12:47:00-04:00,113.79275399999999,175,19971.875,62.125000000000696,1.225,7.976324999998141,52.923675000002554,0.002649910186199471,TAKE_PROFIT,6,1.7567532005866107,-0.7424765692310681
410,NVDA,-1,2025-03-26 13:16:00-04:00,113.76724200000001,2025-03-26 13:28:00-04:00,113.54170380000001,175,19913.25,47.42500000000014,1.225,7.9558149999996886,38.24418500000045,0.0019205395904737022,TAKE_PROFIT,12,2.66856023528895,0.24171722226645057
411,NVDA,1,2025-03-26 13:39:00-04:00,112.942584,2025-03-26 13:49:00-04:00,113.14296688,177,19986.84,43.4711999999993,1.239,8.003430239998153,34.22876976000115,0.0017125653560043084,TAKE_PROFIT,10,-2.034766570949856,0.2011071355708177
412,NVDA,-1,2025-03-26 15:04:00-04:00,113.287338,2025-03-26 15:30:00-04:00,113.28765299999999,176,19942.56,7.9200000000003,1.232,7.975439999997889,-1.2874399999975887,-6.455740887817756e-05,TAKE_PROFIT,26,2.693669331572633,-1.676723507110476
413,NVDA,-1,2025-03-26 15:51:00-04:00,113.847226,2025-03-26 15:52:00-04:00,113.82275999999999,175,19927.25,12.250000000001293,1.225,7.968449999998128,3.056550000003165,0.00015338543953647218,TAKE_PROFIT,1,-0.326265997353549,-1.1506760600376085
414,NVDA,-1,2025-03-27 14:44:00-04:00,112.522491,2025-03-27 15:03:00-04:00,112.32245999999999,177,19920.465,43.365000000000805,1.239,7.959512999999063,34.166487000001744,0.0017151450530899627,TAKE_PROFIT,19,2.4274421849028616,-0.7080986065818917
415,NVDA,1,2025-03-27 15:44:00-04:00,112.192434,2025-03-27 15:56:00-04:00,111.557684,178,19966.260000000002,-105.0200000000006,1.246,7.965500000001356,-114.23150000000196,-0.0057212267094589545,FORCED_EOD,12,-2.629859520313216,-1.092213643954451
416,NVDA,-1,2025-03-28 10:17:00-04:00,109.97300100000001,2025-03-28 11:08:00-04:00,109.55660694,181,19909.095,83.31430000000067,1.2670000000000001,7.946975139997775,74.1003248600029,0.0037219333606074456,TIME_STOP,51,1.4249134816027051,1.84712681170101
417,NVDA,-1,2025-03-28 14:13:00-04:00,110.187958,2025-03-28 15:04:00-04:00,110.507097,181,19948.01,-49.77500000000103,1.2670000000000001,7.989159000000228,-59.03115900000126,-0.0029592505217313036,TIME_STOP,51,1.9340374284069637,1.2130467208321167
418,NVDA,1,2025-03-28 15:42:00-04:00,109.566909,2025-03-28 15:56:00-04:00,109.70305499999999,182,19937.19,32.759999999998655,1.274,7.981427999999283,23.50457199999937,0.0011789310329088187,FORCED_EOD,14,-1.6385691490226568,-1.3476109649976542
419,NVDA,-1,2025-03-31 12:30:00-04:00,105.953805,2025-03-31 12:57:00-04:00,105.706137,188,19923.3,54.519999999998504,1.316,7.958415999997669,45.24558400000083,0.002270988440670011,TAKE_PROFIT,27,2.1289529773386713,-0.5196691832369791
420,NVDA,-1,2025-03-31 14:31:00-04:00,107.52849,2025-03-31 14:51:00-04:00,107.68143197999999,185,19896.75,-20.33149999999928,1.295,7.962766299997028,-29.58926629999631,-0.0014871406787538824,TAKE_PROFIT,20,2.5931668489554838,-0.1318345538765754
421,NVDA,-1,2025-04-02 11:26:00-04:00,110.247946,2025-04-02 11:41:00-04:00,110.177031,181,19958.87,20.814999999999074,1.2670000000000001,7.9793849999991835,11.568614999999891,0.0005796227441733872,TAKE_PROFIT,15,2.8596017411358146,-0.16484858669544356
422,NVDA,-1,2025-04-02 12:26:00-04:00,110.61287300000001,2025-04-02 12:43:00-04:00,110.827161,180,19914.3,-30.600000000000307,1.26,7.97183999999902,-39.83183999999933,-0.0020001626971572857,TAKE_PROFIT,17,2.294532233024516,0.009956526112143524
423,NVDA,1,2025-04-02 14:07:00-04:00,109.786953,2025-04-02 14:16:00-04:00,109.992997,182,19977.23,45.5,1.274,7.999991999998969,36.22600800000103,0.0018133649159568685,TAKE_PROFIT,9,-2.3727791703549044,0.5727908762867828
424,NVDA,-1,2025-04-02 15:53:00-04:00,110.437908,2025-04-02 15:56:00-04:00,110.542104,181,19993.26,-10.860000000000412,1.2670000000000001,7.999475999999902,-20.126476000000313,-0.001006663045446331,FORCED_EOD,3,1.8946152765572748,1.26701203396948
425,NVDA,-1,2025-04-03 14:32:00-04:00,102.559484,2025-04-03 14:50:00-04:00,103.59788859078144,195,20003.1,-194.44876544929116,1.365,8.040129753089573,-203.85389520238073,-0.01019111513727276,STOP_LOSS,18,2.505621703343949,2.643071778635317
426,NVDA,1,2025-04-04 10:52:00-04:00,93.378672,2025-04-04 11:02:00-04:00,95.1764609,214,19979.04,392.7969999999992,1.498,8.070175399999073,383.2288246000001,0.019181543487574983,TAKE_PROFIT,10,-1.082716672180764,-0.09433275880788203
427,NVDA,-1,2025-04-04 15:37:00-04:00,95.835829,2025-04-04 15:50:00-04:00,94.983993,208,19937.84,185.12000000000012,1.456,7.93811199999891,175.72588800000122,0.008813687340253569,TAKE_PROFIT,13,2.0349229018924104,-1.6957544210553919
428,NVDA,-1,2025-04-07 09:56:00-04:00,91.666663,2025-04-07 09:56:00-04:00,92.59477885987324,218,19987.33,-194.29546635909537,1.526,8.033791093271958,-203.85525745236734,-0.010199224081073726,STOP_LOSS,0,1.9095170486409738,2.2131816246154203
429,NVDA,-1,2025-04-07 13:45:00-04:00,98.73025,2025-04-07 14:06:00-04:00,98.58971399999999,202,19947.5,36.36000000000138,1.414,7.971727999999047,26.97427200000233,0.0013522632911393572,TAKE_PROFIT,21,1.5370193554071467,-1.6359258216092725
430,NVDA,1,2025-04-07 15:55:00-04:00,97.144425,2025-04-07 15:56:00-04:00,97.4805,205,19910.625,76.875,1.435,7.979624999998336,67.46037500000166,0.0033881595881596715,FORCED_EOD,1,-1.0310428596455081,-0.8333446873090514
431,NVDA,1,2025-04-08 10:33:00-04:00,104.690934,2025-04-08 10:52:00-04:00,104.27914,191,19991.97,-70.67000000000087,1.337,7.982653999999215,-79.98965400000009,-0.004001089137288625,TAKE_PROFIT,19,-2.1904669364434284,0.48204054343299263
432,NVDA,1,2025-04-08 12:40:00-04:00,99.76884978000001,2025-04-08 12:51:00-04:00,100.2594441,200,19949.780000000002,106.11999999999853,1.4000000000000001,8.001136000001452,96.71886399999707,0.004848116821338233,TAKE_PROFIT,11,-2.494548178806929,-0.4483715056078475
433,NVDA,1,2025-04-08 15:14:00-04:00,96.489294,2025-04-08 15:17:00-04:00,95.51311529113924,207,19969.29,-194.12010075432624,1.449,7.948891979850572,-203.51799273417683,-0.010191548759829559,STOP_LOSS,3,-2.381695448033876,-2.4097324321098137
434,NVDA,-1,2025-04-09 10:26:00-04:00,99.999996,2025-04-09 10:30:00-04:00,99.989994,200,20004.0,9.999999999999432,1.4000000000000001,7.999599999999418,0.6004000000000129,3.0013997200560535e-05,TAKE_PROFIT,4,1.720764937091943,-1.0520800144038864
435,NVDA,-1,2025-04-09 12:46:00-04:00,99.89991602,2025-04-09 12:55:00-04:00,100.91139274909361,200,19983.98,-194.26290123847423,1.4000000000000001,8.032444580246079,-203.6953458187203,-0.01019293182933131,STOP_LOSS,9,1.907918741918016,1.9169731217058381
436,NVDA,1,2025-04-09 13:23:00-04:00,105.87116999999999,2025-04-09 13:50:00-04:00,108.95820400000001,188,19899.8,588.4400000000019,1.316,8.077607999998634,579.0463920000032,0.02909810108644324,TAKE_PROFIT,27,-1.6919073511427412,0.13158527714127202
437,NVDA,1,2025-04-10 11:50:00-04:00,106.531302,2025-04-10 12:01:00-04:00,105.45352865822785,187,19917.370000000003,-193.6153899893896,1.309,7.928224922001263,-202.85261491139084,-0.01018470887026705,STOP_LOSS,11,-3.045641460852222,-0.5501627963773058
438,NVDA,-1,2025-04-10 14:57:00-04:00,108.22335100000001,2025-04-10 15:01:00-04:00,108.47169,184,19917.08,-37.719999999999686,1.288,7.97437599999796,-46.98237599999764,-0.0023588987944014703,TAKE_PROFIT,4,2.144170949610963,-1.1751785562644992
439,NVDA,-1,2025-04-10 15:35:00-04:00,107.418512,2025-04-10 15:54:00-04:00,107.40147599999999,186,19983.84,11.160000000000423,1.302,7.991303999996944,1.8666960000034791,9.34102755027802e-05,TAKE_PROFIT,19,2.8537417461743497,-0.4260049345362714
440,NVDA,1,2025-04-11 12:20:00-04:00,109.59191399999999,2025-04-11 12:27:00-04:00,109.23974768000001,182,19941.739999999998,-56.128799999998506,1.274,7.965470239997984,-65.36827023999649,-0.003277962215934843,TAKE_PROFIT,7,-3.002539674118917,0.5494992217176214
441,NVDA,1,2025-04-11 12:51:00-04:00,110.792154,2025-04-11 13:16:00-04:00,110.18785802000001,180,19938.6,-100.81799999999845,1.26,7.955276399999605,-110.03327639999806,-0.005518605940236429,TAKE_PROFIT,25,-1.8733589746408181,0.1425769742674899
442,NVDA,1,2025-04-11 13:45:00-04:00,110.5221,2025-04-11 13:53:00-04:00,111.01779200000001,180,19890.0,97.20000000000113,1.26,7.9754399999976044,87.96456000000352,0.004422552036199272,TAKE_PROFIT,8,-2.6153868415597703,0.10643515272257606
443,NVDA,-1,2025-04-14 12:28:00-04:00,109.8905175,2025-04-14 12:38:00-04:00,111.00314807695716,181,19894.1625,-193.389791470953,1.2670000000000001,7.996342958292715,-202.6531344292457,-0.010186562738152246,STOP_LOSS,10,2.3185581637195316,2.161822355855938
444,NVDA,1,2025-04-14 13:20:00-04:00,110.657127,2025-04-14 14:03:00-04:00,110.90791398,180,19914.3,53.11799999999835,1.26,7.976343599998188,43.88165640000016,0.002203524924300636,TAKE_PROFIT,43,-2.715859456373307,0.46003673557601193
445,NVDA,1,2025-04-14 14:48:00-04:00,111.31395834,2025-04-14 15:27:00-04:00,111.307734,179,19921.2143,6.855699999998649,1.2530000000000001,7.969856859999155,-2.367156860000506,-0.00011882593221240063,TAKE_PROFIT,39,-1.7510942122974937,-0.8187892704640872
446,NVDA,1,2025-04-15 13:23:00-04:00,111.952386,2025-04-15 13:45:00-04:00,112.27754,178,19923.54,65.85999999999828,1.246,7.982587999998685,56.6314119999996,0.0028424372375591687,TAKE_PROFIT,22,-2.7413447786160368,-0.10890560268969822
447,NVDA,-1,2025-04-15 13:52:00-04:00,112.42391072,2025-04-15 14:13:00-04:00,112.13352221999999,177,19903.0128,59.348100000000656,1.239,7.949335499999606,50.15976450000105,0.0025202096287654024,TAKE_PROFIT,21,2.8534186111595186,0.06035959509900891
448,NVDA,1,2025-04-16 10:07:00-04:00,105.14252429999999,2025-04-16 10:29:00-04:00,105.65896398,190,19973.085,106.1339999999997,1.33,8.010460799998782,96.79353920000092,0.004846198731943559,TAKE_PROFIT,22,-2.515310063412679,-0.15439904856500336
449,NVDA,1,2025-04-16 10:41:00-04:00,105.01599900000001,2025-04-16 11:05:00-04:00,103.95355592405065,190,19949.05,-193.9233491001987,1.33,7.940835330179823,-203.19418443037853,-0.01018565718319311,STOP_LOSS,24,-2.2748862046818408,-1.7414743851789192
450,NVDA,-1,2025-04-16 11:49:00-04:00,104.894017,2025-04-16 11:52:00-04:00,104.57091,190,19933.850000000002,69.35000000000173,1.33,7.9596700000003295,60.0603300000014,0.0030129819377592085,TAKE_PROFIT,3,2.755855622846821,-0.4340812015298219
451,NVDA,-1,2025-04-16 13:33:00-04:00,103.349326,2025-04-16 14:01:00-04:00,102.340464,193,19950.41,202.6500000000022,1.351,7.939634000000709,193.3593660000015,0.00969199961304061,TAKE_PROFIT,28,2.0491371870246087,-0.3445642474973123
452,NVDA,-1,2025-04-16 15:34:00-04:00,101.674661,2025-04-16 15:46:00-04:00,102.7041068457742,196,19932.219999999998,-193.75974582258124,1.372,8.011639949162998,-203.14338577174425,-0.01019170899035553,STOP_LOSS,12,2.3413348220476586,1.8041012159035672
453,NVDA,-1,2025-04-17 12:09:00-04:00,101.20115572,2025-04-17 12:17:00-04:00,101.030202,197,19940.6158,41.645799999999525,1.379,7.96791715999953,32.29888284,0.0016197535303799392,TAKE_PROFIT,8,1.9103589959524214,-0.1251632224849575
454,NVDA,-1,2025-04-17 13:07:00-04:00,101.519692,2025-04-17 13:09:00-04:00,101.565309,197,20003.38,-0.9849999999991041,1.379,8.0015489999995,-10.365548999998603,-0.0005181898759109012,TAKE_PROFIT,2,1.6219224670909245,-0.36821638761297076
455,NVDA,-1,2025-04-17 15:08:00-04:00,101.704655,2025-04-17 15:28:00-04:00,101.445285,196,19938.1,58.79999999999944,1.372,7.96347999999864,49.4645200000008,0.0024809043991153024,TAKE_PROFIT,20,2.677049453914965,0.14276019274107954
456,NVDA,1,2025-04-21 13:41:00-04:00,95.189034,2025-04-21 13:46:00-04:00,95.21105397999999,210,19985.7,12.62099999999819,1.47,7.996804200002003,3.1541957999961863,0.0001578226331825348,TAKE_PROFIT,5,-2.2344244960801674,0.7183279708667394
457,NVDA,-1,2025-04-22 11:44:00-04:00,98.705255,2025-04-22 11:47:00-04:00,98.549706,202,19942.449999999997,39.38999999999862,1.414,7.9691019999999355,30.006897999998685,0.0015046746011647863,TAKE_PROFIT,3,2.1234141915980005,1.0197163962748044
458,NVDA,1,2025-04-22 12:02:00-04:00,99.279852,2025-04-22 12:33:00-04:00,99.745047,201,19951.260000000002,101.50499999999909,1.407,8.000805000000241,92.09719499999885,0.00461610920814018,TAKE_PROFIT,31,-2.00207640536059,0.06570859862104712
459,NVDA,-1,2025-04-22 13:17:00-04:00,98.45020602,2025-04-22 13:45:00-04:00,98.209638,203,19989.3897,56.81969999999956,1.421,7.984391940000009,47.41430805999955,0.002371973770664922,TAKE_PROFIT,28,2.6662275260445063,-0.03288736686872732
460,NVDA,-1,2025-04-23 11:48:00-04:00,102.964403,2025-04-23 12:32:00-04:00,103.31965980000001,194,19979.09,-60.91600000000139,1.358,8.003819199999867,-70.27781920000126,-0.003517568577948308,TAKE_PROFIT,44,2.725126082963539,-0.17963397234532824
461,NVDA,1,2025-04-24 11:40:00-04:00,105.37106999999999,2025-04-24 11:47:00-04:00,105.44890600000001,189,19911.149999999998,22.68000000000086,1.323,7.968995999997247,13.388004000003612,0.0006723872804937742,TAKE_PROFIT,7,-2.549826581006326,-0.44826925715842986
462,NVDA,-1,2025-04-24 13:02:00-04:00,106.063783,2025-04-24 13:32:00-04:00,106.28125200000001,188,19943.98,-32.90000000000214,1.316,7.9841719999994325,-42.20017200000157,-0.0021159353348730583,TAKE_PROFIT,30,2.161960700380621,-1.276090190897627
463,NVDA,1,2025-04-24 14:05:00-04:00,106.241244,2025-04-24 14:24:00-04:00,106.28373900000001,188,19969.36,15.980000000001496,1.316,7.990939999998375,6.673060000003121,0.000334164940689292,TAKE_PROFIT,19,-1.885763053255334,0.5799446151161671
464,NVDA,1,2025-04-24 15:47:00-04:00,106.07121,2025-04-24 15:52:00-04:00,106.1677622,188,19937.399999999998,26.13199999999921,1.316,7.980186399998274,16.835813600000936,0.0008444337576615275,TAKE_PROFIT,5,-2.812817411619371,0.17702054629042208
465,NVDA,-1,2025-04-25 11:20:00-04:00,108.56828200000001,2025-04-25 11:58:00-04:00,109.14682499999999,184,19980.56,-98.43999999999937,1.288,8.011911999997324,-107.73991199999669,-0.005392236854222138,TAKE_PROFIT,38,2.065460722966663,-0.3005178895895299
466,NVDA,-1,2025-04-25 14:27:00-04:00,110.952805,2025-04-25 14:47:00-04:00,111.062208,180,19975.5,-11.700000000002149,1.26,7.992539999997916,-20.952540000000063,-0.0010489119170984486,TAKE_PROFIT,20,1.6842013597181498,-0.46148925303496935
467,NVDA,1,2025-04-25 15:39:00-04:00,110.36216802,2025-04-25 15:56:00-04:00,110.70785400000001,181,19971.558100000002,70.5718999999995,1.2670000000000001,8.00273761999712,61.302162380002386,0.0030694732014925957,FORCED_EOD,17,-2.0479456218120715,-1.5566277419637098
468,NVDA,-1,2025-04-28 11:33:00-04:00,107.03568858000001,2025-04-28 12:20:00-04:00,107.031402,186,19912.620600000002,8.760600000000068,1.302,7.963296119997665,-0.5046961199975968,-2.5345539903351382e-05,TAKE_PROFIT,47,2.2445998735072736,-0.2741495803069923
469,NVDA,-1,2025-04-29 11:20:00-04:00,108.51839198,2025-04-29 11:55:00-04:00,109.08681299999999,184,19971.378399999998,-96.58160000000044,1.288,8.00786767999739,-105.87746767999782,-0.005301460197659558,TAKE_PROFIT,35,2.923407520463127,-0.16227197706631602
470,NVDA,1,2025-04-29 12:43:00-04:00,108.901776,2025-04-29 12:49:00-04:00,108.4478061,183,19925.04,-75.12149999999981,1.281,7.954991700000946,-84.35749170000076,-0.004233742652461464,TAKE_PROFIT,6,-2.514959217526485,1.661608935295635
471,NVDA,1,2025-04-29 13:20:00-04:00,108.81185801999999,2025-04-29 13:37:00-04:00,108.9697017,183,19908.5883,36.85620000000122,1.281,7.970806559998778,27.604393440002447,0.001386557048849237,TAKE_PROFIT,17,-2.5923894827106784,-0.05258283484973951
472,NVDA,1,2025-04-30 15:43:00-04:00,107.496495,2025-04-30 15:56:00-04:00,108.618272,186,19990.35,216.69000000000116,1.302,8.039477999999548,207.34852200000162,0.010372430797860049,FORCED_EOD,13,-2.3505592636522836,-1.7518354661396665
473,NVDA,-1,2025-05-01 11:19:00-04:00,114.53708800000001,2025-05-01 11:46:00-04:00,113.93278199999999,174,19933.44,113.10000000000099,1.218,7.950755999997085,103.9312440000039,0.0052139141061454475,TAKE_PROFIT,27,2.3888061613831817,0.08136873275031502
474,NVDA,1,2025-05-01 13:52:00-04:00,113.21763899999999,2025-05-01 13:54:00-04:00,113.15736400000002,176,19922.32,-2.639999999997599,1.232,7.968399999998155,-11.840399999995753,-0.000594328371394283,TAKE_PROFIT,2,-1.0787308370784707,-0.020306355431272707
475,NVDA,1,2025-05-01 15:23:00-04:00,112.97259,2025-05-01 15:51:00-04:00,112.36252300000001,177,19992.15,-100.0049999999996,1.239,7.976858999998029,-109.22085899999763,-0.005463187250995897,TAKE_PROFIT,28,-2.6191566225276777,-0.5345833372351388
476,NVDA,-1,2025-05-02 11:27:00-04:00,114.64206700000001,2025-05-02 11:39:00-04:00,114.70293600000001,174,19951.710000000003,-2.610000000000099,1.218,7.981205999999332,-11.809205999999431,-0.0005918894169973115,TAKE_PROFIT,12,2.91917456579528,-0.11227931484146221
477,NVDA,-1,2025-05-02 15:51:00-04:00,114.217152,2025-05-02 15:52:00-04:00,114.22284,175,19992.0,6.999999999998607,1.225,7.995399999999719,-2.2204000000011117,-0.00011106442577036373,TAKE_PROFIT,1,1.8404420475221528,-1.1643371813428942
478,NVDA,-1,2025-05-05 13:27:00-04:00,114.067182,2025-05-05 13:46:00-04:00,114.22294002000001,175,19965.75,-19.26750000000048,1.225,7.9901535000008295,-28.482653500001312,-0.0014265756858621045,TAKE_PROFIT,19,2.3319455801304527,-0.46916032224645465
479,NVDA,1,2025-05-05 14:55:00-04:00,114.35146572,2025-05-05 15:01:00-04:00,114.10647414,174,19893.1764,-34.678199999998924,1.218,7.950334919999335,-43.84653491999826,-0.0022040992367613177,TAKE_PROFIT,6,-2.7055304358338224,0.41476140015356744
480,NVDA,-1,2025-05-06 12:18:00-04:00,113.397316,2025-05-06 12:20:00-04:00,113.37266999999999,176,19961.920000000002,12.3200000000013,1.232,7.9823039999980665,3.1056960000032348,0.00015558102627418778,TAKE_PROFIT,2,1.0983030937275235,1.2626651987603599
481,NVDA,-1,2025-05-06 13:32:00-04:00,113.007394,2025-05-06 14:23:00-04:00,113.612718,176,19893.28,-98.5600000000004,1.232,7.977023999998892,-107.76902399999929,-0.005417358223480457,TIME_STOP,51,1.8798620921595994,1.5875237102640753
482,NVDA,-1,2025-05-06 14:56:00-04:00,114.022191,2025-05-06 15:47:00-04:00,114.647925,175,19957.875,-101.4999999999997,1.225,8.00344999999929,-110.72844999999899,-0.0055481082029023125,TIME_STOP,51,1.9592345248021126,1.7003222259802584
483,NVDA,-1,2025-05-07 10:53:00-04:00,113.3663222,2025-05-07 11:44:00-04:00,114.007797,176,19956.464,-104.89600000000064,1.232,8.003564799998912,-114.13156479999955,-0.005719027418885407,TIME_STOP,51,2.9814726117638517,2.289551530191274
484,NVDA,1,2025-05-07 13:54:00-04:00,113.5227,2025-05-07 13:55:00-04:00,113.37732000000001,176,19976.0,-17.599999999999,1.232,7.986879999999019,-26.818879999998018,-0.001342555066079196,TAKE_PROFIT,1,3.2428406621367523,1.8588718345222952
485,NVDA,-1,2025-05-07 14:08:00-04:00,112.77744,2025-05-07 14:21:00-04:00,112.927581,177,19965.6,-18.585000000000704,1.239,7.9899570000001745,-27.81395700000088,-0.0013930939716312498,TAKE_PROFIT,13,2.296761197626377,-0.2532920618963571
486,NVDA,1,2025-05-08 09:50:00-04:00,116.85836699999999,2025-05-08 09:58:00-04:00,117.521491,171,19978.785,121.41000000000136,1.197,8.015795999999568,112.19720400000179,0.005615817178071729,TAKE_PROFIT,8,-2.045893845178155,0.5564704267372638
487,NVDA,1,2025-05-08 10:35:00-04:00,116.89337400000001,2025-05-08 11:01:00-04:00,116.216752,171,19984.77,-107.73000000000165,1.197,7.972361999999876,-116.89936200000153,-0.005849422435184469,TAKE_PROFIT,26,-2.7835656843949237,0.010972789582421254
488,NVDA,1,2025-05-08 12:38:00-04:00,118.02370002,2025-05-08 13:04:00-04:00,118.011393,169,19942.016900000002,5.898099999998863,1.183,7.977986380000317,-3.2628863800014543,-0.00016361867489950095,TAKE_PROFIT,26,-2.594664194231051,0.4701593230097114
489,NVDA,-1,2025-05-08 13:22:00-04:00,117.88141900000001,2025-05-08 13:27:00-04:00,117.928581,169,19925.945,-0.0,1.183,7.970377999997623,-9.153377999997623,-0.000459369831644001,TAKE_PROFIT,5,2.3390664107935546,-0.42677205525340817
490,NVDA,1,2025-05-08 15:46:00-04:00,117.82356,2025-05-08 15:47:00-04:00,117.7949363,169,19908.2,3.1265000000005188,1.183,7.963905300000036,-6.020405299999517,-0.00030240831918503517,TAKE_PROFIT,1,-0.31319830943537486,0.39474961205649683
491,NVDA,1,2025-05-09 10:23:00-04:00,116.833362,2025-05-09 10:36:00-04:00,115.65136308860761,171,19974.510000000002,-194.1708440169033,1.197,7.950969831194357,-203.31881384809765,-0.010178913717938394,STOP_LOSS,13,-1.9597914400413607,-1.7011413703737204
492,NVDA,-1,2025-05-09 12:13:00-04:00,116.07678,2025-05-09 12:17:00-04:00,116.108217,172,19969.2,2.5800000000000978,1.204,7.987163999999552,-6.611163999999454,-0.0003310680447889477,TAKE_PROFIT,4,0.8999930089369991,-1.0814919673257308
493,NVDA,1,2025-05-09 13:45:00-04:00,116.54340402,2025-05-09 13:59:00-04:00,116.78663800000001,171,19924.9371,49.5729000000005,1.197,7.979889419998173,40.396010580002326,0.002027409691546897,TAKE_PROFIT,14,-2.664418265825304,0.2543873916229267
494,NVDA,1,2025-05-09 14:48:00-04:00,116.65452624000001,2025-05-09 15:21:00-04:00,116.70075518000002,171,19943.9352,15.885900000000035,1.197,7.9807512599990105,6.708148740001025,0.00033635030763643,TAKE_PROFIT,33,-2.4379501983047094,0.28986299769420804
495,NVDA,-1,2025-05-12 12:02:00-04:00,121.870621,2025-05-12 12:25:00-04:00,122.519499,164,19990.78,-98.4000000000014,1.1480000000000001,8.015991999997993,-107.56399199999939,-0.005380680093523084,TAKE_PROFIT,23,2.779564725111088,-0.14385938109213744
496,NVDA,-1,2025-05-12 14:47:00-04:00,122.83042900000001,2025-05-12 15:26:00-04:00,122.65452599999999,162,19902.510000000002,36.45000000000138,1.1340000000000001,7.953713999998229,27.362286000003152,0.0013748158398113176,TAKE_PROFIT,39,2.3270445855287125,-0.3974345231451072
497,NVDA,1,2025-05-12 15:37:00-04:00,122.22444,2025-05-12 15:49:00-04:00,122.40691372,163,19918.600000000002,37.71819999999896,1.141,7.974983639998243,28.602216360000718,0.001435955155482851,TAKE_PROFIT,12,-2.8295938255197552,0.4567096705418895
498,NVDA,-1,2025-05-13 10:59:00-04:00,130.49929491999998,2025-05-13 11:06:00-04:00,129.78785238,153,19970.386199999997,116.81549999999899,1.071,7.964791380002225,107.77970861999677,0.005396976680400741,TAKE_PROFIT,7,2.1221058741442262,-0.7673768166550937
499,NVDA,1,2025-05-13 13:56:00-04:00,130.47609,2025-05-13 14:22:00-04:00,130.2284491,153,19958.85,-29.911499999997147,1.071,7.9775577000018245,-38.96005769999897,-0.001952019164430765,TAKE_PROFIT,26,-2.860329107995803,0.7170853447784178
500,NVDA,-1,2025-05-14 15:09:00-04:00,135.06188222,2025-05-14 15:17:00-04:00,135.237042,148,19993.157199999998,-17.92280000000187,1.036,8.000847439998324,-26.959647440000197,-0.0013484437285372916,TAKE_PROFIT,8,2.587869782144234,-1.0878042009660223
501,NVDA,1,2025-05-15 14:19:00-04:00,135.17703,2025-05-15 14:29:00-04:00,135.292936,147,19867.05,24.98999999999816,1.029,7.951817999998838,16.009181999999324,0.0008058157602663367,TAKE_PROFIT,10,-2.410220593794497,0.24213950970301665
502,NVDA,1,2025-05-15 15:24:00-04:00,134.046804,2025-05-15 15:42:00-04:00,134.3036339,149,19968.980000000003,46.26449999999858,1.043,7.996844900000752,37.224655099997825,0.0018641240113414816,TAKE_PROFIT,18,-3.0592957667742366,-0.5237364945949241
503,NVDA,1,2025-05-16 10:44:00-04:00,133.991793,2025-05-16 11:04:00-04:00,134.538087,149,19960.785,89.39999999999915,1.043,8.002194000000799,80.35480599999835,0.0040256335610046575,TAKE_PROFIT,20,-2.6125206501893534,0.19323303709747555
504,NVDA,1,2025-05-16 11:57:00-04:00,134.756946,2025-05-16 12:16:00-04:00,135.0874771,148,19940.039999999997,56.906000000000404,1.036,7.987397200000146,47.88260280000026,0.0024013293253173145,TAKE_PROFIT,19,-2.3954834873201953,0.34632612434762394
505,NVDA,-1,2025-05-16 13:08:00-04:00,134.95160428,2025-05-16 13:48:00-04:00,135.6541254,148,19976.8328,-95.9632000000014,1.036,8.009925759998623,-105.00912576000002,-0.005256545259767105,TAKE_PROFIT,40,2.3080885183402837,-0.3502410298523834
506,NVDA,1,2025-05-16 14:06:00-04:00,135.21183696,2025-05-16 14:57:00-04:00,135.11297199999998,147,19872.1656,-6.585600000001364,1.029,7.947549120000758,-15.562149120002122,-0.0007831128943491756,TIME_STOP,51,-2.7603404610350784,-1.2461942802748636
507,NVDA,1,2025-05-19 12:19:00-04:00,134.98689198,2025-05-19 13:04:00-04:00,135.352924,148,19974.0652,62.17479999999864,1.036,8.002061039997784,53.136738960000855,0.00266028664810811,TAKE_PROFIT,45,-2.580374504588638,0.13280993024488358
508,NVDA,-1,2025-05-19 13:54:00-04:00,135.57288,2025-05-19 14:22:00-04:00,135.09241308,147,19933.2,78.58619999999755,1.029,7.95756275999787,69.59963723999968,0.0034916439528023435,TAKE_PROFIT,28,2.7021910718983535,-1.7722451252138522
509,NVDA,1,2025-05-19 15:53:00-04:00,135.357066,2025-05-19 15:56:00-04:00,135.252944,147,19893.510000000002,-7.350000000001671,1.029,7.955933999996802,-16.334933999998473,-0.0008211187467670849,FORCED_EOD,3,-2.446762096880078,-1.3167045382732805
510,NVDA,-1,2025-05-20 12:35:00-04:00,134.18815700000002,2025-05-20 12:42:00-04:00,134.301855,149,19998.035,-8.940000000000339,1.043,8.001001999995339,-17.984001999995677,-0.0008992884550904965,TAKE_PROFIT,7,1.9396464194779155,-1.126603973645275
511,NVDA,-1,2025-05-20 13:37:00-04:00,134.088177,2025-05-20 13:52:00-04:00,133.95788621999998,149,19983.135000000002,27.401100000003368,1.043,7.98777377999977,18.370326220003598,0.0009192915035605572,TAKE_PROFIT,15,2.017032661914484,-0.1451367206044471
512,NVDA,1,2025-05-21 13:20:00-04:00,135.54710400000002,2025-05-21 13:24:00-04:00,134.17577883544305,147,19921.440000000002,-193.65495418070782,1.029,7.929845009165916,-202.61379918987373,-0.01017064023433415,STOP_LOSS,4,-2.425240547967447,-3.029833077097306
513,NVDA,1,2025-05-21 15:10:00-04:00,131.566308,2025-05-21 15:37:00-04:00,131.67365999999998,152,19994.079999999998,24.31999999999948,1.064,8.002496000000747,15.253503999998735,0.0007629010187014724,TAKE_PROFIT,27,-2.828161271070689,0.5176973110698688
514,NVDA,1,2025-05-22 11:36:00-04:00,133.096614,2025-05-22 11:57:00-04:00,133.153364,150,19960.5,16.500000000002046,1.05,7.987499999998704,7.462500000003342,0.0003738633801760147,TAKE_PROFIT,21,-1.777184360042967,0.20583729124453554
515,NVDA,1,2025-05-22 13:29:00-04:00,133.56170699999998,2025-05-22 14:20:00-04:00,133.353324,149,19896.715,-23.09500000000017,1.043,7.9540669999994975,-32.092066999999666,-0.0016129329389298517,TIME_STOP,51,-1.9595991788195584,-1.0275649540372278
516,NVDA,-1,2025-05-22 14:35:00-04:00,133.52329,2025-05-22 15:07:00-04:00,134.056806,149,19898.95,-71.51999999999848,1.043,7.973884000000282,-80.53688399999876,-0.004047293148633408,TAKE_PROFIT,32,2.7601752691988772,-0.8540509864938757
517,NVDA,-1,2025-05-22 15:52:00-04:00,133.463302,2025-05-22 15:56:00-04:00,133.146624,149,19890.010000000002,55.13000000000068,1.043,7.944978000001271,46.14202199999941,0.0023198591654805304,FORCED_EOD,4,2.896086486753761,2.42459789176991
518,NVDA,-1,2025-05-23 13:08:00-04:00,131.513692,2025-05-23 13:16:00-04:00,131.616318,152,19994.079999999998,-7.600000000001728,1.064,7.999152000000549,-16.663152000002277,-0.0008334042876692641,TAKE_PROFIT,8,2.7236417416099794,-0.5281566274733097
519,NVDA,-1,2025-05-27 14:56:00-04:00,135.36792100000002,2025-05-27 15:16:00-04:00,135.19703399999997,147,19903.065000000002,33.07500000000334,1.029,7.954610999995964,24.091389000007382,0.0012104361313198435,TAKE_PROFIT,20,3.2313865733327236,-0.8346832644202572
520,NVDA,1,2025-05-27 15:33:00-04:00,134.881971,2025-05-27 15:54:00-04:00,135.077979,148,19958.539999999997,37.0,1.036,7.990815999999086,27.973184000000913,0.001401564643506034,TAKE_PROFIT,21,-2.316011903879594,0.7140484161025947
521,NVDA,-1,2025-05-28 10:22:00-04:00,135.23454768,2025-05-28 10:49:00-04:00,135.26204700000002,147,19883.455199999997,3.9101999999961095,1.029,7.952600040000874,-5.0714000400047645,-0.0002550562761347819,TAKE_PROFIT,27,2.944725816236031,-0.27669780016102635
522,NVDA,-1,2025-05-28 11:27:00-04:00,135.497895,2025-05-28 11:54:00-04:00,135.772149,147,19922.175,-32.33999999999983,1.029,7.975338000002125,-41.344338000001954,-0.00207529238147953,TAKE_PROFIT,27,2.4934454068339376,0.3411000078858661
523,NVDA,-1,2025-05-28 13:26:00-04:00,136.16776099999998,2025-05-28 14:17:00-04:00,137.19593369999998,146,19884.469999999998,-142.1310000000002,1.022,7.982214199999646,-151.13521419999984,-0.007600665956900026,TIME_STOP,51,3.1433587971091472,1.4771925730199187
524,NVDA,1,2025-05-28 15:43:00-04:00,135.862167,2025-05-28 15:56:00-04:00,135.162962,147,19967.745000000003,-94.8150000000015,1.029,7.968134999999421,-103.81213500000092,-0.005198991423418163,FORCED_EOD,13,-2.3801737067811017,-0.8941493195381064
525,NVDA,-1,2025-05-29 10:36:00-04:00,140.631868,2025-05-29 10:42:00-04:00,140.34036246,142,19973.72,49.37340000000046,0.994,7.979613320000055,40.3997866800004,0.002022647092279275,TAKE_PROFIT,6,2.0747918427141117,-0.36267290003048314
526,NVDA,1,2025-05-29 12:15:00-04:00,140.298054,2025-05-29 12:36:00-04:00,140.70685300000002,142,19918.34,66.03000000000048,0.994,7.980541999998195,57.05545800000229,0.002864468524987639,TAKE_PROFIT,21,-3.1577541482283937,0.5441864579323208
527,NVDA,1,2025-05-29 13:40:00-04:00,139.397874,2025-05-29 14:01:00-04:00,138.932208,143,19929.91,-58.62999999999951,1.0010000000000001,7.960238000000317,-67.59123799999983,-0.0033914472268063347,TAKE_PROFIT,21,-2.0959463695969136,-0.1457998188952041
528,NVDA,1,2025-05-29 15:24:00-04:00,139.307856,2025-05-29 15:51:00-04:00,139.31213200000002,143,19917.04,8.580000000000325,1.0010000000000001,7.968531999995633,-0.38953199999530863,-1.9557725444910922e-05,TAKE_PROFIT,27,-2.542300083465879,0.4849293756215136
529,NVDA,1,2025-05-30 11:38:00-04:00,135.222039,2025-05-30 11:51:00-04:00,135.507893,147,19873.664999999997,49.9800000000005,1.029,7.959462000000428,40.99153800000008,0.0020626058656015426,TAKE_PROFIT,13,-2.0240746162946945,0.08013203008366768
530,NVDA,1,2025-05-30 13:49:00-04:00,134.29675398,2025-05-30 14:17:00-04:00,134.428109,148,19871.945200000002,27.394800000000828,1.036,7.954257040000698,18.40454296000013,0.0009261570910531761,TAKE_PROFIT,28,-2.861130706756015,0.23768791249591997
531,NVDA,-1,2025-05-30 15:17:00-04:00,135.057983,2025-05-30 15:18:00-04:00,135.12702,148,19992.58,-2.219999999997981,1.036,7.9974759999990965,-11.253475999997077,-0.0005628826294553817,TAKE_PROFIT,1,1.089294939624782,-1.2489424870682457
532,NVDA,1,2025-06-02 10:23:00-04:00,136.312257,2025-06-02 10:37:00-04:00,137.032588,146,19897.61,113.15000000000083,1.022,7.98167399999852,104.1463260000023,0.005234112338115095,TAKE_PROFIT,14,-2.030132976040375,0.5502178302481512
533,NVDA,-1,2025-06-02 12:24:00-04:00,137.542486,2025-06-02 12:42:00-04:00,137.367468,145,19947.649999999998,33.349999999998516,1.0150000000000001,7.972389999999336,24.36260999999918,0.0012213273242712391,TAKE_PROFIT,18,2.3928894684630992,-0.5617746396830183
534,NVDA,1,2025-06-02 14:09:00-04:00,137.32245899999998,2025-06-02 14:25:00-04:00,137.927409,145,19907.774999999998,95.70000000000363,1.0150000000000001,7.982249999999169,86.70275000000446,0.004355220510579634,TAKE_PROFIT,16,-2.947988499494981,0.1419829855079433
535,NVDA,1,2025-06-02 15:53:00-04:00,137.192433,2025-06-02 15:56:00-04:00,137.21755100000001,145,19888.925,11.600000000001813,1.0150000000000001,7.957889999998855,2.6271100000029577,0.0001320890897825276,FORCED_EOD,3,-2.6458089423302322,-1.6176592081709644
536,NVDA,1,2025-06-03 11:49:00-04:00,141.483291,2025-06-03 12:05:00-04:00,141.61627108,141,19945.155000000002,26.733599999997807,0.987,7.983408720000398,17.76319127999741,0.0008906018168320782,TAKE_PROFIT,16,-2.7462320501621718,-0.5173756841414308
537,NVDA,1,2025-06-03 13:14:00-04:00,141.63842201999998,2025-06-03 13:51:00-04:00,141.251744,141,19967.0241,-46.544099999998224,0.987,7.9775008199984825,-55.50860081999671,-0.0027800137137109337,TAKE_PROFIT,37,-2.153044101493062,-0.023298464466365097
538,NVDA,1,2025-06-04 12:33:00-04:00,140.473089,2025-06-04 12:51:00-04:00,140.826829,142,19943.19,58.219999999999516,0.994,7.988919999997222,49.237080000002294,0.002468866816191507,TAKE_PROFIT,18,-2.5535409474044046,-0.31613602933979884
539,NVDA,1,2025-06-04 12:57:00-04:00,140.568108,2025-06-04 13:15:00-04:00,140.916811,142,19956.68,57.51000000000016,0.994,7.9941740000001005,48.52182600000006,0.002431357620606236,TAKE_PROFIT,18,-3.062477860572157,0.46869382965590134
540,NVDA,-1,2025-06-04 14:07:00-04:00,141.341726,2025-06-04 14:58:00-04:00,141.623319,141,19933.170000000002,-31.7249999999992,0.987,7.979613000002928,-40.69161300000213,-0.0020414019947656153,TIME_STOP,51,2.169973975425655,-0.7828421747146238
541,NVDA,-1,2025-06-04 15:21:00-04:00,141.766641,2025-06-04 15:31:00-04:00,141.703335,141,19993.094999999998,16.919999999996634,0.987,7.993853999999033,7.939145999997601,0.00039709439684038923,TAKE_PROFIT,10,2.476048780011806,-0.7556290004925839
542,NVDA,1,2025-06-05 10:40:00-04:00,141.63832200000002,2025-06-05 10:53:00-04:00,142.096575,141,19967.010000000002,72.61499999999808,0.987,8.001327000000202,63.62667299999788,0.003186589930089576,TAKE_PROFIT,13,-2.4547406761780315,0.8603103661926843
543,NVDA,-1,2025-06-05 11:46:00-04:00,143.751244,2025-06-05 12:03:00-04:00,143.543703,139,19985.420000000002,36.835000000002054,0.973,7.986800999999218,27.875199000002837,0.0013947767422452385,TAKE_PROFIT,17,2.955989668974878,-0.39052556305466435
544,NVDA,1,2025-06-05 14:04:00-04:00,140.638122,2025-06-05 14:08:00-04:00,140.63176802,142,19966.620000000003,7.085799999997107,0.994,7.98806515999712,-1.8962651600000129,-9.497176587724976e-05,TAKE_PROFIT,4,-2.501681110573896,-0.49749471668649414
545,NVDA,-1,2025-06-05 14:58:00-04:00,140.641866,2025-06-05 15:09:00-04:00,140.353065,142,19975.14,48.98999999999984,0.994,7.980257999998912,40.01574200000093,0.00200327717352674,TAKE_PROFIT,11,1.2895001120328058,-1.7508951562696484
546,NVDA,-1,2025-06-06 11:06:00-04:00,142.656463,2025-06-06 11:07:00-04:00,142.588512,140,19975.9,17.5,0.98,7.986860000000888,8.533139999999111,0.0004271717419490041,TAKE_PROFIT,1,1.5596515316779633,-1.722893400112825
547,NVDA,1,2025-06-09 12:13:00-04:00,142.303455,2025-06-09 12:32:00-04:00,142.41651099999999,140,19918.5,23.79999999999825,0.98,7.972160000002191,14.847839999996058,0.0007454296257246308,TAKE_PROFIT,19,-2.2131920329982027,0.36892357037294193
548,NVDA,-1,2025-06-09 13:12:00-04:00,142.706453,2025-06-09 13:32:00-04:00,142.698534,140,19982.9,9.10000000000366,0.98,7.9913400000015145,0.12866000000214584,6.4385049218154435e-06,TAKE_PROFIT,20,2.561876702813288,-0.4556623355612915
549,NVDA,1,2025-06-09 15:40:00-04:00,142.52349900000002,2025-06-09 15:51:00-04:00,142.66246180000002,140,19949.3,27.439999999999714,0.98,7.9852079999994885,18.474792000000225,0.0009260872311309281,TAKE_PROFIT,11,-1.9362687973673274,0.5577637124082478
550,NVDA,1,2025-06-10 10:42:00-04:00,142.488492,2025-06-10 10:58:00-04:00,142.546485,140,19944.4,16.099999999997294,0.98,7.980979999999818,7.139019999997476,0.0003579460901304364,TAKE_PROFIT,16,-2.0489536077227406,-0.07102188937503268
551,NVDA,1,2025-06-10 13:05:00-04:00,142.9370817,2025-06-10 13:28:00-04:00,142.74144600000002,139,19864.2815,-19.251499999999083,0.973,7.941862299996529,-28.166362299995612,-0.0014179401505156686,TAKE_PROFIT,23,-2.7596623032162064,0.18365469225228503
552,NVDA,-1,2025-06-10 14:03:00-04:00,142.4749993,2025-06-10 14:37:00-04:00,143.11871802000002,140,19950.49,-82.12400000000059,0.98,7.9966208000007555,-91.10062080000135,-0.0045663350022982566,TAKE_PROFIT,34,2.2286956028638,-0.6178910041356597
553,NVDA,-1,2025-06-10 15:20:00-04:00,144.10617299999998,2025-06-10 15:22:00-04:00,144.013797,138,19890.629999999997,20.699999999996862,0.966,7.952112000000568,11.781887999996293,0.0005923335761610515,TAKE_PROFIT,2,1.6852354303208348,-0.8419078330082564
554,NVDA,-1,2025-06-11 12:08:00-04:00,143.58127800000003,2025-06-11 12:15:00-04:00,143.26364700000002,139,19961.79,52.125,0.973,7.974290999999198,43.1777090000008,0.002163017895689755,TAKE_PROFIT,7,2.1406167819792286,-0.11797155547649656
555,NVDA,-1,2025-06-11 15:02:00-04:00,142.36152199999998,2025-06-11 15:04:00-04:00,142.173429,140,19934.6,34.29999999999666,0.98,7.966979999999353,25.353019999997308,0.001271809818105069,TAKE_PROFIT,2,2.2047568213287483,-1.0765336150904736
556,NVDA,1,2025-06-12 12:00:00-04:00,144.28075038,2025-06-12 12:22:00-04:00,144.4990944,138,19906.7622,38.10179999999798,0.966,7.970325239999454,29.165474759998524,0.0014651038911791755,TAKE_PROFIT,22,-2.325925680290668,0.11258400517332404
557,NVDA,-1,2025-06-12 12:58:00-04:00,144.33122798,2025-06-12 13:03:00-04:00,144.233841,138,19921.693799999997,21.403799999996693,0.966,7.964396759999204,12.473403239997488,0.000626121622248681,TAKE_PROFIT,5,2.4491273260096817,-0.5329452506122726
558,NVDA,-1,2025-06-12 15:37:00-04:00,144.72105,2025-06-12 15:56:00-04:00,144.903975,138,19975.5,-17.25,0.966,7.993650000001594,-26.209650000001595,-0.001312089810017351,FORCED_EOD,19,2.4192621796328106,1.224203346328748
559,NVDA,1,2025-06-13 11:24:00-04:00,142.83736176,2025-06-13 11:36:00-04:00,142.951404,140,19993.232,23.967999999999847,0.98,8.00208639999937,14.985913600000476,0.0007495493274924473,TAKE_PROFIT,12,-1.8696603978817714,0.7043291754368077
560,NVDA,-1,2025-06-13 12:30:00-04:00,143.051384,2025-06-13 12:54:00-04:00,143.258646,139,19888.120000000003,-20.84999999999684,0.973,7.959418000001193,-29.78241799999803,-0.0014974979032707982,TAKE_PROFIT,24,2.7177632837546586,-0.4905044919200635
561,NVDA,-1,2025-06-16 11:07:00-04:00,145.545885,2025-06-16 11:30:00-04:00,145.489092,137,19943.774999999998,15.754999999997352,0.9590000000000001,7.9743589999974915,6.821640999999861,0.00034204362012707533,TAKE_PROFIT,23,2.543040007654206,0.041497822360013065
562,NVDA,1,2025-06-16 13:25:00-04:00,145.649124,2025-06-16 13:55:00-04:00,145.23094799999998,137,19949.940000000002,-49.32000000000187,0.9590000000000001,7.970112000000427,-58.2491120000023,-0.002919763768713204,TAKE_PROFIT,30,-2.663590245317505,-0.12854269251369013
563,NVDA,-1,2025-06-16 14:37:00-04:00,145.185957,2025-06-16 14:50:00-04:00,144.92908002000001,137,19894.455,43.141299999999234,0.9590000000000001,7.949153740001009,34.23314625999822,0.0017207380780221533,TAKE_PROFIT,13,2.7669206943344733,0.4474156824644308
564,NVDA,1,2025-06-17 11:39:00-04:00,144.32886000000002,2025-06-17 11:49:00-04:00,144.451104,138,19913.4,24.83999999999702,0.966,7.970328000001643,15.903671999995375,0.0007986417186414863,TAKE_PROFIT,10,-2.8198424423019413,0.8166948261335772
565,NVDA,1,2025-06-17 15:10:00-04:00,144.18893202,2025-06-17 15:33:00-04:00,144.291136,138,19894.0938,22.06619999999907,0.966,7.962050760001205,13.138149239997865,0.0006604045085983191,TAKE_PROFIT,23,-2.1426235952204555,-0.06446707888833407
566,NVDA,-1,2025-06-17 15:43:00-04:00,144.216151,2025-06-17 15:56:00-04:00,144.32886000000002,138,19905.81,-7.590000000000941,0.966,7.96384200000233,-16.519842000003273,-0.0008299005164825381,FORCED_EOD,13,2.6202393625425224,-0.11979701191403339
567,NVDA,-1,2025-06-18 09:49:00-04:00,144.31113200000001,2025-06-18 09:51:00-04:00,144.26884800000002,138,19918.920000000002,13.799999999999216,0.966,7.964807999999891,4.869191999999325,0.0002444506027434883,TAKE_PROFIT,2,1.7698929234918213,0.6410298353354229
568,NVDA,-1,2025-06-18 12:17:00-04:00,145.360922,2025-06-18 12:33:00-04:00,145.23404100000002,137,19918.429999999997,25.344999999996418,0.9590000000000001,7.962303000000674,16.423696999995745,0.0008245477680718685,TAKE_PROFIT,16,2.654066411754883,-0.4061478828647363
569,NVDA,-1,2025-06-18 13:02:00-04:00,145.55588300000002,2025-06-18 13:21:00-04:00,145.32405899999998,137,19945.145,39.7300000000028,0.9590000000000001,7.970111999996533,30.800888000006267,0.001544279973898724,TAKE_PROFIT,19,2.8770302143565236,-0.15611656745282568
570,NVDA,1,2025-06-18 14:35:00-04:00,145.19063232,2025-06-18 14:50:00-04:00,145.065981,137,19887.139199999998,-9.124199999999178,0.9590000000000001,7.953030840000565,-18.036230839999742,-0.0009069293807728638,TAKE_PROFIT,15,-2.7772583129827773,0.4718887337348893
571,NVDA,-1,2025-06-18 15:52:00-04:00,145.250944,2025-06-18 15:56:00-04:00,145.409076,137,19903.36,-13.699999999999221,0.9590000000000001,7.964084000000071,-22.62308399999929,-0.0011366464757708895,FORCED_EOD,4,3.0065400835202416,1.9173090668265054
572,NVDA,-1,2025-06-20 15:30:00-04:00,143.76124199999998,2025-06-20 15:43:00-04:00,143.72874,139,19986.809999999998,12.510000000000474,0.973,7.992222000001334,3.5447779999991393,0.00017735586619371175,TAKE_PROFIT,13,1.9296040152643275,-1.373658936573149
573,NVDA,-1,2025-06-23 11:00:00-04:00,143.77124,2025-06-23 11:17:00-04:00,144.083811,139,19988.2,-35.44499999999937,0.973,8.002368999999419,-44.420368999998786,-0.0022223296244783817,TAKE_PROFIT,17,2.817071040838794,0.2259530600144799
574,NVDA,1,2025-06-23 13:30:00-04:00,144.438882,2025-06-23 14:21:00-04:00,144.211152,138,19928.579999999998,-23.459999999998274,0.966,7.966740000002858,-32.39274000000113,-0.0016254414514230886,TIME_STOP,51,-1.7963889849550685,-1.2191277174600084
575,NVDA,1,2025-06-24 14:10:00-04:00,147.444483,2025-06-24 14:24:00-04:00,147.445505,135,19901.024999999998,8.100000000000307,0.9450000000000001,7.962029999999487,-0.8070299999991803,-4.0552182613668416e-05,TAKE_PROFIT,14,-2.5110575063758813,0.6939906244171011
576,NVDA,1,2025-06-24 14:42:00-04:00,147.22943999999998,2025-06-24 14:49:00-04:00,147.32053,135,19872.0,20.250000000000767,0.9450000000000001,7.952849999999643,11.352150000001124,0.0005712635869565783,TAKE_PROFIT,7,-2.076101585164611,-0.2505202483636207
577,NVDA,-1,2025-06-24 15:52:00-04:00,147.630468,2025-06-24 15:56:00-04:00,147.82956000000001,135,19934.1,-18.900000000001995,0.9450000000000001,7.977419999999,-27.822420000000996,-0.0013957198970608654,FORCED_EOD,4,3.2270171084913595,1.9090143652837777
578,NVDA,-1,2025-06-25 12:20:00-04:00,151.949604,2025-06-25 13:11:00-04:00,152.87556899999998,131,19909.379999999997,-113.31500000000119,0.917,7.986414999997606,-122.2184149999988,-0.006138735359915719,TIME_STOP,51,2.5824640309630333,0.8468109757587012
579,NVDA,1,2025-06-25 14:42:00-04:00,153.485691,2025-06-25 14:52:00-04:00,153.659262,130,19949.15,30.54999999999808,0.91,7.985769999996819,21.65423000000126,0.0010854713108077918,TAKE_PROFIT,10,-2.8225812574675877,-0.616726182135613
580,NVDA,1,2025-06-26 11:28:00-04:00,155.311056,2025-06-26 11:51:00-04:00,155.35892199999998,128,19875.84,14.079999999998108,0.896,7.9531520000018645,5.230847999996243,0.0002631761978359779,TAKE_PROFIT,23,-2.5102881365984744,0.3454097432811809
581,NVDA,1,2025-06-26 13:45:00-04:00,155.961186,2025-06-26 14:07:00-04:00,156.108772,128,19959.04,26.87999999999738,0.896,7.988991999998689,17.99500799999869,0.0009015968703904942,TAKE_PROFIT,22,-1.908712223477004,1.5563202762624289
582,NVDA,1,2025-06-27 12:47:00-04:00,157.11141600000002,2025-06-27 13:01:00-04:00,157.378518,127,19949.16,41.90999999999798,0.889,7.988045999998718,33.03295399999926,0.0016558568882097922,TAKE_PROFIT,14,-2.7124649212816836,0.3893152602641921
583,NVDA,1,2025-06-27 14:30:00-04:00,156.336261,2025-06-27 14:36:00-04:00,156.58867600000002,127,19850.735,40.00499999999971,0.889,7.948294999998012,31.167705000001696,0.0015701033236301676,TAKE_PROFIT,6,-2.5777705676652984,-0.3429954891898684
584,NVDA,-1,2025-06-27 15:44:00-04:00,157.228548,2025-06-27 15:56:00-04:00,157.716537,127,19972.02,-53.975000000001444,0.889,7.999602999998416,-62.86360299999986,-0.003147583619483651,FORCED_EOD,12,2.7796087033798567,1.1532291223661773
585,NVDA,-1,2025-06-30 10:35:00-04:00,157.073579,2025-06-30 11:09:00-04:00,157.506495,127,19952.335,-46.99000000000058,0.889,7.990332000000166,-55.869332000000746,-0.002800140033735437,TAKE_PROFIT,34,1.8159025460888238,-0.9609090727661936
586,NVDA,1,2025-06-30 11:15:00-04:00,157.121418,2025-06-30 11:33:00-04:00,157.128568,127,19950.43,8.889999999999134,0.889,7.981949999999671,0.01904999999946355,9.548666369328156e-07,TAKE_PROFIT,18,-1.6470242547864455,0.5185132653173756
587,NVDA,-1,2025-06-30 11:42:00-04:00,157.73344699999998,2025-06-30 12:05:00-04:00,158.00649497999999,126,19878.39,-26.447400000000584,0.882,7.956645479999565,-35.286045480000155,-0.0017750957436693895,TAKE_PROFIT,23,2.649689788298545,-1.0736434895334677
588,NVDA,-1,2025-06-30 13:52:00-04:00,157.94340499999998,2025-06-30 14:08:00-04:00,157.85616492,126,19904.85,18.950399999998808,0.882,7.958149920000494,10.110250079998313,0.0005079289761037291,TAKE_PROFIT,16,2.859947902397159,-0.4646353251309487
589,NVDA,1,2025-07-01 10:20:00-04:00,155.841162,2025-07-01 10:33:00-04:00,154.2645225822785,128,19943.68,-193.87114769789332,0.896,7.938697770459839,-202.70584546835315,-0.010163913854832866,STOP_LOSS,13,-2.2577475102625897,-2.472541608721728
590,NVDA,1,2025-07-01 11:11:00-04:00,151.945383,2025-07-01 11:24:00-04:00,152.564481,131,19900.864999999998,89.0800000000009,0.917,7.978161999999827,80.18483800000106,0.004029213705032474,TAKE_PROFIT,13,-2.7029928831490535,-0.009106679181083013
591,NVDA,-1,2025-07-01 12:22:00-04:00,153.20795228,2025-07-01 12:55:00-04:00,154.75916758244608,130,19921.018,-193.65085194760383,0.91,8.007137370386772,-202.5679893179906,-0.010168556110836835,STOP_LOSS,33,2.1408383461676657,2.675604351540742
592,NVDA,1,2025-07-01 14:51:00-04:00,154.16582699999998,2025-07-01 15:24:00-04:00,153.52098966000003,129,19883.414999999997,-75.24569999999741,0.903,7.938316859996462,-84.08701685999388,-0.004229002757322819,TAKE_PROFIT,33,-3.404723399085423,1.1927883363741552
593,NVDA,-1,2025-07-01 15:55:00-04:00,153.694255,2025-07-01 15:56:00-04:00,153.610716,130,19984.25,18.849999999997635,0.91,7.9899299999974005,9.950070000000235,0.0004978955927793255,FORCED_EOD,1,0.5896993188650922,-0.963889021475229
594,NVDA,-1,2025-07-02 10:55:00-04:00,157.308532,2025-07-02 11:13:00-04:00,157.04640299999997,127,19982.18,41.275000000002166,0.889,7.984616999996547,32.401383000005616,0.0016215139189020224,TAKE_PROFIT,18,2.982504211450464,-0.28655453909624445
595,NVDA,1,2025-07-02 14:04:00-04:00,156.966387,2025-07-02 14:29:00-04:00,156.963601,127,19930.745,7.620000000000289,0.889,7.973821999998535,-1.2428219999982462,-6.235702679444477e-05,TAKE_PROFIT,25,-2.6705822661072216,0.12959955260426442
596,NVDA,1,2025-07-02 14:48:00-04:00,156.91327637999999,2025-07-02 14:50:00-04:00,156.88141744,127,19924.0013,3.924300000000329,0.889,7.970385379997538,-4.935085379997209,-0.00024769549578363103,TAKE_PROFIT,2,-0.8108146190886101,-1.2233740364964945
597,NVDA,1,2025-07-03 12:34:00-04:00,159.21193602,2025-07-03 12:56:00-04:00,158.98819600000002,125,19897.5125,-20.01249999999999,0.875,7.955002499997477,-28.842502499997465,-0.0014495531790718796,TAKE_PROFIT,22,-2.177241133660909,0.722218178148231
598,NVDA,1,2025-07-07 11:00:00-04:00,157.73154,2025-07-07 11:17:00-04:00,157.98839600000002,126,19870.199999999997,40.32000000000272,0.882,7.956143999999256,31.481856000003468,0.0015843753963223053,TAKE_PROFIT,17,-1.7240049084354578,0.035040242120005075
599,NVDA,-1,2025-07-07 12:23:00-04:00,158.008392,2025-07-07 13:14:00-04:00,158.51669700000002,126,19913.039999999997,-56.07000000000272,0.882,7.976430000001756,-64.92843000000448,-0.0032605985826375324,TIME_STOP,51,2.594516220473178,-0.17459471123414538
600,NVDA,-1,2025-07-07 14:23:00-04:00,157.94840399999998,2025-07-07 14:43:00-04:00,158.406675,126,19905.48,-49.77000000000129,0.882,7.972146000001828,-58.624146000003115,-0.0029451259653122215,TAKE_PROFIT,20,2.7852399423100627,-0.23384213963928094
601,NVDA,-1,2025-07-08 12:46:00-04:00,159.54808400000002,2025-07-08 13:03:00-04:00,159.51189599999998,125,19947.5,12.500000000002842,0.875,7.976499999998055,3.6485000000047876,0.00018290512595587355,TAKE_PROFIT,17,2.3248884081190417,-1.2336825876659965
602,NVDA,-1,2025-07-08 14:03:00-04:00,160.027988,2025-07-08 14:06:00-04:00,160.07700899999998,124,19847.44,1.8600000000018326,0.868,7.9386039999996,-6.946603999997768,-0.00034999999999988756,TAKE_PROFIT,3,2.407400516680435,-0.518534756581032
603,NVDA,1,2025-07-09 10:04:00-04:00,163.762746,2025-07-09 10:27:00-04:00,163.412311,122,19975.059999999998,-34.769999999999584,0.854,7.983070000000964,-43.60707000000055,-0.0021830757955170373,TAKE_PROFIT,23,-2.591731198651786,0.2737451088962189
604,NVDA,-1,2025-07-09 10:34:00-04:00,162.887416,2025-07-09 11:18:00-04:00,162.922578,122,19876.239999999998,3.6600000000001387,0.854,7.949763999998368,-5.143763999998229,-0.00025878958998272456,TAKE_PROFIT,44,1.5840735950172444,-0.11647311772426053
605,NVDA,1,2025-07-09 12:39:00-04:00,163.14262200000002,2025-07-09 12:59:00-04:00,163.187356,122,19899.420000000002,13.419999999998197,0.854,7.962452000001008,4.60354799999719,0.00023134081294817584,TAKE_PROFIT,20,-2.2266857047501,-0.25934284992204026
606,NVDA,1,2025-07-09 13:16:00-04:00,162.7405416,2025-07-09 13:37:00-04:00,162.93920564,122,19850.376,32.18360000000041,0.854,7.946587119999037,23.383012880001374,0.0011779632224599359,TAKE_PROFIT,21,-2.7805541337836215,0.32414354473099843
607,NVDA,1,2025-07-09 14:06:00-04:00,162.652524,2025-07-09 14:17:00-04:00,162.76214106,122,19839.64,21.313400000000172,0.854,7.940118679999557,12.519281320000616,0.0006310236133317246,TAKE_PROFIT,11,-2.498279419974585,-0.054698763864396316
608,NVDA,1,2025-07-10 11:17:00-04:00,161.962386,2025-07-10 11:27:00-04:00,162.51749,123,19917.39,76.26000000000056,0.861,7.982208000000554,67.416792,0.003384820601494473,TAKE_PROFIT,10,-1.5062206448838282,0.2607871400569561
609,NVDA,-1,2025-07-10 11:57:00-04:00,163.12616824000003,2025-07-10 12:00:00-04:00,163.057605,122,19905.373600000003,16.323600000000965,0.854,7.9588847199971156,7.510715280003851,0.00037732099034824693,TAKE_PROFIT,3,1.4686385839250944,-0.40924429957916303
610,NVDA,-1,2025-07-10 13:42:00-04:00,163.98199704,2025-07-10 14:04:00-04:00,164.037801,121,19845.790800000002,1.1858000000015352,0.847,7.9380791600005125,-7.599279159998977,-0.00038291641973767936,TAKE_PROFIT,22,2.6883285311484313,-0.1883883647742345
611,NVDA,-1,2025-07-10 15:17:00-04:00,164.01719000000003,2025-07-10 15:39:00-04:00,164.042802,121,19850.050000000003,4.840000000002476,0.847,7.939051999998469,-3.946051999995993,-0.0001987930508989142,TAKE_PROFIT,22,3.3976059655903916,-0.1592444467230967
612,NVDA,-1,2025-07-10 15:50:00-04:00,164.23714600000002,2025-07-10 15:56:00-04:00,164.18283,121,19876.670000000002,14.52000000000055,0.847,7.9477639999971075,5.725236000003443,0.0002880379862423355,FORCED_EOD,6,2.485563295763917,1.4250557276019635
613,NVDA,-1,2025-07-11 10:28:00-04:00,167.29153499999998,2025-07-11 10:54:00-04:00,167.148423,119,19911.675,24.989999999997565,0.833,7.959672000000694,16.197327999996872,0.0008134588375913565,TAKE_PROFIT,26,2.7348675848784016,-0.47750258653354605
614,NVDA,1,2025-07-11 11:34:00-04:00,166.453284,2025-07-11 11:38:00-04:00,166.841625,120,19970.399999999998,54.6000000000015,0.84,7.999080000001868,45.76091999999963,0.002291437327244303,TAKE_PROFIT,4,-2.4875800491583235,0.9475525439251613
615,NVDA,1,2025-07-11 14:12:00-04:00,165.66092556,2025-07-11 14:31:00-04:00,165.70185300000003,120,19875.336,12.864000000000715,0.84,7.9527071999984855,4.0712928000022295,0.00020484145777471282,TAKE_PROFIT,19,-2.8294634195018,0.6227612462932314
616,NVDA,-1,2025-07-14 11:03:00-04:00,164.852023,2025-07-14 11:27:00-04:00,164.787951,121,19951.085,15.72999999999945,0.847,7.977287999998225,6.905712000001225,0.000346132152712558,TAKE_PROFIT,24,2.783106426156645,-0.9884213033642731
617,NVDA,1,2025-07-14 12:37:00-04:00,164.71713684,2025-07-14 13:07:00-04:00,165.11856968,121,19926.7882,56.555399999999736,0.847,7.98202635999823,47.726373640001505,0.0023950861102644484,TAKE_PROFIT,30,-2.09107520951423,-0.16143254645363234
618,NVDA,1,2025-07-14 15:19:00-04:00,164.557905,2025-07-14 15:41:00-04:00,164.387116,121,19907.525,-12.705000000002201,0.847,7.960468999999421,-21.512469000001623,-0.0010806199665705115,TAKE_PROFIT,22,-1.763465903101592,0.8175751112344108
619,NVDA,1,2025-07-15 13:25:00-04:00,170.659125,2025-07-15 14:03:00-04:00,170.91581,117,19963.125,38.02499999999867,0.8190000000000001,7.992854999998144,29.213145000000523,0.0014633553113553375,TAKE_PROFIT,38,-2.080868712904713,0.5190677074114075
620,NVDA,1,2025-07-15 14:34:00-04:00,170.749143,2025-07-15 14:45:00-04:00,170.560881,117,19973.655,-14.040000000000532,0.8190000000000001,7.986654000000499,-22.845654000001034,-0.0011437893565299409,TAKE_PROFIT,11,-2.263954158380395,0.20439326545381012
621,NVDA,1,2025-07-16 10:22:00-04:00,169.92397799999998,2025-07-16 10:56:00-04:00,169.786036,117,19877.129999999997,-8.189999999999202,0.8190000000000001,7.949213999998591,-16.958213999997795,-0.0008531520395548954,TAKE_PROFIT,34,-2.5934935095869056,-0.05298410009282515
622,NVDA,-1,2025-07-16 11:18:00-04:00,170.335926,2025-07-16 11:44:00-04:00,169.78395,117,19933.29,72.54000000000053,0.8190000000000001,7.958808000000971,63.76219199999956,0.0031987791277806902,TAKE_PROFIT,26,3.281293497735928,-0.7342208298894248
623,NVDA,-1,2025-07-16 12:48:00-04:00,170.530887,2025-07-16 12:53:00-04:00,171.10281372,117,19956.105,-58.92120000000068,0.8190000000000001,7.9942262399985395,-67.73442623999922,-0.003394170668073716,TAKE_PROFIT,5,2.5006111409440446,-0.008155304263509962
624,NVDA,1,2025-07-16 15:03:00-04:00,170.87406798,2025-07-16 15:25:00-04:00,170.810831,117,19988.2683,0.5966999999998563,0.8190000000000001,7.995426659999765,-8.21772665999991,-0.0004111274942211932,TAKE_PROFIT,22,-2.8698578320906063,-0.07171042422137713
625,NVDA,-1,2025-07-17 09:55:00-04:00,173.250343,2025-07-17 10:09:00-04:00,172.844562,115,19927.774999999998,54.624999999999346,0.805,7.96018500000045,45.859814999998896,0.0023013013244077125,TAKE_PROFIT,14,2.9683772730428317,-0.0033927483478576946
626,NVDA,1,2025-07-17 10:55:00-04:00,172.76954700000002,2025-07-17 11:15:00-04:00,173.200353,115,19864.525,57.5,0.805,7.957310000001172,48.73768999999883,0.0024535039221928955,TAKE_PROFIT,20,-2.3880104607665373,0.3321242327747741
627,NVDA,-1,2025-07-17 12:22:00-04:00,173.5767777,2025-07-17 12:32:00-04:00,173.589711,115,19965.322500000002,6.497499999999974,0.805,7.984829499998369,-2.292329499998395,-0.0001148155508130858,TAKE_PROFIT,10,2.531364326746544,-0.650548531764871
628,NVDA,1,2025-07-17 13:44:00-04:00,173.569707,2025-07-17 14:10:00-04:00,173.24524402,115,19956.524999999998,-29.33649999999986,0.805,7.976742699999306,-38.118242699999165,-0.0019100641369175831,TAKE_PROFIT,26,-2.4511618681546716,0.03668669013405343
629,NVDA,1,2025-07-18 10:17:00-04:00,172.41447599999998,2025-07-18 10:43:00-04:00,172.505492,115,19823.7,18.399999999999608,0.805,7.933159999996775,9.661840000002833,0.0004873883281124529,TAKE_PROFIT,26,-3.1181144794113984,1.4464350216180282
630,NVDA,1,2025-07-18 10:56:00-04:00,172.07440799999998,2025-07-18 11:16:00-04:00,171.870619,116,19956.64,-15.659999999998945,0.812,7.979523999997809,-24.451523999996756,-0.0012252325040686587,TAKE_PROFIT,20,-1.8138916024563387,0.4743178078419857
631,NVDA,1,2025-07-18 12:18:00-04:00,172.209435,2025-07-18 12:29:00-04:00,172.11057100000002,116,19972.300000000003,-3.480000000000132,0.812,7.988223999998922,-12.280223999999055,-0.0006148627849571183,TAKE_PROFIT,11,-1.9901910210595484,-0.19263167964077987
632,NVDA,1,2025-07-18 15:02:00-04:00,172.07440799999998,2025-07-18 15:13:00-04:00,172.125568,116,19956.64,13.920000000000528,0.812,7.9854399999993575,5.122560000001171,0.0002566844919786683,TAKE_PROFIT,11,-1.6818552168075507,-0.3780955699353645
633,NVDA,1,2025-07-18 15:39:00-04:00,171.944382,2025-07-18 15:49:00-04:00,172.030587,116,19941.56,17.980000000000132,0.812,7.980219999999349,9.187780000000782,0.000460735268454463,TAKE_PROFIT,10,-2.256494642482342,0.32061895468422297
634,NVDA,1,2025-07-21 12:20:00-04:00,172.064406,2025-07-21 12:35:00-04:00,172.13556599999998,116,19955.48,16.239999999998417,0.812,7.9854399999993575,7.442559999999061,0.0003729582049642034,TAKE_PROFIT,15,-2.4826327044520515,-0.12815630798111674
635,NVDA,1,2025-07-21 15:49:00-04:00,171.67952903999998,2025-07-21 15:56:00-04:00,171.370719,116,19910.8432,-27.86319999999853,0.812,7.958764639997867,-36.63396463999639,-0.0018399002127642888,FORCED_EOD,7,-1.8416215745838203,-2.339107187429046
636,NVDA,-1,2025-07-22 13:30:00-04:00,168.226348,2025-07-22 13:45:00-04:00,168.19363199999998,118,19854.68,11.79999999999933,0.8260000000000001,7.939511999996739,3.0344880000025896,0.00015283489837169823,TAKE_PROFIT,15,2.125894652604564,-0.9952210890738932
637,NVDA,1,2025-07-22 14:19:00-04:00,167.738541,2025-07-22 14:27:00-04:00,167.88631602,119,19956.895,25.57310000000001,0.833,7.987872619998626,16.752227380001386,0.0008394205300975621,TAKE_PROFIT,8,-1.593644546930441,1.0907561000535781
638,NVDA,1,2025-07-22 15:45:00-04:00,167.653524,2025-07-22 15:56:00-04:00,167.1755582,119,19946.78,-48.90900000000016,0.833,7.968930199998965,-57.710930199999126,-0.002893245436105433,FORCED_EOD,11,-2.8511871971787386,-2.23325990365886
639,NVDA,1,2025-07-23 11:32:00-04:00,169.443882,2025-07-23 12:23:00-04:00,168.656262,118,19990.38,-84.95999999999987,0.8260000000000001,7.979160000000604,-93.76516000000046,-0.004690514137300064,TIME_STOP,51,-1.8918875040425076,-0.07588450025348753
640,NVDA,-1,2025-07-23 14:00:00-04:00,169.71605,2025-07-23 14:32:00-04:00,170.644122,117,19860.75,-100.6200000000016,0.8190000000000001,7.964424000000093,-109.40342400000169,-0.005508524300441912,TAKE_PROFIT,32,2.55730016444609,-0.5228688851973055
641,NVDA,1,2025-07-23 15:54:00-04:00,170.33906100000002,2025-07-23 15:56:00-04:00,170.400913,117,19925.685,15.209999999999468,0.8190000000000001,7.973316000000921,6.417683999998546,0.00032208097237302236,FORCED_EOD,2,-3.0509088427029014,-1.6775814380247245
642,NVDA,-1,2025-07-24 12:45:00-04:00,173.05718164,2025-07-24 12:53:00-04:00,172.98959100000002,115,19905.557,15.731999999999289,0.805,7.959076400000242,6.967923599999047,0.00035004916466286506,TAKE_PROFIT,8,1.0652734561638542,-1.0279395682687442
643,NVDA,-1,2025-07-24 15:52:00-04:00,173.53528599999999,2025-07-24 15:56:00-04:00,173.70473399999997,115,19960.55,-11.499999999999346,0.805,7.986519999999331,-20.291519999998677,-0.0010165812064296164,FORCED_EOD,4,2.491339525054376,2.4790769174100924
644,NVDA,-1,2025-07-25 09:57:00-04:00,174.36012100000002,2025-07-25 10:13:00-04:00,174.28485,114,19881.030000000002,16.530000000001166,0.798,7.94910599999946,7.782894000001706,0.0003914733793974309,TAKE_PROFIT,16,2.66301661210184,-0.8366676110949163
645,NVDA,-1,2025-07-25 12:07:00-04:00,174.250143,2025-07-25 12:12:00-04:00,174.269847,114,19868.489999999998,5.699999999998056,0.798,7.946255999996936,-3.04425599999888,-0.0001532203000831407,TAKE_PROFIT,5,2.872933147424244,-0.3057608551602681
646,NVDA,1,2025-07-25 14:05:00-04:00,173.219637,2025-07-25 14:16:00-04:00,173.495294,115,19916.275,39.67499999999987,0.805,7.974445000000401,30.89555499999947,0.001551271761411181,TAKE_PROFIT,11,-1.920623284489576,0.49827576565690157
647,NVDA,-1,2025-07-25 15:03:00-04:00,173.80023300000002,2025-07-25 15:30:00-04:00,173.82475799999997,115,19991.025,5.17500000000183,0.805,7.995374999996585,-3.6253749999947544,-0.00018135013087096605,TAKE_PROFIT,27,2.4290902253815476,-0.4786529547628768
648,NVDA,1,2025-07-28 12:18:00-04:00,174.86476596,2025-07-28 12:23:00-04:00,175.08017696,114,19930.5972,32.535599999997885,0.798,7.978745999999148,23.758853999998735,0.001192079382347797,TAKE_PROFIT,5,-2.7976689204116787,0.6239430679472953
649,NVDA,-1,2025-07-28 14:55:00-04:00,175.77483800000002,2025-07-28 15:35:00-04:00,176.0352,113,19866.53,-21.469999999999743,0.791,7.950905999998724,-30.211905999998468,-0.0015207439849837122,TAKE_PROFIT,40,2.0504610801344945,-1.2123834908384283
650,NVDA,1,2025-07-29 10:58:00-04:00,177.35546399999998,2025-07-29 11:32:00-04:00,175.944804,112,19859.84,-150.08000000000038,0.784,7.913919999997233,-158.7779199999976,-0.00799492443040818,TAKE_PROFIT,34,-2.3232992242229393,0.30610780871471066
651,NVDA,1,2025-07-29 11:45:00-04:00,175.61011499999998,2025-07-29 11:56:00-04:00,176.67965700000002,113,19839.975,128.82000000000167,0.791,7.961753999997029,120.06724600000464,0.00605178413783307,TAKE_PROFIT,11,-1.9421915337118052,0.008312177514907326
652,NVDA,-1,2025-07-29 13:45:00-04:00,176.14466402,2025-07-29 14:18:00-04:00,176.45028299999998,113,19908.328700000002,-26.566299999998705,0.791,7.968644740000315,-35.32594473999902,-0.0017744304543253304,TAKE_PROFIT,33,2.418413163485486,0.23008013606395222
653,NVDA,-1,2025-07-29 15:08:00-04:00,176.434706,2025-07-29 15:28:00-04:00,175.93518,113,19941.11,64.40999999999923,0.791,7.963561999998888,55.655438000000345,0.002790989969966584,TAKE_PROFIT,20,2.273058700728528,-1.5632231675911636
654,NVDA,-1,2025-07-29 15:41:00-04:00,175.72984699999998,2025-07-29 15:49:00-04:00,175.840161,113,19861.445,-4.520000000002312,0.791,7.945481999999572,-13.256482000001885,-0.0006674480129719607,TAKE_PROFIT,8,2.0470583797628032,-1.2176468269238598
655,NVDA,-1,2025-07-30 11:13:00-04:00,178.344324,2025-07-30 11:25:00-04:00,178.54570199999998,112,19978.559999999998,-14.55999999999949,0.784,7.994335999997929,-23.33833599999742,-0.0011681690772506839,TAKE_PROFIT,12,2.2165501444001787,-0.6269493092988618
656,NVDA,1,2025-07-30 12:01:00-04:00,178.78074900000001,2025-07-30 12:08:00-04:00,178.82322820000002,111,19840.695,12.65400000000048,0.777,7.938808800000203,3.9381912000002774,0.00019849058714930488,TAKE_PROFIT,7,-2.3031305682857433,0.27498576735839286
657,NVDA,1,2025-07-30 13:35:00-04:00,179.10581399999998,2025-07-30 13:50:00-04:00,179.084176,111,19876.77,5.550000000001262,0.777,7.951817999997644,-3.178817999996382,-0.00015992628580983642,TAKE_PROFIT,15,-2.697419034716935,0.35047374731771636
658,NVDA,1,2025-07-30 15:53:00-04:00,179.145822,2025-07-30 15:56:00-04:00,179.04418400000003,111,19881.210000000003,-3.330000000000126,0.777,7.951817999997644,-12.058817999997771,-0.0006065434649097197,FORCED_EOD,3,-2.379362896882807,-2.491748044382334
659,NVDA,1,2025-07-31 10:44:00-04:00,180.316056,2025-07-31 10:54:00-04:00,179.779037,110,19830.8,-51.150000000000375,0.77,7.922090000001276,-59.842090000001654,-0.0030176336809408424,TAKE_PROFIT,10,-2.493897957032364,0.12375227259597212
660,NVDA,-1,2025-07-31 12:49:00-04:00,180.92020872,2025-07-31 13:00:00-04:00,180.696132,110,19905.204,32.60400000000061,0.77,7.955560800000683,23.878439199999928,0.0011996078613411812,TAKE_PROFIT,11,2.0319164149084226,0.8632404469533612
661,NVDA,-1,2025-07-31 13:30:00-04:00,178.98919500000002,2025-07-31 13:38:00-04:00,179.16582599999998,111,19871.775,-11.654999999998864,0.777,7.951040999996451,-20.383040999995316,-0.0010257282502441436,TAKE_PROFIT,8,2.1449287183007013,-0.025630446265860352
662,NVDA,-1,2025-07-31 14:59:00-04:00,177.724448,2025-07-31 15:43:00-04:00,177.940581,112,19909.12,-16.240000000001146,0.784,7.966896000000361,-24.990896000001506,-0.0012552486498650622,TAKE_PROFIT,44,2.529123155575521,0.24848683835424026
663,NVDA,-1,2025-07-31 15:53:00-04:00,177.45450200000002,2025-07-31 15:56:00-04:00,177.51549599999998,112,19878.88,1.1200000000021646,0.784,7.951327999998284,-7.615327999996119,-0.00038308637106296327,FORCED_EOD,3,2.783893886272524,1.2989659575516266
664,NVDA,1,2025-08-01 13:25:00-04:00,173.38937094,2025-08-01 13:36:00-04:00,173.435306,115,19935.7905,13.259499999998923,0.805,7.976968099998345,4.477531900000578,0.00022459766017307305,TAKE_PROFIT,11,-1.283283247560524,0.5966934214069057
665,NVDA,1,2025-08-01 15:49:00-04:00,174.29955294,2025-08-01 15:52:00-04:00,174.26514,114,19866.1758,4.0242000000007465,0.798,7.94727516000188,-4.721075160001133,-0.0002376438831272767,TAKE_PROFIT,3,-1.715200078249917,1.2702327082442986
666,NVDA,-1,2025-08-04 13:47:00-04:00,178.98919500000002,2025-08-04 14:21:00-04:00,179.440881,111,19871.775,-42.179999999999495,0.777,7.957145999996811,-50.91414599999631,-0.0025621337801981104,TAKE_PROFIT,34,2.5158872075836944,0.02109846712392087
667,NVDA,-1,2025-08-05 12:03:00-04:00,177.384516,2025-08-05 12:29:00-04:00,177.940581,112,19871.039999999997,-54.32000000000153,0.784,7.95928000000049,-63.06328000000202,-0.003173627550445373,TAKE_PROFIT,26,2.5613492895315364,-0.5675684976457673
668,NVDA,-1,2025-08-05 15:27:00-04:00,178.51429000000002,2025-08-05 15:53:00-04:00,178.645722,112,19997.600000000002,-6.720000000000255,0.784,8.000383999998576,-15.50438399999883,-0.0007753122374684376,TAKE_PROFIT,26,2.186152768533095,0.5912242783945841
669,NVDA,1,2025-08-06 10:38:00-04:00,178.05560400000002,2025-08-06 11:16:00-04:00,177.91441,112,19938.24,-7.840000000002419,0.784,7.973727999999028,-16.597728000001446,-0.0008324570273003758,TAKE_PROFIT,38,-2.280631118628538,0.5875150167041499
670,NVDA,-1,2025-08-06 13:03:00-04:00,178.184356,2025-08-06 13:28:00-04:00,178.33566000000002,112,19960.64,-8.9600000000014,0.784,7.986047999999755,-17.730048000001155,-0.0008882504769386731,TAKE_PROFIT,25,2.659764334403218,0.3575092569296568
671,NVDA,-1,2025-08-06 13:48:00-04:00,178.479297,2025-08-06 14:17:00-04:00,179.175828,112,19993.68,-70.0,0.784,8.01147199999923,-78.79547199999924,-0.0039410189619919515,TAKE_PROFIT,29,1.9534068565850717,-1.2314383986160888
672,NVDA,1,2025-08-06 14:44:00-04:00,179.100813,2025-08-06 15:00:00-04:00,179.04418400000003,111,19876.215,1.6650000000016405,0.777,7.950818999997011,-7.062818999995371,-0.00035534023957757403,TAKE_PROFIT,16,-1.8781487353237072,0.4257714709172503
673,NVDA,1,2025-08-07 11:00:00-04:00,181.73644001999997,2025-08-07 11:15:00-04:00,181.87371798,110,19987.011,23.100000000000875,0.77,7.99942439999711,14.330575600003765,0.0007169944320340729,TAKE_PROFIT,15,-2.117084388666664,-0.11506604547143971
674,NVDA,1,2025-08-07 12:09:00-04:00,181.15122300000002,2025-08-07 12:35:00-04:00,181.158761,110,19922.65,8.79999999999825,0.77,7.970820000000174,0.05917999999807577,2.9704883636502054e-06,TAKE_PROFIT,26,-2.3206096020026252,0.05492289167530398
675,NVDA,1,2025-08-07 12:43:00-04:00,180.261045,2025-08-07 13:03:00-04:00,180.54388400000002,110,19824.75,39.050000000002,0.77,7.937709999999356,30.34229000000264,0.0015305257317243669,TAKE_PROFIT,20,-1.7072702620352609,1.8188109645996744
676,NVDA,1,2025-08-07 13:33:00-04:00,179.490891,2025-08-07 13:49:00-04:00,180.0494829,111,19919.505,69.98549999999818,0.777,7.981799100000188,61.226700899997994,0.0030737059429939645,TAKE_PROFIT,16,-2.7197481592798236,0.7054536670310755
677,NVDA,1,2025-08-08 11:41:00-04:00,182.341461,2025-08-08 11:47:00-04:00,182.493494,109,19871.245,24.52499999999938,0.763,7.9534030000006055,15.808596999998773,0.0007955514110967267,TAKE_PROFIT,6,-2.0319652827033523,-0.3013231171261952
678,NVDA,1,2025-08-08 12:36:00-04:00,182.621517,2025-08-08 13:07:00-04:00,182.29353400000002,109,19901.765,-27.794999999999504,0.763,7.9551469999993,-36.51314699999881,-0.0018346687844017257,TAKE_PROFIT,31,-2.7057285422083437,-0.6465714741749622
679,NVDA,-1,2025-08-11 10:27:00-04:00,183.3278271,2025-08-11 10:52:00-04:00,183.02169701999998,109,19986.730499999998,41.35460000000043,0.763,7.986421279997046,32.60517872000339,0.0016313412901626603,TAKE_PROFIT,25,2.4270584110335265,-0.6174750828664698
680,NVDA,-1,2025-08-11 13:33:00-04:00,183.393314,2025-08-11 14:00:00-04:00,183.08661,109,19993.87,41.419999999999504,0.763,7.989263999999906,32.6677359999996,0.0016338875865452563,TAKE_PROFIT,27,2.6499353689041327,-1.630772702798632
681,NVDA,1,2025-08-11 14:05:00-04:00,182.726538,2025-08-11 14:11:00-04:00,182.843424,109,19913.21,20.709999999999752,0.763,7.969426000000425,11.977573999999326,0.0006014888609118935,TAKE_PROFIT,6,-2.749683980562095,0.0632165952552934
682,NVDA,1,2025-08-11 14:41:00-04:00,182.89167102,2025-08-11 14:47:00-04:00,182.768439,109,19931.2059,-5.460899999998503,0.763,7.971390180000299,-14.195290179998802,-0.000712214316144253,TAKE_PROFIT,6,-2.7477678996238524,-0.21915333546375024
683,NVDA,1,2025-08-11 15:20:00-04:00,182.54150099999998,2025-08-11 15:39:00-04:00,182.393514,109,19893.045,-8.17499999999876,0.763,7.9555829999981995,-16.89358299999696,-0.0008492205692993184,TAKE_PROFIT,19,-2.272303418236758,0.6082105516982437
684,NVDA,-1,2025-08-12 13:58:00-04:00,182.7689389,2025-08-12 14:22:00-04:00,182.901573,109,19925.7995,-6.485500000001537,0.763,7.97161690000047,-15.220116900002006,-0.000763839709418034,TAKE_PROFIT,24,1.7789724158965818,-0.8117764574644087
685,NVDA,-1,2025-08-12 14:32:00-04:00,183.133366,2025-08-12 14:51:00-04:00,183.04650198,109,19965.53,17.45089999999999,0.763,7.982721819999199,8.70517818000079,0.0004360103728776942,TAKE_PROFIT,19,2.9721398621396506,-0.6635625223101812
686,NVDA,1,2025-08-13 10:14:00-04:00,181.191231,2025-08-13 10:31:00-04:00,181.728647,110,19927.05,67.09999999999837,0.77,7.9842399999975555,58.34576000000082,0.002927967762413444,TAKE_PROFIT,17,-2.8060056918508525,-0.21242825722649358
687,NVDA,1,2025-08-13 10:49:00-04:00,181.106214,2025-08-13 10:57:00-04:00,181.593674,110,19917.7,61.60000000000025,0.77,7.979400000000396,52.85059999999985,0.00265344894239796,TAKE_PROFIT,8,-2.4283338637542338,1.7084561251188335
688,NVDA,1,2025-08-13 11:14:00-04:00,180.371067,2025-08-13 11:35:00-04:00,180.378917,110,19836.850000000002,8.79999999999825,0.77,7.936499999999285,0.09349999999896497,4.71344996806272e-06,TAKE_PROFIT,21,-1.8892377897122818,0.07564390466469034
689,NVDA,1,2025-08-13 15:21:00-04:00,181.646322,2025-08-13 15:52:00-04:00,181.208751,110,19977.100000000002,-40.150000000001,0.77,7.9828099999980395,-48.90280999999904,-0.0024479433951874415,TAKE_PROFIT,31,-2.2725324735766264,0.19773677126176006
690,NVDA,1,2025-08-14 11:29:00-04:00,181.2287385,2025-08-14 11:39:00-04:00,181.378717,110,19931.175,24.474999999999625,0.77,7.977364999999281,15.727635000000344,0.0007890972308456648,TAKE_PROFIT,10,-3.0021329950613045,-0.032234998302736496
691,NVDA,-1,2025-08-14 12:46:00-04:00,181.56368,2025-08-14 13:06:00-04:00,181.946382,110,19976.0,-34.10000000000025,0.77,7.997219999999174,-42.86721999999943,-0.002145936123347989,TAKE_PROFIT,20,2.748983931076336,-0.6103267431328548
692,NVDA,1,2025-08-14 13:37:00-04:00,181.851363,2025-08-14 13:51:00-04:00,181.683656,109,19817.835,-10.354999999999876,0.763,7.925062999997806,-19.04306299999768,-0.0009609053158429103,TAKE_PROFIT,14,-1.9358913811495593,1.0300571327581622
693,NVDA,-1,2025-08-14 14:40:00-04:00,181.79853302,2025-08-14 15:03:00-04:00,181.97358744,110,20001.839,-11.252999999998394,0.77,8.002986199999498,-20.02598619999789,-0.0010012072489933496,TAKE_PROFIT,23,2.3492196080612984,-0.34729377580524934
694,NVDA,1,2025-08-14 15:14:00-04:00,181.84696212,2025-08-14 15:27:00-04:00,181.918609,109,19817.3554,15.739600000002042,0.763,7.930090080001719,7.046509920000323,0.0003555726673802461,TAKE_PROFIT,13,-1.9091993744946842,0.20347181121635954
695,NVDA,-1,2025-08-15 15:17:00-04:00,179.97329814,2025-08-15 15:33:00-04:00,180.02599800000002,111,19981.0323,2.1422999999985564,0.777,7.9919844600005945,-6.626684460002038,-0.0003316487537033829,TAKE_PROFIT,16,2.7151997606766347,-0.060330269271801566
696,NVDA,-1,2025-08-15 15:52:00-04:00,180.078977,2025-08-15 15:56:00-04:00,180.43608,111,19992.765,-31.63499999999962,0.777,8.00343299999983,-40.41543299999945,-0.002021502928684424,FORCED_EOD,4,2.3519898869245224,3.3591657770919072
697,NVDA,-1,2025-08-18 11:38:00-04:00,181.39371400000002,2025-08-18 11:56:00-04:00,181.401273,110,19957.3,7.14999999999975,0.77,7.981489999998246,-1.6014899999984955,-8.024582483594953e-05,TAKE_PROFIT,18,2.709430441840226,-0.2100590841266275
698,NVDA,-1,2025-08-18 14:26:00-04:00,181.6861555,2025-08-18 15:17:00-04:00,182.526498,110,19989.475,-84.42500000000138,0.77,8.012674999997671,-93.20767499999904,-0.004662837568270255,TIME_STOP,51,2.1165546310013568,-0.31976069891784836
699,NVDA,1,2025-08-19 10:30:00-04:00,178.695732,2025-08-19 10:53:00-04:00,178.30933100000001,111,19831.26,-34.96499999999975,0.777,7.925510999997812,-43.66751099999756,-0.0022019534310980526,TAKE_PROFIT,23,-2.716920421580235,0.35499653119085733
700,NVDA,1,2025-08-19 12:09:00-04:00,177.48048899999998,2025-08-19 12:29:00-04:00,177.51449000000002,112,19873.84,11.760000000002037,0.784,7.95188799999687,3.0241120000051662,0.00015216545972017317,TAKE_PROFIT,20,-2.5699940253269595,0.42776641164799994
701,NVDA,1,2025-08-20 14:04:00-04:00,172.95458399999998,2025-08-20 14:26:00-04:00,173.08037700000003,115,19885.8,22.425000000002484,0.805,7.9588049999973975,13.661195000005087,0.0006869824196162632,TAKE_PROFIT,22,-2.0566992772843866,0.40273848431147896
702,NVDA,1,2025-08-21 11:29:00-04:00,174.909975,2025-08-21 11:35:00-04:00,175.42490800000002,114,19935.75,66.69000000000091,0.798,7.987637999999379,57.90436200000153,0.0029045489635454664,TAKE_PROFIT,6,-2.5736348818067634,0.7185237064219472
703,NVDA,-1,2025-08-21 13:28:00-04:00,174.30513200000001,2025-08-21 13:43:00-04:00,174.754944,114,19874.760000000002,-43.31999999999948,0.798,7.958567999998252,-52.076567999997735,-0.0026202363198346915,TAKE_PROFIT,15,2.6659557217543184,-0.34952531176177515
704,NVDA,1,2025-08-21 14:38:00-04:00,174.769947,2025-08-21 15:04:00-04:00,174.890015,114,19919.79,21.65999999999974,0.798,7.972247999999354,12.889752000000385,0.0006470827252697134,TAKE_PROFIT,26,-2.1161337000050757,-0.4169215272144709
705,NVDA,-1,2025-08-21 15:52:00-04:00,174.94500399999998,2025-08-21 15:56:00-04:00,175.055004,114,19947.719999999998,-4.560000000002333,0.798,7.979999999999222,-13.338000000001555,-0.0006686478454681316,FORCED_EOD,4,2.2229414628506627,0.8582453934940765
706,NVDA,-1,2025-08-25 10:37:00-04:00,179.349123,2025-08-25 11:28:00-04:00,181.16501506002464,111,19911.735,-193.56061254022964,0.777,8.003406122506703,-202.34101866273633,-0.010161897929172738,STOP_LOSS,51,2.446230746346523,1.5219668493262863
707,NVDA,1,2025-08-25 12:57:00-04:00,181.126218,2025-08-25 13:23:00-04:00,180.968799,110,19919.9,-9.350000000000875,0.77,7.96608999999961,-18.086090000000485,-0.0009079408029157016,TAKE_PROFIT,26,-2.2853119048261035,0.5049698963859629
708,NVDA,1,2025-08-26 13:55:00-04:00,180.996192,2025-08-26 14:00:00-04:00,181.283736,110,19905.600000000002,39.599999999998374,0.77,7.970159999998714,30.859839999999657,0.001550309460654271,TAKE_PROFIT,5,-2.0690206636656012,0.866248416020159
709,NVDA,-1,2025-08-26 14:39:00-04:00,182.02068857999998,2025-08-26 15:09:00-04:00,182.04150102,109,19844.223899999997,5.667999999999182,0.763,7.93655596000076,-3.031555960001578,-0.00015276767563591028,TAKE_PROFIT,30,2.79973583450388,-0.2887610017579935
710,NVDA,-1,2025-08-27 10:48:00-04:00,181.768639,2025-08-27 11:03:00-04:00,181.621317,110,19998.55,24.199999999999875,0.77,7.994579999999587,15.435420000000288,0.0007718269574544298,TAKE_PROFIT,15,3.188773595290533,-0.015489299044251201
711,NVDA,-1,2025-08-27 14:17:00-04:00,182.428507,2025-08-27 14:18:00-04:00,182.37776825999998,109,19888.685,13.483300000001492,0.763,7.952777339999955,4.7675226600015375,0.0002397103006056729,TAKE_PROFIT,1,1.8924495650351245,-0.9501413599548902
712,NVDA,1,2025-08-27 14:27:00-04:00,182.181429,2025-08-27 14:52:00-04:00,181.91940884000002,109,19853.805,-20.622799999999955,0.763,7.937397439999131,-29.32319743999909,-0.0014769560514973875,TAKE_PROFIT,25,-2.952178759609361,0.8176710981361138
713,NVDA,1,2025-08-27 15:18:00-04:00,181.17132701999998,2025-08-27 15:22:00-04:00,181.48129648,110,19924.861,42.07499999999925,0.77,7.978359399997146,33.3266406000021,0.001672615964548114,TAKE_PROFIT,4,-1.9563706186166405,0.45321968494624015
714,NVDA,1,2025-08-28 13:07:00-04:00,179.07280740000002,2025-08-28 13:17:00-04:00,179.31283026,111,19873.107,34.59870000000021,0.777,7.956162540002197,25.86553745999801,0.0013015346548477804,TAKE_PROFIT,10,-2.363530723084656,0.23764484898419572
715,NVDA,1,2025-09-02 13:12:00-04:00,168.523698,2025-09-02 13:24:00-04:00,168.93720580000002,118,19881.82,56.757999999999356,0.8260000000000001,7.964079599997092,47.967920400002264,0.0024126523829308515,TAKE_PROFIT,12,-2.805349757312869,-0.09955017534217961
716,NVDA,1,2025-09-03 11:02:00-04:00,171.714336,2025-09-03 11:29:00-04:00,170.66585999999998,116,19914.88,-113.68000000000211,0.812,7.9432160000004615,-122.43521600000257,-0.006147926374650641,TAKE_PROFIT,27,-1.9611009248143756,1.378063556294092
717,NVDA,1,2025-09-04 10:49:00-04:00,170.61911700000002,2025-09-04 11:25:00-04:00,170.830827,117,19958.445,32.76000000000013,0.8190000000000001,7.989930000002204,23.95106999999793,0.0012000468974410546,TAKE_PROFIT,36,-2.3413338383605353,-0.06084645682050786
718,NVDA,1,2025-09-05 13:39:00-04:00,166.213236,2025-09-05 14:06:00-04:00,166.186756,120,19941.600000000002,4.799999999999045,0.84,7.9775999999981195,-4.017599999999074,-0.00020146828739915924,TAKE_PROFIT,27,-2.6295898319741156,1.3294532912312702
719,NVDA,1,2025-09-05 14:52:00-04:00,166.273248,2025-09-05 15:05:00-04:00,166.55498234,120,19948.800000000003,41.79599999999937,0.84,7.987879199997678,32.968120800001685,0.0016526367901829524,TAKE_PROFIT,13,-2.4439382743821754,0.6501188518677676
720,NVDA,1,2025-09-08 14:23:00-04:00,169.953984,2025-09-08 14:43:00-04:00,169.656062,117,19880.64,-26.909999999998803,0.8190000000000001,7.9468740000011735,-35.67587399999998,-0.001794503295668549,TAKE_PROFIT,20,-2.7607483069278858,-0.47980551602893107
721,NVDA,-1,2025-09-09 13:48:00-04:00,168.21635,2025-09-09 13:59:00-04:00,168.1371207,118,19853.5,17.287000000000376,0.8260000000000001,7.93794259999936,8.523057400001015,0.00042929747399707936,TAKE_PROFIT,11,2.6667011971275927,-0.16902055876764804
722,NVDA,1,2025-09-10 11:43:00-04:00,177.950583,2025-09-10 12:09:00-04:00,177.594474,112,19926.48,-31.919999999999618,0.784,7.964208000000781,-40.6682080000004,-0.0020409127954360427,TAKE_PROFIT,26,-2.7602889606059255,-0.0974205422146931
723,NVDA,1,2025-09-10 13:05:00-04:00,177.500493,2025-09-10 13:10:00-04:00,177.769439,112,19876.08,38.08000000000038,0.784,7.958048000000417,29.337951999999966,0.0014760431634406766,TAKE_PROFIT,5,-2.522692367478402,0.34705404595327133
724,NVDA,1,2025-09-10 14:17:00-04:00,177.115416,2025-09-10 14:46:00-04:00,176.56477998,112,19832.960000000003,-53.748800000001665,0.784,7.922434239999802,-62.45523424000147,-0.00314906268353294,TAKE_PROFIT,29,-2.312612631254653,0.3301163803045137
725,NVDA,-1,2025-09-12 15:29:00-04:00,177.629467,2025-09-12 15:46:00-04:00,177.615516,112,19898.48,9.519999999997708,0.784,7.957487999998648,0.7785119999990595,3.91241944107821e-05,TAKE_PROFIT,17,2.591810939569789,-0.4498969195422249
726,NVDA,-1,2025-09-15 11:12:00-04:00,175.49489400000002,2025-09-15 11:27:00-04:00,177.2717623741457,113,19834.89,-192.81360755695246,0.791,7.972518721510795,-201.57712627846325,-0.010162754937308111,STOP_LOSS,15,2.305618765212824,2.055409583573212
727,NVDA,1,2025-09-15 14:53:00-04:00,177.17532798000002,2025-09-15 15:21:00-04:00,177.17325825999998,112,19839.6688,7.705599999997958,0.784,7.937408640002104,-1.0158086400041464,-5.1200886982757815e-05,TAKE_PROFIT,28,-2.518428335288629,0.34145028785971265
728,NVDA,1,2025-09-16 11:49:00-04:00,175.83015899999998,2025-09-16 12:26:00-04:00,175.11497,113,19864.835,-72.88499999999794,0.791,7.931356999999906,-81.60735699999785,-0.004108131630592343,TAKE_PROFIT,37,-2.575688789843842,0.06002225702967271
729,NVDA,1,2025-09-16 15:44:00-04:00,174.514896,2025-09-16 15:49:00-04:00,174.755042,114,19890.719999999998,35.34000000000026,0.798,7.9633559999991235,26.578644000001134,0.0013362333791839178,TAKE_PROFIT,5,-2.6217677965231956,0.29641965727339875
730,NVDA,-1,2025-09-17 11:19:00-04:00,170.66086099999998,2025-09-17 11:27:00-04:00,170.304054,117,19971.315,49.724999999998005,0.8190000000000001,7.978581000000929,40.92741899999707,0.002049310173115645,TAKE_PROFIT,8,2.4349549845506457,0.3138883040488405
731,NVDA,-1,2025-09-17 13:39:00-04:00,170.695854,2025-09-17 14:07:00-04:00,170.614116,117,19975.41,17.54999999999734,0.8190000000000001,7.9866539999971735,8.744346000000167,0.00043775552041235537,TAKE_PROFIT,28,2.6862484765229855,-2.758518720014433
732,NVDA,1,2025-09-17 14:09:00-04:00,170.43408,2025-09-17 14:15:00-04:00,168.70980455696204,117,19936.8,-193.80426768897928,0.8190000000000001,7.935959146461272,-202.55922683544054,-0.010160067153978599,STOP_LOSS,6,-2.608560845775644,-2.0050501795522493
733,NVDA,-1,2025-09-22 12:05:00-04:00,177.21295032,2025-09-22 12:10:00-04:00,179.00721384377331,112,19851.8208,-192.9781907044703,0.784,7.979323958140412,-201.7415146626107,-0.010162368313470303,STOP_LOSS,5,3.6554909189631952,2.5866708654967936
734,NVDA,1,2025-09-23 12:19:00-04:00,179.67092699999998,2025-09-23 12:37:00-04:00,179.39401402000001,111,19939.485,-22.766099999998602,0.777,7.971240779997316,-31.51434077999592,-0.0015804992345587621,TAKE_PROFIT,18,-1.8824186574274056,0.26468570342669734
735,NVDA,1,2025-09-23 12:50:00-04:00,179.495892,2025-09-23 13:07:00-04:00,179.024188,111,19920.06,-44.40000000000063,0.777,7.959143999998076,-53.13614399999871,-0.0026674690738882666,TAKE_PROFIT,17,-2.1800362749569904,-0.2575104078902943
736,NVDA,-1,2025-09-23 13:43:00-04:00,177.66446,2025-09-23 13:52:00-04:00,178.10061299999998,112,19902.399999999998,-40.88000000000102,0.784,7.969135999997889,-49.633135999998906,-0.0024938266741698946,TAKE_PROFIT,9,1.9199687834963783,0.6885699727636074
737,NVDA,1,2025-09-24 10:33:00-04:00,178.070607,2025-09-24 10:34:00-04:00,178.05368214,112,19939.92,6.081600000001345,0.784,7.977184320000106,-2.679584319998761,-0.0001343829022382618,TAKE_PROFIT,1,-2.0042644368312046,0.5902322746162195
738,NVDA,-1,2025-09-24 11:16:00-04:00,178.20965094,2025-09-24 11:21:00-04:00,178.250643,112,19963.473599999998,3.3935999999980595,0.784,7.98471071999893,-5.37511072000087,-0.00026924726766993447,TAKE_PROFIT,5,1.9055899013891064,0.33198102722324135
739,NVDA,-1,2025-09-25 10:48:00-04:00,178.01938900000002,2025-09-25 10:53:00-04:00,177.680529,112,19942.16,45.91999999999962,0.784,7.967679999998381,37.16832000000124,0.0018638061273202721,TAKE_PROFIT,5,1.611617702383447,-0.025786625737480404
740,NVDA,-1,2025-09-25 14:04:00-04:00,175.599873,2025-09-25 14:10:00-04:00,175.94508198,113,19846.754999999997,-31.063700000000267,0.791,7.944914739999206,-39.79961473999947,-0.0020053462009280345,TAKE_PROFIT,6,2.2918154907661896,-0.649368639858247
741,NVDA,1,2025-09-25 14:43:00-04:00,177.660525,2025-09-25 15:18:00-04:00,176.9646,112,19894.0,-70.0,0.784,7.943600000001879,-78.72760000000189,-0.003957353976073282,TAKE_PROFIT,35,-2.251689813713937,0.012303597852188005
742,NVDA,-1,2025-09-25 15:26:00-04:00,177.28443602,2025-09-25 15:31:00-04:00,177.110415,112,19859.8288,27.428800000000138,0.784,7.938445760000377,18.70635423999976,0.000941919209293474,TAKE_PROFIT,5,2.1160536634423366,-0.4166645185971835
743,NVDA,1,2025-09-26 12:18:00-04:00,176.2082346,2025-09-26 12:42:00-04:00,176.89461400000002,113,19907.549,85.54100000000057,0.791,7.980127799998172,76.7698722000024,0.003856319640353637,TAKE_PROFIT,24,-2.2285674302692233,0.137906836361271
744,NVDA,-1,2025-09-26 15:53:00-04:00,177.844424,2025-09-26 15:56:00-04:00,178.08561,112,19922.559999999998,-19.040000000001783,0.784,7.972831999998107,-27.79683199999989,-0.001395243984708787,FORCED_EOD,3,3.1917312335505468,1.8676556543055656
745,NVDA,-1,2025-09-29 11:17:00-04:00,182.92340800000002,2025-09-29 11:28:00-04:00,182.316456,109,19942.64,74.12000000000074,0.763,7.962231999996902,65.39476800000384,0.0032791429820727765,TAKE_PROFIT,11,2.6935170509161486,-0.21944865687269882
746,NVDA,1,2025-09-29 12:12:00-04:00,181.85446362,2025-09-29 12:26:00-04:00,181.983596,109,19818.172899999998,22.007100000002538,0.763,7.9316705800008265,13.31242942000171,0.0006717283922778629,TAKE_PROFIT,14,-2.303501213439922,0.4784406279216849
747,NVDA,-1,2025-09-29 15:52:00-04:00,181.76174038000002,2025-09-29 15:56:00-04:00,181.85636399999999,110,19997.791,-2.4089999999986844,0.77,7.999598199997422,-11.178598199996106,-0.0005589916506276171,FORCED_EOD,4,2.9363012699952886,2.4157601994173876
748,NVDA,-1,2025-09-30 10:33:00-04:00,185.81283,2025-09-30 10:56:00-04:00,187.14952241999998,107,19885.95,-135.0447000000004,0.749,7.981388939998681,-143.77508893999908,-0.0072299834274952455,TAKE_PROFIT,23,2.6901562327221846,0.5745767579757006
749,NVDA,1,2025-09-30 11:03:00-04:00,186.68733,2025-09-30 11:11:00-04:00,187.117569,107,19971.55,54.03499999999951,0.749,7.999426999999486,45.286573000000026,0.002267554245914815,TAKE_PROFIT,8,-2.3159834149914724,0.6274162594519742
750,NVDA,-1,2025-10-01 13:14:00-04:00,187.91241,2025-10-01 13:17:00-04:00,187.652523,106,19922.699999999997,35.50999999999783,0.742,7.96197799999868,26.806021999999153,0.001345501463155052,TAKE_PROFIT,3,2.156647134406324,-1.311950431638998
751,NVDA,-1,2025-10-02 15:14:00-04:00,189.10717100000002,2025-10-02 15:25:00-04:00,189.14222088,105,19860.225000000002,4.263000000001256,0.735,7.943237399998537,-4.415237399997281,-0.00022231557799558063,TAKE_PROFIT,11,2.2766313292012637,0.11116872268783182
752,NVDA,1,2025-10-03 11:53:00-04:00,188.80775400000002,2025-10-03 12:27:00-04:00,188.402312,105,19820.850000000002,-34.65000000000131,0.735,7.9214100000010035,-43.306410000002316,-0.0021848916671082376,TAKE_PROFIT,34,-2.3845382184859254,-0.3750838002506802
753,NVDA,1,2025-10-03 12:43:00-04:00,187.897572,2025-10-03 12:55:00-04:00,187.93240600000001,106,19913.16,11.659999999998433,0.742,7.967595999996547,2.9504040000018854,0.00014816352603011705,TAKE_PROFIT,12,-1.9382846026466505,0.14262952641854856
754,NVDA,-1,2025-10-03 13:05:00-04:00,187.38251599999998,2025-10-03 13:45:00-04:00,186.677328,106,19866.52,82.68000000000012,0.742,7.930072000000905,74.00792799999921,0.0037252587770781804,TAKE_PROFIT,40,3.421180360296138,-0.6294395214231436
755,NVDA,-1,2025-10-03 13:54:00-04:00,185.67285800000002,2025-10-03 14:20:00-04:00,187.13752001999998,107,19870.97,-148.7406999999989,0.749,7.9781361399971615,-157.46783613999605,-0.0079245168273112,TAKE_PROFIT,26,2.359485616456743,-0.1782974742547924
756,NVDA,-1,2025-10-03 15:53:00-04:00,187.692454,2025-10-03 15:56:00-04:00,187.697532,106,19899.379999999997,7.419999999999277,0.742,7.958267999999009,-1.2802679999997322,-6.433707984870545e-05,FORCED_EOD,3,1.9173290493902264,1.8139772185692962
757,NVDA,1,2025-10-06 13:25:00-04:00,186.392271,2025-10-06 14:02:00-04:00,185.832826,107,19939.985,-51.89499999999842,0.749,7.965614999999701,-60.60961499999812,-0.003039601835206903,TAKE_PROFIT,37,-2.5031260083160727,0.24605091649691527
758,NVDA,-1,2025-10-06 15:25:00-04:00,185.82092838,2025-10-06 15:38:00-04:00,185.727138,107,19886.8167,17.986700000001036,0.749,7.951129340000875,9.286570660000162,0.00046697120007146054,TAKE_PROFIT,13,2.857450514672209,0.09284622006551196
759,NVDA,-1,2025-10-06 15:49:00-04:00,185.62966664,2025-10-06 15:56:00-04:00,185.64212099999997,107,19866.3476,6.612600000000555,0.749,7.9452165199967055,-2.0816165199961505,-0.000104781037859025,FORCED_EOD,7,2.1957073385018697,0.9799361094088676
760,NVDA,-1,2025-10-07 09:50:00-04:00,187.94240399999998,2025-10-07 10:22:00-04:00,188.46768600000001,106,19925.879999999997,-47.70000000000181,0.742,7.979892000001655,-56.42189200000346,-0.0028315884668583505,TAKE_PROFIT,32,2.3875375234949945,0.77533740182451
761,NVDA,1,2025-10-07 11:05:00-04:00,186.42727799999997,2025-10-07 11:26:00-04:00,186.01279000000002,107,19943.73,-36.379999999997324,0.749,7.970215999997208,-45.099215999994534,-0.002261323032351247,TAKE_PROFIT,21,-3.0303172558291886,-0.312264968539473
762,NVDA,1,2025-10-07 13:50:00-04:00,185.85716399999998,2025-10-07 14:03:00-04:00,185.282936,107,19882.739999999998,-53.5,0.749,7.942395999997501,-62.1913959999975,-0.003127908728877283,TAKE_PROFIT,13,-1.6372465075386395,1.032736081489076
763,NVDA,-1,2025-10-07 14:07:00-04:00,185.442904,2025-10-07 14:34:00-04:00,185.897172,107,19846.36,-40.660000000002555,0.749,7.94667599999886,-49.35567600000142,-0.0024868880741859673,TAKE_PROFIT,27,1.2498947684356845,-0.2759160388559716
764,NVDA,1,2025-10-08 11:10:00-04:00,188.17762799999997,2025-10-08 11:28:00-04:00,188.39241398000001,106,19942.84,30.75060000000252,0.742,7.983286119997786,22.025313880004735,0.0011044221324547924,TAKE_PROFIT,18,-2.5328692278782388,-0.24965131831187584
765,NVDA,1,2025-10-08 13:09:00-04:00,188.08761,2025-10-08 13:24:00-04:00,188.122368,106,19933.300000000003,11.659999999998433,0.742,7.975652000000309,2.9423479999981232,0.00014760967827695981,TAKE_PROFIT,15,-2.1445586171798636,-0.29380646568644114
766,NVDA,-1,2025-10-08 13:39:00-04:00,188.4233078,2025-10-08 14:01:00-04:00,188.52769800000002,106,19976.866,-3.0739999999996144,0.742,7.99136120000162,-11.807361200001235,-0.0005910517295356156,TAKE_PROFIT,22,2.3516571305797633,-0.7751920835254672
767,NVDA,1,2025-10-09 14:30:00-04:00,192.578508,2025-10-09 14:51:00-04:00,192.531486,103,19831.62,3.090000000000117,0.721,7.933265999999946,-5.564265999999829,-0.0002805754648384665,TAKE_PROFIT,21,-2.3270421981868625,-0.3273367758034179
768,NVDA,-1,2025-10-09 15:17:00-04:00,193.02148798000002,2025-10-09 15:24:00-04:00,192.983589,103,19885.190300000002,11.855300000001279,0.721,7.951705059998943,3.1825949400023354,0.0001600485030310389,TAKE_PROFIT,7,1.8488482785465634,-0.07754573534061918
769,NVDA,1,2025-10-10 11:04:00-04:00,192.58851,2025-10-10 11:18:00-04:00,190.6400989873418,103,19832.65,-192.79183267033042,0.721,7.894501633466916,-201.40733430379734,-0.010155341535488062,STOP_LOSS,14,-3.0867540325773835,-2.329985673558778
770,NVDA,1,2025-10-10 12:48:00-04:00,188.077608,2025-10-10 13:16:00-04:00,187.29253400000002,106,19932.239999999998,-75.25999999999783,0.742,7.95784400000008,-83.95984399999791,-0.004212263348223678,TAKE_PROFIT,28,-2.880153208127459,1.343458562418603
771,NVDA,1,2025-10-10 15:30:00-04:00,186.457284,2025-10-10 15:39:00-04:00,184.57090237974683,107,19946.94,-193.90283793467466,0.749,7.9399954324135535,-202.5918333670882,-0.01015653696091171,STOP_LOSS,9,-1.8672798952427885,-2.3357370816374723
772,NVDA,1,2025-10-13 14:03:00-04:00,188.272647,2025-10-13 14:52:00-04:00,187.5664792,106,19952.91,-66.88600000000002,0.742,7.967786800000283,-75.59578680000031,-0.003788709857359168,TAKE_PROFIT,49,-3.166828026499777,1.261069835896208
773,NVDA,-1,2025-10-13 15:34:00-04:00,187.937405,2025-10-13 15:40:00-04:00,187.83756,106,19925.35,18.549999999998192,0.742,7.966429999996478,9.841570000001713,0.0004939220641043552,TAKE_PROFIT,6,2.2527467314126826,-1.9768129229342821
774,NVDA,1,2025-10-14 13:22:00-04:00,183.23664,2025-10-14 14:13:00-04:00,181.843624,109,19968.8,-143.87999999999926,0.763,7.958743999999513,-152.60174399999877,-0.007642008733624393,TIME_STOP,51,-2.8528848964836953,-0.8782114496156823
775,NVDA,-1,2025-10-14 15:39:00-04:00,181.153762,2025-10-14 15:55:00-04:00,180.35606399999998,110,19930.9,95.7000000000005,0.77,7.953219999997714,86.97678000000279,0.004363916330923479,TAKE_PROFIT,16,2.425678214497108,-2.077029642995465
776,NVDA,1,2025-10-15 12:08:00-04:00,180.58611000000002,2025-10-15 12:27:00-04:00,180.79303416,110,19860.5,30.711999999997204,0.77,7.950342400000352,21.991657599996852,0.0011073063417334334,TAKE_PROFIT,19,-2.335583891522449,1.3754194153614119
777,NVDA,1,2025-10-15 13:50:00-04:00,179.23584,2025-10-15 14:08:00-04:00,179.184156,111,19891.199999999997,2.2200000000011357,0.777,7.956924000000527,-6.513923999999391,-0.00032747767857139803,TAKE_PROFIT,18,-1.7431418252594364,0.9058927789572062
778,NVDA,-1,2025-10-15 15:50:00-04:00,180.06398,2025-10-15 15:51:00-04:00,179.365866,111,19991.1,85.46999999999798,0.777,7.979346000000703,76.71365399999728,0.003837390338700586,TAKE_PROFIT,1,2.708927130019276,-1.6407669706405397
779,NVDA,-1,2025-10-16 11:29:00-04:00,182.093574,2025-10-16 11:56:00-04:00,181.906374,109,19852.17,28.33999999999901,0.763,7.935200000000094,19.641799999998913,0.0009894031735572944,TAKE_PROFIT,27,2.5387897831156416,0.6707364665517811
780,NVDA,-1,2025-10-16 12:33:00-04:00,179.854022,2025-10-16 12:57:00-04:00,181.406274,111,19967.789999999997,-164.28000000000202,0.777,8.019971999999086,-173.0769720000011,-0.008667808104953083,TAKE_PROFIT,24,2.349940212350851,-1.04919203308571
781,NVDA,-1,2025-10-17 10:23:00-04:00,183.028387,2025-10-17 10:42:00-04:00,182.146422,109,19954.085,104.09499999999827,0.763,7.960814999997382,95.37118500000088,0.004779531860268255,TAKE_PROFIT,19,2.4801693793953037,0.2691851915760186
782,NVDA,1,2025-10-17 12:12:00-04:00,182.521497,2025-10-17 12:38:00-04:00,182.77323804,109,19890.865,35.40319999999804,0.763,7.96342663999971,26.67677335999833,0.0013411570266048424,TAKE_PROFIT,26,-2.0041067369632692,1.5322607198579994
783,NVDA,1,2025-10-17 15:37:00-04:00,183.291651,2025-10-17 15:56:00-04:00,183.08337600000002,109,19974.795,-14.714999999999009,0.763,7.9869749999994895,-23.464974999998496,-0.001174729202477347,FORCED_EOD,19,-2.4943382625151447,-0.09143812723211298
784,NVDA,-1,2025-10-20 10:25:00-04:00,184.308131,2025-10-20 10:39:00-04:00,183.976788,108,19909.26,43.74000000000012,0.756,7.954955999999697,35.029044000000425,0.0017594347554856597,TAKE_PROFIT,14,2.498405807199816,-0.1302575709341407
785,NVDA,-1,2025-10-20 12:51:00-04:00,183.888215,2025-10-20 13:06:00-04:00,184.126818,108,19863.9,-17.81999999999914,0.756,7.949123999999074,-26.525123999998215,-0.0013353432105476877,TAKE_PROFIT,15,1.7680452670685165,-0.13202333766088434
786,NVDA,1,2025-10-20 13:32:00-04:00,183.8207568,2025-10-20 13:56:00-04:00,183.70325200000002,108,19848.672,-4.751999999998134,0.756,7.938518399999452,-13.446518399997586,-0.0006774517912330652,TAKE_PROFIT,24,-2.5849809152426295,-0.6021804328703824
787,NVDA,1,2025-10-20 15:07:00-04:00,183.216636,2025-10-20 15:34:00-04:00,182.94820304,109,19966.62,-21.27679999999998,0.763,7.982392639998295,-30.022192639998277,-0.0015036191723986473,TAKE_PROFIT,27,-2.885130727991644,0.3546758488756012
788,NVDA,1,2025-10-21 13:12:00-04:00,181.51629599999998,2025-10-21 13:27:00-04:00,181.23364602,110,19962.8,-23.110999999998114,0.77,7.980497799999,-31.861497799997114,-0.0015960435309674552,TAKE_PROFIT,15,-2.049887014864679,0.4132249316511952
789,NVDA,1,2025-10-21 14:09:00-04:00,181.41627599999998,2025-10-21 14:38:00-04:00,181.26383998,110,19951.8,-8.78900000000101,0.77,7.9789621999969995,-17.53796219999801,-0.0008790165398609654,TAKE_PROFIT,29,-2.6488071135527482,0.16568301557779488
790,NVDA,1,2025-10-22 10:45:00-04:00,179.600913,2025-10-22 11:16:00-04:00,180.32392800000002,111,19931.715,88.24500000000177,0.777,7.990334999998197,79.47766500000357,0.003987497563556552,TAKE_PROFIT,31,-2.2877085879775594,0.16572733095394318
791,NVDA,1,2025-10-22 11:34:00-04:00,178.750743,2025-10-22 11:49:00-04:00,179.32412800000003,111,19837.365,71.59500000000114,0.777,7.94926499999778,62.868735000003355,0.0031692079568028993,TAKE_PROFIT,15,-2.5471220957492,0.0209780020108118
792,NVDA,1,2025-10-22 12:43:00-04:00,178.61571600000002,2025-10-22 12:57:00-04:00,178.94420399999998,111,19822.38,44.399999999997476,0.777,7.937832000001407,35.68516799999607,0.0018002463881731693,TAKE_PROFIT,14,-2.238122305830807,0.574083839316434
793,NVDA,-1,2025-10-22 15:39:00-04:00,180.01399,2025-10-22 15:56:00-04:00,180.076008,111,19985.550000000003,1.1100000000021453,0.777,7.993998000001568,-7.660997999999423,-0.00038332685365173445,FORCED_EOD,17,1.9544354257714038,1.761783565631983
794,NVDA,1,2025-10-23 12:10:00-04:00,182.046402,2025-10-23 12:54:00-04:00,182.043584,109,19839.09,7.6300000000023545,0.763,7.9371620000013365,-1.070161999998982,-5.3942091093844625e-05,TAKE_PROFIT,44,-2.0606319246559632,0.054960452771456135
795,NVDA,-1,2025-10-23 13:15:00-04:00,182.133566,2025-10-23 13:30:00-04:00,181.81635599999998,109,19856.53,42.50999999999851,0.763,7.93410999999665,33.812890000001865,0.0017028599659659502,TAKE_PROFIT,15,2.1397227281640085,-0.631334253871317
796,NVDA,1,2025-10-23 15:17:00-04:00,182.726538,2025-10-23 15:56:00-04:00,182.1115704,109,19913.21,-59.07800000000017,0.763,7.953468399999821,-67.7944684,-0.003404497235754557,FORCED_EOD,39,-2.746178374635232,-1.3037388832257797
797,NVDA,-1,2025-10-24 11:53:00-04:00,185.472898,2025-10-24 12:01:00-04:00,185.377068,107,19849.57,18.189999999998662,0.749,7.936190000001005,9.504809999997658,0.0004788421109372978,TAKE_PROFIT,8,1.981906084004123,-1.2304026178854466
798,NVDA,-1,2025-10-24 13:39:00-04:00,185.32292800000002,2025-10-24 14:11:00-04:00,185.51709599999998,107,19833.52,-12.839999999997445,0.749,7.9359759999985044,-21.524975999995952,-0.001085282693137474,TAKE_PROFIT,32,2.5821104315956287,0.1636235914614247
799,NVDA,1,2025-10-24 14:23:00-04:00,185.442081,2025-10-24 14:49:00-04:00,185.17295800000002,107,19838.335,-20.86499999999927,0.749,7.931160999998497,-29.545160999997766,-0.0014892964051669542,TAKE_PROFIT,26,-2.5678994829903536,1.179069019651019
800,NVDA,-1,2025-10-24 14:54:00-04:00,185.4474031,2025-10-24 15:22:00-04:00,187.32503964044454,107,19846.8415,-192.929787270112,0.749,7.977322557453931,-201.65610982756593,-0.010160614716833705,STOP_LOSS,28,2.915944133243405,1.7558795153553197
801,NVDA,1,2025-10-27 10:08:00-04:00,190.313055,2025-10-27 10:32:00-04:00,189.96200000000002,105,19978.875,-28.875000000000597,0.735,7.985774999996664,-37.59577499999726,-0.001881776376297327,TAKE_PROFIT,24,-2.6818617517948127,0.5017568132468093
802,NVDA,-1,2025-10-27 12:55:00-04:00,191.31163002,2025-10-27 13:25:00-04:00,191.378268,104,19900.3896,1.0295999999987089,0.728,7.95994991999828,-7.658349919999571,-0.00038483417028175026,TAKE_PROFIT,30,2.3206823705523676,-0.22794354512110127
803,NVDA,1,2025-10-27 15:14:00-04:00,190.47808799999999,2025-10-27 15:25:00-04:00,190.541884,104,19805.76,14.560000000001537,0.728,7.925215999998954,5.906784000002583,0.00029823566477643794,TAKE_PROFIT,11,-1.6897140209942472,1.5256748157786524
804,NVDA,-1,2025-10-27 15:52:00-04:00,191.531686,2025-10-27 15:56:00-04:00,191.418276,104,19923.28,19.759999999999764,0.728,7.9653599999981,11.066640000001662,0.0005554627551287571,FORCED_EOD,4,2.4369664508841895,0.14776730350015543
805,NVDA,1,2025-10-28 11:37:00-04:00,192.478488,2025-10-28 11:38:00-04:00,192.69645300000002,103,19821.32,30.38500000000164,0.721,7.934604999999493,21.729395000002146,0.0010962637705259864,TAKE_PROFIT,1,-1.4437274556964255,0.5147065666204131
806,NVDA,-1,2025-10-28 12:43:00-04:00,194.71105,2025-10-28 12:55:00-04:00,194.448882,102,19864.5,34.68000000000035,0.714,7.9388640000000805,26.02713600000027,0.001310233632862658,TAKE_PROFIT,12,2.28513326412516,-0.46090419018534545
807,NVDA,-1,2025-10-28 14:24:00-04:00,199.25014199999998,2025-10-28 14:49:00-04:00,199.50939390000002,100,19929.0,-17.950000000001864,0.7000000000000001,7.9751900000019305,-26.625190000003794,-0.0013360023081942793,TAKE_PROFIT,25,2.274556580873261,-0.7504976820577486
808,NVDA,-1,2025-10-28 15:08:00-04:00,200.98979400000002,2025-10-28 15:33:00-04:00,203.02479570486247,99,19901.97,-193.4656876438572,0.6930000000000001,7.999481137525578,-202.15816878138278,-0.010157696387914502,STOP_LOSS,25,2.856855127457159,2.421131828529761
809,NVDA,1,2025-10-29 11:47:00-04:00,207.54650099999998,2025-10-29 12:04:00-04:00,205.4467605316456,96,19920.48,-193.6456220864411,0.672,7.929462875579702,-202.2470849620208,-0.010152721468660435,STOP_LOSS,17,-2.6060786866264785,-1.9956092035314967
810,NVDA,-1,2025-10-29 13:54:00-04:00,207.818428,2025-10-29 14:04:00-04:00,206.851362,96,19954.56,100.80000000000109,0.672,7.961663999999473,92.16633600000162,0.00461881073799681,TAKE_PROFIT,10,2.7054906452599656,0.3648499276336185
811,NVDA,1,2025-10-29 14:28:00-04:00,206.821356,2025-10-29 14:49:00-04:00,205.85522072,96,19850.88,-84.82560000000012,0.672,7.92338688000018,-93.4209868800003,-0.004706138311248685,TAKE_PROFIT,21,-1.7236407322067404,0.13998936879912116
812,NVDA,-1,2025-10-29 15:32:00-04:00,207.198552,2025-10-29 15:45:00-04:00,206.79135,96,19895.04,47.04000000000087,0.672,7.948607999999695,38.41939200000118,0.0019311040339703353,TAKE_PROFIT,13,2.034047475109237,-0.5672483237639115
813,NVDA,-1,2025-10-30 13:41:00-04:00,203.20935,2025-10-30 14:07:00-04:00,203.670726,98,19918.5,-37.239999999999554,0.686,7.974848000000577,-45.90084800000013,-0.00230443296432965,TAKE_PROFIT,26,2.2423650178758123,0.38631220664897653
814,NVDA,-1,2025-10-30 14:49:00-04:00,204.15915999999999,2025-10-30 14:59:00-04:00,203.69073,97,19807.399999999998,53.349999999998346,0.679,7.912289999999928,44.758709999998416,0.002259696376101781,TAKE_PROFIT,10,2.6975847580005117,-1.453227935054673
815,NVDA,1,2025-10-31 12:43:00-04:00,203.33055797999998,2025-10-31 13:08:00-04:00,202.56947800000003,98,19922.4102,-66.63019999999756,0.686,7.955638039997382,-75.27183803999495,-0.0037782495834763484,TAKE_PROFIT,25,-2.2544617630857617,2.350630571794243
816,NVDA,-1,2025-10-31 13:50:00-04:00,203.839224,2025-10-31 13:59:00-04:00,203.32065599999999,98,19980.239999999998,58.79999999999944,0.686,7.9803359999978625,50.13366400000158,0.002509162252305357,TAKE_PROFIT,9,2.444485379157016,-0.4187040386137049
817,NVDA,-1,2025-10-31 14:30:00-04:00,204.239144,2025-10-31 14:46:00-04:00,203.99078999999998,97,19815.16,32.01000000000121,0.679,7.919661999997857,23.411338000003358,0.001181486195418223,TAKE_PROFIT,16,2.0957692527951437,0.3759304711501264
818,NVDA,-1,2025-11-03 11:57:00-05:00,208.88431477999998,2025-11-03 12:48:00-05:00,210.08120784,95,19847.979499999998,-105.74450000000027,0.665,7.960340700000472,-114.36984070000075,-0.00576229135565163,TIME_STOP,51,2.2011206309438265,-0.15431687108280184
819,NVDA,1,2025-11-03 13:36:00-05:00,210.472086,2025-11-03 14:04:00-05:00,208.3427474936709,95,19990.850000000002,-194.32968403807251,0.665,7.957474063189807,-202.9521581012623,-0.010152252560609594,STOP_LOSS,28,-3.470270415173249,-2.473104612787499
820,NVDA,-1,2025-11-04 11:31:00-05:00,201.66775838,2025-11-04 11:55:00-05:00,201.770346,99,19969.1019,-2.168099999998816,0.6930000000000001,7.988074379999205,-10.84917437999802,-0.0005432980628937559,TAKE_PROFIT,24,1.7316316761486168,-0.6532369776865705
821,NVDA,1,2025-11-04 14:41:00-05:00,199.129818,2025-11-04 14:56:00-05:00,199.25014199999998,100,19909.0,19.999999999998863,0.7000000000000001,7.96760000000063,11.332399999998234,0.000569209905067971,TAKE_PROFIT,15,-2.295726619517511,-0.1104232454920389
822,NVDA,-1,2025-11-04 15:51:00-05:00,199.62376726000002,2025-11-04 15:55:00-05:00,198.56510508,100,19966.37,113.83000000000152,0.7000000000000001,7.963781999998787,105.16621800000273,0.005267167642390817,TAKE_PROFIT,4,2.5937218420687786,-2.4610459445227084
823,NVDA,-1,2025-11-05 13:53:00-05:00,201.9975924,2025-11-05 14:01:00-05:00,201.46018398,99,20001.762000000002,61.19189999999983,0.6930000000000001,7.988466420000691,52.510433579999145,0.002625290390916517,TAKE_PROFIT,8,1.9625284194549946,-0.12315881027557599
824,NVDA,1,2025-11-05 15:04:00-05:00,200.96198435999997,2025-11-05 15:31:00-05:00,198.9288592091139,99,19891.2582,-193.36155896951544,0.6930000000000001,7.917830968204953,-201.9723899377204,-0.010153826766861856,STOP_LOSS,27,-2.086965163354225,-1.6952541277737914
825,NVDA,1,2025-11-06 10:50:00-05:00,190.468086,2025-11-06 10:52:00-05:00,190.9627998,105,19995.15,59.954999999999785,0.735,8.010050999999834,51.20994899999995,0.0025611185212413984,TAKE_PROFIT,2,-0.8263346477989448,1.252328535069727
826,NVDA,1,2025-11-06 11:37:00-05:00,189.41777598,2025-11-06 11:57:00-05:00,188.317329,105,19884.889499999997,-107.61450000000025,0.735,7.932432899998361,-116.28193289999861,-0.005847753536674097,TAKE_PROFIT,20,-2.5423392059033527,0.6071678590401509
827,NVDA,1,2025-11-06 13:45:00-05:00,189.467886,2025-11-06 14:10:00-05:00,189.4621,105,19890.15,7.349999999999284,0.735,7.957529999999338,-1.3425300000000542,-6.749722852769104e-05,TAKE_PROFIT,25,-2.409047924657782,0.2902986113345933
828,NVDA,1,2025-11-06 15:44:00-05:00,188.497692,2025-11-06 15:56:00-05:00,187.76244000000003,106,19976.760000000002,-69.95999999999964,0.742,7.976711999997633,-78.67871199999728,-0.003938512151119464,FORCED_EOD,12,-1.923219586225349,-0.5757014186327417
829,NVDA,1,2025-11-07 11:08:00-05:00,179.9639856,2025-11-07 11:18:00-05:00,179.92400800000001,111,19972.007999999998,3.552000000001186,0.777,7.98951359999964,-5.214513599998454,-0.0002610911031078324,TAKE_PROFIT,10,-2.177945328422563,0.4632074820626476
830,NVDA,-1,2025-11-07 12:03:00-05:00,180.523888,2025-11-07 12:25:00-05:00,182.35167443898905,110,19861.6,-193.07325363806825,0.77,7.9832546507273605,-201.82650828879562,-0.01016164399085651,STOP_LOSS,22,2.180614560730532,1.0931995263280851
831,NVDA,-1,2025-11-10 13:48:00-05:00,197.7284464,2025-11-10 13:59:00-05:00,197.21463504,101,19974.568,59.87280000000112,0.707,7.977852640000577,51.18794736000054,0.0025626560414223,TAKE_PROFIT,11,3.163117615010756,-0.6077170622758192
832,NVDA,1,2025-11-11 11:24:00-05:00,193.28865,2025-11-11 11:27:00-05:00,192.86062016000002,103,19904.75,-36.13239999999922,0.721,7.954673519997186,-44.808073519996405,-0.002251124657179638,TAKE_PROFIT,3,-1.6943730495715834,-0.04625048259684174
833,NVDA,-1,2025-11-11 15:29:00-05:00,194.221148,2025-11-11 15:41:00-05:00,194.048802,102,19814.52,25.5,0.714,7.920707999999536,16.865292000000466,0.000851158241531991,TAKE_PROFIT,12,2.5292411760253253,-0.33264299995528235
834,NVDA,1,2025-11-11 15:53:00-05:00,193.45868399999998,2025-11-11 15:56:00-05:00,193.081376,103,19922.26,-30.899999999998244,0.721,7.962723999998758,-39.583723999997005,-0.001986909316513137,FORCED_EOD,3,-2.213694251230188,-0.903459573502936
835,NVDA,1,2025-11-12 12:48:00-05:00,192.16842599999998,2025-11-12 13:02:00-05:00,192.601472,104,19981.52,53.039999999999054,0.728,8.00321599999711,44.30878400000194,0.0022174881590590677,TAKE_PROFIT,14,-2.7522119086016668,-0.3204989405910824
836,NVDA,-1,2025-11-12 14:54:00-05:00,192.251542,2025-11-12 14:55:00-05:00,192.378468,104,19998.16,-5.200000000001182,0.728,8.00030399999855,-13.928303999999732,-0.0006964792760933873,TAKE_PROFIT,1,0.3103672127377154,-1.2307382798576914
837,NVDA,1,2025-11-12 14:58:00-05:00,192.08841,2025-11-12 15:18:00-05:00,191.76164000000003,104,19973.2,-26.0,0.728,7.98407999999813,-34.71207999999813,-0.0017379328299920959,TAKE_PROFIT,20,-1.3612449834532945,0.5056671370262957
838,NVDA,-1,2025-11-13 11:47:00-05:00,185.922808,2025-11-13 11:57:00-05:00,185.67722801999997,107,19897.72,34.229300000001956,0.749,7.952242139998674,25.52805786000328,0.0012829639707465617,TAKE_PROFIT,10,2.309305798330188,-0.5423579961878914
839,NVDA,-1,2025-11-13 13:18:00-05:00,185.472898,2025-11-13 13:21:00-05:00,185.347062,107,19849.57,21.399999999998784,0.749,7.935547999999585,12.7154519999992,0.0006405908037302168,TAKE_PROFIT,3,1.7173992797168047,-0.5291118276950301
840,NVDA,-1,2025-11-13 15:26:00-05:00,185.492894,2025-11-13 15:27:00-05:00,185.38707,107,19851.71,19.26000000000073,0.749,7.936831999999384,10.574168000001347,0.0005326577911928668,TAKE_PROFIT,1,1.4463505872676627,-0.20691494890005482
841,NVDA,1,2025-11-14 10:55:00-05:00,188.33766,2025-11-14 11:08:00-05:00,187.672458,106,19959.800000000003,-62.54000000000036,0.742,7.971411999998963,-71.25341199999932,-0.003569845990440751,TAKE_PROFIT,13,-2.2983630359753406,-0.14972942947014606
842,NVDA,-1,2025-11-14 13:02:00-05:00,189.16715900000003,2025-11-14 13:15:00-05:00,189.657924,105,19866.525,-43.574999999999164,0.735,7.955324999998936,-52.2653249999981,-0.0026308237097327335,TAKE_PROFIT,13,2.695187501196602,0.08251901792638941
843,NVDA,-1,2025-11-14 15:50:00-05:00,189.35212199999998,2025-11-14 15:56:00-05:00,190.268046,105,19885.949999999997,-88.20000000000036,0.735,7.9720200000015495,-96.9070200000019,-0.004873140081313788,FORCED_EOD,6,2.2898769659614002,1.7857689314532081
844,NVDA,-1,2025-11-17 12:39:00-05:00,187.48249600000003,2025-11-17 13:30:00-05:00,186.76734599999997,106,19877.120000000003,83.74000000000217,0.742,7.934099999996761,75.0639000000054,0.003776397184300613,TIME_STOP,51,2.949060887368505,0.5490513702012563
845,NVDA,-1,2025-11-18 10:05:00-05:00,179.82402800000003,2025-11-18 10:20:00-05:00,181.644728425989,111,19964.460000000003,-194.07314865504557,0.777,8.024598629730576,-202.87474728477613,-0.010161794873729422,STOP_LOSS,15,2.0505580636682965,1.610164696234124
846,NVDA,-1,2025-11-18 11:04:00-05:00,180.593874,2025-11-18 11:09:00-05:00,181.461285,110,19869.3,-87.45000000000175,0.77,7.965209999998706,-96.18521000000045,-0.0048408957537507845,TAKE_PROFIT,5,2.3815694135573,-0.04566251258131953
847,NVDA,-1,2025-11-18 12:34:00-05:00,181.61357002,2025-11-18 12:39:00-05:00,182.726538,110,19981.489,-114.41099999999949,0.77,8.01547780000135,-123.19647780000084,-0.006165530396658668,TAKE_PROFIT,5,2.4537103731601166,-1.018264696821108
848,NVDA,1,2025-11-18 15:39:00-05:00,182.626518,2025-11-18 15:45:00-05:00,182.333526,109,19902.31,-23.979999999999876,0.763,7.9561279999999215,-32.6991279999998,-0.0016429815433484758,TAKE_PROFIT,6,-2.9204560342138253,0.8399493599768626
849,NVDA,1,2025-11-19 10:02:00-05:00,187.15562364,2025-11-19 10:29:00-05:00,187.282536,106,19834.5292,21.390799999999103,0.742,7.938089839998497,12.710710160000605,0.00064083750271222,TAKE_PROFIT,27,-2.5728594318038653,0.8479323904336702
850,NVDA,-1,2025-11-20 12:46:00-05:00,182.6209685,2025-11-20 13:03:00-05:00,183.98678999999998,109,19909.6675,-140.88249999999888,0.763,7.992043499999085,-149.63754349999797,-0.007515823330550246,TAKE_PROFIT,17,2.2918327617357077,0.04547288133101582
851,NVDA,1,2025-11-20 14:19:00-05:00,181.96438559999999,2025-11-20 14:33:00-05:00,181.903612,109,19830.152,1.3080000000000496,0.763,7.932322399997446,-7.387322399997396,-0.00037252979200549734,TAKE_PROFIT,14,-2.767530343115181,-0.37248034509898514
852,NVDA,-1,2025-11-21 11:34:00-05:00,179.569079,2025-11-21 11:44:00-05:00,179.82595799999999,111,19936.155,-20.535000000000252,0.777,7.97856899999951,-29.290568999999763,-0.0014692185629575896,TAKE_PROFIT,10,1.7796795757530484,-0.8510632931187088
853,NVDA,-1,2025-11-24 11:13:00-05:00,181.258741,2025-11-24 11:45:00-05:00,183.09396775263912,110,19942.449999999997,-193.85919095211506,0.77,8.01575183818926,-202.64494279030433,-0.010161486817833534,STOP_LOSS,32,3.012480889988151,1.8835269512047086
854,NVDA,1,2025-11-24 12:22:00-05:00,182.166426,2025-11-24 12:40:00-05:00,183.093374,109,19852.17,109.0,0.763,7.962667999998899,100.2743320000011,0.005051051446768847,TAKE_PROFIT,18,-2.5562610444676928,0.3898488430116174
855,NVDA,1,2025-11-24 14:38:00-05:00,181.52449764,2025-11-24 14:57:00-05:00,181.493694,110,19963.702,4.597999999999445,0.77,7.986400399998104,-4.1584003999986585,-0.00020829806014929789,TAKE_PROFIT,19,-2.4066246356894845,0.5729405212142792
856,NVDA,-1,2025-11-25 11:23:00-05:00,174.08107682000002,2025-11-25 11:48:00-05:00,174.47498801999998,114,19849.212600000003,-36.95879999999892,0.798,7.9470767999968075,-45.703876799995726,-0.0023025536438657382,TAKE_PROFIT,25,2.650023592596998,-0.23546336623951541
857,NVDA,-1,2025-11-25 15:02:00-05:00,175.679857,2025-11-25 15:35:00-05:00,177.45859810615286,113,19855.795000000002,-193.01682363054763,0.791,7.9809213647260435,-201.78874499527367,-0.010162712950817313,STOP_LOSS,33,3.0469913799367725,2.2167292675250527
858,NVDA,1,2025-11-26 11:14:00-05:00,180.28605,2025-11-26 11:27:00-05:00,181.04378400000002,110,19827.5,91.30000000000138,0.77,7.949259999998333,82.58074000000305,0.004164959778086145,TAKE_PROFIT,13,-2.822971776604712,0.6500029472063937
859,NVDA,1,2025-11-26 12:00:00-05:00,180.906174,2025-11-26 12:21:00-05:00,180.533886,110,19895.7,-33.00000000000125,0.77,7.9516799999984755,-41.72167999999973,-0.002097019959086623,TAKE_PROFIT,21,-2.1240107020898353,0.18219768688129634
860,NVDA,1,2025-11-26 14:37:00-05:00,180.151023,2025-11-26 14:45:00-05:00,180.298933,111,19992.765,24.419999999999874,0.777,8.001990000000319,15.641009999999554,0.0007823335091469116,TAKE_PROFIT,8,-3.0231749105058885,0.6764195307806289
861,NVDA,1,2025-11-28 10:23:00-05:00,177.610515,2025-11-28 10:35:00-05:00,177.654462,112,19888.399999999998,12.880000000001019,0.784,7.9579360000007,4.138064000000318,0.00020806419822611767,TAKE_PROFIT,12,-1.6907843859502891,0.6635609930327561
862,NVDA,1,2025-11-28 12:53:00-05:00,176.7733476,2025-11-28 12:59:00-05:00,176.73464600000003,113,19971.394,3.6160000000012076,0.791,7.989280799997545,-5.164280799996337,-0.00025858389254131874,FORCED_EOD,6,-2.487515534111425,-1.4295381686636484
863,NVDA,-1,2025-12-01 14:38:00-05:00,179.304132,2025-12-01 14:56:00-05:00,179.0358,111,19906.74,37.74000000000038,0.777,7.955147999998701,29.007852000001677,0.0014571874651500786,TAKE_PROFIT,18,2.087787702783426,-0.13560346436066453
864,NVDA,-1,2025-12-01 15:41:00-05:00,179.619069,2025-12-01 15:47:00-05:00,179.345862,111,19941.705,38.294999999999874,0.777,7.969023000001528,29.548976999998345,0.0014817678327905433,TAKE_PROFIT,6,2.4112247388823103,0.8235414346912887
865,NVDA,1,2025-12-02 10:12:00-05:00,184.17182699999998,2025-12-02 10:36:00-05:00,183.558281,108,19886.579999999998,-58.31999999999914,0.756,7.942967999999269,-67.01896799999841,-0.0033700600103184365,TAKE_PROFIT,24,-2.3831526221998764,-0.6911554721508691
866,NVDA,1,2025-12-02 11:02:00-05:00,183.576708,2025-12-02 11:11:00-05:00,181.71946906329114,108,19822.32,-192.69141544764489,0.756,7.8903897169112724,-201.33780516455616,-0.010157126167096292,STOP_LOSS,9,-1.9660813892315516,-2.0129043044130674
867,NVDA,-1,2025-12-02 12:44:00-05:00,182.173558,2025-12-02 12:53:00-05:00,181.93638,109,19860.89,33.79000000000025,0.763,7.937598000000236,25.089402000000014,0.0012632566818506126,TAKE_PROFIT,9,1.9590667490874103,-1.5131039779931192
868,NVDA,1,2025-12-02 13:48:00-05:00,181.38627,2025-12-02 14:35:00-05:00,181.223748,110,19948.5,-9.900000000000375,0.77,7.977419999999142,-18.647419999999517,-0.0009347780534877067,TAKE_PROFIT,47,-2.4462381607989414,0.7171444591916251
869,NVDA,1,2025-12-02 15:38:00-05:00,181.246242,2025-12-02 15:45:00-05:00,181.283736,110,19933.100000000002,12.099999999998374,0.77,7.975659999997333,3.3543400000010415,0.0001682798962530184,TAKE_PROFIT,7,-2.2018331124348567,0.637845326854869
870,NVDA,-1,2025-12-03 10:39:00-05:00,181.52538766,2025-12-03 10:51:00-05:00,181.08060888,110,19971.787,56.903000000000645,0.77,7.977334199999859,48.15566580000078,0.002411184627594956,TAKE_PROFIT,12,1.6039578044719842,-0.7462054622155567
871,NVDA,1,2025-12-03 11:57:00-05:00,180.141021,2025-12-03 12:24:00-05:00,180.47799718000002,111,19991.655,45.410100000002615,0.777,8.00574402000018,36.627355980002434,0.0018321322561840145,TAKE_PROFIT,27,-2.859544640458172,0.9816192622618916
872,NVDA,-1,2025-12-03 12:58:00-05:00,180.623868,2025-12-03 13:21:00-05:00,180.566106,110,19872.6,14.2999999999995,0.77,7.946179999999856,5.583819999999644,0.0002809808480017534,TAKE_PROFIT,23,2.404444433280903,-0.17787940278999811
873,NVDA,-1,2025-12-03 13:37:00-05:00,180.90391198,2025-12-03 13:51:00-05:00,180.911175,110,19903.411,7.161000000000115,0.77,7.95993219999815,-1.5689321999980343,-7.88273025160378e-05,TAKE_PROFIT,14,2.1674936304464607,-0.9915320462031918
874,NVDA,1,2025-12-03 14:55:00-05:00,180.591111,2025-12-03 15:46:00-05:00,179.654062,110,19861.05,-95.150000000001,0.77,7.925389999999197,-103.8453900000002,-0.005228595164908209,TIME_STOP,51,-3.0195955045994656,-0.6420474586295021
875,NVDA,1,2025-12-04 13:42:00-05:00,183.256644,2025-12-04 13:50:00-05:00,183.3643198,109,19970.98,19.729000000001264,0.763,7.9923378000002,10.973662200001062,0.0005494804060692596,TAKE_PROFIT,8,-2.2376991892127993,0.41898482835763706
876,NVDA,-1,2025-12-04 15:50:00-05:00,182.933406,2025-12-04 15:56:00-05:00,183.191631,109,19943.73,-20.165000000000248,0.763,7.9815250000008575,-28.909525000001107,-0.0014495545717877804,FORCED_EOD,6,2.9063199813393363,1.575053179729409
877,NVDA,1,2025-12-05 10:47:00-05:00,182.55150299999997,2025-12-05 11:05:00-05:00,182.16356,109,19894.135,-34.33499999999975,0.763,7.950786999997916,-43.04878699999767,-0.002163893378626297,TAKE_PROFIT,18,-1.3268011829063078,0.12200010631992467
878,NVDA,-1,2025-12-05 11:24:00-05:00,182.02358800000002,2025-12-05 11:32:00-05:00,181.73633999999998,109,19844.54,39.24000000000149,0.763,7.929967999997814,30.547032000003675,0.0015393167087775113,TAKE_PROFIT,8,1.0492144555110172,0.2014113119627122
879,NVDA,-1,2025-12-05 14:51:00-05:00,181.6966534,2025-12-05 15:26:00-05:00,181.83636,110,19990.63,-7.3700000000008,0.77,7.997726000000398,-16.137726000001198,-0.0008072645034199121,TAKE_PROFIT,35,2.900225045981243,-0.33565738640997306
880,NVDA,1,2025-12-05 15:51:00-05:00,181.526298,2025-12-05 15:54:00-05:00,181.81363,110,19963.9,39.599999999998374,0.77,7.993479999999238,30.836519999999133,0.001544614028321076,TAKE_PROFIT,3,-1.4092876802637033,0.3967368161976275
881,NVDA,-1,2025-12-08 10:35:00-05:00,183.608271,2025-12-08 10:57:00-05:00,183.67672799999997,108,19833.66,0.5400000000025784,0.756,7.93335599999898,-8.149355999996402,-0.0004108851316396672,TAKE_PROFIT,22,2.5781452027961005,0.3465908233476707
882,NVDA,1,2025-12-08 12:47:00-05:00,183.096612,2025-12-08 12:57:00-05:00,184.538085,109,19953.54,165.1349999999985,0.763,8.014442999998295,156.3575570000002,0.007836081066317065,TAKE_PROFIT,10,-2.392853698072358,4.490242499493444
883,NVDA,1,2025-12-09 11:42:00-05:00,184.701933,2025-12-09 12:04:00-05:00,184.84802299999998,108,19943.82,23.759999999999877,0.756,7.98228000000131,15.021719999998567,0.0007532017436979759,TAKE_PROFIT,22,-2.475225888722021,0.8320693530407282
884,NVDA,1,2025-12-09 13:38:00-05:00,184.79525166,2025-12-09 13:43:00-05:00,184.79293402000002,108,19953.896399999998,7.73280000000193,0.756,7.9831051199989815,-1.0063051199970516,-5.043150970739989e-05,TAKE_PROFIT,5,-0.7670357490494261,-0.32365713890017483
885,NVDA,-1,2025-12-09 15:52:00-05:00,184.84302399999999,2025-12-09 15:56:00-05:00,184.916976,108,19967.04,-0.0,0.756,7.986816000002136,-8.742816000002136,-0.00043786239723074305,FORCED_EOD,4,3.189357056074734,1.8965831292915352
886,NVDA,1,2025-12-10 10:38:00-05:00,183.246642,2025-12-10 11:18:00-05:00,182.68335602,109,19969.89,-53.42090000000135,0.763,7.977271820000567,-62.16117182000192,-0.0031127448283391605,TAKE_PROFIT,40,-2.5841429300666,0.2918343019650022
887,NVDA,1,2025-12-10 11:43:00-05:00,182.36226516,2025-12-10 11:55:00-05:00,182.593474,109,19873.512199999997,33.15780000000095,0.763,7.95603644000164,24.43876355999931,0.0012297153776371402,TAKE_PROFIT,12,-2.9199019760648683,-0.4345234383362006
888,NVDA,-1,2025-12-11 11:43:00-05:00,177.689455,2025-12-11 12:01:00-05:00,177.465486,112,19905.2,33.0399999999986,0.784,7.955471999997371,24.30052800000123,0.0012208130538754309,TAKE_PROFIT,18,2.5094816644359312,0.4883724604731727
889,NVDA,-1,2025-12-11 13:27:00-05:00,179.44410399999998,2025-12-11 14:03:00-05:00,179.90597400000001,111,19922.28,-43.29000000000164,0.777,7.977570000002032,-52.044570000003674,-0.0026123802094942788,TAKE_PROFIT,36,2.7392688429397296,-0.246947663726062
890,NVDA,-1,2025-12-11 14:20:00-05:00,180.4639,2025-12-11 14:43:00-05:00,180.82605797999997,110,19855.0,-31.88899999999876,0.77,7.948377799998809,-40.60737779999757,-0.0020451965650968304,TAKE_PROFIT,23,2.296866154972691,0.25200254500935637
891,NVDA,1,2025-12-15 13:37:00-05:00,176.945382,2025-12-15 13:41:00-05:00,177.054582,113,19990.829999999998,20.34000000000077,0.791,8.000399999999019,11.548600000001752,0.0005776948730994038,TAKE_PROFIT,4,-2.1006735448494442,0.6750444152683206
892,NVDA,1,2025-12-15 14:38:00-05:00,176.725338,2025-12-15 14:56:00-05:00,176.79463400000003,113,19965.97,15.82000000000167,0.791,7.989551999997502,7.0394480000041675,0.00035257230177167286,TAKE_PROFIT,18,-2.710540425654336,0.5803342195528515
893,NVDA,-1,2025-12-16 15:35:00-05:00,177.404512,2025-12-16 15:56:00-05:00,178.11561600000002,112,19873.28,-71.68000000000166,0.784,7.9636479999990115,-80.42764800000067,-0.004047024346257924,FORCED_EOD,21,1.5977236869762994,1.9334504914732926
894,NVDA,1,2025-12-17 10:59:00-05:00,171.38427,2025-12-17 11:50:00-05:00,170.535886,116,19876.6,-90.48000000000013,0.812,7.932543999997733,-99.22454399999786,-0.004992028012839111,TIME_STOP,51,-2.415838198512496,-0.3571388290838362
895,NVDA,-1,2025-12-17 14:54:00-05:00,171.43580598,2025-12-17 15:09:00-05:00,171.18423,116,19890.531600000002,37.131599999999594,0.812,7.948786320001432,28.370813679998165,0.0014263476839401397,TAKE_PROFIT,15,2.460352604165961,-0.8342297014230279
896,NVDA,-1,2025-12-18 15:14:00-05:00,174.735046,2025-12-18 15:16:00-05:00,174.819957,114,19923.780000000002,-1.7099999999984448,0.798,7.969853999998918,-10.477853999997363,-0.0005258968930593171,TAKE_PROFIT,2,1.6271911909618837,-0.5230876531965668
897,NVDA,1,2025-12-18 15:29:00-05:00,174.73494,2025-12-18 15:55:00-05:00,174.540085,114,19915.8,-14.25,0.798,7.963469999998836,-23.011469999998837,-0.0011554378935317105,TAKE_PROFIT,26,-2.2205605536636113,1.4952491706558197
898,NVDA,-1,2025-12-19 11:35:00-05:00,179.81403,2025-12-19 12:26:00-05:00,180.751143,111,19963.35,-96.01500000000101,0.777,8.004543000000183,-104.7965430000012,-0.0052494467611899406,TIME_STOP,51,2.973542439564437,-0.2963960156835261
899,NVDA,1,2025-12-19 15:31:00-05:00,180.496092,2025-12-19 15:42:00-05:00,180.588875,110,19850.600000000002,18.149999999999125,0.77,7.9438699999994355,9.43612999999969,0.0004753574199268379,TAKE_PROFIT,11,-2.3534757532066912,-0.44374217217651607
900,NVDA,-1,2025-12-22 10:56:00-05:00,183.668259,2025-12-22 11:05:00-05:00,183.39667200000002,108,19840.140000000003,37.25999999999988,0.756,7.928604000001769,28.575395999998108,0.0014402819738166214,TAKE_PROFIT,9,2.6878721379892228,-0.772585167433878
901,NVDA,1,2025-12-22 11:58:00-05:00,183.08661,2025-12-22 12:20:00-05:00,183.253342,109,19952.45,26.159999999997893,0.763,7.986211999998318,17.410787999999574,0.0008726140398797929,TAKE_PROFIT,22,-3.154568125015054,-0.07305551016177203
902,NVDA,1,2025-12-22 12:45:00-05:00,182.901573,2025-12-22 13:05:00-05:00,183.10337199999998,109,19932.285,29.97499999999752,0.763,7.978909000001266,21.233090999996254,0.0010652612583051193,TAKE_PROFIT,20,-2.4249597785132115,1.364456538062816
903,NVDA,-1,2025-12-22 13:09:00-05:00,183.16326002000002,2025-12-22 13:33:00-05:00,183.191631,109,19968.7891,4.894100000001373,0.763,7.986536819998861,-3.8554368199974878,-0.00019307314032364071,TAKE_PROFIT,24,2.4953276145649625,-0.06853370662444942
904,NVDA,-1,2025-12-22 14:25:00-05:00,183.288335,2025-12-22 14:35:00-05:00,183.466686,109,19982.425,-11.445000000001983,0.763,7.99525900000026,-20.20325900000224,-0.0010110514114279043,TAKE_PROFIT,10,1.5615080875705676,-1.1882401687893087
905,NVDA,1,2025-12-22 15:29:00-05:00,183.28665,2025-12-22 15:38:00-05:00,183.44330399999998,109,19974.25,25.069999999998885,0.763,7.994714000001636,16.312285999997247,0.0008166657571622086,TAKE_PROFIT,9,-2.3279818826373924,0.40804447905503194
906,NVDA,-1,2025-12-23 12:01:00-05:00,188.232346,2025-12-23 12:26:00-05:00,188.12121671999998,106,19956.620000000003,19.758400000002155,0.742,7.9786963199991305,11.037703680003023,0.0005530848249855447,TAKE_PROFIT,25,2.4806197641652488,0.004663078319909971
907,NVDA,-1,2025-12-23 15:38:00-05:00,189.05218200000002,2025-12-23 15:51:00-05:00,189.047802,105,19854.45,8.400000000001313,0.735,7.94009999999858,-0.2750999999972672,-1.3855835845227e-05,TAKE_PROFIT,13,2.0097999390933095,-0.09909716706028251
908,NVDA,1,2025-12-24 10:24:00-05:00,187.252443,2025-12-24 10:48:00-05:00,187.40241201999999,106,19844.79,23.839399999999046,0.742,7.942683880000516,15.154716119998529,0.0007636622065538878,TAKE_PROFIT,24,-2.664874294749989,0.6489104880455009
909,NVDA,-1,2025-12-24 12:49:00-05:00,188.352322,2025-12-24 12:59:00-05:00,188.642721,106,19969.34,-22.79000000000036,0.742,7.99229400000047,-31.524294000000832,-0.0015786347470672958,FORCED_EOD,10,3.2851396118550045,2.0032820541712497
910,NVDA,1,2025-12-26 12:30:00-05:00,190.808154,2025-12-26 12:34:00-05:00,190.95180200000001,104,19840.08,22.87999999999988,0.728,7.9406079999985195,14.21139200000136,0.0007162971117052633,TAKE_PROFIT,4,-2.2607180329238052,0.5017978211720098
911,NVDA,-1,2025-12-26 14:00:00-05:00,192.48159598,2025-12-26 14:25:00-05:00,192.378468,103,19829.570300000003,18.550300000001045,0.721,7.928118059999946,9.901181940001099,0.0004993139937077253,TAKE_PROFIT,25,3.2466703032848208,0.4512865098680153
912,NVDA,1,2025-12-26 15:52:00-05:00,191.218236,2025-12-26 15:56:00-05:00,190.56188,104,19882.72,-60.3200000000013,0.728,7.941023999997469,-68.98902399999878,-0.0034697980960350884,FORCED_EOD,4,-2.9450145865590955,-2.856815557509582
913,NVDA,1,2025-12-29 12:50:00-05:00,187.08250901999997,2025-12-29 12:56:00-05:00,187.36082034,106,19826.7806,37.43920000000162,0.742,7.93820007999858,28.758999920003042,0.0014505128442286312,TAKE_PROFIT,6,-1.7661014093805245,0.286759423262624
914,NVDA,-1,2025-12-29 15:20:00-05:00,187.91241,2025-12-29 15:56:00-05:00,188.22753798,106,19922.699999999997,-25.429400000000612,0.742,7.9741658799993616,-34.14556587999998,-0.0017139025272678895,FORCED_EOD,36,2.3257262085239936,2.395955917891395
915,NVDA,-1,2025-12-30 15:52:00-05:00,187.72744699999998,2025-12-30 15:56:00-05:00,187.83756,106,19903.09,-3.710000000002651,0.742,7.96197799999868,-12.413978000001332,-0.0006237211407877537,FORCED_EOD,4,2.413616418407764,2.050057469529186
916,NVDA,1,2025-12-31 15:34:00-05:00,187.3284582,2025-12-31 15:48:00-05:00,187.332526,106,19852.846,8.37400000000082,0.742,7.942813200000671,-0.3108131999998518,-1.5655851055302184e-05,TAKE_PROFIT,14,-2.3108197607294985,0.5609373077380068
917,NVDA,-1,2026-01-02 10:19:00-05:00,190.851822,2026-01-02 10:43:00-05:00,191.58891012,104,19852.559999999998,-68.70240000000172,0.728,7.954764479999312,-77.38516448000102,-0.003897994237519042,TAKE_PROFIT,24,2.128175918187612,0.3230145657366433
918,NVDA,1,2026-01-02 12:15:00-05:00,189.65802402,2026-01-02 12:32:00-05:00,189.73204600000003,105,19910.110500000003,15.739500000000248,0.735,7.967192099997504,7.0373079000027445,0.0003534539850998187,TAKE_PROFIT,17,-2.5089270767535425,0.013074274829085195
919,NVDA,-1,2026-01-02 13:51:00-05:00,188.872218,2026-01-02 13:55:00-05:00,188.817756,105,19835.55,13.649999999999523,0.735,7.931489999999428,4.983510000000095,0.00025124133185115086,TAKE_PROFIT,4,2.4449395382268277,-0.567393727433511
920,NVDA,-1,2026-01-02 15:46:00-05:00,188.76214002,2026-01-02 15:56:00-05:00,188.58771000000002,105,19823.9895,26.23949999999965,0.735,7.924347900000868,17.580152099998784,0.0008868120163198626,FORCED_EOD,10,2.8683708254446585,1.355390012793024
921,NVDA,-1,2026-01-05 10:59:00-05:00,190.24194400000002,2026-01-05 11:16:00-05:00,190.248042,105,19979.4,7.349999999999284,0.735,7.990289999997202,-1.3752899999979187,-6.883540046237217e-05,TAKE_PROFIT,17,2.7214805987980504,-0.42767079910204836
922,NVDA,1,2026-01-05 11:58:00-05:00,189.557904,2026-01-05 12:07:00-05:00,187.64015351898738,105,19899.600000000002,-193.44264903613478,0.735,7.921151470191603,-202.0988005063264,-0.010155922757559267,STOP_LOSS,9,-3.2093967419004987,-2.38697092291153
923,NVDA,-1,2026-01-05 13:29:00-05:00,187.74754298,2026-01-05 13:48:00-05:00,188.032599,106,19905.2206,-22.24940000000049,0.742,7.966538120000905,-30.957938120001398,-0.0015552672709390318,TAKE_PROFIT,19,2.0639135760856795,0.7426356545858198
924,NVDA,1,2026-01-05 13:59:00-05:00,187.457484,2026-01-05 14:41:00-05:00,186.377717,106,19866.52,-106.52999999999952,0.742,7.925302000000897,-115.19730200000042,-0.005798564720947625,TAKE_PROFIT,42,-2.969072711599906,0.712574647020271
925,NVDA,-1,2026-01-05 15:26:00-05:00,187.42270796,2026-01-05 15:56:00-05:00,187.712535,106,19870.781199999998,-22.76880000000267,0.742,7.952866239997945,-31.463666240000617,-0.0015834136526046909,FORCED_EOD,30,2.1722709143150345,1.6980975874465698
926,NVDA,1,2026-01-08 12:33:00-05:00,184.15882440000001,2026-01-08 12:42:00-05:00,184.383116,108,19885.176000000003,32.18399999999713,0.756,7.960507199998574,23.467492799998553,0.0011801501178565655,TAKE_PROFIT,9,-2.2465121906555887,0.37284433322826044
927,NVDA,1,2026-01-09 12:16:00-05:00,185.01699599999998,2026-01-09 12:40:00-05:00,184.95300200000003,108,19977.84,1.0800000000020873,0.756,7.991351999996823,-7.667351999994736,-0.00038379284246919265,TAKE_PROFIT,24,-2.777384631767584,-0.13944666842655537
928,NVDA,-1,2026-01-09 14:07:00-05:00,185.6738578,2026-01-09 14:34:00-05:00,185.91717599999998,107,19871.077,-18.08299999999815,0.749,7.952047399999287,-26.784047399997437,-0.0013478910780727908,TAKE_PROFIT,27,2.6411063463596207,-0.6241199040419443
929,NVDA,1,2026-01-09 15:32:00-05:00,185.58721002,2026-01-09 15:56:00-05:00,184.972998,107,19853.860699999997,-57.790699999999504,0.749,7.929986140000125,-66.46968613999962,-0.0033479476432510496,FORCED_EOD,24,-1.9349075507031406,-1.888118085818871
930,NVDA,1,2026-01-12 10:34:00-05:00,184.026798,2026-01-12 10:54:00-05:00,184.21305002,108,19870.920000000002,28.06919999999866,0.756,7.953981840000438,19.35921815999822,0.000974248709168887,TAKE_PROFIT,20,-2.621917453234985,0.25815341796403024
931,NVDA,-1,2026-01-12 12:24:00-05:00,186.69765300000003,2026-01-12 12:40:00-05:00,186.152223,107,19980.645,66.34000000000049,0.749,7.978989999996344,57.61201000000415,0.0028833909015451775,TAKE_PROFIT,16,2.664468450642013,-0.04652991928641964
932,NVDA,1,2026-01-12 15:04:00-05:00,186.357264,2026-01-12 15:55:00-05:00,185.222948,107,19936.239999999998,-113.42000000000024,0.749,7.951811999998057,-122.1208119999983,-0.006125568913696781,TIME_STOP,51,-2.500404794288885,-1.6798585623242477
933,NVDA,1,2026-01-13 10:43:00-05:00,183.74174100000002,2026-01-13 10:44:00-05:00,183.878217,108,19840.140000000003,22.67999999999779,0.756,7.940591999999128,13.983407999998661,0.0007048038975530747,TAKE_PROFIT,1,-1.8515838497739736,1.7173867894029384
934,NVDA,1,2026-01-13 13:45:00-05:00,184.781949,2026-01-13 14:01:00-05:00,184.798033,108,19952.46,9.720000000000368,0.756,7.982927999999674,0.9810720000006938,4.917047822677975e-05,TAKE_PROFIT,16,-2.065571644891283,0.0826009914547813
935,NVDA,1,2026-01-13 14:36:00-05:00,184.461885,2026-01-13 14:59:00-05:00,184.408111,108,19917.9,2.1599999999980355,0.756,7.96759199999849,-6.563592000000455,-0.0003295323302155576,TAKE_PROFIT,23,-2.3086996930137724,-0.10279329748028647
936,NVDA,-1,2026-01-13 15:08:00-05:00,184.648063,2026-01-13 15:34:00-05:00,184.591911,108,19945.98,14.039999999999509,0.756,7.975583999999799,5.30841599999971,0.00026613964317620444,TAKE_PROFIT,26,2.9411778781787326,0.11491360195665543
937,NVDA,1,2026-01-14 14:35:00-05:00,181.80135299999998,2026-01-14 14:39:00-05:00,181.833626,110,19994.149999999998,11.550000000002001,0.77,7.999969999998484,2.780030000003517,0.00013904216983485256,TAKE_PROFIT,4,-1.687996002254825,0.8409025910772997
938,NVDA,1,2026-01-15 10:48:00-05:00,187.16742599999998,2026-01-15 10:57:00-05:00,187.57237802,106,19835.78,50.869400000001576,0.742,7.944485879998979,42.1829141200026,0.002126607278362767,TAKE_PROFIT,9,-2.154876071872899,-0.03823379636784712
939,NVDA,1,2026-01-15 11:28:00-05:00,187.45328315999998,2026-01-15 11:39:00-05:00,187.652462,106,19866.0748,29.0652000000008,0.742,7.952242959997591,20.37095704000321,0.0010254142927118752,TAKE_PROFIT,11,-2.6069084098752606,0.9171175625100876
940,NVDA,1,2026-01-15 15:23:00-05:00,187.577508,2026-01-15 15:56:00-05:00,186.887615,106,19879.239999999998,-65.18999999999795,0.742,7.938658000000316,-73.87065799999827,-0.0037159699264156113,FORCED_EOD,33,-2.306563811768673,-0.826564413191426
941,NVDA,1,2026-01-16 12:47:00-05:00,187.57290708,2026-01-16 12:56:00-05:00,187.84232402,106,19878.7524,36.51699999999812,0.742,7.958804359996691,27.816195640001432,0.0013992928268476965,TAKE_PROFIT,9,-2.9206349986585756,0.009379138649469806
942,NVDA,1,2026-01-16 15:52:00-05:00,187.352463,2026-01-16 15:56:00-05:00,186.567679,106,19855.39,-75.26000000000084,0.742,7.92710399999936,-83.92910400000021,-0.004227018658409642,FORCED_EOD,4,-2.7014258442944628,-3.2036613534405327
943,NVDA,-1,2026-01-20 12:27:00-05:00,180.028987,2026-01-20 12:41:00-05:00,179.715936,111,19987.215,42.73499999999899,0.777,7.9863389999988215,33.97166100000017,0.0016996695637686474,TAKE_PROFIT,14,2.373462283706266,-1.1219430646589728
944,NVDA,1,2026-01-20 13:32:00-05:00,179.37576798,2026-01-20 13:48:00-05:00,179.259141,111,19906.7289,-4.983900000001398,0.777,7.961694779999334,-13.722594780000733,-0.0006893445351536753,TAKE_PROFIT,16,-3.035227255741368,0.5015150785799002
945,NVDA,-1,2026-01-20 13:58:00-05:00,179.66406,2026-01-20 14:17:00-05:00,179.55090299999998,111,19946.699999999997,20.535000000000252,0.777,7.97457299999698,11.783427000003272,0.0005907456872567028,TAKE_PROFIT,19,2.551163133121558,-0.42980972100678394
946,NVDA,1,2026-01-20 15:07:00-05:00,179.395872,2026-01-20 15:36:00-05:00,178.754242,111,19908.960000000003,-63.2700000000024,0.777,7.950929999996731,-71.99792999999913,-0.003616358162354996,TAKE_PROFIT,29,-1.3997099729862752,0.1890488295286292
947,NVDA,-1,2026-01-21 10:53:00-05:00,182.338525,2026-01-21 11:25:00-05:00,183.066606,109,19878.875,-71.39500000000012,0.763,7.9658290000002125,-80.12382900000034,-0.004030601782042512,TAKE_PROFIT,32,2.4262742421415906,-0.2315969149016133
948,NVDA,-1,2026-01-21 14:06:00-05:00,181.143764,2026-01-21 14:28:00-05:00,182.346462,110,19929.8,-124.2999999999995,0.77,7.996780000000285,-133.06677999999977,-0.00667677447841924,TAKE_PROFIT,22,2.366673265263674,-0.32400959964514114
949,NVDA,-1,2026-01-21 15:18:00-05:00,184.91300999999999,2026-01-21 15:28:00-05:00,184.076808,108,19974.6,98.27999999999963,0.756,7.970184000001154,89.55381599999848,0.004483384698567104,TAKE_PROFIT,10,2.5728322728589337,-0.2512274492989899
950,NVDA,1,2026-01-22 12:10:00-05:00,185.217036,2026-01-22 13:01:00-05:00,184.753042,107,19814.260000000002,-41.73000000000158,0.749,7.9173579999998935,-50.39635800000148,-0.0025434388162869303,TIME_STOP,51,-2.9788012725423676,0.23712698544688615
951,NVDA,1,2026-01-23 10:04:00-05:00,188.157624,2026-01-23 10:55:00-05:00,187.79243400000001,106,19940.72,-30.739999999999156,0.742,7.970139999999162,-39.45213999999832,-0.0019784711886029352,TIME_STOP,51,-2.1118338087960478,-2.1722094455461174
952,NVDA,-1,2026-01-23 13:43:00-05:00,187.957401,2026-01-23 14:05:00-05:00,188.217636,106,19927.47,-19.61000000000024,0.742,7.97490999999917,-28.326909999999412,-0.0014215005718236891,TAKE_PROFIT,22,2.765775688295106,-0.14805996677680008
953,NVDA,1,2026-01-27 14:29:00-05:00,189.17292702,2026-01-27 14:44:00-05:00,189.1691586,105,19859.1855,7.549499999999938,0.735,7.945184099999949,-1.1306841000000114,-5.693506916484623e-05,TAKE_PROFIT,15,-2.2604229120306996,0.5458569503405158
954,NVDA,-1,2026-01-28 10:02:00-05:00,191.88161599999998,2026-01-28 10:29:00-05:00,191.53840002,104,19959.68,43.669599999998354,0.728,7.9751380800016705,34.96646191999668,0.0017518548353478954,TAKE_PROFIT,27,1.4927365983835759,-0.8995832841059153
955,NVDA,-1,2026-01-28 14:05:00-05:00,191.841624,2026-01-28 14:12:00-05:00,191.84336100000002,104,19955.52,7.799999999998818,0.728,7.980648000000883,-0.9086480000020654,-4.5533666875233785e-05,TAKE_PROFIT,7,1.7239422808489797,0.5860826439638246
956,NVDA,-1,2026-01-29 14:01:00-05:00,190.57187800000003,2026-01-29 14:11:00-05:00,190.503093,104,19823.440000000002,15.080000000001064,0.728,7.926359999999022,6.425640000002042,0.00032414353916384046,TAKE_PROFIT,10,2.762032096743505,-0.4685130237380103
957,NVDA,1,2026-01-29 15:43:00-05:00,191.478288,2026-01-29 15:56:00-05:00,192.096573,104,19909.76,72.27999999999929,0.728,7.978359999997792,63.573640000001504,0.0031930892185541918,FORCED_EOD,13,-2.2883086958782997,-0.7024832498404708
958,NVDA,-1,2026-01-30 10:51:00-05:00,194.11117000000002,2026-01-30 11:07:00-05:00,193.408674,103,19997.45,80.34000000000012,0.721,7.982911999997555,71.63608800000256,0.0035822611382952604,TAKE_PROFIT,16,2.247543465785424,-0.030142168161661605
959,NVDA,1,2026-02-02 12:30:00-05:00,189.24794202,2026-02-02 12:46:00-05:00,189.36062030000002,105,19867.0605,19.782000000000153,0.735,7.95078059999895,11.096219400001203,0.0005585234614854676,TAKE_PROFIT,16,-2.091403001517246,0.7241098482183085
960,NVDA,1,2026-02-03 12:52:00-05:00,179.175828,2026-02-03 13:04:00-05:00,179.10417199999998,111,19884.539999999997,0.0,0.777,7.953816000002064,-8.730816000002063,-0.00043907558334274085,TAKE_PROFIT,12,-2.81397321857497,0.01798402644647054
961,NVDA,1,2026-02-03 14:26:00-05:00,178.500693,2026-02-03 14:46:00-05:00,176.69480792405062,112,19988.08,-194.30275705774147,0.784,7.956371448590289,-203.04312850633175,-0.010158210718905054,STOP_LOSS,20,-1.7084767374612901,-1.6923458220650285
962,NVDA,1,2026-02-04 10:09:00-05:00,177.375468,2026-02-04 10:14:00-05:00,177.909411,112,19862.08,67.75999999999885,0.784,7.958383999999569,59.01761599999928,0.002971371377015865,TAKE_PROFIT,5,-1.550248345125379,0.41209779428622306
963,NVDA,1,2026-02-04 11:06:00-05:00,174.80485398,2026-02-04 11:26:00-05:00,175.284936,114,19923.7686,62.711399999998434,0.798,7.982049719998713,53.93135027999972,0.0027068849956428283,TAKE_PROFIT,20,-2.0993957177709515,0.7775791818890128
964,NVDA,-1,2026-02-04 14:02:00-05:00,174.07517800000002,2026-02-04 14:37:00-05:00,174.98498999999998,114,19848.54,-95.75999999999715,0.798,7.958567999998252,-104.5165679999954,-0.005265705588420881,TAKE_PROFIT,35,2.4047772198974067,-1.1287409899211764
965,NVDA,1,2026-02-04 14:46:00-05:00,175.20213342,2026-02-04 15:00:00-05:00,175.91481,114,19969.0494,89.25059999999814,0.798,8.005469879998941,80.4471301199992,0.004028590871230916,TAKE_PROFIT,14,-1.6437414090001419,-0.09087104540646868
966,NVDA,1,2026-02-04 15:04:00-05:00,175.255044,2026-02-04 15:21:00-05:00,174.98499600000002,114,19975.079999999998,-22.799999999998704,0.798,7.985471999998367,-31.583471999997073,-0.001581143705056354,TAKE_PROFIT,17,-2.9591627593500105,0.008142146059171318
967,NVDA,-1,2026-02-05 11:36:00-05:00,174.800033,2026-02-05 11:57:00-05:00,174.969987,114,19931.190000000002,-11.399999999999352,0.798,7.974755999999502,-20.172755999998856,-0.0010121199988560067,TAKE_PROFIT,21,1.9944967201557176,-0.07459961076862745
968,NVDA,1,2026-02-05 13:24:00-05:00,174.164826,2026-02-05 14:15:00-05:00,174.025188,114,19850.82,-7.979999999999222,0.798,7.938731999999732,-16.716731999998956,-0.0008421179578475326,TIME_STOP,51,-2.588688618458404,-0.011989576899415507
969,NVDA,-1,2026-02-06 10:24:00-05:00,181.203752,2026-02-06 10:46:00-05:00,182.36146499999998,110,19936.4,-119.34999999999775,0.77,7.998429999999246,-128.11842999999698,-0.0064263573162655725,TAKE_PROFIT,22,2.06938887212209,0.19408020778453228
970,NVDA,-1,2026-02-06 14:47:00-05:00,184.86302,2026-02-06 15:11:00-05:00,185.006994,108,19969.2,-7.559999999999263,0.756,7.989191999999207,-16.30519199999847,-0.0008165170362357266,TAKE_PROFIT,24,2.441763491246776,-0.5653043358088886
971,NVDA,-1,2026-02-06 15:44:00-05:00,186.16775900000002,2026-02-06 15:55:00-05:00,186.26724599999997,107,19923.935,-2.674999999997567,0.749,7.970108999997478,-11.394108999995046,-0.0005718804543377122,TAKE_PROFIT,11,2.7114826225153954,-0.655174022585874
972,NVDA,1,2026-02-09 13:37:00-05:00,191.003193,2026-02-09 14:23:00-05:00,191.03678499999998,104,19860.36,11.439999999998463,0.728,7.9464320000015505,2.7655679999969127,0.00013925064802435165,TAKE_PROFIT,46,-2.5277468750980656,-0.9705769395950744
973,NVDA,1,2026-02-09 14:30:00-05:00,191.04320099999998,2026-02-09 14:39:00-05:00,191.30383157999998,104,19864.52,35.05839999999921,0.728,7.952819679999493,26.377580319999716,0.001327874034711119,TAKE_PROFIT,9,-2.397350110740091,0.07472487824632001
974,NVDA,-1,2026-02-10 15:19:00-05:00,189.32012840000002,2026-02-10 15:46:00-05:00,189.142821,105,19882.59,26.565000000001504,0.735,7.947722999999627,17.882277000001878,0.0008993937409563784,TAKE_PROFIT,27,2.68426466897074,0.45542824910583135
975,NVDA,1,2026-02-11 11:42:00-05:00,191.35126259999998,2026-02-11 11:49:00-05:00,191.051782,104,19896.552,-23.191999999998416,0.728,7.9539823999996315,-31.87398239999805,-0.001601985228395254,TAKE_PROFIT,7,-1.840211824064497,0.18305844128011217
976,NVDA,1,2026-02-11 12:27:00-05:00,191.968386,2026-02-11 12:56:00-05:00,191.946603,104,19960.72,5.720000000000709,0.728,7.985432000000628,-2.9934319999999186,-0.00014996613348616274,TAKE_PROFIT,29,-3.0105556669558147,0.74105654959493
977,NVDA,1,2026-02-11 13:31:00-05:00,191.43828,2026-02-11 13:51:00-05:00,191.531686,104,19905.600000000002,17.6799999999987,0.728,7.965775999997049,8.986224000001648,0.00045144200626967524,TAKE_PROFIT,20,-2.238968097590345,0.28035269482300074
978,NVDA,1,2026-02-11 14:15:00-05:00,191.823357,2026-02-11 14:43:00-05:00,191.91161,104,19945.64,17.159999999999172,0.728,7.9816879999982575,8.450312000000913,0.0004236671272519164,TAKE_PROFIT,28,-2.2957814928521967,0.29601133858326445
979,NVDA,-1,2026-02-11 14:47:00-05:00,191.88161599999998,2026-02-11 15:02:00-05:00,191.458284,104,19959.68,52.0,0.728,7.973472000001266,43.29852799999873,0.0021692997082116915,TAKE_PROFIT,15,0.7875006269153139,-0.4793657634958635
980,NVDA,-1,2026-02-12 11:48:00-05:00,188.692254,2026-02-12 12:17:00-05:00,189.402873,105,19816.649999999998,-66.67500000000203,0.735,7.939994999998845,-75.34999500000087,-0.003802357865734162,TAKE_PROFIT,29,2.6941613085035705,0.7931471436263215
981,NVDA,-1,2026-02-12 13:00:00-05:00,189.61706900000001,2026-02-12 13:02:00-05:00,189.13281899999998,105,19913.775,58.80000000000024,0.735,7.953749999996944,50.111250000003295,0.002516411378555964,TAKE_PROFIT,2,2.3576056411020536,-0.6385166709115679
982,NVDA,-1,2026-02-12 15:51:00-05:00,186.77483755999998,2026-02-12 15:56:00-05:00,187.067406,107,19988.9054,-23.304600000001187,0.749,8.00022308000149,-32.05382308000267,-0.0016035807083264635,FORCED_EOD,5,1.3626383592740674,-0.1710747720684121
983,NVDA,1,2026-02-13 11:56:00-05:00,183.911775,2026-02-13 12:19:00-05:00,184.04318400000002,108,19858.5,22.14000000000135,0.756,7.9478279999992765,13.436172000002074,0.0006765955132563927,TAKE_PROFIT,23,-1.5263731918142105,-1.0134632860376214
984,NVDA,-1,2026-02-13 14:43:00-05:00,183.77323800000002,2026-02-13 14:56:00-05:00,183.566706,108,19851.48,30.240000000000123,0.756,7.93454399999905,21.549456000001072,0.0010855339753006361,TAKE_PROFIT,13,2.140850779349873,-0.5068611902901703
985,NVDA,-1,2026-02-13 15:27:00-05:00,182.35852100000002,2026-02-13 15:56:00-05:00,182.70653399999998,109,19881.055,-29.97499999999752,0.763,7.95841699999724,-38.69641699999477,-0.001946396556922898,FORCED_EOD,29,2.5417224332938413,0.7812228464395802
986,NVDA,1,2026-02-17 13:24:00-05:00,185.327058,2026-02-17 14:06:00-05:00,185.79783300000003,107,19826.03,58.3150000000017,0.749,7.942074999998312,49.62392500000339,0.0025029683199310902,TAKE_PROFIT,42,-2.525761065069339,0.9914095264908944
987,NVDA,1,2026-02-18 12:07:00-05:00,189.41317506000001,2026-02-18 12:25:00-05:00,189.302132,105,19884.4065,-3.7065000000006876,0.735,7.953021300000813,-12.3945213000015,-0.0006233287023176427,TAKE_PROFIT,18,-2.9537341342073447,0.7006990298150291
988,NVDA,1,2026-02-18 12:55:00-05:00,189.26364515999998,2026-02-18 13:05:00-05:00,189.502092,105,19868.709,32.99099999999996,0.735,7.954081799997539,24.30191820000242,0.0012231251763767047,TAKE_PROFIT,10,-2.8019703087118035,0.06810581869384846
989,NVDA,-1,2026-02-18 13:54:00-05:00,188.30223202,2026-02-18 14:34:00-05:00,188.072607,106,19964.0294,32.31940000000037,0.742,7.979147880001847,23.598252119998524,0.001182038537771264,TAKE_PROFIT,40,2.2018684324727484,0.6600651512988467
990,NVDA,1,2026-02-18 15:52:00-05:00,187.60751399999998,2026-02-18 15:56:00-05:00,188.182356,106,19882.42,68.9000000000006,0.742,7.966747999998688,60.19125200000191,0.00302736045209798,FORCED_EOD,4,-2.99056268445458,-0.9859391827310813
991,NVDA,-1,2026-02-19 12:50:00-05:00,185.88781500000002,2026-02-19 13:14:00-05:00,186.517296,107,19893.975000000002,-59.38499999999769,0.749,7.969466999999099,-68.10346699999678,-0.0034233212316792786,TAKE_PROFIT,24,2.4557731571393533,-0.9200573991031848
992,NVDA,-1,2026-02-19 14:37:00-05:00,186.692654,2026-02-19 15:00:00-05:00,186.58761006,107,19980.11,19.227899999999664,0.749,7.988198419999492,10.490701580000174,0.0005250572484335759,TAKE_PROFIT,23,2.5682298920209994,-0.5448293554994434
993,NVDA,1,2026-02-23 10:13:00-05:00,191.33335902,2026-02-23 10:36:00-05:00,190.80683100000002,104,19894.6904,-46.81039999999916,0.728,7.948514079997949,-55.48691407999711,-0.0027890312924898353,TAKE_PROFIT,23,-2.731161986540301,0.8083783922393057
994,NVDA,1,2026-02-23 12:43:00-05:00,190.07800799999998,2026-02-23 12:48:00-05:00,190.181956,105,19954.2,18.900000000000716,0.735,7.98545999999746,10.179540000003257,0.0005101452325827774,TAKE_PROFIT,5,-2.5466529202867245,0.5664783045550745
995,NVDA,-1,2026-02-23 14:42:00-05:00,190.486895,2026-02-23 14:47:00-05:00,190.383069,104,19814.600000000002,18.72000000000071,0.728,7.92209600000092,10.069903999999788,0.0005082062721427526,TAKE_PROFIT,5,1.9832653380546348,-1.423399923283942
996,NVDA,-1,2026-02-24 10:50:00-05:00,192.571478,2026-02-24 11:20:00-05:00,192.498492,103,19838.83,15.450000000000585,0.721,7.932441999999099,6.796558000001486,0.00034258865064126695,TAKE_PROFIT,30,2.998428167439176,-1.7281686862565726
997,NVDA,-1,2026-02-25 09:55:00-05:00,195.740844,2026-02-25 10:15:00-05:00,195.614115,102,19969.56,20.910000000001276,0.714,7.9836420000000885,12.212358000001188,0.0006115486770865852,TAKE_PROFIT,20,2.3238784459033255,0.00091824370325386
998,NVDA,-1,2026-02-25 12:10:00-05:00,197.290534,2026-02-25 12:29:00-05:00,197.30955402,101,19930.33,6.049899999999894,0.707,7.9709220199998185,-2.628022019999924,-0.00013186043683169942,TAKE_PROFIT,19,2.2171172735694067,0.3081684551656544
999,NVDA,1,2026-02-25 13:04:00-05:00,196.869366,2026-02-25 13:27:00-05:00,196.775637,101,19879.83,-1.5150000000014927,0.707,7.951629000000992,-10.173629000002485,-0.0005117563379567373,TAKE_PROFIT,23,-2.5514221904426213,-0.4741456094370654
1000,NVDA,1,2026-02-25 13:39:00-05:00,196.60931399999998,2026-02-25 13:47:00-05:00,196.715649,101,19853.57,18.68500000000023,0.707,7.945164999997218,10.032835000003011,0.0005053416085874234,TAKE_PROFIT,8,-2.0864349222286878,0.20590943424656333
1001,NVDA,-1,2026-02-25 14:07:00-05:00,197.020588,2026-02-25 14:30:00-05:00,197.1284178,101,19903.06,-2.9289999999996326,0.707,7.961809799999401,-11.597809799999034,-0.0005827149091646728,TAKE_PROFIT,23,2.3944534034559233,-0.03132712973651918
1002,NVDA,1,2026-02-25 15:16:00-05:00,196.83936,2026-02-25 15:33:00-05:00,196.92050802,101,19876.800000000003,16.14989999999932,0.707,7.9539499799992655,7.488950020000054,0.0003767683943089458,TAKE_PROFIT,17,-2.3572858148324674,0.8019169069975923
1003,NVDA,1,2026-02-26 11:46:00-05:00,186.692331,2026-02-26 12:05:00-05:00,186.752642,107,19972.085,14.444999999999027,0.749,7.9917229999976485,5.704277000001378,0.0002856124936380642,TAKE_PROFIT,19,-2.557922524401982,0.19673567283065693
1004,NVDA,1,2026-02-26 13:10:00-05:00,185.442081,2026-02-26 13:35:00-05:00,185.63286599999998,107,19838.335,28.35499999999854,0.749,7.941005000001013,19.66499499999753,0.0009912623715648279,TAKE_PROFIT,25,-2.5577341863303666,0.25131837663387685
1005,NVDA,1,2026-02-26 13:52:00-05:00,184.946982,2026-02-26 14:02:00-05:00,185.472898,108,19970.28,64.79999999999939,0.756,8.001071999999908,56.04292799999948,0.002806316586447435,TAKE_PROFIT,10,-2.5455219599572327,0.10690065987690782
1006,NVDA,1,2026-02-26 15:16:00-05:00,184.43688,2026-02-26 15:25:00-05:00,184.928007,108,19915.2,61.019999999999754,0.756,7.978283999999121,52.28571600000063,0.0026254175704989472,TAKE_PROFIT,9,-2.497119849885489,0.6494643370599347
1007,NVDA,1,2026-02-27 13:03:00-05:00,179.690931,2026-02-27 13:04:00-05:00,179.719049,111,19941.705,11.099999999999369,0.777,7.978901999998669,2.3440980000007006,0.00011754752163873151,TAKE_PROFIT,1,-0.6351497062405698,0.4079297799491821
1008,NVDA,1,2026-02-27 13:47:00-05:00,178.645722,2026-02-27 14:05:00-05:00,178.92430798,111,19825.710000000003,38.86109999999974,0.777,7.938056219999453,30.146043780000284,0.001520553048541529,TAKE_PROFIT,18,-2.871932694179341,-0.5520635652307132
1009,NVDA,1,2026-02-27 15:52:00-05:00,177.570507,2026-02-27 15:56:00-05:00,176.789635,112,19883.92,-79.52000000000089,0.784,7.937663999997767,-88.24166399999866,-0.00443784042583146,FORCED_EOD,4,-2.4885240810760814,-2.629876731746711
1010,NVDA,1,2026-03-02 11:03:00-05:00,180.226038,2026-03-02 11:16:00-05:00,181.003792,110,19820.9,93.49999999999937,0.77,7.947059999997634,84.78294000000174,0.004277451578889038,TAKE_PROFIT,13,-2.5797750920640734,0.0535129437278107
1011,NVDA,-1,2026-03-02 11:49:00-05:00,182.968399,2026-03-02 11:54:00-05:00,182.68653,109,19947.545,38.694999999998885,0.763,7.9712789999988445,29.960721000000042,0.001501975355864596,TAKE_PROFIT,5,2.7548707939022514,0.5716901717609587
1012,NVDA,-1,2026-03-02 13:21:00-05:00,182.618469,2026-03-02 13:26:00-05:00,182.30145299999998,109,19909.395,42.51000000000161,0.763,7.955255999999025,33.79174400000259,0.001697276285894302,TAKE_PROFIT,5,2.5479497348088573,-0.377415560902502
1013,NVDA,1,2026-03-02 14:12:00-05:00,182.726538,2026-03-02 14:42:00-05:00,182.838425,109,19913.21,20.165000000000248,0.763,7.9693170000007,11.432682999999546,0.0005741255679018876,TAKE_PROFIT,30,-0.8223504046958737,0.7003920104001455
1014,NVDA,-1,2026-03-02 15:12:00-05:00,181.883616,2026-03-02 15:36:00-05:00,182.096412,109,19829.28,-15.260000000001611,0.763,7.934763999998097,-23.95776399999971,-0.0012082014072119468,TAKE_PROFIT,24,0.9248313343851964,-0.5307255217936936
1015,NVDA,1,2026-03-03 10:36:00-05:00,177.83556000000002,2026-03-03 11:03:00-05:00,177.874418,112,19913.600000000002,12.319999999998345,0.784,7.967904000000999,3.568095999997345,0.00017917885264328621,TAKE_PROFIT,27,-2.4131564057593273,1.1581148707879965
1016,NVDA,-1,2026-03-03 11:08:00-05:00,179.779037,2026-03-03 11:17:00-05:00,179.66592599999998,111,19959.465,20.535000000000252,0.777,7.979678999999862,11.778321000000389,0.0005901120596168479,TAKE_PROFIT,9,2.571797371866178,-0.04606340101080397
1017,NVDA,1,2026-03-04 11:02:00-05:00,183.031599,2026-03-04 11:28:00-05:00,182.62016866000002,109,19946.455,-36.874700000000416,0.763,7.971207059997539,-45.608907059997954,-0.0022865670646737956,TAKE_PROFIT,26,-1.5458431361988676,-0.24865134516363493
1018,NVDA,1,2026-03-04 11:51:00-05:00,182.82165702,2026-03-04 11:52:00-05:00,182.80343200000002,109,19923.5759,5.984100000000382,0.763,7.970627179999127,-2.7495271799987453,-0.00013800369942620317,TAKE_PROFIT,1,-1.034796135376729,-0.5538328620471866
1019,NVDA,-1,2026-03-04 12:43:00-05:00,182.988395,2026-03-04 13:00:00-05:00,183.026598,109,19949.725000000002,3.8149999999996282,0.763,7.979127000000716,-4.927127000001088,-0.00024697718890867354,TAKE_PROFIT,17,2.68661526941701,-0.9700133417025287
1020,NVDA,-1,2026-03-04 13:35:00-05:00,183.22834699999999,2026-03-04 13:37:00-05:00,183.196632,109,19975.885,11.444999999998885,0.763,7.988064999999835,2.6939349999990494,0.00013485935666925644,TAKE_PROFIT,2,0.9557726736774871,0.0218266722244647
1021,NVDA,-1,2026-03-04 13:45:00-05:00,183.783236,2026-03-04 14:08:00-05:00,184.191831,108,19852.559999999998,-36.18000000000086,0.756,7.948260000001255,-44.884260000002115,-0.0022608802089001175,TAKE_PROFIT,23,2.6904758893567475,-0.142923889406006
1022,NVDA,-1,2026-03-05 10:22:00-05:00,182.32342802000002,2026-03-05 11:13:00-05:00,183.306654,109,19877.2291,-99.20089999999999,0.763,7.970731819998491,-107.93463181999849,-0.005430064284966081,TIME_STOP,51,2.210707572655843,1.2700535106854252
1023,NVDA,1,2026-03-05 12:30:00-05:00,181.106214,2026-03-05 12:44:00-05:00,179.27396896202532,110,19917.7,-193.61859789679244,0.77,7.9283562804215535,-202.316954177214,-0.010157646423895028,STOP_LOSS,14,-3.1768577607882946,-1.2358555814384689
1024,NVDA,-1,2026-03-06 09:47:00-05:00,181.623668,2026-03-06 10:08:00-05:00,181.976388,110,19982.6,-30.800000000000125,0.77,7.999199999997302,-39.56919999999742,-0.0019801827590002013,TAKE_PROFIT,21,2.5922507607960057,-0.1489834704303922
1025,NVDA,1,2026-03-06 14:07:00-05:00,180.656124,2026-03-06 14:48:00-05:00,179.9615005,110,19868.2,-68.47500000000025,0.77,7.933585000000392,-77.17858500000064,-0.0038845282914406255,TAKE_PROFIT,41,-2.914595921375095,-0.7122020053531646
1026,NVDA,1,2026-03-06 15:14:00-05:00,178.67932872,2026-03-06 15:36:00-05:00,176.8716363929114,111,19829.439599999998,-192.76062459175333,0.777,7.893223715081575,-201.4308483068349,-0.010158171505100674,STOP_LOSS,22,-2.478894784008876,-0.9094457149215187
1027,NVDA,-1,2026-03-06 15:52:00-05:00,178.054382,2026-03-06 15:56:00-05:00,177.77054700000002,112,19946.08,39.759999999998854,0.784,7.970480000000862,31.005519999997993,0.0015544668426075694,FORCED_EOD,4,2.171907075618467,-0.24507098683104345
1028,NVDA,-1,2026-03-09 12:31:00-04:00,180.1859556,2026-03-09 12:42:00-04:00,180.67612799999998,110,19824.420000000002,-45.979999999997574,0.77,7.938963999999942,-54.68896399999752,-0.0027586665334974497,TAKE_PROFIT,11,1.8082138114565942,-0.35770028909248974
1029,NVDA,-1,2026-03-09 14:02:00-04:00,179.894014,2026-03-09 14:06:00-04:00,179.88597,111,19972.23,8.880000000001388,0.777,7.9871160000000145,0.11588400000137433,5.802256433126112e-06,TAKE_PROFIT,4,2.298157108843214,0.77008305201416
1030,NVDA,1,2026-03-09 14:55:00-04:00,179.860965,2026-03-09 15:12:00-04:00,179.894014,111,19960.574999999997,11.655000000002019,0.777,7.986561000001416,2.891439000000604,0.0001448575003475904,TAKE_PROFIT,17,-3.033404418619239,1.231336072647889
1031,NVDA,1,2026-03-10 11:02:00-04:00,185.64632183999998,2026-03-10 11:09:00-04:00,185.37841690000002,107,19860.1844,-20.725899999997694,0.749,7.939928579998622,-29.414828579996314,-0.0014810954413895733,TAKE_PROFIT,7,-2.4348313074496266,0.21863676359914538
1032,NVDA,-1,2026-03-11 11:14:00-04:00,185.81273002,2026-03-11 11:28:00-04:00,185.61221501999998,107,19885.9393,29.403599999999898,0.749,7.948494999997308,20.70610500000259,0.0010412434981133928,TAKE_PROFIT,14,2.2315437994313134,-0.4602040531327974
1033,NVDA,1,2026-03-12 13:08:00-04:00,184.36686600000002,2026-03-12 13:17:00-04:00,183.788235,108,19907.640000000003,-54.54000000000258,0.756,7.952148000000648,-63.248148000003226,-0.003177079151521889,TAKE_PROFIT,9,-2.448653314812884,0.19789494474763308
1034,NVDA,-1,2026-03-12 15:04:00-04:00,182.988395,2026-03-12 15:18:00-04:00,182.976588,109,19949.725000000002,9.265000000000867,0.763,7.97803700000037,0.5239630000004976,2.626417156128706e-05,TAKE_PROFIT,14,2.4456833551168073,-1.1954335677029704
1035,NVDA,-1,2026-03-12 15:52:00-04:00,183.18175632,2026-03-12 15:56:00-04:00,183.18663,109,19970.8056,7.455599999999663,0.763,7.986831119999977,-1.2942311200003136,-6.480615484035925e-05,FORCED_EOD,4,2.3587914172592765,1.9041341338160833
1036,NVDA,1,2026-03-13 14:02:00-04:00,180.406074,2026-03-13 14:26:00-04:00,180.41391,110,19840.7,8.79999999999825,0.77,7.938039999998523,0.0919599999997267,4.634917114805763e-06,TAKE_PROFIT,24,-2.898377459300071,-0.10710163612410525
1037,NVDA,-1,2026-03-13 14:59:00-04:00,180.95380200000002,2026-03-13 15:50:00-04:00,180.476088,110,19908.9,60.50000000000125,0.77,7.951459999999031,51.77854000000222,0.002600773523399194,TAKE_PROFIT,51,1.757855513888252,-1.8933657163654878
1038,NVDA,1,2026-03-13 15:53:00-04:00,180.23103899999998,2026-03-13 15:56:00-04:00,179.91900900000002,110,19821.45,-26.399999999997874,0.77,7.923299999998221,-35.09329999999609,-0.0017704708787700239,FORCED_EOD,3,-2.756744664059919,-2.6789106450702684
1039,NVDA,-1,2026-03-16 11:13:00-04:00,184.14286406,2026-03-16 11:26:00-04:00,184.701933,108,19891.4076,-52.41239999999948,0.756,7.967045520000852,-61.13544552000033,-0.003073459995862753,TAKE_PROFIT,13,2.2869460145587746,0.2669847937149308
1040,NVDA,1,2026-03-16 12:12:00-04:00,184.13682,2026-03-16 12:23:00-04:00,183.668259,108,19882.8,-42.659999999998035,0.756,7.944588000001318,-51.36058799999935,-0.002583166757197143,TAKE_PROFIT,11,-1.4330504362012162,0.6284194084831078
1041,NVDA,1,2026-03-16 13:41:00-04:00,184.421877,2026-03-16 13:49:00-04:00,184.27323798,108,19913.579999999998,-8.089199999998414,0.756,7.963814160000538,-16.809014159998952,-0.0008440980556986214,TAKE_PROFIT,8,-2.310577883471486,1.4003688353495103
1042,NVDA,-1,2026-03-16 14:13:00-04:00,185.23294600000003,2026-03-16 14:28:00-04:00,185.182029,107,19823.89,13.375,0.749,7.926880999997138,4.699119000002861,0.00023704323419888133,TAKE_PROFIT,15,2.448565882473608,-1.3768425911095987
1043,NVDA,-1,2026-03-19 10:17:00-04:00,178.14436400000002,2026-03-19 10:36:00-04:00,178.465686,112,19956.16,-28.0,0.784,7.988063999997848,-36.77206399999785,-0.001842642271859809,TAKE_PROFIT,19,2.41909114690001,-0.16594331152253014
1044,NVDA,-1,2026-03-19 11:13:00-04:00,178.849223,2026-03-19 11:46:00-04:00,177.82055699999998,111,19856.235,122.09999999999937,0.777,7.9180739999976595,113.40492600000171,0.005711300556223358,TAKE_PROFIT,33,1.9627884919508718,-0.5104443513507161
1045,NVDA,1,2026-03-19 12:46:00-04:00,178.32065699999998,2026-03-19 13:06:00-04:00,177.834426,112,19967.92,-46.47999999999911,0.784,7.977871999998115,-55.24187199999722,-0.0027665311159097805,TAKE_PROFIT,20,-2.470973824334656,-0.18135035354977996
1046,NVDA,-1,2026-03-19 14:23:00-04:00,179.049183,2026-03-19 14:44:00-04:00,178.295652,111,19878.435,91.57500000000189,0.777,7.9330590000008385,82.86494100000105,0.00416858475025831,TAKE_PROFIT,21,2.5107949344061518,-0.5824030022539753
1047,NVDA,1,2026-03-19 15:33:00-04:00,178.630719,2026-03-19 15:56:00-04:00,178.8382252,111,19824.045,30.968999999999596,0.777,7.935811799998305,22.25618820000129,0.0011226865253787153,FORCED_EOD,23,-2.568552493000801,1.2605869984455784
1048,NVDA,-1,2026-03-20 13:07:00-04:00,175.629867,2026-03-20 13:08:00-04:00,175.665126,113,19850.145,3.9549999999996146,0.791,7.939266999999205,-4.775266999999591,-0.00024056584977085008,TAKE_PROFIT,1,0.7314959951377598,0.3217191588282833
1049,NVDA,1,2026-03-23 11:24:00-04:00,177.805554,2026-03-23 11:28:00-04:00,177.534486,112,19910.24,-22.40000000000191,0.784,7.959615999999642,-31.14361600000155,-0.001564200933790931,TAKE_PROFIT,4,-2.14089006854031,0.24778189385275398
1050,NVDA,-1,2026-03-23 12:28:00-04:00,175.004992,2026-03-23 13:03:00-04:00,175.27514802000002,114,19954.559999999998,-22.811400000002322,0.798,7.986386280001113,-31.595786280003438,-0.0015833867687387465,TAKE_PROFIT,35,2.225542772937371,-0.6387735024752403
1051,NVDA,1,2026-03-23 13:37:00-04:00,175.95518399999997,2026-03-23 13:45:00-04:00,175.799833,113,19878.96,-9.604999999997688,0.791,7.949662999998651,-18.34566299999634,-0.0009228683492494748,TAKE_PROFIT,8,-2.5799547751254797,0.5585688951514797
1052,NVDA,-1,2026-03-24 14:04:00-04:00,175.44490399999998,2026-03-24 14:14:00-04:00,175.245042,113,19829.239999999998,30.509999999997945,0.791,7.92559400000161,21.793405999996335,0.0010990540232503282,TAKE_PROFIT,10,2.1144616828579035,0.10500481795837026
1053,NVDA,-1,2026-03-24 15:30:00-04:00,175.48269643999998,2026-03-24 15:41:00-04:00,175.220037,113,19833.5114,37.60639999999907,0.791,7.9258832799998515,28.88951671999922,0.0014566012108173253,TAKE_PROFIT,11,1.962478034525474,-0.7036411755568912
1054,NVDA,1,2026-03-25 13:35:00-04:00,178.820757,2026-03-25 13:40:00-04:00,179.11417,111,19845.135,40.51500000000101,0.777,7.946156999999317,31.79184300000169,0.001601996811813157,TAKE_PROFIT,5,-2.6695560336692314,-0.102264325593938
1055,NVDA,-1,2026-03-25 14:40:00-04:00,179.009191,2026-03-25 14:41:00-04:00,178.910775,111,19873.995,18.869999999998612,0.777,7.945824000000158,10.147175999998453,0.0005105755536316907,TAKE_PROFIT,1,1.2194254339828015,-0.2722295070302421
1056,NVDA,1,2026-03-25 15:02:00-04:00,177.98558999999997,2026-03-25 15:13:00-04:00,178.11437,112,19930.399999999998,22.40000000000191,0.784,7.976639999998042,13.639360000003869,0.0006843495363868196,TAKE_PROFIT,11,-2.710969727677237,0.35873125434110764
1057,NVDA,1,2026-03-26 10:47:00-04:00,173.724738,2026-03-26 11:04:00-04:00,173.935206,115,19974.35,32.20000000000013,0.805,7.99618000000109,23.39881999999904,0.0011714433761298387,TAKE_PROFIT,17,-2.552864343199465,0.6365021434838155
1058,NVDA,-1,2026-03-26 11:43:00-04:00,174.310131,2026-03-26 12:11:00-04:00,174.42487799999998,114,19875.329999999998,-5.129999999998574,0.798,7.95115799999752,-13.879157999996094,-0.0006983108204993877,TAKE_PROFIT,28,2.677162832523716,0.09079285196376784
1059,NVDA,-1,2026-03-26 13:16:00-04:00,173.80523200000002,2026-03-26 13:22:00-04:00,173.464686,115,19991.600000000002,47.14999999999961,0.805,7.987209999997589,38.35779000000202,0.0019186953520479609,TAKE_PROFIT,6,2.643087459209487,0.6692411578601195
1060,NVDA,1,2026-03-26 13:46:00-04:00,173.029599,2026-03-26 14:14:00-04:00,172.385516,115,19894.425,-66.12500000000196,0.805,7.944544999997447,-74.87454499999942,-0.003763594323535333,TAKE_PROFIT,28,-2.514479702121476,0.6987806467557767
1061,NVDA,-1,2026-03-27 13:43:00-04:00,167.96630002,2026-03-27 14:27:00-04:00,168.003594,119,19991.9881,3.5580999999997402,0.833,7.996083619998188,-5.270983619998448,-0.0002636547997944461,TAKE_PROFIT,44,2.045903631452163,0.32326407918200706
1062,NVDA,1,2026-03-27 15:36:00-04:00,167.413476,2026-03-27 15:38:00-04:00,167.4665,119,19918.22,14.280000000000541,0.833,7.970144000001312,5.476855999999229,0.00027496714063803034,TAKE_PROFIT,2,-2.198272352282824,-0.405311128555139
1063,NVDA,1,2026-03-30 13:15:00-04:00,166.20323399999998,2026-03-30 13:20:00-04:00,166.071779,120,19940.399999999998,-7.799999999999727,0.84,7.974599999998873,-16.6145999999986,-0.0008332129746644301,TAKE_PROFIT,5,-0.9800727902630972,1.952774954313925
1064,NVDA,-1,2026-03-30 13:26:00-04:00,166.01679000000001,2026-03-30 14:17:00-04:00,165.968187,120,19926.0,13.800000000001091,0.84,7.967639999999392,4.9923600000017,0.000250545016561362,TAKE_PROFIT,51,1.3095664777180063,-1.3116802278905837
1065,NVDA,1,2026-03-30 15:47:00-04:00,164.75284398,2026-03-30 15:56:00-04:00,165.351923,121,19931.1079,80.47709999999944,0.847,7.9885385799988455,71.6415614200006,0.003594459564387818,FORCED_EOD,9,-2.6554946715127006,-0.8668142894448446
1066,NVDA,1,2026-03-31 12:43:00-04:00,173.41457598,2026-03-31 12:46:00-04:00,173.545284,115,19938.6885,23.011500000002343,0.805,7.980077700000692,14.226422300001651,0.0007135084286010913,TAKE_PROFIT,3,-2.6359853344096513,0.3197400583614699
1067,NVDA,-1,2026-03-31 14:58:00-04:00,173.790235,2026-03-31 15:10:00-04:00,173.63972099999998,115,19989.875,25.29999999999987,0.805,7.990889999998103,16.504110000001766,0.0008256234718827289,TAKE_PROFIT,12,2.3646808584169596,0.5312785810667493
1068,NVDA,1,2026-03-31 15:51:00-04:00,174.454884,2026-03-31 15:53:00-04:00,174.21515,114,19883.879999999997,-19.379999999998574,0.798,7.949676000001261,-28.127675999999838,-0.0014145969498910596,TAKE_PROFIT,2,-2.1178787222123034,-0.8526787363387625
1069,NVDA,-1,2026-04-01 14:53:00-04:00,175.339925,2026-04-01 15:11:00-04:00,175.625118,114,19992.75,-24.51000000000039,0.798,8.002001999998754,-33.310001999999145,-0.0016661040627226943,TAKE_PROFIT,18,2.2226519027564997,-0.4510043525375058
1070,NVDA,1,2026-04-01 15:31:00-04:00,176.13021899999998,2026-04-01 15:35:00-04:00,176.04478400000002,113,19898.735,-1.6949999999984584,0.791,7.959154999997168,-10.445154999995626,-0.0005249155285497107,TAKE_PROFIT,4,-2.2178589674173095,-0.19647099575892976
1071,NVDA,1,2026-04-02 10:39:00-04:00,175.925178,2026-04-02 10:53:00-04:00,175.93490598,113,19875.57,9.051300000001788,0.791,7.952038260000876,0.308261740000912,1.550957985108915e-05,TAKE_PROFIT,14,-1.8357211613267452,-0.02211380826396147
1072,NVDA,1,2026-04-02 14:54:00-04:00,177.060405,2026-04-02 15:11:00-04:00,177.31453,112,19826.8,36.39999999999873,0.784,7.938000000000102,27.677999999998626,0.0013959892670526068,TAKE_PROFIT,17,-2.2134610463561755,1.071082992614751
1073,NVDA,1,2026-04-02 15:52:00-04:00,177.260445,2026-04-02 15:56:00-04:00,177.38951500000002,112,19849.2,22.40000000000191,0.784,7.9441600000004655,13.671840000001446,0.0006887854422345205,FORCED_EOD,4,-2.5300521677051586,-2.114240630886846
1074,NVDA,-1,2026-04-06 11:34:00-04:00,176.649663,2026-04-06 12:03:00-04:00,177.23543999999998,113,19965.405,-58.19499999999846,0.791,7.997800999999157,-66.98380099999761,-0.003354993349746605,TAKE_PROFIT,29,2.7122589218646422,-1.2236835629746896
1075,NVDA,1,2026-04-06 12:34:00-04:00,177.070407,2026-04-06 12:57:00-04:00,176.99449402,112,19827.92,-0.5711999999998625,0.784,7.931053759999941,-9.286253759999804,-0.00046834230519387837,TAKE_PROFIT,23,-2.588793610119893,0.17618770702309045
1076,NVDA,-1,2026-04-06 13:08:00-04:00,176.76464,2026-04-06 13:25:00-04:00,176.9358801,113,19978.4,-11.356499999998022,0.791,7.993631299999407,-20.14113129999743,-0.0010081453619908214,TAKE_PROFIT,17,2.3241687460179556,-0.36042747528752095
1077,NVDA,1,2026-04-06 15:47:00-04:00,177.19593210000002,2026-04-06 15:56:00-04:00,177.379517,112,19841.976000000002,28.50399999999763,0.784,7.942491200000859,19.777508799996774,0.000996750968754159,FORCED_EOD,9,-3.0425333079558183,1.5806088643769243
1078,NVDA,1,2026-04-07 12:00:00-04:00,175.26504599999998,2026-04-07 12:33:00-04:00,175.50989099999998,114,19976.219999999998,35.90999999999974,0.798,7.997669999999971,27.114329999999768,0.0013573303658049305,TAKE_PROFIT,33,-2.642665341458792,-0.38925391951876326
1079,NVDA,-1,2026-04-08 13:54:00-04:00,181.708651,2026-04-08 14:08:00-04:00,182.05640400000001,110,19991.95,-30.250000000000625,0.77,8.002830000000642,-39.022830000001264,-0.001951927150678211,TAKE_PROFIT,14,1.7940543650444984,-0.7196107371007942
1080,NVDA,1,2026-04-09 11:34:00-04:00,183.276648,2026-04-09 12:25:00-04:00,183.218349,109,19973.16,1.634999999998513,0.763,7.989590999999081,-7.1175910000005675,-0.00035635778214366517,TIME_STOP,51,-2.539547810469508,-0.5110768063474727
1081,NVDA,-1,2026-04-09 14:05:00-04:00,183.12056855999998,2026-04-09 14:27:00-04:00,183.09651198,109,19964.1348,10.605699999998905,0.763,7.983532780001241,1.8591672199976639,9.31253589811297e-05,TAKE_PROFIT,22,2.538865960819847,-1.2843461729847712
1082,NVDA,1,2026-04-09 15:12:00-04:00,183.781749,2026-04-09 15:53:00-04:00,183.99319400000002,108,19844.46,30.77999999999963,0.756,7.9439399999968145,22.080060000002817,0.001112656126697467,TAKE_PROFIT,41,-2.7848740814149515,0.9096042250177697
1083,NVDA,-1,2026-04-10 14:14:00-04:00,188.49229400000002,2026-04-10 14:28:00-04:00,188.67772799999997,106,19984.18,-11.659999999998433,0.742,7.996003999997129,-20.398003999995563,-0.0010207075796953172,TAKE_PROFIT,14,1.6761192487417893,-0.6367743872258658
1084,NVDA,1,2026-04-13 11:31:00-04:00,188.61761598,2026-04-13 12:22:00-04:00,188.26733900000002,106,19989.4694,-29.13940000000025,0.742,7.989959879998651,-37.871359879998906,-0.0018945655395935072,TIME_STOP,51,-2.633979740577513,-1.1407995891111122
1085,NVDA,1,2026-04-13 14:50:00-04:00,188.357664,2026-04-13 14:51:00-04:00,188.28733499999998,106,19961.92,0.529999999999518,0.742,7.984874000001128,-8.19687400000161,-0.00041062553101112577,TAKE_PROFIT,1,-0.873615650969244,0.2876636278667298
1086,NVDA,-1,2026-04-13 14:57:00-04:00,188.60727100000003,2026-04-13 15:24:00-04:00,188.812755,106,19996.370000000003,-13.779999999999518,0.742,8.001303999998811,-22.52330399999833,-0.0011263696360888664,TAKE_PROFIT,27,2.694298089484876,-0.46167194140996193
1087,NVDA,1,2026-04-14 11:08:00-04:00,192.878568,2026-04-14 11:13:00-04:00,193.16136,103,19862.52,37.07999999999848,0.721,7.952423999998416,28.406576000000065,0.0014301597179008536,TAKE_PROFIT,5,-2.0292785103171753,0.7890247059911636
1088,NVDA,-1,2026-04-14 12:09:00-04:00,194.431106,2026-04-14 12:32:00-04:00,194.78895,102,19835.94,-28.560000000000116,0.714,7.940087999999889,-37.214088000000004,-0.0018760939990744077,TAKE_PROFIT,23,2.6662187598911244,-0.36289483856839017
1089,NVDA,-1,2026-04-14 14:14:00-04:00,194.841024,2026-04-14 15:05:00-04:00,195.599112,102,19877.76,-69.3600000000007,0.714,7.964975999997932,-78.03897599999863,-0.003925944170771688,TIME_STOP,51,2.3803013190278186,3.301397376711321
1090,NVDA,1,2026-04-14 15:50:00-04:00,195.98918999999998,2026-04-14 15:56:00-04:00,196.11077,102,19986.899999999998,20.40000000000174,0.714,7.998839999999404,11.687160000002336,0.0005847410053586268,FORCED_EOD,6,-1.5130393771726598,1.2358512126186771
1091,NVDA,-1,2026-04-15 11:50:00-04:00,199.900012,2026-04-15 11:51:00-04:00,199.719936,100,19994.0,25.99999999999909,0.7000000000000001,7.992399999997701,17.30760000000139,0.0008656396919076418,TAKE_PROFIT,1,0.2123849952715613,-2.6530711674159986
1092,NVDA,1,2026-04-15 12:32:00-04:00,198.794751,2026-04-15 12:52:00-04:00,196.78355167088608,100,19875.5,-193.2083745863082,0.7000000000000001,7.911558325082524,-201.8199329113907,-0.01015420658153962,STOP_LOSS,20,-2.610449910539077,-1.9936712283665472
1093,NVDA,-1,2026-04-15 15:54:00-04:00,198.700252,2026-04-15 15:56:00-04:00,199.08981,100,19874.0,-31.000000000000227,0.7000000000000001,7.955799999999158,-39.65579999999939,-0.001995360772869044,FORCED_EOD,2,3.0593174977439257,2.921412255372087
1094,NVDA,1,2026-04-16 12:35:00-04:00,198.16972601999998,2026-04-16 12:40:00-04:00,198.600272,100,19813.01,50.98999999999876,0.7000000000000001,7.935401999998248,42.35459800000051,0.002137716480231954,TAKE_PROFIT,5,-1.9921297254216235,0.16316587059427157
1095,NVDA,1,2026-04-16 13:08:00-04:00,198.15462300000002,2026-04-16 13:25:00-04:00,198.380316,100,19811.5,30.49999999999784,0.7000000000000001,7.930700000000002,21.86929999999784,0.0011038689649949696,TAKE_PROFIT,17,-1.9767576752801073,1.4306638270852556
1096,NVDA,-1,2026-04-16 15:33:00-04:00,198.295333,2026-04-16 15:45:00-04:00,198.319656,100,19833.5,5.500000000000682,0.7000000000000001,7.932300000001646,-3.1323000000009644,-0.00015792976529613857,TAKE_PROFIT,12,1.1340639521367344,-0.49669839516119424
1097,NVDA,1,2026-04-17 10:25:00-04:00,200.250042,2026-04-17 11:06:00-04:00,200.70485100000002,99,19820.79,52.96499999999966,0.6930000000000001,7.938908999998517,44.33309100000115,0.0022366964687079143,TAKE_PROFIT,41,-2.7102814458578073,1.1216837619707318
1098,NVDA,-1,2026-04-17 11:41:00-04:00,201.04978200000002,2026-04-17 11:59:00-04:00,200.73513899999998,99,19907.91,39.10500000000101,0.6930000000000001,7.955342999996418,30.456657000004597,0.0015298771694268558,TAKE_PROFIT,18,2.2845579295181646,-1.6981439510225103
1099,NVDA,-1,2026-04-17 15:17:00-04:00,201.164759,2026-04-17 15:34:00-04:00,201.34026,99,19919.295000000002,-9.404999999999887,0.6930000000000001,7.969598999999818,-18.067598999999703,-0.000907040083496916,TAKE_PROFIT,17,2.7383925744770883,0.0051530337877243905
1100,NVDA,1,2026-04-20 11:08:00-04:00,197.969586,2026-04-20 11:12:00-04:00,198.63036598,101,19990.93,74.75009999999838,0.707,8.011322019998289,66.0317779800001,0.0033030868488859748,TAKE_PROFIT,4,-2.6932016270486203,0.16762543567170365
1101,NVDA,-1,2026-04-20 13:14:00-04:00,199.550082,2026-04-20 13:30:00-04:00,199.569906,100,19959.0,6.000000000000227,0.7000000000000001,7.9824000000002115,-2.6823999999999844,-0.00013439551079713334,TAKE_PROFIT,16,1.7384518640743747,-1.067893318753449
1102,NVDA,-1,2026-04-20 13:45:00-04:00,199.905011,2026-04-20 14:36:00-04:00,200.64012,100,19994.5,-65.50000000000011,0.7000000000000001,8.01089999999931,-74.21089999999943,-0.0037115656805621258,TIME_STOP,51,2.6362265682442247,0.8194155665818906
1103,NVDA,-1,2026-04-20 15:16:00-04:00,201.03978400000003,2026-04-20 15:56:00-04:00,201.935379,99,19906.920000000002,-80.68499999999977,0.6930000000000001,7.978904999998832,-89.3569049999986,-0.0044887358265366314,FORCED_EOD,40,2.9895626779492708,1.3674373020297559
1104,NVDA,1,2026-04-21 12:03:00-04:00,200.800152,2026-04-21 12:43:00-04:00,200.00999000000002,99,19875.239999999998,-70.28999999999797,0.6930000000000001,7.9360380000001385,-78.91903799999811,-0.003970721259214888,TAKE_PROFIT,40,-2.19003289635044,-0.2257650636568434
1105,NVDA,1,2026-04-21 13:08:00-04:00,199.7004321,2026-04-21 13:32:00-04:00,199.470098,100,19966.050000000003,-15.050000000002228,0.7000000000000001,7.983409999997093,-23.73340999999932,-0.001188688298386477,TAKE_PROFIT,24,-1.8097032774237545,0.9878362918678969
1106,NVDA,1,2026-04-21 15:16:00-04:00,200.585109,2026-04-21 15:27:00-04:00,200.829826,99,19853.954999999998,32.17500000000169,0.6930000000000001,7.948017000000846,23.53398300000084,0.0011853549078760803,TAKE_PROFIT,11,-1.7101229782234766,1.1217049667156944
1107,NVDA,-1,2026-04-22 13:03:00-04:00,201.399712,2026-04-22 13:30:00-04:00,201.79035,99,19942.56,-30.690000000000225,0.6930000000000001,7.983161999999339,-39.36616199999956,-0.001973977362986475,TAKE_PROFIT,27,2.4246820399300093,-0.22755828591694005
1108,NVDA,-1,2026-04-22 13:42:00-04:00,202.01948802,2026-04-22 13:49:00-04:00,201.8883696,99,20003.9301,20.97809999999859,0.6930000000000001,7.997376419997892,12.287723580000698,0.0006142654727633095,TAKE_PROFIT,7,2.5701446758813344,0.5859374100707178
1109,NVDA,1,2026-04-23 11:28:00-04:00,202.79055,2026-04-23 12:19:00-04:00,201.189754,98,19869.5,-148.960000000001,0.686,7.918007999999247,-157.56400800000026,-0.00792994327990137,TIME_STOP,51,-2.5381312060000627,-1.803160739607337
1110,NVDA,1,2026-04-23 13:12:00-04:00,200.16542508,2026-04-23 13:24:00-04:00,199.71005,99,19812.4146,-37.164600000001315,0.6930000000000001,7.917532919999701,-45.77513292000101,-0.002310426762420014,TAKE_PROFIT,12,-2.4422461071707735,-0.7282812024198243
1111,NVDA,-1,2026-04-23 15:48:00-04:00,199.270138,2026-04-23 15:56:00-04:00,199.5399,100,19931.0,-18.999999999999773,0.7000000000000001,7.976199999998812,-27.676199999998584,-0.0013886006723194313,FORCED_EOD,8,2.2691838045155555,1.2580280527457628
1112,NVDA,-1,2026-04-24 10:35:00-04:00,203.37831620000003,2026-04-24 10:42:00-04:00,205.43750145494414,98,19935.062,-193.7873727099838,0.686,8.01278227453912,-202.48615498452293,-0.010157287445834023,STOP_LOSS,7,3.066987414990706,2.0397029346416735
1113,NVDA,1,2026-04-24 14:23:00-04:00,208.49168999999998,2026-04-24 15:00:00-04:00,208.188354,95,19802.75,-20.899999999999892,0.665,7.91691999999756,-29.48191999999745,-0.001488779083712992,TAKE_PROFIT,37,-2.0858663525019767,-0.09233111957996284
1114,NVDA,-1,2026-04-27 12:37:00-04:00,212.8994116,2026-04-27 12:58:00-04:00,212.602512,93,19803.606,35.526000000000465,0.651,7.91433719999884,26.96066280000162,0.0013614016962366158,TAKE_PROFIT,21,2.8685862956713213,-0.07111651160882351
1115,NVDA,-1,2026-04-27 13:49:00-04:00,214.82202700000002,2026-04-27 14:39:00-04:00,215.603112,93,19982.445,-64.63499999999937,0.651,8.005904999999728,-73.29190499999909,-0.003667814674330348,TAKE_PROFIT,50,2.13205766992878,-0.8394913100492365
1116,NVDA,-1,2026-04-27 15:50:00-04:00,216.40671,2026-04-27 15:56:00-04:00,216.518295,92,19913.399999999998,-2.300000000000523,0.644,7.965819999998644,-10.909819999999167,-0.0005478632478632061,FORCED_EOD,6,2.7643779711160326,1.6082777390455059
1117,NVDA,1,2026-04-28 10:38:00-04:00,210.74213999999998,2026-04-28 10:51:00-04:00,208.6100693670886,94,19805.8,-192.5308256588013,0.658,7.883813834866999,-201.07263949366828,-0.010152209933134147,STOP_LOSS,13,-2.5996184681201995,-2.4156583605553514
1118,NVDA,-1,2026-04-28 12:24:00-04:00,210.5238868,2026-04-28 12:39:00-04:00,209.69193,95,20003.77,87.0199999999997,0.665,7.984103999999661,78.37089600000003,0.003917806293513674,TAKE_PROFIT,15,2.6426388833324523,-1.5813216245776713
1119,NVDA,-1,2026-04-28 14:02:00-04:00,211.85762,2026-04-28 14:45:00-04:00,214.00265736387783,94,19918.600000000002,-193.62734673516917,0.658,8.006165469347138,-202.2915122045163,-0.010155910164595718,STOP_LOSS,43,2.6931870627069254,1.570099062712342
1120,NVDA,1,2026-04-29 10:53:00-04:00,210.98218799999998,2026-04-29 11:09:00-04:00,210.852821,94,19828.36,-4.2299999999988245,0.658,7.930497999998693,-12.818497999997518,-0.0006464729306910667,TAKE_PROFIT,16,-2.236451257688196,-0.05597236406765984
1121,NVDA,-1,2026-04-29 12:10:00-04:00,211.012789,2026-04-29 12:13:00-04:00,210.84216,94,19839.170000000002,23.969999999999573,0.658,7.930874000000415,15.381125999999156,0.0007752908009760063,TAKE_PROFIT,3,2.4464427276800924,-1.5958069683271774
1122,NVDA,1,2026-04-29 12:59:00-04:00,208.77174599999998,2026-04-29 13:06:00-04:00,209.3451226,95,19829.35,62.415000000001015,0.665,7.9442229999993685,53.80577700000165,0.002713441287788135,TAKE_PROFIT,7,-2.3300313855678727,0.5242701747452323
1123,NVDA,-1,2026-04-29 15:35:00-04:00,209.03818400000003,2026-04-29 15:47:00-04:00,209.031798,95,19862.600000000002,8.550000000000324,0.665,7.943329999998383,-0.0583299999980591,-2.9366749568565595e-06,TAKE_PROFIT,12,1.4885618649471064,0.21934283657023537
1124,NVDA,1,2026-04-30 12:04:00-04:00,200.220036,2026-04-30 12:42:00-04:00,200.229946,99,19817.82,8.910000000000338,0.6930000000000001,7.928909999998439,0.2880900000018993,1.4536916774998428e-05,TAKE_PROFIT,38,-1.9560516560203602,-0.20088087089661882
1125,NVDA,1,2026-04-30 14:09:00-04:00,200.64012,2026-04-30 14:30:00-04:00,200.729846,99,19859.399999999998,16.830000000001576,0.6930000000000001,7.9471260000002815,8.189874000001293,0.00041239282153545894,TAKE_PROFIT,21,-2.9453426329845978,-0.07542444723034691
1126,NVDA,-1,2026-04-30 14:43:00-04:00,201.254741,2026-04-30 15:04:00-04:00,201.420276,99,19928.204999999998,-8.415000000000788,0.6930000000000001,7.9729649999997605,-17.080965000000546,-0.0008571251148811721,TAKE_PROFIT,21,1.9676700403792988,-0.6534723951461145
1127,NVDA,1,2026-05-01 10:32:00-04:00,198.509694,2026-05-01 10:41:00-04:00,198.81023,100,19847.0,37.999999999999545,0.7000000000000001,7.946400000000153,29.35359999999939,0.0014789943064442681,TAKE_PROFIT,9,-2.8419790242297776,0.18436155893180528
1128,NVDA,1,2026-05-01 11:26:00-04:00,199.179828,2026-05-01 11:44:00-04:00,199.590074,100,19914.0,49.00000000000091,0.7000000000000001,7.975400000000832,40.324600000000075,0.002024937230089388,TAKE_PROFIT,18,-2.5782953900187273,0.3881328739555351
1129,NVDA,-1,2026-05-01 12:25:00-04:00,199.120168,2026-05-01 12:30:00-04:00,198.68212848000002,100,19916.0,51.75999999999874,0.7000000000000001,7.956047999999782,43.103951999998955,0.0021642876079533517,TAKE_PROFIT,5,2.3027821780243047,-0.0392677174264173
1130,NVDA,-1,2026-05-01 15:18:00-04:00,199.125167,2026-05-01 15:47:00-04:00,199.55990400000002,100,19916.5,-35.50000000000182,0.7000000000000001,7.97369999999944,-44.17370000000126,-0.0022179449200412354,TAKE_PROFIT,29,1.8144476915178966,-2.4288381244197814
1131,NVDA,1,2026-05-01 15:50:00-04:00,199.20483299999998,2026-05-01 15:56:00-04:00,198.635265,100,19916.5,-48.99999999999807,0.7000000000000001,7.956799999999475,-57.656799999997546,-0.0028949263173749175,FORCED_EOD,6,-2.5945303931463988,-1.9228222880357335
1132,NVDA,1,2026-05-04 11:01:00-04:00,197.604513,2026-05-04 11:03:00-04:00,197.85042199999998,101,19954.065,32.82499999999885,0.707,7.9881910000005405,24.12980899999831,0.0012092678359020236,TAKE_PROFIT,2,-1.2542420494082844,0.764156003155963
1133,NVDA,1,2026-05-04 11:17:00-04:00,196.934379,2026-05-04 11:21:00-04:00,194.9420009873418,101,19886.395,-193.314284135307,0.707,7.9158951431719515,-201.93717927847894,-0.010154539285701553,STOP_LOSS,4,-2.24319622745386,-3.0281324152521893
1134,NVDA,-1,2026-05-04 12:20:00-04:00,196.31073,2026-05-04 13:11:00-04:00,197.259444,101,19831.35,-87.87000000000046,0.707,7.9501139999990755,-96.52711399999953,-0.0048674000509294395,TIME_STOP,51,2.6004149719751726,1.5559241163104212
1135,NVDA,-1,2026-05-04 15:35:00-04:00,198.95020200000002,2026-05-04 15:55:00-04:00,198.44768159999998,100,19899.0,58.200000000002206,0.7000000000000001,7.9479599999984885,49.552040000003714,0.002490177395849224,TAKE_PROFIT,20,2.2150004800989005,-2.90079102106037
1136,NVDA,1,2026-05-05 10:01:00-04:00,198.35966399999998,2026-05-05 10:25:00-04:00,198.750242,100,19832.0,46.999999999999886,0.7000000000000001,7.942199999999389,38.357800000000495,0.0019341367486890124,TAKE_PROFIT,24,-2.744840992959032,0.4083870386584749
1137,NVDA,-1,2026-05-05 12:02:00-04:00,197.525487,2026-05-05 12:07:00-04:00,197.35936397999998,101,19954.065,24.755100000000795,0.707,7.976674979999302,16.07142502000149,0.0008054211019158999,TAKE_PROFIT,5,2.146186731057005,1.0644939046493944
1138,NVDA,-1,2026-05-05 12:17:00-04:00,197.82042800000002,2026-05-05 12:41:00-04:00,197.499492,101,19983.86,40.400000000000574,0.707,7.985463999998814,31.70753600000176,0.001586657232386624,TAKE_PROFIT,24,2.110093925746945,-1.3240484074746681
1139,NVDA,1,2026-05-05 13:21:00-04:00,197.33445899999998,2026-05-05 13:28:00-04:00,197.650462,101,19926.795,39.89500000000103,0.707,7.978696999998675,31.209303000002357,0.0015661978255912382,TAKE_PROFIT,7,-2.694656394227719,0.4884874241115378
1140,NVDA,1,2026-05-05 14:51:00-04:00,197.209434,2026-05-05 15:22:00-04:00,196.54568300000003,101,19914.17,-59.08499999999793,0.707,7.953850999998252,-67.74585099999618,-0.003401891768524432,TAKE_PROFIT,31,-2.7428073035164426,0.5847318259065666
1141,NVDA,1,2026-05-06 11:15:00-04:00,204.0232965,2026-05-06 11:21:00-04:00,205.098972,98,19990.285,113.43499999999989,0.686,8.018800999998234,104.73019900000165,0.0052390548208793245,TAKE_PROFIT,6,-1.7804871977607508,1.723247868411893
1142,NVDA,-1,2026-05-06 14:08:00-04:00,206.188754,2026-05-06 14:49:00-04:00,207.251442,96,19798.079999999998,-94.08000000000175,0.672,7.938047999999071,-102.69004800000081,-0.005186869029724136,TAKE_PROFIT,41,2.6186474307841694,-0.17665760357737323
1143,NVDA,1,2026-05-07 11:16:00-04:00,211.31855525999998,2026-05-07 11:24:00-04:00,212.01758800000002,94,19859.9722,73.66780000000097,0.658,7.9587224399976435,65.05107756000332,0.003275486838798461,TAKE_PROFIT,8,-1.7889279105971856,0.32077692072560116
1144,NVDA,-1,2026-05-07 12:28:00-04:00,213.682255,2026-05-07 12:47:00-04:00,212.7645444,93,19876.425,93.27899999999869,0.651,7.931914199999397,84.6960857999993,0.004261132764065937,TAKE_PROFIT,19,2.9154833577998622,-0.30225701976059494
1145,NVDA,-1,2026-05-07 13:31:00-04:00,211.937604,2026-05-07 13:50:00-04:00,212.032398,94,19926.12,-0.9400000000018167,0.658,7.970635999998876,-9.568636000000692,-0.0004802056797811462,TAKE_PROFIT,19,2.069264590871138,-0.21408106574591856
1146,NVDA,-1,2026-05-08 14:07:00-04:00,215.616868,2026-05-08 14:11:00-04:00,215.1990312,92,19840.72,46.36799999999914,0.644,7.927014399998825,37.79698560000032,0.0019050208661782594,TAKE_PROFIT,4,2.089338217657531,-0.7257083908514211
1147,NVDA,-1,2026-05-08 14:58:00-04:00,215.311929,2026-05-08 15:15:00-04:00,215.553102,92,19812.66,-14.260000000000105,0.644,7.927916000000209,-22.831916000000312,-0.001152390239372215,TAKE_PROFIT,17,2.49491011266356,-0.13116291314841635
1148,NVDA,-1,2026-05-11 10:54:00-04:00,221.760639,2026-05-11 11:14:00-04:00,221.104212,90,19962.45,67.05000000000041,0.63,7.971569999999701,58.44843000000071,0.0029279186672978874,TAKE_PROFIT,20,2.5384830583118876,-0.3667741967672725
1149,NVDA,1,2026-05-11 12:44:00-04:00,220.884168,2026-05-11 13:24:00-04:00,220.460899,90,19875.6,-30.150000000000716,0.63,7.944209999997156,-38.72420999999787,-0.001948329107045718,TAKE_PROFIT,40,-2.236530286947798,-0.10353839530109317
1150,NVDA,-1,2026-05-11 14:31:00-04:00,221.245742,2026-05-11 14:47:00-04:00,221.09421,90,19916.1,21.59999999999826,0.63,7.962119999997981,13.00788000000028,0.0006531338966966566,TAKE_PROFIT,16,2.4448815481019848,-0.2651258469457753
1151,NVDA,1,2026-05-12 11:26:00-04:00,215.36306399999998,2026-05-12 11:35:00-04:00,216.586674,92,19809.44,120.52000000000021,0.644,7.947879999999486,111.92812000000072,0.005650241501021772,TAKE_PROFIT,9,-2.939988974901334,-0.29683875437069085
1152,NVDA,1,2026-05-12 12:55:00-04:00,216.50329200000002,2026-05-12 13:18:00-04:00,216.90661,92,19914.32,45.07999999999822,0.644,7.974743999999646,36.46125599999858,0.0018309064030305117,TAKE_PROFIT,23,-2.293532325135139,0.6313701191960768
1153,NVDA,-1,2026-05-12 14:33:00-04:00,219.486094,2026-05-12 15:24:00-04:00,220.574106,91,19977.23,-91.0,0.637,8.00909199999927,-99.64609199999927,-0.004987983419122635,TIME_STOP,51,2.706563037427777,-0.10381233036328599
1154,NVDA,1,2026-05-12 15:48:00-04:00,220.804152,2026-05-12 15:56:00-04:00,220.20595,90,19868.399999999998,-45.89999999999918,0.63,7.938179999999591,-54.468179999998775,-0.0027414477260372643,FORCED_EOD,8,-2.412793709574023,-1.991369565151158
1155,NVDA,1,2026-05-13 13:34:00-04:00,226.65512196,2026-05-13 14:03:00-04:00,226.114768,88,19941.6624,-39.582400000000916,0.616,7.968748479999476,-48.16714848000039,-0.002415402864306859,TAKE_PROFIT,29,-1.9799573395469714,0.5493160974670787
1156,NVDA,1,2026-05-13 15:52:00-04:00,225.425076,2026-05-13 15:56:00-04:00,225.56487800000002,88,19833.44,20.2400000000016,0.616,7.937423999998828,11.686576000002773,0.0005892359570504549,FORCED_EOD,4,-2.644704763362083,-0.7446478503965888
1157,NVDA,-1,2026-05-14 10:21:00-04:00,233.133364,2026-05-14 10:41:00-04:00,235.4938161590799,85,19820.3,-192.67177916595827,0.595,7.966654355833072,-201.23343352179134,-0.010152895441632637,STOP_LOSS,20,2.5491879373235595,1.8843875354113402
1158,NVDA,-1,2026-05-14 12:54:00-04:00,235.47289600000002,2026-05-14 13:07:00-04:00,235.25904239999997,84,19783.68,25.872000000001776,0.588,7.9082975999975815,17.375702400004194,0.0008782846467393424,TAKE_PROFIT,13,2.2842670507479825,-0.9020928886271149
1159,NVDA,1,2026-05-14 13:14:00-04:00,234.23443752,2026-05-14 13:36:00-04:00,234.023186,85,19905.946,-9.996000000000862,0.595,7.960379199998329,-18.55137919999919,-0.0009319516490198049,TAKE_PROFIT,22,-1.925502599593533,0.8431673027779294
1160,NVDA,1,2026-05-15 12:14:00-04:00,227.36546399999997,2026-05-15 12:23:00-04:00,227.979395,87,19776.84,61.33500000000109,0.609,7.9230029999979195,52.80299700000317,0.00266994105226129,TAKE_PROFIT,9,-2.4251094274107023,0.1942461423980923
1161,NVDA,1,2026-05-15 15:52:00-04:00,226.355262,2026-05-15 15:56:00-04:00,225.10427014,88,19915.28,-102.14159999999924,0.616,7.945683680000684,-110.70328367999993,-0.005558710883301662,FORCED_EOD,4,-2.522016497944048,-2.421711186363931
1162,NVDA,-1,2026-05-18 11:06:00-04:00,222.895412,2026-05-18 11:30:00-04:00,221.73433799999998,89,19841.66,111.25,0.623,7.9144139999988,102.7125860000012,0.005176612541491044,TAKE_PROFIT,24,2.3761616604046036,-0.24713376496546158
1163,NVDA,1,2026-05-18 12:32:00-04:00,220.38406799999998,2026-05-18 12:44:00-04:00,220.9558,90,19830.6,59.39999999999969,0.63,7.944119999997383,50.82588000000231,0.00256300263229566,TAKE_PROFIT,12,-2.32056813861739,-0.00665979293624797
1164,NVDA,-1,2026-05-19 14:51:00-04:00,222.835424,2026-05-19 15:04:00-04:00,222.319455,89,19836.32,53.84499999999909,0.623,7.923759000000501,45.29824099999859,0.0022836010409188093,TAKE_PROFIT,13,2.354876821159453,-0.22978321220396122
1165,NVDA,-1,2026-05-20 10:07:00-04:00,222.7464418,2026-05-20 10:22:00-04:00,225.00172740328318,89,19828.399,-192.75050899040605,0.623,7.96990970179607,-201.3434186922021,-0.010154295295964243,STOP_LOSS,15,2.5214223957090285,0.1467895501868919
1166,NVDA,1,2026-05-20 11:18:00-04:00,225.27504599999997,2026-05-20 11:25:00-04:00,225.60487,88,19820.239999999998,36.9600000000014,0.616,7.935487999998713,28.408512000002688,0.0014333081738668498,TAKE_PROFIT,7,-1.2448136482438643,0.34892872933839003
1167,NVDA,1,2026-05-20 13:38:00-04:00,224.87486598,2026-05-20 14:06:00-04:00,224.685054,88,19785.0312,-8.791200000001709,0.616,7.912254239998447,-17.319454240000155,-0.000875381699676074,TAKE_PROFIT,28,-2.357955959423309,1.198877620772927
1168,NVDA,1,2026-05-20 14:13:00-04:00,224.39487,2026-05-20 14:51:00-04:00,222.12467518987341,89,19967.149999999998,-194.0992979608583,0.623,7.9480401404075565,-202.67033810126586,-0.010150188589822076,STOP_LOSS,38,-1.8336445474817558,-1.872161253445671
1169,NVDA,-1,2026-05-21 13:01:00-04:00,220.265938,2026-05-21 13:16:00-04:00,220.984188,90,19827.9,-56.69999999999959,0.63,7.942499999998915,-65.2724999999985,-0.00329195224910346,TAKE_PROFIT,15,2.6520060987772207,-0.9212272210926672
1170,NVDA,-1,2026-05-22 13:09:00-04:00,217.63646400000002,2026-05-22 13:31:00-04:00,217.903572,91,19808.88,-16.38000000000062,0.637,7.926827999997471,-24.943827999998092,-0.001259224549797772,TAKE_PROFIT,22,2.7638505500083634,-0.5812777447839458
1171,NVDA,-1,2026-05-22 15:53:00-04:00,215.696852,2026-05-22 15:56:00-04:00,215.44308,92,19848.08,31.280000000000314,0.644,7.932976000000508,22.703023999999807,0.0011438398071752938,FORCED_EOD,3,2.1057104701570872,-1.840293464244929
1172,NVDA,1,2026-05-26 12:17:00-04:00,212.39236997999998,2026-05-26 12:38:00-04:00,213.2963322,94,19960.8906,92.97540000000072,0.658,8.002951319999681,84.31444868000104,0.004223982304677379,TAKE_PROFIT,21,-2.1233822083233846,0.30145071751932573
1173,NVDA,-1,2026-05-26 12:47:00-04:00,213.367318,2026-05-26 13:14:00-04:00,213.882768,93,19847.13,-39.990000000000634,0.651,7.9468499999981645,-48.5878499999988,-0.0024481045874138376,TAKE_PROFIT,27,2.2074115296191787,0.14907782030599304
1174,NVDA,1,2026-05-26 13:38:00-04:00,213.382668,2026-05-26 14:08:00-04:00,213.37731599999998,93,19840.62,7.43999999999852,0.651,7.937736000000029,-1.1487360000015094,-5.7898190681617286e-05,TAKE_PROFIT,30,-3.0903029255894685,-0.27862312045419724
1175,NVDA,-1,2026-05-26 15:03:00-04:00,213.47729600000002,2026-05-26 15:07:00-04:00,213.5657046,93,19857.36,-0.27899999999868896,0.651,7.942999799999427,-8.872999799998116,-0.00044683683027341576,TAKE_PROFIT,4,2.770270494047919,-1.607694612685385
1176,NVDA,1,2026-05-26 15:11:00-04:00,213.27264599999998,2026-05-26 15:26:00-04:00,213.50729,93,19830.39,29.76000000000201,0.651,7.93810799999909,21.17089200000292,0.0010675983679596275,TAKE_PROFIT,15,-2.2973943380307014,0.3737205306536161
1177,NVDA,-1,2026-05-27 12:08:00-04:00,210.522887,2026-05-27 12:20:00-04:00,210.622116,95,20003.675,-1.425000000001404,0.665,8.001754999999378,-10.09175500000078,-0.0005044950490347789,TAKE_PROFIT,12,2.548050882440404,0.18693953082908193
1178,NVDA,1,2026-05-27 15:22:00-04:00,212.257443,2026-05-27 15:40:00-04:00,212.65746,94,19948.21,45.58999999999861,0.658,7.988401999999439,36.94359799999917,0.0018519755907923153,TAKE_PROFIT,18,-3.032134198342125,0.4691605244492394
1179,NVDA,1,2026-05-28 10:14:00-04:00,213.2336382,2026-05-28 11:05:00-04:00,212.41750800000003,93,19826.763,-67.98299999999949,0.651,7.917108599998187,-76.55110859999768,-0.003860998822651871,TIME_STOP,51,-2.695946900679546,-2.5582417260680415
1180,NVDA,-1,2026-05-28 12:45:00-04:00,213.577276,2026-05-28 12:51:00-04:00,213.267645,93,19866.66,36.73500000000095,0.651,7.939316999998681,28.144683000002267,0.0014166791498924462,TAKE_PROFIT,6,2.4188228848848876,1.224354321771553
1181,NVDA,-1,2026-05-29 12:14:00-04:00,216.936604,2026-05-29 13:05:00-04:00,216.683328,92,19962.16,31.280000000000314,0.644,7.978608000000349,22.657391999999966,0.0011350170522628797,TIME_STOP,51,3.43201634218893,-0.7427395540107512
1182,NVDA,-1,2026-05-29 13:56:00-04:00,215.82672602,2026-05-29 13:58:00-04:00,215.70813299999998,92,19860.0308,18.850800000000845,0.644,7.940242159999002,10.266557840001845,0.0005169457159150954,TAKE_PROFIT,2,0.5555133748142823,-0.6531638858523862
1183,NVDA,-1,2026-06-01 12:17:00-04:00,220.91580800000003,2026-06-01 12:39:00-04:00,221.65422198000002,90,19886.4,-58.49100000000021,0.63,7.96625819999889,-67.0872581999991,-0.0033735245293265294,TAKE_PROFIT,22,3.0215445045746514,0.3727412810913583
1184,NVDA,-1,2026-06-01 13:39:00-04:00,222.73534402,2026-06-01 14:14:00-04:00,223.32375582,89,19827.4111,-44.428800000000166,0.623,7.93985019999883,-52.99165019999899,-0.002672645961327699,TAKE_PROFIT,35,2.9321284506293215,-0.32449285785423304
1185,NVDA,1,2026-06-02 12:22:00-04:00,224.53359773999998,2026-06-02 12:32:00-04:00,225.07997500000002,89,19979.4943,56.6307000000005,0.623,8.00312385999672,48.004576140003785,0.0024026922513250893,TAKE_PROFIT,10,-2.574356160013421,0.6306921419428196
1186,NVDA,-1,2026-06-03 11:46:00-04:00,216.90661,2026-06-03 12:05:00-04:00,216.71333399999997,92,19959.399999999998,25.760000000000105,0.644,7.978607999997735,17.13739200000237,0.0008586125835447144,TAKE_PROFIT,19,2.693483796582668,-0.7728184954801814
1187,NVDA,1,2026-06-03 15:30:00-04:00,215.323056,2026-06-03 15:44:00-04:00,215.846822,92,19805.76,56.11999999999864,0.644,7.933527999999114,47.54247199999953,0.0024004366406540083,TAKE_PROFIT,14,-2.6068022675086695,-0.39465607731640895
1188,NVDA,1,2026-06-04 11:15:00-04:00,215.91307398,2026-06-04 11:24:00-04:00,215.836824,92,19860.0308,0.9291999999994687,0.644,7.944198159999473,-7.658998160000005,-0.00038564885609341577,TAKE_PROFIT,9,-1.4226033942885903,-0.2768820060103008
1189,NVDA,-1,2026-06-04 13:16:00-04:00,219.0271858,2026-06-04 13:28:00-04:00,218.888769,91,19935.461,20.565999999999917,0.637,7.970071199998472,11.958928800001445,0.0005998822299620483,TAKE_PROFIT,12,2.229074955207954,-0.10957380938471493
1190,NVDA,-1,2026-06-04 14:30:00-04:00,220.69085300000003,2026-06-04 14:32:00-04:00,220.07200559999998,90,19866.15,63.630000000001985,0.63,7.933733999997514,55.06626600000447,0.002771863999819012,TAKE_PROFIT,2,2.1943356059729426,-0.127967605166338
1191,NVDA,-1,2026-06-04 15:05:00-04:00,221.145762,2026-06-04 15:20:00-04:00,220.469085,90,19907.1,68.84999999999877,0.63,7.9490700000002334,60.27092999999854,0.0030276097472760246,TAKE_PROFIT,15,2.33910736531489,-0.8927851430318854
1192,NVDA,1,2026-06-05 14:34:00-04:00,205.661124,2026-06-05 14:50:00-04:00,205.378916,97,19945.14,-19.400000000001654,0.679,7.974175999998067,-28.05317599999972,-0.0014065168757902789,TAKE_PROFIT,16,-2.30598522739259,-0.09540871192114271
1193,NVDA,-1,2026-06-08 11:42:00-04:00,208.468298,2026-06-08 12:27:00-04:00,209.076807,95,19808.45,-49.87500000000054,0.665,7.933354999999267,-58.473354999999806,-0.0029519399549182194,TAKE_PROFIT,45,2.0888973574793614,-0.2799191854710637
1194,NVDA,1,2026-06-09 10:10:00-04:00,207.60151199999999,2026-06-09 10:27:00-04:00,206.838624,96,19925.760000000002,-65.28000000000065,0.672,7.95724799999698,-73.90924799999763,-0.0037092310657158185,TAKE_PROFIT,17,-2.499736980217449,0.8242008884561244
1195,NVDA,-1,2026-06-09 11:32:00-04:00,203.394313,2026-06-09 11:51:00-04:00,205.45366022095558,98,19936.63,-193.80261513061998,0.686,8.013412523026147,-202.50202765364614,-0.01015728473937903,STOP_LOSS,19,2.6719000148936347,1.5994004598668081
1196,NVDA,1,2026-06-09 13:23:00-04:00,203.610714,2026-06-09 13:32:00-04:00,204.049182,98,19949.86,50.960000000001,0.686,7.990136000000973,42.28386400000003,0.0021195068035565175,TAKE_PROFIT,9,-2.672916648838898,-0.2520161958771562
1197,NVDA,1,2026-06-09 15:06:00-04:00,207.0123942,2026-06-09 15:17:00-04:00,204.91805727088607,96,19869.216,-193.1472882525877,0.672,7.909056942348798,-201.7283451949365,-0.010152808505123529,STOP_LOSS,11,-3.1417840928274514,-1.5146631035629814
1198,NVDA,-1,2026-06-10 10:47:00-04:00,206.138764,2026-06-10 11:02:00-04:00,204.39086999999998,97,19999.46,177.5100000000012,0.679,7.964281999998235,168.86671800000298,0.008443563876224807,TAKE_PROFIT,15,2.6674959610453723,-0.49362633055743865
1199,NVDA,-1,2026-06-10 11:50:00-04:00,202.35952,2026-06-10 12:00:00-04:00,203.510694,98,19835.2,-104.85999999999933,0.686,7.955052000000421,-113.50105199999976,-0.005722203557312241,TAKE_PROFIT,10,1.985091903311276,-0.28394308726153644
1200,NVDA,1,2026-06-10 13:58:00-04:00,203.010594,2026-06-10 14:28:00-04:00,202.239544,98,19891.06,-67.61999999999978,0.686,7.9429000000004635,-76.24890000000025,-0.003833325121939215,TAKE_PROFIT,30,-1.9324916798535172,0.540400460276452
1201,NVDA,-1,2026-06-10 14:35:00-04:00,202.15956,2026-06-10 14:45:00-04:00,201.86976588,98,19815.6,36.31879999999961,0.686,7.918976239998585,27.713823760001027,0.0013985861523244832,TAKE_PROFIT,10,1.7672647227798424,-0.04244171499845894
1202,NVDA,1,2026-06-10 15:35:00-04:00,200.74514100000002,2026-06-10 15:39:00-04:00,201.31972800000003,99,19869.795000000002,64.84500000000011,0.6930000000000001,7.960886999999303,56.19111300000081,0.002827966418375268,TAKE_PROFIT,4,-1.5746186950067569,0.37476581632305467
1203,NVDA,1,2026-06-11 11:22:00-04:00,201.480288,2026-06-11 11:52:00-04:00,201.149762,99,19942.56,-24.75,0.6930000000000001,7.972073999999196,-33.415073999999194,-0.001675565925337529,TAKE_PROFIT,30,-2.292002851520666,0.12219466604745606
1204,NVDA,-1,2026-06-12 10:23:00-04:00,205.80873001999998,2026-06-12 10:33:00-04:00,205.64112,97,19967.4403,24.240299999999678,0.679,7.9821280600012585,15.579171939998421,0.0007802287977792738,TAKE_PROFIT,10,2.2059036552512623,1.001671877476842
1205,NVDA,1,2026-06-12 10:54:00-04:00,205.221036,2026-06-12 11:15:00-04:00,206.303731,97,19902.46,113.00499999999923,0.679,7.983584999999124,104.3424150000001,0.005242689345940156,TAKE_PROFIT,21,-2.2861504582237777,1.4415335148137913
1206,NVDA,1,2026-06-12 15:04:00-04:00,204.95598299999997,2026-06-12 15:10:00-04:00,204.968998,97,19876.755,9.21499999999989,0.679,7.952544999997542,0.5834550000023473,2.935363443390771e-05,TAKE_PROFIT,6,-2.3199498495858673,1.1114859711442353
1207,NVDA,-1,2026-06-15 11:02:00-04:00,210.797832,2026-06-15 11:24:00-04:00,211.122216,94,19818.96,-22.560000000000855,0.658,7.932096000000001,-31.150096000000858,-0.001571732119142521,TAKE_PROFIT,22,2.8390505718526153,-0.030842806575897316
1208,NVDA,1,2026-06-15 15:36:00-04:00,211.412274,2026-06-15 15:49:00-04:00,211.94760200000002,94,19868.78,58.28000000000043,0.658,7.959167999998442,49.662832000001984,0.0024995410890855897,TAKE_PROFIT,13,-3.276166949244899,0.6960340034082112
1209,NVDA,-1,2026-06-16 13:37:00-04:00,209.248142,2026-06-16 13:56:00-04:00,209.68192799999997,95,19882.55,-33.24999999999946,0.665,7.9596699999976295,-41.87466999999709,-0.002106101581537433,TAKE_PROFIT,19,2.4355039504352,-0.8810630734542984
1210,NVDA,-1,2026-06-17 10:49:00-04:00,207.213549,2026-06-17 10:54:00-04:00,207.20143199999998,96,19896.48,9.11999999999989,0.672,7.956767999998192,0.4912320000016983,2.4689392294601775e-05,TAKE_PROFIT,5,2.09873032759929,0.4808680397376894
1211,NVDA,1,2026-06-18 11:47:00-04:00,207.921576,2026-06-18 12:02:00-04:00,208.963199,96,19956.48,108.0,0.672,8.004191999998511,99.32380800000149,0.004977020396382603,TAKE_PROFIT,15,-2.3802290221419695,0.16216776163826022
1212,NVDA,-1,2026-06-18 12:34:00-04:00,210.45989960000003,2026-06-18 12:53:00-04:00,210.162024,95,19997.690000000002,36.290000000000475,0.665,7.9918179999980055,27.63318200000247,0.0013818187000599802,TAKE_PROFIT,19,2.5390599639789166,-0.5493085079695017
1213,NVDA,-1,2026-06-18 14:25:00-04:00,210.10797000000002,2026-06-18 14:42:00-04:00,209.99349930179997,95,19964.25,18.85664500000175,0.665,7.981928670996865,10.209716329004884,0.0005113999438498758,TAKE_PROFIT,17,2.4011531830623816,0.15098227792503394
1214,NVDA,-1,2026-06-18 15:52:00-04:00,211.05778,2026-06-18 15:56:00-04:00,211.057203,94,19843.399999999998,7.990000000000748,0.658,7.9357619999987605,-0.6037619999980128,-3.042633822822767e-05,FORCED_EOD,4,2.815657298241753,1.2388739602779442
1215,NVDA,1,2026-06-22 12:59:00-04:00,209.53109784,2026-06-22 13:50:00-04:00,208.79323300000001,95,19901.474000000002,-62.149000000000285,0.665,7.948159799998393,-70.76215979999867,-0.003555624060810705,TIME_STOP,51,-2.47206166145216,-1.3157266743736855
1216,NVDA,1,2026-06-23 11:08:00-04:00,201.07030602,2026-06-23 11:28:00-04:00,200.769838,99,19901.979900000002,-21.789900000000216,0.6930000000000001,7.956433980000867,-30.439333980001084,-0.0015294626028640036,TAKE_PROFIT,20,-2.624000223677452,0.3012332472447981
1217,NVDA,-1,2026-06-23 13:22:00-04:00,202.55948,2026-06-23 13:36:00-04:00,202.66042398,98,19854.8,-1.9502000000006774,0.686,7.942310039997608,-10.578510039998285,-0.0005327935834155109,TAKE_PROFIT,14,2.139676378468714,-0.3264520983851369
1218,NVDA,1,2026-06-23 14:34:00-04:00,201.450282,2026-06-23 14:46:00-04:00,200.599872,99,19939.59,-76.23000000000101,0.6930000000000001,7.960589999997239,-84.88358999999825,-0.004257037882925288,TAKE_PROFIT,12,-1.639802075947886,0.15955046838044482
1219,NVDA,-1,2026-06-24 11:10:00-04:00,200.91980800000002,2026-06-24 11:27:00-04:00,200.59011,99,19895.04,40.58999999999966,0.6930000000000001,7.94989799999891,31.947102000000754,0.0016057822452229678,TAKE_PROFIT,17,2.25599660963307,0.40808409381677485
1220,NVDA,1,2026-06-24 12:12:00-04:00,200.910174,2026-06-24 12:16:00-04:00,200.879816,99,19886.13,4.949999999998312,0.6930000000000001,7.955441999998982,-3.6984420000006697,-0.0001859809827251793,TAKE_PROFIT,4,-1.9621898533770055,-0.6795914747229964
1221,NVDA,1,2026-06-24 12:49:00-04:00,199.50999402,2026-06-24 13:12:00-04:00,198.920208,100,19947.010000000002,-51.00999999999942,0.7000000000000001,7.9686019999996915,-59.67860199999912,-0.0029918570251881915,TAKE_PROFIT,23,-2.664016253683448,-0.10801897466748908
1222,NVDA,-1,2026-06-24 13:24:00-04:00,198.215349,2026-06-24 13:33:00-04:00,197.7265374,100,19825.5,56.79999999999836,0.7000000000000001,7.91883999999925,48.18115999999911,0.0024302620362663795,TAKE_PROFIT,9,1.6914996752655593,-0.6304617077363811
1223,NVDA,1,2026-06-24 13:41:00-04:00,197.83455899999998,2026-06-24 13:56:00-04:00,198.065379,101,19977.295,31.31000000000023,0.707,7.99717999999794,22.60582000000229,0.0011315756212241092,TAKE_PROFIT,15,-2.221092451759715,-0.2915964216315454
1224,NVDA,-1,2026-06-24 14:09:00-04:00,197.90051198,2026-06-24 14:10:00-04:00,197.994591,101,19991.950100000002,-1.5049000000011574,0.707,7.997081019999797,-10.208981020000955,-0.0005106545869180092,TAKE_PROFIT,1,0.9802049749258301,-1.0592173317567464
1225,NVDA,1,2026-06-24 14:15:00-04:00,197.659524,2026-06-24 14:19:00-04:00,198.19035399999999,101,19959.62,61.60999999999851,0.707,7.99617000000049,52.90682999999802,0.0026506932496709865,TAKE_PROFIT,4,-2.096224610288735,-0.37140958521061285
1226,NVDA,-1,2026-06-24 15:27:00-04:00,197.83042600000002,2026-06-24 15:32:00-04:00,197.63951999999998,101,19984.87,27.270000000001033,0.707,7.988493999996905,18.574506000004128,0.0009294284125943341,TAKE_PROFIT,5,3.311432075000419,-0.5253749382316388
1227,NVDA,-1,2026-06-25 10:55:00-04:00,196.325727,2026-06-25 11:20:00-04:00,195.26914602,101,19832.865,114.62490000000162,0.707,7.910221020000932,106.00767898000069,0.005345051205662958,TAKE_PROFIT,25,2.8147789724811343,-0.7686196976414469
1228,NVDA,1,2026-06-25 12:53:00-04:00,194.978988,2026-06-25 13:17:00-04:00,195.590874,102,19883.88,70.37999999999977,0.714,7.967627999997035,61.698372000002735,0.003102934236175371,TAKE_PROFIT,24,-2.0839062653976033,1.0142727871463835
1229,NVDA,1,2026-06-25 13:48:00-04:00,194.648922,2026-06-25 14:20:00-04:00,195.03098599999998,102,19850.22,46.91999999999791,0.714,7.949471999999389,38.256527999998525,0.001927259647500054,TAKE_PROFIT,32,-2.915906155438498,0.688997555737787
1230,NVDA,-1,2026-06-25 14:30:00-04:00,195.730846,2026-06-25 14:51:00-04:00,194.963985,102,19968.54,86.18999999999988,0.714,7.970177999999294,77.50582200000059,0.003881396536752341,TAKE_PROFIT,21,2.562135564107193,0.2082762766141967
1231,NVDA,-1,2026-06-26 11:39:00-04:00,195.050982,2026-06-26 11:59:00-04:00,194.398872,102,19899.18,74.45999999999896,0.714,7.944779999999639,65.80121999999932,0.0033067302270746494,TAKE_PROFIT,20,3.0905077595735024,-0.36560910576730643
1232,NVDA,-1,2026-06-26 13:30:00-04:00,194.995993,2026-06-26 13:51:00-04:00,194.628918,102,19893.57,45.389999999999304,0.714,7.948349999999323,36.72764999999998,0.0018462070910349416,TAKE_PROFIT,21,2.7261139730118438,-0.34272380196376206
1233,NVDA,-1,2026-06-26 14:08:00-04:00,195.115969,2026-06-26 14:16:00-04:00,194.48889,102,19905.81,71.91000000000128,0.714,7.947942000000353,63.248058000000924,0.0031773667085137915,TAKE_PROFIT,8,3.0748157544395576,-0.2202021192727506
1234,NVDA,-1,2026-06-26 15:03:00-04:00,193.771238,2026-06-26 15:27:00-04:00,194.058804,103,19962.43,-21.63000000000082,0.721,7.989297999998996,-30.340297999999816,-0.0015198699757494362,TAKE_PROFIT,24,1.130046749540281,-0.180433237365014
1235,NVDA,-1,2026-06-26 15:52:00-04:00,194.636065,2026-06-26 15:55:00-04:00,193.17862799999997,102,19856.850000000002,156.57000000000255,0.714,7.9114259999997785,147.94457400000277,0.0074505560549635395,TAKE_PROFIT,3,2.254820971286629,-2.098594357360302
1236,NVDA,1,2026-06-29 11:26:00-04:00,194.118816,2026-06-29 12:17:00-04:00,193.686255,103,19990.24,-36.565000000001874,0.721,7.988783000000296,-45.27478300000217,-0.0022648443940644115,TIME_STOP,51,-1.9949780615396224,-1.716153850715874
1237,NVDA,1,2026-06-29 13:37:00-04:00,194.43888,2026-06-29 14:21:00-04:00,193.941204,102,19828.8,-42.84000000000162,0.714,7.922951999999668,-51.47695200000129,-0.002596069958847802,TAKE_PROFIT,44,-2.263637067750794,0.3493032343453583
1238,NVDA,-1,2026-06-29 14:35:00-04:00,194.07117800000003,2026-06-29 14:40:00-04:00,194.158824,103,19993.33,-1.0299999999990632,0.721,7.997537999998684,-9.748537999997748,-0.0004875895111018398,TAKE_PROFIT,5,1.5257973073436903,0.185817914581173
1239,NVDA,1,2026-06-30 10:55:00-04:00,196.574307,2026-06-30 11:00:00-04:00,197.020588,101,19850.035,53.025000000000574,0.707,7.950619000000671,44.3673809999999,0.002235128603047798,TAKE_PROFIT,5,-2.542394525918336,0.5476038956937824
1240,NVDA,-1,2026-06-30 11:15:00-04:00,198.240344,2026-06-30 11:24:00-04:00,197.85956399999998,100,19828.0,46.000000000000796,0.7000000000000001,7.92199999999923,37.37800000000156,0.0018851119628808535,TAKE_PROFIT,9,1.8344522805310375,-0.00015628202471727604
1241,NVDA,1,2026-06-30 12:03:00-04:00,198.159624,2026-06-30 12:07:00-04:00,198.575277,100,19812.0,49.500000000000455,0.7000000000000001,7.934700000001271,40.86529999999918,0.0020626539471027246,TAKE_PROFIT,4,-2.1535356004196493,-0.32580252037250923
1242,NVDA,-1,2026-06-30 13:44:00-04:00,198.65016202,2026-06-30 13:50:00-04:00,198.329658,100,19868.989999999998,39.99000000000024,0.7000000000000001,7.939597999998682,31.35040200000155,0.0015778558447108561,TAKE_PROFIT,6,2.6453688268979354,-1.0725271985893208
1243,NVDA,-1,2026-06-30 14:21:00-04:00,199.27943614,2026-06-30 14:32:00-04:00,198.719736,100,19931.93,63.929999999999154,0.7000000000000001,7.959986000000185,55.270013999998966,0.0027729383958301564,TAKE_PROFIT,11,2.537958616570081,-0.656985161994922
1244,NVDA,-1,2026-06-30 15:33:00-04:00,199.465099,2026-06-30 15:43:00-04:00,199.199832,100,19950.5,34.499999999999886,0.7000000000000001,7.973299999997607,25.826700000002276,0.0012945389839854778,TAKE_PROFIT,10,2.290210568898264,-0.6498652433352367
1245,NVDA,1,2026-06-30 15:52:00-04:00,198.68973,2026-06-30 15:55:00-04:00,199.480096,100,19865.0,87.00000000000045,0.7000000000000001,7.963399999999865,78.33660000000059,0.003943448275862098,TAKE_PROFIT,3,-2.0310965279338324,2.3105670540669325
1246,NVDA,1,2026-07-01 14:09:00-04:00,198.41967599999998,2026-07-01 14:31:00-04:00,198.04038400000002,100,19838.0,-29.999999999998295,0.7000000000000001,7.929199999998104,-38.6291999999964,-0.0019472325839296502,TAKE_PROFIT,22,-1.9323210208837356,1.1316387978540141
1247,NVDA,-1,2026-07-01 15:04:00-04:00,198.770238,2026-07-01 15:22:00-04:00,199.154823,100,19881.0,-30.500000000000682,0.7000000000000001,7.9584999999980255,-39.15849999999871,-0.0019696443840852428,TAKE_PROFIT,18,2.8812426162913263,-0.11153830062815515
1248,NVDA,1,2026-07-02 09:55:00-04:00,198.43697946,2026-07-02 10:00:00-04:00,198.850222,100,19839.73,49.269999999998504,0.7000000000000001,7.945745999998621,40.62425399999988,0.0020476213133948837,TAKE_PROFIT,5,-1.045939182838457,0.0521233935567358
1249,NVDA,-1,2026-07-02 12:45:00-04:00,194.001192,2026-07-02 12:58:00-04:00,193.258644,103,19986.12,84.4599999999993,0.721,7.9775559999993675,75.76144399999993,0.0037907029478458014,TAKE_PROFIT,13,2.4159543370778556,-0.41973100738902075
1250,NVDA,-1,2026-07-06 11:29:00-04:00,196.350722,2026-07-06 11:42:00-04:00,196.369266,101,19835.39,6.059999999997359,0.707,7.932943999999367,-2.5799440000020075,-0.0001300677223892249,TAKE_PROFIT,13,2.346560609930866,-0.8697234323382197
1251,NVDA,-1,2026-07-06 12:15:00-04:00,197.130566,2026-07-06 12:35:00-04:00,196.819356,101,19914.17,39.38999999999862,0.707,7.95778999999979,30.72520999999883,0.0015428817771465661,TAKE_PROFIT,20,2.144251555276958,-0.18485874887782858
1252,NVDA,-1,2026-07-06 14:10:00-04:00,196.340724,2026-07-06 14:24:00-04:00,196.44928199999998,101,19834.38,-3.030000000000115,0.707,7.934357999998667,-11.671357999998783,-0.0005884407780832465,TAKE_PROFIT,14,2.6369305451265124,0.00993398193995108
1253,NVDA,-1,2026-07-06 15:18:00-04:00,197.00069198,2026-07-06 15:24:00-04:00,197.00459304,101,19901.0501,7.5648999999985165,0.707,7.958907059998921,-1.1010070600004047,-5.53240685525637e-05,TAKE_PROFIT,6,1.9572249908663446,-0.2651916913605657
1254,NVDA,-1,2026-07-07 10:02:00-04:00,193.05138200000002,2026-07-07 10:21:00-04:00,192.08841,103,19888.27,107.11999999999918,0.721,7.933883999998386,98.46511600000079,0.004950914081516431,TAKE_PROFIT,19,2.892990099386438,-0.3036812023370333
1255,NVDA,-1,2026-07-07 13:06:00-04:00,198.150362,2026-07-07 13:13:00-04:00,197.544501,100,19819.0,68.50000000000023,0.7000000000000001,7.913899999999785,59.88610000000044,0.003021650941016219,TAKE_PROFIT,7,2.4742711301774443,-0.11424551132649953
1256,NVDA,1,2026-07-07 14:05:00-04:00,197.564505,2026-07-07 14:18:00-04:00,197.635465,101,19950.025,15.150000000000574,0.707,7.983039999999193,6.459960000001381,0.0003238071130237371,TAKE_PROFIT,13,-2.0505858839891937,0.06200904807907372
1257,NVDA,-1,2026-07-08 09:47:00-04:00,199.670058,2026-07-08 09:50:00-04:00,197.63951999999998,100,19971.0,211.00000000000136,0.7000000000000001,7.946199999997816,202.35380000000356,0.010132381953833236,TAKE_PROFIT,3,2.5532365446548866,-0.5279242904195599
1258,NVDA,-1,2026-07-08 10:55:00-04:00,197.06557899999999,2026-07-08 10:56:00-04:00,199.0608484176835,101,19907.605,-193.52046509301715,0.707,8.001746093018028,-202.22921118603517,-0.010158389780490178,STOP_LOSS,1,0.6260566003457861,3.2641650092864447
1259,NVDA,-1,2026-07-08 12:14:00-04:00,198.520288,2026-07-08 12:38:00-04:00,199.099812,100,19856.0,-50.0,0.7000000000000001,7.952399999999216,-58.65239999999922,-0.0029538879935535464,TAKE_PROFIT,24,2.6981280448159484,-0.23370242800210594
1260,NVDA,-1,2026-07-08 14:39:00-04:00,202.919408,2026-07-08 15:24:00-04:00,204.24084,98,19890.08,-121.5199999999981,0.686,7.980336000000648,-130.18633599999876,-0.00654528971225851,TAKE_PROFIT,45,2.204311345472186,-0.16207254352033204
1261,NVDA,-1,2026-07-08 15:36:00-04:00,204.64906200000001,2026-07-08 15:40:00-04:00,204.495891,97,19854.93,22.794999999998566,0.679,7.93741299999715,14.178587000001418,0.0007141091406517886,TAKE_PROFIT,4,2.7497236233528146,-1.2386651782060258
1262,NVDA,-1,2026-07-09 13:09:00-04:00,202.92040780000002,2026-07-09 13:30:00-04:00,202.870566,98,19890.178,12.838000000000022,0.686,7.953503599997646,4.198496400002377,0.0002110839028188876,TAKE_PROFIT,21,2.618432729702557,-0.0851139578289452
1263,NVDA,-1,2026-07-09 14:33:00-04:00,203.884215,2026-07-09 14:50:00-04:00,203.610714,98,19984.65,34.79000000000178,0.686,7.986902000000782,26.117098000001,0.0013068579134486217,TAKE_PROFIT,17,2.897528695325249,0.44610258328738034
1264,NVDA,-1,2026-07-10 12:22:00-04:00,209.953001,2026-07-10 12:43:00-04:00,209.79235008,95,19949.525,23.23699999999917,0.665,7.975162599999663,14.596837399999508,0.0007316884687730413,TAKE_PROFIT,21,2.448216253523686,-0.5103719618644902
1265,NVDA,-1,2026-07-10 13:14:00-04:00,209.80803,2026-07-10 13:18:00-04:00,209.73193799999999,95,19935.75,15.199999999999676,0.665,7.971259999998068,6.563740000001609,0.0003292446985943147,TAKE_PROFIT,4,1.08972099796368,-0.05015198161674574
1266,NVDA,1,2026-07-10 14:10:00-04:00,210.15202200000002,2026-07-10 14:19:00-04:00,210.247942,95,19960.45,17.099999999997948,0.665,7.987600000000015,8.447399999997934,0.00042320689162809127,TAKE_PROFIT,9,-2.202529716624315,0.019234793390138675
1267,NVDA,-1,2026-07-10 15:08:00-04:00,210.50789,2026-07-10 15:14:00-04:00,210.202032,95,20002.25,37.050000000001404,0.665,7.993490000001344,28.39151000000006,0.0014194158157207345,TAKE_PROFIT,6,2.1805723703241875,-0.005973720547209089
1268,NVDA,1,2026-07-13 12:03:00-04:00,206.531298,2026-07-13 12:29:00-04:00,205.948802,96,19823.04,-48.0,0.672,7.919615999999223,-56.59161599999922,-0.002854840428107859,TAKE_PROFIT,26,-2.254948353252187,-0.08954209420161416
1269,NVDA,1,2026-07-13 12:37:00-04:00,204.74094,2026-07-13 13:10:00-04:00,204.998992,97,19855.899999999998,32.98000000000033,0.679,7.94895600000109,24.35204399999924,0.0012264386907669378,TAKE_PROFIT,33,-2.936040780416243,-0.10963124535056976
1270,NVDA,-1,2026-07-14 10:18:00-04:00,204.799032,2026-07-14 10:34:00-04:00,206.87260186133426,97,19869.48,-193.14985457850904,0.679,7.986421970913142,-201.81527654942218,-0.010157048727466556,STOP_LOSS,16,2.65365493799213,2.324214782691567
1271,NVDA,-1,2026-07-14 11:24:00-04:00,208.69825200000002,2026-07-14 11:52:00-04:00,208.506693,95,19830.3,26.12500000000054,0.665,7.9268949999993765,17.533105000001164,0.0008841573249018504,TAKE_PROFIT,28,2.6951658885765304,-0.29741269569958
1272,NVDA,1,2026-07-14 13:34:00-04:00,210.712134,2026-07-14 13:48:00-04:00,210.91980759999998,94,19802.98,27.44800000000015,0.658,7.9266816000008475,18.8633183999993,0.0009525494849764683,TAKE_PROFIT,14,-2.686325638666748,0.33406080723966064
1273,NVDA,1,2026-07-15 10:06:00-04:00,210.58210799999998,2026-07-15 10:11:00-04:00,211.79763200000002,94,19790.76,122.20000000000107,0.658,7.940743999996869,113.6012560000042,0.005740115892467202,TAKE_PROFIT,5,-2.5836600184307184,0.20558458910237484
1274,NVDA,1,2026-07-15 12:07:00-04:00,207.271446,2026-07-15 12:45:00-04:00,206.63606452000002,96,19894.079999999998,-53.04959999999846,0.672,7.947022079999442,-61.6686220799979,-0.0030998478984701934,TAKE_PROFIT,38,-3.134986193516802,-0.37904926306432274
1275,NVDA,-1,2026-07-15 14:05:00-04:00,210.31792800000002,2026-07-15 14:56:00-04:00,210.29205,95,19984.2,10.450000000001296,0.665,7.991589999998041,1.7934100000032558,8.974139570276798e-05,TIME_STOP,51,2.712821806794948,0.5897047950176268
1276,NVDA,1,2026-07-16 10:45:00-04:00,207.881568,2026-07-16 11:20:00-04:00,206.53868400000002,96,19952.64,-120.95999999999913,0.672,7.95686399999795,-129.58886399999707,-0.006494822940723487,TAKE_PROFIT,35,-2.165967269954596,0.929543955807156
1277,NVDA,-1,2026-07-16 12:03:00-04:00,207.94340300000002,2026-07-16 12:08:00-04:00,207.016395,96,19966.56,96.96000000000186,0.672,7.967231999999058,88.3207680000028,0.004423434382287324,TAKE_PROFIT,5,2.703353463077087,-0.6610419014570569
1278,NVDA,1,2026-07-16 13:43:00-04:00,206.376267,2026-07-16 13:52:00-04:00,206.598672,96,19808.16,29.279999999997926,0.672,7.929119999999784,20.67887999999814,0.0010439576416990848,TAKE_PROFIT,9,-2.584246666734252,0.08833824135035041
1279,NVDA,-1,2026-07-16 14:50:00-04:00,207.193553,2026-07-16 15:12:00-04:00,206.92637699999997,96,19894.56,33.60000000000218,0.672,7.95110399999885,24.976896000003336,0.001255463604121093,TAKE_PROFIT,22,2.347368318686294,0.019263560660685002
1280,NVDA,1,2026-07-17 13:59:00-04:00,204.500892,2026-07-17 14:37:00-04:00,203.379316,97,19832.62,-100.88000000000198,0.679,7.912871999998458,-109.47187200000045,-0.0055197887117284785,TAKE_PROFIT,38,-2.359051135479725,-0.5521957307557627
1281,NVDA,1,2026-07-17 15:14:00-04:00,202.320456,2026-07-17 15:24:00-04:00,202.20955,98,19823.44,-2.9400000000001114,0.686,7.928787999999884,-11.554787999999995,-0.0005828851097488628,TAKE_PROFIT,10,-1.6402753645089783,0.10983491439822515
1282,NVDA,1,2026-07-20 11:40:00-04:00,205.69113000000002,2026-07-20 12:02:00-04:00,205.9588,97,19948.05,33.94999999999945,0.679,7.986010000001272,25.284989999998174,0.001267541940189551,TAKE_PROFIT,22,-2.55538853513628,0.029806002242276777
1283,NVDA,-1,2026-07-20 15:51:00-04:00,202.90940999999998,2026-07-20 15:56:00-04:00,203.285649,98,19889.1,-28.91000000000156,0.686,7.9614220000010505,-37.55742200000261,-0.0018883419561469656,FORCED_EOD,5,1.3296739993751043,2.955927458433477
1284,NVDA,1,2026-07-21 10:35:00-04:00,204.970986,2026-07-21 10:38:00-04:00,205.41890800000002,97,19878.21,51.41000000000011,0.679,7.9615659999995785,42.76943400000053,0.002151573708095474,TAKE_PROFIT,3,-2.06042662200874,0.551159511870268
1285,NVDA,-1,2026-07-21 11:02:00-04:00,205.9398038,2026-07-21 11:10:00-04:00,206.08120799999998,97,19980.157,-5.722999999999757,0.679,7.993207399998539,-14.395207399998297,-0.0007204751894591368,TAKE_PROFIT,8,1.902536600971795,-0.14902166364931693
1286,NVDA,-1,2026-07-21 13:13:00-04:00,206.05378100000001,2026-07-21 13:29:00-04:00,205.726137,97,19991.215,39.76999999999967,0.679,7.988531999997662,31.102468000002006,0.0015558067881317871,TAKE_PROFIT,16,2.935078165138732,0.8560291893672
1287,NVDA,-1,2026-07-21 14:39:00-04:00,206.748642,2026-07-21 15:04:00-04:00,206.84115996,96,19851.84,-0.940800000001218,0.672,7.940924159999668,-9.553724160000886,-0.0004812513177620254,TAKE_PROFIT,25,2.466651342967993,-0.4262337920170348
1288,NVDA,1,2026-07-21 15:48:00-04:00,206.84136,2026-07-21 15:55:00-04:00,207.20855,96,19852.800000000003,43.19999999999891,0.672,7.9497599999995145,34.5782399999994,0.0017417311411991956,TAKE_PROFIT,7,-2.065814047108009,1.6170764501178243
1289,NVDA,-1,2026-07-22 10:38:00-04:00,207.35891992,2026-07-22 10:58:00-04:00,209.45840839231337,96,19910.4384,-193.54800838040956,0.672,8.002884961673772,-202.22289334208332,-0.010156626854689614,STOP_LOSS,20,2.4465893779349703,2.2773656525080757
1290,NVDA,-1,2026-07-23 12:06:00-04:00,208.87821599999998,2026-07-23 12:30:00-04:00,209.68192799999997,95,19847.399999999998,-68.39999999999989,0.665,7.952639999999178,-77.01763999999908,-0.0038804901397663715,TAKE_PROFIT,24,2.510565893626636,-1.0517146250683524
1291,NVDA,-1,2026-07-23 12:42:00-04:00,209.958,2026-07-23 13:07:00-04:00,209.311854,95,19950.0,69.34999999999903,0.665,7.96613000000022,60.7188699999988,0.003043552380952321,TAKE_PROFIT,25,2.179480955376275,0.10584191545661041
1292,NVDA,1,2026-07-23 14:10:00-04:00,208.396671,2026-07-23 15:01:00-04:00,207.703451,95,19793.725,-57.949999999998596,0.665,7.905900000001083,-66.52089999999967,-0.003360706486525385,TIME_STOP,51,-1.9325024733708331,-0.507981343883962
1293,NVDA,-1,2026-07-23 15:13:00-04:00,207.38851400000001,2026-07-23 15:28:00-04:00,207.86146398,96,19913.28,-37.43039999999837,0.672,7.972798079999848,-46.075198079998216,-0.002313792508315969,TAKE_PROFIT,15,1.1747670745868766,-2.258981591220869
1294,NVDA,-1,2026-07-24 10:36:00-04:00,207.95849998,2026-07-24 10:52:00-04:00,207.94158,96,19968.0096,9.609599999999773,0.672,7.98528191999867,0.9523180800011026,4.769218860957992e-05,TAKE_PROFIT,16,2.1057228693592096,0.4251318887739161
1295,NVDA,-1,2026-07-24 12:07:00-04:00,210.97269702000003,2026-07-24 12:24:00-04:00,210.85386234,94,19835.4006,19.100800000000902,0.658,7.9303400799989845,10.512459920001916,0.0005299847546311676,TAKE_PROFIT,17,2.555882915413985,-0.25544613043432596
1296,NVDA,1,2026-07-24 13:27:00-04:00,210.23213802,2026-07-24 13:38:00-04:00,210.25794000000002,95,19968.0595,10.44050000000098,0.665,7.989311899999905,1.7861881000010769,8.945226249957222e-05,TAKE_PROFIT,11,-2.2495198533513285,1.0860506327757273
1297,NVDA,1,2026-07-24 14:37:00-04:00,207.14141999999998,2026-07-24 15:09:00-04:00,205.045777721519,96,19881.6,-193.26767226863012,0.672,7.913986465545349,-201.85365873417547,-0.01015278743834377,STOP_LOSS,32,-2.0953964651129353,-1.3392835043633575
1298,NVDA,-1,2026-07-24 15:52:00-04:00,205.528886,2026-07-24 15:56:00-04:00,206.09121000000002,97,19940.29,-46.560000000001764,0.679,7.985427999999985,-55.22442800000175,-0.0027694897115338717,FORCED_EOD,4,2.235745457898652,3.047645508539113
1299,NVDA,1,2026-07-27 11:05:00-04:00,198.629718,2026-07-27 11:31:00-04:00,196.62018830379748,100,19859.0,-193.0479792160952,0.7000000000000001,7.90499040415682,-201.652969620252,-0.010154235843710762,STOP_LOSS,26,-2.70345897526531,-1.4424944627861789
1300,NVDA,1,2026-07-27 14:55:00-04:00,197.329458,2026-07-27 15:24:00-04:00,197.795433,101,19926.29,55.04500000000161,0.707,7.981525000000147,46.35647500000146,0.0023263976886817093,TAKE_PROFIT,29,-1.879213674637416,0.8058681831085053
1301,NVDA,1,2026-07-27 15:30:00-04:00,197.769546,2026-07-27 15:37:00-04:00,197.635465,101,19970.73,-5.554999999997818,0.707,7.98718100000022,-14.249180999998039,-0.0007135032620238739,TAKE_PROFIT,7,-2.496791729159159,-0.3386888674637442
1302,NVDA,-1,2026-07-28 10:38:00-04:00,195.800832,2026-07-28 11:05:00-04:00,196.20923399999998,102,19975.68,-33.65999999999838,0.714,7.997003999998242,-42.37100399999662,-0.002121129493463883,TAKE_PROFIT,27,2.155376131738517,-0.21773711806378324
1303,NVDA,1,2026-07-28 11:32:00-04:00,196.79435099999998,2026-07-28 11:47:00-04:00,198.10537100000002,101,19872.255,140.3900000000015,0.707,7.976979999997269,131.70602000000423,0.006627633351122166,TAKE_PROFIT,15,-2.0176981607765487,1.4051927150501973
1304,NVDA,1,2026-07-28 12:32:00-04:00,196.68432900000002,2026-07-28 12:46:00-04:00,197.7109499,101,19861.145,111.65549999999777,0.707,7.96678909999946,102.98171089999832,0.005185084288947003,TAKE_PROFIT,14,-2.8475614915955965,0.5222799701924314
1305,NVDA,-1,2026-07-28 13:14:00-04:00,197.650462,2026-07-28 13:33:00-04:00,197.74134035999998,101,19966.69,-1.1917999999993754,0.707,7.986914359998252,-9.885714359997628,-0.0004951103242449113,TAKE_PROFIT,19,2.157392756470656,-0.2865913271044315
1306,NVDA,-1,2026-07-28 15:13:00-04:00,197.180556,2026-07-28 15:31:00-04:00,197.759544,101,19919.22,-50.5,0.707,7.97778800000097,-59.18478800000097,-0.0029712402393266887,TAKE_PROFIT,18,-0.5741657175480236,0.936164123699449
1307,NVDA,1,2026-07-29 09:59:00-04:00,193.408674,2026-07-29 10:13:00-04:00,191.45196541772154,103,19917.11,-193.61286254719235,0.721,7.9281214274882075,-202.26198397468056,-0.0101551873728006,STOP_LOSS,14,-1.96482387228117,-1.3858603713933078
1308,NVDA,1,2026-07-29 13:32:00-04:00,192.078408,2026-07-29 14:02:00-04:00,193.41131,104,19972.16,146.63999999999965,0.728,8.018192000000681,137.89380799999896,0.006904301187252603,TAKE_PROFIT,30,-2.2492875503078777,0.8826421826894537
1309,NVDA,-1,2026-07-29 14:09:00-04:00,193.746243,2026-07-29 14:13:00-04:00,193.18863,103,19959.855,65.40499999999906,0.721,7.970860999998706,56.71313900000035,0.0028413602704027837,TAKE_PROFIT,4,2.3349229911158162,-1.0281440696297872
1310,NVDA,-1,2026-07-30 10:02:00-04:00,196.15076200000001,2026-07-30 10:38:00-04:00,196.66062426,101,19815.19,-43.56129999999931,0.707,7.934788259998385,-52.20308825999769,-0.0026344984963554575,TAKE_PROFIT,36,2.6333241954824755,-1.5897418649717345
1311,NVDA,1,2026-07-30 11:21:00-04:00,193.928778,2026-07-30 12:03:00-04:00,193.421308,103,19970.67,-44.289999999997775,0.721,7.9794100000005415,-52.99040999999831,-0.0026534117282994672,TAKE_PROFIT,42,-2.411239904420257,1.7415931960270947
1312,NVDA,1,2026-07-30 12:43:00-04:00,192.908574,2026-07-30 12:47:00-04:00,193.381316,103,19865.61,56.64999999999824,0.721,7.957573999997123,47.971426000001124,0.0024147975320164407,TAKE_PROFIT,4,-2.2031161450764505,0.7219825843880192
1313,NVDA,1,2026-07-30 13:38:00-04:00,193.23863999999998,2026-07-30 13:46:00-04:00,193.70335158,103,19899.6,55.836300000000506,0.721,7.971007259997634,47.144292740002875,0.0023691075569359623,TAKE_PROFIT,8,-2.754212141655219,0.6151704269384421
1314,NVDA,-1,2026-07-31 12:24:00-04:00,197.33052600000002,2026-07-31 13:15:00-04:00,198.74434091999998,101,19934.37,-134.79459999999946,0.707,8.000706919996958,-143.5023069199964,-0.007198738004762449,TIME_STOP,51,3.070617105652034,2.451817716590948
1315,NVDA,-1,2026-07-31 15:18:00-04:00,200.019988,2026-07-31 15:56:00-04:00,201.700332,99,19805.94,-158.39999999999944,0.6930000000000001,7.954055999999667,-167.04705599999912,-0.008434189743077032,FORCED_EOD,38,2.9673987873008096,2.0331096991908186
1316,NVDA,-1,2026-08-03 11:06:00-04:00,206.918608,2026-08-03 11:30:00-04:00,206.46128399999998,96,19868.16,51.840000000001965,0.672,7.936895999999251,43.231104000002716,0.0021758987243913233,TAKE_PROFIT,24,2.767571171345072,1.0073178588934248
1317,NVDA,-1,2026-08-03 13:13:00-04:00,207.38351500000002,2026-08-03 13:40:00-04:00,207.99158999999997,96,19912.800000000003,-50.39999999999782,0.672,7.97519999999804,-59.047199999995854,-0.002965288658551075,TAKE_PROFIT,27,1.526110016861139,-0.7600981746787623
1318,NVDA,1,2026-08-03 14:22:00-04:00,207.89157,2026-08-03 14:38:00-04:00,207.78843400000002,96,19953.6,-1.9199999999982538,0.672,7.981055999999626,-10.57305599999788,-0.0005298821265334517,TAKE_PROFIT,16,-2.4165835876883777,-0.3731080752078157
1319,NVDA,-1,2026-08-03 15:02:00-04:00,208.4583,2026-08-03 15:13:00-04:00,208.0416,95,19807.5,47.5,0.665,7.913499999998095,38.921500000001906,0.0019649880095924223,TAKE_PROFIT,11,2.6224135750994337,-0.9761739785951121
1320,NVDA,-1,2026-08-04 10:50:00-04:00,210.877816,2026-08-04 10:51:00-04:00,210.112014,94,19826.48,79.89999999999947,0.658,7.914611999998726,71.32738800000074,0.0035975820216196087,TAKE_PROFIT,1,2.2915537609674184,-0.8076196943899954
1321,NVDA,1,2026-08-04 12:31:00-04:00,210.29205,2026-08-04 12:44:00-04:00,210.452901,95,19973.75,23.275000000000432,0.665,7.994154999999665,14.615845000000768,0.0007317526753864832,TAKE_PROFIT,13,-2.382621412180169,-0.12051743413963795
1322,NVDA,-1,2026-08-04 13:08:00-04:00,211.297732,2026-08-04 13:25:00-04:00,211.322256,94,19865.96,5.640000000000214,0.658,7.945256000001507,-2.9632560000012935,-0.0001491624869878573,TAKE_PROFIT,17,2.1187539608168127,0.5151881867247119
1323,NVDA,-1,2026-08-05 11:34:00-04:00,219.836024,2026-08-05 11:52:00-04:00,219.273846,90,19789.2,58.50000000000051,0.63,7.903979999998967,49.96602000000154,0.0025249135892305673,TAKE_PROFIT,18,2.3798496917418874,-0.7030197891736847
1324,NVDA,1,2026-08-05 13:06:00-04:00,220.95408197999998,2026-08-05 13:11:00-04:00,220.895812,90,19881.891,2.709000000000401,0.63,7.953298199998358,-5.874298199997956,-0.00029545973267824254,TAKE_PROFIT,5,-2.2130818081174133,1.2289273303328374
1325,NVDA,1,2026-08-05 13:58:00-04:00,220.964184,2026-08-05 14:13:00-04:00,221.00579000000002,90,19882.8,11.700000000002149,0.63,7.955459999999448,3.1145400000027,0.0001566449393446949,TAKE_PROFIT,15,-1.5267976601456017,1.1736724369788178
1326,NVDA,-1,2026-08-05 15:03:00-04:00,221.835624,2026-08-05 15:11:00-04:00,221.854362,90,19969.2,6.299999999999386,0.63,7.986420000000578,-2.316420000001192,-0.00011599963944480459,TAKE_PROFIT,8,1.0018407140435794,-0.8310631289396002
1327,NVDA,1,2026-08-05 15:37:00-04:00,220.984188,2026-08-05 15:56:00-04:00,219.876016,90,19884.6,-91.80000000000092,0.63,7.9354799999987335,-100.36547999999965,-0.00504739748347966,FORCED_EOD,19,-2.229492835915954,-0.6019721638145702
1328,NVDA,1,2026-08-06 11:02:00-04:00,218.688729,2026-08-06 11:26:00-04:00,218.03638400000003,91,19896.695,-51.41499999999979,0.637,7.948394999997333,-60.00039499999713,-0.0030155960575360442,TAKE_PROFIT,24,-3.0367315363374665,0.1111414684435811
1329,NVDA,1,2026-08-06 13:31:00-04:00,219.19383,2026-08-06 13:53:00-04:00,219.246142,91,19942.65,12.739999999998759,0.637,7.979607999998706,4.123392000000052,0.0002067624914442189,TAKE_PROFIT,22,-1.8417022975084332,1.9720696207590764
1330,NVDA,-1,2026-08-06 15:13:00-04:00,219.871017,2026-08-06 15:16:00-04:00,219.698931,90,19792.35,23.39999999999918,0.63,7.9122599999985255,14.857740000000657,0.0007506809449105669,TAKE_PROFIT,3,-0.21612641452762554,-1.7434289717680203
1331,NVDA,1,2026-08-07 11:55:00-04:00,224.02479599999998,2026-08-07 12:46:00-04:00,222.46199869999998,89,19934.219999999998,-131.14150000000012,0.623,7.947459699999854,-139.71195969999997,-0.0070086494329850875,TIME_STOP,51,-2.5336177044957977,-1.3842958189292192
1332,NVDA,-1,2026-08-07 13:43:00-04:00,222.14056300000001,2026-08-07 14:04:00-04:00,222.21443399999998,90,19996.65,1.3500000000013301,0.63,7.998389999998494,-7.278389999997164,-0.0003639804667280351,TAKE_PROFIT,21,2.029211330218677,0.02855142693174624
1333,NVDA,-1,2026-08-07 14:47:00-04:00,221.860619,2026-08-07 14:59:00-04:00,222.099411,90,19971.45,-13.500000000000512,0.63,7.9912799999985396,-22.121279999999054,-0.0011076451634708072,TAKE_PROFIT,12,1.1506295719288582,0.4591376429233696
1334,NVDA,1,2026-08-10 12:31:00-04:00,218.52369599999997,2026-08-10 13:00:00-04:00,217.56647800000002,91,19881.68,-79.16999999999783,0.637,7.936837999998062,-87.74383799999589,-0.00441330098864864,TAKE_PROFIT,29,-2.8649918883518892,0.828693635602036
1335,NVDA,-1,2026-08-10 13:13:00-04:00,218.50129099999998,2026-08-10 13:36:00-04:00,218.24363999999997,91,19887.594999999998,31.394999999999897,0.637,7.948758999999001,22.809241000000895,0.0011469079594591954,TAKE_PROFIT,23,2.601677123647962,-1.4093552762302382
1336,NVDA,-1,2026-08-10 14:59:00-04:00,218.88621400000002,2026-08-10 15:19:00-04:00,219.123816,91,19922.63,-13.650000000000517,0.637,7.9717819999977735,-22.25878199999829,-0.0011172612250490166,TAKE_PROFIT,20,1.758303021462696,-1.1877001930069102
1337,NVDA,1,2026-08-10 15:53:00-04:00,217.983588,2026-08-10 15:56:00-04:00,217.516488,91,19832.54,-34.579999999999586,0.637,7.926099999999309,-43.143099999998896,-0.0021753693677158295,FORCED_EOD,3,-3.0950088240431692,-2.5465308920920013
1338,NVDA,-1,2026-08-11 10:58:00-04:00,220.050981,2026-08-11 11:13:00-04:00,219.15372198,90,19808.55,88.65899999999897,0.63,7.9056881999983375,80.12331180000064,0.004044885254094855,TAKE_PROFIT,15,2.0430893559183003,-0.7943779422505224
1339,NVDA,-1,2026-08-11 12:32:00-04:00,218.786234,2026-08-11 12:47:00-04:00,218.588709,91,19913.530000000002,25.935000000002276,0.637,7.960225000001088,17.337775000001187,0.0008706530183247864,TAKE_PROFIT,15,2.545525087368224,-0.7606863980633679
1340,NVDA,-1,2026-08-11 14:50:00-04:00,217.186554,2026-08-11 15:41:00-04:00,218.133618,92,19985.16,-79.12000000000126,0.644,8.009887999999819,-87.77388800000108,-0.004391953229296192,TIME_STOP,51,2.8467907375330115,0.27855596093291285
1341,NVDA,1,2026-08-11 15:48:00-04:00,217.483488,2026-08-11 15:56:00-04:00,217.771437,91,19787.04,34.125,0.637,7.921641000000221,25.56635899999978,0.0012920759749815928,FORCED_EOD,8,-2.7862400763402566,0.33573443080126736
1342,NVDA,1,2026-08-12 13:51:00-04:00,223.80475199999998,2026-08-12 14:11:00-04:00,223.640263,89,19914.64,-6.674999999998988,0.623,7.9645209999987685,-15.262520999997758,-0.0007663970325347462,TAKE_PROFIT,20,-2.686875526583377,0.4868642587958635
1343,NVDA,1,2026-08-12 15:19:00-04:00,223.429677,2026-08-12 15:48:00-04:00,222.685454,89,19881.265,-58.2950000000001,0.623,7.94084700000036,-66.85884700000045,-0.003362907088658617,TAKE_PROFIT,29,-2.5621230254651475,0.560937689366747
1344,NVDA,1,2026-08-13 10:48:00-04:00,225.09551009999998,2026-08-13 11:16:00-04:00,224.820027,88,19804.444,-16.32399999999916,0.616,7.9185127999985525,-24.858512799997712,-0.0012551987220644877,TAKE_PROFIT,28,-3.088939322785497,0.1769389380990305
1345,NVDA,-1,2026-08-13 14:33:00-04:00,225.834824,2026-08-13 14:39:00-04:00,225.56500398,88,19877.44,31.68879999999899,0.616,7.944638239999222,23.12816175999977,0.0011635382503984303,TAKE_PROFIT,6,2.345788508481002,-0.2929167182264553
1346,NVDA,-1,2026-08-13 15:08:00-04:00,226.13476400000002,2026-08-13 15:14:00-04:00,225.765144,88,19903.84,40.4800000000007,0.616,7.953439999998409,31.91056000000229,0.0016032363604210188,TAKE_PROFIT,6,2.8278249617123943,-0.3725140780777464
1347,NVDA,1,2026-08-13 15:50:00-04:00,225.56510400000002,2026-08-13 15:54:00-04:00,225.75484000000003,88,19845.760000000002,24.6400000000001,0.616,7.9432319999991705,16.08076800000093,0.0008102873359347754,TAKE_PROFIT,4,-1.729819562237396,-2.23032477341479
1348,NVDA,-1,2026-08-14 10:45:00-04:00,226.264738,2026-08-14 11:04:00-04:00,225.940179,88,19915.28,36.5199999999993,0.616,7.958807999999863,27.945191999999437,0.0014032035703238639,TAKE_PROFIT,19,2.6477711121301737,0.054837972094730514
1349,NVDA,1,2026-08-14 11:26:00-04:00,225.045,2026-08-14 11:54:00-04:00,225.19485202,88,19800.0,21.11120000000051,0.616,7.924222239998244,12.570977760002265,0.000634897866666781,TAKE_PROFIT,28,-2.594616255943517,0.2519558671974286
1350,NVDA,-1,2026-08-14 13:48:00-04:00,225.534884,2026-08-14 13:54:00-04:00,225.380067,88,19851.04,21.5600000000004,0.616,7.936103999999659,13.007896000000741,0.0006552752903626582,TAKE_PROFIT,6,2.398277403490516,-0.5765765305550223
1351,NVDA,1,2026-08-14 14:29:00-04:00,224.679927,2026-08-14 14:40:00-04:00,225.10467006,89,19992.515,45.80830000000043,0.623,8.00616766000067,37.17913233999976,0.0018596525919825375,TAKE_PROFIT,11,-2.576817252953392,0.8548609943161994
1352,NVDA,1,2026-08-17 14:00:00-04:00,225.870165,2026-08-17 14:42:00-04:00,225.614868,88,19872.6,-14.5199999999993,0.616,7.946135999999342,-23.08213599999864,-0.0011615055906121314,TAKE_PROFIT,42,-2.0778471988959355,-0.10595030615645717
1353,NVDA,1,2026-08-18 14:04:00-04:00,219.82965714,2026-08-18 14:20:00-04:00,220.025986,90,19780.713,25.58700000000016,0.63,7.917402600000685,17.039597399999476,0.0008614248333717534,TAKE_PROFIT,16,-2.222287709467675,0.7938088934437536
1354,NVDA,1,2026-08-18 15:21:00-04:00,219.36386399999998,2026-08-18 15:44:00-04:00,219.32612600000002,91,19958.12,4.5500000000010346,0.637,7.984157999997564,-4.0711579999965295,-0.00020398504468339352,TAKE_PROFIT,23,-2.578639088942613,0.6010318330655167
1355,NVDA,1,2026-08-19 11:07:00-04:00,219.42387599999998,2026-08-19 11:38:00-04:00,219.116168,91,19963.579999999998,-20.019999999999897,0.637,7.981427999999283,-28.63842799999918,-0.0014345336858418772,TAKE_PROFIT,31,-1.6301339804989001,0.31385941087870456
1356,NVDA,-1,2026-08-19 12:06:00-04:00,220.15596,2026-08-19 12:20:00-04:00,220.114014,90,19818.0,11.69999999999959,0.63,7.924859999999967,3.145139999999623,0.00015870118074475846,TAKE_PROFIT,14,2.500842725126634,0.03752386730689825
1357,NVDA,-1,2026-08-19 13:44:00-04:00,219.216148,2026-08-19 13:55:00-04:00,219.273846,91,19952.66,2.7300000000001035,0.637,7.980517999998995,-5.887517999998892,-0.00029507434096500876,TAKE_PROFIT,11,2.0164550857791896,-0.8423494716105638
1358,NVDA,1,2026-08-19 15:39:00-04:00,219.203832,2026-08-19 15:56:00-04:00,217.086574,91,19943.56,-184.7300000000001,0.637,7.940477999999217,-193.30747799999932,-0.0096927267749589,FORCED_EOD,17,-2.6612966504628544,-2.087622146007986
1359,NVDA,1,2026-08-20 10:25:00-04:00,217.423476,2026-08-20 10:29:00-04:00,217.346522,91,19781.579999999998,0.9099999999991724,0.637,7.91281399999923,-7.639814000000058,-0.0003862084828411107,TAKE_PROFIT,4,-2.745497520061064,0.3255944417633838
1360,NVDA,1,2026-08-20 12:48:00-04:00,217.083408,2026-08-20 12:51:00-04:00,217.046582,92,19967.68,4.600000000001046,0.644,7.98799200000019,-4.0319919999991445,-0.00020192591227419232,TAKE_PROFIT,3,-1.1976232985774564,0.25868540657465755
1361,NVDA,-1,2026-08-20 13:56:00-04:00,216.831625,2026-08-20 14:37:00-04:00,216.703332,92,19952.5,19.780000000000314,0.644,7.9770439999990685,11.158956000001247,0.0005592760806917051,TAKE_PROFIT,41,2.3392328473334314,-0.5481562305010999
1362,NVDA,1,2026-08-21 11:47:00-04:00,216.363264,2026-08-21 12:05:00-04:00,216.10677,92,19901.44,-15.63999999999885,0.644,7.9574479999988625,-24.24144799999771,-0.001218075073964382,TAKE_PROFIT,18,-2.570297411119365,0.2599764494935224
1363,NVDA,1,2026-08-21 12:57:00-04:00,215.113014,2026-08-21 13:08:00-04:00,215.44190300000002,92,19786.44,38.18000000000188,0.644,7.922211999998922,29.613788000002963,0.001496670851350873,TAKE_PROFIT,11,-2.2524439069241904,-0.26621552212945643
1364,NVDA,1,2026-08-21 14:29:00-04:00,215.48058749999998,2026-08-21 15:20:00-04:00,214.922007,92,19820.25,-43.469999999999686,0.644,7.919405999998162,-52.033405999997846,-0.0026252648680010517,TIME_STOP,51,-2.4274452425750166,-1.1977529947291163
