entry_time,base_exit_time,exit_time,direction,entry_reference,entry_price,exit_price,shares,stop_pct,rr,stop_price,target_price,exit_reason,gross_pnl,slippage,commissions,costs,net_pnl,duration_bars
2024-08-22 11:39:00-04:00,2024-08-22 12:23:00-04:00,2024-08-22 11:43:00-04:00,LONG,126.525,126.55030500000001,125.23469805000002,158,0.01,1.5,125.25975000000001,128.422875,STOP,-199.90949999999916,7.956398099999063,1.106,9.062398099999063,-208.9718980999982,4
2024-08-22 13:02:00-04:00,2024-08-22 13:35:00-04:00,2024-08-22 13:54:00-04:00,SHORT,125.8599,125.83472802,123.99679590029999,158,0.01,1.5,127.118499,123.97200149999999,TAKE_PROFIT_BRACKET,298.2879630000009,7.89468808739872,1.106,9.00068808739872,289.2872749126022,52
2024-08-22 13:55:00-04:00,2024-08-22 14:30:00-04:00,2024-08-22 15:59:00-04:00,LONG,123.86,123.884772,123.805234,161,0.01,1.5,122.6214,125.7179,FORCED_EOD,-4.830000000000183,7.975617999999727,1.127,9.102617999999728,-13.932617999999911,124
2024-08-23 12:14:00-04:00,2024-08-23 12:34:00-04:00,2024-08-23 15:59:00-04:00,LONG,127.49,127.515498,129.254144,156,0.01,1.5,126.21509999999999,129.40234999999998,FORCED_EOD,279.240000000001,8.011224000000539,1.092,9.103224000000539,270.13677600000045,225
2024-08-26 13:02:00-04:00,2024-08-26 13:44:00-04:00,2024-08-26 15:59:00-04:00,LONG,126.55,126.57530999999999,126.434708,158,0.01,1.5,125.2845,128.44825,FORCED_EOD,-14.220000000000539,7.9951159999974095,1.106,9.10111599999741,-23.32111599999795,177
2024-08-27 12:21:00-04:00,2024-08-27 12:33:00-04:00,2024-08-27 15:59:00-04:00,LONG,127.765,127.790553,128.314332,156,0.01,1.5,126.48735,129.681475,FORCED_EOD,89.70000000000044,7.990475999999717,1.092,9.082475999999717,80.61752400000073,218
2024-08-28 11:00:00-04:00,2024-08-28 11:31:00-04:00,2024-08-28 11:12:00-04:00,LONG,125.11,125.13502199999999,123.83412822000001,159,0.01,1.5,123.8589,126.98665,STOP,-198.924899999999,7.917211019998007,1.113,9.030211019998006,-207.95511101999702,12
2024-08-28 13:54:00-04:00,2024-08-28 14:03:00-04:00,2024-08-28 15:31:00-04:00,LONG,124.5896,124.61451792,126.4331523112,160,0.01,1.5,123.343704,126.458444,TAKE_PROFIT_BRACKET,299.0150399999993,8.03353740799821,1.12,9.153537407998211,289.8615025920011,97
2024-08-28 15:55:00-04:00,2024-08-28 15:56:00-04:00,2024-08-28 15:59:00-04:00,SHORT,126.66,126.634668,125.685132,157,0.01,1.5,127.9266,124.7601,FORCED_EOD,157.0,7.922847999998581,1.099,9.021847999998581,147.97815200000144,4
2024-08-29 12:53:00-04:00,2024-08-29 13:07:00-04:00,2024-08-29 14:28:00-04:00,LONG,120.4,120.42408,119.17216080000001,166,0.01,1.5,119.19600000000001,122.206,STOP,-199.86399999999892,7.954587199999253,1.162,9.116587199999252,-208.98058719999818,95
2024-08-29 14:35:00-04:00,2024-08-29 15:01:00-04:00,2024-08-29 14:43:00-04:00,LONG,118.5406,118.56430811999999,117.3317229612,168,0.01,1.5,117.355194,120.318709,STOP,-199.14820800000007,7.926098678398603,1.176,9.102098678398603,-208.25030667839866,8
2024-08-30 14:01:00-04:00,2024-08-30 14:12:00-04:00,2024-08-30 15:55:00-04:00,SHORT,118.12,118.096376,119.32506024,169,0.01,1.5,119.30120000000001,116.3482,STOP,-199.62280000000067,8.024836559998079,1.183,9.207836559998078,-208.83063655999874,114
2024-09-03 10:44:00-04:00,2024-09-03 10:55:00-04:00,2024-09-03 11:00:00-04:00,LONG,110.63,110.652126,109.50179526,180,0.01,1.5,109.52369999999999,112.28945,STOP,-199.1340000000008,7.925533199999393,1.26,9.185533199999393,-208.3195332000002,16
2024-09-03 11:12:00-04:00,2024-09-03 11:58:00-04:00,2024-09-03 13:59:00-04:00,SHORT,111.2698,111.24754604,109.6226731506,179,0.01,1.5,112.382498,109.600753,TAKE_PROFIT_BRACKET,298.75941300000113,7.907165797399401,1.2530000000000001,9.1601657973994,289.59924720260176,167
2024-09-03 14:03:00-04:00,2024-09-03 14:56:00-04:00,2024-09-03 14:27:00-04:00,LONG,109.14,109.161828,108.02699028,183,0.01,1.5,108.04860000000001,110.7771,STOP,-199.72619999999873,7.949102760000002,1.281,9.230102760000003,-208.95630275999872,24
2024-09-03 15:03:00-04:00,2024-09-03 15:23:00-04:00,2024-09-03 15:46:00-04:00,SHORT,109.1599,109.13806801999999,107.54400600029999,183,0.01,1.5,110.251499,107.52250149999999,TAKE_PROFIT_BRACKET,299.6439255000006,7.930575894899803,1.281,9.211575894899804,290.4323496051008,43
2024-09-04 14:08:00-04:00,2024-09-04 15:52:00-04:00,2024-09-04 14:35:00-04:00,LONG,108.3813,108.40297625999999,107.27602750259999,184,0.01,1.5,107.29748699999999,110.0070195,STOP,-199.42159200000117,7.936979361599015,1.288,9.224979361599015,-208.6465713616002,27
2024-09-05 11:44:00-04:00,2024-09-05 11:52:00-04:00,2024-09-05 15:59:00-04:00,SHORT,106.9601,106.93870798,107.26144799999999,187,0.01,1.5,108.029701,105.3556985,FORCED_EOD,-52.34129999999959,8.011083739997318,1.309,9.320083739997317,-61.66138373999691,255
2024-09-06 12:04:00-04:00,2024-09-06 12:09:00-04:00,2024-09-06 13:13:00-04:00,LONG,101.185,101.205237,102.682234445,197,0.01,1.5,100.17315,102.702775,TAKE_PROFIT_BRACKET,299.0016750000001,8.033178334998254,1.379,9.412178334998254,289.58949666500183,69
2024-09-06 13:42:00-04:00,2024-09-06 13:53:00-04:00,2024-09-06 15:27:00-04:00,LONG,102.02,102.040404,103.52958994,196,0.01,1.5,100.9998,103.5503,TAKE_PROFIT_BRACKET,299.9387999999994,8.058355759999642,1.372,9.430355759999642,290.50844423999973,105
2024-09-06 15:31:00-04:00,2024-09-06 15:48:00-04:00,2024-09-06 15:59:00-04:00,SHORT,103.312,103.2913376,102.830562,193,0.01,1.5,104.34512,101.76232,FORCED_EOD,96.8859999999991,7.956309199998103,1.351,9.307309199998102,87.578690800001,28
2024-09-09 11:14:00-04:00,2024-09-09 11:41:00-04:00,2024-09-09 11:32:00-04:00,SHORT,103.945,103.924211,105.00544688999999,192,0.01,1.5,104.98445,102.385825,STOP,-199.57440000000042,8.022890879997249,1.344,9.366890879997248,-208.94129087999767,18
2024-09-09 12:42:00-04:00,2024-09-09 12:55:00-04:00,2024-09-09 15:59:00-04:00,LONG,105.385,105.406077,106.45870400000001,189,0.01,1.5,104.33115000000001,106.96577500000001,FORCED_EOD,206.95499999999979,8.008496999996893,1.323,9.331496999996894,197.6235030000029,197
2024-09-10 11:26:00-04:00,2024-09-10 11:51:00-04:00,2024-09-10 11:50:00-04:00,LONG,107.165,107.18643300000001,106.07213133,186,0.01,1.5,106.09335,108.772475,STOP,-199.326900000001,7.933210619999613,1.302,9.235210619999613,-208.5621106200006,24
2024-09-10 12:55:00-04:00,2024-09-10 14:10:00-04:00,2024-09-10 15:32:00-04:00,LONG,106.19,106.211238,107.76129343,188,0.01,1.5,105.1281,107.78285,TAKE_PROFIT_BRACKET,299.4557999999997,8.04537915999964,1.316,9.361379159999641,290.0944208400001,157
2024-09-10 15:51:00-04:00,2024-09-10 15:56:00-04:00,2024-09-10 15:59:00-04:00,SHORT,107.56,107.538488,108.04160399999999,185,0.01,1.5,108.6356,105.9466,FORCED_EOD,-85.09999999999884,7.976459999999577,1.295,9.271459999999577,-94.37145999999842,8
2024-09-11 11:54:00-04:00,2024-09-11 12:41:00-04:00,2024-09-11 12:04:00-04:00,SHORT,110.7,110.67786000000001,111.8293614,180,0.01,1.5,111.807,109.0395,STOP,-199.25999999999988,8.010251999997706,1.26,9.270251999997706,-208.53025199999757,10
2024-09-12 13:56:00-04:00,2024-09-12 14:07:00-04:00,2024-09-12 15:59:00-04:00,SHORT,120.77,120.745846,119.20383600000001,165,0.01,1.5,121.9777,118.95845,FORCED_EOD,262.3499999999982,7.918349999999776,1.155,9.073349999999776,253.27664999999843,123
2024-09-13 11:49:00-04:00,2024-09-13 12:22:00-04:00,2024-09-13 15:59:00-04:00,LONG,119.1,119.12382,119.04618599999999,167,0.01,1.5,117.90899999999999,120.8865,FORCED_EOD,-5.01000000000019,7.954878000000363,1.169,9.123878000000364,-14.133878000000553,250
2024-09-16 10:35:00-04:00,2024-09-16 10:51:00-04:00,2024-09-16 15:59:00-04:00,SHORT,116.32,116.296736,116.793354,171,0.01,1.5,117.4832,114.5752,FORCED_EOD,-76.95000000000049,7.971677999999173,1.197,9.168677999999172,-86.11867799999966,324
2024-09-17 11:00:00-04:00,2024-09-17 11:15:00-04:00,2024-09-17 12:49:00-04:00,SHORT,117.52,117.496496,115.78035143999999,170,0.01,1.5,118.6952,115.7572,TAKE_PROFIT_BRACKET,299.67599999999976,7.931424799999149,1.19,9.121424799999149,290.5545752000006,109
2024-09-17 14:49:00-04:00,2024-09-17 15:12:00-04:00,2024-09-17 15:59:00-04:00,SHORT,115.13,115.106974,115.608117,173,0.01,1.5,116.2813,113.40305,FORCED_EOD,-78.7149999999997,7.982739000000123,1.211,9.193739000000123,-87.90873899999983,70
2024-09-18 10:12:00-04:00,2024-09-18 10:15:00-04:00,2024-09-18 14:00:00-04:00,SHORT,114.995,114.972001,116.16817899,173,0.01,1.5,116.14495000000001,113.270075,STOP,-198.94135000000068,7.997442269998501,1.211,9.208442269998502,-208.14979226999918,228
2024-09-18 14:01:00-04:00,2024-09-18 14:09:00-04:00,2024-09-18 14:12:00-04:00,LONG,116.555,116.578311,115.36637211000001,171,0.01,1.5,115.38945000000001,118.303325,STOP,-199.30904999999933,7.932500189998066,1.197,9.129500189998065,-208.4385501899974,11
2024-09-18 15:02:00-04:00,2024-09-18 15:14:00-04:00,2024-09-18 15:59:00-04:00,SHORT,115.0,114.977,113.297655,173,0.01,1.5,116.15,113.275,TAKE_PROFIT_BRACKET,298.42499999999905,7.898314999999386,1.211,9.109314999999386,289.31568499999963,57
2024-09-19 10:28:00-04:00,2024-09-19 10:55:00-04:00,2024-09-19 15:14:00-04:00,LONG,119.0887,119.11251774,117.87423343740001,167,0.01,1.5,117.897813,120.87503050000001,STOP,-198.8781290000006,7.9153495341982705,1.169,9.084349534198271,-207.96247853419888,286
2024-09-19 15:53:00-04:00,2024-09-19 15:56:00-04:00,2024-09-19 15:59:00-04:00,SHORT,117.9674,117.94380652,118.003596,169,0.01,1.5,119.147074,116.197889,FORCED_EOD,-2.1294000000010413,7.97502212000002,1.183,9.15802212000002,-11.287422120001061,6
2024-09-20 10:19:00-04:00,2024-09-20 11:22:00-04:00,2024-09-20 11:07:00-04:00,LONG,117.19,117.213438,115.99489638,170,0.01,1.5,116.0181,118.94785,STOP,-199.22299999999893,7.929075400000443,1.19,9.119075400000442,-208.34207539999937,48
2024-09-20 11:48:00-04:00,2024-09-20 12:12:00-04:00,2024-09-20 15:59:00-04:00,LONG,116.25,116.27325,116.046786,172,0.01,1.5,115.0875,117.99375,FORCED_EOD,-30.960000000001173,7.991808000000049,1.204,9.19580800000005,-40.15580800000122,251
2024-09-23 10:42:00-04:00,2024-09-23 11:08:00-04:00,2024-09-23 15:59:00-04:00,LONG,115.275,115.298055,116.206754,173,0.01,1.5,114.12225000000001,117.004125,FORCED_EOD,165.2149999999997,8.010072999999949,1.211,9.221072999999949,155.99392699999973,317
2024-09-24 10:42:00-04:00,2024-09-24 11:20:00-04:00,2024-09-24 11:22:00-04:00,LONG,115.415,115.438083,117.122795755,173,0.01,1.5,114.26085,117.146225,TAKE_PROFIT_BRACKET,299.5019249999991,8.046618385000414,1.211,9.257618385000415,290.24430661499866,40
2024-09-24 11:35:00-04:00,2024-09-24 12:22:00-04:00,2024-09-24 11:42:00-04:00,SHORT,118.2106,118.18695788000001,119.4165845412,169,0.01,1.5,119.392706,116.43744099999999,STOP,-199.77591400000077,8.030991742797013,1.183,9.213991742797013,-208.98990574279776,7
2024-09-24 13:34:00-04:00,2024-09-24 13:53:00-04:00,2024-09-24 15:59:00-04:00,SHORT,121.65,121.62567000000001,120.97419000000001,164,0.01,1.5,122.8665,119.82525000000001,FORCED_EOD,114.80000000000047,7.9572799999994,1.1480000000000001,9.1052799999994,105.69472000000107,145
2024-09-25 11:33:00-04:00,2024-09-25 12:26:00-04:00,2024-09-25 13:47:00-04:00,LONG,123.905,123.92978099999999,122.64141681,161,0.01,1.5,122.66595,125.763575,STOP,-199.48705000000098,7.939584589998361,1.127,9.066584589998362,-208.55363458999935,134
2024-09-25 13:58:00-04:00,2024-09-25 14:04:00-04:00,2024-09-25 15:59:00-04:00,LONG,123.005,123.029601,123.53528800000001,162,0.01,1.5,121.77494999999999,124.85007499999999,FORCED_EOD,89.9100000000011,7.988705999999667,1.1340000000000001,9.122705999999667,80.78729400000144,121
2024-09-26 10:34:00-04:00,2024-09-26 11:32:00-04:00,2024-09-26 10:53:00-04:00,LONG,124.9104,124.93538208,123.6365637408,160,0.01,1.5,123.661296,126.78405599999999,STOP,-199.85664000000043,7.954294271999061,1.12,9.074294271999062,-208.9309342719995,19
2024-09-26 13:20:00-04:00,2024-09-26 13:42:00-04:00,2024-09-26 14:12:00-04:00,LONG,121.95,121.97439,123.75449415000001,163,0.01,1.5,120.7305,123.77925,TAKE_PROFIT_BRACKET,298.1677500000003,8.010773549998035,1.141,9.151773549998035,289.01597645000226,52
2024-09-26 14:59:00-04:00,2024-09-26 15:01:00-04:00,2024-09-26 15:59:00-04:00,SHORT,124.07,124.045186,124.014798,161,0.01,1.5,125.3107,122.20894999999999,FORCED_EOD,12.879999999999725,7.987531999999391,1.127,9.114531999999391,3.765468000000335,60
2024-09-27 10:07:00-04:00,2024-09-27 10:47:00-04:00,2024-09-27 10:33:00-04:00,LONG,122.0707,122.09511413999999,120.8258230014,163,0.01,1.5,120.849993,123.90176050000001,STOP,-198.97524100000072,7.919214591798678,1.141,9.060214591798678,-208.03545559179938,26
2024-09-27 11:49:00-04:00,2024-09-27 12:32:00-04:00,2024-09-27 15:59:00-04:00,SHORT,120.7792,120.75504416000001,121.42428,165,0.01,1.5,121.986992,118.967512,FORCED_EOD,-102.43200000000044,7.991913599997034,1.155,9.146913599997033,-111.57891359999748,250
2024-09-30 12:05:00-04:00,2024-09-30 12:55:00-04:00,2024-09-30 14:20:00-04:00,LONG,120.79,120.814158,119.55818358000002,165,0.01,1.5,119.58210000000001,122.60185000000001,STOP,-199.3034999999992,7.932279299998655,1.155,9.087279299998654,-208.39077929999783,135
2024-09-30 15:39:00-04:00,2024-09-30 15:56:00-04:00,2024-09-30 15:59:00-04:00,LONG,120.055,120.07901100000001,121.465702,166,0.01,1.5,118.85445,121.85582500000001,FORCED_EOD,238.20999999999802,8.019294000000542,1.162,9.181294000000541,229.02870599999747,20
2024-10-01 11:43:00-04:00,2024-10-01 12:24:00-04:00,2024-10-01 12:43:00-04:00,LONG,117.85,117.87356999999999,116.64816569999999,169,0.01,1.5,116.6715,119.61775,STOP,-199.16649999999993,7.926826699999026,1.183,9.109826699999026,-208.27632669999895,60
2024-10-01 13:56:00-04:00,2024-10-01 14:59:00-04:00,2024-10-01 15:59:00-04:00,LONG,117.01,117.03340200000001,116.92651002000001,170,0.01,1.5,115.8399,118.76515,FORCED_EOD,-10.21700000000095,7.954636599999105,1.19,9.144636599999105,-19.361636600000057,123
2024-10-02 12:03:00-04:00,2024-10-02 12:21:00-04:00,2024-10-02 15:59:00-04:00,LONG,118.84,118.86376800000001,118.81613202,168,0.01,1.5,117.6516,120.6226,FORCED_EOD,-0.016800000000557702,7.986044640001069,1.176,9.162044640001069,-9.178844640001627,236
2024-10-03 12:40:00-04:00,2024-10-03 14:26:00-04:00,2024-10-03 15:59:00-04:00,SHORT,122.815,122.790437,122.864568,162,0.01,1.5,124.04315,120.972775,FORCED_EOD,-4.050000000000921,7.9592220000004374,1.1340000000000001,9.093222000000438,-13.143222000001359,199
2024-10-04 11:02:00-04:00,2024-10-04 11:15:00-04:00,2024-10-04 15:59:00-04:00,LONG,123.88,123.904776,124.86502200000001,161,0.01,1.5,122.6412,125.73819999999999,FORCED_EOD,162.6100000000008,8.010393999998868,1.127,9.137393999998869,153.47260600000192,297
2024-10-07 10:58:00-04:00,2024-10-07 12:46:00-04:00,2024-10-07 11:46:00-04:00,SHORT,127.86,127.834428,129.16442772,156,0.01,1.5,129.1386,125.9421,STOP,-199.46159999999958,8.018356319998759,1.092,9.11035631999876,-208.57195631999835,48
2024-10-07 13:41:00-04:00,2024-10-07 14:05:00-04:00,2024-10-07 14:59:00-04:00,SHORT,129.8991,129.87312018,127.9762036227,153,0.01,1.5,131.198091,127.9506135,TAKE_PROFIT_BRACKET,298.1184345000002,7.890201233099802,1.071,8.961201233099802,289.1572332669004,78
2024-10-08 12:27:00-04:00,2024-10-08 12:51:00-04:00,2024-10-08 15:59:00-04:00,SHORT,132.415,132.388517,132.966588,151,0.01,1.5,133.73915,130.428775,FORCED_EOD,-79.27500000000086,8.01372099999827,1.057,9.07072099999827,-88.34572099999913,212
2024-10-09 12:02:00-04:00,2024-10-09 12:37:00-04:00,2024-10-09 15:59:00-04:00,LONG,132.33,132.356466,132.583478,151,0.01,1.5,131.00670000000002,134.31495,FORCED_EOD,42.28000000000017,8.001187999999871,1.057,9.058187999999872,33.2218120000003,237
2024-10-10 12:31:00-04:00,2024-10-10 13:03:00-04:00,2024-10-10 15:59:00-04:00,LONG,134.11,134.13682200000002,134.77304,149,0.01,1.5,132.7689,136.12165000000002,FORCED_EOD,102.80999999999966,8.013518000001852,1.043,9.056518000001851,93.7534819999978,208
2024-10-11 10:13:00-04:00,2024-10-11 10:30:00-04:00,2024-10-11 15:59:00-04:00,SHORT,135.5799,135.55278402000002,134.77695,147,0.01,1.5,136.935699,133.5462015,FORCED_EOD,121.99530000000135,7.947699059998541,1.029,8.976699059998541,113.01860094000281,346
2024-10-14 11:00:00-04:00,2024-10-14 12:05:00-04:00,2024-10-14 15:59:00-04:00,LONG,138.4202,138.44788404,138.11247197999998,144,0.01,1.5,137.035998,140.496503,FORCED_EOD,-40.33440000000064,7.964936640000815,1.008,8.972936640000814,-49.30733664000146,299
2024-10-15 11:43:00-04:00,2024-10-15 12:24:00-04:00,2024-10-15 15:59:00-04:00,LONG,131.275,131.301255,131.58367800000002,152,0.01,1.5,129.96225,133.244125,FORCED_EOD,50.92000000000121,7.991703999997753,1.064,9.055703999997753,41.864296000003456,256
2024-10-16 11:56:00-04:00,2024-10-16 12:26:00-04:00,2024-10-16 13:16:00-04:00,SHORT,134.065,134.038187,135.43273113,149,0.01,1.5,135.40565,132.054025,STOP,-199.7568500000016,8.030225370000494,1.043,9.073225370000493,-208.8300753700021,80
2024-10-16 14:21:00-04:00,2024-10-16 14:51:00-04:00,2024-10-16 15:59:00-04:00,LONG,135.834,135.8611668,135.68275802,147,0.01,1.5,134.47566,137.87151,FORCED_EOD,-18.242699999999786,7.983390660002016,1.029,9.012390660002016,-27.2550906600018,98
2024-10-17 14:05:00-04:00,2024-10-17 14:48:00-04:00,2024-10-17 15:51:00-04:00,SHORT,139.19,139.162162,137.12957043,143,0.01,1.5,140.5819,137.10215,TAKE_PROFIT_BRACKET,298.56255000000044,7.901955490001313,1.0010000000000001,8.902955490001313,289.6595945099991,106
2024-10-17 15:54:00-04:00,2024-10-17 15:56:00-04:00,2024-10-17 15:59:00-04:00,LONG,136.96,136.987392,136.892616,145,0.01,1.5,135.59040000000002,139.0144,FORCED_EOD,-5.800000000002967,7.942519999996449,1.0150000000000001,8.95751999999645,-14.757519999999417,5
2024-10-18 11:32:00-04:00,2024-10-18 11:38:00-04:00,2024-10-18 15:59:00-04:00,LONG,137.9799,138.00749598,137.952404,144,0.01,1.5,136.600101,140.04959849999997,FORCED_EOD,0.01440000000047803,7.9476451199984695,1.008,8.955645119998469,-8.94124511999799,267
2024-10-21 10:46:00-04:00,2024-10-21 11:41:00-04:00,2024-10-21 12:02:00-04:00,SHORT,140.004,139.9759992,141.432320808,142,0.01,1.5,141.40403999999998,137.90393999999998,STOP,-198.80567999999857,7.9919883360008726,0.994,8.985988336000872,-207.79166833599945,76
2024-10-21 12:55:00-04:00,2024-10-21 13:22:00-04:00,2024-10-21 15:55:00-04:00,LONG,141.18,141.208236,143.26904046,141,0.01,1.5,139.7682,143.29770000000002,TAKE_PROFIT_BRACKET,298.5957000000019,8.022271139999901,0.987,9.009271139999901,289.58642886000194,180
2024-10-22 12:51:00-04:00,2024-10-22 13:28:00-04:00,2024-10-22 15:59:00-04:00,LONG,142.7,142.72853999999998,143.54128599999999,140,0.01,1.5,141.273,144.8405,FORCED_EOD,121.80000000000064,8.01556000000005,0.98,8.99556000000005,112.80444000000058,188
2024-10-23 10:04:00-04:00,2024-10-23 10:27:00-04:00,2024-10-23 13:14:00-04:00,LONG,139.445,139.47288899999998,138.02293989,143,0.01,1.5,138.05055,141.536675,STOP,-199.40635000000088,7.936372729995867,1.0010000000000001,8.937372729995866,-208.34372272999676,190
2024-10-23 14:24:00-04:00,2024-10-23 15:13:00-04:00,2024-10-23 15:50:00-04:00,SHORT,138.35,138.32233,139.7614467,144,0.01,1.5,139.7335,136.27474999999998,STOP,-199.2239999999997,8.008804800000235,1.008,9.016804800000234,-208.24080479999995,86
2024-10-24 10:27:00-04:00,2024-10-24 10:46:00-04:00,2024-10-24 15:59:00-04:00,LONG,139.17,139.19783399999997,140.37192000000002,143,0.01,1.5,137.7783,141.25754999999998,FORCED_EOD,175.8900000000026,7.995701999996129,1.0010000000000001,8.996701999996128,166.89329800000647,332
2024-10-25 12:13:00-04:00,2024-10-25 13:04:00-04:00,2024-10-25 13:40:00-04:00,LONG,143.5551,143.58381102,142.09112509020002,139,0.01,1.5,142.119549,145.7084265,STOP,-199.54158900000053,7.941755242198042,0.973,8.914755242198042,-208.45634424219858,87
2024-10-25 13:51:00-04:00,2024-10-25 14:40:00-04:00,2024-10-25 15:59:00-04:00,LONG,142.195,142.22343899999998,141.441706,140,0.01,1.5,140.77304999999998,144.327925,FORCED_EOD,-101.4999999999992,7.942619999997191,0.98,8.922619999997192,-110.4226199999964,128
2024-10-28 13:04:00-04:00,2024-10-28 14:37:00-04:00,2024-10-28 15:59:00-04:00,SHORT,140.74,140.71185200000002,140.648124,142,0.01,1.5,142.1474,138.62890000000002,FORCED_EOD,17.040000000000646,7.990623999996956,0.994,8.984623999996955,8.05537600000369,175
2024-10-29 12:45:00-04:00,2024-10-29 13:35:00-04:00,2024-10-29 15:59:00-04:00,LONG,141.5375,141.5658075,141.251744,141,0.01,1.5,140.12212499999998,143.6605625,FORCED_EOD,-36.30749999999904,7.975453500001407,0.987,8.962453500001407,-45.26995350000045,194
2024-10-30 11:29:00-04:00,2024-10-30 12:00:00-04:00,2024-10-30 15:59:00-04:00,SHORT,140.0962,140.06818076000002,139.497894,142,0.01,1.5,141.497162,137.99475700000002,FORCED_EOD,88.92040000000162,7.939680079999334,0.994,8.933680079999334,79.98671992000229,270
2024-10-31 11:50:00-04:00,2024-10-31 12:14:00-04:00,2024-10-31 15:59:00-04:00,LONG,132.755,132.78155099999998,132.543486,150,0.01,1.5,131.42745,134.74632499999998,FORCED_EOD,-27.75000000000034,7.959749999996291,1.05,9.009749999996291,-36.75974999999663,249
2024-11-01 11:06:00-04:00,2024-11-01 11:30:00-04:00,2024-11-01 14:09:00-04:00,LONG,136.33,136.357266,134.93970666,146,0.01,1.5,134.9667,138.37495,STOP,-199.0418000000014,7.921863639998151,1.022,8.94386363999815,-207.98566363999953,183
2024-11-01 15:44:00-04:00,2024-11-01 15:50:00-04:00,2024-11-01 15:59:00-04:00,SHORT,135.99,135.962802,135.457086,147,0.01,1.5,137.34990000000002,133.95015,FORCED_EOD,82.32000000000033,7.979747999999347,1.029,9.008747999999347,73.31125200000099,15
2024-11-04 10:04:00-05:00,2024-11-04 10:29:00-05:00,2024-11-04 11:12:00-05:00,LONG,136.77,136.797354,138.79378569,146,0.01,1.5,135.4023,138.82155,TAKE_PROFIT_BRACKET,299.5262999999988,8.047273260001703,1.022,9.069273260001703,290.4570267399971,68
2024-11-04 12:24:00-05:00,2024-11-04 13:44:00-05:00,2024-11-04 15:56:00-05:00,LONG,137.4699,137.49739398,136.0679819598,145,0.01,1.5,136.095201,139.5319485,STOP,-199.33135499999892,7.933387929001725,1.0150000000000001,8.948387929001726,-208.27974292900063,212
2024-11-05 10:56:00-05:00,2024-11-05 11:19:00-05:00,2024-11-05 15:59:00-05:00,SHORT,139.0301,139.00229398000002,139.937982,143,0.01,1.5,140.420401,136.9446485,FORCED_EOD,-125.82569999999888,7.9776868599991815,1.0010000000000001,8.978686859999181,-134.80438685999806,303
2024-11-06 12:19:00-05:00,2024-11-06 12:48:00-05:00,2024-11-06 14:45:00-05:00,SHORT,144.9362,144.90721276000002,146.41483911240002,138,0.01,1.5,146.38556200000002,142.762157,STOP,-200.01195600000108,8.040480631198307,0.966,9.006480631198306,-209.0184366311994,146
2024-11-07 10:16:00-05:00,2024-11-07 10:26:00-05:00,2024-11-07 15:59:00-05:00,SHORT,148.4901,148.46040198000003,148.91977799999998,134,0.01,1.5,149.97500100000002,146.26274850000001,FORCED_EOD,-53.58659999999651,7.969786679996901,0.9380000000000001,8.907786679996901,-62.49438667999341,343
2024-11-08 13:52:00-05:00,2024-11-08 15:02:00-05:00,2024-11-08 15:59:00-05:00,LONG,147.3299,147.35936598,147.47050000000002,135,0.01,1.5,145.856601,149.5398485,FORCED_EOD,22.96349999999876,7.960407299997598,0.9450000000000001,8.905407299997599,14.058092700001161,127
2024-11-11 12:53:00-05:00,2024-11-11 13:20:00-05:00,2024-11-11 15:59:00-05:00,SHORT,145.57,145.540886,145.309056,137,0.01,1.5,147.0257,143.38645,FORCED_EOD,39.72999999999891,7.969289999998608,0.9590000000000001,8.928289999998608,30.801710000000302,186
2024-11-12 11:15:00-05:00,2024-11-12 11:32:00-05:00,2024-11-12 15:59:00-05:00,LONG,147.9324,147.96198648,148.360322,135,0.01,1.5,146.453076,150.151386,FORCED_EOD,61.77599999999799,8.000704799999454,0.9450000000000001,8.945704799999454,52.83029519999854,284
2024-11-13 10:41:00-05:00,2024-11-13 11:00:00-05:00,2024-11-13 15:59:00-05:00,LONG,146.585,146.614317,146.380718,136,0.01,1.5,145.11915000000002,148.78377500000002,FORCED_EOD,-23.800000000001546,7.969463999998197,0.9520000000000001,8.921463999998197,-32.72146399999974,318
2024-11-14 10:01:00-05:00,2024-11-14 10:52:00-05:00,2024-11-14 15:59:00-05:00,SHORT,147.8335,147.80393329999998,146.82936,135,0.01,1.5,149.31183499999997,145.6159975,FORCED_EOD,139.52249999999665,7.95510450000009,0.9450000000000001,8.90010450000009,130.62239549999657,358
2024-11-15 10:23:00-05:00,2024-11-15 10:46:00-05:00,2024-11-15 13:53:00-05:00,LONG,141.895,141.923379,140.44795479,140,0.01,1.5,140.47605000000001,144.023425,STOP,-198.65299999999934,7.9063894000006485,0.98,8.886389400000649,-207.53938939999998,210
2024-11-15 14:14:00-05:00,2024-11-15 14:39:00-05:00,2024-11-15 15:21:00-05:00,LONG,140.195,140.223039,142.26946541499998,142,0.01,1.5,138.79305,142.297925,TAKE_PROFIT_BRACKET,298.61534999999986,8.022799070002009,0.994,9.016799070002008,289.5985509299978,67
2024-11-18 11:27:00-05:00,2024-11-18 11:50:00-05:00,2024-11-18 12:55:00-05:00,SHORT,140.9962,140.96800076,138.90903325139996,141,0.01,1.5,142.406162,138.88125699999998,TAKE_PROFIT_BRACKET,298.20696300000156,7.892544287396731,0.987,8.879544287396731,289.3274187126048,88
2024-11-18 15:13:00-05:00,2024-11-18 15:40:00-05:00,2024-11-18 15:59:00-05:00,SHORT,140.6499,140.62177002,140.22804,142,0.01,1.5,142.056399,138.5401515,FORCED_EOD,63.88580000000195,7.976137159998984,0.994,8.970137159998984,54.915662840002966,46
2024-11-19 10:57:00-05:00,2024-11-19 11:21:00-05:00,2024-11-19 14:01:00-05:00,SHORT,144.13,144.101174,145.60041426,138,0.01,1.5,145.5713,141.96805,STOP,-198.89940000000172,7.9957558800012976,0.966,8.961755880001297,-207.86115588000303,184
2024-11-19 15:55:00-05:00,2024-11-19 15:56:00-05:00,2024-11-19 15:59:00-05:00,LONG,146.35,146.37927,146.9706,136,0.01,1.5,144.88649999999998,148.54524999999998,FORCED_EOD,88.40000000000077,7.979120000000876,0.9520000000000001,8.931120000000876,79.4688799999999,4
2024-11-20 10:34:00-05:00,2024-11-20 11:15:00-05:00,2024-11-20 11:02:00-05:00,SHORT,144.77,144.741046,146.24694354000002,138,0.01,1.5,146.2177,142.59845,STOP,-199.78259999999966,8.03126052000124,0.966,8.99726052000124,-208.7798605200009,28
2024-11-20 13:19:00-05:00,2024-11-20 13:27:00-05:00,2024-11-20 15:59:00-05:00,LONG,144.555,144.583911,145.900814,138,0.01,1.5,143.10945,146.72332500000002,FORCED_EOD,189.75,8.0173860000005,0.966,8.983386000000499,180.7666139999995,160
2024-11-21 13:34:00-05:00,2024-11-21 14:20:00-05:00,2024-11-21 14:01:00-05:00,SHORT,146.04,146.010792,147.52990007999998,136,0.01,1.5,147.50039999999998,143.8494,STOP,-198.61439999999902,7.984298879996459,0.9520000000000001,8.936298879996459,-207.55069887999548,27
2024-11-21 15:48:00-05:00,2024-11-21 15:56:00-05:00,2024-11-21 15:59:00-05:00,LONG,147.13,147.159426,146.590676,135,0.01,1.5,145.65869999999998,149.33695,FORCED_EOD,-68.84999999999877,7.93125000000046,0.9450000000000001,8.87625000000046,-77.72624999999923,11
2024-11-22 11:24:00-05:00,2024-11-22 12:24:00-05:00,2024-11-22 15:59:00-05:00,LONG,142.3973,142.42577946,141.851624,140,0.01,1.5,140.973327,144.5332595,FORCED_EOD,-72.42200000000082,7.959764400001177,0.98,8.939764400001177,-81.361764400002,275
2024-11-25 11:39:00-05:00,2024-11-25 11:53:00-05:00,2024-11-25 15:51:00-05:00,SHORT,138.14,138.112372,136.09511357999997,144,0.01,1.5,139.5214,136.06789999999998,TAKE_PROFIT_BRACKET,298.38240000000087,7.89718751999817,1.008,8.905187519998169,289.4772124800027,252
2024-11-26 12:51:00-05:00,2024-11-26 13:25:00-05:00,2024-11-26 15:59:00-05:00,LONG,136.925,136.95238500000002,136.812632,146,0.01,1.5,135.55575000000002,138.97887500000002,FORCED_EOD,-12.410000000001162,7.993938000000753,1.022,9.015938000000753,-21.425938000001914,188
2024-11-27 10:38:00-05:00,2024-11-27 11:21:00-05:00,2024-11-27 13:15:00-05:00,SHORT,132.112,132.0855776,133.459806624,151,0.01,1.5,133.43312,130.13031999999998,STOP,-199.48912000000115,8.01946262400125,1.057,9.07646262400125,-208.5655826240024,157
2024-11-27 15:01:00-05:00,2024-11-27 15:54:00-05:00,2024-11-27 15:59:00-05:00,SHORT,134.375,134.348125,135.42708,148,0.01,1.5,135.71875,132.359375,FORCED_EOD,-151.70000000000084,7.985339999996086,1.036,9.021339999996085,-160.72133999999693,58
2024-11-29 12:48:00-05:00,2024-11-29 12:59:00-05:00,2024-11-29 12:59:00-05:00,LONG,138.4982,138.52589964,138.252344,144,0.01,1.5,137.113218,140.575673,FORCED_EOD,-31.420799999999417,7.971212160002324,1.008,8.979212160002323,-40.400012160001744,11
2024-12-02 12:56:00-05:00,2024-12-02 13:10:00-05:00,2024-12-02 15:59:00-05:00,LONG,138.8286,138.85636571999999,138.602274,144,0.01,1.5,137.440314,140.91102899999998,FORCED_EOD,-28.598399999999856,7.990807679998852,1.008,8.998807679998851,-37.59720767999871,183
2024-12-03 12:23:00-05:00,2024-12-03 12:55:00-05:00,2024-12-03 15:59:00-05:00,SHORT,138.96,138.932208,140.27805,143,0.01,1.5,140.3496,136.87560000000002,FORCED_EOD,-184.46999999999886,7.985406000001802,1.0010000000000001,8.986406000001802,-193.45640600000067,216
2024-12-04 11:27:00-05:00,2024-12-04 12:48:00-05:00,2024-12-04 12:14:00-05:00,SHORT,142.875,142.846425,144.33261075000001,140,0.01,1.5,144.30375,140.731875,STOP,-200.0250000000011,8.041004999999473,0.98,9.021004999999473,-209.04600500000058,47
2024-12-04 13:15:00-05:00,2024-12-04 13:52:00-05:00,2024-12-04 15:59:00-05:00,LONG,144.135,144.163827,145.11097199999998,138,0.01,1.5,142.69365,146.297025,FORCED_EOD,138.68999999999937,7.98399000000245,0.966,8.94999000000245,129.74000999999691,164
2024-12-05 10:24:00-05:00,2024-12-05 10:38:00-05:00,2024-12-05 11:30:00-05:00,LONG,144.03,144.058806,146.16121191,138,0.01,1.5,142.5897,146.19045,TAKE_PROFIT_BRACKET,298.14209999999963,8.010084420001363,0.966,8.976084420001362,289.16601557999826,66
2024-12-05 13:27:00-05:00,2024-12-05 14:09:00-05:00,2024-12-05 15:59:00-05:00,LONG,144.735,144.763947,144.980998,138,0.01,1.5,143.28765,146.906025,FORCED_EOD,37.94999999999686,7.996961999997154,0.966,8.962961999997153,28.987037999999707,152
2024-12-06 11:04:00-05:00,2024-12-06 11:58:00-05:00,2024-12-06 11:22:00-05:00,LONG,143.285,143.313657,141.82377957,139,0.01,1.5,141.85215,145.43427499999999,STOP,-199.16615000000027,7.9268127700007085,0.973,8.89981277000071,-208.065962770001,18
2024-12-06 12:13:00-05:00,2024-12-06 12:44:00-05:00,2024-12-06 15:59:00-05:00,SHORT,142.8631,142.83452738,142.42848,140,0.01,1.5,144.291731,140.7201535,FORCED_EOD,64.8339999999996,7.987366800001041,0.98,8.967366800001042,55.86663319999857,226
2024-12-09 10:36:00-05:00,2024-12-09 11:24:00-05:00,2024-12-09 15:59:00-05:00,LONG,138.01,138.037602,138.777239,144,0.01,1.5,136.6299,140.08015,FORCED_EOD,114.48000000000229,7.972271999999975,1.008,8.980271999999974,105.49972800000232,323
2024-12-10 14:39:00-05:00,2024-12-10 14:44:00-05:00,2024-12-10 15:05:00-05:00,LONG,135.16,135.187032,133.78163832,147,0.01,1.5,133.8084,137.1874,STOP,-198.68519999999862,7.90767095999766,1.029,8.93667095999766,-207.62187095999627,26
2024-12-11 11:17:00-05:00,2024-12-11 12:35:00-05:00,2024-12-11 12:10:00-05:00,SHORT,137.22,137.192556,138.61991844,145,0.01,1.5,138.5922,135.1617,STOP,-198.96899999999889,7.998553800000536,1.0150000000000001,9.013553800000537,-207.9825537999994,53
2024-12-11 13:37:00-05:00,2024-12-11 14:16:00-05:00,2024-12-11 15:59:00-05:00,SHORT,139.57,139.54208599999998,139.287852,143,0.01,1.5,140.9657,137.47645,FORCED_EOD,44.330000000000325,7.974538000000791,1.0010000000000001,8.97553800000079,35.354461999999536,142
2024-12-12 12:14:00-05:00,2024-12-12 13:44:00-05:00,2024-12-12 15:59:00-05:00,SHORT,137.1,137.07258,137.32746,145,0.01,1.5,138.471,135.0435,FORCED_EOD,-29.000000000002473,7.957599999999587,1.0150000000000001,8.972599999999588,-37.97260000000206,225
2024-12-13 11:09:00-05:00,2024-12-13 11:37:00-05:00,2024-12-13 13:48:00-05:00,LONG,132.61,132.636522,134.57223017,150,0.01,1.5,131.28390000000002,134.59915,TAKE_PROFIT_BRACKET,298.37249999999926,8.016274499999554,1.05,9.066274499999555,289.3062254999997,159
2024-12-13 14:02:00-05:00,2024-12-13 14:26:00-05:00,2024-12-13 15:59:00-05:00,LONG,134.0799,134.10671598000002,134.193156,149,0.01,1.5,132.739101,136.09109850000002,FORCED_EOD,20.874899999998462,7.995337020003035,1.043,9.038337020003034,11.836562979995428,117
2024-12-16 12:15:00-05:00,2024-12-16 12:42:00-05:00,2024-12-16 14:37:00-05:00,LONG,130.535,130.561107,132.466526395,153,0.01,1.5,129.22965,132.493025,TAKE_PROFIT_BRACKET,299.5778249999988,8.048657564999473,1.071,9.119657564999473,290.4581674349993,142
2024-12-17 11:39:00-05:00,2024-12-17 12:53:00-05:00,2024-12-17 12:34:00-05:00,SHORT,129.98,129.954004,131.30605595999998,153,0.01,1.5,131.2798,128.03029999999998,STOP,-198.86940000000072,7.9945498799966686,1.071,9.065549879996668,-207.9349498799974,55
2024-12-17 15:23:00-05:00,2024-12-17 15:45:00-05:00,2024-12-17 15:59:00-05:00,LONG,129.355,129.38087099999998,130.32393,154,0.01,1.5,128.06144999999998,131.295325,FORCED_EOD,153.2300000000007,7.9989139999999,1.078,9.0769139999999,144.1530860000008,36
2024-12-18 14:10:00-05:00,2024-12-18 14:52:00-05:00,2024-12-18 14:56:00-05:00,LONG,133.91,133.936782,132.54438582,149,0.01,1.5,132.5709,135.91864999999999,STOP,-199.5259000000003,7.941130819998449,1.043,8.984130819998448,-208.51003081999875,46
2024-12-18 15:04:00-05:00,2024-12-18 15:50:00-05:00,2024-12-18 15:35:00-05:00,LONG,131.93,131.956386,130.58457786000002,151,0.01,1.5,130.6107,133.90895,STOP,-199.21429999999975,7.928729139997927,1.057,8.985729139997927,-208.20002913999767,31
2024-12-19 10:14:00-05:00,2024-12-19 10:23:00-05:00,2024-12-19 10:31:00-05:00,SHORT,132.03,132.003594,130.07555991,151,0.01,1.5,133.3503,130.04955,TAKE_PROFIT_BRACKET,299.04794999999854,7.914802410001158,1.057,8.971802410001159,290.0761475899974,17
2024-12-19 12:29:00-05:00,2024-12-19 13:00:00-05:00,2024-12-19 15:59:00-05:00,LONG,131.4849,131.51119698,130.62387,152,0.01,1.5,130.170051,133.4571735,FORCED_EOD,-126.9048000000007,7.968900959996745,1.064,9.032900959996745,-135.93770095999744,210
2024-12-20 10:06:00-05:00,2024-12-20 11:28:00-05:00,2024-12-20 10:27:00-05:00,SHORT,130.87,130.843826,132.20513574,152,0.01,1.5,132.1787,128.90695,STOP,-198.9223999999981,7.99668048000126,1.064,9.06068048000126,-207.98308047999936,21
2024-12-20 13:00:00-05:00,2024-12-20 13:55:00-05:00,2024-12-20 15:33:00-05:00,LONG,134.45,134.47689,133.07887889999998,148,0.01,1.5,133.10549999999998,136.46675,STOP,-198.98600000000158,7.91964280000127,1.036,8.95564280000127,-207.94164280000285,153
2024-12-23 10:11:00-05:00,2024-12-23 10:24:00-05:00,2024-12-23 11:06:00-05:00,LONG,135.4,135.42708,137.4035138,147,0.01,1.5,134.046,137.431,TAKE_PROFIT_BRACKET,298.55700000000087,8.02123139999739,1.029,9.05023139999739,289.5067686000035,55
2024-12-23 12:00:00-05:00,2024-12-23 12:30:00-05:00,2024-12-23 15:55:00-05:00,SHORT,138.37,138.342326,139.78165074,144,0.01,1.5,139.7537,136.29445,STOP,-199.25280000000066,8.009962559997803,1.008,9.017962559997802,-208.27076255999847,235
2024-12-24 10:13:00-05:00,2024-12-24 10:55:00-05:00,2024-12-24 12:36:00-05:00,LONG,141.07,141.09821399999998,139.63136814,141,0.01,1.5,139.6593,143.18605,STOP,-198.9086999999988,7.91656625999812,0.987,8.90356625999812,-207.8122662599969,143
2024-12-26 12:04:00-05:00,2024-12-26 12:43:00-05:00,2024-12-26 15:59:00-05:00,SHORT,139.8371,139.80913257999998,139.937982,143,0.01,1.5,141.235471,137.7395435,FORCED_EOD,-10.424700000000598,8.000767060002687,1.0010000000000001,9.001767060002686,-19.426467060003286,235
2024-12-27 11:27:00-05:00,2024-12-27 12:00:00-05:00,2024-12-27 15:59:00-05:00,SHORT,136.36,136.332728,137.147424,146,0.01,1.5,137.7236,134.3146,FORCED_EOD,-110.95999999999867,7.985616000001016,1.022,9.007616000001017,-119.9676159999997,272
2024-12-30 11:20:00-05:00,2024-12-30 12:00:00-05:00,2024-12-30 12:47:00-05:00,LONG,137.74,137.767548,139.77813878,145,0.01,1.5,136.36260000000001,139.80610000000001,TAKE_PROFIT_BRACKET,299.58450000000084,8.04883690000068,1.0150000000000001,9.06383690000068,290.5206631000002,87
2024-12-30 12:49:00-05:00,2024-12-30 13:28:00-05:00,2024-12-30 15:56:00-05:00,SHORT,139.9701,139.94210598,137.8981226097,142,0.01,1.5,141.369801,137.8705485,TAKE_PROFIT_BRACKET,298.13631299999855,7.890674417398884,0.994,8.884674417398884,289.25163858259964,187
2024-12-31 10:28:00-05:00,2024-12-31 10:58:00-05:00,2024-12-31 11:19:00-05:00,SHORT,137.736,137.7084528,135.697093992,145,0.01,1.5,139.11336,135.66996,TAKE_PROFIT_BRACKET,299.5757999999981,7.928772839996441,1.0150000000000001,8.943772839996441,290.63202716000166,51
2024-12-31 15:07:00-05:00,2024-12-31 15:45:00-05:00,2024-12-31 15:59:00-05:00,SHORT,135.115,135.08797700000002,134.316858,148,0.01,1.5,136.46615,133.088275,FORCED_EOD,122.10000000000252,7.974387999998498,1.036,9.010387999998498,113.08961200000402,52
2025-01-02 12:30:00-05:00,2025-01-02 13:21:00-05:00,2025-01-02 12:47:00-05:00,LONG,137.01,137.037402,135.61277202,145,0.01,1.5,135.63989999999998,139.06515,STOP,-198.66450000000114,7.9068470999976626,1.0150000000000001,8.921847099997663,-207.5863470999988,17
2025-01-02 14:07:00-05:00,2025-01-02 15:36:00-05:00,2025-01-02 15:13:00-05:00,SHORT,136.61,136.58267800000002,138.00369522,146,0.01,1.5,137.9761,134.56085000000002,STOP,-199.45059999999836,8.017914119998977,1.022,9.039914119998977,-208.49051411999733,66
2025-01-02 15:53:00-05:00,2025-01-02 15:56:00-05:00,2025-01-02 15:59:00-05:00,SHORT,138.37,138.342326,138.307656,144,0.01,1.5,139.7537,136.29445,FORCED_EOD,12.960000000000491,7.967519999999695,1.008,8.975519999999694,3.9844800000007963,6
2025-01-03 11:31:00-05:00,2025-01-03 12:00:00-05:00,2025-01-03 15:59:00-05:00,LONG,143.4501,143.47879002,144.561082,139,0.01,1.5,142.01559899999998,145.60185149999998,FORCED_EOD,158.4461000000016,8.007514780000491,0.973,8.980514780000492,149.4655852200011,268
2025-01-06 10:13:00-05:00,2025-01-06 10:50:00-05:00,2025-01-06 15:49:00-05:00,SHORT,150.96,150.929808,148.72533912,132,0.01,1.5,152.4696,148.6956,TAKE_PROFIT_BRACKET,298.9007999999993,7.910907839998345,0.924,8.834907839998344,290.065892160001,336
2025-01-07 12:37:00-05:00,2025-01-07 13:32:00-05:00,2025-01-07 15:59:00-05:00,SHORT,142.03,142.001594,140.148024,140,0.01,1.5,143.4503,139.89955,FORCED_EOD,267.3999999999995,7.9001999999968575,0.98,8.880199999996858,258.51980000000265,202
2025-01-08 12:15:00-05:00,2025-01-08 12:59:00-05:00,2025-01-08 15:59:00-05:00,SHORT,139.78,139.752044,140.088012,143,0.01,1.5,141.1778,137.6833,FORCED_EOD,-40.04000000000016,8.003423999996954,1.0010000000000001,9.004423999996954,-49.044423999997115,224
2025-01-10 12:39:00-05:00,2025-01-10 14:07:00-05:00,2025-01-10 15:59:00-05:00,LONG,136.45,136.47728999999998,135.832828,146,0.01,1.5,135.0855,138.49675,FORCED_EOD,-86.13999999999635,7.951452000000131,1.022,8.973452000000131,-95.11345199999649,200
2025-01-13 12:10:00-05:00,2025-01-13 14:07:00-05:00,2025-01-13 15:59:00-05:00,LONG,131.63,131.65632599999998,133.21335200000001,151,0.01,1.5,130.31369999999998,133.60444999999999,FORCED_EOD,243.11000000000206,7.999073999996625,1.057,9.056073999996626,234.05392600000545,229
2025-01-14 10:12:00-05:00,2025-01-14 10:39:00-05:00,2025-01-14 10:28:00-05:00,LONG,134.11,134.13682200000002,132.74234622,149,0.01,1.5,132.7689,136.12165000000002,STOP,-199.82390000000171,7.952991220001536,1.043,8.995991220001535,-208.81989122000326,16
2025-01-14 11:05:00-05:00,2025-01-14 12:18:00-05:00,2025-01-14 13:41:00-05:00,SHORT,130.5196,130.49349608,131.8511609592,153,0.01,1.5,131.824796,128.561806,STOP,-199.69498799999926,8.027738517600966,1.071,9.098738517600966,-208.79372651760022,156
2025-01-14 14:52:00-05:00,2025-01-14 15:47:00-05:00,2025-01-14 15:59:00-05:00,SHORT,131.36,131.333728,131.87636999999998,152,0.01,1.5,132.67360000000002,129.3896,FORCED_EOD,-74.47999999999706,8.00158399999873,1.064,9.06558399999873,-83.54558399999578,67
2025-01-15 10:48:00-05:00,2025-01-15 11:14:00-05:00,2025-01-15 14:28:00-05:00,SHORT,134.56,134.533088,135.93278112,148,0.01,1.5,135.9056,132.5416,STOP,-199.14879999999857,8.005781760000673,1.036,9.041781760000672,-208.19058175999925,220
2025-01-15 14:32:00-05:00,2025-01-15 15:17:00-05:00,2025-01-15 15:59:00-05:00,LONG,135.8,135.82716000000002,136.162762,147,0.01,1.5,134.442,137.83700000000002,FORCED_EOD,57.329999999997995,7.996506000002995,1.029,9.025506000002995,48.304493999995,87
2025-01-16 11:26:00-05:00,2025-01-16 12:11:00-05:00,2025-01-16 13:33:00-05:00,LONG,135.3862,135.41327724,134.0055315324,147,0.01,1.5,134.032338,137.416993,STOP,-199.01771399999888,7.920905017203239,1.029,8.949905017203239,-207.9676190172021,127
2025-01-16 13:55:00-05:00,2025-01-16 15:10:00-05:00,2025-01-16 14:46:00-05:00,SHORT,134.24,134.213152,135.60951648,149,0.01,1.5,135.5824,132.2264,STOP,-200.01759999999967,8.040707519998591,1.043,9.08370751999859,-209.10130751999827,51
2025-01-17 15:12:00-05:00,2025-01-17 15:28:00-05:00,2025-01-17 15:59:00-05:00,LONG,137.51,137.537502,137.72245,145,0.01,1.5,136.1349,139.57264999999998,FORCED_EOD,34.80000000000132,7.982539999998437,1.0150000000000001,8.997539999998438,25.80246000000288,47
2025-01-21 12:53:00-05:00,2025-01-21 13:54:00-05:00,2025-01-21 13:16:00-05:00,SHORT,140.235,140.20695300000003,141.66567747000002,142,0.01,1.5,141.63735000000003,138.13147500000002,STOP,-199.1337000000018,8.005174739997187,0.994,8.999174739997187,-208.13287473999898,23
2025-01-21 15:51:00-05:00,2025-01-21 15:56:00-05:00,2025-01-21 15:59:00-05:00,LONG,140.9621,140.99029242,140.801834,141,0.01,1.5,139.552479,143.0765315,FORCED_EOD,-18.626099999997166,7.946537220001318,0.987,8.933537220001318,-27.559637219998482,8
2025-01-22 13:46:00-05:00,2025-01-22 14:52:00-05:00,2025-01-22 15:59:00-05:00,SHORT,147.5403,147.51079194000002,147.059406,135,0.01,1.5,149.015703,145.32719550000002,FORCED_EOD,68.89050000000012,7.953398099997031,0.9450000000000001,8.898398099997031,59.992101900003085,133
2025-01-23 13:18:00-05:00,2025-01-23 13:32:00-05:00,2025-01-23 15:59:00-05:00,SHORT,145.96,145.930808,147.239442,137,0.01,1.5,147.4196,143.7706,FORCED_EOD,-171.25,8.03285799999776,0.9590000000000001,8.991857999997759,-180.24185799999776,161
2025-01-24 12:54:00-05:00,2025-01-24 13:04:00-05:00,2025-01-24 15:59:00-05:00,LONG,143.14,143.16862799999998,142.57187992000001,139,0.01,1.5,141.7086,145.28709999999998,FORCED_EOD,-75.00439999999705,7.943583119998664,0.973,8.916583119998664,-83.92098311999571,185
2025-01-27 10:08:00-05:00,2025-01-27 11:14:00-05:00,2025-01-27 10:16:00-05:00,LONG,125.245,125.270049,123.96775149000001,159,0.01,1.5,123.99255000000001,127.123675,STOP,-199.13954999999936,7.925754089998762,1.113,9.038754089998761,-208.1783040899981,8
2025-01-27 11:30:00-05:00,2025-01-27 11:50:00-05:00,2025-01-27 11:36:00-05:00,LONG,119.145,119.16882899999999,117.92995929,167,0.01,1.5,117.95354999999999,120.932175,STOP,-198.97215000000054,7.91909156999759,1.169,9.08809156999759,-208.06024156999814,6
2025-01-28 11:25:00-05:00,2025-01-28 12:32:00-05:00,2025-01-28 11:53:00-05:00,SHORT,121.2289,121.20465422,122.4656772378,165,0.01,1.5,122.441189,119.4104665,STOP,-200.02768499999974,8.041112937000179,1.155,9.196112937000178,-209.22379793699992,28
2025-01-28 13:55:00-05:00,2025-01-28 14:30:00-05:00,2025-01-28 15:46:00-05:00,SHORT,126.63,126.604674,127.92187926,157,0.01,1.5,127.8963,124.73055,STOP,-198.80910000000017,7.992125819998947,1.099,9.091125819998947,-207.9002258199991,111
2025-01-29 12:48:00-05:00,2025-01-29 13:15:00-05:00,2025-01-29 13:02:00-05:00,SHORT,122.9988,122.97420024,121.1780487636,162,0.01,1.5,124.22878800000001,121.153818,TAKE_PROFIT_BRACKET,298.8870840000003,7.910544823200496,1.1340000000000001,9.044544823200496,289.8425391767998,14
2025-01-30 10:03:00-05:00,2025-01-30 10:29:00-05:00,2025-01-30 10:29:00-05:00,SHORT,121.56,121.53568800000001,119.76054731999999,164,0.01,1.5,122.7756,119.7366,TAKE_PROFIT_BRACKET,299.0376000000011,7.914528479997614,1.1480000000000001,9.062528479997614,289.97507152000344,26
2025-01-30 12:33:00-05:00,2025-01-30 13:01:00-05:00,2025-01-30 14:07:00-05:00,SHORT,119.49,119.46610199999999,120.70903698,167,0.01,1.5,120.6849,117.69765,STOP,-199.54830000000067,8.02184165999951,1.169,9.19084165999951,-208.73914166000017,94
2025-01-30 15:37:00-05:00,2025-01-30 15:56:00-05:00,2025-01-30 15:59:00-05:00,SHORT,123.3134,123.28873732000001,124.5714433068,162,0.01,1.5,124.54653400000001,121.463699,STOP,-199.7677080000011,8.030661861598304,1.1340000000000001,9.164661861598304,-208.9323698615994,22
2025-01-31 12:59:00-05:00,2025-01-31 14:14:00-05:00,2025-01-31 13:30:00-05:00,SHORT,125.78,125.754844,123.91807865999999,159,0.01,1.5,127.0378,123.8933,TAKE_PROFIT_BRACKET,299.98530000000073,7.939610939998573,1.113,9.052610939998573,290.93268906000213,31
2025-01-31 14:46:00-05:00,2025-01-31 14:52:00-05:00,2025-01-31 15:37:00-05:00,SHORT,121.57,121.54568599999999,119.77039929,164,0.01,1.5,122.78569999999999,119.74645,TAKE_PROFIT_BRACKET,299.06219999999956,7.915179560001377,1.1480000000000001,9.063179560001377,289.99902043999816,51
2025-01-31 15:51:00-05:00,2025-01-31 15:56:00-05:00,2025-01-31 15:59:00-05:00,LONG,120.19,120.214038,119.976,166,0.01,1.5,118.9881,121.99285,FORCED_EOD,-31.539999999999623,7.974308000000889,1.162,9.136308000000888,-40.67630800000051,8
2025-02-03 15:15:00-05:00,2025-02-03 15:51:00-05:00,2025-02-03 15:59:00-05:00,SHORT,117.64,117.616472,116.683332,170,0.01,1.5,118.8164,115.8754,FORCED_EOD,166.60000000000068,7.966199999999191,1.19,9.15619999999919,157.4438000000015,44
2025-02-04 10:12:00-05:00,2025-02-04 11:06:00-05:00,2025-02-04 11:58:00-05:00,LONG,120.43,120.454086,119.20185486000001,166,0.01,1.5,119.2257,122.23645,STOP,-199.91380000000058,7.956569239998117,1.162,9.118569239998116,-209.0323692399987,106
2025-02-04 12:32:00-05:00,2025-02-04 13:17:00-05:00,2025-02-04 13:24:00-05:00,SHORT,117.95,117.92641,119.1533259,169,0.01,1.5,119.12950000000001,116.18075,STOP,-199.33550000000076,8.013287099998323,1.183,9.196287099998322,-208.53178709999906,52
2025-02-04 13:40:00-05:00,2025-02-04 13:56:00-05:00,2025-02-04 15:59:00-05:00,SHORT,119.67,119.646066,118.71373799999999,167,0.01,1.5,120.86670000000001,117.87495,FORCED_EOD,163.66000000000065,7.96122399999858,1.169,9.13022399999858,154.52977600000204,139
2025-02-05 10:05:00-05:00,2025-02-05 10:23:00-05:00,2025-02-05 11:41:00-05:00,SHORT,122.7,122.67546,123.9517854,163,0.01,1.5,123.927,120.8595,STOP,-200.00100000000063,8.04004020000012,1.141,9.18104020000012,-209.18204020000073,96
2025-02-05 11:52:00-05:00,2025-02-05 12:41:00-05:00,2025-02-05 13:42:00-05:00,LONG,124.08,124.104816,122.81463216,161,0.01,1.5,122.8392,125.9412,STOP,-199.76879999999886,7.950798240000708,1.127,9.077798240000709,-208.8465982399996,110
2025-02-05 14:33:00-05:00,2025-02-05 15:33:00-05:00,2025-02-05 15:59:00-05:00,SHORT,123.54,123.515292,124.80035508,161,0.01,1.5,124.7754,121.68690000000001,STOP,-198.89939999999976,7.995755880000317,1.127,9.122755880000318,-208.02215588000007,86
2025-02-06 10:40:00-05:00,2025-02-06 11:17:00-05:00,2025-02-06 11:51:00-05:00,SHORT,126.3005,126.2752399,127.589017701,158,0.01,1.5,127.563505,124.4059925,STOP,-199.55479000000108,8.022102557999006,1.106,9.128102557999005,-208.68289255800008,71
2025-02-06 13:51:00-05:00,2025-02-06 14:16:00-05:00,2025-02-06 15:59:00-05:00,SHORT,128.355,128.329329,128.710737,155,0.01,1.5,129.63854999999998,126.42967499999999,FORCED_EOD,-51.15000000000194,7.968239999997024,1.085,9.053239999997025,-60.203239999998964,128
2025-02-07 10:01:00-05:00,2025-02-07 10:50:00-05:00,2025-02-07 10:54:00-05:00,SHORT,129.53,129.504094,127.61256741,154,0.01,1.5,130.8253,127.58705,TAKE_PROFIT_BRACKET,299.2142999999994,7.91920513999753,1.078,8.99720513999753,290.2170948600019,53
2025-02-07 12:39:00-05:00,2025-02-07 13:00:00-05:00,2025-02-07 15:59:00-05:00,LONG,128.44,128.465688,129.844026,155,0.01,1.5,127.15559999999999,130.3666,FORCED_EOD,221.65000000000106,8.007609999998948,1.085,9.092609999998949,212.5573900000021,200
2025-02-10 10:54:00-05:00,2025-02-10 11:34:00-05:00,2025-02-10 15:59:00-05:00,LONG,133.915,133.941783,133.483298,149,0.01,1.5,132.57585,135.923725,FORCED_EOD,-60.34500000000017,7.96926499999924,1.043,9.012264999999239,-69.35726499999942,305
2025-02-11 11:22:00-05:00,2025-02-11 11:32:00-05:00,2025-02-11 12:02:00-05:00,SHORT,134.3786,134.35172428,132.3893935842,148,0.01,1.5,135.722386,132.362921,TAKE_PROFIT_BRACKET,298.32049200000085,7.895549021600004,1.036,8.931549021600004,289.38894297840085,40
2025-02-11 13:27:00-05:00,2025-02-11 14:15:00-05:00,2025-02-11 15:59:00-05:00,SHORT,132.745,132.71845100000002,132.89657400000002,150,0.01,1.5,134.07245,130.753825,FORCED_EOD,-18.75,7.968449999999905,1.05,9.018449999999905,-27.768449999999905,152
2025-02-12 12:07:00-05:00,2025-02-12 12:20:00-05:00,2025-02-12 15:59:00-05:00,SHORT,131.9353,131.90891294000002,131.10611598,151,0.01,1.5,133.25465300000002,129.95627050000002,FORCED_EOD,129.16540000000046,7.943059039996939,1.057,9.00005903999694,120.16534096000352,232
2025-02-13 10:44:00-05:00,2025-02-13 11:01:00-05:00,2025-02-13 13:16:00-05:00,SHORT,136.4401,136.41281198000001,134.4203771997,146,0.01,1.5,137.804501,134.3934985,TAKE_PROFIT_BRACKET,298.8038190000012,7.908341076198894,1.022,8.930341076198895,289.87347792380234,152
2025-02-13 15:32:00-05:00,2025-02-13 15:56:00-05:00,2025-02-13 15:59:00-05:00,LONG,135.055,135.082011,135.22295,148,0.01,1.5,133.70445,137.080825,FORCED_EOD,28.85999999999899,8.001027999998541,1.036,9.037027999998541,19.822972000000448,27
2025-02-14 10:23:00-05:00,2025-02-14 10:48:00-05:00,2025-02-14 15:50:00-05:00,SHORT,137.74,137.712452,139.14522348,145,0.01,1.5,139.1174,135.6739,STOP,-199.7229999999992,8.028864599998684,1.0150000000000001,9.043864599998685,-208.76686459999786,327
2025-02-18 10:36:00-05:00,2025-02-18 11:09:00-05:00,2025-02-18 15:49:00-05:00,LONG,139.68,139.70793600000002,138.25554336,143,0.01,1.5,138.2832,141.7752,STOP,-199.74240000000188,7.9497475200020915,1.0010000000000001,8.950747520002091,-208.69314752000398,313
2025-02-19 10:27:00-05:00,2025-02-19 11:09:00-05:00,2025-02-19 10:32:00-05:00,SHORT,138.96,138.932208,140.37766992000002,143,0.01,1.5,140.3496,136.87560000000002,STOP,-198.71280000000021,7.988254560001764,1.0010000000000001,8.989254560001763,-207.70205456000198,5
2025-02-19 12:38:00-05:00,2025-02-19 13:18:00-05:00,2025-02-19 15:59:00-05:00,SHORT,140.1799,140.15186402,139.26784800000001,142,0.01,1.5,141.58169900000001,138.0772015,FORCED_EOD,133.4657999999992,7.935525160000623,0.994,8.929525160000622,124.53627483999858,201
2025-02-20 11:12:00-05:00,2025-02-20 11:30:00-05:00,2025-02-20 12:10:00-05:00,LONG,137.82,137.84756399999998,139.85932254,145,0.01,1.5,136.4418,139.88729999999998,TAKE_PROFIT_BRACKET,299.7584999999984,8.053511699995966,1.0150000000000001,9.068511699995966,290.6899883000024,58
2025-02-20 14:01:00-05:00,2025-02-20 14:41:00-05:00,2025-02-20 15:59:00-05:00,LONG,139.58,139.60791600000002,140.09197600000002,143,0.01,1.5,138.1842,141.67370000000003,FORCED_EOD,77.21999999999886,7.999419999998935,1.0010000000000001,9.000419999998934,68.21957999999992,118
2025-02-21 10:57:00-05:00,2025-02-21 11:52:00-05:00,2025-02-21 13:01:00-05:00,LONG,138.8,138.82776,137.3845176,144,0.01,1.5,137.412,140.882,STOP,-199.87200000000075,7.95490559999962,1.008,8.962905599999619,-208.83490560000038,124
2025-02-21 13:02:00-05:00,2025-02-21 13:22:00-05:00,2025-02-21 14:26:00-05:00,LONG,137.34,137.367468,135.93940668,145,0.01,1.5,135.9666,139.4001,STOP,-199.14300000000054,7.925891400001177,1.0150000000000001,8.940891400001178,-208.0838914000017,84
2025-02-21 14:39:00-05:00,2025-02-21 15:55:00-05:00,2025-02-21 15:59:00-05:00,LONG,134.9254,134.95238508,134.24314600000002,148,0.01,1.5,133.576146,136.94928099999998,FORCED_EOD,-96.99919999999793,7.968183839998346,1.036,9.004183839998346,-106.00338383999627,80
2025-02-24 10:05:00-05:00,2025-02-24 10:14:00-05:00,2025-02-24 10:13:00-05:00,LONG,132.91,132.936582,134.87666927,150,0.01,1.5,131.58089999999999,134.90365,TAKE_PROFIT_BRACKET,299.04750000000035,8.034409499997253,1.05,9.084409499997253,289.9630905000031,8
2025-02-24 14:05:00-05:00,2025-02-24 14:57:00-05:00,2025-02-24 14:20:00-05:00,LONG,134.22,134.246844,132.85122444,148,0.01,1.5,132.8778,136.23329999999999,STOP,-198.6455999999987,7.906094880001319,1.036,8.942094880001319,-207.58769488000002,15
2025-02-24 15:05:00-05:00,2025-02-24 15:11:00-05:00,2025-02-24 15:55:00-05:00,LONG,132.085,132.11141700000002,130.73799717,151,0.01,1.5,130.76415,134.06627500000002,STOP,-199.44835000000108,7.9380443300015315,1.057,8.995044330001532,-208.4433943300026,50
2025-02-25 11:27:00-05:00,2025-02-25 11:49:00-05:00,2025-02-25 11:57:00-05:00,SHORT,126.65,126.62467000000001,127.9420833,157,0.01,1.5,127.9165,124.75025000000001,STOP,-198.840499999999,7.993388099998526,1.099,9.092388099998526,-207.9328880999975,30
2025-02-25 12:36:00-05:00,2025-02-25 12:58:00-05:00,2025-02-25 14:21:00-05:00,SHORT,129.035,129.009193,127.124894895,155,0.01,1.5,130.32535,127.099475,TAKE_PROFIT_BRACKET,300.00637499999976,7.940168724997676,1.085,9.025168724997677,290.9812062750021,105
2025-02-25 15:16:00-05:00,2025-02-25 15:34:00-05:00,2025-02-25 15:54:00-05:00,SHORT,128.61,128.584278,126.70618617000001,155,0.01,1.5,129.89610000000002,126.68085,TAKE_PROFIT_BRACKET,299.0182500000011,7.914016350000708,1.085,8.999016350000709,290.01923365000044,38
2025-02-26 10:43:00-05:00,2025-02-26 11:23:00-05:00,2025-02-26 11:06:00-05:00,SHORT,131.92,131.89361599999998,133.26584784,151,0.01,1.5,133.23919999999998,129.94119999999998,STOP,-199.19919999999925,8.007807840002556,1.057,9.064807840002556,-208.2640078400018,23
2025-02-26 12:34:00-05:00,2025-02-26 13:22:00-05:00,2025-02-26 13:29:00-05:00,SHORT,132.6043,132.57777914,130.64135854709997,150,0.01,1.5,133.930343,130.61523549999998,TAKE_PROFIT_BRACKET,298.3596750000018,7.896586064998701,1.05,8.946586064998701,289.4130889350031,55
2025-02-26 14:08:00-05:00,2025-02-26 14:11:00-05:00,2025-02-26 15:26:00-05:00,LONG,128.52,128.545704,130.42171044,155,0.01,1.5,127.2348,130.4478,TAKE_PROFIT_BRACKET,298.80899999999855,8.028001799998918,1.085,9.11300179999892,289.6959981999997,78
2025-02-26 15:28:00-05:00,2025-02-26 15:56:00-05:00,2025-02-26 15:45:00-05:00,SHORT,130.655,130.628869,131.98794231,153,0.01,1.5,131.96155,128.695175,STOP,-199.90214999999804,8.036066429999693,1.071,9.107066429999692,-209.00921642999774,17
2025-02-27 14:33:00-05:00,2025-02-27 15:34:00-05:00,2025-02-27 14:55:00-05:00,SHORT,123.2199,123.19525602,124.47698941979999,162,0.01,1.5,124.45209899999999,121.3716015,STOP,-199.61623799999907,8.024572767599238,1.1340000000000001,9.158572767599239,-208.7748107675983,22
2025-02-28 12:43:00-05:00,2025-02-28 13:28:00-05:00,2025-02-28 12:57:00-05:00,SHORT,121.56,121.53568800000001,119.76054731999999,164,0.01,1.5,122.7756,119.7366,TAKE_PROFIT_BRACKET,299.0376000000011,7.914528479997614,1.1480000000000001,9.062528479997614,289.97507152000344,14
2025-02-28 14:37:00-05:00,2025-02-28 15:35:00-05:00,2025-02-28 15:46:00-05:00,LONG,120.73,120.754146,122.51644181000002,165,0.01,1.5,119.5227,122.54095000000001,TAKE_PROFIT_BRACKET,298.8067500000009,8.027941349998926,1.155,9.182941349998925,289.623808650002,69
2025-03-03 13:15:00-05:00,2025-03-03 14:13:00-05:00,2025-03-03 13:48:00-05:00,SHORT,115.265,115.241947,116.44093353,173,0.01,1.5,116.41765,113.536025,STOP,-199.408449999999,8.016219690000852,1.211,9.227219690000853,-208.63566968999987,33
2025-03-03 14:52:00-05:00,2025-03-03 15:49:00-05:00,2025-03-03 15:10:00-05:00,SHORT,115.6709,115.64776582,113.9586236673,172,0.01,1.5,116.82760900000001,113.93583650000001,TAKE_PROFIT_BRACKET,298.4309219999992,7.8984717355991165,1.204,9.102471735599117,289.3284502644001,18
2025-03-04 11:28:00-05:00,2025-03-04 11:42:00-05:00,2025-03-04 11:36:00-05:00,SHORT,112.07,112.047586,113.21333813999999,178,0.01,1.5,113.19069999999999,110.38895,STOP,-199.4845999999999,8.019280919999233,1.246,9.265280919999233,-208.74988091999913,8
2025-03-04 12:53:00-05:00,2025-03-04 13:04:00-05:00,2025-03-04 13:10:00-05:00,SHORT,115.5599,115.53678802,116.7388420998,173,0.01,1.5,116.715499,113.82650149999999,STOP,-199.91862699999916,8.03672880539959,1.211,9.247728805399591,-209.16635580539878,17
2025-03-04 13:11:00-05:00,2025-03-04 13:23:00-05:00,2025-03-04 15:10:00-05:00,LONG,117.05,117.07341,118.78198885,170,0.01,1.5,115.8795,118.80575,TAKE_PROFIT_BRACKET,298.47750000000104,8.01909549999948,1.19,9.20909549999948,289.26840450000157,119
2025-03-04 15:23:00-05:00,2025-03-04 15:30:00-05:00,2025-03-04 15:33:00-05:00,LONG,118.985,119.008797,117.77159096999999,168,0.01,1.5,117.79514999999999,120.769775,STOP,-199.89480000000117,7.955813040000521,1.176,9.131813040000521,-209.02661304000168,10
2025-03-05 12:01:00-05:00,2025-03-05 13:10:00-05:00,2025-03-05 12:55:00-05:00,LONG,116.06,116.083212,117.77733982,172,0.01,1.5,114.8994,117.8009,TAKE_PROFIT_BRACKET,299.43479999999937,8.04481496000085,1.204,9.24881496000085,290.1859850399985,54
2025-03-05 14:03:00-05:00,2025-03-05 14:57:00-05:00,2025-03-05 15:59:00-05:00,LONG,117.2,117.22344,117.27654,170,0.01,1.5,116.028,118.958,FORCED_EOD,16.999999999999034,7.972999999998933,1.19,9.162999999998933,7.837000000000101,116
2025-03-06 10:07:00-05:00,2025-03-06 10:55:00-05:00,2025-03-06 11:40:00-05:00,LONG,114.34,114.362868,113.17396068000001,174,0.01,1.5,113.1966,116.05510000000001,STOP,-198.95159999999996,7.918273679999771,1.218,9.136273679999771,-208.08787367999972,93
2025-03-06 11:50:00-05:00,2025-03-06 12:56:00-05:00,2025-03-06 12:17:00-05:00,SHORT,113.29,113.26734200000001,111.61296813000001,176,0.01,1.5,114.42290000000001,111.59065000000001,TAKE_PROFIT_BRACKET,299.0855999999992,7.915798879999102,1.232,9.147798879999101,289.9378011200001,27
2025-03-06 14:49:00-05:00,2025-03-06 15:00:00-05:00,2025-03-06 15:00:00-05:00,LONG,111.74,111.76234799999999,110.60047548,178,0.01,1.5,110.62259999999999,113.4161,STOP,-198.89720000000062,7.916108559997355,1.246,9.162108559997355,-208.059308559998,11
2025-03-07 10:38:00-05:00,2025-03-07 10:59:00-05:00,2025-03-07 10:49:00-05:00,SHORT,110.05,110.02799,111.1727301,181,0.01,1.5,111.1505,108.39925,STOP,-199.19049999999942,8.007458099999297,1.2670000000000001,9.274458099999297,-208.4649580999987,11
2025-03-07 11:55:00-05:00,2025-03-07 13:32:00-05:00,2025-03-07 12:37:00-05:00,LONG,108.066,108.0876132,109.66505260200002,185,0.01,1.5,106.98534000000001,109.68699000000001,TAKE_PROFIT_BRACKET,299.88315000000114,8.05686062999925,1.295,9.35186062999925,290.53128937000184,42
2025-03-07 13:39:00-05:00,2025-03-07 14:34:00-05:00,2025-03-07 15:08:00-05:00,LONG,111.02,111.042204,112.66276294000001,180,0.01,1.5,109.90979999999999,112.6853,TAKE_PROFIT_BRACKET,299.75400000000036,8.053390799998681,1.26,9.31339079999868,290.4406092000017,89
2025-03-10 10:13:00-04:00,2025-03-10 10:18:00-04:00,2025-03-10 10:37:00-04:00,LONG,108.67,108.691734,107.56178334,184,0.01,1.5,107.58330000000001,110.30005,STOP,-199.95279999999877,7.9581214399996725,1.288,9.246121439999673,-209.19892143999846,24
2025-03-10 11:03:00-04:00,2025-03-10 11:16:00-04:00,2025-03-10 11:31:00-04:00,LONG,106.5683,106.58961366,108.14519113509999,187,0.01,1.5,105.50261699999999,108.16682449999999,TAKE_PROFIT_BRACKET,298.9240814999993,8.031093656300357,1.309,9.340093656300356,289.58398784369894,28
2025-03-10 12:13:00-04:00,2025-03-10 12:50:00-04:00,2025-03-10 12:34:00-04:00,SHORT,107.725,107.70345499999999,108.82401045,185,0.01,1.5,108.80225,106.10912499999999,STOP,-199.29125000000118,8.011508250001,1.295,9.306508250001,-208.59775825000216,21
2025-03-10 14:42:00-04:00,2025-03-10 15:19:00-04:00,2025-03-10 15:34:00-04:00,SHORT,106.7,106.67866000000001,107.7885534,187,0.01,1.5,107.767,105.0995,STOP,-199.5289999999987,8.021065799999434,1.309,9.330065799999433,-208.85906579999812,52
2025-03-11 10:27:00-04:00,2025-03-11 10:54:00-04:00,2025-03-11 10:36:00-04:00,LONG,106.775,106.796355,105.68610855,187,0.01,1.5,105.70725,108.376625,STOP,-199.66925000000072,7.946836150000294,1.309,9.255836150000293,-208.92508615000102,9
2025-03-11 13:09:00-04:00,2025-03-11 13:24:00-04:00,2025-03-11 14:01:00-04:00,SHORT,108.325,108.303335,109.43013165,184,0.01,1.5,109.40825000000001,106.700125,STOP,-199.31800000000123,8.012583599999289,1.288,9.300583599999289,-208.61858360000053,52
2025-03-11 14:42:00-04:00,2025-03-11 14:52:00-04:00,2025-03-11 15:56:00-04:00,LONG,110.595,110.617119,109.46715219,180,0.01,1.5,109.48904999999999,112.253925,STOP,-199.07100000000128,7.923025800000403,1.26,9.183025800000403,-208.25402580000167,74
2025-03-12 10:15:00-04:00,2025-03-12 10:46:00-04:00,2025-03-12 10:41:00-04:00,LONG,114.609,114.63192179999999,113.440217418,174,0.01,1.5,113.46291,116.32813499999999,STOP,-199.41966000000016,7.93690246799693,1.218,9.15490246799693,-208.57456246799708,26
2025-03-12 12:22:00-04:00,2025-03-12 12:37:00-04:00,2025-03-12 13:56:00-04:00,LONG,115.76,115.783152,114.57947952,172,0.01,1.5,114.6024,117.49640000000001,STOP,-199.10720000000038,7.924466559998677,1.204,9.128466559998678,-208.23566655999906,94
2025-03-12 14:41:00-04:00,2025-03-12 14:49:00-04:00,2025-03-12 15:59:00-04:00,SHORT,115.84,115.816832,115.76314799999999,172,0.01,1.5,116.9984,114.1024,FORCED_EOD,17.200000000001467,7.966351999998324,1.204,9.170351999998324,8.029648000003142,78
2025-03-13 11:21:00-04:00,2025-03-13 11:53:00-04:00,2025-03-13 13:18:00-04:00,SHORT,116.35,116.32673,114.62767095,171,0.01,1.5,117.5135,114.60475,TAKE_PROFIT_BRACKET,298.43774999999977,7.8986524499993465,1.197,9.095652449999346,289.3420975500004,117
2025-03-13 13:25:00-04:00,2025-03-13 14:09:00-04:00,2025-03-13 14:02:00-04:00,SHORT,115.06,115.03698800000001,116.23384211999999,173,0.01,1.5,116.2106,113.3341,STOP,-199.0537999999995,8.00196275999761,1.211,9.21296275999761,-208.26676275999714,37
2025-03-13 15:53:00-04:00,2025-03-13 15:56:00-04:00,2025-03-13 15:59:00-04:00,SHORT,115.85,115.82683,115.73314199999999,172,0.01,1.5,117.0085,114.11224999999999,FORCED_EOD,24.080000000000098,7.965663999997616,1.204,9.169663999997617,14.91033600000248,6
2025-03-14 11:00:00-04:00,2025-03-14 11:39:00-04:00,2025-03-14 15:59:00-04:00,LONG,120.2412,120.26524824,121.445706,166,0.01,1.5,119.03878800000001,122.044818,FORCED_EOD,203.98079999999877,8.024811839999444,1.162,9.186811839999443,194.79398815999932,299
2025-03-17 11:34:00-04:00,2025-03-17 12:00:00-04:00,2025-03-17 14:27:00-04:00,SHORT,119.255,119.231149,120.47163950999999,167,0.01,1.5,120.44754999999999,117.46617499999999,STOP,-199.15584999999953,8.006065169998237,1.169,9.175065169998238,-208.33091516999778,173
2025-03-17 15:43:00-04:00,2025-03-17 15:51:00-04:00,2025-03-17 15:59:00-04:00,LONG,119.915,119.93898300000001,119.45610400000001,166,0.01,1.5,118.71585,121.71372500000001,FORCED_EOD,-72.21000000000038,7.947913999999116,1.162,9.109913999999115,-81.3199139999995,16
2025-03-18 10:34:00-04:00,2025-03-18 11:51:00-04:00,2025-03-18 12:12:00-04:00,SHORT,116.125,116.101775,117.30970724999999,172,0.01,1.5,117.28625,114.383125,STOP,-199.73499999999922,8.029346999998154,1.204,9.233346999998155,-208.96834699999738,98
2025-03-18 12:59:00-04:00,2025-03-18 13:23:00-04:00,2025-03-18 14:01:00-04:00,SHORT,118.15,118.12637000000001,116.40102555,169,0.01,1.5,119.3315,116.37775,TAKE_PROFIT_BRACKET,299.5102499999999,7.927037949998493,1.183,9.110037949998492,290.4002120500014,62
2025-03-18 15:26:00-04:00,2025-03-18 15:56:00-04:00,2025-03-18 15:59:00-04:00,LONG,116.07,116.09321399999999,115.556884,172,0.01,1.5,114.90929999999999,117.81105,FORCED_EOD,-84.27999999999912,7.968759999999577,1.204,9.172759999999577,-93.45275999999869,33
2025-03-19 12:09:00-04:00,2025-03-19 12:11:00-04:00,2025-03-19 14:16:00-04:00,SHORT,117.9714,117.94780572,119.17494422280001,169,0.01,1.5,119.151114,116.201829,STOP,-199.3716660000007,8.014740973199736,1.183,9.197740973199735,-208.56940697320042,127
2025-03-19 14:43:00-04:00,2025-03-19 15:56:00-04:00,2025-03-19 15:55:00-04:00,LONG,118.9588,118.98259175999999,117.7456581576,168,0.01,1.5,117.769212,120.74318199999999,STOP,-199.8507840000001,7.954061203197625,1.176,9.130061203197625,-208.9808452031977,72
2025-03-20 13:39:00-04:00,2025-03-20 14:30:00-04:00,2025-03-20 15:59:00-04:00,SHORT,118.415,118.39131700000002,118.488693,168,0.01,1.5,119.59915000000001,116.63877500000001,FORCED_EOD,-8.399999999999523,7.9591679999975895,1.176,9.13516799999759,-17.53516799999711,140
2025-03-21 11:18:00-04:00,2025-03-21 12:10:00-04:00,2025-03-21 12:32:00-04:00,SHORT,116.53,116.50669400000001,117.71883906000001,171,0.01,1.5,117.6953,114.78205,STOP,-199.26630000000034,8.01050525999922,1.197,9.20750525999922,-208.47380525999955,74
2025-03-21 15:38:00-04:00,2025-03-21 15:56:00-04:00,2025-03-21 15:59:00-04:00,LONG,116.755,116.77835099999999,117.611473,171,0.01,1.5,115.58744999999999,118.50632499999999,FORCED_EOD,150.48000000000167,8.016137999998705,1.197,9.213137999998704,141.26686200000296,21
2025-03-24 10:53:00-04:00,2025-03-24 11:38:00-04:00,2025-03-24 15:59:00-04:00,SHORT,121.8301,121.80573398,121.254246,164,0.01,1.5,123.048401,120.0026485,FORCED_EOD,98.41639999999961,7.9723712799988675,1.1480000000000001,9.120371279998867,89.29602872000075,306
2025-03-25 11:18:00-04:00,2025-03-25 12:58:00-04:00,2025-03-25 15:59:00-04:00,SHORT,120.25,120.22595,120.669129,166,0.01,1.5,121.4525,118.44625,FORCED_EOD,-65.56999999999934,7.997714000000769,1.162,9.159714000000768,-74.72971400000011,281
2025-03-26 11:57:00-04:00,2025-03-26 12:36:00-04:00,2025-03-26 13:37:00-04:00,LONG,114.095,114.117819,112.93145919,175,0.01,1.5,112.95405,115.806425,STOP,-199.66625000000064,7.946716749999183,1.225,9.171716749999183,-208.83796674999982,100
2025-03-26 13:40:00-04:00,2025-03-26 13:49:00-04:00,2025-03-26 15:59:00-04:00,LONG,112.88,112.902576,113.667262,177,0.01,1.5,111.7512,114.5732,FORCED_EOD,143.3700000000004,8.020578000000839,1.239,9.25957800000084,134.11042199999955,139
2025-03-27 11:06:00-04:00,2025-03-27 11:11:00-04:00,2025-03-27 11:47:00-04:00,SHORT,114.2499,114.22705002,112.5586587303,175,0.01,1.5,115.392399,112.5361515,TAKE_PROFIT_BRACKET,299.90598749999896,7.937511802499486,1.225,9.162511802499486,290.74347569749943,41
2025-03-27 12:04:00-04:00,2025-03-27 12:29:00-04:00,2025-03-27 15:59:00-04:00,LONG,112.155,112.177431,111.40771400000001,178,0.01,1.5,111.03345,113.837325,FORCED_EOD,-129.049999999999,7.9596259999984795,1.246,9.20562599999848,-138.25562599999748,235
2025-03-28 13:22:00-04:00,2025-03-28 13:43:00-04:00,2025-03-28 15:59:00-04:00,SHORT,109.965,109.94300700000001,109.65192599999999,181,0.01,1.5,111.06465,108.31552500000001,FORCED_EOD,60.63500000000144,7.949338999997877,1.2670000000000001,9.216338999997877,51.41866100000356,157
2025-03-31 12:29:00-04:00,2025-03-31 13:00:00-04:00,2025-03-31 14:27:00-04:00,SHORT,106.0,105.9788,107.081412,188,0.01,1.5,107.06,104.41,STOP,-199.28000000000043,8.011055999998348,1.316,9.327055999998349,-208.60705599999878,118
2025-04-01 11:19:00-04:00,2025-04-01 11:38:00-04:00,2025-04-01 14:16:00-04:00,SHORT,109.275,109.253145,107.657402175,183,0.01,1.5,110.36775,107.635875,TAKE_PROFIT_BRACKET,299.95987500000126,7.938938025000908,1.281,9.219938025000909,290.7399369750004,177
2025-04-01 15:28:00-04:00,2025-04-01 15:56:00-04:00,2025-04-01 15:55:00-04:00,SHORT,108.855,108.833229,109.96553871,183,0.01,1.5,109.94355,107.22217500000001,STOP,-199.20464999999962,8.00802693000061,1.281,9.289026930000611,-208.49367693000022,27
2025-04-02 11:08:00-04:00,2025-04-02 12:04:00-04:00,2025-04-02 12:18:00-04:00,SHORT,109.435,109.41311300000001,110.55145587000001,182,0.01,1.5,110.52935000000001,107.793475,STOP,-199.17170000000104,8.006702339999407,1.274,9.280702339999408,-208.45240234000045,70
2025-04-02 12:25:00-04:00,2025-04-02 12:57:00-04:00,2025-04-02 13:12:00-04:00,SHORT,110.75,110.72785,111.8798715,180,0.01,1.5,111.8575,109.08875,STOP,-199.3500000000003,8.01386999999778,1.26,9.27386999999778,-208.62386999999808,47
2025-04-02 14:59:00-04:00,2025-04-02 15:33:00-04:00,2025-04-02 15:59:00-04:00,LONG,109.125,109.14682499999999,110.28793800000001,183,0.01,1.5,108.03375,110.761875,FORCED_EOD,216.85500000000042,8.031320999997035,1.281,9.312320999997036,207.54267900000337,60
2025-04-03 10:46:00-04:00,2025-04-03 11:28:00-04:00,2025-04-03 11:07:00-04:00,LONG,103.43,103.450686,102.37522086000001,193,0.01,1.5,102.3957,104.98145000000001,STOP,-199.61990000000034,7.944872019998016,1.351,9.295872019998015,-208.91577201999837,21
2025-04-03 14:49:00-04:00,2025-04-03 15:20:00-04:00,2025-04-03 15:59:00-04:00,SHORT,103.485,103.464303,101.953111545,193,0.01,1.5,104.51985,101.932725,TAKE_PROFIT_BRACKET,299.58907499999896,7.9291241849985,1.351,9.280124184998499,290.30895081500046,70
2025-04-04 10:51:00-04:00,2025-04-04 10:56:00-04:00,2025-04-04 10:52:00-04:00,LONG,92.155,92.173431,93.518617535,216,0.01,1.5,91.23345,93.537325,TAKE_PROFIT_BRACKET,298.5821999999988,8.021908439996537,1.512,9.533908439996537,289.04829156000227,1
2025-04-04 13:59:00-04:00,2025-04-04 14:12:00-04:00,2025-04-04 14:17:00-04:00,SHORT,95.52,95.500896,94.10601743999999,209,0.01,1.5,96.4752,94.0872,TAKE_PROFIT_BRACKET,299.45520000000005,7.925580959998115,1.463,9.388580959998116,290.0666190400019,18
2025-04-04 15:36:00-04:00,2025-04-04 15:51:00-04:00,2025-04-04 15:50:00-04:00,SHORT,96.09,96.07078200000001,94.66757973,208,0.01,1.5,97.0509,94.64865,TAKE_PROFIT_BRACKET,299.8008,7.9347278399982315,1.456,9.390727839998231,290.41007216000173,14
2025-04-04 15:55:00-04:00,2025-04-04 15:56:00-04:00,2025-04-04 15:59:00-04:00,SHORT,94.87,94.851026,94.298856,210,0.01,1.5,95.8187,93.44695,FORCED_EOD,123.90000000000072,7.944299999999913,1.47,9.414299999999914,114.4857000000008,4
2025-04-07 10:14:00-04:00,2025-04-07 10:19:00-04:00,2025-04-07 10:14:00-04:00,SHORT,101.37,101.349726,99.86941989,197,0.01,1.5,102.3837,99.84945,TAKE_PROFIT_BRACKET,299.54835,7.928046329999859,1.379,9.307046329999858,290.24130367000015,0
2025-04-07 13:44:00-04:00,2025-04-07 14:06:00-04:00,2025-04-07 14:29:00-04:00,SHORT,98.95,98.93021,97.48524315,202,0.01,1.5,99.93950000000001,97.46575,TAKE_PROFIT_BRACKET,299.8185000000006,7.93519630000057,1.414,9.34919630000057,290.46930370000007,45
2025-04-07 15:54:00-04:00,2025-04-07 15:56:00-04:00,2025-04-07 15:55:00-04:00,LONG,96.32,96.33926399999999,97.74524704,207,0.01,1.5,95.35679999999999,97.7648,TAKE_PROFIT_BRACKET,299.07360000000017,8.035110719998187,1.449,9.484110719998187,289.58948928000194,1
2025-04-08 14:30:00-04:00,2025-04-08 14:39:00-04:00,2025-04-08 14:30:00-04:00,SHORT,99.4283,99.40841434,100.44266751659998,201,0.01,1.5,100.42258299999999,97.9368755,STOP,-199.85088299999916,8.03400549659871,1.407,9.44100549659871,-209.29188849659786,0
2025-04-08 15:13:00-04:00,2025-04-08 15:43:00-04:00,2025-04-08 15:16:00-04:00,LONG,96.59,96.609318,95.60497518,207,0.01,1.5,95.6241,98.03885,STOP,-199.941300000001,7.957663740000044,1.449,9.406663740000043,-209.34796374000106,3
2025-04-09 10:45:00-04:00,2025-04-09 10:52:00-04:00,2025-04-09 10:52:00-04:00,SHORT,100.11,100.089978,98.62807167,199,0.01,1.5,101.1111,98.60835,TAKE_PROFIT_BRACKET,298.8283499999996,7.908990329998588,1.393,9.301990329998588,289.52635967000106,7
2025-04-09 11:49:00-04:00,2025-04-09 11:58:00-04:00,2025-04-09 12:44:00-04:00,LONG,99.02,99.03980399999999,100.48519893999999,201,0.01,1.5,98.0298,100.50529999999999,TAKE_PROFIT_BRACKET,298.54529999999903,8.02091705999905,1.407,9.42791705999905,289.11738294,55
2025-04-09 12:45:00-04:00,2025-04-09 13:22:00-04:00,2025-04-09 12:58:00-04:00,SHORT,100.25,100.22995,101.2727505,199,0.01,1.5,101.2525,98.74625,STOP,-199.49749999999955,8.019799500000147,1.393,9.412799500000148,-208.9102994999997,13
2025-04-09 13:29:00-04:00,2025-04-09 13:32:00-04:00,2025-04-09 13:31:00-04:00,LONG,106.12,106.14122400000001,107.69025764000001,188,0.01,1.5,105.0588,107.71180000000001,TAKE_PROFIT_BRACKET,299.2584000000012,8.040075680000314,1.316,9.356075680000314,289.9023243200009,2
2025-04-09 15:00:00-04:00,2025-04-09 15:11:00-04:00,2025-04-09 15:13:00-04:00,SHORT,111.08,111.057784,112.21323815999999,180,0.01,1.5,112.1908,109.4138,STOP,-199.94399999999956,8.03774879999878,1.26,9.29774879999878,-209.24174879999833,13
2025-04-10 11:48:00-04:00,2025-04-10 12:44:00-04:00,2025-04-10 11:51:00-04:00,LONG,107.005,107.02640099999999,105.91376301,186,0.01,1.5,105.93495,108.610075,STOP,-199.02929999999904,7.921366140000231,1.302,9.22336614000023,-208.25266613999926,3
2025-04-10 13:44:00-04:00,2025-04-10 14:37:00-04:00,2025-04-10 14:15:00-04:00,LONG,107.245,107.26644900000001,106.15131549,186,0.01,1.5,106.17255,108.85367500000001,STOP,-199.47570000000064,7.939132860000626,1.302,9.241132860000626,-208.71683286000126,31
2025-04-10 14:56:00-04:00,2025-04-10 15:01:00-04:00,2025-04-10 15:40:00-04:00,SHORT,107.87,107.848426,106.27320039,185,0.01,1.5,108.9487,106.25195000000001,TAKE_PROFIT_BRACKET,299.33924999999937,7.922512149998653,1.295,9.217512149998653,290.12173785000067,44
2025-04-11 12:50:00-04:00,2025-04-11 13:25:00-04:00,2025-04-11 13:18:00-04:00,LONG,110.805,110.827161,109.67501061,180,0.01,1.5,109.69695,112.46707500000001,STOP,-199.44900000000104,7.9380701999994585,1.26,9.198070199999458,-208.64707020000048,28
2025-04-11 13:44:00-04:00,2025-04-11 13:52:00-04:00,2025-04-11 15:59:00-04:00,LONG,110.59,110.612118,110.667862,180,0.01,1.5,109.4841,112.24885,FORCED_EOD,17.999999999998977,7.966079999998215,1.26,9.226079999998214,8.773920000000762,135
2025-04-14 10:49:00-04:00,2025-04-14 11:05:00-04:00,2025-04-14 11:29:00-04:00,LONG,112.595,112.617519,111.44675619,177,0.01,1.5,111.46905,114.283925,STOP,-199.29315000000054,7.931867369999338,1.239,9.170867369999339,-208.46401736999988,40
2025-04-14 12:37:00-04:00,2025-04-14 13:18:00-04:00,2025-04-14 15:59:00-04:00,SHORT,110.88,110.857824,110.72214,180,0.01,1.5,111.9888,109.21679999999999,FORCED_EOD,32.39999999999867,7.976879999999085,1.26,9.236879999999084,23.163119999999584,202
2025-04-15 11:20:00-04:00,2025-04-15 12:37:00-04:00,2025-04-15 12:11:00-04:00,SHORT,112.345,112.322531,113.49114369,178,0.01,1.5,113.46845,110.659825,STOP,-199.97410000000096,8.038958819999635,1.246,9.284958819999636,-209.2590588200006,51
2025-04-15 13:20:00-04:00,2025-04-15 13:50:00-04:00,2025-04-15 15:59:00-04:00,LONG,112.27,112.29245399999999,112.07758,178,0.01,1.5,111.1473,113.95405,FORCED_EOD,-30.260000000000304,7.98757199999875,1.246,9.23357199999875,-39.493571999999055,159
2025-04-16 10:03:00-04:00,2025-04-16 11:15:00-04:00,2025-04-16 11:05:00-04:00,LONG,105.06,105.081012,103.98859812,190,0.01,1.5,104.0094,106.6359,STOP,-199.61400000000054,7.944637199998539,1.33,9.274637199998539,-208.8886371999991,62
2025-04-16 13:32:00-04:00,2025-04-16 14:14:00-04:00,2025-04-16 14:18:00-04:00,SHORT,103.325,103.30433500000001,101.795480025,193,0.01,1.5,104.35825,101.775125,TAKE_PROFIT_BRACKET,299.125875,7.916864824998953,1.351,9.267864824998952,289.858010175001,46
2025-04-17 10:26:00-04:00,2025-04-17 10:39:00-04:00,2025-04-17 14:25:00-04:00,LONG,100.84,100.860168,102.33212948,198,0.01,1.5,99.83160000000001,102.35260000000001,TAKE_PROFIT_BRACKET,299.4948000000012,8.046426960000332,1.3860000000000001,9.432426960000331,290.06237304000086,239
2025-04-21 11:12:00-04:00,2025-04-21 12:18:00-04:00,2025-04-21 13:43:00-04:00,SHORT,96.5099,96.49059802000001,95.0812639503,207,0.01,1.5,97.474999,95.0622515,TAKE_PROFIT_BRACKET,299.6632394999999,7.931087072098123,1.449,9.380087072098123,290.28315242790177,151
2025-04-21 15:13:00-04:00,2025-04-21 15:56:00-04:00,2025-04-21 15:58:00-04:00,LONG,95.63,95.649126,97.04503711,209,0.01,1.5,94.6737,97.06445,TAKE_PROFIT_BRACKET,299.8000499999996,8.054628009999604,1.463,9.517628009999605,290.28242199,45
2025-04-22 10:36:00-04:00,2025-04-22 11:09:00-04:00,2025-04-22 13:49:00-04:00,LONG,98.7701,98.78985401999999,97.7628425202,202,0.01,1.5,97.782399,100.2516515,STOP,-199.51560200000026,7.940720959599105,1.414,9.354720959599105,-208.87032295959935,193
2025-04-22 15:23:00-04:00,2025-04-22 15:36:00-04:00,2025-04-22 15:58:00-04:00,SHORT,97.87,97.85042600000001,98.86846974000001,204,0.01,1.5,98.84870000000001,96.40195,STOP,-199.6548000000007,8.026122959998474,1.428,9.454122959998475,-209.10892295999918,35
2025-04-23 11:13:00-04:00,2025-04-23 12:36:00-04:00,2025-04-23 15:22:00-04:00,SHORT,104.175,104.154165,102.632897475,192,0.01,1.5,105.21674999999999,102.612375,TAKE_PROFIT_BRACKET,300.02399999999943,7.940635199996905,1.344,9.284635199996904,290.73936480000253,249
2025-04-23 15:27:00-04:00,2025-04-23 15:56:00-04:00,2025-04-23 15:59:00-04:00,LONG,102.47,102.490494,102.514493,195,0.01,1.5,101.4453,104.00704999999999,FORCED_EOD,12.674999999999557,7.995194999998887,1.365,9.360194999998887,3.3148050000006695,32
2025-04-24 10:02:00-04:00,2025-04-24 10:17:00-04:00,2025-04-24 13:11:00-04:00,LONG,104.7588,104.77975176,106.3089159636,190,0.01,1.5,103.71121199999999,106.330182,TAKE_PROFIT_BRACKET,298.56257999999997,8.021381315999179,1.33,9.351381315999179,289.2111986840008,189
2025-04-24 14:04:00-04:00,2025-04-24 15:06:00-04:00,2025-04-24 15:59:00-04:00,LONG,106.22,106.241244,106.358724,188,0.01,1.5,105.1578,107.8133,FORCED_EOD,30.07999999999936,7.99375999999927,1.316,9.30975999999927,20.77024000000009,115
2025-04-25 11:37:00-04:00,2025-04-25 12:01:00-04:00,2025-04-25 12:38:00-04:00,SHORT,109.01,108.98819800000001,110.12212002000001,183,0.01,1.5,110.10010000000001,107.37485000000001,STOP,-199.48830000000123,8.019429659998764,1.281,9.300429659998764,-208.78872966,61
2025-04-25 13:48:00-04:00,2025-04-25 14:34:00-04:00,2025-04-25 15:59:00-04:00,LONG,110.4,110.42208000000001,110.93780799999999,181,0.01,1.5,109.296,112.05600000000001,FORCED_EOD,101.35999999999784,8.013232000001182,1.2670000000000001,9.280232000001181,92.07976799999666,131
2025-04-28 11:01:00-04:00,2025-04-28 11:30:00-04:00,2025-04-28 11:25:00-04:00,LONG,107.765,107.786553,106.66601253,185,0.01,1.5,106.68735,109.381475,STOP,-199.36525000000103,7.934736949997969,1.295,9.22973694999797,-208.59498694999897,24
2025-04-28 15:17:00-04:00,2025-04-28 15:45:00-04:00,2025-04-28 15:59:00-04:00,SHORT,108.012,107.99039760000001,108.661728,185,0.01,1.5,109.09212,106.39182,FORCED_EOD,-116.18000000000002,8.01612399999776,1.295,9.31112399999776,-125.49112399999778,42
2025-04-29 14:02:00-04:00,2025-04-29 14:06:00-04:00,2025-04-29 15:59:00-04:00,LONG,109.3565,109.3783713,108.898216,182,0.01,1.5,108.262935,110.9968475,FORCED_EOD,-79.44299999999913,7.945264599999547,1.274,9.219264599999548,-88.66226459999868,117
2025-04-30 12:42:00-04:00,2025-04-30 13:07:00-04:00,2025-04-30 15:47:00-04:00,LONG,106.27,106.291254,107.84247719,188,0.01,1.5,105.20729999999999,107.86404999999999,TAKE_PROFIT_BRACKET,299.6813999999992,8.051440279998872,1.316,9.367440279998872,290.31395972000035,185
2025-04-30 15:49:00-04:00,2025-04-30 15:56:00-04:00,2025-04-30 15:59:00-04:00,LONG,107.865,107.886573,108.753245,185,0.01,1.5,106.78635,109.482975,FORCED_EOD,168.350000000002,8.015680000000458,1.295,9.310680000000458,159.03932000000157,10
2025-05-01 11:22:00-04:00,2025-05-01 12:40:00-04:00,2025-05-01 11:56:00-04:00,SHORT,114.89,114.867022,113.18928333,174,0.01,1.5,116.0389,113.16665,TAKE_PROFIT_BRACKET,299.8628999999994,7.936371419997499,1.218,9.1543714199975,290.7085285800019,34
2025-05-01 13:08:00-04:00,2025-05-01 14:19:00-04:00,2025-05-01 15:42:00-04:00,LONG,113.49,113.51269799999999,112.33262898,176,0.01,1.5,112.3551,115.19234999999999,STOP,-199.74240000000032,7.949747519998027,1.232,9.181747519998027,-208.92414751999834,154
2025-05-02 13:17:00-04:00,2025-05-02 13:59:00-04:00,2025-05-02 15:59:00-04:00,SHORT,114.145,114.122171,114.41287799999999,175,0.01,1.5,115.28645,112.432825,FORCED_EOD,-42.875000000000796,7.998724999998785,1.225,9.223724999998785,-52.09872499999958,162
2025-05-05 10:01:00-04:00,2025-05-05 10:35:00-04:00,2025-05-05 10:24:00-04:00,LONG,114.1,114.12281999999999,112.93640819999999,175,0.01,1.5,112.95899999999999,115.8115,STOP,-199.67500000000092,7.947064999999398,1.225,9.172064999999398,-208.8470650000003,23
2025-05-05 11:26:00-04:00,2025-05-05 11:47:00-04:00,2025-05-05 15:59:00-04:00,SHORT,113.8854,113.86262292,113.832762,175,0.01,1.5,115.024254,112.177119,FORCED_EOD,13.195000000000334,7.9693389999995645,1.225,9.194338999999564,4.00066100000077,273
2025-05-06 12:25:00-04:00,2025-05-06 13:11:00-04:00,2025-05-06 14:54:00-04:00,SHORT,112.95,112.92741000000001,114.1023159,177,0.01,1.5,114.0795,111.25575,STOP,-199.9214999999988,8.036844299998506,1.239,9.275844299998507,-209.1973442999973,149
2025-05-06 15:45:00-04:00,2025-05-06 15:55:00-04:00,2025-05-06 15:59:00-04:00,SHORT,114.675,114.652065,113.47269,174,0.01,1.5,115.82175,112.954875,FORCED_EOD,213.149999999999,7.938750000000198,1.218,9.156750000000198,203.99324999999882,14
2025-05-07 10:51:00-04:00,2025-05-07 12:09:00-04:00,2025-05-07 15:41:00-04:00,SHORT,113.4,113.37732000000001,114.55690680000001,176,0.01,1.5,114.534,111.69900000000001,STOP,-199.58400000000006,8.023276799999167,1.232,9.255276799999166,-208.83927679999923,290
2025-05-08 12:18:00-04:00,2025-05-08 12:37:00-04:00,2025-05-08 15:59:00-04:00,SHORT,118.36,118.33632800000001,117.393474,169,0.01,1.5,119.5436,116.5846,FORCED_EOD,167.30999999999915,7.9676739999972455,1.183,9.150673999997245,158.1593260000019,221
2025-05-09 10:21:00-04:00,2025-05-09 10:57:00-04:00,2025-05-09 10:36:00-04:00,LONG,116.9291,116.95248582,115.73665703820001,171,0.01,1.5,115.759809,118.6830365,STOP,-199.94876100000022,7.957960687799641,1.197,9.15496068779964,-209.10372168779986,15
2025-05-09 13:34:00-04:00,2025-05-09 13:59:00-04:00,2025-05-09 15:59:00-04:00,LONG,116.285,116.308257,116.586678,171,0.01,1.5,115.12214999999999,118.029275,FORCED_EOD,55.575000000000486,7.965008999999,1.197,9.162008999999,46.41299100000148,145
2025-05-12 11:18:00-04:00,2025-05-12 12:43:00-04:00,2025-05-12 12:16:00-04:00,SHORT,121.4,121.37572000000002,122.6385228,164,0.01,1.5,122.614,119.57900000000001,STOP,-199.09599999999978,8.003659199998367,1.1480000000000001,9.151659199998367,-208.24765919999814,58
2025-05-12 15:08:00-04:00,2025-05-12 15:26:00-04:00,2025-05-12 15:59:00-04:00,SHORT,122.96,122.935408,123.01459799999999,162,0.01,1.5,124.1896,121.1156,FORCED_EOD,-4.860000000000184,7.968779999999327,1.1340000000000001,9.102779999999328,-13.962779999999512,51
2025-05-13 10:58:00-04:00,2025-05-13 11:05:00-04:00,2025-05-13 15:59:00-04:00,SHORT,130.63,130.603874,129.865968,153,0.01,1.5,131.9363,128.67055,FORCED_EOD,120.86999999999878,7.970382000001678,1.071,9.041382000001677,111.8286179999971,301
2025-05-14 10:54:00-04:00,2025-05-14 12:56:00-04:00,2025-05-14 12:10:00-04:00,SHORT,133.515,133.488297,134.87712003,149,0.01,1.5,134.85014999999999,131.512275,STOP,-198.9373499999998,7.99728146999982,1.043,9.040281469999819,-207.97763146999964,76
2025-05-14 13:18:00-04:00,2025-05-14 13:42:00-04:00,2025-05-14 15:59:00-04:00,LONG,134.34,134.366868,135.32003058,148,0.01,1.5,132.9966,136.3551,FORCED_EOD,149.05080000000123,7.982738160001645,1.036,9.018738160001645,140.03206183999959,161
2025-05-15 11:20:00-04:00,2025-05-15 13:22:00-04:00,2025-05-15 12:38:00-04:00,SHORT,134.37,134.343126,135.74084274,148,0.01,1.5,135.71370000000002,132.35445,STOP,-198.86760000000186,7.994477519997076,1.036,9.030477519997076,-207.89807751999894,78
2025-05-15 14:18:00-04:00,2025-05-15 15:56:00-04:00,2025-05-15 15:26:00-04:00,LONG,135.081,135.10801619999998,133.703443962,148,0.01,1.5,133.73019,137.107215,STOP,-199.91987999999935,7.956811223998557,1.036,8.992811223998556,-208.9126912239979,68
2025-05-16 10:41:00-04:00,2025-05-16 11:09:00-04:00,2025-05-16 15:59:00-04:00,LONG,134.5,134.52689999999998,135.292936,148,0.01,1.5,133.155,136.5175,FORCED_EOD,121.35999999999899,7.986671999996929,1.036,9.022671999996929,112.33732800000206,318
2025-05-19 12:18:00-04:00,2025-05-19 13:12:00-04:00,2025-05-19 12:18:00-04:00,LONG,135.0199,135.04690398,133.64296705980001,148,0.01,1.5,133.669701,137.0451985,STOP,-199.82945200000051,7.9532121895967975,1.036,8.989212189596797,-208.8186641895973,0
2025-05-19 13:52:00-04:00,2025-05-19 14:37:00-04:00,2025-05-19 15:59:00-04:00,SHORT,135.585,135.557883,135.517098,147,0.01,1.5,136.94085,133.55122500000002,FORCED_EOD,13.964999999999833,7.969604999999888,1.029,8.998604999999888,4.966394999999945,127
2025-05-20 11:00:00-04:00,2025-05-20 11:57:00-04:00,2025-05-20 15:59:00-04:00,SHORT,133.645,133.61827100000002,134.40687599999998,149,0.01,1.5,134.98145000000002,131.64032500000002,FORCED_EOD,-109.5149999999978,7.9871449999964454,1.043,9.030144999996445,-118.54514499999425,299
2025-05-21 10:06:00-04:00,2025-05-21 10:26:00-04:00,2025-05-21 11:41:00-04:00,LONG,134.14,134.16682799999998,136.12486958,149,0.01,1.5,132.7986,136.1521,TAKE_PROFIT_BRACKET,299.8029000000006,8.054704579998486,1.043,9.097704579998485,290.7051954200021,95
2025-05-21 13:03:00-04:00,2025-05-21 13:40:00-04:00,2025-05-21 13:22:00-04:00,SHORT,136.715,136.687657,134.691207855,146,0.01,1.5,138.08215,134.664275,TAKE_PROFIT_BRACKET,299.40585,7.924274829997955,1.022,8.946274829997956,290.45957517000204,19
2025-05-21 14:57:00-04:00,2025-05-21 15:32:00-04:00,2025-05-21 15:59:00-04:00,SHORT,132.455,132.42850900000002,131.75634599999998,151,0.01,1.5,133.77955,130.468175,FORCED_EOD,109.47500000000343,7.978386999997355,1.057,9.035386999997355,100.43961300000608,62
2025-05-22 11:33:00-04:00,2025-05-22 12:00:00-04:00,2025-05-22 15:59:00-04:00,LONG,132.89,132.916578,132.76334201999998,150,0.01,1.5,131.56109999999998,134.88334999999998,FORCED_EOD,-15.014999999999645,7.970397000001128,1.05,9.020397000001129,-24.035397000000774,266
2025-05-23 10:55:00-04:00,2025-05-23 11:09:00-04:00,2025-05-23 14:02:00-04:00,SHORT,131.16,131.133768,132.49809431999998,152,0.01,1.5,132.4716,129.1926,STOP,-199.36319999999978,8.014400639996438,1.064,9.078400639996438,-208.4416006399962,187
2025-05-27 14:00:00-04:00,2025-05-27 14:40:00-04:00,2025-05-27 15:59:00-04:00,LONG,135.515,135.542103,135.462902,147,0.01,1.5,134.15984999999998,137.54772499999999,FORCED_EOD,-3.6749999999966576,7.967547000000906,1.029,8.996547000000906,-12.671546999997563,119
2025-05-28 11:31:00-04:00,2025-05-28 12:27:00-04:00,2025-05-28 14:10:00-04:00,SHORT,135.739,135.7118522,137.123809278,147,0.01,1.5,137.09639,133.70291500000002,STOP,-199.53633000000139,8.021360465998669,1.029,9.050360465998669,-208.58669046600005,159
2025-05-28 15:36:00-04:00,2025-05-28 15:56:00-04:00,2025-05-28 15:54:00-04:00,LONG,136.2601,136.28735202,134.87051950019998,146,0.01,1.5,134.89749899999998,138.3040015,STOP,-198.93974600000178,7.917801890799751,1.022,8.939801890799751,-207.87954789080152,18
2025-05-29 12:15:00-04:00,2025-05-29 14:09:00-04:00,2025-05-29 13:46:00-04:00,LONG,140.27,140.298054,138.83952654,142,0.01,1.5,138.8673,142.37405,STOP,-199.18340000000143,7.9274993199984465,0.994,8.921499319998446,-208.10489931999987,91
2025-05-29 15:32:00-04:00,2025-05-29 15:55:00-04:00,2025-05-29 15:59:00-04:00,LONG,138.66,138.68773199999998,139.152164,144,0.01,1.5,137.2734,140.7399,FORCED_EOD,74.88000000000147,8.001791999999114,1.008,9.009791999999113,65.87020800000236,27
2025-05-30 11:12:00-04:00,2025-05-30 11:51:00-04:00,2025-05-30 12:22:00-04:00,LONG,135.72,135.747144,134.33592744,147,0.01,1.5,134.3628,137.7558,STOP,-199.50840000000088,7.940434319996996,1.029,8.969434319996996,-208.47783431999787,70
2025-05-30 12:49:00-04:00,2025-05-30 13:47:00-04:00,2025-05-30 15:15:00-04:00,SHORT,133.7968,133.77004064,135.16179495359998,149,0.01,1.5,135.13476799999998,131.78984799999998,STOP,-199.35723199999842,8.014160726399979,1.043,9.057160726399978,-208.4143927263984,146
2025-05-30 15:51:00-04:00,2025-05-30 15:52:00-04:00,2025-05-30 15:59:00-04:00,SHORT,135.6356,135.60847288000002,134.866968,147,0.01,1.5,136.99195600000002,133.601066,FORCED_EOD,116.95320000000109,7.951982639999926,1.029,8.980982639999926,107.97221736000117,8
2025-06-02 10:54:00-04:00,2025-06-02 11:26:00-04:00,2025-06-02 14:29:00-04:00,LONG,136.04,136.067208,138.05298388,146,0.01,1.5,134.6796,138.0806,TAKE_PROFIT_BRACKET,297.92760000000175,8.004321520000929,1.022,9.026321520000929,288.9012784800008,215
2025-06-03 11:16:00-04:00,2025-06-03 14:04:00-04:00,2025-06-03 15:59:00-04:00,LONG,141.5,141.5283,141.241746,141,0.01,1.5,140.085,143.6225,FORCED_EOD,-32.42999999999856,7.974114000000782,0.987,8.961114000000782,-41.39111399999934,283
2025-06-04 10:07:00-04:00,2025-06-04 10:19:00-04:00,2025-06-04 11:02:00-04:00,SHORT,140.06,140.031988,141.48889212,142,0.01,1.5,141.4606,137.9591,STOP,-198.8851999999996,7.995185039999001,0.994,8.989185039999,-207.8743850399986,55
2025-06-04 11:07:00-04:00,2025-06-04 11:22:00-04:00,2025-06-04 15:59:00-04:00,LONG,141.3301,141.35836601999998,141.811632,141,0.01,1.5,139.916799,143.4500515,FORCED_EOD,71.89590000000226,7.985396819998584,0.987,8.972396819998584,62.92350318000367,292
2025-06-05 10:42:00-04:00,2025-06-05 11:42:00-04:00,2025-06-05 14:03:00-04:00,LONG,141.98,142.00839599999998,140.53208795999998,140,0.01,1.5,140.56019999999998,144.10969999999998,STOP,-198.7720000000013,7.911125599997604,0.98,8.891125599997604,-207.6631255999989,201
2025-06-05 14:17:00-04:00,2025-06-05 14:35:00-04:00,2025-06-05 15:59:00-04:00,SHORT,139.955,139.92700900000003,139.97798999999998,142,0.01,1.5,141.35455000000002,137.85567500000002,FORCED_EOD,0.7100000000033901,7.949301999996351,0.994,8.94330199999635,-8.23330199999296,102
2025-06-06 10:32:00-04:00,2025-06-06 11:01:00-04:00,2025-06-06 15:59:00-04:00,SHORT,141.82,141.79163599999998,141.718338,141,0.01,1.5,143.2382,139.6927,FORCED_EOD,18.32999999999936,7.994982000000192,0.987,8.981982000000192,9.348017999999167,327
2025-06-09 10:38:00-04:00,2025-06-09 11:00:00-04:00,2025-06-09 11:36:00-04:00,SHORT,144.86,144.831028,142.71563742,138,0.01,1.5,146.3086,142.68710000000002,TAKE_PROFIT_BRACKET,299.8601999999998,7.936299960000326,0.966,8.902299960000326,290.95790003999946,58
2025-06-09 13:14:00-04:00,2025-06-09 13:38:00-04:00,2025-06-09 15:59:00-04:00,SHORT,142.89,142.86142199999998,142.57851,139,0.01,1.5,144.31889999999999,140.74665,FORCED_EOD,47.25999999999652,7.935231999999047,0.973,8.908231999999048,38.35176799999748,165
2025-06-10 13:11:00-04:00,2025-06-10 13:35:00-04:00,2025-06-10 15:59:00-04:00,LONG,142.95,142.97859,143.92620900000003,139,0.01,1.5,141.5205,145.09425,FORCED_EOD,139.69500000000332,7.975958999998937,0.973,8.948958999998938,130.74604100000437,168
2025-06-11 12:22:00-04:00,2025-06-11 12:56:00-04:00,2025-06-11 15:59:00-04:00,LONG,142.865,142.893573,142.811432,139,0.01,1.5,141.43635,145.00797500000002,FORCED_EOD,-3.47500000000079,7.9425990000002,0.973,8.915599000000201,-12.390599000000991,217
2025-06-12 10:41:00-04:00,2025-06-12 11:03:00-04:00,2025-06-12 15:59:00-04:00,SHORT,144.745,144.71605100000002,145.029,138,0.01,1.5,146.19245,142.573825,FORCED_EOD,-35.18999999999937,7.996961999997154,0.966,8.962961999997153,-44.15296199999653,318
2025-06-13 10:29:00-04:00,2025-06-13 10:58:00-04:00,2025-06-13 11:52:00-04:00,LONG,141.14,141.16822799999997,143.22844858,141,0.01,1.5,139.7286,143.25709999999998,TAKE_PROFIT_BRACKET,298.5110999999991,8.019998219996182,0.987,9.006998219996182,289.5041017800029,83
2025-06-13 12:42:00-04:00,2025-06-13 13:09:00-04:00,2025-06-13 14:36:00-04:00,SHORT,143.205,143.17635900000002,141.085136385,139,0.01,1.5,144.63705000000002,141.056925,TAKE_PROFIT_BRACKET,298.5824250000008,7.902481514997902,0.973,8.875481514997903,289.7069434850029,114
2025-06-13 15:02:00-04:00,2025-06-13 15:56:00-04:00,2025-06-13 15:59:00-04:00,SHORT,141.63,141.601674,141.988392,141,0.01,1.5,143.0463,139.50555,FORCED_EOD,-46.53000000000176,7.997237999998504,0.987,8.984237999998504,-55.51423800000027,57
2025-06-16 11:00:00-04:00,2025-06-16 12:49:00-04:00,2025-06-16 15:59:00-04:00,SHORT,144.745,144.71605100000002,144.708936,138,0.01,1.5,146.19245,142.573825,FORCED_EOD,8.969999999999686,7.98812999999592,0.966,8.954129999995919,0.015870000003766593,299
2025-06-17 10:24:00-04:00,2025-06-17 10:45:00-04:00,2025-06-17 15:59:00-04:00,LONG,144.445,144.47388899999999,144.011192,138,0.01,1.5,143.00055,146.611675,FORCED_EOD,-55.89000000000016,7.962185999998667,0.966,8.928185999998666,-64.81818599999882,335
2025-06-18 11:41:00-04:00,2025-06-18 12:36:00-04:00,2025-06-18 15:59:00-04:00,SHORT,145.28,145.250944,145.49909399999999,137,0.01,1.5,146.7328,143.1008,FORCED_EOD,-26.02999999999969,7.9665499999977385,0.9590000000000001,8.925549999997738,-34.95554999999743,258
2025-06-20 10:47:00-04:00,2025-06-20 11:15:00-04:00,2025-06-20 15:59:00-04:00,LONG,143.58,143.60871600000002,143.751244,139,0.01,1.5,142.1442,145.7337,FORCED_EOD,27.79999999999842,7.988607999998607,0.973,8.961607999998607,18.838391999999814,312
2025-06-23 11:01:00-04:00,2025-06-23 12:13:00-04:00,2025-06-23 15:59:00-04:00,SHORT,143.9,143.87122000000002,144.203835,139,0.01,1.5,145.339,141.7415,FORCED_EOD,-38.22500000000079,8.00848499999583,0.973,8.98148499999583,-47.20648499999662,298
2025-06-24 11:27:00-04:00,2025-06-24 12:17:00-04:00,2025-06-24 15:59:00-04:00,LONG,146.86,146.889372,147.80043400000002,136,0.01,1.5,145.3914,149.0629,FORCED_EOD,131.91999999999985,8.015567999997756,0.9520000000000001,8.967567999997756,122.95243200000209,272
2025-06-25 11:14:00-04:00,2025-06-25 12:15:00-04:00,2025-06-25 13:29:00-04:00,LONG,151.625,151.655325,153.86859512499998,131,0.01,1.5,150.10875,153.899375,TAKE_PROFIT_BRACKET,297.943124999999,8.004738625001607,0.917,8.921738625001607,289.0213863749974,135
2025-06-25 14:40:00-04:00,2025-06-25 14:59:00-04:00,2025-06-25 15:59:00-04:00,LONG,153.55,153.58071,154.27913800000002,130,0.01,1.5,152.0145,155.85325,FORCED_EOD,98.79999999999882,8.004359999997916,0.91,8.914359999997917,89.8856400000009,79
2025-06-26 10:59:00-04:00,2025-06-26 12:06:00-04:00,2025-06-26 15:59:00-04:00,LONG,155.515,155.546103,155.04898400000002,128,0.01,1.5,153.95985,157.847725,FORCED_EOD,-55.67999999999665,7.951231999999436,0.896,8.847231999999437,-64.52723199999609,300
2025-06-27 10:30:00-04:00,2025-06-27 11:01:00-04:00,2025-06-27 15:59:00-04:00,SHORT,157.425,157.393515,157.771548,127,0.01,1.5,158.99925000000002,155.063625,FORCED_EOD,-40.00499999999971,8.005190999998746,0.889,8.894190999998745,-48.89919099999846,329
2025-06-30 14:11:00-04:00,2025-06-30 14:57:00-04:00,2025-06-30 15:59:00-04:00,LONG,157.5648,157.59631295999998,157.838426,126,0.01,1.5,155.989152,159.928272,FORCED_EOD,38.455200000001696,7.948956959999066,0.882,8.830956959999066,29.62424304000263,108
2025-07-01 10:22:00-04:00,2025-07-01 11:23:00-04:00,2025-07-01 10:33:00-04:00,LONG,155.35,155.38107,153.76574069999998,128,0.01,1.5,153.79649999999998,157.68025,STOP,-198.84800000000178,7.914150399999926,0.896,8.810150399999927,-207.6581504000017,11
2025-07-01 12:21:00-04:00,2025-07-01 13:27:00-04:00,2025-07-01 13:05:00-04:00,SHORT,153.32,153.289336,154.88417063999998,130,0.01,1.5,154.8532,151.0202,STOP,-199.31599999999918,8.01250319999923,0.91,8.92250319999923,-208.2385031999984,44
2025-07-01 14:50:00-04:00,2025-07-01 15:47:00-04:00,2025-07-01 15:59:00-04:00,LONG,154.22,154.250844,153.259342,129,0.01,1.5,152.6778,156.5333,FORCED_EOD,-119.97000000000088,7.933757999998733,0.903,8.836757999998733,-128.8067579999996,69
2025-07-02 10:54:00-04:00,2025-07-02 11:15:00-04:00,2025-07-02 15:59:00-04:00,SHORT,157.305,157.273539,157.271448,127,0.01,1.5,158.87805,154.945425,FORCED_EOD,8.254999999999711,7.989442999998801,0.889,8.8784429999988,-0.6234429999990894,305
2025-07-03 10:22:00-04:00,2025-07-03 10:41:00-04:00,2025-07-03 12:59:00-04:00,SHORT,160.4353,160.40321294,159.30295421999998,124,0.01,1.5,162.03965300000002,158.0287705,FORCED_EOD,144.36080000000277,7.928718719999324,0.868,8.796718719999324,135.56408128000345,157
2025-07-07 12:21:00-04:00,2025-07-07 13:18:00-04:00,2025-07-07 15:59:00-04:00,SHORT,158.04,158.008392,158.28164999999998,126,0.01,1.5,159.6204,155.6694,FORCED_EOD,-26.460000000001003,7.9705079999988016,0.882,8.852507999998801,-35.3125079999998,218
2025-07-08 14:13:00-04:00,2025-07-08 14:32:00-04:00,2025-07-08 15:59:00-04:00,LONG,159.7803,159.81225606,159.96809998,125,0.01,1.5,158.182497,162.1770045,FORCED_EOD,27.474999999999028,7.994509999999622,0.875,8.869509999999622,18.605489999999406,106
2025-07-09 10:03:00-04:00,2025-07-09 10:31:00-04:00,2025-07-09 15:59:00-04:00,LONG,163.8,163.83276,162.797434,122,0.01,1.5,162.162,166.257,FORCED_EOD,-118.33999999999986,7.969771999999864,0.854,8.823771999999863,-127.16377199999972,356
2025-07-10 11:14:00-04:00,2025-07-10 11:25:00-04:00,2025-07-10 13:48:00-04:00,LONG,161.66,161.692332,164.05208302,123,0.01,1.5,160.0434,164.0849,TAKE_PROFIT_BRACKET,298.262700000001,8.01332454000044,0.861,8.87432454000044,289.3883754600006,154
2025-07-10 15:18:00-04:00,2025-07-10 15:56:00-04:00,2025-07-10 15:59:00-04:00,SHORT,164.1253,164.09247494000002,164.13782099999997,121,0.01,1.5,165.76655300000002,161.6634205,FORCED_EOD,2.456300000002443,7.94317325999728,0.847,8.79017325999728,-6.333873259994837,41
2025-07-11 12:00:00-04:00,2025-07-11 12:31:00-04:00,2025-07-11 15:59:00-04:00,LONG,166.32,166.353264,164.8485237,120,0.01,1.5,164.6568,168.8148,FORCED_EOD,-172.62000000000057,7.948836000000483,0.84,8.788836000000483,-181.40883600000106,239
2025-07-14 11:02:00-04:00,2025-07-14 11:28:00-04:00,2025-07-14 15:59:00-04:00,SHORT,164.83,164.79703400000002,164.102814,121,0.01,1.5,166.47830000000002,162.35755,FORCED_EOD,91.96000000000234,7.959379999998731,0.847,8.80637999999873,83.15362000000361,297
2025-07-15 12:23:00-04:00,2025-07-15 12:45:00-04:00,2025-07-15 15:59:00-04:00,SHORT,171.5485,171.5141903,170.58411,116,0.01,1.5,173.263985,168.9752725,FORCED_EOD,115.82599999999752,7.936685199999147,0.812,8.748685199999146,107.07731479999838,216
2025-07-16 11:14:00-04:00,2025-07-16 11:35:00-04:00,2025-07-16 15:59:00-04:00,SHORT,170.345,170.310931,171.374268,117,0.01,1.5,172.04845,167.789825,FORCED_EOD,-116.41500000000053,7.995428999998296,0.8190000000000001,8.814428999998297,-125.22942899999883,285
2025-07-17 12:25:00-04:00,2025-07-17 12:32:00-04:00,2025-07-17 15:59:00-04:00,SHORT,173.85,173.81522999999999,173.14602228,115,0.01,1.5,175.58849999999998,171.24224999999998,FORCED_EOD,84.93899999999897,7.980112200001912,0.805,8.785112200001912,76.15388779999705,214
2025-07-18 10:15:00-04:00,2025-07-18 10:44:00-04:00,2025-07-18 15:59:00-04:00,LONG,172.7018,172.73634035999999,172.345524,115,0.01,1.5,170.974782,175.292327,FORCED_EOD,-37.00699999999955,7.936881399997446,0.805,8.741881399997446,-45.748881399996996,344
2025-07-21 12:22:00-04:00,2025-07-21 12:42:00-04:00,2025-07-21 15:59:00-04:00,LONG,171.81,171.844362,171.42570800000001,116,0.01,1.5,170.0919,174.38715,FORCED_EOD,-40.59999999999934,7.963863999997784,0.812,8.775863999997783,-49.37586399999712,217
2025-07-22 12:29:00-04:00,2025-07-22 13:03:00-04:00,2025-07-22 15:59:00-04:00,LONG,167.63,167.663526,165.92050926,119,0.01,1.5,165.9537,170.14445,STOP,-199.47969999999972,7.939292060000469,0.833,8.772292060000469,-208.2519920600002,210
2025-07-23 11:49:00-04:00,2025-07-23 12:38:00-04:00,2025-07-23 15:59:00-04:00,LONG,169.0948,169.12861895999998,170.795834,118,0.01,1.5,167.403852,171.63122199999998,FORCED_EOD,204.7536000000024,8.022225279998793,0.8260000000000001,8.848225279998793,195.9053747200036,250
2025-07-24 11:26:00-04:00,2025-07-24 11:42:00-04:00,2025-07-24 15:59:00-04:00,LONG,172.87,172.904574,173.745244,115,0.01,1.5,171.1413,175.46305,FORCED_EOD,104.64999999999961,7.972949999997638,0.805,8.777949999997638,95.87205000000196,273
2025-07-25 12:24:00-04:00,2025-07-25 13:00:00-04:00,2025-07-25 15:59:00-04:00,LONG,174.3,174.33486000000002,173.445304,114,0.01,1.5,172.55700000000002,176.9145,FORCED_EOD,-93.48000000000246,7.929384000000653,0.798,8.727384000000653,-102.20738400000312,215
2025-07-28 11:19:00-04:00,2025-07-28 11:36:00-04:00,2025-07-28 15:57:00-04:00,SHORT,174.89,174.855022,176.67422777999997,114,0.01,1.5,176.63889999999998,172.26665,STOP,-199.37459999999908,8.014858919998176,0.798,8.812858919998176,-208.18745891999725,278
2025-07-29 11:32:00-04:00,2025-07-29 11:34:00-04:00,2025-07-29 15:59:00-04:00,SHORT,175.98,175.944804,175.54510199999999,113,0.01,1.5,177.7398,173.34029999999998,FORCED_EOD,53.10999999999987,7.9436739999977135,0.791,8.734673999997714,44.37532600000216,267
2025-07-30 11:59:00-04:00,2025-07-30 12:40:00-04:00,2025-07-30 15:59:00-04:00,LONG,178.93,178.965786,179.254142,111,0.01,1.5,177.1407,181.61395000000002,FORCED_EOD,39.95999999999836,7.952483999999117,0.777,8.729483999999117,31.23051599999924,240
2025-07-31 10:59:00-04:00,2025-07-31 11:33:00-04:00,2025-07-31 14:10:00-04:00,SHORT,179.9,179.86402,177.23694030000001,111,0.01,1.5,181.699,177.2015,TAKE_PROFIT_BRACKET,299.53349999999955,7.9276532999999745,0.777,8.704653299999974,290.8288466999996,191
2025-07-31 14:29:00-04:00,2025-07-31 15:14:00-04:00,2025-07-31 15:59:00-04:00,LONG,177.3572,177.39267144000002,177.81443,112,0.01,1.5,175.583628,180.017558,FORCED_EOD,55.193599999998696,7.956641280001804,0.784,8.740641280001805,46.45295871999689,90
2025-08-01 10:02:00-04:00,2025-08-01 10:25:00-04:00,2025-08-01 10:10:00-04:00,SHORT,171.8,171.76564000000002,173.5527036,116,0.01,1.5,173.518,169.223,STOP,-199.28799999999876,8.01137759999915,0.812,8.82337759999915,-208.11137759999792,8
2025-08-01 11:43:00-04:00,2025-08-01 12:41:00-04:00,2025-08-01 13:02:00-04:00,LONG,175.62,175.655124,173.82902724,113,0.01,1.5,173.8638,178.2543,STOP,-198.45060000000078,7.898333880000678,0.791,8.689333880000678,-207.13993388000145,79
2025-08-01 14:27:00-04:00,2025-08-01 14:55:00-04:00,2025-08-01 15:59:00-04:00,LONG,173.1999,173.23453998000002,173.545284,115,0.01,1.5,171.467901,175.7978985,FORCED_EOD,43.71149999999986,7.975937700001339,0.805,8.780937700001338,34.93056229999852,92
2025-08-04 13:03:00-04:00,2025-08-04 13:44:00-04:00,2025-08-04 15:59:00-04:00,LONG,178.795,178.83075899999997,179.934006,111,0.01,1.5,177.00705,181.476925,FORCED_EOD,130.42500000000126,7.9645829999969635,0.777,8.741582999996963,121.6834170000043,176
2025-08-05 12:02:00-04:00,2025-08-05 12:38:00-04:00,2025-08-05 15:59:00-04:00,SHORT,177.395,177.359521,179.20478379000002,112,0.01,1.5,179.16895000000002,174.73407500000002,STOP,-198.6824000000015,7.987032480000835,0.784,8.771032480000835,-207.45343248000233,237
2025-08-06 10:39:00-04:00,2025-08-06 11:37:00-04:00,2025-08-06 15:59:00-04:00,LONG,178.06,178.095612,179.374118,112,0.01,1.5,176.2794,180.7309,FORCED_EOD,151.19999999999936,8.00732799999696,0.784,8.79132799999696,142.4086720000024,320
2025-08-07 10:58:00-04:00,2025-08-07 11:45:00-04:00,2025-08-07 12:46:00-04:00,LONG,181.615,181.65132300000002,179.76289023,110,0.01,1.5,179.79885000000002,184.339225,STOP,-199.77649999999926,7.951104700001679,0.77,8.721104700001678,-208.49760470000095,108
2025-08-07 13:32:00-04:00,2025-08-07 13:50:00-04:00,2025-08-07 15:59:00-04:00,LONG,179.6,179.63592,180.843824,111,0.01,1.5,177.804,182.29399999999998,FORCED_EOD,142.08000000000013,8.002655999998638,0.777,8.779655999998637,133.3003440000015,147
2025-08-08 10:54:00-04:00,2025-08-08 11:39:00-04:00,2025-08-08 15:59:00-04:00,SHORT,182.595,182.558481,182.78655,109,0.01,1.5,184.42095,179.856075,FORCED_EOD,-16.895000000000124,7.964521000000417,0.763,8.727521000000417,-25.622521000000543,305
2025-08-11 15:18:00-04:00,2025-08-11 15:41:00-04:00,2025-08-11 15:59:00-04:00,LONG,182.5272,182.56370543999998,182.048583,109,0.01,1.5,180.70192799999998,185.265108,FORCED_EOD,-48.19979999999842,7.94854595999837,0.763,8.71154595999837,-56.91134595999679,41
2025-08-12 13:03:00-04:00,2025-08-12 13:31:00-04:00,2025-08-12 15:59:00-04:00,SHORT,182.595,182.558481,184.45783419,109,0.01,1.5,184.42095,179.856075,STOP,-199.02855000000065,8.00094770999928,0.763,8.76394770999928,-207.79249770999994,176
2025-08-13 11:13:00-04:00,2025-08-13 11:37:00-04:00,2025-08-13 15:59:00-04:00,LONG,180.02,180.056004,181.533686,111,0.01,1.5,178.21980000000002,182.7203,FORCED_EOD,172.0499999999981,8.027297999999519,0.777,8.804297999999518,163.2457019999986,286
2025-08-14 10:58:00-04:00,2025-08-14 11:48:00-04:00,2025-08-14 15:59:00-04:00,LONG,182.12,182.156424,181.9636,109,0.01,1.5,180.2988,184.8518,FORCED_EOD,-13.080000000000496,7.937815999996587,0.763,8.700815999996587,-21.780815999997085,301
2025-08-15 14:49:00-04:00,2025-08-15 15:12:00-04:00,2025-08-15 15:59:00-04:00,LONG,179.71,179.745942,180.40401198,111,0.01,1.5,177.9129,182.40565,FORCED_EOD,81.04109999999923,7.995332219999966,0.777,8.772332219999965,72.26876777999927,70
2025-08-18 10:40:00-04:00,2025-08-18 11:32:00-04:00,2025-08-18 15:59:00-04:00,LONG,181.86,181.896372,181.933606,109,0.01,1.5,180.0414,184.58790000000002,FORCED_EOD,11.989999999998389,7.931494000000157,0.763,8.694494000000157,3.295505999998232,319
2025-08-19 10:28:00-04:00,2025-08-19 10:56:00-04:00,2025-08-19 10:43:00-04:00,LONG,179.24,179.275848,177.41211048000002,111,0.01,1.5,177.44760000000002,181.92860000000002,STOP,-198.9563999999985,7.91846471999844,0.777,8.695464719998439,-207.65186471999692,15
2025-08-19 12:07:00-04:00,2025-08-19 12:32:00-04:00,2025-08-19 13:11:00-04:00,LONG,177.66,177.695532,175.84822332,112,0.01,1.5,175.8834,180.32489999999999,STOP,-198.97920000000022,7.9193721599995115,0.784,8.703372159999512,-207.68257215999972,64
2025-08-20 11:27:00-04:00,2025-08-20 11:47:00-04:00,2025-08-20 15:17:00-04:00,LONG,171.96,171.994392,174.50449212,116,0.01,1.5,170.2404,174.5394,TAKE_PROFIT_BRACKET,299.21039999999914,8.038786079998658,0.812,8.850786079998658,290.35961392000047,230
2025-08-21 10:03:00-04:00,2025-08-21 10:39:00-04:00,2025-08-21 15:59:00-04:00,LONG,175.086,175.1210172,174.9360058,114,0.01,1.5,173.33514000000002,177.71229000000002,FORCED_EOD,-13.110000000001037,7.981299599999829,0.798,8.77929959999983,-21.889299600000868,356
2025-08-22 10:01:00-04:00,2025-08-22 10:54:00-04:00,2025-08-22 11:31:00-04:00,LONG,175.72,175.755144,178.32012884,113,0.01,1.5,173.9628,178.3558,TAKE_PROFIT_BRACKET,297.8453999999988,8.002113079999447,0.791,8.793113079999447,289.05228691999935,90
2025-08-22 12:57:00-04:00,2025-08-22 13:06:00-04:00,2025-08-22 15:59:00-04:00,SHORT,176.97,176.934606,178.05560400000002,113,0.01,1.5,178.7397,174.31545,FORCED_EOD,-118.65000000000128,8.02277400000034,0.791,8.81377400000034,-127.46377400000162,182
2025-08-25 11:03:00-04:00,2025-08-25 11:47:00-04:00,2025-08-25 15:59:00-04:00,SHORT,180.29,180.253942,179.875968,110,0.01,1.5,182.0929,177.58565,FORCED_EOD,49.49999999999875,7.922859999999332,0.77,8.692859999999332,40.807139999999414,296
2025-08-26 13:36:00-04:00,2025-08-26 13:51:00-04:00,2025-08-26 15:59:00-04:00,SHORT,181.6,181.56368,181.73633999999998,110,0.01,1.5,183.416,178.876,FORCED_EOD,-10.999999999999375,7.992599999998333,0.77,8.762599999998333,-19.762599999997708,143
2025-08-27 12:21:00-04:00,2025-08-27 12:41:00-04:00,2025-08-27 15:59:00-04:00,LONG,181.5946,181.63091892,181.56368,110,0.01,1.5,179.77865400000002,184.318519,FORCED_EOD,0.593999999997834,7.990281199997185,0.77,8.760281199997184,-8.16628119999935,218
2025-08-28 11:55:00-04:00,2025-08-28 12:25:00-04:00,2025-08-28 14:55:00-04:00,LONG,178.69,178.725738,181.33407593,111,0.01,1.5,176.9031,181.37035,TAKE_PROFIT_BRACKET,297.5188500000005,7.993339769999949,0.777,8.770339769999948,288.7485102300006,180
2025-08-28 15:24:00-04:00,2025-08-28 15:41:00-04:00,2025-08-28 15:59:00-04:00,LONG,179.995,180.030999,180.16396,111,0.01,1.5,178.19505,182.694925,FORCED_EOD,22.754999999998233,7.996328999998838,0.777,8.773328999998837,13.981670999999396,35
2025-08-29 10:51:00-04:00,2025-08-29 11:08:00-04:00,2025-08-29 15:59:00-04:00,LONG,173.5942,173.62891883999998,174.245144,115,0.01,1.5,171.858258,176.198113,FORCED_EOD,78.86700000000005,8.001106599996888,0.805,8.806106599996887,70.06089340000315,308
2025-09-02 12:09:00-04:00,2025-09-02 12:20:00-04:00,2025-09-02 14:48:00-04:00,LONG,167.25,167.28345,169.72479825,119,0.01,1.5,165.5775,169.75875,TAKE_PROFIT_BRACKET,298.5412499999991,8.020808249998538,0.833,8.853808249998538,289.6874417500005,159
2025-09-02 15:32:00-04:00,2025-09-02 15:53:00-04:00,2025-09-02 15:59:00-04:00,SHORT,170.5801,170.54598398,170.78414999999998,117,0.01,1.5,172.285901,168.02139849999998,FORCED_EOD,-19.878300000001474,7.987124339997848,0.8190000000000001,8.806124339997849,-28.68442433999932,27
2025-09-03 11:04:00-04:00,2025-09-03 11:30:00-04:00,2025-09-03 14:00:00-04:00,LONG,171.585,171.619317,169.83517617,116,0.01,1.5,169.86915000000002,174.15877500000002,STOP,-199.03859999999872,7.921736279999436,0.812,8.733736279999436,-207.77233627999817,176
2025-09-03 14:23:00-04:00,2025-09-03 15:01:00-04:00,2025-09-03 15:59:00-04:00,LONG,169.445,169.47888899999998,170.585876,118,0.01,1.5,167.75055,171.986675,FORCED_EOD,138.65000000000134,8.025533999997549,0.8260000000000001,8.85153399999755,129.7984660000038,96
2025-09-04 11:11:00-04:00,2025-09-04 12:04:00-04:00,2025-09-04 15:59:00-04:00,LONG,170.3677,170.40177354000002,171.605672,117,0.01,1.5,168.66402300000001,172.92321550000003,FORCED_EOD,148.85909999999683,8.002980179999582,0.8190000000000001,8.821980179999583,140.03711981999726,288
2025-09-05 13:38:00-04:00,2025-09-05 14:10:00-04:00,2025-09-05 15:59:00-04:00,LONG,166.131,166.1642262,167.00659199999998,120,0.01,1.5,164.46969,168.622965,FORCED_EOD,109.07999999999902,7.996104000001196,0.84,8.836104000001196,100.24389599999782,141
2025-09-08 11:49:00-04:00,2025-09-08 12:00:00-04:00,2025-09-08 15:59:00-04:00,LONG,169.36,169.39387200000002,168.336326,118,0.01,1.5,167.6664,171.90040000000002,FORCED_EOD,-116.82000000000107,7.970427999999174,0.8260000000000001,8.796427999999175,-125.61642800000024,250
2025-09-09 10:51:00-04:00,2025-09-09 11:06:00-04:00,2025-09-09 15:02:00-04:00,LONG,166.85,166.88336999999999,169.31887945,119,0.01,1.5,165.1815,169.35275,TAKE_PROFIT_BRACKET,297.827249999999,8.00162544999759,0.833,8.83462544999759,288.9926245500014,251
2025-09-10 11:41:00-04:00,2025-09-10 12:23:00-04:00,2025-09-10 14:26:00-04:00,LONG,178.125,178.160625,176.30848125,112,0.01,1.5,176.34375,180.796875,STOP,-199.5,7.940100000001166,0.784,8.724100000001167,-208.22410000000116,165
2025-09-10 14:31:00-04:00,2025-09-10 14:55:00-04:00,2025-09-10 15:59:00-04:00,LONG,176.18,176.215236,177.26454,113,0.01,1.5,174.4182,178.8227,FORCED_EOD,126.56000000000051,7.988647999999785,0.791,8.779647999999785,117.78035200000073,88
2025-09-11 12:25:00-04:00,2025-09-11 13:12:00-04:00,2025-09-11 15:59:00-04:00,LONG,177.4581,177.49359162,177.054582,112,0.01,1.5,175.683519,180.1199715,FORCED_EOD,-41.22719999999981,7.941877439997825,0.784,8.725877439997825,-49.953077439997635,214
2025-09-12 11:30:00-04:00,2025-09-12 12:08:00-04:00,2025-09-12 15:59:00-04:00,LONG,177.665,177.70053299999998,177.75444199999998,112,0.01,1.5,175.88835,180.329975,FORCED_EOD,14.0,7.962191999999504,0.784,8.746191999999505,5.253808000000496,269
2025-09-15 11:14:00-04:00,2025-09-15 12:08:00-04:00,2025-09-15 11:46:00-04:00,SHORT,175.815,175.77983700000001,177.60866463,113,0.01,1.5,177.57315,173.177775,STOP,-198.67095000000006,7.986572189997446,0.791,8.777572189997446,-207.4485221899975,32
2025-09-15 14:06:00-04:00,2025-09-15 14:25:00-04:00,2025-09-15 15:59:00-04:00,SHORT,177.8483,177.81273034,177.825558,112,0.01,1.5,179.626783,175.1805755,FORCED_EOD,6.5296000000003005,7.9662979200002155,0.784,8.750297920000216,-2.220697919999915,113
2025-09-16 11:04:00-04:00,2025-09-16 12:46:00-04:00,2025-09-16 15:59:00-04:00,LONG,176.06,176.095212,174.82502800000003,113,0.01,1.5,174.2994,178.7009,FORCED_EOD,-135.59999999999872,7.930791999998121,0.791,8.721791999998121,-144.32179199999683,295
2025-09-17 11:17:00-04:00,2025-09-17 11:35:00-04:00,2025-09-17 15:59:00-04:00,SHORT,170.605,170.570879,170.244042,117,0.01,1.5,172.31105,168.04592499999998,FORCED_EOD,46.21499999999787,7.975070999999815,0.8190000000000001,8.794070999999816,37.420928999998054,282
2025-09-18 11:53:00-04:00,2025-09-18 12:25:00-04:00,2025-09-18 15:59:00-04:00,SHORT,175.52,175.48489600000002,176.315256,113,0.01,1.5,177.2752,172.8872,FORCED_EOD,-85.87999999999897,7.950679999999295,0.791,8.741679999999295,-94.62167999999826,246
2025-09-19 13:28:00-04:00,2025-09-19 13:44:00-04:00,2025-09-19 15:59:00-04:00,SHORT,175.75,175.71485,177.5430015,113,0.01,1.5,177.5075,173.11375,STOP,-198.59749999999923,7.983619499999634,0.791,8.774619499999634,-207.37211949999886,151
2025-09-22 11:35:00-04:00,2025-09-22 13:01:00-04:00,2025-09-22 12:04:00-04:00,SHORT,175.53,175.49489400000002,177.32075706,113,0.01,1.5,177.2853,172.89705,STOP,-198.3489000000006,7.9736257799981445,0.791,8.764625779998145,-207.11352577999875,29
2025-09-22 13:16:00-04:00,2025-09-22 14:55:00-04:00,2025-09-22 15:59:00-04:00,LONG,182.7,182.73654,183.57327800000002,109,0.01,1.5,180.873,185.4405,FORCED_EOD,99.19000000000273,7.985557999999969,0.763,8.748557999999969,90.44144200000275,163
2025-09-23 11:43:00-04:00,2025-09-23 11:48:00-04:00,2025-09-23 15:59:00-04:00,SHORT,179.995,179.959001,177.33053401499998,111,0.01,1.5,181.79495,177.295075,TAKE_PROFIT_BRACKET,299.6916750000008,7.9318396649989324,0.777,8.708839664998932,290.9828353350019,256
2025-09-24 11:12:00-04:00,2025-09-24 11:21:00-04:00,2025-09-24 12:12:00-04:00,SHORT,178.11,178.07437800000002,175.47343767,112,0.01,1.5,179.89110000000002,175.43835,TAKE_PROFIT_BRACKET,299.22479999999996,7.91948303999834,0.784,8.703483039998341,290.5213169600016,60
2025-09-24 15:46:00-04:00,2025-09-24 15:49:00-04:00,2025-09-24 15:59:00-04:00,SHORT,176.73,176.69465399999999,176.91537599999998,113,0.01,1.5,178.4973,174.07905,FORCED_EOD,-16.950000000000642,7.99158599999879,0.791,8.78258599999879,-25.732585999999433,13
2025-09-25 11:09:00-04:00,2025-09-25 11:18:00-04:00,2025-09-25 11:39:00-04:00,SHORT,177.4401,177.40461198,179.25034390020002,112,0.01,1.5,179.214501,174.7784985,STOP,-198.7329120000013,7.989063062401328,0.784,8.773063062401329,-207.50597506240263,30
2025-09-25 14:02:00-04:00,2025-09-25 14:12:00-04:00,2025-09-25 14:41:00-04:00,SHORT,175.99,175.954802,177.78544997999998,113,0.01,1.5,177.7499,173.35015,STOP,-198.8686999999986,7.994521739999215,0.791,8.785521739999215,-207.6542217399978,39
2025-09-26 10:16:00-04:00,2025-09-26 11:17:00-04:00,2025-09-26 15:55:00-04:00,SHORT,176.38,176.34472399999999,178.17942876,113,0.01,1.5,178.1438,173.7343,STOP,-199.30940000000038,8.012237880002147,0.791,8.803237880002147,-208.11263788000252,339
2025-09-29 10:57:00-04:00,2025-09-29 12:07:00-04:00,2025-09-29 15:59:00-04:00,SHORT,183.18,183.14336400000002,181.866366,109,0.01,1.5,185.0118,180.4323,FORCED_EOD,147.14999999999938,7.9572179999971695,0.763,8.72021799999717,138.4297820000022,302
2025-09-30 10:04:00-04:00,2025-09-30 10:18:00-04:00,2025-09-30 10:50:00-04:00,SHORT,184.895,184.858021,186.78129879000002,108,0.01,1.5,186.74395,182.121575,STOP,-199.68660000000023,8.027401320001331,0.756,8.783401320001332,-208.47000132000156,46
2025-09-30 12:22:00-04:00,2025-09-30 13:11:00-04:00,2025-09-30 15:15:00-04:00,LONG,187.0699,187.10731398,185.16216115979998,106,0.01,1.5,185.199201,189.8759485,STOP,-198.2940940000002,7.892104941200614,0.742,8.634104941200615,-206.9281989412008,173
2025-10-01 10:30:00-04:00,2025-10-01 11:14:00-04:00,2025-10-01 15:59:00-04:00,SHORT,186.655,186.617669,187.20743399999998,107,0.01,1.5,188.52155,183.855175,FORCED_EOD,-55.10499999999854,7.999854999998405,0.749,8.748854999998406,-63.85385499999695,329
2025-10-02 14:00:00-04:00,2025-10-02 14:11:00-04:00,2025-10-02 15:59:00-04:00,LONG,188.76,188.79775199999997,188.882216,105,0.01,1.5,186.8724,191.5914,FORCED_EOD,16.799999999999642,7.931279999996974,0.735,8.666279999996974,8.133720000002668,119
2025-10-03 12:38:00-04:00,2025-10-03 13:13:00-04:00,2025-10-03 13:46:00-04:00,LONG,188.1701,188.20773401999998,186.2511413202,106,0.01,1.5,186.288399,190.9926515,STOP,-199.4603059999992,7.938520178799081,0.742,8.680520178799082,-208.14082617879828,68
2025-10-06 13:33:00-04:00,2025-10-06 14:46:00-04:00,2025-10-06 15:59:00-04:00,LONG,185.86,185.897172,185.492894,107,0.01,1.5,184.00140000000002,188.64790000000002,FORCED_EOD,-35.31000000000134,7.947745999999199,0.749,8.6967459999992,-44.00674600000054,146
2025-10-07 11:03:00-04:00,2025-10-07 11:57:00-04:00,2025-10-07 11:07:00-04:00,LONG,187.025,187.062405,185.11771905,106,0.01,1.5,185.15475,189.830375,STOP,-198.24649999999986,7.890210700000921,0.742,8.632210700000922,-206.87871070000077,4
2025-10-07 12:04:00-04:00,2025-10-07 12:20:00-04:00,2025-10-07 15:59:00-04:00,SHORT,186.0901,186.05288198000002,184.98699,107,0.01,1.5,187.95100100000002,183.29874850000002,FORCED_EOD,121.99070000000194,7.9402581399985195,0.749,8.68925813999852,113.30144186000342,235
2025-10-08 13:12:00-04:00,2025-10-08 13:32:00-04:00,2025-10-08 15:59:00-04:00,LONG,187.85,187.88756999999998,189.022188,106,0.01,1.5,185.9715,190.66774999999998,FORCED_EOD,128.26000000000084,7.990491999998994,0.742,8.732491999998995,119.52750800000184,167
2025-10-09 14:28:00-04:00,2025-10-09 15:05:00-04:00,2025-10-09 15:59:00-04:00,LONG,192.72,192.758544,192.50149199999998,103,0.01,1.5,190.7928,195.6108,FORCED_EOD,-18.540000000000703,7.936356000000927,0.721,8.657356000000927,-27.19735600000163,91
2025-10-10 11:00:00-04:00,2025-10-10 11:53:00-04:00,2025-10-10 11:02:00-04:00,LONG,194.15,194.18883,192.17005830000002,102,0.01,1.5,192.20850000000002,197.06225,STOP,-198.03299999999905,7.881713399998262,0.714,8.595713399998262,-206.6287133999973,2
2025-10-10 12:47:00-04:00,2025-10-10 13:23:00-04:00,2025-10-10 15:28:00-04:00,LONG,188.1703,188.20793405999999,186.2513392806,106,0.01,1.5,186.288597,190.9928545,STOP,-199.46051799999867,7.938528616399026,0.742,8.680528616399027,-208.1410466163977,161
2025-10-10 15:33:00-04:00,2025-10-10 15:56:00-04:00,2025-10-10 15:54:00-04:00,LONG,186.08,186.117216,184.18235616,107,0.01,1.5,184.2192,188.87120000000002,STOP,-199.10560000000126,7.924402879998894,0.749,8.673402879998894,-207.77900288000015,21
2025-10-13 10:25:00-04:00,2025-10-13 11:12:00-04:00,2025-10-13 10:57:00-04:00,LONG,188.14,188.17762799999997,186.22134827999997,106,0.01,1.5,186.25859999999997,190.9621,STOP,-199.42840000000143,7.937250319998327,0.742,8.679250319998328,-208.10765031999975,32
2025-10-13 12:35:00-04:00,2025-10-13 13:24:00-04:00,2025-10-13 15:59:00-04:00,SHORT,188.73,188.692254,188.357664,105,0.01,1.5,190.6173,185.89905,FORCED_EOD,43.04999999999964,7.918050000000534,0.735,8.653050000000533,34.39694999999911,204
2025-10-14 10:47:00-04:00,2025-10-14 11:20:00-04:00,2025-10-14 15:56:00-04:00,LONG,181.725,181.76134499999998,179.87176845,110,0.01,1.5,179.90775,184.450875,STOP,-199.89750000000015,7.955920499998399,0.77,8.725920499998399,-208.62342049999856,309
2025-10-15 10:32:00-04:00,2025-10-15 10:46:00-04:00,2025-10-15 11:49:00-04:00,LONG,182.1182,182.15462364,180.2609585964,109,0.01,1.5,180.297018,184.849973,STOP,-198.50883799999926,7.900651752401757,0.763,8.663651752401757,-207.17248975240102,77
2025-10-15 13:42:00-04:00,2025-10-15 14:10:00-04:00,2025-10-15 15:59:00-04:00,LONG,178.805,178.84076100000001,179.839025,111,0.01,1.5,177.01695,181.487075,FORCED_EOD,118.76999999999924,7.962696000001728,0.777,8.739696000001727,110.03030399999751,137
2025-10-16 11:31:00-04:00,2025-10-16 12:18:00-04:00,2025-10-16 15:59:00-04:00,SHORT,182.0288,181.99239423999998,181.8473622,109,0.01,1.5,183.849088,179.29836799999998,FORCED_EOD,23.74019999999811,7.931707639999246,0.763,8.694707639999246,15.045492359998866,268
2025-10-17 13:03:00-04:00,2025-10-17 13:38:00-04:00,2025-10-17 15:59:00-04:00,SHORT,182.4899,182.45340202,183.271647,109,0.01,1.5,184.314799,179.7525515,FORCED_EOD,-81.21590000000086,7.972802819999458,0.763,8.735802819999458,-89.95170282000032,176
2025-10-20 10:23:00-04:00,2025-10-20 10:38:00-04:00,2025-10-20 15:59:00-04:00,SHORT,184.0786,184.04178428,182.60651399999998,108,0.01,1.5,185.919386,181.317421,FORCED_EOD,162.92880000000014,7.919609759997343,0.756,8.675609759997343,154.2531902400028,336
2025-10-21 10:06:00-04:00,2025-10-21 10:17:00-04:00,2025-10-21 15:59:00-04:00,LONG,180.2807,180.31675614,181.123768,110,0.01,1.5,178.477893,182.98491049999998,FORCED_EOD,96.72300000000007,7.9516953999981865,0.77,8.721695399998186,88.00130460000189,353
2025-10-22 10:30:00-04:00,2025-10-22 11:16:00-04:00,2025-10-22 11:30:00-04:00,LONG,180.42,180.45608399999998,178.58007683999998,110,0.01,1.5,178.61579999999998,183.1263,STOP,-198.46200000000096,7.898787599999082,0.77,8.668787599999082,-207.13078760000005,60
2025-10-22 11:31:00-04:00,2025-10-22 11:47:00-04:00,2025-10-22 13:53:00-04:00,LONG,178.67,178.70573399999998,176.84792334,111,0.01,1.5,176.8833,181.35004999999998,STOP,-198.32369999999958,7.893283259998668,0.777,8.670283259998667,-206.99398325999823,142
2025-10-23 11:45:00-04:00,2025-10-23 11:54:00-04:00,2025-10-23 15:59:00-04:00,LONG,181.465,181.501293,182.16356,110,0.01,1.5,179.65035,184.186975,FORCED_EOD,80.84999999999837,8.000629999999944,0.77,8.770629999999944,72.07936999999843,254
2025-10-24 10:05:00-04:00,2025-10-24 10:37:00-04:00,2025-10-24 15:59:00-04:00,LONG,185.03,185.067006,186.23274600000002,108,0.01,1.5,183.1797,187.80545,FORCED_EOD,133.92000000000098,8.02007999999796,0.756,8.776079999997961,125.14392000000302,354
2025-10-27 10:07:00-04:00,2025-10-27 10:33:00-04:00,2025-10-27 10:23:00-04:00,LONG,190.34,190.378068,188.39891268,105,0.01,1.5,188.4366,193.1951,STOP,-199.8570000000005,7.954308600001383,0.735,8.689308600001382,-208.5463086000019,16
2025-10-27 12:53:00-04:00,2025-10-27 13:34:00-04:00,2025-10-27 15:59:00-04:00,SHORT,191.2999,191.26164002000002,191.468286,104,0.01,1.5,193.21289900000002,188.43040150000002,FORCED_EOD,-13.530399999999872,7.960781919999135,0.728,8.688781919999135,-22.21918191999901,186
2025-10-28 12:02:00-04:00,2025-10-28 12:56:00-04:00,2025-10-28 13:12:00-04:00,SHORT,193.62,193.581276,195.59531124,103,0.01,1.5,195.55620000000002,190.7157,STOP,-199.4286000000014,8.017029719998419,0.721,8.73802971999842,-208.16662971999983,70
2025-10-28 13:13:00-04:00,2025-10-28 13:30:00-04:00,2025-10-28 13:53:00-04:00,SHORT,195.945,195.905811,197.94403089,102,0.01,1.5,197.90445,193.005825,STOP,-199.8639000000004,8.034528779998936,0.714,8.748528779998937,-208.61242877999933,40
2025-10-28 15:09:00-04:00,2025-10-28 15:44:00-04:00,2025-10-28 15:59:00-04:00,SHORT,201.28,201.239744,201.07020599999998,99,0.01,1.5,203.2928,198.2608,FORCED_EOD,24.75,7.965737999998311,0.6930000000000001,8.65873799999831,16.091262000001688,50
2025-10-29 11:46:00-04:00,2025-10-29 12:46:00-04:00,2025-10-29 12:07:00-04:00,LONG,207.23,207.271446,205.11666845999997,96,0.01,1.5,205.15769999999998,210.33845,STOP,-198.94080000000122,7.9178438400012965,0.672,8.589843840001297,-207.5306438400025,21
2025-10-29 13:52:00-04:00,2025-10-29 14:25:00-04:00,2025-10-29 15:59:00-04:00,SHORT,207.53,207.488494,207.09141,96,0.01,1.5,209.6053,204.41705,FORCED_EOD,46.07999999999902,7.959935999998379,0.672,8.63193599999838,37.44806400000064,127
2025-10-30 13:15:00-04:00,2025-10-30 13:28:00-04:00,2025-10-30 15:59:00-04:00,LONG,202.53,202.570506,202.739444,98,0.01,1.5,200.5047,205.56795,FORCED_EOD,24.5,7.94407600000028,0.686,8.63007600000028,15.86992399999972,164
2025-10-31 11:21:00-04:00,2025-10-31 11:42:00-04:00,2025-10-31 12:00:00-04:00,LONG,205.47,205.51109399999999,203.37461694,97,0.01,1.5,203.4153,208.55205,STOP,-199.3058999999997,7.9323748199979605,0.679,8.61137481999796,-207.91727481999766,39
2025-10-31 12:16:00-04:00,2025-10-31 12:40:00-04:00,2025-10-31 15:59:00-04:00,SHORT,203.86,203.819228,202.450482,98,0.01,1.5,205.89860000000002,200.80210000000002,FORCED_EOD,142.10000000000167,7.962892000000124,0.686,8.648892000000124,133.45110800000154,223
2025-11-03 10:24:00-05:00,2025-11-03 10:40:00-05:00,2025-11-03 12:57:00-05:00,SHORT,208.41,208.368318,210.53619882,95,0.01,1.5,210.4941,205.28385,STOP,-197.98950000000062,7.959177900001464,0.665,8.624177900001463,-206.61367790000207,153
2025-11-03 13:05:00-05:00,2025-11-03 13:33:00-05:00,2025-11-03 14:25:00-05:00,SHORT,210.9801,210.93790398,207.85696157969997,94,0.01,1.5,213.089901,207.8153985,TAKE_PROFIT_BRACKET,297.48194100000063,7.8733553717989935,0.658,8.531355371798993,288.9505856282016,80
2025-11-03 15:28:00-05:00,2025-11-03 15:56:00-05:00,2025-11-03 15:59:00-05:00,LONG,206.955,206.99639100000002,206.978596,96,0.01,1.5,204.88545000000002,210.059325,FORCED_EOD,6.239999999999782,7.948320000000422,0.672,8.620320000000422,-2.38032000000064,31
2025-11-04 12:32:00-05:00,2025-11-04 12:51:00-05:00,2025-11-04 15:55:00-05:00,SHORT,201.01,200.969798,198.03444896999997,99,0.01,1.5,203.02009999999999,197.99484999999999,TAKE_PROFIT_BRACKET,298.49985000000055,7.900296029997975,0.6930000000000001,8.593296029997974,289.9065539700026,203
2025-11-05 10:49:00-05:00,2025-11-05 11:26:00-05:00,2025-11-05 15:36:00-05:00,SHORT,201.7,201.65966,198.71423489999998,99,0.01,1.5,203.71699999999998,198.6745,TAKE_PROFIT_BRACKET,299.5244999999994,7.927415099997148,0.6930000000000001,8.620415099997148,290.9040849000023,287
2025-11-06 10:49:00-05:00,2025-11-06 10:52:00-05:00,2025-11-06 12:21:00-05:00,LONG,189.47,189.507894,187.53778494,105,0.01,1.5,187.5753,192.31205,STOP,-198.94350000000003,7.917951299999828,0.735,8.652951299999827,-207.59645129999987,92
2025-11-06 12:24:00-05:00,2025-11-06 12:47:00-05:00,2025-11-06 13:36:00-05:00,LONG,186.89,186.92737799999998,189.65541133,106,0.01,1.5,185.0211,189.69334999999998,TAKE_PROFIT_BRACKET,297.15509999999944,7.983567019997679,0.742,8.72556701999768,288.42953298000174,72
2025-11-06 13:54:00-05:00,2025-11-06 14:08:00-05:00,2025-11-06 15:59:00-05:00,LONG,188.79,188.827758,188.132366,105,0.01,1.5,186.9021,191.62185,FORCED_EOD,-65.10000000000048,7.916159999999337,0.735,8.651159999999336,-73.75115999999981,125
2025-11-07 11:07:00-05:00,2025-11-07 11:18:00-05:00,2025-11-07 12:25:00-05:00,LONG,179.6,179.63592,182.2575412,111,0.01,1.5,177.804,182.29399999999998,TAKE_PROFIT_BRACKET,299.03399999999874,8.034046799999516,0.777,8.811046799999515,290.22295319999927,78
2025-11-07 15:27:00-05:00,2025-11-07 15:33:00-05:00,2025-11-07 15:59:00-05:00,LONG,185.745,185.782149,188.22234799999998,107,0.01,1.5,183.88755,188.53117500000002,FORCED_EOD,269.10499999999854,8.003707000000844,0.749,8.752707000000845,260.35229299999764,32
2025-11-10 10:06:00-05:00,2025-11-10 10:53:00-05:00,2025-11-10 10:36:00-05:00,SHORT,195.68,195.64086400000002,197.67632736,102,0.01,1.5,197.6368,192.7448,STOP,-199.59359999999867,8.023662719997844,0.714,8.737662719997845,-208.33126271999652,30
2025-11-10 13:47:00-05:00,2025-11-10 13:59:00-05:00,2025-11-10 15:46:00-05:00,SHORT,197.7,197.66046,199.71693539999998,101,0.01,1.5,199.677,194.7345,STOP,-199.6770000000004,8.027015399997822,0.707,8.734015399997823,-208.4110153999982,119
2025-11-11 10:43:00-05:00,2025-11-11 10:54:00-05:00,2025-11-11 15:59:00-05:00,SHORT,192.91,192.871418,193.278648,103,0.01,1.5,194.8391,190.01635,FORCED_EOD,-33.99000000000129,7.95468999999855,0.721,8.67568999999855,-42.665689999999834,316
2025-11-12 11:56:00-05:00,2025-11-12 13:26:00-05:00,2025-11-12 15:59:00-05:00,LONG,191.91,191.94838199999998,193.81123,104,0.01,1.5,189.9909,194.78865,FORCED_EOD,201.75999999999976,8.023807999998326,0.728,8.751807999998325,193.00819200000143,243
2025-11-13 10:47:00-05:00,2025-11-13 11:16:00-05:00,2025-11-13 13:40:00-05:00,SHORT,186.78,186.742644,184.01509566,107,0.01,1.5,188.6478,183.9783,TAKE_PROFIT_BRACKET,299.7819000000012,7.934227619998296,0.749,8.683227619998297,291.0986723800029,173
2025-11-13 14:39:00-05:00,2025-11-13 15:17:00-05:00,2025-11-13 15:59:00-05:00,SHORT,185.9825,185.9453035,187.00109274,107,0.01,1.5,187.842325,183.1927625,FORCED_EOD,-104.98840000000013,7.981048679999418,0.749,8.730048679999419,-113.71844867999954,80
2025-11-14 12:10:00-05:00,2025-11-14 12:27:00-05:00,2025-11-14 15:59:00-05:00,LONG,189.87,189.907974,190.24194400000002,105,0.01,1.5,187.9713,192.71805,FORCED_EOD,43.04999999999964,7.983149999997323,0.735,8.718149999997323,34.33185000000232,229
2025-11-17 11:13:00-05:00,2025-11-17 11:29:00-05:00,2025-11-17 15:59:00-05:00,SHORT,186.46,186.422708,186.627318,107,0.01,1.5,188.3246,183.66310000000001,FORCED_EOD,-13.909999999999513,7.9832700000007435,0.749,8.732270000000744,-22.642270000000256,286
2025-11-18 10:04:00-05:00,2025-11-18 11:08:00-05:00,2025-11-18 10:20:00-05:00,SHORT,180.365,180.32892700000002,182.20508373,110,0.01,1.5,182.16865,177.659525,STOP,-198.4015000000005,7.975740299998506,0.77,8.745740299998506,-207.14724029999903,16
2025-11-18 11:21:00-05:00,2025-11-18 12:04:00-05:00,2025-11-18 15:59:00-05:00,LONG,182.24,182.27644800000002,181.333726,109,0.01,1.5,180.41760000000002,184.9736,FORCED_EOD,-94.8300000000005,7.926697999999874,0.763,8.689697999999874,-103.51969800000037,278
2025-11-19 10:57:00-05:00,2025-11-19 11:53:00-05:00,2025-11-19 12:37:00-05:00,SHORT,186.01,185.97279799999998,183.25649396999998,107,0.01,1.5,187.87009999999998,183.21984999999998,TAKE_PROFIT_BRACKET,298.5460500000012,7.901518790000836,0.749,8.650518790000836,289.8955312100003,100
2025-11-19 13:57:00-05:00,2025-11-19 14:12:00-05:00,2025-11-19 15:59:00-05:00,LONG,185.5,185.5371,186.73764500000001,107,0.01,1.5,183.645,188.2825,FORCED_EOD,136.4250000000006,7.966685000000041,0.749,8.715685000000041,127.70931500000057,122
2025-11-20 13:07:00-05:00,2025-11-20 13:39:00-05:00,2025-11-20 13:38:00-05:00,LONG,185.04,185.07700799999998,183.15296207999998,108,0.01,1.5,183.18959999999998,187.8156,STOP,-199.84320000000082,7.953759359998912,0.756,8.709759359998912,-208.55295935999973,31
2025-11-20 15:36:00-05:00,2025-11-20 15:56:00-05:00,2025-11-20 15:59:00-05:00,SHORT,181.69,181.653662,180.946182,110,0.01,1.5,183.5069,178.96465,FORCED_EOD,85.80000000000013,7.977199999999698,0.77,8.747199999999697,77.05280000000043,23
2025-11-21 12:01:00-05:00,2025-11-21 12:37:00-05:00,2025-11-21 13:18:00-05:00,LONG,180.44,180.476088,178.59987288000002,110,0.01,1.5,178.6356,183.1466,STOP,-198.48399999999856,7.8996631999996225,0.77,8.669663199999622,-207.1536631999982,77
2025-11-21 13:37:00-05:00,2025-11-21 13:49:00-05:00,2025-11-21 13:48:00-05:00,LONG,180.22,180.256044,182.88671534000002,110,0.01,1.5,178.4178,182.9233,TAKE_PROFIT_BRACKET,297.3630000000014,7.989152599999159,0.77,8.759152599999158,288.6038474000023,11
2025-11-21 14:13:00-05:00,2025-11-21 14:30:00-05:00,2025-11-21 14:54:00-05:00,LONG,182.63,182.666526,180.76753926,109,0.01,1.5,180.8037,185.36945,STOP,-199.06670000000037,7.922854659999416,0.763,8.685854659999416,-207.7525546599998,41
2025-11-24 11:09:00-05:00,2025-11-24 12:11:00-05:00,2025-11-24 11:20:00-05:00,SHORT,180.0841,180.04808318000002,181.9213179882,111,0.01,1.5,181.884941,177.38283850000002,STOP,-199.89335099999903,8.035712710198936,0.777,8.812712710198936,-208.70606371019795,11
2025-11-24 12:58:00-05:00,2025-11-24 14:02:00-05:00,2025-11-24 15:59:00-05:00,LONG,182.44,182.476488,182.51349000000002,109,0.01,1.5,180.6156,185.1766,FORCED_EOD,11.990000000001487,7.95678199999827,0.763,8.71978199999827,3.270218000003217,181
2025-11-25 10:03:00-05:00,2025-11-25 10:20:00-05:00,2025-11-25 10:46:00-05:00,LONG,170.3,170.33406,172.8199291,117,0.01,1.5,168.597,172.8545,TAKE_PROFIT_BRACKET,298.8764999999988,8.029815299998603,0.8190000000000001,8.848815299998604,290.0276847000002,43
2025-11-25 11:28:00-05:00,2025-11-25 12:02:00-05:00,2025-11-25 12:36:00-05:00,SHORT,174.635,174.600073,176.41662627,114,0.01,1.5,176.38135,172.01547499999998,STOP,-199.08390000000077,8.003172779997612,0.798,8.801172779997612,-207.88507277999838,68
2025-11-25 14:04:00-05:00,2025-11-25 14:59:00-05:00,2025-11-25 14:38:00-05:00,LONG,175.73,175.765146,173.93790546,113,0.01,1.5,173.9727,178.36595,STOP,-198.57489999999848,7.90328102000052,0.791,8.69428102000052,-207.269181019999,34
2025-11-25 15:05:00-05:00,2025-11-25 15:56:00-05:00,2025-11-25 15:53:00-05:00,SHORT,176.185,176.149763,177.98243937,113,0.01,1.5,177.94685,173.542225,STOP,-199.0890500000011,8.003379809999075,0.791,8.794379809999075,-207.88342981000017,48
2025-11-26 13:33:00-05:00,2025-11-26 13:59:00-05:00,2025-11-26 15:59:00-05:00,LONG,180.3,180.33606,180.138965,110,0.01,1.5,178.497,183.0045,FORCED_EOD,-13.75,7.9304499999989275,0.77,8.700449999998927,-22.450449999998927,146
2025-11-28 12:22:00-05:00,2025-11-28 12:44:00-05:00,2025-11-28 12:59:00-05:00,SHORT,177.275,177.23954500000002,177.025398,112,0.01,1.5,179.04775,174.61587500000002,FORCED_EOD,31.919999999999618,7.935535999996773,0.784,8.719535999996774,23.200464000002846,37
2025-12-01 13:03:00-05:00,2025-12-01 13:39:00-05:00,2025-12-01 15:59:00-05:00,LONG,179.41,179.44588199999998,179.894014,111,0.01,1.5,177.6159,182.10115,FORCED_EOD,57.720000000001136,7.977347999999438,0.777,8.754347999999437,48.9656520000017,176
2025-12-02 10:11:00-05:00,2025-12-02 10:51:00-05:00,2025-12-02 11:07:00-05:00,LONG,184.0618,184.09861236,182.1847377636,108,0.01,1.5,182.221182,186.82272700000001,STOP,-198.78674400000068,7.911712411200028,0.756,8.667712411200029,-207.4544564112007,56
2025-12-02 13:58:00-05:00,2025-12-02 14:35:00-05:00,2025-12-02 15:59:00-05:00,LONG,181.1,181.13621999999998,181.273738,110,0.01,1.5,179.289,183.8165,FORCED_EOD,23.100000000000875,7.973019999997746,0.77,8.743019999997745,14.35698000000313,121
2025-12-03 10:04:00-05:00,2025-12-03 10:30:00-05:00,2025-12-03 15:59:00-05:00,SHORT,180.92,180.883816,179.67592799999997,110,0.01,1.5,182.7292,178.2062,FORCED_EOD,140.80000000000013,7.932319999997333,0.77,8.702319999997332,132.09768000000278,355
2025-12-04 13:06:00-05:00,2025-12-04 13:25:00-05:00,2025-12-04 15:59:00-05:00,LONG,183.13,183.16662599999998,183.36332000000002,109,0.01,1.5,181.2987,185.87695,FORCED_EOD,29.430000000001115,7.990353999997154,0.763,8.753353999997154,20.67664600000396,173
2025-12-05 13:51:00-05:00,2025-12-05 14:50:00-05:00,2025-12-05 15:59:00-05:00,LONG,181.7845,181.8208569,182.31353,109,0.01,1.5,179.966655,184.5112675,FORCED_EOD,61.63949999999846,7.938132099999507,0.763,8.701132099999507,52.93836789999896,128
2025-12-08 12:03:00-05:00,2025-12-08 12:09:00-05:00,2025-12-08 12:58:00-05:00,LONG,183.01,183.04660199999998,185.71799897,109,0.01,1.5,181.1799,185.75515,TAKE_PROFIT_BRACKET,299.22134999999946,8.039080269997555,0.763,8.802080269997555,290.41926973000193,55
2025-12-08 15:54:00-05:00,2025-12-08 15:56:00-05:00,2025-12-08 15:59:00-05:00,SHORT,185.1001,185.06307998,185.617116,108,0.01,1.5,186.951101,182.3235985,FORCED_EOD,-51.829200000001606,8.006690159999721,0.756,8.762690159999721,-60.59189016000133,5
2025-12-09 10:52:00-05:00,2025-12-09 11:13:00-05:00,2025-12-09 15:59:00-05:00,SHORT,185.3,185.26294000000001,185.006994,107,0.01,1.5,187.15300000000002,182.5205,FORCED_EOD,35.31000000000134,7.92377799999889,0.749,8.67277799999889,26.63722200000245,307
2025-12-10 10:37:00-05:00,2025-12-10 11:19:00-05:00,2025-12-10 15:59:00-05:00,LONG,183.09,183.126618,183.70325200000002,109,0.01,1.5,181.2591,185.83635,FORCED_EOD,70.85000000000062,7.99689399999923,0.763,8.75989399999923,62.09010600000139,322
2025-12-11 11:42:00-05:00,2025-12-11 14:55:00-05:00,2025-12-11 13:24:00-05:00,SHORT,177.696,177.6604608,179.508854592,112,0.01,1.5,179.47296,175.03056,STOP,-199.01952000000028,8.000584703999266,0.784,8.784584703999267,-207.80410470399954,102
2025-12-11 15:15:00-05:00,2025-12-11 15:51:00-05:00,2025-12-11 15:59:00-05:00,LONG,180.03,180.066006,180.89931289999998,111,0.01,1.5,178.2297,182.73045,FORCED_EOD,100.51049999999881,8.013434099999188,0.777,8.790434099999187,91.72006589999963,44
2025-12-12 10:59:00-05:00,2025-12-12 11:53:00-05:00,2025-12-12 11:21:00-05:00,LONG,177.63,177.665526,175.81852926000002,112,0.01,1.5,175.8537,180.29444999999998,STOP,-198.9455999999991,7.918034879998686,0.784,8.702034879998687,-207.64763487999778,22
2025-12-12 12:03:00-05:00,2025-12-12 13:01:00-05:00,2025-12-12 15:59:00-05:00,SHORT,176.62,176.584676,175.024998,113,0.01,1.5,178.3862,173.9707,FORCED_EOD,184.1899999999995,7.946386000000501,0.791,8.737386000000502,175.452613999999,236
2025-12-15 11:46:00-05:00,2025-12-15 12:26:00-05:00,2025-12-15 15:59:00-05:00,SHORT,177.595,177.559481,176.315256,112,0.01,1.5,179.37095,174.931075,FORCED_EOD,147.27999999999975,7.92679999999973,0.784,8.71079999999973,138.56920000000002,253
2025-12-16 12:38:00-05:00,2025-12-16 13:23:00-05:00,2025-12-16 15:59:00-05:00,SHORT,176.7416,176.70625168,177.550503,113,0.01,1.5,178.509016,174.090476,FORCED_EOD,-87.39419999999785,8.006199160000307,0.791,8.797199160000307,-96.19139915999816,201
2025-12-17 10:58:00-05:00,2025-12-17 11:53:00-05:00,2025-12-17 15:59:00-05:00,LONG,171.325,171.359265,170.88581599999998,116,0.01,1.5,169.61175,173.89487499999998,FORCED_EOD,-46.98000000000013,7.940084000001775,0.812,8.752084000001775,-55.732084000001905,301
2025-12-18 11:08:00-05:00,2025-12-18 11:40:00-05:00,2025-12-18 15:59:00-05:00,LONG,175.3,175.33506,173.51229060000003,114,0.01,1.5,173.54700000000003,177.92950000000002,STOP,-199.8419999999984,7.953711599998201,0.798,8.7517115999982,-208.5937115999966,291
2025-12-19 11:40:00-05:00,2025-12-19 12:28:00-05:00,2025-12-19 15:59:00-05:00,SHORT,180.035,179.998993,181.026198,111,0.01,1.5,181.83535,177.334475,FORCED_EOD,-106.00500000000139,8.014754999996484,0.777,8.791754999996483,-114.79675499999787,259
2025-12-22 10:57:00-05:00,2025-12-22 11:05:00-05:00,2025-12-22 15:59:00-05:00,SHORT,183.8601,183.82332798,183.63672,108,0.01,1.5,185.698701,181.1021985,FORCED_EOD,28.090799999999376,7.937138160000359,0.756,8.693138160000359,19.397661839999017,302
2025-12-23 10:07:00-05:00,2025-12-23 11:04:00-05:00,2025-12-23 10:43:00-05:00,SHORT,184.125,184.088175,186.00344325,108,0.01,1.5,185.96625,181.363125,STOP,-198.85500000000025,7.993970999999419,0.756,8.74997099999942,-207.60497099999967,36
2025-12-23 11:25:00-05:00,2025-12-23 11:40:00-05:00,2025-12-23 15:59:00-05:00,SHORT,187.525,187.48749500000002,189.257844,106,0.01,1.5,189.40025,184.71212500000001,FORCED_EOD,-179.66999999999928,7.986993999998788,0.742,8.728993999998789,-188.39899399999805,274
2025-12-24 10:25:00-05:00,2025-12-24 10:50:00-05:00,2025-12-24 12:59:00-05:00,LONG,186.86,186.89737200000002,188.582276,107,0.01,1.5,184.99140000000003,189.6629,FORCED_EOD,188.31999999999903,8.03527200000022,0.749,8.78427200000022,179.5357279999988,154
2025-12-26 10:12:00-05:00,2025-12-26 10:27:00-05:00,2025-12-26 15:59:00-05:00,LONG,190.36,190.398072,188.41870872,105,0.01,1.5,188.4564,193.21540000000002,STOP,-199.8780000000012,7.955144399998915,0.735,8.690144399998914,-208.56814440000014,347
2025-12-29 12:47:00-05:00,2025-12-29 13:01:00-05:00,2025-12-29 15:59:00-05:00,LONG,187.1,187.13742,188.192354,106,0.01,1.5,185.22899999999998,189.9065,FORCED_EOD,119.77999999999952,7.956995999999208,0.742,8.698995999999209,111.0810040000003,192
2025-12-30 14:05:00-05:00,2025-12-30 14:08:00-05:00,2025-12-30 15:59:00-05:00,SHORT,188.07,188.032386,187.58751,106,0.01,1.5,189.95069999999998,185.24894999999998,FORCED_EOD,55.11999999999807,7.963143999998749,0.742,8.70514399999875,46.414855999999325,114
2025-12-31 11:30:00-05:00,2025-12-31 11:36:00-05:00,2025-12-31 15:55:00-05:00,LONG,188.85,188.88777,186.9241077,105,0.01,1.5,186.9615,191.68275,STOP,-198.2924999999993,7.892041499998754,0.735,8.627041499998754,-206.91954149999808,265
2026-01-02 10:58:00-05:00,2026-01-02 11:30:00-05:00,2026-01-02 15:59:00-05:00,LONG,189.26,189.29785199999998,188.77213802,105,0.01,1.5,187.3674,192.0989,FORCED_EOD,-47.260499999999155,7.939467899998505,0.735,8.674467899998504,-55.93496789999766,301
2026-01-05 11:01:00-05:00,2026-01-05 11:23:00-05:00,2026-01-05 12:10:00-05:00,SHORT,190.12,190.081976,187.30565364,105,0.01,1.5,192.0212,187.2682,TAKE_PROFIT_BRACKET,299.43899999999974,7.925152200000269,0.735,8.660152200000269,290.7788477999994,69
2026-01-05 14:01:00-05:00,2026-01-05 14:41:00-05:00,2026-01-05 15:59:00-05:00,LONG,187.3739,187.41137478,188.07237800000001,106,0.01,1.5,185.500161,190.1845085,FORCED_EOD,78.0266000000023,7.9602586799995265,0.742,8.702258679999527,69.32434132000277,118
2026-01-06 13:35:00-05:00,2026-01-06 13:54:00-05:00,2026-01-06 15:59:00-05:00,LONG,187.55,187.58751,187.232546,106,0.01,1.5,185.67450000000002,190.36325000000002,FORCED_EOD,-29.68000000000012,7.946183999999391,0.742,8.688183999999392,-38.36818399999951,144
2026-01-07 10:39:00-05:00,2026-01-07 11:16:00-05:00,2026-01-07 15:59:00-05:00,LONG,189.01,189.047802,189.202152,105,0.01,1.5,187.1199,191.84515,FORCED_EOD,24.15000000000191,7.94324999999958,0.735,8.67824999999958,15.47175000000233,320
2026-01-08 12:03:00-05:00,2026-01-08 12:20:00-05:00,2026-01-08 15:59:00-05:00,LONG,184.381,184.4178762,185.05298200000001,108,0.01,1.5,182.53719,187.146715,FORCED_EOD,76.57200000000034,7.980573599998252,0.756,8.736573599998252,67.83542640000209,236
2026-01-09 12:16:00-05:00,2026-01-09 12:48:00-05:00,2026-01-09 15:59:00-05:00,LONG,184.98,185.01699599999998,184.81303,108,0.01,1.5,183.1302,187.75469999999999,FORCED_EOD,-14.039999999999509,7.988327999998319,0.756,8.744327999998319,-22.784327999997828,223
2026-01-12 12:11:00-05:00,2026-01-12 12:48:00-05:00,2026-01-12 15:59:00-05:00,SHORT,185.795,185.75784099999998,184.926978,107,0.01,1.5,187.65294999999998,183.008075,FORCED_EOD,96.83500000000012,7.932659000000797,0.749,8.681659000000797,88.15334099999933,228
2026-01-13 11:01:00-05:00,2026-01-13 12:14:00-05:00,2026-01-13 11:45:00-05:00,SHORT,184.925,184.88801500000002,186.81160485,108,0.01,1.5,186.77425000000002,182.151125,STOP,-199.7190000000013,8.02870379999706,0.756,8.784703799997061,-208.50370379999836,44
2026-01-13 14:34:00-05:00,2026-01-13 15:07:00-05:00,2026-01-13 15:59:00-05:00,LONG,184.47,184.506894,185.772838,108,0.01,1.5,182.6253,187.23705,FORCED_EOD,144.72000000000037,7.9980479999983345,0.756,8.754047999998335,135.96595200000203,85
2026-01-14 15:00:00-05:00,2026-01-14 15:04:00-05:00,2026-01-14 15:59:00-05:00,LONG,181.36,181.396272,183.173358,110,0.01,1.5,179.5464,184.08040000000003,FORCED_EOD,203.49999999999937,8.020539999999698,0.77,8.790539999999698,194.70945999999967,59
2026-01-15 11:45:00-05:00,2026-01-15 12:35:00-05:00,2026-01-15 15:59:00-05:00,SHORT,188.145,188.107371,187.177428,106,0.01,1.5,190.02645,185.32282500000002,FORCED_EOD,106.53000000000253,7.9560420000016165,0.742,8.698042000001617,97.83195800000091,254
2026-01-16 10:02:00-05:00,2026-01-16 11:11:00-05:00,2026-01-16 15:55:00-05:00,LONG,188.48,188.51769599999997,186.55788095999998,106,0.01,1.5,186.59519999999998,191.3072,STOP,-199.78880000000134,7.951594239998144,0.742,8.693594239998145,-208.48239423999948,353
2026-01-20 10:09:00-05:00,2026-01-20 10:22:00-05:00,2026-01-20 15:55:00-05:00,SHORT,180.46,180.423908,177.78865062000003,110,0.01,1.5,182.2646,177.75310000000002,TAKE_PROFIT_BRACKET,297.75899999999893,7.880688200000634,0.77,8.650688200000634,289.1083117999983,346
2026-01-21 10:56:00-05:00,2026-01-21 12:24:00-05:00,2026-01-21 11:47:00-05:00,SHORT,183.1,183.06338,180.38957069999998,109,0.01,1.5,184.93099999999998,180.3535,TAKE_PROFIT_BRACKET,299.3684999999997,7.9232862999979545,0.763,8.686286299997954,290.6822137000018,51
2026-01-21 14:30:00-05:00,2026-01-21 15:17:00-05:00,2026-01-21 15:59:00-05:00,LONG,182.98,183.016596,183.303332,109,0.01,1.5,181.15019999999998,185.72469999999998,FORCED_EOD,39.24000000000149,7.985775999999419,0.763,8.748775999999419,30.491224000002067,89
2026-01-22 12:04:00-05:00,2026-01-22 13:09:00-05:00,2026-01-22 15:59:00-05:00,LONG,185.53,185.567106,184.81303,107,0.01,1.5,183.6747,188.31295,FORCED_EOD,-72.76000000000073,7.926131999999029,0.749,8.67513199999903,-81.43513199999975,235
2026-01-23 13:46:00-05:00,2026-01-23 14:16:00-05:00,2026-01-23 15:59:00-05:00,SHORT,187.985,187.947403,187.70753399999998,106,0.01,1.5,189.86485000000002,185.16522500000002,FORCED_EOD,33.39000000000277,7.9638859999998886,0.742,8.70588599999989,24.684114000002882,133
2026-01-26 11:01:00-05:00,2026-01-26 11:13:00-05:00,2026-01-26 15:59:00-05:00,LONG,186.45,186.48728999999997,186.342724,107,0.01,1.5,184.5855,189.24675,FORCED_EOD,-7.48999999999927,7.978561999997424,0.749,8.727561999997425,-16.217561999996693,298
2026-01-27 10:06:00-05:00,2026-01-27 10:48:00-05:00,2026-01-27 11:18:00-05:00,SHORT,188.06,188.022388,189.97858811999998,106,0.01,1.5,189.9406,185.2391,STOP,-199.34359999999862,8.013612719998946,0.742,8.755612719998947,-208.09921271999755,72
2026-01-27 12:51:00-05:00,2026-01-27 13:09:00-05:00,2026-01-27 15:59:00-05:00,LONG,189.225,189.262845,188.49529339999998,105,0.01,1.5,187.33275,192.063375,FORCED_EOD,-72.66000000000076,7.9329180000011945,0.735,8.667918000001194,-81.32791800000196,188
2026-01-28 11:17:00-05:00,2026-01-28 11:40:00-05:00,2026-01-28 15:59:00-05:00,SHORT,191.805,191.766639,191.568306,104,0.01,1.5,193.72305,188.92792500000002,FORCED_EOD,28.60000000000059,7.973368000001528,0.728,8.701368000001528,19.89863199999906,282
2026-01-29 12:17:00-05:00,2026-01-29 13:23:00-05:00,2026-01-29 15:10:00-05:00,SHORT,189.06,189.022188,190.98879012,105,0.01,1.5,190.9506,186.2241,STOP,-198.51300000000066,7.98022259999982,0.735,8.71522259999982,-207.2282226000005,173
2026-01-29 15:12:00-05:00,2026-01-29 15:44:00-05:00,2026-01-29 15:59:00-05:00,SHORT,190.965,190.926807,192.468486,104,0.01,1.5,192.87465,188.100525,FORCED_EOD,-152.36000000000035,7.974616000001333,0.728,8.702616000001333,-161.0626160000017,47
2026-01-30 10:19:00-05:00,2026-01-30 10:27:00-05:00,2026-01-30 15:15:00-05:00,SHORT,193.1294,193.09077412000002,190.2705054918,103,0.01,1.5,195.060694,190.232459,TAKE_PROFIT_BRACKET,298.38492299999984,7.897254295398625,0.721,8.618254295398625,289.7666687046012,296
2026-01-30 15:18:00-05:00,2026-01-30 15:42:00-05:00,2026-01-30 15:59:00-05:00,LONG,189.98,190.01799599999998,191.246743,105,0.01,1.5,188.0802,192.8297,FORCED_EOD,137.02500000000072,8.006564999997892,0.735,8.741564999997891,128.2834350000028,41
2026-02-02 10:14:00-05:00,2026-02-02 10:57:00-05:00,2026-02-02 15:41:00-05:00,SHORT,188.555,188.517289,185.763820335,106,0.01,1.5,190.44055,185.726675,TAKE_PROFIT_BRACKET,299.8024500000007,7.934771509999223,0.742,8.676771509999224,291.12567849000146,327
2026-02-03 14:03:00-05:00,2026-02-03 14:12:00-05:00,2026-02-03 14:50:00-05:00,LONG,178.19,178.225638,176.37281837999998,112,0.01,1.5,176.4081,180.86285,STOP,-199.57280000000083,7.942997440001363,0.784,8.726997440001364,-208.29979744000218,47
2026-02-04 11:05:00-05:00,2026-02-04 11:27:00-05:00,2026-02-04 12:36:00-05:00,LONG,174.66,174.694932,172.87881732,114,0.01,1.5,172.9134,177.2799,STOP,-199.1124000000001,7.924673519999715,0.798,8.722673519999715,-207.8350735199998,91
2026-02-04 13:27:00-05:00,2026-02-04 13:51:00-05:00,2026-02-04 14:48:00-05:00,SHORT,174.14,174.10517199999998,175.91657628,114,0.01,1.5,175.88139999999999,171.5279,STOP,-198.51959999999985,7.980487920000712,0.798,8.778487920000712,-207.29808792000057,81
2026-02-04 15:14:00-05:00,2026-02-04 15:23:00-05:00,2026-02-04 15:59:00-05:00,LONG,174.39,174.42487799999998,174.16516,114,0.01,1.5,172.6461,177.00584999999998,FORCED_EOD,-21.65999999999974,7.947851999999386,0.798,8.745851999999386,-30.40585199999913,45
2026-02-05 11:30:00-05:00,2026-02-05 12:20:00-05:00,2026-02-05 15:50:00-05:00,SHORT,174.27,174.23514600000001,171.69028119,114,0.01,1.5,176.01270000000002,171.65595000000002,TAKE_PROFIT_BRACKET,298.00169999999906,7.887111659998254,0.798,8.685111659998254,289.3165883400008,260
2026-02-06 14:19:00-05:00,2026-02-06 14:45:00-05:00,2026-02-06 15:54:00-05:00,LONG,184.185,184.221837,186.910385445,108,0.01,1.5,182.34315,186.947775,TAKE_PROFIT_BRACKET,298.3797000000005,8.01646793999953,0.756,8.77246793999953,289.607232060001,95
2026-02-09 13:35:00-05:00,2026-02-09 14:41:00-05:00,2026-02-09 15:59:00-05:00,LONG,190.955,190.993191,189.752042,104,0.01,1.5,189.04545000000002,193.81932500000002,FORCED_EOD,-121.16000000000213,7.919495999998617,0.728,8.647495999998617,-129.80749600000075,144
2026-02-10 12:04:00-05:00,2026-02-10 12:12:00-05:00,2026-02-10 15:59:00-05:00,SHORT,189.28,189.242144,188.64772200000002,105,0.01,1.5,191.1728,186.4408,FORCED_EOD,70.34999999999869,7.935690000000761,0.735,8.67069000000076,61.679309999997926,235
2026-02-11 10:13:00-05:00,2026-02-11 10:36:00-05:00,2026-02-11 10:54:00-05:00,SHORT,189.922,189.8840156,191.85958424400002,105,0.01,1.5,191.82122,187.07317,STOP,-199.41810000000146,8.016607620000684,0.735,8.751607620000684,-208.16970762000216,41
2026-02-11 11:41:00-05:00,2026-02-11 11:51:00-05:00,2026-02-11 15:59:00-05:00,LONG,191.3811,191.41937622,190.001992,104,0.01,1.5,189.467289,194.25181650000002,FORCED_EOD,-139.4744000000012,7.933558879999055,0.728,8.661558879999054,-148.13595888000026,258
2026-02-12 10:51:00-05:00,2026-02-12 11:37:00-05:00,2026-02-12 11:29:00-05:00,SHORT,190.1534,190.11536932,187.33855921979998,105,0.01,1.5,192.054934,187.301099,TAKE_PROFIT_BRACKET,299.4916050000012,7.926544478997215,0.735,8.661544478997214,290.83006052100393,38
2026-02-12 12:58:00-05:00,2026-02-12 13:07:00-05:00,2026-02-12 15:50:00-05:00,SHORT,189.7101,189.67215798,186.90182138970002,105,0.01,1.5,191.607201,186.8644485,TAKE_PROFIT_BRACKET,298.7934075000003,7.908065518501246,0.735,8.643065518501245,290.150341981499,172
2026-02-13 11:55:00-05:00,2026-02-13 12:30:00-05:00,2026-02-13 15:35:00-05:00,LONG,183.6735,183.71023469999997,181.80039764699998,108,0.01,1.5,181.83676499999999,186.42860249999998,STOP,-198.36738000000048,7.895021723998411,0.756,8.651021723998412,-207.0184017239989,220
2026-02-17 10:52:00-05:00,2026-02-17 11:58:00-05:00,2026-02-17 11:06:00-05:00,SHORT,181.425,181.38871500000002,183.27589785,110,0.01,1.5,183.23925,178.70362500000002,STOP,-199.56749999999857,8.02261350000009,0.77,8.79261350000009,-208.36011349999868,14
2026-02-17 12:19:00-05:00,2026-02-17 13:31:00-05:00,2026-02-17 14:23:00-05:00,SHORT,184.39,184.35312199999998,186.27114677999998,108,0.01,1.5,186.23389999999998,181.62415,STOP,-199.141199999999,8.005476240000576,0.756,8.761476240000576,-207.90267623999958,124
2026-02-17 14:30:00-05:00,2026-02-17 14:49:00-05:00,2026-02-17 15:59:00-05:00,SHORT,186.42,186.382716,185.06690598,107,0.01,1.5,188.2842,183.62369999999999,FORCED_EOD,148.7406999999989,7.949027860000342,0.749,8.698027860000343,140.04267213999856,89
2026-02-18 11:51:00-05:00,2026-02-18 12:23:00-05:00,2026-02-18 14:57:00-05:00,LONG,189.075,189.11281499999998,187.14681314999999,105,0.01,1.5,187.18425,191.911125,STOP,-198.5287499999997,7.9014442500000825,0.735,8.636444250000082,-207.1651942499998,186
2026-02-18 14:58:00-05:00,2026-02-18 15:31:00-05:00,2026-02-18 15:59:00-05:00,LONG,186.995,187.032399,187.802432,106,0.01,1.5,185.12505000000002,189.799925,FORCED_EOD,89.56999999999988,7.946501999998588,0.742,8.68850199999859,80.88149800000129,61
2026-02-19 11:07:00-05:00,2026-02-19 11:33:00-05:00,2026-02-19 15:59:00-05:00,LONG,187.03,187.067406,187.852422,106,0.01,1.5,185.15970000000002,189.83545,FORCED_EOD,91.15999999999843,7.948304000000064,0.742,8.690304000000065,82.46969599999836,292
2026-02-20 10:45:00-05:00,2026-02-20 11:21:00-05:00,2026-02-20 15:59:00-05:00,SHORT,189.2,189.16216,189.847962,105,0.01,1.5,191.09199999999998,186.362,FORCED_EOD,-64.05000000000143,7.95920999999808,0.735,8.69420999999808,-72.74420999999951,314
2026-02-23 10:12:00-05:00,2026-02-23 10:49:00-05:00,2026-02-23 15:59:00-05:00,LONG,191.42,191.458284,191.60167199999998,104,0.01,1.5,189.5058,194.29129999999998,FORCED_EOD,22.87999999999988,7.967648000001191,0.728,8.69564800000119,14.184351999998691,347
2026-02-24 13:27:00-05:00,2026-02-24 14:38:00-05:00,2026-02-24 15:59:00-05:00,LONG,192.9593,192.99789186,192.76643900000002,103,0.01,1.5,191.029707,195.8536895,FORCED_EOD,-15.892900000000651,7.946744579998352,0.721,8.667744579998352,-24.560644579999003,152
2026-02-25 13:03:00-05:00,2026-02-25 14:02:00-05:00,2026-02-25 15:59:00-05:00,LONG,196.85,196.88936999999999,195.840824,101,0.01,1.5,194.8815,199.80275,FORCED_EOD,-97.96999999999989,7.933145999998857,0.707,8.640145999998857,-106.61014599999874,176
2026-02-26 10:19:00-05:00,2026-02-26 10:42:00-05:00,2026-02-26 15:59:00-05:00,LONG,185.97,186.007194,184.83302600000002,107,0.01,1.5,184.1103,188.75955,FORCED_EOD,-117.69999999999939,7.9359759999985044,0.749,8.684975999998505,-126.38497599999789,340
2026-02-27 11:37:00-05:00,2026-02-27 12:32:00-05:00,2026-02-27 12:22:00-05:00,LONG,180.915,180.951183,179.07002883,110,0.01,1.5,179.10585,183.628725,STOP,-199.0064999999987,7.920458699998392,0.77,8.690458699998391,-207.6969586999971,45
2026-02-27 13:46:00-05:00,2026-02-27 14:26:00-05:00,2026-02-27 15:55:00-05:00,LONG,178.71,178.745742,176.88751542,111,0.01,1.5,176.9229,181.39065,STOP,-198.36810000000105,7.895050379999759,0.777,8.672050379999758,-207.0401503800008,129
2026-03-02 11:02:00-05:00,2026-03-02 11:18:00-05:00,2026-03-02 11:46:00-05:00,LONG,180.26,180.29605199999997,182.92730722,110,0.01,1.5,178.45739999999998,182.9639,TAKE_PROFIT_BRACKET,297.4290000000005,7.990925799998934,0.77,8.760925799998933,288.66807420000157,44
2026-03-02 13:37:00-05:00,2026-03-02 14:05:00-05:00,2026-03-02 15:59:00-05:00,SHORT,182.538,182.50149240000002,182.38647,109,0.01,1.5,184.36338,179.79993000000002,FORCED_EOD,20.49200000000181,7.954558400000167,0.763,8.717558400000167,11.774441600001643,142
2026-03-03 13:23:00-05:00,2026-03-03 14:09:00-05:00,2026-03-03 15:59:00-05:00,LONG,180.28,180.316056,180.01399,110,0.01,1.5,178.4772,182.9842,FORCED_EOD,-25.299999999998875,7.927260000000729,0.77,8.697260000000728,-33.997259999999606,156
2026-03-04 12:43:00-05:00,2026-03-04 13:01:00-05:00,2026-03-04 15:59:00-05:00,SHORT,183.025,182.988395,182.93658,109,0.01,1.5,184.85525,180.279625,FORCED_EOD,13.625,7.977164999999474,0.763,8.740164999999473,4.8848350000005265,196
2026-03-05 10:19:00-05:00,2026-03-05 11:32:00-05:00,2026-03-05 12:36:00-05:00,SHORT,182.45,182.41351,179.74919265,109,0.01,1.5,184.2745,179.71325,TAKE_PROFIT_BRACKET,298.3057500000001,7.895158849999575,0.763,8.658158849999575,289.64759115000055,137
2026-03-05 14:53:00-05:00,2026-03-05 15:04:00-05:00,2026-03-05 15:55:00-05:00,LONG,180.34,180.376068,183.00849098,110,0.01,1.5,178.5366,183.0451,TAKE_PROFIT_BRACKET,297.5609999999986,7.994472199998484,0.77,8.764472199998483,288.79652780000015,62
2026-03-06 11:56:00-05:00,2026-03-06 12:20:00-05:00,2026-03-06 15:10:00-05:00,SHORT,182.22,182.183556,179.52259733999998,109,0.01,1.5,184.0422,179.48669999999998,TAKE_PROFIT_BRACKET,297.9297000000015,7.885206059997813,0.763,8.648206059997813,289.2814939400037,194
2026-03-09 10:49:00-04:00,2026-03-09 11:41:00-04:00,2026-03-09 15:23:00-04:00,LONG,179.015,179.05080299999997,181.663884955,111,0.01,1.5,177.22484999999998,181.700225,TAKE_PROFIT_BRACKET,298.0599750000003,8.007877994998893,0.777,8.784877994998892,289.27509700500144,274
2026-03-10 12:20:00-04:00,2026-03-10 12:46:00-04:00,2026-03-10 15:48:00-04:00,LONG,185.32,185.35706399999998,183.43010664000002,107,0.01,1.5,183.4668,188.0998,STOP,-198.2923999999986,7.89203751999716,0.749,8.64103751999716,-206.93343751999575,208
2026-03-11 10:44:00-04:00,2026-03-11 11:15:00-04:00,2026-03-11 15:59:00-04:00,LONG,185.94,185.97718799999998,185.97279799999998,107,0.01,1.5,184.0806,188.7291,FORCED_EOD,7.48999999999927,7.959729999999354,0.749,8.708729999999354,-1.2187300000000838,315
2026-03-12 12:08:00-04:00,2026-03-12 12:20:00-04:00,2026-03-12 15:59:00-04:00,SHORT,184.56,184.523088,183.04660199999998,108,0.01,1.5,186.4056,181.7916,FORCED_EOD,167.40000000000123,7.9395119999987855,0.756,8.695511999998786,158.70448800000244,231
2026-03-13 10:57:00-04:00,2026-03-13 11:17:00-04:00,2026-03-13 15:59:00-04:00,SHORT,182.15,182.11357,180.29605199999997,109,0.01,1.5,183.9715,179.41775,FORCED_EOD,206.0100000000016,7.900537999997766,0.763,8.663537999997766,197.34646200000384,302
2026-03-16 12:11:00-04:00,2026-03-16 12:25:00-04:00,2026-03-16 15:09:00-04:00,LONG,184.07,184.10681399999999,186.79368379000002,108,0.01,1.5,182.2293,186.83105,TAKE_PROFIT_BRACKET,298.19340000000125,8.011462679997862,0.756,8.767462679997863,289.4259373200034,178
2026-03-16 15:10:00-04:00,2026-03-16 15:19:00-04:00,2026-03-16 15:16:00-04:00,SHORT,187.57,187.532486,184.79340129,106,0.01,1.5,189.4457,184.75645,TAKE_PROFIT_BRACKET,298.2362999999992,7.893320739997648,0.742,8.635320739997649,289.6009792600015,6
2026-03-17 12:19:00-04:00,2026-03-17 12:33:00-04:00,2026-03-17 15:59:00-04:00,SHORT,182.974,182.9374052,181.99639200000001,109,0.01,1.5,184.80373999999998,180.22939,FORCED_EOD,110.52599999999799,7.955561199999494,0.763,8.718561199999494,101.8074387999985,220
2026-03-18 12:29:00-04:00,2026-03-18 12:38:00-04:00,2026-03-18 15:59:00-04:00,SHORT,182.8,182.76344,180.38607,109,0.01,1.5,184.62800000000001,180.05800000000002,FORCED_EOD,267.0500000000019,7.916670000000408,0.763,8.679670000000408,258.3703300000015,210
2026-03-19 14:22:00-04:00,2026-03-19 14:43:00-04:00,2026-03-19 15:59:00-04:00,SHORT,179.236,179.20015279999998,178.54070099999998,111,0.01,1.5,181.02836,176.54746,FORCED_EOD,81.1409999999994,7.941850199999465,0.777,8.718850199999464,72.42214979999993,97
2026-03-20 12:15:00-04:00,2026-03-20 12:27:00-04:00,2026-03-20 14:37:00-04:00,SHORT,176.37,176.33472600000002,173.75919488999997,113,0.01,1.5,178.1337,173.72445,TAKE_PROFIT_BRACKET,298.9471500000016,7.912134569996795,0.791,8.703134569996795,290.2440154300048,142
2026-03-23 11:52:00-04:00,2026-03-23 12:25:00-04:00,2026-03-23 15:59:00-04:00,LONG,176.11,176.14522200000002,175.474898,113,0.01,1.5,174.34890000000001,178.75165,FORCED_EOD,-67.80000000000257,7.946611999999931,0.791,8.737611999999931,-76.5376120000025,247
2026-03-24 10:08:00-04:00,2026-03-24 10:36:00-04:00,2026-03-24 15:59:00-04:00,LONG,174.765,174.799953,175.27493800000002,114,0.01,1.5,173.01735,177.386475,FORCED_EOD,62.130000000001814,7.981709999998145,0.798,8.779709999998145,53.35029000000367,351
2026-03-25 11:31:00-04:00,2026-03-25 13:43:00-04:00,2026-03-25 15:00:00-04:00,LONG,179.78,179.815956,177.94660356,111,0.01,1.5,177.9822,182.4767,STOP,-199.55579999999946,7.942320840000548,0.777,8.719320840000547,-208.27512084,209
2026-03-25 15:01:00-04:00,2026-03-25 15:13:00-04:00,2026-03-25 15:59:00-04:00,LONG,177.9799,178.01549597999997,178.634266,112,0.01,1.5,176.200101,180.6495985,FORCED_EOD,77.29120000000012,7.9889577599969925,0.784,8.772957759996993,68.51824224000312,58
2026-03-26 11:05:00-04:00,2026-03-26 13:01:00-04:00,2026-03-26 15:59:00-04:00,SHORT,173.86,173.825228,171.28635042000002,115,0.01,1.5,175.5986,171.2521,TAKE_PROFIT_BRACKET,299.9085000000001,7.937578300001178,0.805,8.742578300001178,291.16592169999893,294
2026-03-27 12:09:00-04:00,2026-03-27 12:32:00-04:00,2026-03-27 15:59:00-04:00,SHORT,169.32,169.286136,167.493492,118,0.01,1.5,171.01319999999998,166.78019999999998,FORCED_EOD,219.47999999999826,7.948007999998765,0.8260000000000001,8.774007999998766,210.7059919999995,230
2026-03-30 10:16:00-04:00,2026-03-30 10:28:00-04:00,2026-03-30 14:50:00-04:00,SHORT,167.895,167.861421,165.409650315,119,0.01,1.5,169.57395,165.376575,TAKE_PROFIT_BRACKET,299.69257500000094,7.931863484999269,0.833,8.76486348499927,290.92771151500165,274
2026-03-30 15:46:00-04:00,2026-03-30 15:56:00-04:00,2026-03-30 15:59:00-04:00,LONG,164.65,164.68293,165.02698800000002,121,0.01,1.5,163.0035,167.11975,FORCED_EOD,49.60999999999959,7.978981999997387,0.847,8.825981999997387,40.7840180000022,13
2026-03-31 12:39:00-04:00,2026-03-31 13:38:00-04:00,2026-03-31 15:23:00-04:00,LONG,171.69,171.724338,174.23049693000002,116,0.01,1.5,169.9731,174.26535,TAKE_PROFIT_BRACKET,298.7406000000017,8.026164119998612,0.812,8.838164119998611,289.90243588000305,164
2026-03-31 15:49:00-04:00,2026-03-31 15:53:00-04:00,2026-03-31 15:59:00-04:00,LONG,174.345,174.37986899999999,174.275138,114,0.01,1.5,172.60155,176.960175,FORCED_EOD,-3.989999999999611,7.949333999998885,0.798,8.747333999998885,-12.737333999998496,10
2026-04-01 10:02:00-04:00,2026-04-01 11:01:00-04:00,2026-04-01 15:59:00-04:00,LONG,175.625,175.660125,175.76484000000002,113,0.01,1.5,173.86875,178.259375,FORCED_EOD,19.775000000001285,7.942204999998211,0.791,8.733204999998211,11.041795000003074,357
2026-04-02 10:37:00-04:00,2026-04-02 10:52:00-04:00,2026-04-02 15:59:00-04:00,LONG,176.207,176.24224139999998,177.36452,113,0.01,1.5,174.44493,178.85010499999999,FORCED_EOD,134.80900000000136,7.991518199999604,0.791,8.782518199999604,126.02648180000176,322
2026-04-06 10:48:00-04:00,2026-04-06 12:12:00-04:00,2026-04-06 15:59:00-04:00,SHORT,176.57,176.534686,177.67552799999999,113,0.01,1.5,178.3357,173.92145,FORCED_EOD,-120.90999999999923,8.005145999999883,0.791,8.796145999999883,-129.7061459999991,311
2026-04-07 10:34:00-04:00,2026-04-07 10:56:00-04:00,2026-04-07 15:56:00-04:00,LONG,175.065,175.100013,177.65543680500002,114,0.01,1.5,173.31435,177.690975,TAKE_PROFIT_BRACKET,299.36115000000126,8.04283622999759,0.798,8.84083622999759,290.52031377000367,322
2026-04-08 10:07:00-04:00,2026-04-08 10:26:00-04:00,2026-04-08 15:59:00-04:00,LONG,181.86,181.896372,182.08357600000002,109,0.01,1.5,180.0414,184.58790000000002,FORCED_EOD,28.33999999999901,7.934763999998097,0.763,8.697763999998097,19.64223600000091,352
2026-04-09 10:49:00-04:00,2026-04-09 11:28:00-04:00,2026-04-09 15:59:00-04:00,SHORT,182.445,182.408511,183.896772,109,0.01,1.5,184.26945,179.708325,FORCED_EOD,-154.23500000000223,7.985448999997146,0.763,8.748448999997146,-162.98344899999938,310
2026-04-10 11:23:00-04:00,2026-04-10 11:33:00-04:00,2026-04-10 15:59:00-04:00,SHORT,189.8101,189.77213798,188.67772799999997,105,0.01,1.5,191.708201,186.9629485,FORCED_EOD,122.86050000000202,7.947452099999595,0.735,8.682452099999594,114.17804790000243,276
2026-04-13 11:30:00-04:00,2026-04-13 13:00:00-04:00,2026-04-13 15:59:00-04:00,LONG,188.62,188.657724,189.17215800000002,106,0.01,1.5,186.7338,191.4493,FORCED_EOD,62.54000000000036,8.009995999997955,0.742,8.751995999997956,53.78800400000241,269
2026-04-14 11:47:00-04:00,2026-04-14 12:46:00-04:00,2026-04-14 15:12:00-04:00,SHORT,194.19,194.151162,196.17112638,103,0.01,1.5,196.1319,191.27715,STOP,-200.0157000000004,8.040631140000073,0.721,8.761631140000073,-208.77733114000048,205
2026-04-15 11:49:00-04:00,2026-04-15 11:50:00-04:00,2026-04-15 12:47:00-04:00,SHORT,200.3,200.25994000000003,197.3349591,99,0.01,1.5,202.303,197.2955,TAKE_PROFIT_BRACKET,297.4455000000007,7.872390899997072,0.6930000000000001,8.565390899997071,288.88010910000366,58
2026-04-15 13:56:00-04:00,2026-04-15 14:14:00-04:00,2026-04-15 15:59:00-04:00,LONG,196.5,196.5393,198.82792646000001,101,0.01,1.5,194.535,199.4475,FORCED_EOD,239.13770000000136,7.986427539999596,0.707,8.693427539999597,230.44427246000177,123
2026-04-16 10:58:00-04:00,2026-04-16 11:30:00-04:00,2026-04-16 15:59:00-04:00,SHORT,198.63,198.590274,198.279648,100,0.01,1.5,200.6163,195.65055,FORCED_EOD,38.999999999998636,7.937400000000139,0.7000000000000001,8.637400000000138,30.362599999998498,301
2026-04-17 10:26:00-04:00,2026-04-17 11:10:00-04:00,2026-04-17 15:59:00-04:00,LONG,199.99,200.029998,201.629666,99,0.01,1.5,197.9901,202.98985000000002,FORCED_EOD,166.31999999999786,7.952867999999853,0.6930000000000001,8.645867999999853,157.674131999998,333
2026-04-20 10:52:00-04:00,2026-04-20 11:23:00-04:00,2026-04-20 14:42:00-04:00,SHORT,198.8,198.76024,200.8281576,100,0.01,1.5,200.788,195.818,STOP,-198.79999999999995,7.991759999998749,0.7000000000000001,8.691759999998748,-207.4917599999987,230
2026-04-20 14:45:00-04:00,2026-04-20 14:53:00-04:00,2026-04-20 15:59:00-04:00,SHORT,200.89,200.849822,202.160424,99,0.01,1.5,202.8989,197.87664999999998,FORCED_EOD,-121.7700000000018,7.979597999999896,0.6930000000000001,8.672597999999896,-130.4425980000017,74
2026-04-21 11:03:00-04:00,2026-04-21 11:11:00-04:00,2026-04-21 15:59:00-04:00,SHORT,200.99,200.949802,199.949982,99,0.01,1.5,202.9999,197.97515,FORCED_EOD,106.92000000000124,7.937820000001267,0.6930000000000001,8.630820000001266,98.28917999999997,296
2026-04-22 10:46:00-04:00,2026-04-22 11:32:00-04:00,2026-04-22 15:59:00-04:00,SHORT,201.2312,201.19095376,202.46048399999998,99,0.01,1.5,203.243512,198.212732,FORCED_EOD,-117.69119999999864,7.992293759998006,0.6930000000000001,8.685293759998006,-126.37649375999665,313
2026-04-23 13:43:00-04:00,2026-04-23 14:36:00-04:00,2026-04-23 15:59:00-04:00,LONG,198.23,198.269646,199.670058,100,0.01,1.5,196.24769999999998,201.20344999999998,FORCED_EOD,148.00000000000182,7.95880000000011,0.7000000000000001,8.65880000000011,139.34120000000172,136
2026-04-24 10:34:00-04:00,2026-04-24 11:22:00-04:00,2026-04-24 10:41:00-04:00,SHORT,203.07,203.029386,205.14172014,98,0.01,1.5,205.1007,200.02394999999999,STOP,-199.0085999999996,8.000145720000546,0.686,8.686145720000546,-207.69474572000016,7
2026-04-27 12:34:00-04:00,2026-04-27 13:30:00-04:00,2026-04-27 13:35:00-04:00,SHORT,212.22,212.177556,214.38506844,94,0.01,1.5,214.3422,209.0367,STOP,-199.48679999999928,8.019369359999587,0.658,8.677369359999586,-208.16416935999885,61
2026-04-27 14:20:00-04:00,2026-04-27 14:39:00-04:00,2026-04-27 15:59:00-04:00,SHORT,216.2,216.15676,216.673326,92,0.01,1.5,218.362,212.957,FORCED_EOD,-39.56000000000063,7.964072000000442,0.644,8.608072000000442,-48.16807200000107,99
2026-04-28 10:51:00-04:00,2026-04-28 11:35:00-04:00,2026-04-28 14:09:00-04:00,LONG,208.835,208.876767,211.925131495,95,0.01,1.5,206.74665000000002,211.967525,TAKE_PROFIT_BRACKET,297.58987499999876,7.995247974999984,0.665,8.660247974999983,288.92962702499875,198
2026-04-28 15:49:00-04:00,2026-04-28 15:56:00-04:00,2026-04-28 15:59:00-04:00,LONG,213.32,213.362664,213.10737,93,0.01,1.5,211.1868,216.5198,FORCED_EOD,-15.809999999998837,7.932342000000432,0.651,8.583342000000432,-24.39334199999927,10
2026-04-29 12:09:00-04:00,2026-04-29 12:14:00-04:00,2026-04-29 14:08:00-04:00,SHORT,211.1983,211.15606033999998,208.0719315651,94,0.01,1.5,213.310283,208.0303255,TAKE_PROFIT_BRACKET,297.78960299999864,7.881498159399143,0.658,8.539498159399143,289.2501048405995,119
2026-04-29 15:32:00-04:00,2026-04-29 15:56:00-04:00,2026-04-29 15:59:00-04:00,SHORT,209.232,209.1901536,209.39186999999998,95,0.01,1.5,211.32432,206.09352,FORCED_EOD,-11.209999999999525,7.953057999998663,0.665,8.618057999998662,-19.828057999998187,27
2026-04-30 12:26:00-04:00,2026-04-30 12:52:00-04:00,2026-04-30 15:59:00-04:00,LONG,199.67,199.70993399999998,199.480096,100,0.01,1.5,197.67329999999998,202.66504999999998,FORCED_EOD,-14.999999999997726,7.983799999999519,0.7000000000000001,8.683799999999518,-23.683799999997245,213
2026-05-01 10:46:00-04:00,2026-05-01 11:25:00-04:00,2026-05-01 15:59:00-04:00,SHORT,199.69,199.650062,198.429678,100,0.01,1.5,201.6869,196.69465,FORCED_EOD,130.00000000000114,7.961600000001567,0.7000000000000001,8.661600000001567,121.33839999999957,313
2026-05-04 11:16:00-04:00,2026-05-04 11:43:00-04:00,2026-05-04 11:21:00-04:00,LONG,196.835,196.874367,194.82767667000002,101,0.01,1.5,194.86665000000002,199.78752500000002,STOP,-198.80334999999866,7.912373330000321,0.707,8.619373330000322,-207.42272332999897,5
2026-05-04 13:57:00-04:00,2026-05-04 14:26:00-04:00,2026-05-04 15:59:00-04:00,SHORT,198.2901,198.25044198,198.599712,100,0.01,1.5,200.273001,195.31574849999998,FORCED_EOD,-26.99000000000069,7.937001999999893,0.7000000000000001,8.637001999999892,-35.62700200000059,122
2026-05-05 10:01:00-04:00,2026-05-05 10:25:00-04:00,2026-05-05 15:04:00-04:00,LONG,198.32,198.35966399999998,196.29753264,100,0.01,1.5,196.33679999999998,201.29479999999998,STOP,-198.32000000000107,7.893135999998435,0.7000000000000001,8.593135999998434,-206.9131359999995,303
2026-05-06 11:14:00-04:00,2026-05-06 11:21:00-04:00,2026-05-06 11:25:00-04:00,LONG,203.59,203.630718,206.60252123,98,0.01,1.5,201.5541,206.64385000000001,TAKE_PROFIT_BRACKET,299.2773000000011,8.040583460000505,0.686,8.726583460000505,290.5507165400006,11
2026-05-06 11:26:00-04:00,2026-05-06 11:43:00-04:00,2026-05-06 15:59:00-04:00,SHORT,206.74,206.698652,207.69153,96,0.01,1.5,208.8074,203.6389,FORCED_EOD,-87.35999999999967,7.956287999999404,0.672,8.628287999999404,-95.98828799999907,273
2026-05-07 10:12:00-04:00,2026-05-07 10:32:00-04:00,2026-05-07 15:59:00-04:00,SHORT,212.9867,212.94410266000003,211.562304,93,0.01,1.5,215.116567,209.7918995,FORCED_EOD,136.40310000000028,7.895824619998848,0.651,8.546824619998848,127.85627538000143,347
2026-05-08 11:13:00-04:00,2026-05-08 11:47:00-04:00,2026-05-08 15:59:00-04:00,SHORT,216.66,216.616668,215.233038,92,0.01,1.5,218.82659999999998,213.4101,FORCED_EOD,135.2399999999999,7.946039999998902,0.644,8.590039999998902,126.64996000000099,286
2026-05-11 10:52:00-04:00,2026-05-11 11:27:00-04:00,2026-05-11 15:59:00-04:00,SHORT,221.24,221.19575200000003,219.533898,90,0.01,1.5,223.4524,217.9214,FORCED_EOD,157.5,7.933139999996968,0.63,8.563139999996968,148.93686000000304,307
2026-05-12 11:25:00-04:00,2026-05-12 11:35:00-04:00,2026-05-12 13:59:00-04:00,LONG,215.51,215.553102,218.69890147,92,0.01,1.5,213.3549,218.74265,TAKE_PROFIT_BRACKET,297.4038000000006,7.990248759999304,0.644,8.634248759999304,288.7695512400013,154
2026-05-12 14:32:00-04:00,2026-05-12 15:46:00-04:00,2026-05-12 15:41:00-04:00,SHORT,219.49,219.44610200000002,221.72923698,91,0.01,1.5,221.6849,216.19765,STOP,-199.73589999999908,8.02938317999832,0.637,8.66638317999832,-208.4022831799974,69
2026-05-12 15:55:00-04:00,2026-05-12 15:56:00-04:00,2026-05-12 15:59:00-04:00,LONG,220.34,220.38406799999998,220.865818,90,0.01,1.5,218.13660000000002,223.6451,FORCED_EOD,51.299999999999386,7.942499999998915,0.63,8.572499999998916,42.72750000000047,4
2026-05-13 10:59:00-04:00,2026-05-13 11:24:00-04:00,2026-05-13 15:59:00-04:00,SHORT,226.41,226.364718,225.875166,88,0.01,1.5,228.6741,223.01385,FORCED_EOD,51.0399999999986,7.959423999998307,0.616,8.575423999998307,42.46457600000029,300
2026-05-14 10:23:00-04:00,2026-05-14 11:05:00-04:00,2026-05-14 11:41:00-04:00,SHORT,233.78,233.733244,236.16502355999998,85,0.01,1.5,236.1178,230.2733,STOP,-198.7129999999989,7.988262599998279,0.595,8.58326259999828,-207.2962625999972,78
2026-05-14 13:12:00-04:00,2026-05-14 13:54:00-04:00,2026-05-14 15:59:00-04:00,LONG,234.2871,234.33395742,235.70285,85,0.01,1.5,231.944229,237.8014065,FORCED_EOD,124.3464999999992,7.990630699997325,0.595,8.585630699997326,115.76086930000187,167
2026-05-15 11:38:00-04:00,2026-05-15 12:07:00-04:00,2026-05-15 14:05:00-04:00,SHORT,228.98,228.934204,231.31605396,87,0.01,1.5,231.2698,225.5453,STOP,-199.2126000000012,8.008346519999748,0.609,8.617346519999748,-207.82994652000096,147
2026-05-15 14:46:00-04:00,2026-05-15 15:56:00-04:00,2026-05-15 15:52:00-04:00,LONG,228.24,228.285648,225.91240848,87,0.01,1.5,225.9576,231.6636,STOP,-198.5687999999996,7.903038240000257,0.609,8.512038240000257,-207.08083823999988,66
2026-05-18 10:04:00-04:00,2026-05-18 10:10:00-04:00,2026-05-18 10:33:00-04:00,SHORT,224.945,224.900011,221.615139165,88,0.01,1.5,227.19445,221.57082499999999,TAKE_PROFIT_BRACKET,296.9274000000007,7.858678519999103,0.616,8.474678519999102,288.4527214800016,29
2026-05-18 11:10:00-04:00,2026-05-18 11:56:00-04:00,2026-05-18 14:26:00-04:00,SHORT,222.59,222.54548200000002,219.29500023,89,0.01,1.5,224.8159,219.25115,TAKE_PROFIT_BRACKET,297.1576500000007,7.864772469998769,0.623,8.487772469998768,288.6698775300019,196
2026-05-18 15:03:00-04:00,2026-05-18 15:25:00-04:00,2026-05-18 15:59:00-04:00,LONG,221.365,221.409273,222.31552800000003,90,0.01,1.5,219.15135,224.685475,FORCED_EOD,89.55000000000041,7.9870499999989875,0.63,8.617049999998988,80.93295000000143,56
2026-05-19 10:21:00-04:00,2026-05-19 10:43:00-04:00,2026-05-19 11:00:00-04:00,SHORT,218.85,218.80623,221.0827077,91,0.01,1.5,221.0385,215.56725,STOP,-199.15350000000043,8.005970699998358,0.637,8.642970699998358,-207.7964706999988,39
2026-05-19 11:50:00-04:00,2026-05-19 13:46:00-04:00,2026-05-19 13:21:00-04:00,LONG,221.01,221.05420199999998,224.28028497,90,0.01,1.5,218.79989999999998,224.32514999999998,TAKE_PROFIT_BRACKET,298.36349999999896,8.016032699997027,0.63,8.646032699997027,289.71746730000194,91
2026-05-19 14:30:00-04:00,2026-05-19 15:09:00-04:00,2026-05-19 15:55:00-04:00,SHORT,222.64,222.595472,219.34426008,89,0.01,1.5,224.8664,219.3004,TAKE_PROFIT_BRACKET,297.22439999999915,7.866539119998862,0.623,8.489539119998861,288.7348608800003,85
2026-05-20 11:16:00-04:00,2026-05-20 12:04:00-04:00,2026-05-20 14:42:00-04:00,LONG,225.6,225.64512,223.2993312,88,0.01,1.5,223.344,228.98399999999998,STOP,-198.52800000000002,7.9014143999982025,0.616,8.517414399998202,-207.04541439999824,206
2026-05-21 12:30:00-04:00,2026-05-21 12:46:00-04:00,2026-05-21 13:20:00-04:00,SHORT,219.54,219.496092,221.77974708,91,0.01,1.5,221.7354,216.24689999999998,STOP,-199.7814000000006,8.031212279998357,0.637,8.668212279998357,-208.44961227999895,50
2026-05-21 13:43:00-04:00,2026-05-21 14:43:00-04:00,2026-05-21 14:52:00-04:00,LONG,221.34,221.384268,219.08277468,90,0.01,1.5,219.1266,224.6601,STOP,-199.20600000000064,7.928398799998604,0.63,8.558398799998605,-207.76439879999924,69
2026-05-21 14:53:00-04:00,2026-05-21 15:47:00-04:00,2026-05-21 15:59:00-04:00,SHORT,219.03,218.986194,219.5439,91,0.01,1.5,221.2203,215.74455,FORCED_EOD,-42.7699999999999,7.981245999999743,0.637,8.618245999999743,-51.38824599999964,66
2026-05-22 11:25:00-04:00,2026-05-22 11:44:00-04:00,2026-05-22 15:59:00-04:00,SHORT,217.975,217.931405,215.29305,91,0.01,1.5,220.15475,214.705375,FORCED_EOD,247.97499999999948,7.884694999997805,0.637,8.521694999997806,239.45330500000168,274
2026-05-26 11:11:00-04:00,2026-05-26 12:05:00-04:00,2026-05-26 15:59:00-04:00,LONG,213.65,213.69273,214.797032,93,0.01,1.5,211.5135,216.85475,FORCED_EOD,110.66999999999979,7.969914000000728,0.651,8.620914000000727,102.04908599999906,288
2026-05-27 12:07:00-04:00,2026-05-27 12:35:00-04:00,2026-05-27 13:49:00-04:00,SHORT,210.5401,210.49799198,212.6880301002,95,0.01,1.5,212.645501,207.3819985,STOP,-200.01309500000005,8.040526419000003,0.665,8.705526419000002,-208.71862141900004,102
2026-05-27 14:59:00-04:00,2026-05-27 15:07:00-04:00,2026-05-27 15:59:00-04:00,LONG,212.8,212.84256000000002,212.537484,93,0.01,1.5,210.67200000000003,215.99200000000002,FORCED_EOD,-20.459999999999894,7.912068000001398,0.651,8.563068000001397,-29.02306800000129,60
2026-05-28 12:44:00-04:00,2026-05-28 13:12:00-04:00,2026-05-28 15:59:00-04:00,SHORT,213.59,213.547282,214.30285199999997,93,0.01,1.5,215.7259,210.38615000000001,FORCED_EOD,-62.30999999999884,7.958009999999064,0.651,8.609009999999063,-70.9190099999979,195
2026-05-29 12:13:00-04:00,2026-05-29 13:06:00-04:00,2026-05-29 15:52:00-04:00,SHORT,216.74,216.696652,213.53159778,92,0.01,1.5,218.9074,213.4889,TAKE_PROFIT_BRACKET,299.10120000000074,7.916211760000579,0.644,8.560211760000579,290.54098824000016,219
2026-06-01 10:24:00-04:00,2026-06-01 10:37:00-04:00,2026-06-01 14:02:00-04:00,SHORT,222.12,222.075576,224.38606824000001,90,0.01,1.5,224.34120000000001,218.78820000000002,STOP,-199.90800000000092,8.036301599999263,0.63,8.666301599999263,-208.57430160000018,218
2026-06-01 15:35:00-04:00,2026-06-01 15:56:00-04:00,2026-06-01 15:59:00-04:00,LONG,223.33,223.37466600000002,224.38511400000002,89,0.01,1.5,221.0967,226.67995000000002,FORCED_EOD,97.8999999999995,7.970127999999789,0.623,8.593127999999789,89.3068719999997,24
2026-06-02 12:23:00-04:00,2026-06-02 12:32:00-04:00,2026-06-02 14:38:00-04:00,LONG,224.205,224.249841,221.91855741,89,0.01,1.5,221.96295,227.56807500000002,STOP,-199.54245000000054,7.941789509999296,0.623,8.564789509999295,-208.10723950999983,135
2026-06-02 15:47:00-04:00,2026-06-02 15:55:00-04:00,2026-06-02 15:59:00-04:00,LONG,221.56,221.604312,222.76543800000002,90,0.01,1.5,219.3444,224.8834,FORCED_EOD,112.5,7.9986599999978125,0.63,8.628659999997813,103.87134000000219,12
2026-06-03 11:08:00-04:00,2026-06-03 12:13:00-04:00,2026-06-03 15:59:00-04:00,SHORT,216.645,216.601671,214.94298,92,0.01,1.5,218.81145,213.395325,FORCED_EOD,160.54000000000042,7.940427999999997,0.644,8.584427999999997,151.95557200000042,291
2026-06-04 13:17:00-04:00,2026-06-04 13:23:00-04:00,2026-06-04 15:06:00-04:00,SHORT,219.3502,219.30632996,221.5880107404,91,0.01,1.5,221.543702,216.059947,STOP,-199.60868199999956,8.024269016399984,0.637,8.661269016399984,-208.26995101639955,109
2026-06-05 11:42:00-04:00,2026-06-05 12:55:00-04:00,2026-06-05 15:18:00-04:00,SHORT,207.555,207.51348900000002,204.482563335,96,0.01,1.5,209.63055,204.441675,TAKE_PROFIT_BRACKET,298.8792000000003,7.910336159999133,0.672,8.582336159999134,290.29686384000115,216
2026-06-08 10:52:00-04:00,2026-06-08 11:32:00-04:00,2026-06-08 15:59:00-04:00,LONG,208.35,208.39166999999998,208.59827199999998,95,0.01,1.5,206.2665,211.47525,FORCED_EOD,27.549999999999244,7.92280999999889,0.665,8.587809999998889,18.962190000000355,307
2026-06-09 10:09:00-04:00,2026-06-09 10:27:00-04:00,2026-06-09 10:46:00-04:00,LONG,207.89,207.93157799999997,205.76993778,96,0.01,1.5,205.81109999999998,211.00834999999998,STOP,-199.57440000000042,7.943061119997765,0.672,8.615061119997765,-208.18946111999819,37
2026-06-09 15:05:00-04:00,2026-06-09 15:35:00-04:00,2026-06-09 15:16:00-04:00,LONG,207.21,207.251442,205.09687242,96,0.01,1.5,205.1379,210.31815,STOP,-198.92160000000058,7.917079679998096,0.672,8.589079679998097,-207.51067967999867,11
2026-06-10 10:46:00-04:00,2026-06-10 11:02:00-04:00,2026-06-10 11:11:00-04:00,SHORT,205.81,205.76883800000002,202.76339457,97,0.01,1.5,207.8681,202.72285,TAKE_PROFIT_BRACKET,299.4535500000008,7.925537289999454,0.679,8.604537289999454,290.8490127100014,25
2026-06-10 11:49:00-04:00,2026-06-10 13:20:00-04:00,2026-06-10 15:59:00-04:00,SHORT,202.2,202.15956,200.380068,98,0.01,1.5,204.22199999999998,199.167,FORCED_EOD,182.27999999999855,7.889783999998087,0.686,8.575783999998087,173.70421600000046,250
2026-06-11 11:21:00-04:00,2026-06-11 12:23:00-04:00,2026-06-11 15:29:00-04:00,LONG,201.6,201.64032,204.5830752,99,0.01,1.5,199.584,204.624,TAKE_PROFIT_BRACKET,299.3760000000001,8.043235200000737,0.6930000000000001,8.736235200000737,290.6397647999994,248
2026-06-11 15:44:00-04:00,2026-06-11 15:56:00-04:00,2026-06-11 15:59:00-04:00,SHORT,205.59,205.54888200000002,204.700932,97,0.01,1.5,207.6459,202.50615,FORCED_EOD,90.21000000000066,7.958849999998165,0.679,8.637849999998165,81.5721500000025,15
2026-06-12 12:36:00-04:00,2026-06-12 13:42:00-04:00,2026-06-12 15:59:00-04:00,LONG,204.8,204.84096,205.098972,97,0.01,1.5,202.752,207.872,FORCED_EOD,32.979999999997574,7.9528359999968075,0.679,8.631835999996808,24.348164000000768,203
2026-06-15 11:51:00-04:00,2026-06-15 12:19:00-04:00,2026-06-15 15:59:00-04:00,SHORT,212.71,212.667458,212.49248999999998,94,0.01,1.5,214.83710000000002,209.51935,FORCED_EOD,24.440000000001817,7.993007999998497,0.658,8.651007999998496,15.78899200000332,248
2026-06-16 10:10:00-04:00,2026-06-16 10:18:00-04:00,2026-06-16 15:59:00-04:00,SHORT,210.165,210.122967,207.451482,95,0.01,1.5,212.26665,207.01252499999998,FORCED_EOD,261.72499999999957,7.933925000000528,0.665,8.598925000000527,253.12607499999905,349
2026-06-17 11:05:00-04:00,2026-06-17 11:12:00-04:00,2026-06-17 15:39:00-04:00,LONG,206.07,206.111214,203.96849814,97,0.01,1.5,204.0093,209.16105,STOP,-199.88789999999972,7.955538419998476,0.679,8.634538419998476,-208.5224384199982,274
2026-06-18 11:45:00-04:00,2026-06-18 12:05:00-04:00,2026-06-18 15:51:00-04:00,LONG,208.17,208.21163399999998,211.25029149,96,0.01,1.5,206.08829999999998,211.29254999999998,TAKE_PROFIT_BRACKET,299.764799999999,8.05368095999711,0.672,8.72568095999711,291.0391190400019,246
2026-06-22 10:37:00-04:00,2026-06-22 11:08:00-04:00,2026-06-22 15:33:00-04:00,LONG,209.985,210.02699700000002,207.84357297000003,95,0.01,1.5,207.88515,213.13477500000002,STOP,-199.48575000000034,7.939532849999438,0.665,8.604532849999437,-208.09028284999977,296
2026-06-23 13:21:00-04:00,2026-06-23 13:41:00-04:00,2026-06-23 15:59:00-04:00,SHORT,202.4,202.35952,200.0520024,98,0.01,1.5,204.424,199.364,FORCED_EOD,234.0240000000005,7.887275199999408,0.686,8.573275199999408,225.4507248000011,158
2026-06-24 11:09:00-04:00,2026-06-24 11:38:00-04:00,2026-06-24 13:28:00-04:00,SHORT,201.09,201.04978200000002,198.11326473,99,0.01,1.5,203.1009,198.07365000000001,TAKE_PROFIT_BRACKET,298.61864999999887,7.903440269996452,0.6930000000000001,8.596440269996451,290.02220973000243,139
2026-06-24 14:13:00-04:00,2026-06-24 14:31:00-04:00,2026-06-24 15:59:00-04:00,LONG,197.55,197.58951000000002,198.920208,101,0.01,1.5,195.5745,200.51325,FORCED_EOD,142.40999999999966,8.009502000001277,0.707,8.716502000001277,133.69349799999839,106
2026-06-25 10:54:00-04:00,2026-06-25 11:29:00-04:00,2026-06-25 15:59:00-04:00,SHORT,196.06,196.020788,195.78915,102,0.01,1.5,198.0206,193.1191,FORCED_EOD,31.620000000000232,7.992923999999846,0.714,8.706923999999846,22.913076000000387,305
2026-06-26 11:36:00-04:00,2026-06-26 12:02:00-04:00,2026-06-26 15:59:00-04:00,SHORT,194.02,193.981196,191.758344,103,0.01,1.5,195.96020000000001,191.1097,FORCED_EOD,236.90000000000117,7.946243999999382,0.721,8.667243999999382,228.23275600000179,263
2026-06-29 11:32:00-04:00,2026-06-29 12:53:00-04:00,2026-06-29 15:59:00-04:00,LONG,194.0199,194.05870398,194.851022,103,0.01,1.5,192.079701,196.93019850000002,FORCED_EOD,89.62029999999788,8.011543939996812,0.721,8.732543939996813,80.88775606000107,267
2026-06-30 11:14:00-04:00,2026-06-30 11:46:00-04:00,2026-06-30 15:57:00-04:00,SHORT,198.61,198.57027800000003,200.63621922000002,100,0.01,1.5,200.5961,195.63085,STOP,-198.60999999999933,7.984121999999161,0.7000000000000001,8.68412199999916,-207.29412199999848,283
2026-07-01 12:37:00-04:00,2026-07-01 14:08:00-04:00,2026-07-01 15:05:00-04:00,SHORT,197.395,197.355521,199.40882379,101,0.01,1.5,199.36895,194.434075,STOP,-199.3689500000002,8.014631790000152,0.707,8.721631790000153,-208.09058179000036,148
2026-07-02 10:02:00-04:00,2026-07-02 10:32:00-04:00,2026-07-02 10:34:00-04:00,SHORT,199.695,199.655061,196.73891491499998,100,0.01,1.5,201.69195,196.69957499999998,TAKE_PROFIT_BRACKET,299.54250000000116,7.927891500000328,0.7000000000000001,8.627891500000327,290.91460850000084,32
2026-07-02 12:49:00-04:00,2026-07-02 12:58:00-04:00,2026-07-02 15:59:00-04:00,SHORT,194.1,194.06118,194.548902,103,0.01,1.5,196.041,191.1885,FORCED_EOD,-42.22999999999965,8.005365999999412,0.721,8.726365999999413,-50.95636599999906,190
2026-07-06 12:11:00-04:00,2026-07-06 12:46:00-04:00,2026-07-06 15:59:00-04:00,SHORT,196.972,196.93260560000002,195.66412499999998,101,0.01,1.5,198.94172,194.01742000000002,FORCED_EOD,136.04700000000085,7.930459399997602,0.707,8.637459399997603,127.40954060000325,228
2026-07-07 10:01:00-04:00,2026-07-07 10:20:00-04:00,2026-07-07 12:02:00-04:00,SHORT,193.14,193.101372,195.11041428,103,0.01,1.5,195.07139999999998,190.2429,STOP,-198.93419999999963,7.997154839999183,0.721,8.718154839999183,-207.65235483999882,121
2026-07-07 14:04:00-04:00,2026-07-07 15:56:00-04:00,2026-07-07 15:59:00-04:00,LONG,197.435,197.474487,196.890614,101,0.01,1.5,195.46065000000002,200.396525,FORCED_EOD,-51.00499999999954,7.966173000001589,0.707,8.67317300000159,-59.67817300000113,115
2026-07-08 10:54:00-04:00,2026-07-08 11:16:00-04:00,2026-07-08 12:23:00-04:00,SHORT,198.1,198.06038,200.12101619999999,100,0.01,1.5,200.081,195.1285,STOP,-198.09999999999945,7.963619999998173,0.7000000000000001,8.663619999998172,-206.76361999999762,89
2026-07-08 14:55:00-04:00,2026-07-08 15:40:00-04:00,2026-07-08 15:59:00-04:00,SHORT,203.5699,203.52918602,204.175827,98,0.01,1.5,205.60559899999998,200.51635149999998,FORCED_EOD,-55.3798000000001,7.991016039999977,0.686,8.677016039999977,-64.05681604000009,64
2026-07-09 13:08:00-04:00,2026-07-09 14:12:00-04:00,2026-07-09 15:59:00-04:00,SHORT,203.09,203.049382,202.79685126,98,0.01,1.5,205.1209,200.04365,FORCED_EOD,32.702599999999336,7.954587479999589,0.686,8.640587479999589,24.062012519999747,171
2026-07-10 12:24:00-04:00,2026-07-10 12:43:00-04:00,2026-07-10 15:59:00-04:00,SHORT,210.3799,210.33782402,211.002192,95,0.01,1.5,212.483699,207.2242015,FORCED_EOD,-55.1095000000015,8.005458099999316,0.665,8.670458099999315,-63.77995810000082,215
2026-07-13 12:02:00-04:00,2026-07-13 13:10:00-04:00,2026-07-13 13:16:00-04:00,LONG,206.37,206.411274,204.26543874,96,0.01,1.5,204.3063,209.46555,STOP,-198.1152000000011,7.884984959997382,0.672,8.556984959997383,-206.67218495999848,74
2026-07-13 15:04:00-04:00,2026-07-13 15:11:00-04:00,2026-07-13 15:59:00-04:00,SHORT,204.305,204.264139,203.5407,97,0.01,1.5,206.34805,201.24042500000002,FORCED_EOD,78.08500000000066,7.911416999999375,0.679,8.590416999999375,69.49458300000128,55
2026-07-14 12:21:00-04:00,2026-07-14 13:29:00-04:00,2026-07-14 13:08:00-04:00,SHORT,209.37,209.328126,211.50599274,95,0.01,1.5,211.46370000000002,206.22945,STOP,-198.9015000000012,7.995840300000054,0.665,8.660840300000054,-207.56234030000124,47
2026-07-14 15:28:00-04:00,2026-07-14 15:55:00-04:00,2026-07-14 15:59:00-04:00,LONG,211.62,211.662324,211.74764199999998,94,0.01,1.5,209.5038,214.7943,FORCED_EOD,15.979999999998824,7.960108000001412,0.658,8.618108000001412,7.361891999997412,31
2026-07-15 12:08:00-04:00,2026-07-15 12:48:00-04:00,2026-07-15 14:02:00-04:00,LONG,207.025,207.066405,210.08834892500002,96,0.01,1.5,204.95475000000002,210.13037500000002,TAKE_PROFIT_BRACKET,298.1160000000009,8.00938319999932,0.672,8.68138319999932,289.43461680000155,114
2026-07-15 14:04:00-04:00,2026-07-15 15:49:00-04:00,2026-07-15 15:55:00-04:00,SHORT,210.42,210.377916,212.56670483999997,95,0.01,1.5,212.52419999999998,207.2637,STOP,-199.8989999999992,8.035939799998175,0.665,8.700939799998174,-208.59993979999737,111
2026-07-16 14:49:00-04:00,2026-07-16 15:27:00-04:00,2026-07-16 15:59:00-04:00,SHORT,207.31,207.268538,207.501492,96,0.01,1.5,209.3831,204.20035000000001,FORCED_EOD,-14.400000000000546,7.963584000000083,0.672,8.635584000000083,-23.03558400000063,70
2026-07-17 11:55:00-04:00,2026-07-17 12:35:00-04:00,2026-07-17 14:42:00-04:00,LONG,205.0,205.041,202.90940999999998,97,0.01,1.5,202.95,208.075,STOP,-198.8500000000011,7.914230000000543,0.679,8.593230000000544,-207.44323000000165,167
2026-07-17 14:44:00-04:00,2026-07-17 14:49:00-04:00,2026-07-17 15:59:00-04:00,SHORT,202.91,202.869418,202.68052799999998,98,0.01,1.5,204.9391,199.86634999999998,FORCED_EOD,26.460000000001003,7.9487799999995445,0.686,8.634779999999544,17.82522000000146,75
2026-07-20 13:37:00-04:00,2026-07-20 14:13:00-04:00,2026-07-20 15:59:00-04:00,SHORT,204.04,203.999192,203.420676,98,0.01,1.5,206.0804,200.9794,FORCED_EOD,64.67999999999967,7.985431999998923,0.686,8.671431999998923,56.00856800000074,142
2026-07-21 12:21:00-04:00,2026-07-21 13:00:00-04:00,2026-07-21 15:59:00-04:00,LONG,205.7,205.74113999999997,207.12856599999998,97,0.01,1.5,203.643,208.78549999999998,FORCED_EOD,142.5899999999999,8.009677999999411,0.679,8.688677999999411,133.90132200000048,218
2026-07-22 10:56:00-04:00,2026-07-22 11:43:00-04:00,2026-07-22 11:06:00-04:00,SHORT,208.4685,208.4268063,210.59529563700002,95,0.01,1.5,210.553185,205.3414725,STOP,-198.0450750000007,7.961412015000349,0.665,8.626412015000348,-206.67148701500105,10
2026-07-22 13:15:00-04:00,2026-07-22 13:31:00-04:00,2026-07-22 15:59:00-04:00,LONG,213.49,213.532698,212.01768798,93,0.01,1.5,211.35510000000002,216.69235,FORCED_EOD,-132.98070000000033,7.915231860000176,0.651,8.566231860000176,-141.5469318600005,164
2026-07-23 11:49:00-04:00,2026-07-23 13:32:00-04:00,2026-07-23 12:23:00-04:00,SHORT,207.52,207.478496,209.63711904,96,0.01,1.5,209.5952,204.40720000000002,STOP,-199.21919999999955,8.008611839998593,0.672,8.680611839998594,-207.89981183999814,34
2026-07-23 14:04:00-04:00,2026-07-23 15:17:00-04:00,2026-07-23 15:59:00-04:00,LONG,208.85,208.89176999999998,208.65825999999998,95,0.01,1.5,206.76149999999998,211.98274999999998,FORCED_EOD,-14.25000000000054,7.933449999999027,0.665,8.598449999999026,-22.848449999999566,115
2026-07-24 11:01:00-04:00,2026-07-24 11:19:00-04:00,2026-07-24 14:40:00-04:00,SHORT,209.84,209.798032,206.73373848,95,0.01,1.5,211.9384,206.6924,TAKE_PROFIT_BRACKET,299.02200000000107,7.914115600000429,0.665,8.579115600000428,290.44288440000065,219
2026-07-27 11:16:00-04:00,2026-07-27 11:47:00-04:00,2026-07-27 15:59:00-04:00,LONG,197.155,197.194431,196.48069600000002,101,0.01,1.5,195.18345,200.112325,FORCED_EOD,-64.13499999999908,7.952234999999462,0.707,8.659234999999462,-72.79423499999854,283
2026-07-28 10:37:00-04:00,2026-07-28 11:09:00-04:00,2026-07-28 11:23:00-04:00,SHORT,195.8735,195.83432530000002,197.871801447,102,0.01,1.5,197.832235,192.9353975,STOP,-199.790969999999,8.03159699399879,0.714,8.74559699399879,-208.53656699399778,46
2026-07-28 12:31:00-04:00,2026-07-28 12:55:00-04:00,2026-07-28 15:59:00-04:00,LONG,196.7099,196.74924198,196.940604,101,0.01,1.5,194.74280100000001,199.6605485,FORCED_EOD,27.280099999998498,7.952535979997094,0.707,8.659535979997095,18.620564020001403,208
2026-07-29 10:53:00-04:00,2026-07-29 11:39:00-04:00,2026-07-29 14:38:00-04:00,SHORT,192.29,192.251542,194.25174257999998,104,0.01,1.5,194.2129,189.40564999999998,STOP,-199.98159999999984,8.039260319998448,0.728,8.767260319998448,-208.7488603199983,225
2026-07-29 14:39:00-04:00,2026-07-29 15:11:00-04:00,2026-07-29 15:02:00-04:00,SHORT,194.29,194.251142,196.27214658,102,0.01,1.5,196.2329,191.37564999999998,STOP,-198.1758000000009,7.966667160000156,0.714,8.680667160000157,-206.85646716000105,23
2026-07-30 10:57:00-04:00,2026-07-30 12:04:00-04:00,2026-07-30 15:59:00-04:00,LONG,194.305,194.343861,195.11097,102,0.01,1.5,192.36195,197.21957500000002,FORCED_EOD,86.18999999999988,7.944881999999382,0.714,8.658881999999382,77.5311180000005,302
2026-07-31 12:23:00-04:00,2026-07-31 14:14:00-04:00,2026-07-31 13:25:00-04:00,SHORT,197.225,197.185555,199.23708944999998,101,0.01,1.5,199.19725,194.266625,STOP,-199.19725000000025,8.007729449998862,0.707,8.714729449998863,-207.9119794499991,62
2026-07-31 15:17:00-04:00,2026-07-31 15:56:00-04:00,2026-07-31 15:50:00-04:00,SHORT,199.78,199.740044,201.81815556,100,0.01,1.5,201.7778,196.7833,STOP,-199.78000000000122,8.031155999998418,0.7000000000000001,8.731155999998418,-208.51115599999963,33
2026-08-03 11:38:00-04:00,2026-08-03 12:46:00-04:00,2026-08-03 15:59:00-04:00,LONG,206.4099,206.45118198,206.618668,96,0.01,1.5,204.345801,209.5060485,FORCED_EOD,24.00960000000032,7.930942079999113,0.672,8.602942079999114,15.406657920001205,261
2026-08-04 10:49:00-04:00,2026-08-04 10:55:00-04:00,2026-08-04 15:59:00-04:00,SHORT,210.98,210.937804,211.902372,94,0.01,1.5,213.0898,207.81529999999998,FORCED_EOD,-82.72000000000224,7.949391999999079,0.658,8.607391999999079,-91.32739200000132,310
2026-08-05 10:54:00-04:00,2026-08-05 11:31:00-04:00,2026-08-05 14:26:00-04:00,LONG,218.445,218.488689,221.677330665,91,0.01,1.5,216.26055,221.721675,TAKE_PROFIT_BRACKET,298.17742500000105,8.011033485000524,0.637,8.648033485000525,289.52939151500055,212
2026-08-05 15:33:00-04:00,2026-08-05 15:56:00-04:00,2026-08-05 15:59:00-04:00,LONG,221.37,221.414274,219.11246874000003,90,0.01,1.5,219.15630000000002,224.69055,STOP,-199.23299999999898,7.929473399999267,0.63,8.559473399999268,-207.79247339999824,26
2026-08-06 12:08:00-04:00,2026-08-06 13:30:00-04:00,2026-08-06 14:16:00-04:00,SHORT,218.15,218.10637,220.3755663,91,0.01,1.5,220.3315,214.87775,STOP,-198.51649999999998,7.98036330000042,0.637,8.61736330000042,-207.1338633000004,128
2026-08-06 15:51:00-04:00,2026-08-06 15:56:00-04:00,2026-08-06 15:59:00-04:00,LONG,218.85,218.89377,218.94620200000003,91,0.01,1.5,216.6615,222.13275,FORCED_EOD,12.740000000001345,7.968687999997826,0.637,8.605687999997826,4.1343120000035185,8
2026-08-07 11:26:00-04:00,2026-08-07 11:53:00-04:00,2026-08-07 15:59:00-04:00,SHORT,224.52,224.475096,223.94478,89,0.01,1.5,226.76520000000002,221.15220000000002,FORCED_EOD,55.180000000000405,7.981876000000483,0.623,8.604876000000482,46.575123999999924,273
2026-08-10 12:01:00-04:00,2026-08-10 12:28:00-04:00,2026-08-10 15:59:00-04:00,SHORT,219.81,219.766038,217.603512,91,0.01,1.5,222.0081,216.51285000000001,FORCED_EOD,204.75,7.960133999998732,0.637,8.597133999998732,196.15286600000127,238
2026-08-11 10:56:00-04:00,2026-08-11 11:13:00-04:00,2026-08-11 13:13:00-04:00,SHORT,220.115,220.07097700000003,216.856637655,90,0.01,1.5,222.31615000000002,216.813275,TAKE_PROFIT_BRACKET,297.1552500000004,7.864708949996668,0.63,8.494708949996669,288.66054105000376,137
2026-08-12 12:35:00-04:00,2026-08-12 12:51:00-04:00,2026-08-12 15:59:00-04:00,LONG,222.81,222.854562,224.05518,89,0.01,1.5,220.5819,226.15215,FORCED_EOD,114.80999999999929,7.9549979999975164,0.623,8.577997999997516,106.23200200000177,204
2026-08-13 10:49:00-04:00,2026-08-13 11:00:00-04:00,2026-08-13 15:59:00-04:00,LONG,224.67,224.71493399999997,225.314928,89,0.01,1.5,222.42329999999998,228.04004999999998,FORCED_EOD,61.41000000000233,8.010533999998955,0.623,8.633533999998955,52.776466000003374,310
2026-08-14 10:44:00-04:00,2026-08-14 11:38:00-04:00,2026-08-14 15:59:00-04:00,SHORT,226.22,226.174756,225.165024,88,0.01,1.5,228.4822,222.8267,FORCED_EOD,96.7999999999995,7.943583999998282,0.616,8.559583999998281,88.24041600000122,315
2026-08-17 13:46:00-04:00,2026-08-17 13:49:00-04:00,2026-08-17 15:59:00-04:00,LONG,226.12,226.165224,224.994992,88,0.01,1.5,223.8588,229.5118,FORCED_EOD,-95.0400000000011,7.940415999998777,0.616,8.556415999998777,-103.59641599999988,133
2026-08-18 12:19:00-04:00,2026-08-18 12:41:00-04:00,2026-08-18 15:59:00-04:00,LONG,219.6,219.64391999999998,219.75604,91,0.01,1.5,217.404,222.894,FORCED_EOD,18.200000000001552,7.997079999998562,0.637,8.634079999998562,9.56592000000299,220
2026-08-19 10:17:00-04:00,2026-08-19 10:30:00-04:00,2026-08-19 12:07:00-04:00,LONG,217.16,217.203432,220.37331652,92,0.01,1.5,214.98839999999998,220.4174,TAKE_PROFIT_BRACKET,299.68079999999907,8.051424159998078,0.644,8.695424159998078,290.985375840001,110
2026-08-19 13:19:00-04:00,2026-08-19 13:56:00-04:00,2026-08-19 15:59:00-04:00,SHORT,219.07,219.026186,217.71353399999998,91,0.01,1.5,221.26069999999999,215.78395,FORCED_EOD,127.40000000000052,7.9486679999992305,0.637,8.585667999999231,118.81433200000129,160
2026-08-20 10:45:00-04:00,2026-08-20 10:53:00-04:00,2026-08-20 15:59:00-04:00,SHORT,218.8399,218.79613202000002,217.033398,91,0.01,1.5,221.028299,215.5573015,FORCED_EOD,168.34089999999918,7.93210417999822,0.637,8.56910417999822,159.77179582000096,314
2026-08-21 12:56:00-04:00,2026-08-21 13:11:00-04:00,2026-08-21 15:59:00-04:00,LONG,215.08,215.123016,214.717048,92,0.01,1.5,212.9292,218.30620000000002,FORCED_EOD,-29.440000000001987,7.909055999998145,0.644,8.553055999998145,-37.99305600000013,183
