entry_time,base_exit_time,exit_time,direction,entry_reference,entry_price,exit_price,shares,stop_pct,rr,stop_price,target_price,exit_reason,gross_pnl,slippage,commissions,costs,net_pnl,duration_bars
2024-08-22 11:39:00-04:00,2024-08-22 12:23:00-04:00,2024-08-22 11:43:00-04:00,LONG,126.525,126.55030500000001,125.23469805000002,158,0.01,3.0,125.25975000000001,130.32075,STOP,-199.90949999999916,7.956398099999063,1.106,9.062398099999063,-208.9718980999982,4
2024-08-22 13:02:00-04:00,2024-08-22 13:35:00-04:00,2024-08-22 15:59:00-04:00,SHORT,125.8599,125.83472802,123.854766,158,0.01,3.0,127.118499,122.084103,FORCED_EOD,320.72419999999966,7.8902008399993235,1.106,8.996200839999323,311.7279991600003,177
2024-08-23 12:14:00-04:00,2024-08-23 12:34:00-04:00,2024-08-23 15:59:00-04:00,LONG,127.49,127.515498,129.254144,156,0.01,3.0,126.21509999999999,131.3147,FORCED_EOD,279.240000000001,8.011224000000539,1.092,9.103224000000539,270.13677600000045,225
2024-08-26 13:02:00-04:00,2024-08-26 13:44:00-04:00,2024-08-26 15:59:00-04:00,LONG,126.55,126.57530999999999,126.434708,158,0.01,3.0,125.2845,130.3465,FORCED_EOD,-14.220000000000539,7.9951159999974095,1.106,9.10111599999741,-23.32111599999795,177
2024-08-27 12:21:00-04:00,2024-08-27 12:33:00-04:00,2024-08-27 15:59:00-04:00,LONG,127.765,127.790553,128.314332,156,0.01,3.0,126.48735,131.59795,FORCED_EOD,89.70000000000044,7.990475999999717,1.092,9.082475999999717,80.61752400000073,218
2024-08-28 11:00:00-04:00,2024-08-28 11:31:00-04:00,2024-08-28 11:12:00-04:00,LONG,125.11,125.13502199999999,123.83412822000001,159,0.01,3.0,123.8589,128.8633,STOP,-198.924899999999,7.917211019998007,1.113,9.030211019998006,-207.95511101999702,12
2024-08-28 13:54:00-04:00,2024-08-28 14:03:00-04:00,2024-08-28 15:59:00-04:00,LONG,124.5896,124.61451792,125.634868,160,0.01,3.0,123.343704,128.327288,FORCED_EOD,171.26399999999876,8.007987199998752,1.12,9.127987199998753,162.1360128,125
2024-08-29 12:53:00-04:00,2024-08-29 13:07:00-04:00,2024-08-29 14:28:00-04:00,LONG,120.4,120.42408,119.17216080000001,166,0.01,3.0,119.19600000000001,124.012,STOP,-199.86399999999892,7.954587199999253,1.162,9.116587199999252,-208.98058719999818,95
2024-08-29 14:35:00-04:00,2024-08-29 15:01:00-04:00,2024-08-29 14:43:00-04:00,LONG,118.5406,118.56430811999999,117.3317229612,168,0.01,3.0,117.355194,122.096818,STOP,-199.14820800000007,7.926098678398603,1.176,9.102098678398603,-208.25030667839866,8
2024-08-30 14:01:00-04:00,2024-08-30 14:12:00-04:00,2024-08-30 15:55:00-04:00,SHORT,118.12,118.096376,119.32506024,169,0.01,3.0,119.30120000000001,114.5764,STOP,-199.62280000000067,8.024836559998079,1.183,9.207836559998078,-208.83063655999874,114
2024-09-03 10:44:00-04:00,2024-09-03 10:55:00-04:00,2024-09-03 11:00:00-04:00,LONG,110.63,110.652126,109.50179526,180,0.01,3.0,109.52369999999999,113.9489,STOP,-199.1340000000008,7.925533199999393,1.26,9.185533199999393,-208.3195332000002,16
2024-09-03 11:12:00-04:00,2024-09-03 11:58:00-04:00,2024-09-03 15:34:00-04:00,SHORT,111.2698,111.24754604,107.9532923412,179,0.01,3.0,112.382498,107.931706,TAKE_PROFIT_BRACKET,597.5188259999996,7.847413914798636,1.2530000000000001,9.100413914798636,588.418412085201,262
2024-09-04 14:08:00-04:00,2024-09-04 15:52:00-04:00,2024-09-04 14:35:00-04:00,LONG,108.3813,108.40297625999999,107.27602750259999,184,0.01,3.0,107.29748699999999,111.632739,STOP,-199.42159200000117,7.936979361599015,1.288,9.224979361599015,-208.6465713616002,27
2024-09-05 11:44:00-04:00,2024-09-05 11:52:00-04:00,2024-09-05 15:59:00-04:00,SHORT,106.9601,106.93870798,107.26144799999999,187,0.01,3.0,108.029701,103.751297,FORCED_EOD,-52.34129999999959,8.011083739997318,1.309,9.320083739997317,-61.66138373999691,255
2024-09-06 12:04:00-04:00,2024-09-06 12:09:00-04:00,2024-09-06 15:59:00-04:00,LONG,101.185,101.205237,102.789438,197,0.01,3.0,100.17315,104.22055,FORCED_EOD,320.125,8.037402999998562,1.379,9.416402999998562,310.7085970000014,235
2024-09-09 11:14:00-04:00,2024-09-09 11:41:00-04:00,2024-09-09 11:32:00-04:00,SHORT,103.945,103.924211,105.00544688999999,192,0.01,3.0,104.98445,100.82664999999999,STOP,-199.57440000000042,8.022890879997249,1.344,9.366890879997248,-208.94129087999767,18
2024-09-09 12:42:00-04:00,2024-09-09 12:55:00-04:00,2024-09-09 15:59:00-04:00,LONG,105.385,105.406077,106.45870400000001,189,0.01,3.0,104.33115000000001,108.54655000000001,FORCED_EOD,206.95499999999979,8.008496999996893,1.323,9.331496999996894,197.6235030000029,197
2024-09-10 11:26:00-04:00,2024-09-10 11:51:00-04:00,2024-09-10 11:50:00-04:00,LONG,107.165,107.18643300000001,106.07213133,186,0.01,3.0,106.09335,110.37995000000001,STOP,-199.326900000001,7.933210619999613,1.302,9.235210619999613,-208.5621106200006,24
2024-09-10 12:55:00-04:00,2024-09-10 14:10:00-04:00,2024-09-10 15:59:00-04:00,LONG,106.19,106.211238,107.998396,188,0.01,3.0,105.1281,109.3757,FORCED_EOD,344.0399999999997,8.054295999998715,1.316,9.370295999998715,334.669704000001,184
2024-09-11 11:54:00-04:00,2024-09-11 12:41:00-04:00,2024-09-11 12:04:00-04:00,SHORT,110.7,110.67786000000001,111.8293614,180,0.01,3.0,111.807,107.379,STOP,-199.25999999999988,8.010251999997706,1.26,9.270251999997706,-208.53025199999757,10
2024-09-12 13:56:00-04:00,2024-09-12 14:07:00-04:00,2024-09-12 15:59:00-04:00,SHORT,120.77,120.745846,119.20383600000001,165,0.01,3.0,121.9777,117.1469,FORCED_EOD,262.3499999999982,7.918349999999776,1.155,9.073349999999776,253.27664999999843,123
2024-09-13 11:49:00-04:00,2024-09-13 12:22:00-04:00,2024-09-13 15:59:00-04:00,LONG,119.1,119.12382,119.04618599999999,167,0.01,3.0,117.90899999999999,122.673,FORCED_EOD,-5.01000000000019,7.954878000000363,1.169,9.123878000000364,-14.133878000000553,250
2024-09-16 10:35:00-04:00,2024-09-16 10:51:00-04:00,2024-09-16 15:59:00-04:00,SHORT,116.32,116.296736,116.793354,171,0.01,3.0,117.4832,112.8304,FORCED_EOD,-76.95000000000049,7.971677999999173,1.197,9.168677999999172,-86.11867799999966,324
2024-09-17 11:00:00-04:00,2024-09-17 11:15:00-04:00,2024-09-17 15:59:00-04:00,SHORT,117.52,117.496496,115.608117,170,0.01,3.0,118.6952,113.9944,FORCED_EOD,328.9500000000004,7.925570000000306,1.19,9.115570000000305,319.83443000000005,299
2024-09-18 10:12:00-04:00,2024-09-18 10:15:00-04:00,2024-09-18 14:00:00-04:00,SHORT,114.995,114.972001,116.16817899,173,0.01,3.0,116.14495000000001,111.54515,STOP,-198.94135000000068,7.997442269998501,1.211,9.208442269998502,-208.14979226999918,228
2024-09-18 14:01:00-04:00,2024-09-18 14:09:00-04:00,2024-09-18 14:12:00-04:00,LONG,116.555,116.578311,115.36637211000001,171,0.01,3.0,115.38945000000001,120.05165000000001,STOP,-199.30904999999933,7.932500189998066,1.197,9.129500189998065,-208.4385501899974,11
2024-09-18 15:02:00-04:00,2024-09-18 15:14:00-04:00,2024-09-18 15:59:00-04:00,SHORT,115.0,114.977,113.27265,173,0.01,3.0,116.15,111.55,FORCED_EOD,302.75,7.897449999999111,1.211,9.108449999999111,293.64155000000085,57
2024-09-19 10:28:00-04:00,2024-09-19 10:55:00-04:00,2024-09-19 15:14:00-04:00,LONG,119.0887,119.11251774,117.87423343740001,167,0.01,3.0,117.897813,122.661361,STOP,-198.8781290000006,7.9153495341982705,1.169,9.084349534198271,-207.96247853419888,286
2024-09-19 15:53:00-04:00,2024-09-19 15:56:00-04:00,2024-09-19 15:59:00-04:00,SHORT,117.9674,117.94380652,118.003596,169,0.01,3.0,119.147074,114.428378,FORCED_EOD,-2.1294000000010413,7.97502212000002,1.183,9.15802212000002,-11.287422120001061,6
2024-09-20 10:19:00-04:00,2024-09-20 11:22:00-04:00,2024-09-20 11:07:00-04:00,LONG,117.19,117.213438,115.99489638,170,0.01,3.0,116.0181,120.7057,STOP,-199.22299999999893,7.929075400000443,1.19,9.119075400000442,-208.34207539999937,48
2024-09-20 11:48:00-04:00,2024-09-20 12:12:00-04:00,2024-09-20 15:59:00-04:00,LONG,116.25,116.27325,116.046786,172,0.01,3.0,115.0875,119.7375,FORCED_EOD,-30.960000000001173,7.991808000000049,1.204,9.19580800000005,-40.15580800000122,251
2024-09-23 10:42:00-04:00,2024-09-23 11:08:00-04:00,2024-09-23 15:59:00-04:00,LONG,115.275,115.298055,116.206754,173,0.01,3.0,114.12225000000001,118.73325000000001,FORCED_EOD,165.2149999999997,8.010072999999949,1.211,9.221072999999949,155.99392699999973,317
2024-09-24 10:42:00-04:00,2024-09-24 11:20:00-04:00,2024-09-24 11:39:00-04:00,LONG,115.415,115.438083,118.85367451000002,173,0.01,3.0,114.26085,118.87745000000001,TAKE_PROFIT_BRACKET,599.0038500000007,8.106518769998459,1.211,9.31751876999846,589.6863312300022,57
2024-09-24 13:34:00-04:00,2024-09-24 13:53:00-04:00,2024-09-24 15:59:00-04:00,SHORT,121.65,121.62567000000001,120.97419000000001,164,0.01,3.0,122.8665,118.0005,FORCED_EOD,114.80000000000047,7.9572799999994,1.1480000000000001,9.1052799999994,105.69472000000107,145
2024-09-25 11:33:00-04:00,2024-09-25 12:26:00-04:00,2024-09-25 13:47:00-04:00,LONG,123.905,123.92978099999999,122.64141681,161,0.01,3.0,122.66595,127.62215,STOP,-199.48705000000098,7.939584589998361,1.127,9.066584589998362,-208.55363458999935,134
2024-09-25 13:58:00-04:00,2024-09-25 14:04:00-04:00,2024-09-25 15:59:00-04:00,LONG,123.005,123.029601,123.53528800000001,162,0.01,3.0,121.77494999999999,126.69515,FORCED_EOD,89.9100000000011,7.988705999999667,1.1340000000000001,9.122705999999667,80.78729400000144,121
2024-09-26 10:34:00-04:00,2024-09-26 11:32:00-04:00,2024-09-26 10:53:00-04:00,LONG,124.9104,124.93538208,123.6365637408,160,0.01,3.0,123.661296,128.657712,STOP,-199.85664000000043,7.954294271999061,1.12,9.074294271999062,-208.9309342719995,19
2024-09-26 13:20:00-04:00,2024-09-26 13:42:00-04:00,2024-09-26 15:59:00-04:00,LONG,121.95,121.97439,123.96520199999999,163,0.01,3.0,120.7305,125.6085,FORCED_EOD,332.51999999999873,8.017644000000146,1.141,9.158644000000146,323.3613559999986,159
2024-09-27 10:07:00-04:00,2024-09-27 10:47:00-04:00,2024-09-27 10:33:00-04:00,LONG,122.0707,122.09511413999999,120.8258230014,163,0.01,3.0,120.849993,125.732821,STOP,-198.97524100000072,7.919214591798678,1.141,9.060214591798678,-208.03545559179938,26
2024-09-27 11:49:00-04:00,2024-09-27 12:32:00-04:00,2024-09-27 15:59:00-04:00,SHORT,120.7792,120.75504416000001,121.42428,165,0.01,3.0,121.986992,117.15582400000001,FORCED_EOD,-102.43200000000044,7.991913599997034,1.155,9.146913599997033,-111.57891359999748,250
2024-09-30 12:05:00-04:00,2024-09-30 12:55:00-04:00,2024-09-30 14:20:00-04:00,LONG,120.79,120.814158,119.55818358000002,165,0.01,3.0,119.58210000000001,124.4137,STOP,-199.3034999999992,7.932279299998655,1.155,9.087279299998654,-208.39077929999783,135
2024-09-30 15:39:00-04:00,2024-09-30 15:56:00-04:00,2024-09-30 15:59:00-04:00,LONG,120.055,120.07901100000001,121.465702,166,0.01,3.0,118.85445,123.65665000000001,FORCED_EOD,238.20999999999802,8.019294000000542,1.162,9.181294000000541,229.02870599999747,20
2024-10-01 11:43:00-04:00,2024-10-01 12:24:00-04:00,2024-10-01 12:43:00-04:00,LONG,117.85,117.87356999999999,116.64816569999999,169,0.01,3.0,116.6715,121.3855,STOP,-199.16649999999993,7.926826699999026,1.183,9.109826699999026,-208.27632669999895,60
2024-10-01 13:56:00-04:00,2024-10-01 14:59:00-04:00,2024-10-01 15:59:00-04:00,LONG,117.01,117.03340200000001,116.92651002000001,170,0.01,3.0,115.8399,120.5203,FORCED_EOD,-10.21700000000095,7.954636599999105,1.19,9.144636599999105,-19.361636600000057,123
2024-10-02 12:03:00-04:00,2024-10-02 12:21:00-04:00,2024-10-02 15:59:00-04:00,LONG,118.84,118.86376800000001,118.81613202,168,0.01,3.0,117.6516,122.40520000000001,FORCED_EOD,-0.016800000000557702,7.986044640001069,1.176,9.162044640001069,-9.178844640001627,236
2024-10-03 12:40:00-04:00,2024-10-03 14:26:00-04:00,2024-10-03 15:59:00-04:00,SHORT,122.815,122.790437,122.864568,162,0.01,3.0,124.04315,119.13055,FORCED_EOD,-4.050000000000921,7.9592220000004374,1.1340000000000001,9.093222000000438,-13.143222000001359,199
2024-10-04 11:02:00-04:00,2024-10-04 11:15:00-04:00,2024-10-04 15:59:00-04:00,LONG,123.88,123.904776,124.86502200000001,161,0.01,3.0,122.6412,127.59639999999999,FORCED_EOD,162.6100000000008,8.010393999998868,1.127,9.137393999998869,153.47260600000192,297
2024-10-07 10:58:00-04:00,2024-10-07 12:46:00-04:00,2024-10-07 11:46:00-04:00,SHORT,127.86,127.834428,129.16442772,156,0.01,3.0,129.1386,124.0242,STOP,-199.46159999999958,8.018356319998759,1.092,9.11035631999876,-208.57195631999835,48
2024-10-07 13:41:00-04:00,2024-10-07 14:05:00-04:00,2024-10-07 15:59:00-04:00,SHORT,129.8991,129.87312018,127.81555800000001,153,0.01,3.0,131.198091,126.002127,FORCED_EOD,322.6922999999997,7.8852864600010975,1.071,8.956286460001097,313.73601353999857,138
2024-10-08 12:27:00-04:00,2024-10-08 12:51:00-04:00,2024-10-08 15:59:00-04:00,SHORT,132.415,132.388517,132.966588,151,0.01,3.0,133.73915,128.44254999999998,FORCED_EOD,-79.27500000000086,8.01372099999827,1.057,9.07072099999827,-88.34572099999913,212
2024-10-09 12:02:00-04:00,2024-10-09 12:37:00-04:00,2024-10-09 15:59:00-04:00,LONG,132.33,132.356466,132.583478,151,0.01,3.0,131.00670000000002,136.2999,FORCED_EOD,42.28000000000017,8.001187999999871,1.057,9.058187999999872,33.2218120000003,237
2024-10-10 12:31:00-04:00,2024-10-10 13:03:00-04:00,2024-10-10 15:59:00-04:00,LONG,134.11,134.13682200000002,134.77304,149,0.01,3.0,132.7689,138.13330000000002,FORCED_EOD,102.80999999999966,8.013518000001852,1.043,9.056518000001851,93.7534819999978,208
2024-10-11 10:13:00-04:00,2024-10-11 10:30:00-04:00,2024-10-11 15:59:00-04:00,SHORT,135.5799,135.55278402000002,134.77695,147,0.01,3.0,136.935699,131.512503,FORCED_EOD,121.99530000000135,7.947699059998541,1.029,8.976699059998541,113.01860094000281,346
2024-10-14 11:00:00-04:00,2024-10-14 12:05:00-04:00,2024-10-14 15:59:00-04:00,LONG,138.4202,138.44788404,138.11247197999998,144,0.01,3.0,137.035998,142.57280599999999,FORCED_EOD,-40.33440000000064,7.964936640000815,1.008,8.972936640000814,-49.30733664000146,299
2024-10-15 11:43:00-04:00,2024-10-15 12:24:00-04:00,2024-10-15 15:59:00-04:00,LONG,131.275,131.301255,131.58367800000002,152,0.01,3.0,129.96225,135.21325000000002,FORCED_EOD,50.92000000000121,7.991703999997753,1.064,9.055703999997753,41.864296000003456,256
2024-10-16 11:56:00-04:00,2024-10-16 12:26:00-04:00,2024-10-16 13:16:00-04:00,SHORT,134.065,134.038187,135.43273113,149,0.01,3.0,135.40565,130.04305,STOP,-199.7568500000016,8.030225370000494,1.043,9.073225370000493,-208.8300753700021,80
2024-10-16 14:21:00-04:00,2024-10-16 14:51:00-04:00,2024-10-16 15:59:00-04:00,LONG,135.834,135.8611668,135.68275802,147,0.01,3.0,134.47566,139.90902,FORCED_EOD,-18.242699999999786,7.983390660002016,1.029,9.012390660002016,-27.2550906600018,98
2024-10-17 14:05:00-04:00,2024-10-17 14:48:00-04:00,2024-10-17 15:59:00-04:00,SHORT,139.19,139.162162,136.94738399999997,143,0.01,3.0,140.5819,135.0143,FORCED_EOD,324.6100000000015,7.896745999998046,1.0010000000000001,8.897745999998046,315.71225400000344,114
2024-10-18 11:32:00-04:00,2024-10-18 11:38:00-04:00,2024-10-18 15:59:00-04:00,LONG,137.9799,138.00749598,137.952404,144,0.01,3.0,136.600101,142.119297,FORCED_EOD,0.01440000000047803,7.9476451199984695,1.008,8.955645119998469,-8.94124511999799,267
2024-10-21 10:46:00-04:00,2024-10-21 11:41:00-04:00,2024-10-21 12:02:00-04:00,SHORT,140.004,139.9759992,141.432320808,142,0.01,3.0,141.40403999999998,135.80388,STOP,-198.80567999999857,7.9919883360008726,0.994,8.985988336000872,-207.79166833599945,76
2024-10-21 12:55:00-04:00,2024-10-21 13:22:00-04:00,2024-10-21 15:59:00-04:00,LONG,141.18,141.208236,143.67126,141,0.01,3.0,139.7682,145.4154,FORCED_EOD,355.31999999999744,8.03361599999883,0.987,9.02061599999883,346.2993839999986,184
2024-10-22 12:51:00-04:00,2024-10-22 13:28:00-04:00,2024-10-22 15:59:00-04:00,LONG,142.7,142.72853999999998,143.54128599999999,140,0.01,3.0,141.273,146.981,FORCED_EOD,121.80000000000064,8.01556000000005,0.98,8.99556000000005,112.80444000000058,188
2024-10-23 10:04:00-04:00,2024-10-23 10:27:00-04:00,2024-10-23 13:14:00-04:00,LONG,139.445,139.47288899999998,138.02293989,143,0.01,3.0,138.05055,143.62834999999998,STOP,-199.40635000000088,7.936372729995867,1.0010000000000001,8.937372729995866,-208.34372272999676,190
2024-10-23 14:24:00-04:00,2024-10-23 15:13:00-04:00,2024-10-23 15:50:00-04:00,SHORT,138.35,138.32233,139.7614467,144,0.01,3.0,139.7335,134.1995,STOP,-199.2239999999997,8.008804800000235,1.008,9.016804800000234,-208.24080479999995,86
2024-10-24 10:27:00-04:00,2024-10-24 10:46:00-04:00,2024-10-24 15:59:00-04:00,LONG,139.17,139.19783399999997,140.37192000000002,143,0.01,3.0,137.7783,143.34509999999997,FORCED_EOD,175.8900000000026,7.995701999996129,1.0010000000000001,8.996701999996128,166.89329800000647,332
2024-10-25 12:13:00-04:00,2024-10-25 13:04:00-04:00,2024-10-25 13:40:00-04:00,LONG,143.5551,143.58381102,142.09112509020002,139,0.01,3.0,142.119549,147.86175300000002,STOP,-199.54158900000053,7.941755242198042,0.973,8.914755242198042,-208.45634424219858,87
2024-10-25 13:51:00-04:00,2024-10-25 14:40:00-04:00,2024-10-25 15:59:00-04:00,LONG,142.195,142.22343899999998,141.441706,140,0.01,3.0,140.77304999999998,146.46085,FORCED_EOD,-101.4999999999992,7.942619999997191,0.98,8.922619999997192,-110.4226199999964,128
2024-10-28 13:04:00-04:00,2024-10-28 14:37:00-04:00,2024-10-28 15:59:00-04:00,SHORT,140.74,140.71185200000002,140.648124,142,0.01,3.0,142.1474,136.51780000000002,FORCED_EOD,17.040000000000646,7.990623999996956,0.994,8.984623999996955,8.05537600000369,175
2024-10-29 12:45:00-04:00,2024-10-29 13:35:00-04:00,2024-10-29 15:59:00-04:00,LONG,141.5375,141.5658075,141.251744,141,0.01,3.0,140.12212499999998,145.783625,FORCED_EOD,-36.30749999999904,7.975453500001407,0.987,8.962453500001407,-45.26995350000045,194
2024-10-30 11:29:00-04:00,2024-10-30 12:00:00-04:00,2024-10-30 15:59:00-04:00,SHORT,140.0962,140.06818076000002,139.497894,142,0.01,3.0,141.497162,135.893314,FORCED_EOD,88.92040000000162,7.939680079999334,0.994,8.933680079999334,79.98671992000229,270
2024-10-31 11:50:00-04:00,2024-10-31 12:14:00-04:00,2024-10-31 15:59:00-04:00,LONG,132.755,132.78155099999998,132.543486,150,0.01,3.0,131.42745,136.73765,FORCED_EOD,-27.75000000000034,7.959749999996291,1.05,9.009749999996291,-36.75974999999663,249
2024-11-01 11:06:00-04:00,2024-11-01 11:30:00-04:00,2024-11-01 14:09:00-04:00,LONG,136.33,136.357266,134.93970666,146,0.01,3.0,134.9667,140.4199,STOP,-199.0418000000014,7.921863639998151,1.022,8.94386363999815,-207.98566363999953,183
2024-11-01 15:44:00-04:00,2024-11-01 15:50:00-04:00,2024-11-01 15:59:00-04:00,SHORT,135.99,135.962802,135.457086,147,0.01,3.0,137.34990000000002,131.9103,FORCED_EOD,82.32000000000033,7.979747999999347,1.029,9.008747999999347,73.31125200000099,15
2024-11-04 10:04:00-05:00,2024-11-04 10:29:00-05:00,2024-11-04 15:59:00-05:00,LONG,136.77,136.797354,136.052784,146,0.01,3.0,135.4023,140.87310000000002,FORCED_EOD,-100.73999999999967,7.9672200000018165,1.022,8.989220000001817,-109.72922000000149,355
2024-11-05 10:56:00-05:00,2024-11-05 11:19:00-05:00,2024-11-05 15:59:00-05:00,SHORT,139.0301,139.00229398000002,139.937982,143,0.01,3.0,140.420401,134.859197,FORCED_EOD,-125.82569999999888,7.9776868599991815,1.0010000000000001,8.978686859999181,-134.80438685999806,303
2024-11-06 12:19:00-05:00,2024-11-06 12:48:00-05:00,2024-11-06 14:45:00-05:00,SHORT,144.9362,144.90721276000002,146.41483911240002,138,0.01,3.0,146.38556200000002,140.58811400000002,STOP,-200.01195600000108,8.040480631198307,0.966,9.006480631198306,-209.0184366311994,146
2024-11-07 10:16:00-05:00,2024-11-07 10:26:00-05:00,2024-11-07 15:59:00-05:00,SHORT,148.4901,148.46040198000003,148.91977799999998,134,0.01,3.0,149.97500100000002,144.03539700000002,FORCED_EOD,-53.58659999999651,7.969786679996901,0.9380000000000001,8.907786679996901,-62.49438667999341,343
2024-11-08 13:52:00-05:00,2024-11-08 15:02:00-05:00,2024-11-08 15:59:00-05:00,LONG,147.3299,147.35936598,147.47050000000002,135,0.01,3.0,145.856601,151.749797,FORCED_EOD,22.96349999999876,7.960407299997598,0.9450000000000001,8.905407299997599,14.058092700001161,127
2024-11-11 12:53:00-05:00,2024-11-11 13:20:00-05:00,2024-11-11 15:59:00-05:00,SHORT,145.57,145.540886,145.309056,137,0.01,3.0,147.0257,141.2029,FORCED_EOD,39.72999999999891,7.969289999998608,0.9590000000000001,8.928289999998608,30.801710000000302,186
2024-11-12 11:15:00-05:00,2024-11-12 11:32:00-05:00,2024-11-12 15:59:00-05:00,LONG,147.9324,147.96198648,148.360322,135,0.01,3.0,146.453076,152.370372,FORCED_EOD,61.77599999999799,8.000704799999454,0.9450000000000001,8.945704799999454,52.83029519999854,284
2024-11-13 10:41:00-05:00,2024-11-13 11:00:00-05:00,2024-11-13 15:59:00-05:00,LONG,146.585,146.614317,146.380718,136,0.01,3.0,145.11915000000002,150.98255,FORCED_EOD,-23.800000000001546,7.969463999998197,0.9520000000000001,8.921463999998197,-32.72146399999974,318
2024-11-14 10:01:00-05:00,2024-11-14 10:52:00-05:00,2024-11-14 15:59:00-05:00,SHORT,147.8335,147.80393329999998,146.82936,135,0.01,3.0,149.31183499999997,143.398495,FORCED_EOD,139.52249999999665,7.95510450000009,0.9450000000000001,8.90010450000009,130.62239549999657,358
2024-11-15 10:23:00-05:00,2024-11-15 10:46:00-05:00,2024-11-15 13:53:00-05:00,LONG,141.895,141.923379,140.44795479,140,0.01,3.0,140.47605000000001,146.15185000000002,STOP,-198.65299999999934,7.9063894000006485,0.98,8.886389400000649,-207.53938939999998,210
2024-11-15 14:14:00-05:00,2024-11-15 14:39:00-05:00,2024-11-15 15:59:00-05:00,LONG,140.195,140.223039,141.94190594,142,0.01,3.0,138.79305,144.40085,FORCED_EOD,252.09260000000222,8.013494520002496,0.994,9.007494520002496,243.08510547999973,105
2024-11-18 11:27:00-05:00,2024-11-18 11:50:00-05:00,2024-11-18 15:59:00-05:00,SHORT,140.9962,140.96800076,140.22804,141,0.01,3.0,142.406162,136.766314,FORCED_EOD,112.26419999999985,7.929732839999502,0.987,8.916732839999503,103.34746716000035,272
2024-11-19 10:57:00-05:00,2024-11-19 11:21:00-05:00,2024-11-19 14:01:00-05:00,SHORT,144.13,144.101174,145.60041426,138,0.01,3.0,145.5713,139.8061,STOP,-198.89940000000172,7.9957558800012976,0.966,8.961755880001297,-207.86115588000303,184
2024-11-19 15:55:00-05:00,2024-11-19 15:56:00-05:00,2024-11-19 15:59:00-05:00,LONG,146.35,146.37927,146.9706,136,0.01,3.0,144.88649999999998,150.7405,FORCED_EOD,88.40000000000077,7.979120000000876,0.9520000000000001,8.931120000000876,79.4688799999999,4
2024-11-20 10:34:00-05:00,2024-11-20 11:15:00-05:00,2024-11-20 11:02:00-05:00,SHORT,144.77,144.741046,146.24694354000002,138,0.01,3.0,146.2177,140.42690000000002,STOP,-199.78259999999966,8.03126052000124,0.966,8.99726052000124,-208.7798605200009,28
2024-11-20 13:19:00-05:00,2024-11-20 13:27:00-05:00,2024-11-20 15:59:00-05:00,LONG,144.555,144.583911,145.900814,138,0.01,3.0,143.10945,148.89165,FORCED_EOD,189.75,8.0173860000005,0.966,8.983386000000499,180.7666139999995,160
2024-11-21 13:34:00-05:00,2024-11-21 14:20:00-05:00,2024-11-21 14:01:00-05:00,SHORT,146.04,146.010792,147.52990007999998,136,0.01,3.0,147.50039999999998,141.65879999999999,STOP,-198.61439999999902,7.984298879996459,0.9520000000000001,8.936298879996459,-207.55069887999548,27
2024-11-21 15:48:00-05:00,2024-11-21 15:56:00-05:00,2024-11-21 15:59:00-05:00,LONG,147.13,147.159426,146.590676,135,0.01,3.0,145.65869999999998,151.5439,FORCED_EOD,-68.84999999999877,7.93125000000046,0.9450000000000001,8.87625000000046,-77.72624999999923,11
2024-11-22 11:24:00-05:00,2024-11-22 12:24:00-05:00,2024-11-22 15:59:00-05:00,LONG,142.3973,142.42577946,141.851624,140,0.01,3.0,140.973327,146.669219,FORCED_EOD,-72.42200000000082,7.959764400001177,0.98,8.939764400001177,-81.361764400002,275
2024-11-25 11:39:00-05:00,2024-11-25 11:53:00-05:00,2024-11-25 15:59:00-05:00,SHORT,138.14,138.112372,135.967188,144,0.01,3.0,139.5214,133.99579999999997,FORCED_EOD,316.79999999999836,7.893503999998302,1.008,8.901503999998301,307.8984960000001,260
2024-11-26 12:51:00-05:00,2024-11-26 13:25:00-05:00,2024-11-26 15:59:00-05:00,LONG,136.925,136.95238500000002,136.812632,146,0.01,3.0,135.55575000000002,141.03275000000002,FORCED_EOD,-12.410000000001162,7.993938000000753,1.022,9.015938000000753,-21.425938000001914,188
2024-11-27 10:38:00-05:00,2024-11-27 11:21:00-05:00,2024-11-27 13:15:00-05:00,SHORT,132.112,132.0855776,133.459806624,151,0.01,3.0,133.43312,128.14864,STOP,-199.48912000000115,8.01946262400125,1.057,9.07646262400125,-208.5655826240024,157
2024-11-27 15:01:00-05:00,2024-11-27 15:54:00-05:00,2024-11-27 15:59:00-05:00,SHORT,134.375,134.348125,135.42708,148,0.01,3.0,135.71875,130.34375,FORCED_EOD,-151.70000000000084,7.985339999996086,1.036,9.021339999996085,-160.72133999999693,58
2024-11-29 12:48:00-05:00,2024-11-29 12:59:00-05:00,2024-11-29 12:59:00-05:00,LONG,138.4982,138.52589964,138.252344,144,0.01,3.0,137.113218,142.653146,FORCED_EOD,-31.420799999999417,7.971212160002324,1.008,8.979212160002323,-40.400012160001744,11
2024-12-02 12:56:00-05:00,2024-12-02 13:10:00-05:00,2024-12-02 15:59:00-05:00,LONG,138.8286,138.85636571999999,138.602274,144,0.01,3.0,137.440314,142.993458,FORCED_EOD,-28.598399999999856,7.990807679998852,1.008,8.998807679998851,-37.59720767999871,183
2024-12-03 12:23:00-05:00,2024-12-03 12:55:00-05:00,2024-12-03 15:59:00-05:00,SHORT,138.96,138.932208,140.27805,143,0.01,3.0,140.3496,134.7912,FORCED_EOD,-184.46999999999886,7.985406000001802,1.0010000000000001,8.986406000001802,-193.45640600000067,216
2024-12-04 11:27:00-05:00,2024-12-04 12:48:00-05:00,2024-12-04 12:14:00-05:00,SHORT,142.875,142.846425,144.33261075000001,140,0.01,3.0,144.30375,138.58875,STOP,-200.0250000000011,8.041004999999473,0.98,9.021004999999473,-209.04600500000058,47
2024-12-04 13:15:00-05:00,2024-12-04 13:52:00-05:00,2024-12-04 15:59:00-05:00,LONG,144.135,144.163827,145.11097199999998,138,0.01,3.0,142.69365,148.45905,FORCED_EOD,138.68999999999937,7.98399000000245,0.966,8.94999000000245,129.74000999999691,164
2024-12-05 10:24:00-05:00,2024-12-05 10:38:00-05:00,2024-12-05 15:59:00-05:00,LONG,144.03,144.058806,144.980998,138,0.01,3.0,142.5897,148.3509,FORCED_EOD,135.2399999999986,7.977503999999215,0.966,8.943503999999214,126.29649599999938,335
2024-12-06 11:04:00-05:00,2024-12-06 11:58:00-05:00,2024-12-06 11:22:00-05:00,LONG,143.285,143.313657,141.82377957,139,0.01,3.0,141.85215,147.58355,STOP,-199.16615000000027,7.9268127700007085,0.973,8.89981277000071,-208.065962770001,18
2024-12-06 12:13:00-05:00,2024-12-06 12:44:00-05:00,2024-12-06 15:59:00-05:00,SHORT,142.8631,142.83452738,142.42848,140,0.01,3.0,144.291731,138.57720700000002,FORCED_EOD,64.8339999999996,7.987366800001041,0.98,8.967366800001042,55.86663319999857,226
2024-12-09 10:36:00-05:00,2024-12-09 11:24:00-05:00,2024-12-09 15:59:00-05:00,LONG,138.01,138.037602,138.777239,144,0.01,3.0,136.6299,142.1503,FORCED_EOD,114.48000000000229,7.972271999999975,1.008,8.980271999999974,105.49972800000232,323
2024-12-10 14:39:00-05:00,2024-12-10 14:44:00-05:00,2024-12-10 15:05:00-05:00,LONG,135.16,135.187032,133.78163832,147,0.01,3.0,133.8084,139.2148,STOP,-198.68519999999862,7.90767095999766,1.029,8.93667095999766,-207.62187095999627,26
2024-12-11 11:17:00-05:00,2024-12-11 12:35:00-05:00,2024-12-11 12:10:00-05:00,SHORT,137.22,137.192556,138.61991844,145,0.01,3.0,138.5922,133.1034,STOP,-198.96899999999889,7.998553800000536,1.0150000000000001,9.013553800000537,-207.9825537999994,53
2024-12-11 13:37:00-05:00,2024-12-11 14:16:00-05:00,2024-12-11 15:59:00-05:00,SHORT,139.57,139.54208599999998,139.287852,143,0.01,3.0,140.9657,135.3829,FORCED_EOD,44.330000000000325,7.974538000000791,1.0010000000000001,8.97553800000079,35.354461999999536,142
2024-12-12 12:14:00-05:00,2024-12-12 13:44:00-05:00,2024-12-12 15:59:00-05:00,SHORT,137.1,137.07258,137.32746,145,0.01,3.0,138.471,132.987,FORCED_EOD,-29.000000000002473,7.957599999999587,1.0150000000000001,8.972599999999588,-37.97260000000206,225
2024-12-13 11:09:00-05:00,2024-12-13 11:37:00-05:00,2024-12-13 15:59:00-05:00,LONG,132.61,132.636522,134.193156,150,0.01,3.0,131.28390000000002,136.5883,FORCED_EOD,241.49999999999778,8.004900000001669,1.05,9.05490000000167,232.4450999999961,290
2024-12-16 12:15:00-05:00,2024-12-16 12:42:00-05:00,2024-12-16 15:59:00-05:00,LONG,130.535,130.561107,131.943606,153,0.01,3.0,129.22965,134.45105,FORCED_EOD,219.55500000000035,8.032653000001005,1.071,9.103653000001005,210.45134699999934,224
2024-12-17 11:39:00-05:00,2024-12-17 12:53:00-05:00,2024-12-17 12:34:00-05:00,SHORT,129.98,129.954004,131.30605595999998,153,0.01,3.0,131.2798,126.08059999999999,STOP,-198.86940000000072,7.9945498799966686,1.071,9.065549879996668,-207.9349498799974,55
2024-12-17 15:23:00-05:00,2024-12-17 15:45:00-05:00,2024-12-17 15:59:00-05:00,LONG,129.355,129.38087099999998,130.32393,154,0.01,3.0,128.06144999999998,133.23565,FORCED_EOD,153.2300000000007,7.9989139999999,1.078,9.0769139999999,144.1530860000008,36
2024-12-18 14:10:00-05:00,2024-12-18 14:52:00-05:00,2024-12-18 14:56:00-05:00,LONG,133.91,133.936782,132.54438582,149,0.01,3.0,132.5709,137.9273,STOP,-199.5259000000003,7.941130819998449,1.043,8.984130819998448,-208.51003081999875,46
2024-12-18 15:04:00-05:00,2024-12-18 15:50:00-05:00,2024-12-18 15:35:00-05:00,LONG,131.93,131.956386,130.58457786000002,151,0.01,3.0,130.6107,135.8879,STOP,-199.21429999999975,7.928729139997927,1.057,8.985729139997927,-208.20002913999767,31
2024-12-19 10:14:00-05:00,2024-12-19 10:23:00-05:00,2024-12-19 11:26:00-05:00,SHORT,132.03,132.003594,133.37697006,151,0.01,3.0,133.3503,128.0691,STOP,-199.36530000000047,8.01448505999926,1.057,9.07148505999926,-208.43678505999972,72
2024-12-19 12:29:00-05:00,2024-12-19 13:00:00-05:00,2024-12-19 15:59:00-05:00,LONG,131.4849,131.51119698,130.62387,152,0.01,3.0,130.170051,135.429447,FORCED_EOD,-126.9048000000007,7.968900959996745,1.064,9.032900959996745,-135.93770095999744,210
2024-12-20 10:06:00-05:00,2024-12-20 11:28:00-05:00,2024-12-20 10:27:00-05:00,SHORT,130.87,130.843826,132.20513574,152,0.01,3.0,132.1787,126.9439,STOP,-198.9223999999981,7.99668048000126,1.064,9.06068048000126,-207.98308047999936,21
2024-12-20 13:00:00-05:00,2024-12-20 13:55:00-05:00,2024-12-20 15:33:00-05:00,LONG,134.45,134.47689,133.07887889999998,148,0.01,3.0,133.10549999999998,138.4835,STOP,-198.98600000000158,7.91964280000127,1.036,8.95564280000127,-207.94164280000285,153
2024-12-23 10:11:00-05:00,2024-12-23 10:24:00-05:00,2024-12-23 14:09:00-05:00,LONG,135.4,135.42708,139.43410760000003,147,0.01,3.0,134.046,139.46200000000002,TAKE_PROFIT_BRACKET,597.1140000000017,8.08094279999537,1.029,9.10994279999537,588.0040572000064,238
2024-12-23 14:52:00-05:00,2024-12-23 15:27:00-05:00,2024-12-23 15:59:00-05:00,LONG,138.88,138.90777599999998,139.632068,143,0.01,3.0,137.4912,143.0464,FORCED_EOD,111.54000000000016,7.966243999997346,1.0010000000000001,8.967243999997345,102.57275600000281,67
2024-12-24 10:13:00-05:00,2024-12-24 10:55:00-05:00,2024-12-24 12:36:00-05:00,LONG,141.07,141.09821399999998,139.63136814,141,0.01,3.0,139.6593,145.3021,STOP,-198.9086999999988,7.91656625999812,0.987,8.90356625999812,-207.8122662599969,143
2024-12-26 12:04:00-05:00,2024-12-26 12:43:00-05:00,2024-12-26 15:59:00-05:00,SHORT,139.8371,139.80913257999998,139.937982,143,0.01,3.0,141.235471,135.641987,FORCED_EOD,-10.424700000000598,8.000767060002687,1.0010000000000001,9.001767060002686,-19.426467060003286,235
2024-12-27 11:27:00-05:00,2024-12-27 12:00:00-05:00,2024-12-27 15:59:00-05:00,SHORT,136.36,136.332728,137.147424,146,0.01,3.0,137.7236,132.2692,FORCED_EOD,-110.95999999999867,7.985616000001016,1.022,9.007616000001017,-119.9676159999997,272
2024-12-30 11:20:00-05:00,2024-12-30 12:00:00-05:00,2024-12-30 15:59:00-05:00,LONG,137.74,137.767548,137.36252199999998,145,0.01,3.0,136.36260000000001,141.87220000000002,FORCED_EOD,-50.7500000000033,7.978769999999713,1.0150000000000001,8.993769999999714,-59.74377000000301,279
2024-12-31 10:28:00-05:00,2024-12-31 10:58:00-05:00,2024-12-31 15:59:00-05:00,SHORT,137.736,137.7084528,134.316858,145,0.01,3.0,139.11336,133.60392,FORCED_EOD,499.66999999999973,7.88875399999867,1.0150000000000001,8.90375399999867,490.76624600000105,331
2025-01-02 12:30:00-05:00,2025-01-02 13:21:00-05:00,2025-01-02 12:47:00-05:00,LONG,137.01,137.037402,135.61277202,145,0.01,3.0,135.63989999999998,141.1203,STOP,-198.66450000000114,7.9068470999976626,1.0150000000000001,8.921847099997663,-207.5863470999988,17
2025-01-02 14:07:00-05:00,2025-01-02 15:36:00-05:00,2025-01-02 15:13:00-05:00,SHORT,136.61,136.58267800000002,138.00369522,146,0.01,3.0,137.9761,132.51170000000002,STOP,-199.45059999999836,8.017914119998977,1.022,9.039914119998977,-208.49051411999733,66
2025-01-02 15:53:00-05:00,2025-01-02 15:56:00-05:00,2025-01-02 15:59:00-05:00,SHORT,138.37,138.342326,138.307656,144,0.01,3.0,139.7537,134.2189,FORCED_EOD,12.960000000000491,7.967519999999695,1.008,8.975519999999694,3.9844800000007963,6
2025-01-03 11:31:00-05:00,2025-01-03 12:00:00-05:00,2025-01-03 15:59:00-05:00,LONG,143.4501,143.47879002,144.561082,139,0.01,3.0,142.01559899999998,147.753603,FORCED_EOD,158.4461000000016,8.007514780000491,0.973,8.980514780000492,149.4655852200011,268
2025-01-06 10:13:00-05:00,2025-01-06 10:50:00-05:00,2025-01-06 15:59:00-05:00,SHORT,150.96,150.929808,149.54000202,132,0.01,3.0,152.4696,146.43120000000002,FORCED_EOD,191.3868000000018,7.9324106400010805,0.924,8.85641064000108,182.53038936000073,346
2025-01-07 12:37:00-05:00,2025-01-07 13:32:00-05:00,2025-01-07 15:59:00-05:00,SHORT,142.03,142.001594,140.148024,140,0.01,3.0,143.4503,137.7691,FORCED_EOD,267.3999999999995,7.9001999999968575,0.98,8.880199999996858,258.51980000000265,202
2025-01-08 12:15:00-05:00,2025-01-08 12:59:00-05:00,2025-01-08 15:59:00-05:00,SHORT,139.78,139.752044,140.088012,143,0.01,3.0,141.1778,135.5866,FORCED_EOD,-40.04000000000016,8.003423999996954,1.0010000000000001,9.004423999996954,-49.044423999997115,224
2025-01-10 12:39:00-05:00,2025-01-10 14:07:00-05:00,2025-01-10 15:59:00-05:00,LONG,136.45,136.47728999999998,135.832828,146,0.01,3.0,135.0855,140.5435,FORCED_EOD,-86.13999999999635,7.951452000000131,1.022,8.973452000000131,-95.11345199999649,200
2025-01-13 12:10:00-05:00,2025-01-13 14:07:00-05:00,2025-01-13 15:59:00-05:00,LONG,131.63,131.65632599999998,133.21335200000001,151,0.01,3.0,130.31369999999998,135.5789,FORCED_EOD,243.11000000000206,7.999073999996625,1.057,9.056073999996626,234.05392600000545,229
2025-01-14 10:12:00-05:00,2025-01-14 10:39:00-05:00,2025-01-14 10:28:00-05:00,LONG,134.11,134.13682200000002,132.74234622,149,0.01,3.0,132.7689,138.13330000000002,STOP,-199.82390000000171,7.952991220001536,1.043,8.995991220001535,-208.81989122000326,16
2025-01-14 11:05:00-05:00,2025-01-14 12:18:00-05:00,2025-01-14 13:41:00-05:00,SHORT,130.5196,130.49349608,131.8511609592,153,0.01,3.0,131.824796,126.604012,STOP,-199.69498799999926,8.027738517600966,1.071,9.098738517600966,-208.79372651760022,156
2025-01-14 14:52:00-05:00,2025-01-14 15:47:00-05:00,2025-01-14 15:59:00-05:00,SHORT,131.36,131.333728,131.87636999999998,152,0.01,3.0,132.67360000000002,127.41920000000002,FORCED_EOD,-74.47999999999706,8.00158399999873,1.064,9.06558399999873,-83.54558399999578,67
2025-01-15 10:48:00-05:00,2025-01-15 11:14:00-05:00,2025-01-15 14:28:00-05:00,SHORT,134.56,134.533088,135.93278112,148,0.01,3.0,135.9056,130.5232,STOP,-199.14879999999857,8.005781760000673,1.036,9.041781760000672,-208.19058175999925,220
2025-01-15 14:32:00-05:00,2025-01-15 15:17:00-05:00,2025-01-15 15:59:00-05:00,LONG,135.8,135.82716000000002,136.162762,147,0.01,3.0,134.442,139.87400000000002,FORCED_EOD,57.329999999997995,7.996506000002995,1.029,9.025506000002995,48.304493999995,87
2025-01-16 11:26:00-05:00,2025-01-16 12:11:00-05:00,2025-01-16 13:33:00-05:00,LONG,135.3862,135.41327724,134.0055315324,147,0.01,3.0,134.032338,139.447786,STOP,-199.01771399999888,7.920905017203239,1.029,8.949905017203239,-207.9676190172021,127
2025-01-16 13:55:00-05:00,2025-01-16 15:10:00-05:00,2025-01-16 14:46:00-05:00,SHORT,134.24,134.213152,135.60951648,149,0.01,3.0,135.5824,130.21280000000002,STOP,-200.01759999999967,8.040707519998591,1.043,9.08370751999859,-209.10130751999827,51
2025-01-17 15:12:00-05:00,2025-01-17 15:28:00-05:00,2025-01-17 15:59:00-05:00,LONG,137.51,137.537502,137.72245,145,0.01,3.0,136.1349,141.6353,FORCED_EOD,34.80000000000132,7.982539999998437,1.0150000000000001,8.997539999998438,25.80246000000288,47
2025-01-21 12:53:00-05:00,2025-01-21 13:54:00-05:00,2025-01-21 13:16:00-05:00,SHORT,140.235,140.20695300000003,141.66567747000002,142,0.01,3.0,141.63735000000003,136.02795,STOP,-199.1337000000018,8.005174739997187,0.994,8.999174739997187,-208.13287473999898,23
2025-01-21 15:51:00-05:00,2025-01-21 15:56:00-05:00,2025-01-21 15:59:00-05:00,LONG,140.9621,140.99029242,140.801834,141,0.01,3.0,139.552479,145.19096299999998,FORCED_EOD,-18.626099999997166,7.946537220001318,0.987,8.933537220001318,-27.559637219998482,8
2025-01-22 13:46:00-05:00,2025-01-22 14:52:00-05:00,2025-01-22 15:59:00-05:00,SHORT,147.5403,147.51079194000002,147.059406,135,0.01,3.0,149.015703,143.114091,FORCED_EOD,68.89050000000012,7.953398099997031,0.9450000000000001,8.898398099997031,59.992101900003085,133
2025-01-23 13:18:00-05:00,2025-01-23 13:32:00-05:00,2025-01-23 15:59:00-05:00,SHORT,145.96,145.930808,147.239442,137,0.01,3.0,147.4196,141.5812,FORCED_EOD,-171.25,8.03285799999776,0.9590000000000001,8.991857999997759,-180.24185799999776,161
2025-01-24 12:54:00-05:00,2025-01-24 13:04:00-05:00,2025-01-24 15:59:00-05:00,LONG,143.14,143.16862799999998,142.57187992000001,139,0.01,3.0,141.7086,147.43419999999998,FORCED_EOD,-75.00439999999705,7.943583119998664,0.973,8.916583119998664,-83.92098311999571,185
2025-01-27 10:08:00-05:00,2025-01-27 11:14:00-05:00,2025-01-27 10:16:00-05:00,LONG,125.245,125.270049,123.96775149000001,159,0.01,3.0,123.99255000000001,129.00235,STOP,-199.13954999999936,7.925754089998762,1.113,9.038754089998761,-208.1783040899981,8
2025-01-27 11:30:00-05:00,2025-01-27 11:50:00-05:00,2025-01-27 11:36:00-05:00,LONG,119.145,119.16882899999999,117.92995929,167,0.01,3.0,117.95354999999999,122.71934999999999,STOP,-198.97215000000054,7.91909156999759,1.169,9.08809156999759,-208.06024156999814,6
2025-01-28 11:25:00-05:00,2025-01-28 12:32:00-05:00,2025-01-28 11:53:00-05:00,SHORT,121.2289,121.20465422,122.4656772378,165,0.01,3.0,122.441189,117.592033,STOP,-200.02768499999974,8.041112937000179,1.155,9.196112937000178,-209.22379793699992,28
2025-01-28 13:55:00-05:00,2025-01-28 14:30:00-05:00,2025-01-28 15:46:00-05:00,SHORT,126.63,126.604674,127.92187926,157,0.01,3.0,127.8963,122.83109999999999,STOP,-198.80910000000017,7.992125819998947,1.099,9.091125819998947,-207.9002258199991,111
2025-01-29 12:48:00-05:00,2025-01-29 13:15:00-05:00,2025-01-29 15:59:00-05:00,SHORT,122.9988,122.97420024,123.834762,162,0.01,3.0,124.22878800000001,119.308836,FORCED_EOD,-131.41439999999992,7.99660511999943,1.1340000000000001,9.13060511999943,-140.54500511999933,191
2025-01-30 10:03:00-05:00,2025-01-30 10:29:00-05:00,2025-01-30 15:06:00-05:00,SHORT,121.56,121.53568800000001,122.80015512,164,0.01,3.0,122.7756,117.9132,STOP,-199.35839999999916,8.014207679999515,1.1480000000000001,9.162207679999515,-208.52060767999868,303
2025-01-30 15:37:00-05:00,2025-01-30 15:56:00-05:00,2025-01-30 15:59:00-05:00,SHORT,123.3134,123.28873732000001,124.5714433068,162,0.01,3.0,124.54653400000001,119.613998,STOP,-199.7677080000011,8.030661861598304,1.1340000000000001,9.164661861598304,-208.9323698615994,22
2025-01-31 12:59:00-05:00,2025-01-31 14:14:00-05:00,2025-01-31 14:43:00-05:00,SHORT,125.78,125.754844,122.03100132,159,0.01,3.0,127.0378,122.0066,TAKE_PROFIT_BRACKET,599.9705999999992,7.879613879998573,1.113,8.992613879998572,590.9779861200005,104
2025-01-31 14:46:00-05:00,2025-01-31 14:52:00-05:00,2025-01-31 15:59:00-05:00,SHORT,121.57,121.54568599999999,120.024,164,0.01,3.0,122.78569999999999,117.9229,FORCED_EOD,257.4799999999989,7.923496000000796,1.1480000000000001,9.071496000000796,248.4085039999981,73
2025-02-03 15:15:00-05:00,2025-02-03 15:51:00-05:00,2025-02-03 15:59:00-05:00,SHORT,117.64,117.616472,116.683332,170,0.01,3.0,118.8164,114.1108,FORCED_EOD,166.60000000000068,7.966199999999191,1.19,9.15619999999919,157.4438000000015,44
2025-02-04 10:12:00-05:00,2025-02-04 11:06:00-05:00,2025-02-04 11:58:00-05:00,LONG,120.43,120.454086,119.20185486000001,166,0.01,3.0,119.2257,124.0429,STOP,-199.91380000000058,7.956569239998117,1.162,9.118569239998116,-209.0323692399987,106
2025-02-04 12:32:00-05:00,2025-02-04 13:17:00-05:00,2025-02-04 13:24:00-05:00,SHORT,117.95,117.92641,119.1533259,169,0.01,3.0,119.12950000000001,114.4115,STOP,-199.33550000000076,8.013287099998323,1.183,9.196287099998322,-208.53178709999906,52
2025-02-04 13:40:00-05:00,2025-02-04 13:56:00-05:00,2025-02-04 15:59:00-05:00,SHORT,119.67,119.646066,118.71373799999999,167,0.01,3.0,120.86670000000001,116.0799,FORCED_EOD,163.66000000000065,7.96122399999858,1.169,9.13022399999858,154.52977600000204,139
2025-02-05 10:05:00-05:00,2025-02-05 10:23:00-05:00,2025-02-05 11:41:00-05:00,SHORT,122.7,122.67546,123.9517854,163,0.01,3.0,123.927,119.019,STOP,-200.00100000000063,8.04004020000012,1.141,9.18104020000012,-209.18204020000073,96
2025-02-05 11:52:00-05:00,2025-02-05 12:41:00-05:00,2025-02-05 13:42:00-05:00,LONG,124.08,124.104816,122.81463216,161,0.01,3.0,122.8392,127.80239999999999,STOP,-199.76879999999886,7.950798240000708,1.127,9.077798240000709,-208.8465982399996,110
2025-02-05 14:33:00-05:00,2025-02-05 15:33:00-05:00,2025-02-05 15:59:00-05:00,SHORT,123.54,123.515292,124.80035508,161,0.01,3.0,124.7754,119.83380000000001,STOP,-198.89939999999976,7.995755880000317,1.127,9.122755880000318,-208.02215588000007,86
2025-02-06 10:40:00-05:00,2025-02-06 11:17:00-05:00,2025-02-06 11:51:00-05:00,SHORT,126.3005,126.2752399,127.589017701,158,0.01,3.0,127.563505,122.511485,STOP,-199.55479000000108,8.022102557999006,1.106,9.128102557999005,-208.68289255800008,71
2025-02-06 13:51:00-05:00,2025-02-06 14:16:00-05:00,2025-02-06 15:59:00-05:00,SHORT,128.355,128.329329,128.710737,155,0.01,3.0,129.63854999999998,124.50434999999999,FORCED_EOD,-51.15000000000194,7.968239999997024,1.085,9.053239999997025,-60.203239999998964,128
2025-02-07 10:01:00-05:00,2025-02-07 10:50:00-05:00,2025-02-07 10:54:00-05:00,SHORT,129.53,129.504094,125.66922881999999,154,0.01,3.0,130.8253,125.6441,TAKE_PROFIT_BRACKET,598.428600000001,7.8593622799975265,1.078,8.937362279997526,589.4912377200035,53
2025-02-07 12:39:00-05:00,2025-02-07 13:00:00-05:00,2025-02-07 15:59:00-05:00,LONG,128.44,128.465688,129.844026,155,0.01,3.0,127.15559999999999,132.29319999999998,FORCED_EOD,221.65000000000106,8.007609999998948,1.085,9.092609999998949,212.5573900000021,200
2025-02-10 10:54:00-05:00,2025-02-10 11:34:00-05:00,2025-02-10 15:59:00-05:00,LONG,133.915,133.941783,133.483298,149,0.01,3.0,132.57585,137.93245,FORCED_EOD,-60.34500000000017,7.96926499999924,1.043,9.012264999999239,-69.35726499999942,305
2025-02-11 11:22:00-05:00,2025-02-11 11:32:00-05:00,2025-02-11 15:59:00-05:00,SHORT,134.3786,134.35172428,132.89657400000002,148,0.01,3.0,135.722386,130.347242,FORCED_EOD,223.2728000000002,7.9105585600004815,1.036,8.946558560000481,214.3262414399997,277
2025-02-12 12:07:00-05:00,2025-02-12 12:20:00-05:00,2025-02-12 15:59:00-05:00,SHORT,131.9353,131.90891294000002,131.10611598,151,0.01,3.0,133.25465300000002,127.977241,FORCED_EOD,129.16540000000046,7.943059039996939,1.057,9.00005903999694,120.16534096000352,232
2025-02-13 10:44:00-05:00,2025-02-13 11:01:00-05:00,2025-02-13 15:59:00-05:00,SHORT,136.4401,136.41281198000001,135.27705,146,0.01,3.0,137.804501,132.346897,FORCED_EOD,173.75460000000015,7.933350919998361,1.022,8.955350919998361,164.7992490800018,315
2025-02-14 10:23:00-05:00,2025-02-14 10:48:00-05:00,2025-02-14 15:50:00-05:00,SHORT,137.74,137.712452,139.14522348,145,0.01,3.0,139.1174,133.6078,STOP,-199.7229999999992,8.028864599998684,1.0150000000000001,9.043864599998685,-208.76686459999786,327
2025-02-18 10:36:00-05:00,2025-02-18 11:09:00-05:00,2025-02-18 15:49:00-05:00,LONG,139.68,139.70793600000002,138.25554336,143,0.01,3.0,138.2832,143.87040000000002,STOP,-199.74240000000188,7.9497475200020915,1.0010000000000001,8.950747520002091,-208.69314752000398,313
2025-02-19 10:27:00-05:00,2025-02-19 11:09:00-05:00,2025-02-19 10:32:00-05:00,SHORT,138.96,138.932208,140.37766992000002,143,0.01,3.0,140.3496,134.7912,STOP,-198.71280000000021,7.988254560001764,1.0010000000000001,8.989254560001763,-207.70205456000198,5
2025-02-19 12:38:00-05:00,2025-02-19 13:18:00-05:00,2025-02-19 15:59:00-05:00,SHORT,140.1799,140.15186402,139.26784800000001,142,0.01,3.0,141.58169900000001,135.974503,FORCED_EOD,133.4657999999992,7.935525160000623,0.994,8.929525160000622,124.53627483999858,201
2025-02-20 11:12:00-05:00,2025-02-20 11:30:00-05:00,2025-02-20 15:59:00-05:00,LONG,137.82,137.84756399999998,140.09197600000002,145,0.01,3.0,136.4418,141.9546,FORCED_EOD,333.50000000000165,8.060259999995907,1.0150000000000001,9.075259999995907,324.4247400000057,287
2025-02-21 10:57:00-05:00,2025-02-21 11:52:00-05:00,2025-02-21 13:01:00-05:00,LONG,138.8,138.82776,137.3845176,144,0.01,3.0,137.412,142.964,STOP,-199.87200000000075,7.95490559999962,1.008,8.962905599999619,-208.83490560000038,124
2025-02-21 13:02:00-05:00,2025-02-21 13:22:00-05:00,2025-02-21 14:26:00-05:00,LONG,137.34,137.367468,135.93940668,145,0.01,3.0,135.9666,141.46020000000001,STOP,-199.14300000000054,7.925891400001177,1.0150000000000001,8.940891400001178,-208.0838914000017,84
2025-02-21 14:39:00-05:00,2025-02-21 15:55:00-05:00,2025-02-21 15:59:00-05:00,LONG,134.9254,134.95238508,134.24314600000002,148,0.01,3.0,133.576146,138.973162,FORCED_EOD,-96.99919999999793,7.968183839998346,1.036,9.004183839998346,-106.00338383999627,80
2025-02-24 10:05:00-05:00,2025-02-24 10:14:00-05:00,2025-02-24 10:47:00-05:00,LONG,132.91,132.936582,131.55458381999998,150,0.01,3.0,131.58089999999999,136.8973,STOP,-199.36500000000166,7.934726999999953,1.05,8.984726999999953,-208.34972700000162,42
2025-02-24 14:05:00-05:00,2025-02-24 14:57:00-05:00,2025-02-24 14:20:00-05:00,LONG,134.22,134.246844,132.85122444,148,0.01,3.0,132.8778,138.2466,STOP,-198.6455999999987,7.906094880001319,1.036,8.942094880001319,-207.58769488000002,15
2025-02-24 15:05:00-05:00,2025-02-24 15:11:00-05:00,2025-02-24 15:55:00-05:00,LONG,132.085,132.11141700000002,130.73799717,151,0.01,3.0,130.76415,136.04755,STOP,-199.44835000000108,7.9380443300015315,1.057,8.995044330001532,-208.4433943300026,50
2025-02-25 11:27:00-05:00,2025-02-25 11:49:00-05:00,2025-02-25 11:57:00-05:00,SHORT,126.65,126.62467000000001,127.9420833,157,0.01,3.0,127.9165,122.85050000000001,STOP,-198.840499999999,7.993388099998526,1.099,9.092388099998526,-207.9328880999975,30
2025-02-25 12:36:00-05:00,2025-02-25 12:58:00-05:00,2025-02-25 15:59:00-05:00,SHORT,129.035,129.009193,126.635322,155,0.01,3.0,130.32535,125.16395,FORCED_EOD,375.87499999999955,7.924994999998276,1.085,9.009994999998277,366.8650050000013,203
2025-02-26 10:43:00-05:00,2025-02-26 11:23:00-05:00,2025-02-26 11:06:00-05:00,SHORT,131.92,131.89361599999998,133.26584784,151,0.01,3.0,133.23919999999998,127.96239999999999,STOP,-199.19919999999925,8.007807840002556,1.057,9.064807840002556,-208.2640078400018,23
2025-02-26 12:34:00-05:00,2025-02-26 13:22:00-05:00,2025-02-26 14:07:00-05:00,SHORT,132.6043,132.57777914,128.6518962342,150,0.01,3.0,133.930343,128.626171,TAKE_PROFIT_BRACKET,596.7193499999994,7.836914130000139,1.05,8.88691413000014,587.8324358699992,93
2025-02-26 14:08:00-05:00,2025-02-26 14:11:00-05:00,2025-02-26 15:59:00-05:00,LONG,128.52,128.545704,131.493696,155,0.01,3.0,127.2348,132.37560000000002,FORCED_EOD,465.0,8.061240000000112,1.085,9.146240000000113,455.8537599999999,111
2025-02-27 14:33:00-05:00,2025-02-27 15:34:00-05:00,2025-02-27 14:55:00-05:00,SHORT,123.2199,123.19525602,124.47698941979999,162,0.01,3.0,124.45209899999999,119.523303,STOP,-199.61623799999907,8.024572767599238,1.1340000000000001,9.158572767599239,-208.7748107675983,22
2025-02-28 12:43:00-05:00,2025-02-28 13:28:00-05:00,2025-02-28 15:47:00-05:00,SHORT,121.56,121.53568800000001,122.80015512,164,0.01,3.0,122.7756,117.9132,STOP,-199.35839999999916,8.014207679999515,1.1480000000000001,9.162207679999515,-208.52060767999868,184
2025-03-03 13:15:00-05:00,2025-03-03 14:13:00-05:00,2025-03-03 13:48:00-05:00,SHORT,115.265,115.241947,116.44093353,173,0.01,3.0,116.41765,111.80705,STOP,-199.408449999999,8.016219690000852,1.211,9.227219690000853,-208.63566968999987,33
2025-03-03 14:52:00-05:00,2025-03-03 15:49:00-05:00,2025-03-03 15:59:00-05:00,SHORT,115.6709,115.64776582,114.032802,172,0.01,3.0,116.82760900000001,112.200773,FORCED_EOD,285.67479999999966,7.901022959999693,1.204,9.105022959999694,276.56977703999996,67
2025-03-04 11:28:00-05:00,2025-03-04 11:42:00-05:00,2025-03-04 11:36:00-05:00,SHORT,112.07,112.047586,113.21333813999999,178,0.01,3.0,113.19069999999999,108.7079,STOP,-199.4845999999999,8.019280919999233,1.246,9.265280919999233,-208.74988091999913,8
2025-03-04 12:53:00-05:00,2025-03-04 13:04:00-05:00,2025-03-04 13:10:00-05:00,SHORT,115.5599,115.53678802,116.7388420998,173,0.01,3.0,116.715499,112.093103,STOP,-199.91862699999916,8.03672880539959,1.211,9.247728805399591,-209.16635580539878,17
2025-03-04 13:11:00-05:00,2025-03-04 13:23:00-05:00,2025-03-04 15:50:00-05:00,LONG,117.05,117.07341,115.8563241,170,0.01,3.0,115.8795,120.5615,STOP,-198.9850000000007,7.919602999999427,1.19,9.109602999999426,-208.09460300000012,159
2025-03-05 12:01:00-05:00,2025-03-05 13:10:00-05:00,2025-03-05 15:59:00-05:00,LONG,116.06,116.083212,117.27654,172,0.01,3.0,114.8994,119.54180000000001,FORCED_EOD,213.27999999999912,8.02758400000016,1.204,9.231584000000161,204.04841599999895,238
2025-03-06 10:07:00-05:00,2025-03-06 10:55:00-05:00,2025-03-06 11:40:00-05:00,LONG,114.34,114.362868,113.17396068000001,174,0.01,3.0,113.1966,117.7702,STOP,-198.95159999999996,7.918273679999771,1.218,9.136273679999771,-208.08787367999972,93
2025-03-06 11:50:00-05:00,2025-03-06 12:56:00-05:00,2025-03-06 15:59:00-05:00,SHORT,113.29,113.26734200000001,110.602116,176,0.01,3.0,114.42290000000001,109.8913,FORCED_EOD,476.9600000000014,7.880223999998179,1.232,9.112223999998179,467.8477760000032,249
2025-03-07 10:38:00-05:00,2025-03-07 10:59:00-05:00,2025-03-07 10:49:00-05:00,SHORT,110.05,110.02799,111.1727301,181,0.01,3.0,111.1505,106.74849999999999,STOP,-199.19049999999942,8.007458099999297,1.2670000000000001,9.274458099999297,-208.4649580999987,11
2025-03-07 11:55:00-05:00,2025-03-07 13:32:00-05:00,2025-03-07 13:42:00-05:00,LONG,108.066,108.0876132,111.28571840400001,185,0.01,3.0,106.98534000000001,111.30798,TAKE_PROFIT_BRACKET,599.7662999999997,8.116837259999485,1.295,9.411837259999485,590.3544627400003,107
2025-03-07 14:49:00-05:00,2025-03-07 15:49:00-05:00,2025-03-07 15:08:00-05:00,SHORT,111.52,111.497696,112.65772704,179,0.01,3.0,112.6352,108.17439999999999,STOP,-199.62080000000026,8.024756159998418,1.2530000000000001,9.277756159998418,-208.8985561599987,19
2025-03-10 10:13:00-04:00,2025-03-10 10:18:00-04:00,2025-03-10 10:37:00-04:00,LONG,108.67,108.691734,107.56178334,184,0.01,3.0,107.58330000000001,111.9301,STOP,-199.95279999999877,7.9581214399996725,1.288,9.246121439999673,-209.19892143999846,24
2025-03-10 11:03:00-04:00,2025-03-10 11:16:00-04:00,2025-03-10 15:05:00-04:00,LONG,106.5683,106.58961366,105.48151647659999,187,0.01,3.0,105.50261699999999,109.76534899999999,STOP,-199.28272100000132,7.931452295799673,1.309,9.240452295799672,-208.523173295801,242
2025-03-10 15:27:00-04:00,2025-03-10 15:56:00-04:00,2025-03-10 15:59:00-04:00,LONG,107.345,107.366469,106.99859599999999,186,0.01,3.0,106.27155,110.56535,FORCED_EOD,-60.45000000000053,7.97437800000003,1.302,9.27637800000003,-69.72637800000057,32
2025-03-11 10:27:00-04:00,2025-03-11 10:54:00-04:00,2025-03-11 10:36:00-04:00,LONG,106.775,106.796355,105.68610855,187,0.01,3.0,105.70725,109.97825,STOP,-199.66925000000072,7.946836150000294,1.309,9.255836150000293,-208.92508615000102,9
2025-03-11 13:09:00-04:00,2025-03-11 13:24:00-04:00,2025-03-11 14:01:00-04:00,SHORT,108.325,108.303335,109.43013165,184,0.01,3.0,109.40825000000001,105.07525,STOP,-199.31800000000123,8.012583599999289,1.288,9.300583599999289,-208.61858360000053,52
2025-03-11 14:42:00-04:00,2025-03-11 14:52:00-04:00,2025-03-11 15:56:00-04:00,LONG,110.595,110.617119,109.46715219,180,0.01,3.0,109.48904999999999,113.91284999999999,STOP,-199.07100000000128,7.923025800000403,1.26,9.183025800000403,-208.25402580000167,74
2025-03-12 10:15:00-04:00,2025-03-12 10:46:00-04:00,2025-03-12 10:41:00-04:00,LONG,114.609,114.63192179999999,113.440217418,174,0.01,3.0,113.46291,118.04727,STOP,-199.41966000000016,7.93690246799693,1.218,9.15490246799693,-208.57456246799708,26
2025-03-12 12:22:00-04:00,2025-03-12 12:37:00-04:00,2025-03-12 13:56:00-04:00,LONG,115.76,115.783152,114.57947952,172,0.01,3.0,114.6024,119.23280000000001,STOP,-199.10720000000038,7.924466559998677,1.204,9.128466559998678,-208.23566655999906,94
2025-03-12 14:41:00-04:00,2025-03-12 14:49:00-04:00,2025-03-12 15:59:00-04:00,SHORT,115.84,115.816832,115.76314799999999,172,0.01,3.0,116.9984,112.3648,FORCED_EOD,17.200000000001467,7.966351999998324,1.204,9.170351999998324,8.029648000003142,78
2025-03-13 11:21:00-04:00,2025-03-13 11:53:00-04:00,2025-03-13 14:44:00-04:00,SHORT,116.35,116.32673,117.53700269999999,171,0.01,3.0,117.5135,112.8595,STOP,-198.95849999999984,7.998131699998481,1.197,9.19513169999848,-208.15363169999833,203
2025-03-13 15:53:00-04:00,2025-03-13 15:56:00-04:00,2025-03-13 15:59:00-04:00,SHORT,115.85,115.82683,115.73314199999999,172,0.01,3.0,117.0085,112.3745,FORCED_EOD,24.080000000000098,7.965663999997616,1.204,9.169663999997617,14.91033600000248,6
2025-03-14 11:00:00-04:00,2025-03-14 11:39:00-04:00,2025-03-14 15:59:00-04:00,LONG,120.2412,120.26524824,121.445706,166,0.01,3.0,119.03878800000001,123.848436,FORCED_EOD,203.98079999999877,8.024811839999444,1.162,9.186811839999443,194.79398815999932,299
2025-03-17 11:34:00-04:00,2025-03-17 12:00:00-04:00,2025-03-17 14:27:00-04:00,SHORT,119.255,119.231149,120.47163950999999,167,0.01,3.0,120.44754999999999,115.67734999999999,STOP,-199.15584999999953,8.006065169998237,1.169,9.175065169998238,-208.33091516999778,173
2025-03-17 15:43:00-04:00,2025-03-17 15:51:00-04:00,2025-03-17 15:59:00-04:00,LONG,119.915,119.93898300000001,119.45610400000001,166,0.01,3.0,118.71585,123.51245,FORCED_EOD,-72.21000000000038,7.947913999999116,1.162,9.109913999999115,-81.3199139999995,16
2025-03-18 10:34:00-04:00,2025-03-18 11:51:00-04:00,2025-03-18 12:12:00-04:00,SHORT,116.125,116.101775,117.30970724999999,172,0.01,3.0,117.28625,112.64125,STOP,-199.73499999999922,8.029346999998154,1.204,9.233346999998155,-208.96834699999738,98
2025-03-18 12:59:00-04:00,2025-03-18 13:23:00-04:00,2025-03-18 15:59:00-04:00,SHORT,118.15,118.12637000000001,115.603116,169,0.01,3.0,119.3315,114.6055,FORCED_EOD,434.33000000000123,7.900073999999805,1.183,9.083073999999804,425.24692600000145,180
2025-03-19 12:09:00-04:00,2025-03-19 12:11:00-04:00,2025-03-19 14:16:00-04:00,SHORT,117.9714,117.94780572,119.17494422280001,169,0.01,3.0,119.151114,114.432258,STOP,-199.3716660000007,8.014740973199736,1.183,9.197740973199735,-208.56940697320042,127
2025-03-19 14:43:00-04:00,2025-03-19 15:56:00-04:00,2025-03-19 15:55:00-04:00,LONG,118.9588,118.98259175999999,117.7456581576,168,0.01,3.0,117.769212,122.527564,STOP,-199.8507840000001,7.954061203197625,1.176,9.130061203197625,-208.9808452031977,72
2025-03-20 13:39:00-04:00,2025-03-20 14:30:00-04:00,2025-03-20 15:59:00-04:00,SHORT,118.415,118.39131700000002,118.488693,168,0.01,3.0,119.59915000000001,114.86255,FORCED_EOD,-8.399999999999523,7.9591679999975895,1.176,9.13516799999759,-17.53516799999711,140
2025-03-21 11:18:00-04:00,2025-03-21 12:10:00-04:00,2025-03-21 12:32:00-04:00,SHORT,116.53,116.50669400000001,117.71883906000001,171,0.01,3.0,117.6953,113.0341,STOP,-199.26630000000034,8.01050525999922,1.197,9.20750525999922,-208.47380525999955,74
2025-03-21 15:38:00-04:00,2025-03-21 15:56:00-04:00,2025-03-21 15:59:00-04:00,LONG,116.755,116.77835099999999,117.611473,171,0.01,3.0,115.58744999999999,120.25765,FORCED_EOD,150.48000000000167,8.016137999998705,1.197,9.213137999998704,141.26686200000296,21
2025-03-24 10:53:00-04:00,2025-03-24 11:38:00-04:00,2025-03-24 15:59:00-04:00,SHORT,121.8301,121.80573398,121.254246,164,0.01,3.0,123.048401,118.175197,FORCED_EOD,98.41639999999961,7.9723712799988675,1.1480000000000001,9.120371279998867,89.29602872000075,306
2025-03-25 11:18:00-04:00,2025-03-25 12:58:00-04:00,2025-03-25 15:59:00-04:00,SHORT,120.25,120.22595,120.669129,166,0.01,3.0,121.4525,116.6425,FORCED_EOD,-65.56999999999934,7.997714000000769,1.162,9.159714000000768,-74.72971400000011,281
2025-03-26 11:57:00-04:00,2025-03-26 12:36:00-04:00,2025-03-26 13:37:00-04:00,LONG,114.095,114.117819,112.93145919,175,0.01,3.0,112.95405,117.51785,STOP,-199.66625000000064,7.946716749999183,1.225,9.171716749999183,-208.83796674999982,100
2025-03-26 13:40:00-04:00,2025-03-26 13:49:00-04:00,2025-03-26 15:59:00-04:00,LONG,112.88,112.902576,113.667262,177,0.01,3.0,111.7512,116.26639999999999,FORCED_EOD,143.3700000000004,8.020578000000839,1.239,9.25957800000084,134.11042199999955,139
2025-03-27 11:06:00-04:00,2025-03-27 11:11:00-04:00,2025-03-27 15:59:00-04:00,SHORT,114.2499,114.22705002,111.452286,175,0.01,3.0,115.392399,110.822403,FORCED_EOD,493.48249999999825,7.898796499999605,1.225,9.123796499999605,484.3587034999986,293
2025-03-28 13:22:00-04:00,2025-03-28 13:43:00-04:00,2025-03-28 15:59:00-04:00,SHORT,109.965,109.94300700000001,109.65192599999999,181,0.01,3.0,111.06465,106.66605,FORCED_EOD,60.63500000000144,7.949338999997877,1.2670000000000001,9.216338999997877,51.41866100000356,157
2025-03-31 12:29:00-04:00,2025-03-31 13:00:00-04:00,2025-03-31 14:27:00-04:00,SHORT,106.0,105.9788,107.081412,188,0.01,3.0,107.06,102.82,STOP,-199.28000000000043,8.011055999998348,1.316,9.327055999998349,-208.60705599999878,118
2025-04-01 11:19:00-04:00,2025-04-01 11:38:00-04:00,2025-04-01 15:59:00-04:00,SHORT,109.275,109.253145,110.21203799999999,183,0.01,3.0,110.36775,105.99675,FORCED_EOD,-167.44499999999854,8.032418999999464,1.281,9.313418999999465,-176.758418999998,280
2025-04-02 11:08:00-04:00,2025-04-02 12:04:00-04:00,2025-04-02 12:18:00-04:00,SHORT,109.435,109.41311300000001,110.55145587000001,182,0.01,3.0,110.52935000000001,106.15195,STOP,-199.17170000000104,8.006702339999407,1.274,9.280702339999408,-208.45240234000045,70
2025-04-02 12:25:00-04:00,2025-04-02 12:57:00-04:00,2025-04-02 13:12:00-04:00,SHORT,110.75,110.72785,111.8798715,180,0.01,3.0,111.8575,107.4275,STOP,-199.3500000000003,8.01386999999778,1.26,9.27386999999778,-208.62386999999808,47
2025-04-02 14:59:00-04:00,2025-04-02 15:33:00-04:00,2025-04-02 15:59:00-04:00,LONG,109.125,109.14682499999999,110.28793800000001,183,0.01,3.0,108.03375,112.39875,FORCED_EOD,216.85500000000042,8.031320999997035,1.281,9.312320999997036,207.54267900000337,60
2025-04-03 10:46:00-04:00,2025-04-03 11:28:00-04:00,2025-04-03 11:07:00-04:00,LONG,103.43,103.450686,102.37522086000001,193,0.01,3.0,102.3957,106.53290000000001,STOP,-199.61990000000034,7.944872019998016,1.351,9.295872019998015,-208.91577201999837,21
2025-04-03 14:49:00-04:00,2025-04-03 15:20:00-04:00,2025-04-03 15:59:00-04:00,SHORT,103.485,103.464303,101.805357,193,0.01,3.0,104.51985,100.38045,FORCED_EOD,328.10000000000053,7.9234220000005,1.351,9.274422000000499,318.82557800000006,70
2025-04-04 10:51:00-04:00,2025-04-04 10:56:00-04:00,2025-04-04 11:01:00-04:00,LONG,92.155,92.173431,94.90066607,216,0.01,3.0,91.23345,94.91965,TAKE_PROFIT_BRACKET,597.1644000000007,8.081624879999367,1.512,9.593624879999368,587.5707751200014,10
2025-04-04 13:59:00-04:00,2025-04-04 14:12:00-04:00,2025-04-04 15:59:00-04:00,SHORT,95.52,95.500896,94.298856,209,0.01,3.0,96.4752,92.6544,FORCED_EOD,259.15999999999894,7.933639999999627,1.463,9.396639999999628,249.76335999999932,120
2025-04-07 10:14:00-04:00,2025-04-07 10:19:00-04:00,2025-04-07 10:18:00-04:00,SHORT,101.37,101.349726,98.34856578,197,0.01,3.0,102.3837,98.3289,TAKE_PROFIT_BRACKET,599.0967,7.868136659999493,1.379,9.247136659999493,589.8495633400006,4
2025-04-07 13:44:00-04:00,2025-04-07 14:06:00-04:00,2025-04-07 15:59:00-04:00,SHORT,98.95,98.93021,97.729542,202,0.01,3.0,99.93950000000001,95.9815,FORCED_EOD,250.48000000000184,7.945064000000343,1.414,9.359064000000343,241.1209360000015,135
2025-04-08 14:30:00-04:00,2025-04-08 14:39:00-04:00,2025-04-08 14:30:00-04:00,SHORT,99.4283,99.40841434,100.44266751659998,201,0.01,3.0,100.42258299999999,96.44545099999999,STOP,-199.85088299999916,8.03400549659871,1.407,9.44100549659871,-209.29188849659786,0
2025-04-08 15:13:00-04:00,2025-04-08 15:43:00-04:00,2025-04-08 15:16:00-04:00,LONG,96.59,96.609318,95.60497518,207,0.01,3.0,95.6241,99.4877,STOP,-199.941300000001,7.957663740000044,1.449,9.406663740000043,-209.34796374000106,3
2025-04-09 10:45:00-04:00,2025-04-09 10:52:00-04:00,2025-04-09 12:56:00-04:00,SHORT,100.11,100.089978,101.13132221999999,199,0.01,3.0,101.1111,97.1067,STOP,-199.21889999999877,8.008599779998221,1.393,9.401599779998222,-208.620499779997,131
2025-04-09 13:29:00-04:00,2025-04-09 13:32:00-04:00,2025-04-09 13:34:00-04:00,LONG,106.12,106.14122400000001,109.28173928000001,188,0.01,3.0,105.0588,109.3036,TAKE_PROFIT_BRACKET,598.5167999999996,8.099927359999242,1.316,9.415927359999243,589.1008726400004,5
2025-04-09 15:00:00-04:00,2025-04-09 15:11:00-04:00,2025-04-09 15:13:00-04:00,SHORT,111.08,111.057784,112.21323815999999,180,0.01,3.0,112.1908,107.7476,STOP,-199.94399999999956,8.03774879999878,1.26,9.29774879999878,-209.24174879999833,13
2025-04-10 11:48:00-04:00,2025-04-10 12:44:00-04:00,2025-04-10 11:51:00-04:00,LONG,107.005,107.02640099999999,105.91376301,186,0.01,3.0,105.93495,110.21515,STOP,-199.02929999999904,7.921366140000231,1.302,9.22336614000023,-208.25266613999926,3
2025-04-10 13:44:00-04:00,2025-04-10 14:37:00-04:00,2025-04-10 14:15:00-04:00,LONG,107.245,107.26644900000001,106.15131549,186,0.01,3.0,106.17255,110.46235,STOP,-199.47570000000064,7.939132860000626,1.302,9.241132860000626,-208.71683286000126,31
2025-04-10 14:56:00-04:00,2025-04-10 15:01:00-04:00,2025-04-10 15:59:00-04:00,SHORT,107.87,107.848426,107.72154,185,0.01,3.0,108.9487,104.63390000000001,FORCED_EOD,31.450000000000315,7.976090000000511,1.295,9.27109000000051,22.178909999999803,63
2025-04-11 12:50:00-04:00,2025-04-11 13:25:00-04:00,2025-04-11 13:18:00-04:00,LONG,110.805,110.827161,109.67501061,180,0.01,3.0,109.69695,114.12915000000001,STOP,-199.44900000000104,7.9380701999994585,1.26,9.198070199999458,-208.64707020000048,28
2025-04-11 13:44:00-04:00,2025-04-11 13:52:00-04:00,2025-04-11 15:59:00-04:00,LONG,110.59,110.612118,110.667862,180,0.01,3.0,109.4841,113.9077,FORCED_EOD,17.999999999998977,7.966079999998215,1.26,9.226079999998214,8.773920000000762,135
2025-04-14 10:49:00-04:00,2025-04-14 11:05:00-04:00,2025-04-14 11:29:00-04:00,LONG,112.595,112.617519,111.44675619,177,0.01,3.0,111.46905,115.97285,STOP,-199.29315000000054,7.931867369999338,1.239,9.170867369999339,-208.46401736999988,40
2025-04-14 12:37:00-04:00,2025-04-14 13:18:00-04:00,2025-04-14 15:59:00-04:00,SHORT,110.88,110.857824,110.72214,180,0.01,3.0,111.9888,107.55359999999999,FORCED_EOD,32.39999999999867,7.976879999999085,1.26,9.236879999999084,23.163119999999584,202
2025-04-15 11:20:00-04:00,2025-04-15 12:37:00-04:00,2025-04-15 12:11:00-04:00,SHORT,112.345,112.322531,113.49114369,178,0.01,3.0,113.46845,108.97465,STOP,-199.97410000000096,8.038958819999635,1.246,9.284958819999636,-209.2590588200006,51
2025-04-15 13:20:00-04:00,2025-04-15 13:50:00-04:00,2025-04-15 15:59:00-04:00,LONG,112.27,112.29245399999999,112.07758,178,0.01,3.0,111.1473,115.6381,FORCED_EOD,-30.260000000000304,7.98757199999875,1.246,9.23357199999875,-39.493571999999055,159
2025-04-16 10:03:00-04:00,2025-04-16 11:15:00-04:00,2025-04-16 11:05:00-04:00,LONG,105.06,105.081012,103.98859812,190,0.01,3.0,104.0094,108.2118,STOP,-199.61400000000054,7.944637199998539,1.33,9.274637199998539,-208.8886371999991,62
2025-04-16 13:32:00-04:00,2025-04-16 14:14:00-04:00,2025-04-16 15:59:00-04:00,SHORT,103.325,103.30433500000001,104.37912165,193,0.01,3.0,104.35825,100.22525,STOP,-199.41724999999911,8.016573449999541,1.351,9.36757344999954,-208.78482344999867,147
2025-04-17 10:26:00-04:00,2025-04-17 10:39:00-04:00,2025-04-17 15:59:00-04:00,LONG,100.84,100.860168,101.399716,198,0.01,3.0,99.83160000000001,103.8652,FORCED_EOD,114.83999999999966,8.009496000000382,1.3860000000000001,9.395496000000382,105.44450399999928,333
2025-04-21 11:12:00-04:00,2025-04-21 12:18:00-04:00,2025-04-21 15:59:00-04:00,SHORT,96.5099,96.49059802000001,96.81935999999999,207,0.01,3.0,97.474999,93.614603,FORCED_EOD,-60.05069999999904,8.00302985999717,1.449,9.45202985999717,-69.50272985999621,287
2025-04-22 10:36:00-04:00,2025-04-22 11:09:00-04:00,2025-04-22 13:49:00-04:00,LONG,98.7701,98.78985401999999,97.7628425202,202,0.01,3.0,97.782399,101.733203,STOP,-199.51560200000026,7.940720959599105,1.414,9.354720959599105,-208.87032295959935,193
2025-04-22 15:23:00-04:00,2025-04-22 15:36:00-04:00,2025-04-22 15:58:00-04:00,SHORT,97.87,97.85042600000001,98.86846974000001,204,0.01,3.0,98.84870000000001,94.93390000000001,STOP,-199.6548000000007,8.026122959998474,1.428,9.454122959998475,-209.10892295999918,35
2025-04-23 11:13:00-04:00,2025-04-23 12:36:00-04:00,2025-04-23 15:59:00-04:00,SHORT,104.175,104.154165,102.55550699999999,192,0.01,3.0,105.21674999999999,101.04975,FORCED_EOD,314.8800000000001,7.937663999997312,1.344,9.281663999997312,305.5983360000028,286
2025-04-24 10:02:00-04:00,2025-04-24 10:17:00-04:00,2025-04-24 15:59:00-04:00,LONG,104.7588,104.77975176,106.358724,190,0.01,3.0,103.71121199999999,107.901564,FORCED_EOD,308.02800000000036,8.02327440000056,1.33,9.35327440000056,298.6747255999998,357
2025-04-25 11:37:00-04:00,2025-04-25 12:01:00-04:00,2025-04-25 12:38:00-04:00,SHORT,109.01,108.98819800000001,110.12212002000001,183,0.01,3.0,110.10010000000001,105.7397,STOP,-199.48830000000123,8.019429659998764,1.281,9.300429659998764,-208.78872966,61
2025-04-25 13:48:00-04:00,2025-04-25 14:34:00-04:00,2025-04-25 15:59:00-04:00,LONG,110.4,110.42208000000001,110.93780799999999,181,0.01,3.0,109.296,113.712,FORCED_EOD,101.35999999999784,8.013232000001182,1.2670000000000001,9.280232000001181,92.07976799999666,131
2025-04-28 11:01:00-04:00,2025-04-28 11:30:00-04:00,2025-04-28 11:25:00-04:00,LONG,107.765,107.786553,106.66601253,185,0.01,3.0,106.68735,110.99795,STOP,-199.36525000000103,7.934736949997969,1.295,9.22973694999797,-208.59498694999897,24
2025-04-28 15:17:00-04:00,2025-04-28 15:45:00-04:00,2025-04-28 15:59:00-04:00,SHORT,108.012,107.99039760000001,108.661728,185,0.01,3.0,109.09212,104.77164,FORCED_EOD,-116.18000000000002,8.01612399999776,1.295,9.31112399999776,-125.49112399999778,42
2025-04-29 14:02:00-04:00,2025-04-29 14:06:00-04:00,2025-04-29 15:59:00-04:00,LONG,109.3565,109.3783713,108.898216,182,0.01,3.0,108.262935,112.63719499999999,FORCED_EOD,-79.44299999999913,7.945264599999547,1.274,9.219264599999548,-88.66226459999868,117
2025-04-30 12:42:00-04:00,2025-04-30 13:07:00-04:00,2025-04-30 15:59:00-04:00,LONG,106.27,106.291254,108.753245,188,0.01,3.0,105.20729999999999,109.4581,FORCED_EOD,470.9400000000018,8.085691999999597,1.316,9.401691999999597,461.53830800000225,197
2025-05-01 11:22:00-04:00,2025-05-01 12:40:00-04:00,2025-05-01 15:59:00-04:00,SHORT,114.89,114.867022,111.46558866,174,0.01,3.0,116.0389,111.4433,TAKE_PROFIT_BRACKET,599.7258000000012,7.876398839999268,1.218,9.094398839999268,590.6314011600019,277
2025-05-02 13:17:00-04:00,2025-05-02 13:59:00-04:00,2025-05-02 15:59:00-04:00,SHORT,114.145,114.122171,114.41287799999999,175,0.01,3.0,115.28645,110.72064999999999,FORCED_EOD,-42.875000000000796,7.998724999998785,1.225,9.223724999998785,-52.09872499999958,162
2025-05-05 10:01:00-04:00,2025-05-05 10:35:00-04:00,2025-05-05 10:24:00-04:00,LONG,114.1,114.12281999999999,112.93640819999999,175,0.01,3.0,112.95899999999999,117.523,STOP,-199.67500000000092,7.947064999999398,1.225,9.172064999999398,-208.8470650000003,23
2025-05-05 11:26:00-04:00,2025-05-05 11:47:00-04:00,2025-05-05 15:59:00-04:00,SHORT,113.8854,113.86262292,113.832762,175,0.01,3.0,115.024254,110.468838,FORCED_EOD,13.195000000000334,7.9693389999995645,1.225,9.194338999999564,4.00066100000077,273
2025-05-06 12:25:00-04:00,2025-05-06 13:11:00-04:00,2025-05-06 14:54:00-04:00,SHORT,112.95,112.92741000000001,114.1023159,177,0.01,3.0,114.0795,109.56150000000001,STOP,-199.9214999999988,8.036844299998506,1.239,9.275844299998507,-209.1973442999973,149
2025-05-06 15:45:00-04:00,2025-05-06 15:55:00-04:00,2025-05-06 15:59:00-04:00,SHORT,114.675,114.652065,113.47269,174,0.01,3.0,115.82175,111.23474999999999,FORCED_EOD,213.149999999999,7.938750000000198,1.218,9.156750000000198,203.99324999999882,14
2025-05-07 10:51:00-04:00,2025-05-07 12:09:00-04:00,2025-05-07 15:41:00-04:00,SHORT,113.4,113.37732000000001,114.55690680000001,176,0.01,3.0,114.534,109.998,STOP,-199.58400000000006,8.023276799999167,1.232,9.255276799999166,-208.83927679999923,290
2025-05-08 12:18:00-04:00,2025-05-08 12:37:00-04:00,2025-05-08 15:59:00-04:00,SHORT,118.36,118.33632800000001,117.393474,169,0.01,3.0,119.5436,114.8092,FORCED_EOD,167.30999999999915,7.9676739999972455,1.183,9.150673999997245,158.1593260000019,221
2025-05-09 10:21:00-04:00,2025-05-09 10:57:00-04:00,2025-05-09 10:36:00-04:00,LONG,116.9291,116.95248582,115.73665703820001,171,0.01,3.0,115.759809,120.43697300000001,STOP,-199.94876100000022,7.957960687799641,1.197,9.15496068779964,-209.10372168779986,15
2025-05-09 13:34:00-04:00,2025-05-09 13:59:00-04:00,2025-05-09 15:59:00-04:00,LONG,116.285,116.308257,116.586678,171,0.01,3.0,115.12214999999999,119.77355,FORCED_EOD,55.575000000000486,7.965008999999,1.197,9.162008999999,46.41299100000148,145
2025-05-12 11:18:00-04:00,2025-05-12 12:43:00-04:00,2025-05-12 12:16:00-04:00,SHORT,121.4,121.37572000000002,122.6385228,164,0.01,3.0,122.614,117.75800000000001,STOP,-199.09599999999978,8.003659199998367,1.1480000000000001,9.151659199998367,-208.24765919999814,58
2025-05-12 15:08:00-04:00,2025-05-12 15:26:00-04:00,2025-05-12 15:59:00-04:00,SHORT,122.96,122.935408,123.01459799999999,162,0.01,3.0,124.1896,119.2712,FORCED_EOD,-4.860000000000184,7.968779999999327,1.1340000000000001,9.102779999999328,-13.962779999999512,51
2025-05-13 10:58:00-04:00,2025-05-13 11:05:00-04:00,2025-05-13 15:59:00-04:00,SHORT,130.63,130.603874,129.865968,153,0.01,3.0,131.9363,126.7111,FORCED_EOD,120.86999999999878,7.970382000001678,1.071,9.041382000001677,111.8286179999971,301
2025-05-14 10:54:00-04:00,2025-05-14 12:56:00-04:00,2025-05-14 12:10:00-04:00,SHORT,133.515,133.488297,134.87712003,149,0.01,3.0,134.85014999999999,129.50955,STOP,-198.9373499999998,7.99728146999982,1.043,9.040281469999819,-207.97763146999964,76
2025-05-14 13:18:00-04:00,2025-05-14 13:42:00-04:00,2025-05-14 15:59:00-04:00,LONG,134.34,134.366868,135.32003058,148,0.01,3.0,132.9966,138.3702,FORCED_EOD,149.05080000000123,7.982738160001645,1.036,9.018738160001645,140.03206183999959,161
2025-05-15 11:20:00-04:00,2025-05-15 13:22:00-04:00,2025-05-15 12:38:00-04:00,SHORT,134.37,134.343126,135.74084274,148,0.01,3.0,135.71370000000002,130.3389,STOP,-198.86760000000186,7.994477519997076,1.036,9.030477519997076,-207.89807751999894,78
2025-05-15 14:18:00-04:00,2025-05-15 15:56:00-04:00,2025-05-15 15:26:00-04:00,LONG,135.081,135.10801619999998,133.703443962,148,0.01,3.0,133.73019,139.13342999999998,STOP,-199.91987999999935,7.956811223998557,1.036,8.992811223998556,-208.9126912239979,68
2025-05-16 10:41:00-04:00,2025-05-16 11:09:00-04:00,2025-05-16 15:59:00-04:00,LONG,134.5,134.52689999999998,135.292936,148,0.01,3.0,133.155,138.535,FORCED_EOD,121.35999999999899,7.986671999996929,1.036,9.022671999996929,112.33732800000206,318
2025-05-19 12:18:00-04:00,2025-05-19 13:12:00-04:00,2025-05-19 12:18:00-04:00,LONG,135.0199,135.04690398,133.64296705980001,148,0.01,3.0,133.669701,139.07049700000002,STOP,-199.82945200000051,7.9532121895967975,1.036,8.989212189596797,-208.8186641895973,0
2025-05-19 13:52:00-04:00,2025-05-19 14:37:00-04:00,2025-05-19 15:59:00-04:00,SHORT,135.585,135.557883,135.517098,147,0.01,3.0,136.94085,131.51745,FORCED_EOD,13.964999999999833,7.969604999999888,1.029,8.998604999999888,4.966394999999945,127
2025-05-20 11:00:00-04:00,2025-05-20 11:57:00-04:00,2025-05-20 15:59:00-04:00,SHORT,133.645,133.61827100000002,134.40687599999998,149,0.01,3.0,134.98145000000002,129.63565,FORCED_EOD,-109.5149999999978,7.9871449999964454,1.043,9.030144999996445,-118.54514499999425,299
2025-05-21 10:06:00-04:00,2025-05-21 10:26:00-04:00,2025-05-21 13:53:00-04:00,LONG,134.14,134.16682799999998,132.77204028,149,0.01,3.0,132.7986,138.1642,STOP,-199.86859999999896,7.9547702799983995,1.043,8.997770279998399,-208.86637027999737,227
2025-05-21 14:57:00-04:00,2025-05-21 15:32:00-04:00,2025-05-21 15:59:00-04:00,SHORT,132.455,132.42850900000002,131.75634599999998,151,0.01,3.0,133.77955,128.48135000000002,FORCED_EOD,109.47500000000343,7.978386999997355,1.057,9.035386999997355,100.43961300000608,62
2025-05-22 11:33:00-04:00,2025-05-22 12:00:00-04:00,2025-05-22 15:59:00-04:00,LONG,132.89,132.916578,132.76334201999998,150,0.01,3.0,131.56109999999998,136.8767,FORCED_EOD,-15.014999999999645,7.970397000001128,1.05,9.020397000001129,-24.035397000000774,266
2025-05-23 10:55:00-04:00,2025-05-23 11:09:00-04:00,2025-05-23 14:02:00-04:00,SHORT,131.16,131.133768,132.49809431999998,152,0.01,3.0,132.4716,127.2252,STOP,-199.36319999999978,8.014400639996438,1.064,9.078400639996438,-208.4416006399962,187
2025-05-27 14:00:00-04:00,2025-05-27 14:40:00-04:00,2025-05-27 15:59:00-04:00,LONG,135.515,135.542103,135.462902,147,0.01,3.0,134.15984999999998,139.58044999999998,FORCED_EOD,-3.6749999999966576,7.967547000000906,1.029,8.996547000000906,-12.671546999997563,119
2025-05-28 11:31:00-04:00,2025-05-28 12:27:00-04:00,2025-05-28 14:10:00-04:00,SHORT,135.739,135.7118522,137.123809278,147,0.01,3.0,137.09639,131.66683,STOP,-199.53633000000139,8.021360465998669,1.029,9.050360465998669,-208.58669046600005,159
2025-05-28 15:36:00-04:00,2025-05-28 15:56:00-04:00,2025-05-28 15:54:00-04:00,LONG,136.2601,136.28735202,134.87051950019998,146,0.01,3.0,134.89749899999998,140.347903,STOP,-198.93974600000178,7.917801890799751,1.022,8.939801890799751,-207.87954789080152,18
2025-05-29 12:15:00-04:00,2025-05-29 14:09:00-04:00,2025-05-29 13:46:00-04:00,LONG,140.27,140.298054,138.83952654,142,0.01,3.0,138.8673,144.4781,STOP,-199.18340000000143,7.9274993199984465,0.994,8.921499319998446,-208.10489931999987,91
2025-05-29 15:32:00-04:00,2025-05-29 15:55:00-04:00,2025-05-29 15:59:00-04:00,LONG,138.66,138.68773199999998,139.152164,144,0.01,3.0,137.2734,142.8198,FORCED_EOD,74.88000000000147,8.001791999999114,1.008,9.009791999999113,65.87020800000236,27
2025-05-30 11:12:00-04:00,2025-05-30 11:51:00-04:00,2025-05-30 12:22:00-04:00,LONG,135.72,135.747144,134.33592744,147,0.01,3.0,134.3628,139.7916,STOP,-199.50840000000088,7.940434319996996,1.029,8.969434319996996,-208.47783431999787,70
2025-05-30 12:49:00-04:00,2025-05-30 13:47:00-04:00,2025-05-30 15:15:00-04:00,SHORT,133.7968,133.77004064,135.16179495359998,149,0.01,3.0,135.13476799999998,129.782896,STOP,-199.35723199999842,8.014160726399979,1.043,9.057160726399978,-208.4143927263984,146
2025-05-30 15:51:00-04:00,2025-05-30 15:52:00-04:00,2025-05-30 15:59:00-04:00,SHORT,135.6356,135.60847288000002,134.866968,147,0.01,3.0,136.99195600000002,131.56653200000002,FORCED_EOD,116.95320000000109,7.951982639999926,1.029,8.980982639999926,107.97221736000117,8
2025-06-02 10:54:00-04:00,2025-06-02 11:26:00-04:00,2025-06-02 15:59:00-04:00,LONG,136.04,136.067208,137.34252600000002,146,0.01,3.0,134.6796,140.1212,FORCED_EOD,194.18000000000183,7.983571999997878,1.022,9.005571999997878,185.17442800000396,305
2025-06-03 11:16:00-04:00,2025-06-03 14:04:00-04:00,2025-06-03 15:59:00-04:00,LONG,141.5,141.5283,141.241746,141,0.01,3.0,140.085,145.745,FORCED_EOD,-32.42999999999856,7.974114000000782,0.987,8.961114000000782,-41.39111399999934,283
2025-06-04 10:07:00-04:00,2025-06-04 10:19:00-04:00,2025-06-04 11:02:00-04:00,SHORT,140.06,140.031988,141.48889212,142,0.01,3.0,141.4606,135.8582,STOP,-198.8851999999996,7.995185039999001,0.994,8.989185039999,-207.8743850399986,55
2025-06-04 11:07:00-04:00,2025-06-04 11:22:00-04:00,2025-06-04 15:59:00-04:00,LONG,141.3301,141.35836601999998,141.811632,141,0.01,3.0,139.916799,145.57000299999999,FORCED_EOD,71.89590000000226,7.985396819998584,0.987,8.972396819998584,62.92350318000367,292
2025-06-05 10:42:00-04:00,2025-06-05 11:42:00-04:00,2025-06-05 14:03:00-04:00,LONG,141.98,142.00839599999998,140.53208795999998,140,0.01,3.0,140.56019999999998,146.2394,STOP,-198.7720000000013,7.911125599997604,0.98,8.891125599997604,-207.6631255999989,201
2025-06-05 14:17:00-04:00,2025-06-05 14:35:00-04:00,2025-06-05 15:59:00-04:00,SHORT,139.955,139.92700900000003,139.97798999999998,142,0.01,3.0,141.35455000000002,135.75635,FORCED_EOD,0.7100000000033901,7.949301999996351,0.994,8.94330199999635,-8.23330199999296,102
2025-06-06 10:32:00-04:00,2025-06-06 11:01:00-04:00,2025-06-06 15:59:00-04:00,SHORT,141.82,141.79163599999998,141.718338,141,0.01,3.0,143.2382,137.56539999999998,FORCED_EOD,18.32999999999936,7.994982000000192,0.987,8.981982000000192,9.348017999999167,327
2025-06-09 10:38:00-04:00,2025-06-09 11:00:00-04:00,2025-06-09 15:59:00-04:00,SHORT,144.86,144.831028,142.57851,138,0.01,3.0,146.3086,140.51420000000002,FORCED_EOD,318.7800000000003,7.932515999999055,0.966,8.898515999999054,309.88148400000125,321
2025-06-10 13:11:00-04:00,2025-06-10 13:35:00-04:00,2025-06-10 15:59:00-04:00,LONG,142.95,142.97859,143.92620900000003,139,0.01,3.0,141.5205,147.2385,FORCED_EOD,139.69500000000332,7.975958999998937,0.973,8.948958999998938,130.74604100000437,168
2025-06-11 12:22:00-04:00,2025-06-11 12:56:00-04:00,2025-06-11 15:59:00-04:00,LONG,142.865,142.893573,142.811432,139,0.01,3.0,141.43635,147.15095000000002,FORCED_EOD,-3.47500000000079,7.9425990000002,0.973,8.915599000000201,-12.390599000000991,217
2025-06-12 10:41:00-04:00,2025-06-12 11:03:00-04:00,2025-06-12 15:59:00-04:00,SHORT,144.745,144.71605100000002,145.029,138,0.01,3.0,146.19245,140.40265,FORCED_EOD,-35.18999999999937,7.996961999997154,0.966,8.962961999997153,-44.15296199999653,318
2025-06-13 10:29:00-04:00,2025-06-13 10:58:00-04:00,2025-06-13 15:59:00-04:00,LONG,141.14,141.16822799999997,141.931608,141,0.01,3.0,139.7286,145.37419999999997,FORCED_EOD,115.62000000000305,7.983419999997324,0.987,8.970419999997324,106.64958000000573,330
2025-06-16 11:00:00-04:00,2025-06-16 12:49:00-04:00,2025-06-16 15:59:00-04:00,SHORT,144.745,144.71605100000002,144.708936,138,0.01,3.0,146.19245,140.40265,FORCED_EOD,8.969999999999686,7.98812999999592,0.966,8.954129999995919,0.015870000003766593,299
2025-06-17 10:24:00-04:00,2025-06-17 10:45:00-04:00,2025-06-17 15:59:00-04:00,LONG,144.445,144.47388899999999,144.011192,138,0.01,3.0,143.00055,148.77835,FORCED_EOD,-55.89000000000016,7.962185999998667,0.966,8.928185999998666,-64.81818599999882,335
2025-06-18 11:41:00-04:00,2025-06-18 12:36:00-04:00,2025-06-18 15:59:00-04:00,SHORT,145.28,145.250944,145.49909399999999,137,0.01,3.0,146.7328,140.9216,FORCED_EOD,-26.02999999999969,7.9665499999977385,0.9590000000000001,8.925549999997738,-34.95554999999743,258
2025-06-20 10:47:00-04:00,2025-06-20 11:15:00-04:00,2025-06-20 15:59:00-04:00,LONG,143.58,143.60871600000002,143.751244,139,0.01,3.0,142.1442,147.8874,FORCED_EOD,27.79999999999842,7.988607999998607,0.973,8.961607999998607,18.838391999999814,312
2025-06-23 11:01:00-04:00,2025-06-23 12:13:00-04:00,2025-06-23 15:59:00-04:00,SHORT,143.9,143.87122000000002,144.203835,139,0.01,3.0,145.339,139.583,FORCED_EOD,-38.22500000000079,8.00848499999583,0.973,8.98148499999583,-47.20648499999662,298
2025-06-24 11:27:00-04:00,2025-06-24 12:17:00-04:00,2025-06-24 15:59:00-04:00,LONG,146.86,146.889372,147.80043400000002,136,0.01,3.0,145.3914,151.2658,FORCED_EOD,131.91999999999985,8.015567999997756,0.9520000000000001,8.967567999997756,122.95243200000209,272
2025-06-25 11:14:00-04:00,2025-06-25 12:15:00-04:00,2025-06-25 15:59:00-04:00,LONG,151.625,151.655325,154.27913800000002,131,0.01,3.0,150.10875,156.17375,FORCED_EOD,351.7350000000003,8.015496999998646,0.917,8.932496999998646,342.80250300000165,285
2025-06-26 10:59:00-04:00,2025-06-26 12:06:00-04:00,2025-06-26 15:59:00-04:00,LONG,155.515,155.546103,155.04898400000002,128,0.01,3.0,153.95985,160.18044999999998,FORCED_EOD,-55.67999999999665,7.951231999999436,0.896,8.847231999999437,-64.52723199999609,300
2025-06-27 10:30:00-04:00,2025-06-27 11:01:00-04:00,2025-06-27 15:59:00-04:00,SHORT,157.425,157.393515,157.771548,127,0.01,3.0,158.99925000000002,152.70225000000002,FORCED_EOD,-40.00499999999971,8.005190999998746,0.889,8.894190999998745,-48.89919099999846,329
2025-06-30 14:11:00-04:00,2025-06-30 14:57:00-04:00,2025-06-30 15:59:00-04:00,LONG,157.5648,157.59631295999998,157.838426,126,0.01,3.0,155.989152,162.291744,FORCED_EOD,38.455200000001696,7.948956959999066,0.882,8.830956959999066,29.62424304000263,108
2025-07-01 10:22:00-04:00,2025-07-01 11:23:00-04:00,2025-07-01 10:33:00-04:00,LONG,155.35,155.38107,153.76574069999998,128,0.01,3.0,153.79649999999998,160.0105,STOP,-198.84800000000178,7.914150399999926,0.896,8.810150399999927,-207.6581504000017,11
2025-07-01 12:21:00-04:00,2025-07-01 13:27:00-04:00,2025-07-01 13:05:00-04:00,SHORT,153.32,153.289336,154.88417063999998,130,0.01,3.0,154.8532,148.72039999999998,STOP,-199.31599999999918,8.01250319999923,0.91,8.92250319999923,-208.2385031999984,44
2025-07-01 14:50:00-04:00,2025-07-01 15:47:00-04:00,2025-07-01 15:59:00-04:00,LONG,154.22,154.250844,153.259342,129,0.01,3.0,152.6778,158.8466,FORCED_EOD,-119.97000000000088,7.933757999998733,0.903,8.836757999998733,-128.8067579999996,69
2025-07-02 10:54:00-04:00,2025-07-02 11:15:00-04:00,2025-07-02 15:59:00-04:00,SHORT,157.305,157.273539,157.271448,127,0.01,3.0,158.87805,152.58585,FORCED_EOD,8.254999999999711,7.989442999998801,0.889,8.8784429999988,-0.6234429999990894,305
2025-07-03 10:22:00-04:00,2025-07-03 10:41:00-04:00,2025-07-03 12:59:00-04:00,SHORT,160.4353,160.40321294,159.30295421999998,124,0.01,3.0,162.03965300000002,155.622241,FORCED_EOD,144.36080000000277,7.928718719999324,0.868,8.796718719999324,135.56408128000345,157
2025-07-07 12:21:00-04:00,2025-07-07 13:18:00-04:00,2025-07-07 15:59:00-04:00,SHORT,158.04,158.008392,158.28164999999998,126,0.01,3.0,159.6204,153.2988,FORCED_EOD,-26.460000000001003,7.9705079999988016,0.882,8.852507999998801,-35.3125079999998,218
2025-07-08 14:13:00-04:00,2025-07-08 14:32:00-04:00,2025-07-08 15:59:00-04:00,LONG,159.7803,159.81225606,159.96809998,125,0.01,3.0,158.182497,164.573709,FORCED_EOD,27.474999999999028,7.994509999999622,0.875,8.869509999999622,18.605489999999406,106
2025-07-09 10:03:00-04:00,2025-07-09 10:31:00-04:00,2025-07-09 15:59:00-04:00,LONG,163.8,163.83276,162.797434,122,0.01,3.0,162.162,168.714,FORCED_EOD,-118.33999999999986,7.969771999999864,0.854,8.823771999999863,-127.16377199999972,356
2025-07-10 11:14:00-04:00,2025-07-10 11:25:00-04:00,2025-07-10 15:59:00-04:00,LONG,161.66,161.692332,164.072179,123,0.01,3.0,160.0434,166.50979999999998,FORCED_EOD,300.73499999999916,8.013818999997653,0.861,8.874818999997654,291.8601810000015,285
2025-07-11 12:00:00-04:00,2025-07-11 12:31:00-04:00,2025-07-11 15:59:00-04:00,LONG,166.32,166.353264,164.8485237,120,0.01,3.0,164.6568,171.3096,FORCED_EOD,-172.62000000000057,7.948836000000483,0.84,8.788836000000483,-181.40883600000106,239
2025-07-14 11:02:00-04:00,2025-07-14 11:28:00-04:00,2025-07-14 15:59:00-04:00,SHORT,164.83,164.79703400000002,164.102814,121,0.01,3.0,166.47830000000002,159.88510000000002,FORCED_EOD,91.96000000000234,7.959379999998731,0.847,8.80637999999873,83.15362000000361,297
2025-07-15 12:23:00-04:00,2025-07-15 12:45:00-04:00,2025-07-15 15:59:00-04:00,SHORT,171.5485,171.5141903,170.58411,116,0.01,3.0,173.263985,166.402045,FORCED_EOD,115.82599999999752,7.936685199999147,0.812,8.748685199999146,107.07731479999838,216
2025-07-16 11:14:00-04:00,2025-07-16 11:35:00-04:00,2025-07-16 15:59:00-04:00,SHORT,170.345,170.310931,171.374268,117,0.01,3.0,172.04845,165.23465,FORCED_EOD,-116.41500000000053,7.995428999998296,0.8190000000000001,8.814428999998297,-125.22942899999883,285
2025-07-17 12:25:00-04:00,2025-07-17 12:32:00-04:00,2025-07-17 15:59:00-04:00,SHORT,173.85,173.81522999999999,173.14602228,115,0.01,3.0,175.58849999999998,168.6345,FORCED_EOD,84.93899999999897,7.980112200001912,0.805,8.785112200001912,76.15388779999705,214
2025-07-18 10:15:00-04:00,2025-07-18 10:44:00-04:00,2025-07-18 15:59:00-04:00,LONG,172.7018,172.73634035999999,172.345524,115,0.01,3.0,170.974782,177.88285399999998,FORCED_EOD,-37.00699999999955,7.936881399997446,0.805,8.741881399997446,-45.748881399996996,344
2025-07-21 12:22:00-04:00,2025-07-21 12:42:00-04:00,2025-07-21 15:59:00-04:00,LONG,171.81,171.844362,171.42570800000001,116,0.01,3.0,170.0919,176.9643,FORCED_EOD,-40.59999999999934,7.963863999997784,0.812,8.775863999997783,-49.37586399999712,217
2025-07-22 12:29:00-04:00,2025-07-22 13:03:00-04:00,2025-07-22 15:59:00-04:00,LONG,167.63,167.663526,165.92050926,119,0.01,3.0,165.9537,172.6589,STOP,-199.47969999999972,7.939292060000469,0.833,8.772292060000469,-208.2519920600002,210
2025-07-23 11:49:00-04:00,2025-07-23 12:38:00-04:00,2025-07-23 15:59:00-04:00,LONG,169.0948,169.12861895999998,170.795834,118,0.01,3.0,167.403852,174.167644,FORCED_EOD,204.7536000000024,8.022225279998793,0.8260000000000001,8.848225279998793,195.9053747200036,250
2025-07-24 11:26:00-04:00,2025-07-24 11:42:00-04:00,2025-07-24 15:59:00-04:00,LONG,172.87,172.904574,173.745244,115,0.01,3.0,171.1413,178.05610000000001,FORCED_EOD,104.64999999999961,7.972949999997638,0.805,8.777949999997638,95.87205000000196,273
2025-07-25 12:24:00-04:00,2025-07-25 13:00:00-04:00,2025-07-25 15:59:00-04:00,LONG,174.3,174.33486000000002,173.445304,114,0.01,3.0,172.55700000000002,179.52900000000002,FORCED_EOD,-93.48000000000246,7.929384000000653,0.798,8.727384000000653,-102.20738400000312,215
2025-07-28 11:19:00-04:00,2025-07-28 11:36:00-04:00,2025-07-28 15:57:00-04:00,SHORT,174.89,174.855022,176.67422777999997,114,0.01,3.0,176.63889999999998,169.64329999999998,STOP,-199.37459999999908,8.014858919998176,0.798,8.812858919998176,-208.18745891999725,278
2025-07-29 11:32:00-04:00,2025-07-29 11:34:00-04:00,2025-07-29 15:59:00-04:00,SHORT,175.98,175.944804,175.54510199999999,113,0.01,3.0,177.7398,170.70059999999998,FORCED_EOD,53.10999999999987,7.9436739999977135,0.791,8.734673999997714,44.37532600000216,267
2025-07-30 11:59:00-04:00,2025-07-30 12:40:00-04:00,2025-07-30 15:59:00-04:00,LONG,178.93,178.965786,179.254142,111,0.01,3.0,177.1407,184.2979,FORCED_EOD,39.95999999999836,7.952483999999117,0.777,8.729483999999117,31.23051599999924,240
2025-07-31 10:59:00-04:00,2025-07-31 11:33:00-04:00,2025-07-31 15:59:00-04:00,SHORT,179.9,179.86402,177.88557,111,0.01,3.0,181.699,174.50300000000001,FORCED_EOD,227.55000000000126,7.942050000000222,0.777,8.719050000000221,218.83095000000105,300
2025-08-01 10:02:00-04:00,2025-08-01 10:25:00-04:00,2025-08-01 10:10:00-04:00,SHORT,171.8,171.76564000000002,173.5527036,116,0.01,3.0,173.518,166.64600000000002,STOP,-199.28799999999876,8.01137759999915,0.812,8.82337759999915,-208.11137759999792,8
2025-08-01 11:43:00-04:00,2025-08-01 12:41:00-04:00,2025-08-01 13:02:00-04:00,LONG,175.62,175.655124,173.82902724,113,0.01,3.0,173.8638,180.8886,STOP,-198.45060000000078,7.898333880000678,0.791,8.689333880000678,-207.13993388000145,79
2025-08-01 14:27:00-04:00,2025-08-01 14:55:00-04:00,2025-08-01 15:59:00-04:00,LONG,173.1999,173.23453998000002,173.545284,115,0.01,3.0,171.467901,178.39589700000002,FORCED_EOD,43.71149999999986,7.975937700001339,0.805,8.780937700001338,34.93056229999852,92
2025-08-04 13:03:00-04:00,2025-08-04 13:44:00-04:00,2025-08-04 15:59:00-04:00,LONG,178.795,178.83075899999997,179.934006,111,0.01,3.0,177.00705,184.15884999999997,FORCED_EOD,130.42500000000126,7.9645829999969635,0.777,8.741582999996963,121.6834170000043,176
2025-08-05 12:02:00-04:00,2025-08-05 12:38:00-04:00,2025-08-05 15:59:00-04:00,SHORT,177.395,177.359521,179.20478379000002,112,0.01,3.0,179.16895000000002,172.07315,STOP,-198.6824000000015,7.987032480000835,0.784,8.771032480000835,-207.45343248000233,237
2025-08-06 10:39:00-04:00,2025-08-06 11:37:00-04:00,2025-08-06 15:59:00-04:00,LONG,178.06,178.095612,179.374118,112,0.01,3.0,176.2794,183.4018,FORCED_EOD,151.19999999999936,8.00732799999696,0.784,8.79132799999696,142.4086720000024,320
2025-08-07 10:58:00-04:00,2025-08-07 11:45:00-04:00,2025-08-07 12:46:00-04:00,LONG,181.615,181.65132300000002,179.76289023,110,0.01,3.0,179.79885000000002,187.06345000000002,STOP,-199.77649999999926,7.951104700001679,0.77,8.721104700001678,-208.49760470000095,108
2025-08-07 13:32:00-04:00,2025-08-07 13:50:00-04:00,2025-08-07 15:59:00-04:00,LONG,179.6,179.63592,180.843824,111,0.01,3.0,177.804,184.988,FORCED_EOD,142.08000000000013,8.002655999998638,0.777,8.779655999998637,133.3003440000015,147
2025-08-08 10:54:00-04:00,2025-08-08 11:39:00-04:00,2025-08-08 15:59:00-04:00,SHORT,182.595,182.558481,182.78655,109,0.01,3.0,184.42095,177.11715,FORCED_EOD,-16.895000000000124,7.964521000000417,0.763,8.727521000000417,-25.622521000000543,305
2025-08-11 15:18:00-04:00,2025-08-11 15:41:00-04:00,2025-08-11 15:59:00-04:00,LONG,182.5272,182.56370543999998,182.048583,109,0.01,3.0,180.70192799999998,188.003016,FORCED_EOD,-48.19979999999842,7.94854595999837,0.763,8.71154595999837,-56.91134595999679,41
2025-08-12 13:03:00-04:00,2025-08-12 13:31:00-04:00,2025-08-12 15:59:00-04:00,SHORT,182.595,182.558481,184.45783419,109,0.01,3.0,184.42095,177.11715,STOP,-199.02855000000065,8.00094770999928,0.763,8.76394770999928,-207.79249770999994,176
2025-08-13 11:13:00-04:00,2025-08-13 11:37:00-04:00,2025-08-13 15:59:00-04:00,LONG,180.02,180.056004,181.533686,111,0.01,3.0,178.21980000000002,185.4206,FORCED_EOD,172.0499999999981,8.027297999999519,0.777,8.804297999999518,163.2457019999986,286
2025-08-14 10:58:00-04:00,2025-08-14 11:48:00-04:00,2025-08-14 15:59:00-04:00,LONG,182.12,182.156424,181.9636,109,0.01,3.0,180.2988,187.58360000000002,FORCED_EOD,-13.080000000000496,7.937815999996587,0.763,8.700815999996587,-21.780815999997085,301
2025-08-15 14:49:00-04:00,2025-08-15 15:12:00-04:00,2025-08-15 15:59:00-04:00,LONG,179.71,179.745942,180.40401198,111,0.01,3.0,177.9129,185.1013,FORCED_EOD,81.04109999999923,7.995332219999966,0.777,8.772332219999965,72.26876777999927,70
2025-08-18 10:40:00-04:00,2025-08-18 11:32:00-04:00,2025-08-18 15:59:00-04:00,LONG,181.86,181.896372,181.933606,109,0.01,3.0,180.0414,187.31580000000002,FORCED_EOD,11.989999999998389,7.931494000000157,0.763,8.694494000000157,3.295505999998232,319
2025-08-19 10:28:00-04:00,2025-08-19 10:56:00-04:00,2025-08-19 10:43:00-04:00,LONG,179.24,179.275848,177.41211048000002,111,0.01,3.0,177.44760000000002,184.6172,STOP,-198.9563999999985,7.91846471999844,0.777,8.695464719998439,-207.65186471999692,15
2025-08-19 12:07:00-04:00,2025-08-19 12:32:00-04:00,2025-08-19 13:11:00-04:00,LONG,177.66,177.695532,175.84822332,112,0.01,3.0,175.8834,182.9898,STOP,-198.97920000000022,7.9193721599995115,0.784,8.703372159999512,-207.68257215999972,64
2025-08-20 11:27:00-04:00,2025-08-20 11:47:00-04:00,2025-08-20 15:59:00-04:00,LONG,171.96,171.994392,175.354922,116,0.01,3.0,170.2404,177.11880000000002,FORCED_EOD,397.8799999999975,8.058519999999476,0.812,8.870519999999475,389.009479999998,272
2025-08-21 10:03:00-04:00,2025-08-21 10:39:00-04:00,2025-08-21 15:59:00-04:00,LONG,175.086,175.1210172,174.9360058,114,0.01,3.0,173.33514000000002,180.33858,FORCED_EOD,-13.110000000001037,7.981299599999829,0.798,8.77929959999983,-21.889299600000868,356
2025-08-22 10:01:00-04:00,2025-08-22 10:54:00-04:00,2025-08-22 15:59:00-04:00,LONG,175.72,175.755144,177.984396,113,0.01,3.0,173.9628,180.9916,FORCED_EOD,259.9000000000013,7.994524000001007,0.791,8.785524000001008,251.11447600000028,358
2025-08-25 11:03:00-04:00,2025-08-25 11:47:00-04:00,2025-08-25 15:59:00-04:00,SHORT,180.29,180.253942,179.875968,110,0.01,3.0,182.0929,174.88129999999998,FORCED_EOD,49.49999999999875,7.922859999999332,0.77,8.692859999999332,40.807139999999414,296
2025-08-26 13:36:00-04:00,2025-08-26 13:51:00-04:00,2025-08-26 15:59:00-04:00,SHORT,181.6,181.56368,181.73633999999998,110,0.01,3.0,183.416,176.152,FORCED_EOD,-10.999999999999375,7.992599999998333,0.77,8.762599999998333,-19.762599999997708,143
2025-08-27 12:21:00-04:00,2025-08-27 12:41:00-04:00,2025-08-27 15:59:00-04:00,LONG,181.5946,181.63091892,181.56368,110,0.01,3.0,179.77865400000002,187.042438,FORCED_EOD,0.593999999997834,7.990281199997185,0.77,8.760281199997184,-8.16628119999935,218
2025-08-28 11:55:00-04:00,2025-08-28 12:25:00-04:00,2025-08-28 15:59:00-04:00,LONG,178.69,178.725738,180.16396,111,0.01,3.0,176.9031,184.0507,FORCED_EOD,167.609999999999,7.967357999999422,0.777,8.744357999999421,158.86564199999958,244
2025-08-29 10:51:00-04:00,2025-08-29 11:08:00-04:00,2025-08-29 15:59:00-04:00,LONG,173.5942,173.62891883999998,174.245144,115,0.01,3.0,171.858258,178.802026,FORCED_EOD,78.86700000000005,8.001106599996888,0.805,8.806106599996887,70.06089340000315,308
2025-09-02 12:09:00-04:00,2025-09-02 12:20:00-04:00,2025-09-02 15:59:00-04:00,LONG,167.25,167.28345,170.71585000000002,119,0.01,3.0,165.5775,172.2675,FORCED_EOD,416.5,8.044399999996472,0.833,8.877399999996472,407.6226000000035,230
2025-09-03 11:04:00-04:00,2025-09-03 11:30:00-04:00,2025-09-03 14:00:00-04:00,LONG,171.585,171.619317,169.83517617,116,0.01,3.0,169.86915000000002,176.73255,STOP,-199.03859999999872,7.921736279999436,0.812,8.733736279999436,-207.77233627999817,176
2025-09-03 14:23:00-04:00,2025-09-03 15:01:00-04:00,2025-09-03 15:59:00-04:00,LONG,169.445,169.47888899999998,170.585876,118,0.01,3.0,167.75055,174.52835,FORCED_EOD,138.65000000000134,8.025533999997549,0.8260000000000001,8.85153399999755,129.7984660000038,96
2025-09-04 11:11:00-04:00,2025-09-04 12:04:00-04:00,2025-09-04 15:59:00-04:00,LONG,170.3677,170.40177354000002,171.605672,117,0.01,3.0,168.66402300000001,175.478731,FORCED_EOD,148.85909999999683,8.002980179999582,0.8190000000000001,8.821980179999583,140.03711981999726,288
2025-09-05 13:38:00-04:00,2025-09-05 14:10:00-04:00,2025-09-05 15:59:00-04:00,LONG,166.131,166.1642262,167.00659199999998,120,0.01,3.0,164.46969,171.11493,FORCED_EOD,109.07999999999902,7.996104000001196,0.84,8.836104000001196,100.24389599999782,141
2025-09-08 11:49:00-04:00,2025-09-08 12:00:00-04:00,2025-09-08 15:59:00-04:00,LONG,169.36,169.39387200000002,168.336326,118,0.01,3.0,167.6664,174.44080000000002,FORCED_EOD,-116.82000000000107,7.970427999999174,0.8260000000000001,8.796427999999175,-125.61642800000024,250
2025-09-09 10:51:00-04:00,2025-09-09 11:06:00-04:00,2025-09-09 15:59:00-04:00,LONG,166.85,166.88336999999999,170.7243483,119,0.01,3.0,165.1815,171.8555,FORCED_EOD,465.11150000000043,8.03508229999835,0.833,8.86808229999835,456.24341770000206,308
2025-09-10 11:41:00-04:00,2025-09-10 12:23:00-04:00,2025-09-10 14:26:00-04:00,LONG,178.125,178.160625,176.30848125,112,0.01,3.0,176.34375,183.46875,STOP,-199.5,7.940100000001166,0.784,8.724100000001167,-208.22410000000116,165
2025-09-10 14:31:00-04:00,2025-09-10 14:55:00-04:00,2025-09-10 15:59:00-04:00,LONG,176.18,176.215236,177.26454,113,0.01,3.0,174.4182,181.46540000000002,FORCED_EOD,126.56000000000051,7.988647999999785,0.791,8.779647999999785,117.78035200000073,88
2025-09-11 12:25:00-04:00,2025-09-11 13:12:00-04:00,2025-09-11 15:59:00-04:00,LONG,177.4581,177.49359162,177.054582,112,0.01,3.0,175.683519,182.781843,FORCED_EOD,-41.22719999999981,7.941877439997825,0.784,8.725877439997825,-49.953077439997635,214
2025-09-12 11:30:00-04:00,2025-09-12 12:08:00-04:00,2025-09-12 15:59:00-04:00,LONG,177.665,177.70053299999998,177.75444199999998,112,0.01,3.0,175.88835,182.99495,FORCED_EOD,14.0,7.962191999999504,0.784,8.746191999999505,5.253808000000496,269
2025-09-15 11:14:00-04:00,2025-09-15 12:08:00-04:00,2025-09-15 11:46:00-04:00,SHORT,175.815,175.77983700000001,177.60866463,113,0.01,3.0,177.57315,170.54055,STOP,-198.67095000000006,7.986572189997446,0.791,8.777572189997446,-207.4485221899975,32
2025-09-15 14:06:00-04:00,2025-09-15 14:25:00-04:00,2025-09-15 15:59:00-04:00,SHORT,177.8483,177.81273034,177.825558,112,0.01,3.0,179.626783,172.51285099999998,FORCED_EOD,6.5296000000003005,7.9662979200002155,0.784,8.750297920000216,-2.220697919999915,113
2025-09-16 11:04:00-04:00,2025-09-16 12:46:00-04:00,2025-09-16 15:59:00-04:00,LONG,176.06,176.095212,174.82502800000003,113,0.01,3.0,174.2994,181.3418,FORCED_EOD,-135.59999999999872,7.930791999998121,0.791,8.721791999998121,-144.32179199999683,295
2025-09-17 11:17:00-04:00,2025-09-17 11:35:00-04:00,2025-09-17 15:59:00-04:00,SHORT,170.605,170.570879,170.244042,117,0.01,3.0,172.31105,165.48685,FORCED_EOD,46.21499999999787,7.975070999999815,0.8190000000000001,8.794070999999816,37.420928999998054,282
2025-09-18 11:53:00-04:00,2025-09-18 12:25:00-04:00,2025-09-18 15:59:00-04:00,SHORT,175.52,175.48489600000002,176.315256,113,0.01,3.0,177.2752,170.2544,FORCED_EOD,-85.87999999999897,7.950679999999295,0.791,8.741679999999295,-94.62167999999826,246
2025-09-19 13:28:00-04:00,2025-09-19 13:44:00-04:00,2025-09-19 15:59:00-04:00,SHORT,175.75,175.71485,177.5430015,113,0.01,3.0,177.5075,170.4775,STOP,-198.59749999999923,7.983619499999634,0.791,8.774619499999634,-207.37211949999886,151
2025-09-22 11:35:00-04:00,2025-09-22 13:01:00-04:00,2025-09-22 12:04:00-04:00,SHORT,175.53,175.49489400000002,177.32075706,113,0.01,3.0,177.2853,170.2641,STOP,-198.3489000000006,7.9736257799981445,0.791,8.764625779998145,-207.11352577999875,29
2025-09-22 13:16:00-04:00,2025-09-22 14:55:00-04:00,2025-09-22 15:59:00-04:00,LONG,182.7,182.73654,183.57327800000002,109,0.01,3.0,180.873,188.18099999999998,FORCED_EOD,99.19000000000273,7.985557999999969,0.763,8.748557999999969,90.44144200000275,163
2025-09-23 11:43:00-04:00,2025-09-23 11:48:00-04:00,2025-09-23 15:59:00-04:00,SHORT,179.995,179.959001,178.475688,111,0.01,3.0,181.79495,174.59515,FORCED_EOD,172.60500000000076,7.957256999999686,0.777,8.734256999999685,163.87074300000108,256
2025-09-24 11:12:00-04:00,2025-09-24 11:21:00-04:00,2025-09-24 15:59:00-04:00,SHORT,178.11,178.07437800000002,176.91537599999998,112,0.01,3.0,179.89110000000002,172.76670000000001,FORCED_EOD,137.76000000000204,7.951775999997153,0.784,8.735775999997154,129.0242240000049,287
2025-09-25 11:09:00-04:00,2025-09-25 11:18:00-04:00,2025-09-25 11:39:00-04:00,SHORT,177.4401,177.40461198,179.25034390020002,112,0.01,3.0,179.214501,172.116897,STOP,-198.7329120000013,7.989063062401328,0.784,8.773063062401329,-207.50597506240263,30
2025-09-25 14:02:00-04:00,2025-09-25 14:12:00-04:00,2025-09-25 14:41:00-04:00,SHORT,175.99,175.954802,177.78544997999998,113,0.01,3.0,177.7499,170.71030000000002,STOP,-198.8686999999986,7.994521739999215,0.791,8.785521739999215,-207.6542217399978,39
2025-09-26 10:16:00-04:00,2025-09-26 11:17:00-04:00,2025-09-26 15:55:00-04:00,SHORT,176.38,176.34472399999999,178.17942876,113,0.01,3.0,178.1438,171.08859999999999,STOP,-199.30940000000038,8.012237880002147,0.791,8.803237880002147,-208.11263788000252,339
2025-09-29 10:57:00-04:00,2025-09-29 12:07:00-04:00,2025-09-29 15:59:00-04:00,SHORT,183.18,183.14336400000002,181.866366,109,0.01,3.0,185.0118,177.68460000000002,FORCED_EOD,147.14999999999938,7.9572179999971695,0.763,8.72021799999717,138.4297820000022,302
2025-09-30 10:04:00-04:00,2025-09-30 10:18:00-04:00,2025-09-30 10:50:00-04:00,SHORT,184.895,184.858021,186.78129879000002,108,0.01,3.0,186.74395,179.34815,STOP,-199.68660000000023,8.027401320001331,0.756,8.783401320001332,-208.47000132000156,46
2025-09-30 12:22:00-04:00,2025-09-30 13:11:00-04:00,2025-09-30 15:15:00-04:00,LONG,187.0699,187.10731398,185.16216115979998,106,0.01,3.0,185.199201,192.681997,STOP,-198.2940940000002,7.892104941200614,0.742,8.634104941200615,-206.9281989412008,173
2025-10-01 10:30:00-04:00,2025-10-01 11:14:00-04:00,2025-10-01 15:59:00-04:00,SHORT,186.655,186.617669,187.20743399999998,107,0.01,3.0,188.52155,181.05535,FORCED_EOD,-55.10499999999854,7.999854999998405,0.749,8.748854999998406,-63.85385499999695,329
2025-10-02 14:00:00-04:00,2025-10-02 14:11:00-04:00,2025-10-02 15:59:00-04:00,LONG,188.76,188.79775199999997,188.882216,105,0.01,3.0,186.8724,194.4228,FORCED_EOD,16.799999999999642,7.931279999996974,0.735,8.666279999996974,8.133720000002668,119
2025-10-03 12:38:00-04:00,2025-10-03 13:13:00-04:00,2025-10-03 13:46:00-04:00,LONG,188.1701,188.20773401999998,186.2511413202,106,0.01,3.0,186.288399,193.815203,STOP,-199.4603059999992,7.938520178799081,0.742,8.680520178799082,-208.14082617879828,68
2025-10-06 13:33:00-04:00,2025-10-06 14:46:00-04:00,2025-10-06 15:59:00-04:00,LONG,185.86,185.897172,185.492894,107,0.01,3.0,184.00140000000002,191.43580000000003,FORCED_EOD,-35.31000000000134,7.947745999999199,0.749,8.6967459999992,-44.00674600000054,146
2025-10-07 11:03:00-04:00,2025-10-07 11:57:00-04:00,2025-10-07 11:07:00-04:00,LONG,187.025,187.062405,185.11771905,106,0.01,3.0,185.15475,192.63575,STOP,-198.24649999999986,7.890210700000921,0.742,8.632210700000922,-206.87871070000077,4
2025-10-07 12:04:00-04:00,2025-10-07 12:20:00-04:00,2025-10-07 15:59:00-04:00,SHORT,186.0901,186.05288198000002,184.98699,107,0.01,3.0,187.95100100000002,180.507397,FORCED_EOD,121.99070000000194,7.9402581399985195,0.749,8.68925813999852,113.30144186000342,235
2025-10-08 13:12:00-04:00,2025-10-08 13:32:00-04:00,2025-10-08 15:59:00-04:00,LONG,187.85,187.88756999999998,189.022188,106,0.01,3.0,185.9715,193.4855,FORCED_EOD,128.26000000000084,7.990491999998994,0.742,8.732491999998995,119.52750800000184,167
2025-10-09 14:28:00-04:00,2025-10-09 15:05:00-04:00,2025-10-09 15:59:00-04:00,LONG,192.72,192.758544,192.50149199999998,103,0.01,3.0,190.7928,198.5016,FORCED_EOD,-18.540000000000703,7.936356000000927,0.721,8.657356000000927,-27.19735600000163,91
2025-10-10 11:00:00-04:00,2025-10-10 11:53:00-04:00,2025-10-10 11:02:00-04:00,LONG,194.15,194.18883,192.17005830000002,102,0.01,3.0,192.20850000000002,199.9745,STOP,-198.03299999999905,7.881713399998262,0.714,8.595713399998262,-206.6287133999973,2
2025-10-10 12:47:00-04:00,2025-10-10 13:23:00-04:00,2025-10-10 15:28:00-04:00,LONG,188.1703,188.20793405999999,186.2513392806,106,0.01,3.0,186.288597,193.815409,STOP,-199.46051799999867,7.938528616399026,0.742,8.680528616399027,-208.1410466163977,161
2025-10-10 15:33:00-04:00,2025-10-10 15:56:00-04:00,2025-10-10 15:54:00-04:00,LONG,186.08,186.117216,184.18235616,107,0.01,3.0,184.2192,191.66240000000002,STOP,-199.10560000000126,7.924402879998894,0.749,8.673402879998894,-207.77900288000015,21
2025-10-13 10:25:00-04:00,2025-10-13 11:12:00-04:00,2025-10-13 10:57:00-04:00,LONG,188.14,188.17762799999997,186.22134827999997,106,0.01,3.0,186.25859999999997,193.7842,STOP,-199.42840000000143,7.937250319998327,0.742,8.679250319998328,-208.10765031999975,32
2025-10-13 12:35:00-04:00,2025-10-13 13:24:00-04:00,2025-10-13 15:59:00-04:00,SHORT,188.73,188.692254,188.357664,105,0.01,3.0,190.6173,183.0681,FORCED_EOD,43.04999999999964,7.918050000000534,0.735,8.653050000000533,34.39694999999911,204
2025-10-14 10:47:00-04:00,2025-10-14 11:20:00-04:00,2025-10-14 15:56:00-04:00,LONG,181.725,181.76134499999998,179.87176845,110,0.01,3.0,179.90775,187.17675,STOP,-199.89750000000015,7.955920499998399,0.77,8.725920499998399,-208.62342049999856,309
2025-10-15 10:32:00-04:00,2025-10-15 10:46:00-04:00,2025-10-15 11:49:00-04:00,LONG,182.1182,182.15462364,180.2609585964,109,0.01,3.0,180.297018,187.581746,STOP,-198.50883799999926,7.900651752401757,0.763,8.663651752401757,-207.17248975240102,77
2025-10-15 13:42:00-04:00,2025-10-15 14:10:00-04:00,2025-10-15 15:59:00-04:00,LONG,178.805,178.84076100000001,179.839025,111,0.01,3.0,177.01695,184.16915,FORCED_EOD,118.76999999999924,7.962696000001728,0.777,8.739696000001727,110.03030399999751,137
2025-10-16 11:31:00-04:00,2025-10-16 12:18:00-04:00,2025-10-16 15:59:00-04:00,SHORT,182.0288,181.99239423999998,181.8473622,109,0.01,3.0,183.849088,176.567936,FORCED_EOD,23.74019999999811,7.931707639999246,0.763,8.694707639999246,15.045492359998866,268
2025-10-17 13:03:00-04:00,2025-10-17 13:38:00-04:00,2025-10-17 15:59:00-04:00,SHORT,182.4899,182.45340202,183.271647,109,0.01,3.0,184.314799,177.015203,FORCED_EOD,-81.21590000000086,7.972802819999458,0.763,8.735802819999458,-89.95170282000032,176
2025-10-20 10:23:00-04:00,2025-10-20 10:38:00-04:00,2025-10-20 15:59:00-04:00,SHORT,184.0786,184.04178428,182.60651399999998,108,0.01,3.0,185.919386,178.556242,FORCED_EOD,162.92880000000014,7.919609759997343,0.756,8.675609759997343,154.2531902400028,336
2025-10-21 10:06:00-04:00,2025-10-21 10:17:00-04:00,2025-10-21 15:59:00-04:00,LONG,180.2807,180.31675614,181.123768,110,0.01,3.0,178.477893,185.689121,FORCED_EOD,96.72300000000007,7.9516953999981865,0.77,8.721695399998186,88.00130460000189,353
2025-10-22 10:30:00-04:00,2025-10-22 11:16:00-04:00,2025-10-22 11:30:00-04:00,LONG,180.42,180.45608399999998,178.58007683999998,110,0.01,3.0,178.61579999999998,185.83259999999999,STOP,-198.46200000000096,7.898787599999082,0.77,8.668787599999082,-207.13078760000005,60
2025-10-22 11:31:00-04:00,2025-10-22 11:47:00-04:00,2025-10-22 13:53:00-04:00,LONG,178.67,178.70573399999998,176.84792334,111,0.01,3.0,176.8833,184.03009999999998,STOP,-198.32369999999958,7.893283259998668,0.777,8.670283259998667,-206.99398325999823,142
2025-10-23 11:45:00-04:00,2025-10-23 11:54:00-04:00,2025-10-23 15:59:00-04:00,LONG,181.465,181.501293,182.16356,110,0.01,3.0,179.65035,186.90895,FORCED_EOD,80.84999999999837,8.000629999999944,0.77,8.770629999999944,72.07936999999843,254
2025-10-24 10:05:00-04:00,2025-10-24 10:37:00-04:00,2025-10-24 15:59:00-04:00,LONG,185.03,185.067006,186.23274600000002,108,0.01,3.0,183.1797,190.5809,FORCED_EOD,133.92000000000098,8.02007999999796,0.756,8.776079999997961,125.14392000000302,354
2025-10-27 10:07:00-04:00,2025-10-27 10:33:00-04:00,2025-10-27 10:23:00-04:00,LONG,190.34,190.378068,188.39891268,105,0.01,3.0,188.4366,196.05020000000002,STOP,-199.8570000000005,7.954308600001383,0.735,8.689308600001382,-208.5463086000019,16
2025-10-27 12:53:00-04:00,2025-10-27 13:34:00-04:00,2025-10-27 15:59:00-04:00,SHORT,191.2999,191.26164002000002,191.468286,104,0.01,3.0,193.21289900000002,185.560903,FORCED_EOD,-13.530399999999872,7.960781919999135,0.728,8.688781919999135,-22.21918191999901,186
2025-10-28 12:02:00-04:00,2025-10-28 12:56:00-04:00,2025-10-28 13:12:00-04:00,SHORT,193.62,193.581276,195.59531124,103,0.01,3.0,195.55620000000002,187.8114,STOP,-199.4286000000014,8.017029719998419,0.721,8.73802971999842,-208.16662971999983,70
2025-10-28 13:13:00-04:00,2025-10-28 13:30:00-04:00,2025-10-28 13:53:00-04:00,SHORT,195.945,195.905811,197.94403089,102,0.01,3.0,197.90445,190.06664999999998,STOP,-199.8639000000004,8.034528779998936,0.714,8.748528779998937,-208.61242877999933,40
2025-10-28 15:09:00-04:00,2025-10-28 15:44:00-04:00,2025-10-28 15:59:00-04:00,SHORT,201.28,201.239744,201.07020599999998,99,0.01,3.0,203.2928,195.2416,FORCED_EOD,24.75,7.965737999998311,0.6930000000000001,8.65873799999831,16.091262000001688,50
2025-10-29 11:46:00-04:00,2025-10-29 12:46:00-04:00,2025-10-29 12:07:00-04:00,LONG,207.23,207.271446,205.11666845999997,96,0.01,3.0,205.15769999999998,213.4469,STOP,-198.94080000000122,7.9178438400012965,0.672,8.589843840001297,-207.5306438400025,21
2025-10-29 13:52:00-04:00,2025-10-29 14:25:00-04:00,2025-10-29 15:59:00-04:00,SHORT,207.53,207.488494,207.09141,96,0.01,3.0,209.6053,201.3041,FORCED_EOD,46.07999999999902,7.959935999998379,0.672,8.63193599999838,37.44806400000064,127
2025-10-30 13:15:00-04:00,2025-10-30 13:28:00-04:00,2025-10-30 15:59:00-04:00,LONG,202.53,202.570506,202.739444,98,0.01,3.0,200.5047,208.6059,FORCED_EOD,24.5,7.94407600000028,0.686,8.63007600000028,15.86992399999972,164
2025-10-31 11:21:00-04:00,2025-10-31 11:42:00-04:00,2025-10-31 12:00:00-04:00,LONG,205.47,205.51109399999999,203.37461694,97,0.01,3.0,203.4153,211.6341,STOP,-199.3058999999997,7.9323748199979605,0.679,8.61137481999796,-207.91727481999766,39
2025-10-31 12:16:00-04:00,2025-10-31 12:40:00-04:00,2025-10-31 15:59:00-04:00,SHORT,203.86,203.819228,202.450482,98,0.01,3.0,205.89860000000002,197.7442,FORCED_EOD,142.10000000000167,7.962892000000124,0.686,8.648892000000124,133.45110800000154,223
2025-11-03 10:24:00-05:00,2025-11-03 10:40:00-05:00,2025-11-03 12:57:00-05:00,SHORT,208.41,208.368318,210.53619882,95,0.01,3.0,210.4941,202.1577,STOP,-197.98950000000062,7.959177900001464,0.665,8.624177900001463,-206.61367790000207,153
2025-11-03 13:05:00-05:00,2025-11-03 13:33:00-05:00,2025-11-03 15:59:00-05:00,SHORT,210.9801,210.93790398,207.061404,94,0.01,3.0,213.089901,204.65069699999998,FORCED_EOD,372.2493999999984,7.858401880000542,0.658,8.516401880000542,363.73299811999783,174
2025-11-04 12:32:00-05:00,2025-11-04 12:51:00-05:00,2025-11-04 15:59:00-05:00,SHORT,201.01,200.969798,198.749742,99,0.01,3.0,203.02009999999999,194.97969999999998,FORCED_EOD,227.6999999999983,7.914455999998353,0.6930000000000001,8.607455999998352,219.09254399999995,207
2025-11-05 10:49:00-05:00,2025-11-05 11:26:00-05:00,2025-11-05 15:55:00-05:00,SHORT,201.7,201.65966,195.68812979999998,99,0.01,3.0,203.71699999999998,195.649,TAKE_PROFIT_BRACKET,599.0489999999988,7.867510199997014,0.6930000000000001,8.560510199997013,590.4884898000018,306
2025-11-06 10:49:00-05:00,2025-11-06 10:52:00-05:00,2025-11-06 12:21:00-05:00,LONG,189.47,189.507894,187.53778494,105,0.01,3.0,187.5753,195.1541,STOP,-198.94350000000003,7.917951299999828,0.735,8.652951299999827,-207.59645129999987,92
2025-11-06 12:24:00-05:00,2025-11-06 12:47:00-05:00,2025-11-06 15:59:00-05:00,LONG,186.89,186.92737799999998,188.132366,106,0.01,3.0,185.0211,192.49669999999998,FORCED_EOD,135.68000000000012,7.951271999998596,0.742,8.693271999998597,126.98672800000152,215
2025-11-07 11:07:00-05:00,2025-11-07 11:18:00-05:00,2025-11-07 13:39:00-05:00,LONG,179.6,179.63592,184.9510024,111,0.01,3.0,177.804,184.988,TAKE_PROFIT_BRACKET,598.0680000000006,8.09385360000121,0.777,8.87085360000121,589.1971463999993,152
2025-11-07 15:27:00-05:00,2025-11-07 15:33:00-05:00,2025-11-07 15:59:00-05:00,LONG,185.745,185.782149,188.22234799999998,107,0.01,3.0,183.88755,191.31735,FORCED_EOD,269.10499999999854,8.003707000000844,0.749,8.752707000000845,260.35229299999764,32
2025-11-10 10:06:00-05:00,2025-11-10 10:53:00-05:00,2025-11-10 10:36:00-05:00,SHORT,195.68,195.64086400000002,197.67632736,102,0.01,3.0,197.6368,189.80960000000002,STOP,-199.59359999999867,8.023662719997844,0.714,8.737662719997845,-208.33126271999652,30
2025-11-10 13:47:00-05:00,2025-11-10 13:59:00-05:00,2025-11-10 15:46:00-05:00,SHORT,197.7,197.66046,199.71693539999998,101,0.01,3.0,199.677,191.76899999999998,STOP,-199.6770000000004,8.027015399997822,0.707,8.734015399997823,-208.4110153999982,119
2025-11-11 10:43:00-05:00,2025-11-11 10:54:00-05:00,2025-11-11 15:59:00-05:00,SHORT,192.91,192.871418,193.278648,103,0.01,3.0,194.8391,187.1227,FORCED_EOD,-33.99000000000129,7.95468999999855,0.721,8.67568999999855,-42.665689999999834,316
2025-11-12 11:56:00-05:00,2025-11-12 13:26:00-05:00,2025-11-12 15:59:00-05:00,LONG,191.91,191.94838199999998,193.81123,104,0.01,3.0,189.9909,197.66729999999998,FORCED_EOD,201.75999999999976,8.023807999998326,0.728,8.751807999998325,193.00819200000143,243
2025-11-13 10:47:00-05:00,2025-11-13 11:16:00-05:00,2025-11-13 15:59:00-05:00,SHORT,186.78,186.742644,187.00109274,107,0.01,3.0,188.6478,181.1766,FORCED_EOD,-19.655899999998667,7.998115179998905,0.749,8.747115179998906,-28.40301517999757,312
2025-11-14 12:10:00-05:00,2025-11-14 12:27:00-05:00,2025-11-14 15:59:00-05:00,LONG,189.87,189.907974,190.24194400000002,105,0.01,3.0,187.9713,195.5661,FORCED_EOD,43.04999999999964,7.983149999997323,0.735,8.718149999997323,34.33185000000232,229
2025-11-17 11:13:00-05:00,2025-11-17 11:29:00-05:00,2025-11-17 15:59:00-05:00,SHORT,186.46,186.422708,186.627318,107,0.01,3.0,188.3246,180.86620000000002,FORCED_EOD,-13.909999999999513,7.9832700000007435,0.749,8.732270000000744,-22.642270000000256,286
2025-11-18 10:04:00-05:00,2025-11-18 11:08:00-05:00,2025-11-18 10:20:00-05:00,SHORT,180.365,180.32892700000002,182.20508373,110,0.01,3.0,182.16865,174.95405,STOP,-198.4015000000005,7.975740299998506,0.77,8.745740299998506,-207.14724029999903,16
2025-11-18 11:21:00-05:00,2025-11-18 12:04:00-05:00,2025-11-18 15:59:00-05:00,LONG,182.24,182.27644800000002,181.333726,109,0.01,3.0,180.41760000000002,187.7072,FORCED_EOD,-94.8300000000005,7.926697999999874,0.763,8.689697999999874,-103.51969800000037,278
2025-11-19 10:57:00-05:00,2025-11-19 11:53:00-05:00,2025-11-19 15:59:00-05:00,SHORT,186.01,185.97279799999998,186.812355,107,0.01,3.0,187.87009999999998,180.4297,FORCED_EOD,-81.85500000000158,7.977598999999856,0.749,8.726598999999856,-90.58159900000143,302
2025-11-20 13:07:00-05:00,2025-11-20 13:39:00-05:00,2025-11-20 13:38:00-05:00,LONG,185.04,185.07700799999998,183.15296207999998,108,0.01,3.0,183.18959999999998,190.5912,STOP,-199.84320000000082,7.953759359998912,0.756,8.709759359998912,-208.55295935999973,31
2025-11-20 15:36:00-05:00,2025-11-20 15:56:00-05:00,2025-11-20 15:59:00-05:00,SHORT,181.69,181.653662,180.946182,110,0.01,3.0,183.5069,176.2393,FORCED_EOD,85.80000000000013,7.977199999999698,0.77,8.747199999999697,77.05280000000043,23
2025-11-21 12:01:00-05:00,2025-11-21 12:37:00-05:00,2025-11-21 13:18:00-05:00,LONG,180.44,180.476088,178.59987288000002,110,0.01,3.0,178.6356,185.8532,STOP,-198.48399999999856,7.8996631999996225,0.77,8.669663199999622,-207.1536631999982,77
2025-11-21 13:37:00-05:00,2025-11-21 13:49:00-05:00,2025-11-21 15:59:00-05:00,LONG,180.22,180.256044,178.38211644,110,0.01,3.0,178.4178,185.6266,STOP,-198.2419999999999,7.890031599999929,0.77,8.660031599999929,-206.90203159999984,142
2025-11-24 11:09:00-05:00,2025-11-24 12:11:00-05:00,2025-11-24 11:20:00-05:00,SHORT,180.0841,180.04808318000002,181.9213179882,111,0.01,3.0,181.884941,174.681577,STOP,-199.89335099999903,8.035712710198936,0.777,8.812712710198936,-208.70606371019795,11
2025-11-24 12:58:00-05:00,2025-11-24 14:02:00-05:00,2025-11-24 15:59:00-05:00,LONG,182.44,182.476488,182.51349000000002,109,0.01,3.0,180.6156,187.9132,FORCED_EOD,11.990000000001487,7.95678199999827,0.763,8.71978199999827,3.270218000003217,181
2025-11-25 10:03:00-05:00,2025-11-25 10:20:00-05:00,2025-11-25 12:21:00-05:00,LONG,170.3,170.33406,175.37391820000002,117,0.01,3.0,168.597,175.40900000000002,TAKE_PROFIT_BRACKET,597.7530000000011,8.08959059999799,0.8190000000000001,8.908590599997991,588.8444094000031,138
2025-11-25 14:04:00-05:00,2025-11-25 14:59:00-05:00,2025-11-25 14:38:00-05:00,LONG,175.73,175.765146,173.93790546,113,0.01,3.0,173.9727,181.00189999999998,STOP,-198.57489999999848,7.90328102000052,0.791,8.69428102000052,-207.269181019999,34
2025-11-25 15:05:00-05:00,2025-11-25 15:56:00-05:00,2025-11-25 15:53:00-05:00,SHORT,176.185,176.149763,177.98243937,113,0.01,3.0,177.94685,170.89945,STOP,-199.0890500000011,8.003379809999075,0.791,8.794379809999075,-207.88342981000017,48
2025-11-26 13:33:00-05:00,2025-11-26 13:59:00-05:00,2025-11-26 15:59:00-05:00,LONG,180.3,180.33606,180.138965,110,0.01,3.0,178.497,185.709,FORCED_EOD,-13.75,7.9304499999989275,0.77,8.700449999998927,-22.450449999998927,146
2025-11-28 12:22:00-05:00,2025-11-28 12:44:00-05:00,2025-11-28 12:59:00-05:00,SHORT,177.275,177.23954500000002,177.025398,112,0.01,3.0,179.04775,171.95675,FORCED_EOD,31.919999999999618,7.935535999996773,0.784,8.719535999996774,23.200464000002846,37
2025-12-01 13:03:00-05:00,2025-12-01 13:39:00-05:00,2025-12-01 15:59:00-05:00,LONG,179.41,179.44588199999998,179.894014,111,0.01,3.0,177.6159,184.79229999999998,FORCED_EOD,57.720000000001136,7.977347999999438,0.777,8.754347999999437,48.9656520000017,176
2025-12-02 10:11:00-05:00,2025-12-02 10:51:00-05:00,2025-12-02 11:07:00-05:00,LONG,184.0618,184.09861236,182.1847377636,108,0.01,3.0,182.221182,189.583654,STOP,-198.78674400000068,7.911712411200028,0.756,8.667712411200029,-207.4544564112007,56
2025-12-02 13:58:00-05:00,2025-12-02 14:35:00-05:00,2025-12-02 15:59:00-05:00,LONG,181.1,181.13621999999998,181.273738,110,0.01,3.0,179.289,186.533,FORCED_EOD,23.100000000000875,7.973019999997746,0.77,8.743019999997745,14.35698000000313,121
2025-12-03 10:04:00-05:00,2025-12-03 10:30:00-05:00,2025-12-03 15:59:00-05:00,SHORT,180.92,180.883816,179.67592799999997,110,0.01,3.0,182.7292,175.49239999999998,FORCED_EOD,140.80000000000013,7.932319999997333,0.77,8.702319999997332,132.09768000000278,355
2025-12-04 13:06:00-05:00,2025-12-04 13:25:00-05:00,2025-12-04 15:59:00-05:00,LONG,183.13,183.16662599999998,183.36332000000002,109,0.01,3.0,181.2987,188.6239,FORCED_EOD,29.430000000001115,7.990353999997154,0.763,8.753353999997154,20.67664600000396,173
2025-12-05 13:51:00-05:00,2025-12-05 14:50:00-05:00,2025-12-05 15:59:00-05:00,LONG,181.7845,181.8208569,182.31353,109,0.01,3.0,179.966655,187.238035,FORCED_EOD,61.63949999999846,7.938132099999507,0.763,8.701132099999507,52.93836789999896,128
2025-12-08 12:03:00-05:00,2025-12-08 12:09:00-05:00,2025-12-08 15:59:00-05:00,LONG,183.01,183.04660199999998,185.54288400000002,109,0.01,3.0,181.1799,188.50029999999998,FORCED_EOD,280.1300000000024,8.035261999998397,0.763,8.798261999998397,271.331738000004,236
2025-12-09 10:52:00-05:00,2025-12-09 11:13:00-05:00,2025-12-09 15:59:00-05:00,SHORT,185.3,185.26294000000001,185.006994,107,0.01,3.0,187.15300000000002,179.741,FORCED_EOD,35.31000000000134,7.92377799999889,0.749,8.67277799999889,26.63722200000245,307
2025-12-10 10:37:00-05:00,2025-12-10 11:19:00-05:00,2025-12-10 15:59:00-05:00,LONG,183.09,183.126618,183.70325200000002,109,0.01,3.0,181.2591,188.58270000000002,FORCED_EOD,70.85000000000062,7.99689399999923,0.763,8.75989399999923,62.09010600000139,322
2025-12-11 11:42:00-05:00,2025-12-11 14:55:00-05:00,2025-12-11 13:24:00-05:00,SHORT,177.696,177.6604608,179.508854592,112,0.01,3.0,179.47296,172.36512,STOP,-199.01952000000028,8.000584703999266,0.784,8.784584703999267,-207.80410470399954,102
2025-12-11 15:15:00-05:00,2025-12-11 15:51:00-05:00,2025-12-11 15:59:00-05:00,LONG,180.03,180.066006,180.89931289999998,111,0.01,3.0,178.2297,185.4309,FORCED_EOD,100.51049999999881,8.013434099999188,0.777,8.790434099999187,91.72006589999963,44
2025-12-12 10:59:00-05:00,2025-12-12 11:53:00-05:00,2025-12-12 11:21:00-05:00,LONG,177.63,177.665526,175.81852926000002,112,0.01,3.0,175.8537,182.9589,STOP,-198.9455999999991,7.918034879998686,0.784,8.702034879998687,-207.64763487999778,22
2025-12-12 12:03:00-05:00,2025-12-12 13:01:00-05:00,2025-12-12 15:59:00-05:00,SHORT,176.62,176.584676,175.024998,113,0.01,3.0,178.3862,171.3214,FORCED_EOD,184.1899999999995,7.946386000000501,0.791,8.737386000000502,175.452613999999,236
2025-12-15 11:46:00-05:00,2025-12-15 12:26:00-05:00,2025-12-15 15:59:00-05:00,SHORT,177.595,177.559481,176.315256,112,0.01,3.0,179.37095,172.26715,FORCED_EOD,147.27999999999975,7.92679999999973,0.784,8.71079999999973,138.56920000000002,253
2025-12-16 12:38:00-05:00,2025-12-16 13:23:00-05:00,2025-12-16 15:59:00-05:00,SHORT,176.7416,176.70625168,177.550503,113,0.01,3.0,178.509016,171.439352,FORCED_EOD,-87.39419999999785,8.006199160000307,0.791,8.797199160000307,-96.19139915999816,201
2025-12-17 10:58:00-05:00,2025-12-17 11:53:00-05:00,2025-12-17 15:59:00-05:00,LONG,171.325,171.359265,170.88581599999998,116,0.01,3.0,169.61175,176.46474999999998,FORCED_EOD,-46.98000000000013,7.940084000001775,0.812,8.752084000001775,-55.732084000001905,301
2025-12-18 11:08:00-05:00,2025-12-18 11:40:00-05:00,2025-12-18 15:59:00-05:00,LONG,175.3,175.33506,173.51229060000003,114,0.01,3.0,173.54700000000003,180.55900000000003,STOP,-199.8419999999984,7.953711599998201,0.798,8.7517115999982,-208.5937115999966,291
2025-12-19 11:40:00-05:00,2025-12-19 12:28:00-05:00,2025-12-19 15:59:00-05:00,SHORT,180.035,179.998993,181.026198,111,0.01,3.0,181.83535,174.63395,FORCED_EOD,-106.00500000000139,8.014754999996484,0.777,8.791754999996483,-114.79675499999787,259
2025-12-22 10:57:00-05:00,2025-12-22 11:05:00-05:00,2025-12-22 15:59:00-05:00,SHORT,183.8601,183.82332798,183.63672,108,0.01,3.0,185.698701,178.34429699999998,FORCED_EOD,28.090799999999376,7.937138160000359,0.756,8.693138160000359,19.397661839999017,302
2025-12-23 10:07:00-05:00,2025-12-23 11:04:00-05:00,2025-12-23 10:43:00-05:00,SHORT,184.125,184.088175,186.00344325,108,0.01,3.0,185.96625,178.60125,STOP,-198.85500000000025,7.993970999999419,0.756,8.74997099999942,-207.60497099999967,36
2025-12-23 11:25:00-05:00,2025-12-23 11:40:00-05:00,2025-12-23 15:59:00-05:00,SHORT,187.525,187.48749500000002,189.257844,106,0.01,3.0,189.40025,181.89925,FORCED_EOD,-179.66999999999928,7.986993999998788,0.742,8.728993999998789,-188.39899399999805,274
2025-12-24 10:25:00-05:00,2025-12-24 10:50:00-05:00,2025-12-24 12:59:00-05:00,LONG,186.86,186.89737200000002,188.582276,107,0.01,3.0,184.99140000000003,192.4658,FORCED_EOD,188.31999999999903,8.03527200000022,0.749,8.78427200000022,179.5357279999988,154
2025-12-26 10:12:00-05:00,2025-12-26 10:27:00-05:00,2025-12-26 15:59:00-05:00,LONG,190.36,190.398072,188.41870872,105,0.01,3.0,188.4564,196.07080000000002,STOP,-199.8780000000012,7.955144399998915,0.735,8.690144399998914,-208.56814440000014,347
2025-12-29 12:47:00-05:00,2025-12-29 13:01:00-05:00,2025-12-29 15:59:00-05:00,LONG,187.1,187.13742,188.192354,106,0.01,3.0,185.22899999999998,192.713,FORCED_EOD,119.77999999999952,7.956995999999208,0.742,8.698995999999209,111.0810040000003,192
2025-12-30 14:05:00-05:00,2025-12-30 14:08:00-05:00,2025-12-30 15:59:00-05:00,SHORT,188.07,188.032386,187.58751,106,0.01,3.0,189.95069999999998,182.4279,FORCED_EOD,55.11999999999807,7.963143999998749,0.742,8.70514399999875,46.414855999999325,114
2025-12-31 11:30:00-05:00,2025-12-31 11:36:00-05:00,2025-12-31 15:55:00-05:00,LONG,188.85,188.88777,186.9241077,105,0.01,3.0,186.9615,194.5155,STOP,-198.2924999999993,7.892041499998754,0.735,8.627041499998754,-206.91954149999808,265
2026-01-02 10:58:00-05:00,2026-01-02 11:30:00-05:00,2026-01-02 15:59:00-05:00,LONG,189.26,189.29785199999998,188.77213802,105,0.01,3.0,187.3674,194.93779999999998,FORCED_EOD,-47.260499999999155,7.939467899998505,0.735,8.674467899998504,-55.93496789999766,301
2026-01-05 11:01:00-05:00,2026-01-05 11:23:00-05:00,2026-01-05 15:59:00-05:00,SHORT,190.12,190.081976,188.147622,105,0.01,3.0,192.0212,184.4164,FORCED_EOD,211.04999999999905,7.94283000000064,0.735,8.67783000000064,202.3721699999984,298
2026-01-06 13:35:00-05:00,2026-01-06 13:54:00-05:00,2026-01-06 15:59:00-05:00,LONG,187.55,187.58751,187.232546,106,0.01,3.0,185.67450000000002,193.1765,FORCED_EOD,-29.68000000000012,7.946183999999391,0.742,8.688183999999392,-38.36818399999951,144
2026-01-07 10:39:00-05:00,2026-01-07 11:16:00-05:00,2026-01-07 15:59:00-05:00,LONG,189.01,189.047802,189.202152,105,0.01,3.0,187.1199,194.6803,FORCED_EOD,24.15000000000191,7.94324999999958,0.735,8.67824999999958,15.47175000000233,320
2026-01-08 12:03:00-05:00,2026-01-08 12:20:00-05:00,2026-01-08 15:59:00-05:00,LONG,184.381,184.4178762,185.05298200000001,108,0.01,3.0,182.53719,189.91243,FORCED_EOD,76.57200000000034,7.980573599998252,0.756,8.736573599998252,67.83542640000209,236
2026-01-09 12:16:00-05:00,2026-01-09 12:48:00-05:00,2026-01-09 15:59:00-05:00,LONG,184.98,185.01699599999998,184.81303,108,0.01,3.0,183.1302,190.52939999999998,FORCED_EOD,-14.039999999999509,7.988327999998319,0.756,8.744327999998319,-22.784327999997828,223
2026-01-12 12:11:00-05:00,2026-01-12 12:48:00-05:00,2026-01-12 15:59:00-05:00,SHORT,185.795,185.75784099999998,184.926978,107,0.01,3.0,187.65294999999998,180.22115,FORCED_EOD,96.83500000000012,7.932659000000797,0.749,8.681659000000797,88.15334099999933,228
2026-01-13 11:01:00-05:00,2026-01-13 12:14:00-05:00,2026-01-13 11:45:00-05:00,SHORT,184.925,184.88801500000002,186.81160485,108,0.01,3.0,186.77425000000002,179.37725,STOP,-199.7190000000013,8.02870379999706,0.756,8.784703799997061,-208.50370379999836,44
2026-01-13 14:34:00-05:00,2026-01-13 15:07:00-05:00,2026-01-13 15:59:00-05:00,LONG,184.47,184.506894,185.772838,108,0.01,3.0,182.6253,190.0041,FORCED_EOD,144.72000000000037,7.9980479999983345,0.756,8.754047999998335,135.96595200000203,85
2026-01-14 15:00:00-05:00,2026-01-14 15:04:00-05:00,2026-01-14 15:59:00-05:00,LONG,181.36,181.396272,183.173358,110,0.01,3.0,179.5464,186.8008,FORCED_EOD,203.49999999999937,8.020539999999698,0.77,8.790539999999698,194.70945999999967,59
2026-01-15 11:45:00-05:00,2026-01-15 12:35:00-05:00,2026-01-15 15:59:00-05:00,SHORT,188.145,188.107371,187.177428,106,0.01,3.0,190.02645,182.50065,FORCED_EOD,106.53000000000253,7.9560420000016165,0.742,8.698042000001617,97.83195800000091,254
2026-01-16 10:02:00-05:00,2026-01-16 11:11:00-05:00,2026-01-16 15:55:00-05:00,LONG,188.48,188.51769599999997,186.55788095999998,106,0.01,3.0,186.59519999999998,194.1344,STOP,-199.78880000000134,7.951594239998144,0.742,8.693594239998145,-208.48239423999948,353
2026-01-20 10:09:00-05:00,2026-01-20 10:22:00-05:00,2026-01-20 15:59:00-05:00,SHORT,180.46,180.423908,178.245642,110,0.01,3.0,182.2646,175.0462,FORCED_EOD,247.5,7.890739999999141,0.77,8.66073999999914,238.83926000000085,350
2026-01-21 10:56:00-05:00,2026-01-21 12:24:00-05:00,2026-01-21 14:49:00-05:00,SHORT,183.1,183.06338,184.96798619999998,109,0.01,3.0,184.93099999999998,177.607,STOP,-199.57899999999879,8.023075800000044,0.763,8.786075800000043,-208.36507579999883,233
2026-01-21 15:32:00-05:00,2026-01-21 15:56:00-05:00,2026-01-21 15:59:00-05:00,SHORT,184.035,183.99819300000001,183.376668,108,0.01,3.0,185.87535,178.51395,FORCED_EOD,75.05999999999926,7.935299999997142,0.756,8.691299999997142,66.36870000000212,27
2026-01-22 12:04:00-05:00,2026-01-22 13:09:00-05:00,2026-01-22 15:59:00-05:00,LONG,185.53,185.567106,184.81303,107,0.01,3.0,183.6747,191.0959,FORCED_EOD,-72.76000000000073,7.926131999999029,0.749,8.67513199999903,-81.43513199999975,235
2026-01-23 13:46:00-05:00,2026-01-23 14:16:00-05:00,2026-01-23 15:59:00-05:00,SHORT,187.985,187.947403,187.70753399999998,106,0.01,3.0,189.86485000000002,182.34545,FORCED_EOD,33.39000000000277,7.9638859999998886,0.742,8.70588599999989,24.684114000002882,133
2026-01-26 11:01:00-05:00,2026-01-26 11:13:00-05:00,2026-01-26 15:59:00-05:00,LONG,186.45,186.48728999999997,186.342724,107,0.01,3.0,184.5855,192.0435,FORCED_EOD,-7.48999999999927,7.978561999997424,0.749,8.727561999997425,-16.217561999996693,298
2026-01-27 10:06:00-05:00,2026-01-27 10:48:00-05:00,2026-01-27 11:18:00-05:00,SHORT,188.06,188.022388,189.97858811999998,106,0.01,3.0,189.9406,182.4182,STOP,-199.34359999999862,8.013612719998946,0.742,8.755612719998947,-208.09921271999755,72
2026-01-27 12:51:00-05:00,2026-01-27 13:09:00-05:00,2026-01-27 15:59:00-05:00,LONG,189.225,189.262845,188.49529339999998,105,0.01,3.0,187.33275,194.90175,FORCED_EOD,-72.66000000000076,7.9329180000011945,0.735,8.667918000001194,-81.32791800000196,188
2026-01-28 11:17:00-05:00,2026-01-28 11:40:00-05:00,2026-01-28 15:59:00-05:00,SHORT,191.805,191.766639,191.568306,104,0.01,3.0,193.72305,186.05085,FORCED_EOD,28.60000000000059,7.973368000001528,0.728,8.701368000001528,19.89863199999906,282
2026-01-29 12:17:00-05:00,2026-01-29 13:23:00-05:00,2026-01-29 15:10:00-05:00,SHORT,189.06,189.022188,190.98879012,105,0.01,3.0,190.9506,183.3882,STOP,-198.51300000000066,7.98022259999982,0.735,8.71522259999982,-207.2282226000005,173
2026-01-29 15:12:00-05:00,2026-01-29 15:44:00-05:00,2026-01-29 15:59:00-05:00,SHORT,190.965,190.926807,192.468486,104,0.01,3.0,192.87465,185.23605,FORCED_EOD,-152.36000000000035,7.974616000001333,0.728,8.702616000001333,-161.0626160000017,47
2026-01-30 10:19:00-05:00,2026-01-30 10:27:00-05:00,2026-01-30 15:59:00-05:00,SHORT,193.1294,193.09077412000002,191.32325699999998,103,0.01,3.0,195.060694,187.335518,FORCED_EOD,189.97320000000076,7.918936639997014,0.721,8.639936639997014,181.33326336000374,340
2026-02-02 10:14:00-05:00,2026-02-02 10:57:00-05:00,2026-02-02 15:59:00-05:00,SHORT,188.555,188.517289,185.727138,106,0.01,3.0,190.44055,182.89835,FORCED_EOD,303.69000000000096,7.933994000000041,0.742,8.675994000000042,295.0140060000009,345
2026-02-03 14:03:00-05:00,2026-02-03 14:12:00-05:00,2026-02-03 14:50:00-05:00,LONG,178.19,178.225638,176.37281837999998,112,0.01,3.0,176.4081,183.5357,STOP,-199.57280000000083,7.942997440001363,0.784,8.726997440001364,-208.29979744000218,47
2026-02-04 11:05:00-05:00,2026-02-04 11:27:00-05:00,2026-02-04 12:36:00-05:00,LONG,174.66,174.694932,172.87881732,114,0.01,3.0,172.9134,179.8998,STOP,-199.1124000000001,7.924673519999715,0.798,8.722673519999715,-207.8350735199998,91
2026-02-04 13:27:00-05:00,2026-02-04 13:51:00-05:00,2026-02-04 14:48:00-05:00,SHORT,174.14,174.10517199999998,175.91657628,114,0.01,3.0,175.88139999999999,168.9158,STOP,-198.51959999999985,7.980487920000712,0.798,8.778487920000712,-207.29808792000057,81
2026-02-04 15:14:00-05:00,2026-02-04 15:23:00-05:00,2026-02-04 15:59:00-05:00,LONG,174.39,174.42487799999998,174.16516,114,0.01,3.0,172.6461,179.62169999999998,FORCED_EOD,-21.65999999999974,7.947851999999386,0.798,8.745851999999386,-30.40585199999913,45
2026-02-05 11:30:00-05:00,2026-02-05 12:20:00-05:00,2026-02-05 15:59:00-05:00,SHORT,174.27,174.23514600000001,171.924378,114,0.01,3.0,176.01270000000002,169.0419,FORCED_EOD,271.3200000000027,7.892447999999945,0.798,8.690447999999945,262.6295520000028,269
2026-02-06 14:19:00-05:00,2026-02-06 14:45:00-05:00,2026-02-06 15:59:00-05:00,LONG,184.185,184.221837,185.372918,108,0.01,3.0,182.34315,189.71055,FORCED_EOD,132.2999999999994,7.983251999998856,0.756,8.739251999998856,123.56074800000053,100
2026-02-09 13:35:00-05:00,2026-02-09 14:41:00-05:00,2026-02-09 15:59:00-05:00,LONG,190.955,190.993191,189.752042,104,0.01,3.0,189.04545000000002,196.68365,FORCED_EOD,-121.16000000000213,7.919495999998617,0.728,8.647495999998617,-129.80749600000075,144
2026-02-10 12:04:00-05:00,2026-02-10 12:12:00-05:00,2026-02-10 15:59:00-05:00,SHORT,189.28,189.242144,188.64772200000002,105,0.01,3.0,191.1728,183.6016,FORCED_EOD,70.34999999999869,7.935690000000761,0.735,8.67069000000076,61.679309999997926,235
2026-02-11 10:13:00-05:00,2026-02-11 10:36:00-05:00,2026-02-11 10:54:00-05:00,SHORT,189.922,189.8840156,191.85958424400002,105,0.01,3.0,191.82122,184.22433999999998,STOP,-199.41810000000146,8.016607620000684,0.735,8.751607620000684,-208.16970762000216,41
2026-02-11 11:41:00-05:00,2026-02-11 11:51:00-05:00,2026-02-11 15:59:00-05:00,LONG,191.3811,191.41937622,190.001992,104,0.01,3.0,189.467289,197.122533,FORCED_EOD,-139.4744000000012,7.933558879999055,0.728,8.661558879999054,-148.13595888000026,258
2026-02-12 10:51:00-05:00,2026-02-12 11:37:00-05:00,2026-02-12 15:59:00-05:00,SHORT,190.1534,190.11536932,186.947382,105,0.01,3.0,192.054934,184.448798,FORCED_EOD,340.55700000000087,7.918331399999943,0.735,8.653331399999942,331.9036686000009,308
2026-02-13 11:55:00-05:00,2026-02-13 12:30:00-05:00,2026-02-13 15:35:00-05:00,LONG,183.6735,183.71023469999997,181.80039764699998,108,0.01,3.0,181.83676499999999,189.183705,STOP,-198.36738000000048,7.895021723998411,0.756,8.651021723998412,-207.0184017239989,220
2026-02-17 10:52:00-05:00,2026-02-17 11:58:00-05:00,2026-02-17 11:06:00-05:00,SHORT,181.425,181.38871500000002,183.27589785,110,0.01,3.0,183.23925,175.98225000000002,STOP,-199.56749999999857,8.02261350000009,0.77,8.79261350000009,-208.36011349999868,14
2026-02-17 12:19:00-05:00,2026-02-17 13:31:00-05:00,2026-02-17 14:23:00-05:00,SHORT,184.39,184.35312199999998,186.27114677999998,108,0.01,3.0,186.23389999999998,178.85829999999999,STOP,-199.141199999999,8.005476240000576,0.756,8.761476240000576,-207.90267623999958,124
2026-02-17 14:30:00-05:00,2026-02-17 14:49:00-05:00,2026-02-17 15:59:00-05:00,SHORT,186.42,186.382716,185.06690598,107,0.01,3.0,188.2842,180.82739999999998,FORCED_EOD,148.7406999999989,7.949027860000342,0.749,8.698027860000343,140.04267213999856,89
2026-02-18 11:51:00-05:00,2026-02-18 12:23:00-05:00,2026-02-18 14:57:00-05:00,LONG,189.075,189.11281499999998,187.14681314999999,105,0.01,3.0,187.18425,194.74724999999998,STOP,-198.5287499999997,7.9014442500000825,0.735,8.636444250000082,-207.1651942499998,186
2026-02-18 14:58:00-05:00,2026-02-18 15:31:00-05:00,2026-02-18 15:59:00-05:00,LONG,186.995,187.032399,187.802432,106,0.01,3.0,185.12505000000002,192.60485,FORCED_EOD,89.56999999999988,7.946501999998588,0.742,8.68850199999859,80.88149800000129,61
2026-02-19 11:07:00-05:00,2026-02-19 11:33:00-05:00,2026-02-19 15:59:00-05:00,LONG,187.03,187.067406,187.852422,106,0.01,3.0,185.15970000000002,192.6409,FORCED_EOD,91.15999999999843,7.948304000000064,0.742,8.690304000000065,82.46969599999836,292
2026-02-20 10:45:00-05:00,2026-02-20 11:21:00-05:00,2026-02-20 15:59:00-05:00,SHORT,189.2,189.16216,189.847962,105,0.01,3.0,191.09199999999998,183.524,FORCED_EOD,-64.05000000000143,7.95920999999808,0.735,8.69420999999808,-72.74420999999951,314
2026-02-23 10:12:00-05:00,2026-02-23 10:49:00-05:00,2026-02-23 15:59:00-05:00,LONG,191.42,191.458284,191.60167199999998,104,0.01,3.0,189.5058,197.1626,FORCED_EOD,22.87999999999988,7.967648000001191,0.728,8.69564800000119,14.184351999998691,347
2026-02-24 13:27:00-05:00,2026-02-24 14:38:00-05:00,2026-02-24 15:59:00-05:00,LONG,192.9593,192.99789186,192.76643900000002,103,0.01,3.0,191.029707,198.74807900000002,FORCED_EOD,-15.892900000000651,7.946744579998352,0.721,8.667744579998352,-24.560644579999003,152
2026-02-25 13:03:00-05:00,2026-02-25 14:02:00-05:00,2026-02-25 15:59:00-05:00,LONG,196.85,196.88936999999999,195.840824,101,0.01,3.0,194.8815,202.75549999999998,FORCED_EOD,-97.96999999999989,7.933145999998857,0.707,8.640145999998857,-106.61014599999874,176
2026-02-26 10:19:00-05:00,2026-02-26 10:42:00-05:00,2026-02-26 15:59:00-05:00,LONG,185.97,186.007194,184.83302600000002,107,0.01,3.0,184.1103,191.5491,FORCED_EOD,-117.69999999999939,7.9359759999985044,0.749,8.684975999998505,-126.38497599999789,340
2026-02-27 11:37:00-05:00,2026-02-27 12:32:00-05:00,2026-02-27 12:22:00-05:00,LONG,180.915,180.951183,179.07002883,110,0.01,3.0,179.10585,186.34244999999999,STOP,-199.0064999999987,7.920458699998392,0.77,8.690458699998391,-207.6969586999971,45
2026-02-27 13:46:00-05:00,2026-02-27 14:26:00-05:00,2026-02-27 15:55:00-05:00,LONG,178.71,178.745742,176.88751542,111,0.01,3.0,176.9229,184.0713,STOP,-198.36810000000105,7.895050379999759,0.777,8.672050379999758,-207.0401503800008,129
2026-03-02 11:02:00-05:00,2026-03-02 11:18:00-05:00,2026-03-02 15:59:00-05:00,LONG,180.26,180.29605199999997,182.31353,110,0.01,3.0,178.45739999999998,185.6678,FORCED_EOD,229.90000000000038,7.977419999999142,0.77,8.747419999999142,221.15258000000122,297
2026-03-03 13:23:00-05:00,2026-03-03 14:09:00-05:00,2026-03-03 15:59:00-05:00,LONG,180.28,180.316056,180.01399,110,0.01,3.0,178.4772,185.6884,FORCED_EOD,-25.299999999998875,7.927260000000729,0.77,8.697260000000728,-33.997259999999606,156
2026-03-04 12:43:00-05:00,2026-03-04 13:01:00-05:00,2026-03-04 15:59:00-05:00,SHORT,183.025,182.988395,182.93658,109,0.01,3.0,184.85525,177.53425000000001,FORCED_EOD,13.625,7.977164999999474,0.763,8.740164999999473,4.8848350000005265,196
2026-03-05 10:19:00-05:00,2026-03-05 11:32:00-05:00,2026-03-05 15:59:00-05:00,SHORT,182.45,182.41351,183.366666,109,0.01,3.0,184.2745,176.9765,FORCED_EOD,-95.9200000000026,7.9740039999981605,0.763,8.73700399999816,-104.65700400000077,340
2026-03-06 11:56:00-05:00,2026-03-06 12:20:00-05:00,2026-03-06 15:59:00-05:00,SHORT,182.22,182.183556,177.725538,109,0.01,3.0,184.0422,176.7534,FORCED_EOD,493.7700000000001,7.846037999999055,0.763,8.609037999999055,485.16096200000106,243
2026-03-09 10:49:00-04:00,2026-03-09 11:41:00-04:00,2026-03-09 15:59:00-04:00,LONG,179.015,179.05080299999997,182.60347199999998,111,0.01,3.0,177.22484999999998,184.38545,FORCED_EOD,402.375,8.02874099999903,0.777,8.80574099999903,393.56925900000095,310
2026-03-10 12:20:00-04:00,2026-03-10 12:46:00-04:00,2026-03-10 15:48:00-04:00,LONG,185.32,185.35706399999998,183.43010664000002,107,0.01,3.0,183.4668,190.87959999999998,STOP,-198.2923999999986,7.89203751999716,0.749,8.64103751999716,-206.93343751999575,208
2026-03-11 10:44:00-04:00,2026-03-11 11:15:00-04:00,2026-03-11 15:59:00-04:00,LONG,185.94,185.97718799999998,185.97279799999998,107,0.01,3.0,184.0806,191.5182,FORCED_EOD,7.48999999999927,7.959729999999354,0.749,8.708729999999354,-1.2187300000000838,315
2026-03-12 12:08:00-04:00,2026-03-12 12:20:00-04:00,2026-03-12 15:59:00-04:00,SHORT,184.56,184.523088,183.04660199999998,108,0.01,3.0,186.4056,179.0232,FORCED_EOD,167.40000000000123,7.9395119999987855,0.756,8.695511999998786,158.70448800000244,231
2026-03-13 10:57:00-04:00,2026-03-13 11:17:00-04:00,2026-03-13 15:59:00-04:00,SHORT,182.15,182.11357,180.29605199999997,109,0.01,3.0,183.9715,176.68550000000002,FORCED_EOD,206.0100000000016,7.900537999997766,0.763,8.663537999997766,197.34646200000384,302
2026-03-16 12:11:00-04:00,2026-03-16 12:25:00-04:00,2026-03-16 15:26:00-04:00,LONG,184.07,184.10681399999999,182.19285414,108,0.01,3.0,182.2293,189.5921,STOP,-198.7955999999998,7.912064879997729,0.756,8.66806487999773,-207.46366487999754,195
2026-03-17 12:19:00-04:00,2026-03-17 12:33:00-04:00,2026-03-17 15:59:00-04:00,SHORT,182.974,182.9374052,181.99639200000001,109,0.01,3.0,184.80373999999998,177.48478,FORCED_EOD,110.52599999999799,7.955561199999494,0.763,8.718561199999494,101.8074387999985,220
2026-03-18 12:29:00-04:00,2026-03-18 12:38:00-04:00,2026-03-18 15:59:00-04:00,SHORT,182.8,182.76344,180.38607,109,0.01,3.0,184.62800000000001,177.316,FORCED_EOD,267.0500000000019,7.916670000000408,0.763,8.679670000000408,258.3703300000015,210
2026-03-19 14:22:00-04:00,2026-03-19 14:43:00-04:00,2026-03-19 15:59:00-04:00,SHORT,179.236,179.20015279999998,178.54070099999998,111,0.01,3.0,181.02836,173.85891999999998,FORCED_EOD,81.1409999999994,7.941850199999465,0.777,8.718850199999464,72.42214979999993,97
2026-03-20 12:15:00-04:00,2026-03-20 12:27:00-04:00,2026-03-20 15:59:00-04:00,SHORT,176.37,176.33472600000002,173.03459999999998,113,0.01,3.0,178.1337,171.0789,FORCED_EOD,380.8100000000005,7.895761999996637,0.791,8.686761999996637,372.1232380000039,224
2026-03-23 11:52:00-04:00,2026-03-23 12:25:00-04:00,2026-03-23 15:59:00-04:00,LONG,176.11,176.14522200000002,175.474898,113,0.01,3.0,174.34890000000001,181.3933,FORCED_EOD,-67.80000000000257,7.946611999999931,0.791,8.737611999999931,-76.5376120000025,247
2026-03-24 10:08:00-04:00,2026-03-24 10:36:00-04:00,2026-03-24 15:59:00-04:00,LONG,174.765,174.799953,175.27493800000002,114,0.01,3.0,173.01735,180.00795,FORCED_EOD,62.130000000001814,7.981709999998145,0.798,8.779709999998145,53.35029000000367,351
2026-03-25 11:31:00-04:00,2026-03-25 13:43:00-04:00,2026-03-25 15:00:00-04:00,LONG,179.78,179.815956,177.94660356,111,0.01,3.0,177.9822,185.17340000000002,STOP,-199.55579999999946,7.942320840000548,0.777,8.719320840000547,-208.27512084,209
2026-03-25 15:01:00-04:00,2026-03-25 15:13:00-04:00,2026-03-25 15:59:00-04:00,LONG,177.9799,178.01549597999997,178.634266,112,0.01,3.0,176.200101,183.31929699999998,FORCED_EOD,77.29120000000012,7.9889577599969925,0.784,8.772957759996993,68.51824224000312,58
2026-03-26 11:05:00-04:00,2026-03-26 13:01:00-04:00,2026-03-26 15:59:00-04:00,SHORT,173.86,173.825228,171.254244,115,0.01,3.0,175.5986,168.6442,FORCED_EOD,303.6000000000017,7.936840000000558,0.805,8.741840000000558,294.8581600000012,294
2026-03-27 12:09:00-04:00,2026-03-27 12:32:00-04:00,2026-03-27 15:59:00-04:00,SHORT,169.32,169.286136,167.493492,118,0.01,3.0,171.01319999999998,164.2404,FORCED_EOD,219.47999999999826,7.948007999998765,0.8260000000000001,8.774007999998766,210.7059919999995,230
2026-03-30 10:16:00-04:00,2026-03-30 10:28:00-04:00,2026-03-30 15:59:00-04:00,SHORT,167.895,167.861421,165.093012,119,0.01,3.0,169.57395,162.85815000000002,FORCED_EOD,337.3650000000009,7.9243289999986075,0.833,8.757328999998608,328.6076710000023,343
2026-03-31 12:39:00-04:00,2026-03-31 13:38:00-04:00,2026-03-31 15:59:00-04:00,LONG,171.69,171.724338,174.275138,116,0.01,3.0,169.9731,176.8407,FORCED_EOD,303.9200000000005,8.027199999999425,0.812,8.839199999999424,295.0808000000011,200
2026-04-01 10:02:00-04:00,2026-04-01 11:01:00-04:00,2026-04-01 15:59:00-04:00,LONG,175.625,175.660125,175.76484000000002,113,0.01,3.0,173.86875,180.89375,FORCED_EOD,19.775000000001285,7.942204999998211,0.791,8.733204999998211,11.041795000003074,357
2026-04-02 10:37:00-04:00,2026-04-02 10:52:00-04:00,2026-04-02 15:59:00-04:00,LONG,176.207,176.24224139999998,177.36452,113,0.01,3.0,174.44493,181.49321,FORCED_EOD,134.80900000000136,7.991518199999604,0.791,8.782518199999604,126.02648180000176,322
2026-04-06 10:48:00-04:00,2026-04-06 12:12:00-04:00,2026-04-06 15:59:00-04:00,SHORT,176.57,176.534686,177.67552799999999,113,0.01,3.0,178.3357,171.2729,FORCED_EOD,-120.90999999999923,8.005145999999883,0.791,8.796145999999883,-129.7061459999991,311
2026-04-07 10:34:00-04:00,2026-04-07 10:56:00-04:00,2026-04-07 15:59:00-04:00,LONG,175.065,175.100013,178.059381,114,0.01,3.0,173.31435,180.31695,FORCED_EOD,345.42000000000013,8.052047999998763,0.798,8.850047999998763,336.56995200000136,325
2026-04-08 10:07:00-04:00,2026-04-08 10:26:00-04:00,2026-04-08 15:59:00-04:00,LONG,181.86,181.896372,182.08357600000002,109,0.01,3.0,180.0414,187.31580000000002,FORCED_EOD,28.33999999999901,7.934763999998097,0.763,8.697763999998097,19.64223600000091,352
2026-04-09 10:49:00-04:00,2026-04-09 11:28:00-04:00,2026-04-09 15:59:00-04:00,SHORT,182.445,182.408511,183.896772,109,0.01,3.0,184.26945,176.97164999999998,FORCED_EOD,-154.23500000000223,7.985448999997146,0.763,8.748448999997146,-162.98344899999938,310
2026-04-10 11:23:00-04:00,2026-04-10 11:33:00-04:00,2026-04-10 15:59:00-04:00,SHORT,189.8101,189.77213798,188.67772799999997,105,0.01,3.0,191.708201,184.11579700000001,FORCED_EOD,122.86050000000202,7.947452099999595,0.735,8.682452099999594,114.17804790000243,276
2026-04-13 11:30:00-04:00,2026-04-13 13:00:00-04:00,2026-04-13 15:59:00-04:00,LONG,188.62,188.657724,189.17215800000002,106,0.01,3.0,186.7338,194.2786,FORCED_EOD,62.54000000000036,8.009995999997955,0.742,8.751995999997956,53.78800400000241,269
2026-04-14 11:47:00-04:00,2026-04-14 12:46:00-04:00,2026-04-14 15:12:00-04:00,SHORT,194.19,194.151162,196.17112638,103,0.01,3.0,196.1319,188.3643,STOP,-200.0157000000004,8.040631140000073,0.721,8.761631140000073,-208.77733114000048,205
2026-04-15 11:49:00-04:00,2026-04-15 11:50:00-04:00,2026-04-15 15:59:00-04:00,SHORT,200.3,200.25994000000003,198.90747354,99,0.01,3.0,202.303,194.291,FORCED_EOD,141.7976999999998,7.9035204599981626,0.6930000000000001,8.596520459998162,133.20117954000162,250
2026-04-16 10:58:00-04:00,2026-04-16 11:30:00-04:00,2026-04-16 15:59:00-04:00,SHORT,198.63,198.590274,198.279648,100,0.01,3.0,200.6163,192.6711,FORCED_EOD,38.999999999998636,7.937400000000139,0.7000000000000001,8.637400000000138,30.362599999998498,301
2026-04-17 10:26:00-04:00,2026-04-17 11:10:00-04:00,2026-04-17 15:59:00-04:00,LONG,199.99,200.029998,201.629666,99,0.01,3.0,197.9901,205.9897,FORCED_EOD,166.31999999999786,7.952867999999853,0.6930000000000001,8.645867999999853,157.674131999998,333
2026-04-20 10:52:00-04:00,2026-04-20 11:23:00-04:00,2026-04-20 14:42:00-04:00,SHORT,198.8,198.76024,200.8281576,100,0.01,3.0,200.788,192.836,STOP,-198.79999999999995,7.991759999998749,0.7000000000000001,8.691759999998748,-207.4917599999987,230
2026-04-20 14:45:00-04:00,2026-04-20 14:53:00-04:00,2026-04-20 15:59:00-04:00,SHORT,200.89,200.849822,202.160424,99,0.01,3.0,202.8989,194.86329999999998,FORCED_EOD,-121.7700000000018,7.979597999999896,0.6930000000000001,8.672597999999896,-130.4425980000017,74
2026-04-21 11:03:00-04:00,2026-04-21 11:11:00-04:00,2026-04-21 15:59:00-04:00,SHORT,200.99,200.949802,199.949982,99,0.01,3.0,202.9999,194.96030000000002,FORCED_EOD,106.92000000000124,7.937820000001267,0.6930000000000001,8.630820000001266,98.28917999999997,296
2026-04-22 10:46:00-04:00,2026-04-22 11:32:00-04:00,2026-04-22 15:59:00-04:00,SHORT,201.2312,201.19095376,202.46048399999998,99,0.01,3.0,203.243512,195.194264,FORCED_EOD,-117.69119999999864,7.992293759998006,0.6930000000000001,8.685293759998006,-126.37649375999665,313
2026-04-23 13:43:00-04:00,2026-04-23 14:36:00-04:00,2026-04-23 15:59:00-04:00,LONG,198.23,198.269646,199.670058,100,0.01,3.0,196.24769999999998,204.1769,FORCED_EOD,148.00000000000182,7.95880000000011,0.7000000000000001,8.65880000000011,139.34120000000172,136
2026-04-24 10:34:00-04:00,2026-04-24 11:22:00-04:00,2026-04-24 10:41:00-04:00,SHORT,203.07,203.029386,205.14172014,98,0.01,3.0,205.1007,196.9779,STOP,-199.0085999999996,8.000145720000546,0.686,8.686145720000546,-207.69474572000016,7
2026-04-27 12:34:00-04:00,2026-04-27 13:30:00-04:00,2026-04-27 13:35:00-04:00,SHORT,212.22,212.177556,214.38506844,94,0.01,3.0,214.3422,205.8534,STOP,-199.48679999999928,8.019369359999587,0.658,8.677369359999586,-208.16416935999885,61
2026-04-27 14:20:00-04:00,2026-04-27 14:39:00-04:00,2026-04-27 15:59:00-04:00,SHORT,216.2,216.15676,216.673326,92,0.01,3.0,218.362,209.714,FORCED_EOD,-39.56000000000063,7.964072000000442,0.644,8.608072000000442,-48.16807200000107,99
2026-04-28 10:51:00-04:00,2026-04-28 11:35:00-04:00,2026-04-28 15:59:00-04:00,LONG,208.835,208.876767,213.10737,95,0.01,3.0,206.74665000000002,215.10005,FORCED_EOD,409.9249999999998,8.017714999999583,0.665,8.682714999999583,401.2422850000002,308
2026-04-29 12:09:00-04:00,2026-04-29 12:14:00-04:00,2026-04-29 15:59:00-04:00,SHORT,211.1983,211.15606033999998,209.39186999999998,94,0.01,3.0,213.310283,204.862351,FORCED_EOD,173.7401999999995,7.906308039999601,0.658,8.5643080399996,165.17589195999992,230
2026-04-30 12:26:00-04:00,2026-04-30 12:52:00-04:00,2026-04-30 15:59:00-04:00,LONG,199.67,199.70993399999998,199.480096,100,0.01,3.0,197.67329999999998,205.6601,FORCED_EOD,-14.999999999997726,7.983799999999519,0.7000000000000001,8.683799999999518,-23.683799999997245,213
2026-05-01 10:46:00-04:00,2026-05-01 11:25:00-04:00,2026-05-01 15:59:00-04:00,SHORT,199.69,199.650062,198.429678,100,0.01,3.0,201.6869,193.6993,FORCED_EOD,130.00000000000114,7.961600000001567,0.7000000000000001,8.661600000001567,121.33839999999957,313
2026-05-04 11:16:00-04:00,2026-05-04 11:43:00-04:00,2026-05-04 11:21:00-04:00,LONG,196.835,196.874367,194.82767667000002,101,0.01,3.0,194.86665000000002,202.74005,STOP,-198.80334999999866,7.912373330000321,0.707,8.619373330000322,-207.42272332999897,5
2026-05-04 13:57:00-04:00,2026-05-04 14:26:00-04:00,2026-05-04 15:59:00-04:00,SHORT,198.2901,198.25044198,198.599712,100,0.01,3.0,200.273001,192.341397,FORCED_EOD,-26.99000000000069,7.937001999999893,0.7000000000000001,8.637001999999892,-35.62700200000059,122
2026-05-05 10:01:00-04:00,2026-05-05 10:25:00-04:00,2026-05-05 15:04:00-04:00,LONG,198.32,198.35966399999998,196.29753264,100,0.01,3.0,196.33679999999998,204.2696,STOP,-198.32000000000107,7.893135999998435,0.7000000000000001,8.593135999998434,-206.9131359999995,303
2026-05-06 11:14:00-04:00,2026-05-06 11:21:00-04:00,2026-05-06 15:59:00-04:00,LONG,203.59,203.630718,207.60847,98,0.01,3.0,201.5541,209.6977,FORCED_EOD,397.8800000000002,8.060303999999292,0.686,8.746303999999292,389.13369600000095,285
2026-05-07 10:12:00-04:00,2026-05-07 10:32:00-04:00,2026-05-07 15:59:00-04:00,SHORT,212.9867,212.94410266000003,211.562304,93,0.01,3.0,215.116567,206.59709900000001,FORCED_EOD,136.40310000000028,7.895824619998848,0.651,8.546824619998848,127.85627538000143,347
2026-05-08 11:13:00-04:00,2026-05-08 11:47:00-04:00,2026-05-08 15:59:00-04:00,SHORT,216.66,216.616668,215.233038,92,0.01,3.0,218.82659999999998,210.1602,FORCED_EOD,135.2399999999999,7.946039999998902,0.644,8.590039999998902,126.64996000000099,286
2026-05-11 10:52:00-04:00,2026-05-11 11:27:00-04:00,2026-05-11 15:59:00-04:00,SHORT,221.24,221.19575200000003,219.533898,90,0.01,3.0,223.4524,214.6028,FORCED_EOD,157.5,7.933139999996968,0.63,8.563139999996968,148.93686000000304,307
2026-05-12 11:25:00-04:00,2026-05-12 11:35:00-04:00,2026-05-12 15:59:00-04:00,LONG,215.51,215.553102,220.865818,92,0.01,3.0,213.3549,221.9753,FORCED_EOD,496.8000000000005,8.030128000001014,0.644,8.674128000001014,488.1258719999995,274
2026-05-13 10:59:00-04:00,2026-05-13 11:24:00-04:00,2026-05-13 15:59:00-04:00,SHORT,226.41,226.364718,225.875166,88,0.01,3.0,228.6741,219.61769999999999,FORCED_EOD,51.0399999999986,7.959423999998307,0.616,8.575423999998307,42.46457600000029,300
2026-05-14 10:23:00-04:00,2026-05-14 11:05:00-04:00,2026-05-14 11:41:00-04:00,SHORT,233.78,233.733244,236.16502355999998,85,0.01,3.0,236.1178,226.7666,STOP,-198.7129999999989,7.988262599998279,0.595,8.58326259999828,-207.2962625999972,78
2026-05-14 13:12:00-04:00,2026-05-14 13:54:00-04:00,2026-05-14 15:59:00-04:00,LONG,234.2871,234.33395742,235.70285,85,0.01,3.0,231.944229,241.31571300000002,FORCED_EOD,124.3464999999992,7.990630699997325,0.595,8.585630699997326,115.76086930000187,167
2026-05-15 11:38:00-04:00,2026-05-15 12:07:00-04:00,2026-05-15 14:05:00-04:00,SHORT,228.98,228.934204,231.31605396,87,0.01,3.0,231.2698,222.11059999999998,STOP,-199.2126000000012,8.008346519999748,0.609,8.617346519999748,-207.82994652000096,147
2026-05-15 14:46:00-04:00,2026-05-15 15:56:00-04:00,2026-05-15 15:52:00-04:00,LONG,228.24,228.285648,225.91240848,87,0.01,3.0,225.9576,235.0872,STOP,-198.5687999999996,7.903038240000257,0.609,8.512038240000257,-207.08083823999988,66
2026-05-18 10:04:00-04:00,2026-05-18 10:10:00-04:00,2026-05-18 15:59:00-04:00,SHORT,224.945,224.900011,222.404472,88,0.01,3.0,227.19445,218.19665,FORCED_EOD,227.4799999999982,7.8725679999975,0.616,8.4885679999975,218.99143200000069,355
2026-05-19 10:21:00-04:00,2026-05-19 10:43:00-04:00,2026-05-19 11:00:00-04:00,SHORT,218.85,218.80623,221.0827077,91,0.01,3.0,221.0385,212.28449999999998,STOP,-199.15350000000043,8.005970699998358,0.637,8.642970699998358,-207.7964706999988,39
2026-05-19 11:50:00-04:00,2026-05-19 13:46:00-04:00,2026-05-19 15:59:00-04:00,LONG,221.01,221.05420199999998,220.585874,90,0.01,3.0,218.79989999999998,227.6403,FORCED_EOD,-34.19999999999959,7.949519999999097,0.63,8.579519999999098,-42.77951999999869,249
2026-05-20 11:16:00-04:00,2026-05-20 12:04:00-04:00,2026-05-20 14:42:00-04:00,LONG,225.6,225.64512,223.2993312,88,0.01,3.0,223.344,232.368,STOP,-198.52800000000002,7.9014143999982025,0.616,8.517414399998202,-207.04541439999824,206
2026-05-21 12:30:00-04:00,2026-05-21 12:46:00-04:00,2026-05-21 13:20:00-04:00,SHORT,219.54,219.496092,221.77974708,91,0.01,3.0,221.7354,212.9538,STOP,-199.7814000000006,8.031212279998357,0.637,8.668212279998357,-208.44961227999895,50
2026-05-21 13:43:00-04:00,2026-05-21 14:43:00-04:00,2026-05-21 14:52:00-04:00,LONG,221.34,221.384268,219.08277468,90,0.01,3.0,219.1266,227.9802,STOP,-199.20600000000064,7.928398799998604,0.63,8.558398799998605,-207.76439879999924,69
2026-05-21 14:53:00-04:00,2026-05-21 15:47:00-04:00,2026-05-21 15:59:00-04:00,SHORT,219.03,218.986194,219.5439,91,0.01,3.0,221.2203,212.4591,FORCED_EOD,-42.7699999999999,7.981245999999743,0.637,8.618245999999743,-51.38824599999964,66
2026-05-22 11:25:00-04:00,2026-05-22 11:44:00-04:00,2026-05-22 15:59:00-04:00,SHORT,217.975,217.931405,215.29305,91,0.01,3.0,220.15475,211.43574999999998,FORCED_EOD,247.97499999999948,7.884694999997805,0.637,8.521694999997806,239.45330500000168,274
2026-05-26 11:11:00-04:00,2026-05-26 12:05:00-04:00,2026-05-26 15:59:00-04:00,LONG,213.65,213.69273,214.797032,93,0.01,3.0,211.5135,220.0595,FORCED_EOD,110.66999999999979,7.969914000000728,0.651,8.620914000000727,102.04908599999906,288
2026-05-27 12:07:00-04:00,2026-05-27 12:35:00-04:00,2026-05-27 13:49:00-04:00,SHORT,210.5401,210.49799198,212.6880301002,95,0.01,3.0,212.645501,204.223897,STOP,-200.01309500000005,8.040526419000003,0.665,8.705526419000002,-208.71862141900004,102
2026-05-27 14:59:00-04:00,2026-05-27 15:07:00-04:00,2026-05-27 15:59:00-04:00,LONG,212.8,212.84256000000002,212.537484,93,0.01,3.0,210.67200000000003,219.18400000000003,FORCED_EOD,-20.459999999999894,7.912068000001398,0.651,8.563068000001397,-29.02306800000129,60
2026-05-28 12:44:00-04:00,2026-05-28 13:12:00-04:00,2026-05-28 15:59:00-04:00,SHORT,213.59,213.547282,214.30285199999997,93,0.01,3.0,215.7259,207.1823,FORCED_EOD,-62.30999999999884,7.958009999999064,0.651,8.609009999999063,-70.9190099999979,195
2026-05-29 12:13:00-04:00,2026-05-29 13:06:00-04:00,2026-05-29 15:59:00-04:00,SHORT,216.74,216.696652,211.19223,92,0.01,3.0,218.9074,210.23780000000002,FORCED_EOD,514.2800000000003,7.87317599999983,0.644,8.51717599999983,505.7628240000005,226
2026-06-01 10:24:00-04:00,2026-06-01 10:37:00-04:00,2026-06-01 14:02:00-04:00,SHORT,222.12,222.075576,224.38606824000001,90,0.01,3.0,224.34120000000001,215.4564,STOP,-199.90800000000092,8.036301599999263,0.63,8.666301599999263,-208.57430160000018,218
2026-06-01 15:35:00-04:00,2026-06-01 15:56:00-04:00,2026-06-01 15:59:00-04:00,LONG,223.33,223.37466600000002,224.38511400000002,89,0.01,3.0,221.0967,230.02990000000003,FORCED_EOD,97.8999999999995,7.970127999999789,0.623,8.593127999999789,89.3068719999997,24
2026-06-02 12:23:00-04:00,2026-06-02 12:32:00-04:00,2026-06-02 14:38:00-04:00,LONG,224.205,224.249841,221.91855741,89,0.01,3.0,221.96295,230.93115,STOP,-199.54245000000054,7.941789509999296,0.623,8.564789509999295,-208.10723950999983,135
2026-06-02 15:47:00-04:00,2026-06-02 15:55:00-04:00,2026-06-02 15:59:00-04:00,LONG,221.56,221.604312,222.76543800000002,90,0.01,3.0,219.3444,228.20680000000002,FORCED_EOD,112.5,7.9986599999978125,0.63,8.628659999997813,103.87134000000219,12
2026-06-03 11:08:00-04:00,2026-06-03 12:13:00-04:00,2026-06-03 15:59:00-04:00,SHORT,216.645,216.601671,214.94298,92,0.01,3.0,218.81145,210.14565000000002,FORCED_EOD,160.54000000000042,7.940427999999997,0.644,8.584427999999997,151.95557200000042,291
2026-06-04 13:17:00-04:00,2026-06-04 13:23:00-04:00,2026-06-04 15:06:00-04:00,SHORT,219.3502,219.30632996,221.5880107404,91,0.01,3.0,221.543702,212.76969400000002,STOP,-199.60868199999956,8.024269016399984,0.637,8.661269016399984,-208.26995101639955,109
2026-06-05 11:42:00-04:00,2026-06-05 12:55:00-04:00,2026-06-05 15:59:00-04:00,SHORT,207.555,207.51348900000002,205.151022,96,0.01,3.0,209.63055,201.32835,FORCED_EOD,234.71999999999935,7.923167999998441,0.672,8.595167999998441,226.1248320000009,257
2026-06-08 10:52:00-04:00,2026-06-08 11:32:00-04:00,2026-06-08 15:59:00-04:00,LONG,208.35,208.39166999999998,208.59827199999998,95,0.01,3.0,206.2665,214.60049999999998,FORCED_EOD,27.549999999999244,7.92280999999889,0.665,8.587809999998889,18.962190000000355,307
2026-06-09 10:09:00-04:00,2026-06-09 10:27:00-04:00,2026-06-09 10:46:00-04:00,LONG,207.89,207.93157799999997,205.76993778,96,0.01,3.0,205.81109999999998,214.1267,STOP,-199.57440000000042,7.943061119997765,0.672,8.615061119997765,-208.18946111999819,37
2026-06-09 15:05:00-04:00,2026-06-09 15:35:00-04:00,2026-06-09 15:16:00-04:00,LONG,207.21,207.251442,205.09687242,96,0.01,3.0,205.1379,213.4263,STOP,-198.92160000000058,7.917079679998096,0.672,8.589079679998097,-207.51067967999867,11
2026-06-10 10:46:00-04:00,2026-06-10 11:02:00-04:00,2026-06-10 15:59:00-04:00,SHORT,205.81,205.76883800000002,200.380068,97,0.01,3.0,207.8681,199.6357,FORCED_EOD,530.5899999999999,7.87930999999773,0.679,8.55830999999773,522.0316900000022,313
2026-06-11 11:21:00-04:00,2026-06-11 12:23:00-04:00,2026-06-11 15:59:00-04:00,LONG,201.6,201.64032,204.619068,99,0.01,3.0,199.584,207.648,FORCED_EOD,302.9400000000002,8.043948000000626,0.6930000000000001,8.736948000000625,294.2030519999996,278
2026-06-12 12:36:00-04:00,2026-06-12 13:42:00-04:00,2026-06-12 15:59:00-04:00,LONG,204.8,204.84096,205.098972,97,0.01,3.0,202.752,210.94400000000002,FORCED_EOD,32.979999999997574,7.9528359999968075,0.679,8.631835999996808,24.348164000000768,203
2026-06-15 11:51:00-04:00,2026-06-15 12:19:00-04:00,2026-06-15 15:59:00-04:00,SHORT,212.71,212.667458,212.49248999999998,94,0.01,3.0,214.83710000000002,206.3287,FORCED_EOD,24.440000000001817,7.993007999998497,0.658,8.651007999998496,15.78899200000332,248
2026-06-16 10:10:00-04:00,2026-06-16 10:18:00-04:00,2026-06-16 15:59:00-04:00,SHORT,210.165,210.122967,207.451482,95,0.01,3.0,212.26665,203.86005,FORCED_EOD,261.72499999999957,7.933925000000528,0.665,8.598925000000527,253.12607499999905,349
2026-06-17 11:05:00-04:00,2026-06-17 11:12:00-04:00,2026-06-17 15:39:00-04:00,LONG,206.07,206.111214,203.96849814,97,0.01,3.0,204.0093,212.25209999999998,STOP,-199.88789999999972,7.955538419998476,0.679,8.634538419998476,-208.5224384199982,274
2026-06-18 11:45:00-04:00,2026-06-18 12:05:00-04:00,2026-06-18 15:59:00-04:00,LONG,208.17,208.21163399999998,210.15796,96,0.01,3.0,206.08829999999998,214.4151,FORCED_EOD,194.8800000000001,8.032703999997466,0.672,8.704703999997466,186.17529600000265,254
2026-06-22 10:37:00-04:00,2026-06-22 11:08:00-04:00,2026-06-22 15:33:00-04:00,LONG,209.985,210.02699700000002,207.84357297000003,95,0.01,3.0,207.88515,216.28455000000002,STOP,-199.48575000000034,7.939532849999438,0.665,8.604532849999437,-208.09028284999977,296
2026-06-23 13:21:00-04:00,2026-06-23 13:41:00-04:00,2026-06-23 15:59:00-04:00,SHORT,202.4,202.35952,200.0520024,98,0.01,3.0,204.424,196.328,FORCED_EOD,234.0240000000005,7.887275199999408,0.686,8.573275199999408,225.4507248000011,158
2026-06-24 11:09:00-04:00,2026-06-24 11:38:00-04:00,2026-06-24 15:59:00-04:00,SHORT,201.09,201.04978200000002,198.999792,99,0.01,3.0,203.1009,195.0573,FORCED_EOD,210.86999999999955,7.9209899999987385,0.6930000000000001,8.613989999998738,202.2560100000008,290
2026-06-25 10:54:00-04:00,2026-06-25 11:29:00-04:00,2026-06-25 15:59:00-04:00,SHORT,196.06,196.020788,195.78915,102,0.01,3.0,198.0206,190.1782,FORCED_EOD,31.620000000000232,7.992923999999846,0.714,8.706923999999846,22.913076000000387,305
2026-06-26 11:36:00-04:00,2026-06-26 12:02:00-04:00,2026-06-26 15:59:00-04:00,SHORT,194.02,193.981196,191.758344,103,0.01,3.0,195.96020000000001,188.1994,FORCED_EOD,236.90000000000117,7.946243999999382,0.721,8.667243999999382,228.23275600000179,263
2026-06-29 11:32:00-04:00,2026-06-29 12:53:00-04:00,2026-06-29 15:59:00-04:00,LONG,194.0199,194.05870398,194.851022,103,0.01,3.0,192.079701,199.840497,FORCED_EOD,89.62029999999788,8.011543939996812,0.721,8.732543939996813,80.88775606000107,267
2026-06-30 11:14:00-04:00,2026-06-30 11:46:00-04:00,2026-06-30 15:57:00-04:00,SHORT,198.61,198.57027800000003,200.63621922000002,100,0.01,3.0,200.5961,192.6517,STOP,-198.60999999999933,7.984121999999161,0.7000000000000001,8.68412199999916,-207.29412199999848,283
2026-07-01 12:37:00-04:00,2026-07-01 14:08:00-04:00,2026-07-01 15:05:00-04:00,SHORT,197.395,197.355521,199.40882379,101,0.01,3.0,199.36895,191.47315,STOP,-199.3689500000002,8.014631790000152,0.707,8.721631790000153,-208.09058179000036,148
2026-07-02 10:02:00-04:00,2026-07-02 10:32:00-04:00,2026-07-02 12:23:00-04:00,SHORT,199.695,199.655061,193.74289083,100,0.01,3.0,201.69195,193.70415,TAKE_PROFIT_BRACKET,599.0849999999995,7.867982999999867,0.7000000000000001,8.567982999999867,590.5170169999996,141
2026-07-02 12:49:00-04:00,2026-07-02 12:58:00-04:00,2026-07-02 15:59:00-04:00,SHORT,194.1,194.06118,194.548902,103,0.01,3.0,196.041,188.277,FORCED_EOD,-42.22999999999965,8.005365999999412,0.721,8.726365999999413,-50.95636599999906,190
2026-07-06 12:11:00-04:00,2026-07-06 12:46:00-04:00,2026-07-06 15:59:00-04:00,SHORT,196.972,196.93260560000002,195.66412499999998,101,0.01,3.0,198.94172,191.06284,FORCED_EOD,136.04700000000085,7.930459399997602,0.707,8.637459399997603,127.40954060000325,228
2026-07-07 10:01:00-04:00,2026-07-07 10:20:00-04:00,2026-07-07 12:02:00-04:00,SHORT,193.14,193.101372,195.11041428,103,0.01,3.0,195.07139999999998,187.3458,STOP,-198.93419999999963,7.997154839999183,0.721,8.718154839999183,-207.65235483999882,121
2026-07-07 14:04:00-04:00,2026-07-07 15:56:00-04:00,2026-07-07 15:59:00-04:00,LONG,197.435,197.474487,196.890614,101,0.01,3.0,195.46065000000002,203.35805,FORCED_EOD,-51.00499999999954,7.966173000001589,0.707,8.67317300000159,-59.67817300000113,115
2026-07-08 10:54:00-04:00,2026-07-08 11:16:00-04:00,2026-07-08 12:23:00-04:00,SHORT,198.1,198.06038,200.12101619999999,100,0.01,3.0,200.081,192.15699999999998,STOP,-198.09999999999945,7.963619999998173,0.7000000000000001,8.663619999998172,-206.76361999999762,89
2026-07-08 14:55:00-04:00,2026-07-08 15:40:00-04:00,2026-07-08 15:59:00-04:00,SHORT,203.5699,203.52918602,204.175827,98,0.01,3.0,205.60559899999998,197.46280299999998,FORCED_EOD,-55.3798000000001,7.991016039999977,0.686,8.677016039999977,-64.05681604000009,64
2026-07-09 13:08:00-04:00,2026-07-09 14:12:00-04:00,2026-07-09 15:59:00-04:00,SHORT,203.09,203.049382,202.79685126,98,0.01,3.0,205.1209,196.9973,FORCED_EOD,32.702599999999336,7.954587479999589,0.686,8.640587479999589,24.062012519999747,171
2026-07-10 12:24:00-04:00,2026-07-10 12:43:00-04:00,2026-07-10 15:59:00-04:00,SHORT,210.3799,210.33782402,211.002192,95,0.01,3.0,212.483699,204.068503,FORCED_EOD,-55.1095000000015,8.005458099999316,0.665,8.670458099999315,-63.77995810000082,215
2026-07-13 12:02:00-04:00,2026-07-13 13:10:00-04:00,2026-07-13 13:16:00-04:00,LONG,206.37,206.411274,204.26543874,96,0.01,3.0,204.3063,212.5611,STOP,-198.1152000000011,7.884984959997382,0.672,8.556984959997383,-206.67218495999848,74
2026-07-13 15:04:00-04:00,2026-07-13 15:11:00-04:00,2026-07-13 15:59:00-04:00,SHORT,204.305,204.264139,203.5407,97,0.01,3.0,206.34805,198.17585,FORCED_EOD,78.08500000000066,7.911416999999375,0.679,8.590416999999375,69.49458300000128,55
2026-07-14 12:21:00-04:00,2026-07-14 13:29:00-04:00,2026-07-14 13:08:00-04:00,SHORT,209.37,209.328126,211.50599274,95,0.01,3.0,211.46370000000002,203.0889,STOP,-198.9015000000012,7.995840300000054,0.665,8.660840300000054,-207.56234030000124,47
2026-07-14 15:28:00-04:00,2026-07-14 15:55:00-04:00,2026-07-14 15:59:00-04:00,LONG,211.62,211.662324,211.74764199999998,94,0.01,3.0,209.5038,217.9686,FORCED_EOD,15.979999999998824,7.960108000001412,0.658,8.618108000001412,7.361891999997412,31
2026-07-15 12:08:00-04:00,2026-07-15 12:48:00-04:00,2026-07-15 15:59:00-04:00,LONG,207.025,207.066405,212.44750200000001,96,0.01,3.0,204.95475000000002,213.23575,FORCED_EOD,524.6400000000003,8.05468799999926,0.672,8.72668799999926,515.913312000001,231
2026-07-16 14:49:00-04:00,2026-07-16 15:27:00-04:00,2026-07-16 15:59:00-04:00,SHORT,207.31,207.268538,207.501492,96,0.01,3.0,209.3831,201.0907,FORCED_EOD,-14.400000000000546,7.963584000000083,0.672,8.635584000000083,-23.03558400000063,70
2026-07-17 11:55:00-04:00,2026-07-17 12:35:00-04:00,2026-07-17 14:42:00-04:00,LONG,205.0,205.041,202.90940999999998,97,0.01,3.0,202.95,211.15,STOP,-198.8500000000011,7.914230000000543,0.679,8.593230000000544,-207.44323000000165,167
2026-07-17 14:44:00-04:00,2026-07-17 14:49:00-04:00,2026-07-17 15:59:00-04:00,SHORT,202.91,202.869418,202.68052799999998,98,0.01,3.0,204.9391,196.8227,FORCED_EOD,26.460000000001003,7.9487799999995445,0.686,8.634779999999544,17.82522000000146,75
2026-07-20 13:37:00-04:00,2026-07-20 14:13:00-04:00,2026-07-20 15:59:00-04:00,SHORT,204.04,203.999192,203.420676,98,0.01,3.0,206.0804,197.9188,FORCED_EOD,64.67999999999967,7.985431999998923,0.686,8.671431999998923,56.00856800000074,142
2026-07-21 12:21:00-04:00,2026-07-21 13:00:00-04:00,2026-07-21 15:59:00-04:00,LONG,205.7,205.74113999999997,207.12856599999998,97,0.01,3.0,203.643,211.87099999999998,FORCED_EOD,142.5899999999999,8.009677999999411,0.679,8.688677999999411,133.90132200000048,218
2026-07-22 10:56:00-04:00,2026-07-22 11:43:00-04:00,2026-07-22 11:06:00-04:00,SHORT,208.4685,208.4268063,210.59529563700002,95,0.01,3.0,210.553185,202.214445,STOP,-198.0450750000007,7.961412015000349,0.665,8.626412015000348,-206.67148701500105,10
2026-07-22 13:15:00-04:00,2026-07-22 13:31:00-04:00,2026-07-22 15:59:00-04:00,LONG,213.49,213.532698,212.01768798,93,0.01,3.0,211.35510000000002,219.8947,FORCED_EOD,-132.98070000000033,7.915231860000176,0.651,8.566231860000176,-141.5469318600005,164
2026-07-23 11:49:00-04:00,2026-07-23 13:32:00-04:00,2026-07-23 12:23:00-04:00,SHORT,207.52,207.478496,209.63711904,96,0.01,3.0,209.5952,201.2944,STOP,-199.21919999999955,8.008611839998593,0.672,8.680611839998594,-207.89981183999814,34
2026-07-23 14:04:00-04:00,2026-07-23 15:17:00-04:00,2026-07-23 15:59:00-04:00,LONG,208.85,208.89176999999998,208.65825999999998,95,0.01,3.0,206.76149999999998,215.1155,FORCED_EOD,-14.25000000000054,7.933449999999027,0.665,8.598449999999026,-22.848449999999566,115
2026-07-24 11:01:00-04:00,2026-07-24 11:19:00-04:00,2026-07-24 15:59:00-04:00,SHORT,209.84,209.798032,207.001392,95,0.01,3.0,211.9384,203.5448,FORCED_EOD,273.59999999999957,7.919199999999904,0.665,8.584199999999903,265.0157999999996,298
2026-07-27 11:16:00-04:00,2026-07-27 11:47:00-04:00,2026-07-27 15:59:00-04:00,LONG,197.155,197.194431,196.48069600000002,101,0.01,3.0,195.18345,203.06965,FORCED_EOD,-64.13499999999908,7.952234999999462,0.707,8.659234999999462,-72.79423499999854,283
2026-07-28 10:37:00-04:00,2026-07-28 11:09:00-04:00,2026-07-28 11:23:00-04:00,SHORT,195.8735,195.83432530000002,197.871801447,102,0.01,3.0,197.832235,189.997295,STOP,-199.790969999999,8.03159699399879,0.714,8.74559699399879,-208.53656699399778,46
2026-07-28 12:31:00-04:00,2026-07-28 12:55:00-04:00,2026-07-28 15:59:00-04:00,LONG,196.7099,196.74924198,196.940604,101,0.01,3.0,194.74280100000001,202.611197,FORCED_EOD,27.280099999998498,7.952535979997094,0.707,8.659535979997095,18.620564020001403,208
2026-07-29 10:53:00-04:00,2026-07-29 11:39:00-04:00,2026-07-29 14:38:00-04:00,SHORT,192.29,192.251542,194.25174257999998,104,0.01,3.0,194.2129,186.5213,STOP,-199.98159999999984,8.039260319998448,0.728,8.767260319998448,-208.7488603199983,225
2026-07-29 14:39:00-04:00,2026-07-29 15:11:00-04:00,2026-07-29 15:02:00-04:00,SHORT,194.29,194.251142,196.27214658,102,0.01,3.0,196.2329,188.4613,STOP,-198.1758000000009,7.966667160000156,0.714,8.680667160000157,-206.85646716000105,23
2026-07-30 10:57:00-04:00,2026-07-30 12:04:00-04:00,2026-07-30 15:59:00-04:00,LONG,194.305,194.343861,195.11097,102,0.01,3.0,192.36195,200.13415,FORCED_EOD,86.18999999999988,7.944881999999382,0.714,8.658881999999382,77.5311180000005,302
2026-07-31 12:23:00-04:00,2026-07-31 14:14:00-04:00,2026-07-31 13:25:00-04:00,SHORT,197.225,197.185555,199.23708944999998,101,0.01,3.0,199.19725,191.30825,STOP,-199.19725000000025,8.007729449998862,0.707,8.714729449998863,-207.9119794499991,62
2026-07-31 15:17:00-04:00,2026-07-31 15:56:00-04:00,2026-07-31 15:50:00-04:00,SHORT,199.78,199.740044,201.81815556,100,0.01,3.0,201.7778,193.7866,STOP,-199.78000000000122,8.031155999998418,0.7000000000000001,8.731155999998418,-208.51115599999963,33
2026-08-03 11:38:00-04:00,2026-08-03 12:46:00-04:00,2026-08-03 15:59:00-04:00,LONG,206.4099,206.45118198,206.618668,96,0.01,3.0,204.345801,212.602197,FORCED_EOD,24.00960000000032,7.930942079999113,0.672,8.602942079999114,15.406657920001205,261
2026-08-04 10:49:00-04:00,2026-08-04 10:55:00-04:00,2026-08-04 15:59:00-04:00,SHORT,210.98,210.937804,211.902372,94,0.01,3.0,213.0898,204.6506,FORCED_EOD,-82.72000000000224,7.949391999999079,0.658,8.607391999999079,-91.32739200000132,310
2026-08-05 10:54:00-04:00,2026-08-05 11:31:00-04:00,2026-08-05 15:59:00-04:00,LONG,218.445,218.488689,219.16615800000002,91,0.01,3.0,216.26055,224.99835,FORCED_EOD,69.61500000000134,7.965320999998568,0.637,8.602320999998568,61.01267900000278,305
2026-08-06 12:08:00-04:00,2026-08-06 13:30:00-04:00,2026-08-06 14:16:00-04:00,SHORT,218.15,218.10637,220.3755663,91,0.01,3.0,220.3315,211.6055,STOP,-198.51649999999998,7.98036330000042,0.637,8.61736330000042,-207.1338633000004,128
2026-08-06 15:51:00-04:00,2026-08-06 15:56:00-04:00,2026-08-06 15:59:00-04:00,LONG,218.85,218.89377,218.94620200000003,91,0.01,3.0,216.6615,225.4155,FORCED_EOD,12.740000000001345,7.968687999997826,0.637,8.605687999997826,4.1343120000035185,8
2026-08-07 11:26:00-04:00,2026-08-07 11:53:00-04:00,2026-08-07 15:59:00-04:00,SHORT,224.52,224.475096,223.94478,89,0.01,3.0,226.76520000000002,217.7844,FORCED_EOD,55.180000000000405,7.981876000000483,0.623,8.604876000000482,46.575123999999924,273
2026-08-10 12:01:00-04:00,2026-08-10 12:28:00-04:00,2026-08-10 15:59:00-04:00,SHORT,219.81,219.766038,217.603512,91,0.01,3.0,222.0081,213.2157,FORCED_EOD,204.75,7.960133999998732,0.637,8.597133999998732,196.15286600000127,238
2026-08-11 10:56:00-04:00,2026-08-11 11:13:00-04:00,2026-08-11 15:59:00-04:00,SHORT,220.115,220.07097700000003,217.5259965,90,0.01,3.0,222.31615000000002,213.51155,FORCED_EOD,236.92500000000194,7.876754999998639,0.63,8.50675499999864,228.4182450000033,303
2026-08-12 12:35:00-04:00,2026-08-12 12:51:00-04:00,2026-08-12 15:59:00-04:00,LONG,222.81,222.854562,224.05518,89,0.01,3.0,220.5819,229.4943,FORCED_EOD,114.80999999999929,7.9549979999975164,0.623,8.577997999997516,106.23200200000177,204
2026-08-13 10:49:00-04:00,2026-08-13 11:00:00-04:00,2026-08-13 15:59:00-04:00,LONG,224.67,224.71493399999997,225.314928,89,0.01,3.0,222.42329999999998,231.4101,FORCED_EOD,61.41000000000233,8.010533999998955,0.623,8.633533999998955,52.776466000003374,310
2026-08-14 10:44:00-04:00,2026-08-14 11:38:00-04:00,2026-08-14 15:59:00-04:00,SHORT,226.22,226.174756,225.165024,88,0.01,3.0,228.4822,219.4334,FORCED_EOD,96.7999999999995,7.943583999998282,0.616,8.559583999998281,88.24041600000122,315
2026-08-17 13:46:00-04:00,2026-08-17 13:49:00-04:00,2026-08-17 15:59:00-04:00,LONG,226.12,226.165224,224.994992,88,0.01,3.0,223.8588,232.9036,FORCED_EOD,-95.0400000000011,7.940415999998777,0.616,8.556415999998777,-103.59641599999988,133
2026-08-18 12:19:00-04:00,2026-08-18 12:41:00-04:00,2026-08-18 15:59:00-04:00,LONG,219.6,219.64391999999998,219.75604,91,0.01,3.0,217.404,226.188,FORCED_EOD,18.200000000001552,7.997079999998562,0.637,8.634079999998562,9.56592000000299,220
2026-08-19 10:17:00-04:00,2026-08-19 10:30:00-04:00,2026-08-19 15:59:00-04:00,LONG,217.16,217.203432,217.626466,92,0.01,3.0,214.98839999999998,223.6748,FORCED_EOD,46.91999999999916,8.000871999999049,0.644,8.644871999999049,38.275128000000116,342
2026-08-20 10:45:00-04:00,2026-08-20 10:53:00-04:00,2026-08-20 15:59:00-04:00,SHORT,218.8399,218.79613202000002,217.033398,91,0.01,3.0,221.028299,212.274703,FORCED_EOD,168.34089999999918,7.93210417999822,0.637,8.56910417999822,159.77179582000096,314
2026-08-21 12:56:00-04:00,2026-08-21 13:11:00-04:00,2026-08-21 15:59:00-04:00,LONG,215.08,215.123016,214.717048,92,0.01,3.0,212.9292,221.53240000000002,FORCED_EOD,-29.440000000001987,7.909055999998145,0.644,8.553055999998145,-37.99305600000013,183
