beta_mode,beta_days,window,z_entry,hook_delta,hook_timeout,exit_band,z_lockout,direction,trades,net_pnl,gross_pnl,costs,net_return_pct,gross_return_pct,net_sharpe,gross_sharpe,net_sortino,max_drawdown_pct,win_rate_pct,profit_factor,gross_profit_factor,avg_net_trade,median_net_trade,avg_duration,long_net_pnl,short_net_pnl
dynamic_rolling,5,60,3.0,0.05,5,0.0,,both,338,3900.4079528402976,6949.940200000015,3049.532247159717,3.9004079528402977,6.949940200000014,2.082536921604435,3.703645332452824,3.668965813757674,1.3334927631399478,57.692307692307686,1.393779444519429,1.7993423897343417,11.539668499527508,10.870988499999115,33.94970414201183,3259.5381632001668,640.8697896401309
dynamic_rolling,5,60,3.0,0.05,10,0.0,,both,338,3900.4079528402976,6949.940200000015,3049.532247159717,3.9004079528402977,6.949940200000014,2.082536921604435,3.703645332452824,3.668965813757674,1.3334927631399478,57.692307692307686,1.393779444519429,1.7993423897343417,11.539668499527508,10.870988499999115,33.94970414201183,3259.5381632001668,640.8697896401309
dynamic_rolling,5,60,3.0,0.05,20,0.0,,both,338,3900.4079528402976,6949.940200000015,3049.532247159717,3.9004079528402977,6.949940200000014,2.082536921604435,3.703645332452824,3.668965813757674,1.3334927631399478,57.692307692307686,1.393779444519429,1.7993423897343417,11.539668499527508,10.870988499999115,33.94970414201183,3259.5381632001668,640.8697896401309
dynamic_rolling,5,60,3.0,0.0,0,0.0,4.0,both,311,3969.81412236035,6775.811800000042,2805.997677639692,3.9698141223603503,6.775811800000042,2.015173724267025,3.435163169656282,3.3940252518187486,1.2025463657399813,59.163987138263664,1.4137142960086282,1.794313211228127,12.764675634599197,16.5968459999985,35.40192926045016,4231.5356787001865,-261.7215563398339
dynamic_rolling,5,60,3.0,0.0,0,0.0,,both,342,4082.1167927203714,7167.735800000042,3085.6190072796708,4.082116792720371,7.167735800000043,1.9815597493292734,3.4821200216822876,3.323773974237707,1.2808834369999822,57.89473684210527,1.3878298195413923,1.7685842352780592,11.936014013802255,14.806022320003152,34.941520467836256,3962.5297460201878,119.58704670018295
dynamic_rolling,5,60,3.0,0.15,5,0.0,4.0,both,294,3486.7996837803103,6139.421700000032,2652.6220162197214,3.48679968378031,6.139421700000032,1.8807252160085868,3.2972906624575984,3.229802344513965,1.2701792864799646,58.843537414965986,1.3953800710804396,1.7883698813362081,11.859862870001056,11.274070000001892,34.673469387755105,3241.852938660182,244.94674512012722
dynamic_rolling,5,60,3.0,0.15,10,0.0,4.0,both,294,3486.7996837803103,6139.421700000032,2652.6220162197214,3.48679968378031,6.139421700000032,1.8807252160085868,3.2972906624575984,3.229802344513965,1.2701792864799646,58.843537414965986,1.3953800710804396,1.7883698813362081,11.859862870001056,11.274070000001892,34.673469387755105,3241.852938660182,244.94674512012722
dynamic_rolling,5,60,3.0,0.05,5,0.0,4.0,both,295,3448.8355625602935,6110.49880000002,2661.663237439727,3.4488355625602938,6.11049880000002,1.8716848780803128,3.298824442794334,3.2649346144770766,1.2697232777799508,57.96610169491525,1.387441382651275,1.7786113576795661,11.690968008678961,11.08187499999702,34.91525423728814,3255.6104076601678,193.22515490012444
dynamic_rolling,5,60,3.0,0.05,10,0.0,4.0,both,295,3448.8355625602935,6110.49880000002,2661.663237439727,3.4488355625602938,6.11049880000002,1.8716848780803128,3.298824442794334,3.2649346144770766,1.2697232777799508,57.96610169491525,1.387441382651275,1.7786113576795661,11.690968008678961,11.08187499999702,34.91525423728814,3255.6104076601678,193.22515490012444
dynamic_rolling,5,60,3.0,0.05,20,0.0,4.0,both,295,3448.8355625602935,6110.49880000002,2661.663237439727,3.4488355625602938,6.11049880000002,1.8716848780803128,3.298824442794334,3.2649346144770766,1.2697232777799508,57.96610169491525,1.387441382651275,1.7786113576795661,11.690968008678961,11.08187499999702,34.91525423728814,3255.6104076601678,193.22515490012444
fixed_1.75,10,120,3.0,0.0,0,0.0,,both,194,2391.682375880176,4145.601000000015,1753.918624119839,2.391682375880176,4.145601000000015,1.048457884975787,1.7995670446688397,1.734203320310467,1.9956310345998935,52.0618556701031,1.2441949981129239,1.460188181576432,12.328259669485444,9.781312000000845,54.05154639175258,3723.852444460096,-1332.170068579919
dynamic_rolling,20,120,3.0,0.05,5,0.0,,both,173,1942.5960367601488,3504.202800000003,1561.6067632398544,1.9425960367601487,3.504202800000003,0.9829668109610136,1.7565624074520756,1.5661602316602035,1.7680223092999077,59.53757225433526,1.2664078982631428,1.5244676960964636,11.228878825203171,14.038847999999046,56.809248554913296,848.16390558006,1094.4321311800886
dynamic_rolling,20,120,3.0,0.05,10,0.0,,both,173,1942.5960367601488,3504.202800000003,1561.6067632398544,1.9425960367601487,3.504202800000003,0.9829668109610136,1.7565624074520756,1.5661602316602035,1.7680223092999077,59.53757225433526,1.2664078982631428,1.5244676960964636,11.228878825203171,14.038847999999046,56.809248554913296,848.16390558006,1094.4321311800886
dynamic_rolling,20,120,3.0,0.05,20,0.0,,both,173,1942.5960367601488,3504.202800000003,1561.6067632398544,1.9425960367601487,3.504202800000003,0.9829668109610136,1.7565624074520756,1.5661602316602035,1.7680223092999077,59.53757225433526,1.2664078982631428,1.5244676960964636,11.228878825203171,14.038847999999046,56.809248554913296,848.16390558006,1094.4321311800886
dynamic_rolling,30,60,3.0,0.05,5,0.0,,both,311,1846.8702438401715,4653.414999999956,2806.544756159785,1.8468702438401714,4.653414999999956,0.9663269252596566,2.4129602658483638,1.5824994805207344,1.7106237755999902,53.69774919614147,1.1780532245090851,1.5104355846277333,5.938489530032705,7.623671999998985,34.07717041800643,1996.816917860109,-149.94667401993678
dynamic_rolling,30,60,3.0,0.05,10,0.0,,both,311,1846.8702438401715,4653.414999999956,2806.544756159785,1.8468702438401714,4.653414999999956,0.9663269252596566,2.4129602658483638,1.5824994805207344,1.7106237755999902,53.69774919614147,1.1780532245090851,1.5104355846277333,5.938489530032705,7.623671999998985,34.07717041800643,1996.816917860109,-149.94667401993678
dynamic_rolling,30,60,3.0,0.05,20,0.0,,both,311,1846.8702438401715,4653.414999999956,2806.544756159785,1.8468702438401714,4.653414999999956,0.9663269252596566,2.4129602658483638,1.5824994805207344,1.7106237755999902,53.69774919614147,1.1780532245090851,1.5104355846277333,5.938489530032705,7.623671999998985,34.07717041800643,1996.816917860109,-149.94667401993678
dynamic_rolling,20,60,3.0,0.05,5,0.0,,both,321,1617.7318475601921,4511.541399999947,2893.809552439755,1.6177318475601923,4.511541399999947,0.954737193000671,2.6295073489218623,1.3482091313400957,2.090374124419992,54.82866043613706,1.1553319412736116,1.4921530105213667,5.039663076511502,7.623671999998985,32.33644859813084,1219.225306940137,398.506540620055
dynamic_rolling,20,60,3.0,0.05,10,0.0,,both,321,1617.7318475601921,4511.541399999947,2893.809552439755,1.6177318475601923,4.511541399999947,0.954737193000671,2.6295073489218623,1.3482091313400957,2.090374124419992,54.82866043613706,1.1553319412736116,1.4921530105213667,5.039663076511502,7.623671999998985,32.33644859813084,1219.225306940137,398.506540620055
dynamic_rolling,20,60,3.0,0.05,20,0.0,,both,321,1617.7318475601921,4511.541399999947,2893.809552439755,1.6177318475601923,4.511541399999947,0.954737193000671,2.6295073489218623,1.3482091313400957,2.090374124419992,54.82866043613706,1.1553319412736116,1.4921530105213667,5.039663076511502,7.623671999998985,32.33644859813084,1219.225306940137,398.506540620055
dynamic_rolling,30,60,3.0,0.0,0,0.0,,both,320,1980.2455064002816,4867.949600000014,2887.704093599732,1.9802455064002817,4.8679496000000135,0.9440621812363562,2.302507808600288,1.5737852356894713,1.57667548677999,54.37499999999999,1.1830539455613145,1.508519758035688,6.18826720750088,10.260478999999306,34.45,2145.724853860153,-165.47934745987106
dynamic_rolling,20,60,3.0,0.0,0,0.0,,both,329,1619.1046760402871,4584.90340000004,2965.7987239597533,1.619104676040287,4.58490340000004,0.9016879448622684,2.5238503074343597,1.2542462570977575,1.952047993599961,56.53495440729483,1.1473693450242477,1.4701173095057387,4.921290808633092,12.337811999999673,32.88753799392097,1318.9341726001517,300.1705034401354
dynamic_rolling,20,120,3.0,0.0,0,0.0,,both,177,1739.424819240156,3336.908800000012,1597.483980759856,1.739424819240156,3.336908800000012,0.8717947061546486,1.6562985623832231,1.3892575416907234,1.641372352779974,54.80225988700565,1.2233519976489833,1.4695311145681622,9.827258865763593,12.187005840001579,57.0225988700565,1129.6462291200774,609.778590120079
fixed_1.75,10,120,3.0,0.05,5,0.0,,both,186,1970.1034796801878,3652.2768000000074,1682.1733203198196,1.9701034796801877,3.652276800000007,0.8452772019598895,1.54997222356103,1.4421293762213738,2.2031302708599108,51.61290322580645,1.2166911643790879,1.4387092034515552,10.591954191828966,5.100401999999995,54.88709677419355,2746.8515361801037,-776.7480564999158
fixed_1.75,10,120,3.0,0.05,10,0.0,,both,186,1970.1034796801878,3652.2768000000074,1682.1733203198196,1.9701034796801877,3.652276800000007,0.8452772019598895,1.54997222356103,1.4421293762213738,2.2031302708599108,51.61290322580645,1.2166911643790879,1.4387092034515552,10.591954191828966,5.100401999999995,54.88709677419355,2746.8515361801037,-776.7480564999158
fixed_1.75,10,120,3.0,0.05,20,0.0,,both,186,1970.1034796801878,3652.2768000000074,1682.1733203198196,1.9701034796801877,3.652276800000007,0.8452772019598895,1.54997222356103,1.4421293762213738,2.2031302708599108,51.61290322580645,1.2166911643790879,1.4387092034515552,10.591954191828966,5.100401999999995,54.88709677419355,2746.8515361801037,-776.7480564999158
dynamic_rolling,5,15,3.0,0.0,0,0.0,4.0,both,96,581.5981207600786,1449.2108000000028,867.6126792399242,0.5815981207600786,1.4492108000000028,0.8082288580072422,1.9660011185166633,1.312426273848618,1.0509600740799943,57.291666666666664,1.277235873978315,1.828558646301233,6.058313757917485,6.58361926000084,12.84375,159.98868780003872,421.6094329600398
dynamic_rolling,5,15,3.0,0.0,0,0.0,,both,96,581.5981207600786,1449.2108000000028,867.6126792399242,0.5815981207600786,1.4492108000000028,0.8082288580072422,1.9660011185166633,1.312426273848618,1.0509600740799943,57.291666666666664,1.277235873978315,1.828558646301233,6.058313757917485,6.58361926000084,12.84375,159.98868780003872,421.6094329600398
dynamic_rolling,20,60,3.0,0.05,5,0.0,4.0,both,280,1312.6792720801648,3837.419199999955,2524.73992791979,1.3126792720801648,3.837419199999955,0.7912347896910549,2.286775010932069,1.0857956070550883,2.0013414226599853,55.35714285714286,1.1380077131445507,1.4553181520558935,4.6881402574291595,9.275967000001646,33.46071428571429,1305.2798441001278,7.399427980037148
dynamic_rolling,20,60,3.0,0.05,10,0.0,4.0,both,280,1312.6792720801648,3837.419199999955,2524.73992791979,1.3126792720801648,3.837419199999955,0.7912347896910549,2.286775010932069,1.0857956070550883,2.0013414226599853,55.35714285714286,1.1380077131445507,1.4553181520558935,4.6881402574291595,9.275967000001646,33.46071428571429,1305.2798441001278,7.399427980037148
dynamic_rolling,20,60,3.0,0.05,20,0.0,4.0,both,280,1312.6792720801648,3837.419199999955,2524.73992791979,1.3126792720801648,3.837419199999955,0.7912347896910549,2.286775010932069,1.0857956070550883,2.0013414226599853,55.35714285714286,1.1380077131445507,1.4553181520558935,4.6881402574291595,9.275967000001646,33.46071428571429,1305.2798441001278,7.399427980037148
dynamic_rolling,20,60,3.0,0.15,5,0.0,4.0,both,279,1280.6736320201862,3796.6492999999755,2515.9756679797893,1.2806736320201861,3.7966492999999755,0.76049509782421,2.2286578593014523,1.0375655445167133,2.0476641562599833,55.91397849462365,1.1339019713263934,1.4466262346909293,4.59022807175694,10.660102000001212,33.2831541218638,1336.2739690801423,-55.600337059955855
dynamic_rolling,20,60,3.0,0.15,10,0.0,4.0,both,279,1280.6736320201862,3796.6492999999755,2515.9756679797893,1.2806736320201861,3.7966492999999755,0.76049509782421,2.2286578593014523,1.0375655445167133,2.0476641562599833,55.91397849462365,1.1339019713263934,1.4466262346909293,4.59022807175694,10.660102000001212,33.2831541218638,1336.2739690801423,-55.600337059955855
dynamic_rolling,20,120,3.0,0.0,0,0.0,4.0,both,170,1398.2933457801464,2931.876100000008,1533.5827542198617,1.3982933457801465,2.931876100000008,0.7189247606645559,1.490548308020586,1.1374864608579247,2.040601894779975,54.70588235294118,1.1839814955532408,1.4225172320314416,8.225254975177332,12.168218720001189,57.43529411764706,1050.9798731200754,347.3134726600706
dynamic_rolling,20,120,3.0,0.05,5,0.0,4.0,both,158,1305.7710107601426,2731.7176000000086,1425.946589239866,1.3057710107601426,2.7317176000000085,0.6931330824102244,1.434604798393614,1.0747441097600463,2.0577072926999826,60.12658227848101,1.1895360938882675,1.4311550978967693,8.264373485823688,13.060473159998448,57.88607594936709,754.6904235600608,551.0805872000818
dynamic_rolling,20,120,3.0,0.05,10,0.0,4.0,both,158,1305.7710107601426,2731.7176000000086,1425.946589239866,1.3057710107601426,2.7317176000000085,0.6931330824102244,1.434604798393614,1.0747441097600463,2.0577072926999826,60.12658227848101,1.1895360938882675,1.4311550978967693,8.264373485823688,13.060473159998448,57.88607594936709,754.6904235600608,551.0805872000818
dynamic_rolling,20,120,3.0,0.05,20,0.0,4.0,both,158,1305.7710107601426,2731.7176000000086,1425.946589239866,1.3057710107601426,2.7317176000000085,0.6931330824102244,1.434604798393614,1.0747441097600463,2.0577072926999826,60.12658227848101,1.1895360938882675,1.4311550978967693,8.264373485823688,13.060473159998448,57.88607594936709,754.6904235600608,551.0805872000818
dynamic_rolling,30,120,3.0,0.0,0,0.0,,both,180,1231.1289973201829,2856.322000000024,1625.1930026798414,1.2311289973201829,2.8563220000000245,0.664063915425603,1.5188690390532626,0.9990191508345452,1.8038801175599657,51.66666666666667,1.143615411860419,1.3651852131799445,6.839605540667683,7.777331700003916,58.27777777777778,2026.4698863400902,-795.3408890199073
dynamic_rolling,20,60,3.0,0.0,0,0.0,4.0,both,301,1147.80548410027,3861.477100000042,2713.671615899772,1.14780548410027,3.8614771000000423,0.6607917528964811,2.1985048891881624,0.8927028745105083,1.8758213826999708,56.47840531561462,1.1102240331931716,1.4162353173778397,3.8133072561470764,12.337811999999673,33.83388704318937,1257.1968914601498,-109.39140735988046
dynamic_rolling,30,120,3.0,0.05,5,0.0,,both,172,1284.0561386201275,2837.115099999999,1553.0589613798716,1.2840561386201275,2.8371150999999992,0.6550206139321938,1.428769567297849,1.0233923543070484,1.9310724780799937,53.48837209302325,1.1621816391484365,1.392913254228161,7.46544266639609,5.967217500000026,59.48837209302326,1462.7505746600466,-178.6944360399191
dynamic_rolling,30,120,3.0,0.05,10,0.0,,both,172,1284.0561386201275,2837.115099999999,1553.0589613798716,1.2840561386201275,2.8371150999999992,0.6550206139321938,1.428769567297849,1.0233923543070484,1.9310724780799937,53.48837209302325,1.1621816391484365,1.392913254228161,7.46544266639609,5.967217500000026,59.48837209302326,1462.7505746600466,-178.6944360399191
dynamic_rolling,30,120,3.0,0.05,20,0.0,,both,172,1284.0561386201275,2837.115099999999,1553.0589613798716,1.2840561386201275,2.8371150999999992,0.6550206139321938,1.428769567297849,1.0233923543070484,1.9310724780799937,53.48837209302325,1.1621816391484365,1.392913254228161,7.46544266639609,5.967217500000026,59.48837209302326,1462.7505746600466,-178.6944360399191
dynamic_rolling,30,15,3.0,0.05,5,0.0,4.0,both,86,405.70415290009174,1182.4593000000073,776.7551470999156,0.40570415290009176,1.1824593000000072,0.6469672542375914,1.8244033014512997,1.076382600265739,0.6273495061799768,48.837209302325576,1.2169694729733826,1.7832190875968508,4.717490150001066,-2.1535319199975183,11.906976744186046,422.8068405400293,-17.10268763993777
dynamic_rolling,30,15,3.0,0.05,10,0.0,4.0,both,86,405.70415290009174,1182.4593000000073,776.7551470999156,0.40570415290009176,1.1824593000000072,0.6469672542375914,1.8244033014512997,1.076382600265739,0.6273495061799768,48.837209302325576,1.2169694729733826,1.7832190875968508,4.717490150001066,-2.1535319199975183,11.906976744186046,422.8068405400293,-17.10268763993777
dynamic_rolling,30,15,3.0,0.05,20,0.0,4.0,both,86,405.70415290009174,1182.4593000000073,776.7551470999156,0.40570415290009176,1.1824593000000072,0.6469672542375914,1.8244033014512997,1.076382600265739,0.6273495061799768,48.837209302325576,1.2169694729733826,1.7832190875968508,4.717490150001066,-2.1535319199975183,11.906976744186046,422.8068405400293,-17.10268763993777
dynamic_rolling,30,15,3.0,0.05,5,0.0,,both,86,405.70415290009174,1182.4593000000073,776.7551470999156,0.40570415290009176,1.1824593000000072,0.6469672542375914,1.8244033014512997,1.076382600265739,0.6273495061799768,48.837209302325576,1.2169694729733826,1.7832190875968508,4.717490150001066,-2.1535319199975183,11.906976744186046,422.8068405400293,-17.10268763993777
dynamic_rolling,30,15,3.0,0.05,10,0.0,,both,86,405.70415290009174,1182.4593000000073,776.7551470999156,0.40570415290009176,1.1824593000000072,0.6469672542375914,1.8244033014512997,1.076382600265739,0.6273495061799768,48.837209302325576,1.2169694729733826,1.7832190875968508,4.717490150001066,-2.1535319199975183,11.906976744186046,422.8068405400293,-17.10268763993777
dynamic_rolling,30,15,3.0,0.05,20,0.0,,both,86,405.70415290009174,1182.4593000000073,776.7551470999156,0.40570415290009176,1.1824593000000072,0.6469672542375914,1.8244033014512997,1.076382600265739,0.6273495061799768,48.837209302325576,1.2169694729733826,1.7832190875968508,4.717490150001066,-2.1535319199975183,11.906976744186046,422.8068405400293,-17.10268763993777
dynamic_rolling,30,15,3.0,0.15,5,0.0,4.0,both,86,405.70415290009174,1182.4593000000073,776.7551470999156,0.40570415290009176,1.1824593000000072,0.6469672542375914,1.8244033014512997,1.076382600265739,0.6273495061799768,48.837209302325576,1.2169694729733826,1.7832190875968508,4.717490150001066,-2.1535319199975183,11.906976744186046,422.8068405400293,-17.10268763993777
dynamic_rolling,30,15,3.0,0.15,10,0.0,4.0,both,86,405.70415290009174,1182.4593000000073,776.7551470999156,0.40570415290009176,1.1824593000000072,0.6469672542375914,1.8244033014512997,1.076382600265739,0.6273495061799768,48.837209302325576,1.2169694729733826,1.7832190875968508,4.717490150001066,-2.1535319199975183,11.906976744186046,422.8068405400293,-17.10268763993777
dynamic_rolling,20,120,3.0,0.15,10,0.0,4.0,both,157,1213.149847080129,2630.121999999998,1416.9721529198691,1.213149847080129,2.630121999999998,0.6431749427887846,1.3782932570917112,0.9935995622203249,2.1539712962999475,62.42038216560509,1.176100501845888,1.4130804868212004,7.72706908968235,15.551191999997299,57.9171974522293,647.0383341600601,566.111512920069
dynamic_rolling,20,120,3.0,0.15,5,0.0,4.0,both,156,1081.037268680127,2488.989999999996,1407.9527313198691,1.081037268680127,2.4889899999999963,0.5760721213466994,1.3098614590160025,0.8874363091750657,2.1539712962999475,62.17948717948718,1.1569230758977336,1.3909146423219527,6.929726081282865,15.077799999998334,58.19230769230769,647.0383341600601,433.9989345200674
dynamic_rolling,20,15,3.0,0.15,5,0.0,4.0,both,94,372.96009382007446,1222.6342999999943,849.6742061799198,0.37296009382007445,1.2226342999999944,0.5446558604140436,1.7401149512713767,0.8636153545696366,0.5454814890800044,45.744680851063826,1.1690149867964597,1.6858125815312044,3.9676605725539837,-5.089956549999232,12.712765957446809,167.63262810003258,205.3274657200418
dynamic_rolling,20,15,3.0,0.15,10,0.0,4.0,both,94,372.96009382007446,1222.6342999999943,849.6742061799198,0.37296009382007445,1.2226342999999944,0.5446558604140436,1.7401149512713767,0.8636153545696366,0.5454814890800044,45.744680851063826,1.1690149867964597,1.6858125815312044,3.9676605725539837,-5.089956549999232,12.712765957446809,167.63262810003258,205.3274657200418
dynamic_rolling,20,15,3.0,0.05,5,0.0,4.0,both,94,366.0387098200745,1215.7142999999933,849.6755901799188,0.36603870982007447,1.2157142999999933,0.535768906106535,1.734066967376353,0.8476451970042387,0.5454814890800044,45.744680851063826,1.1658784109408737,1.6819309440994747,3.8940288278731328,-5.089956549999232,12.72340425531915,160.7112441000326,205.3274657200418
dynamic_rolling,20,15,3.0,0.05,10,0.0,4.0,both,94,366.0387098200745,1215.7142999999933,849.6755901799188,0.36603870982007447,1.2157142999999933,0.535768906106535,1.734066967376353,0.8476451970042387,0.5454814890800044,45.744680851063826,1.1658784109408737,1.6819309440994747,3.8940288278731328,-5.089956549999232,12.72340425531915,160.7112441000326,205.3274657200418
dynamic_rolling,20,15,3.0,0.05,20,0.0,4.0,both,94,366.0387098200745,1215.7142999999933,849.6755901799188,0.36603870982007447,1.2157142999999933,0.535768906106535,1.734066967376353,0.8476451970042387,0.5454814890800044,45.744680851063826,1.1658784109408737,1.6819309440994747,3.8940288278731328,-5.089956549999232,12.72340425531915,160.7112441000326,205.3274657200418
dynamic_rolling,20,15,3.0,0.05,5,0.0,,both,94,366.0387098200745,1215.7142999999933,849.6755901799188,0.36603870982007447,1.2157142999999933,0.535768906106535,1.734066967376353,0.8476451970042387,0.5454814890800044,45.744680851063826,1.1658784109408737,1.6819309440994747,3.8940288278731328,-5.089956549999232,12.72340425531915,160.7112441000326,205.3274657200418
dynamic_rolling,20,15,3.0,0.05,10,0.0,,both,94,366.0387098200745,1215.7142999999933,849.6755901799188,0.36603870982007447,1.2157142999999933,0.535768906106535,1.734066967376353,0.8476451970042387,0.5454814890800044,45.744680851063826,1.1658784109408737,1.6819309440994747,3.8940288278731328,-5.089956549999232,12.72340425531915,160.7112441000326,205.3274657200418
dynamic_rolling,20,15,3.0,0.05,20,0.0,,both,94,366.0387098200745,1215.7142999999933,849.6755901799188,0.36603870982007447,1.2157142999999933,0.535768906106535,1.734066967376353,0.8476451970042387,0.5454814890800044,45.744680851063826,1.1658784109408737,1.6819309440994747,3.8940288278731328,-5.089956549999232,12.72340425531915,160.7112441000326,205.3274657200418
dynamic_rolling,30,15,3.0,0.0,0,0.0,4.0,both,87,292.7850396200696,1078.5445000000013,785.7594603799317,0.2927850396200696,1.0785445000000013,0.4847980697300097,1.731792002365037,0.7741235579594786,0.5375202451199439,51.724137931034484,1.1478516661631875,1.6678279644595209,3.365345282989306,3.1550089999970563,12.770114942528735,385.4812335000401,-92.6961938799705
dynamic_rolling,30,15,3.0,0.0,0,0.0,,both,87,292.7850396200696,1078.5445000000013,785.7594603799317,0.2927850396200696,1.0785445000000013,0.4847980697300097,1.731792002365037,0.7741235579594786,0.5375202451199439,51.724137931034484,1.1478516661631875,1.6678279644595209,3.365345282989306,3.1550089999970563,12.770114942528735,385.4812335000401,-92.6961938799705
dynamic_rolling,30,60,3.0,0.0,0,0.0,4.0,both,287,880.3935222002697,3470.442400000012,2590.0488777997425,0.8803935222002697,3.470442400000012,0.45473387490135025,1.768884449566697,0.7365143265812516,1.5678206687799832,54.00696864111498,1.0878375592990217,1.3901893799650122,3.0675732480845634,9.818720000000587,34.501742160278745,2145.420714500153,-1265.0271922998836
fixed_1.5,10,60,3.0,0.0,0,0.0,,both,332,879.3209753002634,3873.7085000000047,2994.3875246997413,0.8793209753002634,3.8737085000000047,0.45243418929809126,1.9440900604309557,0.6735989249128721,1.8099446755398239,55.72289156626506,1.0770566404556943,1.3809206370502873,2.6485571545188655,13.69151232000164,34.13253012048193,1385.6026279801463,-506.2816526798836
fixed_1.75,10,15,3.0,0.05,5,0.0,4.0,both,96,269.2303387800656,1137.9176999999793,868.6873612199137,0.26923033878006564,1.1379176999999792,0.42677162166358623,1.7322575558888038,0.6522810235854687,0.6407968448599859,54.166666666666664,1.1384544523727347,1.7165558475091451,2.8044826956256834,1.666182000000771,11.729166666666666,500.3438216200239,-231.11348283995835
fixed_1.75,10,15,3.0,0.05,10,0.0,4.0,both,96,269.2303387800656,1137.9176999999793,868.6873612199137,0.26923033878006564,1.1379176999999792,0.42677162166358623,1.7322575558888038,0.6522810235854687,0.6407968448599859,54.166666666666664,1.1384544523727347,1.7165558475091451,2.8044826956256834,1.666182000000771,11.729166666666666,500.3438216200239,-231.11348283995835
fixed_1.75,10,15,3.0,0.05,20,0.0,4.0,both,96,269.2303387800656,1137.9176999999793,868.6873612199137,0.26923033878006564,1.1379176999999792,0.42677162166358623,1.7322575558888038,0.6522810235854687,0.6407968448599859,54.166666666666664,1.1384544523727347,1.7165558475091451,2.8044826956256834,1.666182000000771,11.729166666666666,500.3438216200239,-231.11348283995835
fixed_1.75,10,15,3.0,0.05,5,0.0,,both,96,269.2303387800656,1137.9176999999793,868.6873612199137,0.26923033878006564,1.1379176999999792,0.42677162166358623,1.7322575558888038,0.6522810235854687,0.6407968448599859,54.166666666666664,1.1384544523727347,1.7165558475091451,2.8044826956256834,1.666182000000771,11.729166666666666,500.3438216200239,-231.11348283995835
fixed_1.75,10,15,3.0,0.05,10,0.0,,both,96,269.2303387800656,1137.9176999999793,868.6873612199137,0.26923033878006564,1.1379176999999792,0.42677162166358623,1.7322575558888038,0.6522810235854687,0.6407968448599859,54.166666666666664,1.1384544523727347,1.7165558475091451,2.8044826956256834,1.666182000000771,11.729166666666666,500.3438216200239,-231.11348283995835
fixed_1.75,10,15,3.0,0.05,20,0.0,,both,96,269.2303387800656,1137.9176999999793,868.6873612199137,0.26923033878006564,1.1379176999999792,0.42677162166358623,1.7322575558888038,0.6522810235854687,0.6407968448599859,54.166666666666664,1.1384544523727347,1.7165558475091451,2.8044826956256834,1.666182000000771,11.729166666666666,500.3438216200239,-231.11348283995835
fixed_1.75,10,15,3.0,0.15,5,0.0,4.0,both,96,269.2303387800656,1137.9176999999793,868.6873612199137,0.26923033878006564,1.1379176999999792,0.42677162166358623,1.7322575558888038,0.6522810235854687,0.6407968448599859,54.166666666666664,1.1384544523727347,1.7165558475091451,2.8044826956256834,1.666182000000771,11.729166666666666,500.3438216200239,-231.11348283995835
fixed_1.75,10,15,3.0,0.15,10,0.0,4.0,both,96,269.2303387800656,1137.9176999999793,868.6873612199137,0.26923033878006564,1.1379176999999792,0.42677162166358623,1.7322575558888038,0.6522810235854687,0.6407968448599859,54.166666666666664,1.1384544523727347,1.7165558475091451,2.8044826956256834,1.666182000000771,11.729166666666666,500.3438216200239,-231.11348283995835
dynamic_rolling,20,15,3.0,0.0,0,0.0,4.0,both,95,285.16494468007227,1143.8551999999995,858.6902553199272,0.28516494468007225,1.1438551999999995,0.4117951895609972,1.6132191939049743,0.6334386384849922,0.6894540740799421,50.526315789473685,1.1229490649593623,1.5952303317819656,3.0017362597902344,2.095680000002975,13.6,117.64037432004673,167.52457036002562
dynamic_rolling,20,15,3.0,0.0,0,0.0,,both,95,285.16494468007227,1143.8551999999995,858.6902553199272,0.28516494468007225,1.1438551999999995,0.4117951895609972,1.6132191939049743,0.6334386384849922,0.6894540740799421,50.526315789473685,1.1229490649593623,1.5952303317819656,3.0017362597902344,2.095680000002975,13.6,117.64037432004673,167.52457036002562
fixed_2.0,10,120,3.0,0.05,5,0.0,,both,181,984.1965889001665,2617.580500000022,1633.3839110998554,0.9841965889001665,2.617580500000022,0.3966572197587495,1.0311512177277815,0.6501621354519761,2.110340417979911,49.171270718232044,1.1031838569067731,1.2998500291931,5.437550214918047,-4.175489999996911,56.591160220994475,850.8247007601049,133.37188814006106
fixed_2.0,10,120,3.0,0.05,10,0.0,,both,181,984.1965889001665,2617.580500000022,1633.3839110998554,0.9841965889001665,2.617580500000022,0.3966572197587495,1.0311512177277815,0.6501621354519761,2.110340417979911,49.171270718232044,1.1031838569067731,1.2998500291931,5.437550214918047,-4.175489999996911,56.591160220994475,850.8247007601049,133.37188814006106
fixed_2.0,10,120,3.0,0.05,20,0.0,,both,181,984.1965889001665,2617.580500000022,1633.3839110998554,0.9841965889001665,2.617580500000022,0.3966572197587495,1.0311512177277815,0.6501621354519761,2.110340417979911,49.171270718232044,1.1031838569067731,1.2998500291931,5.437550214918047,-4.175489999996911,56.591160220994475,850.8247007601049,133.37188814006106
fixed_1.5,10,60,3.0,0.05,5,0.0,,both,324,718.8045913602136,3640.9313999999363,2922.1268086397226,0.7188045913602137,3.640931399999936,0.3868818560439395,1.9045206393360667,0.5686078467105529,1.5490101600999915,56.481481481481474,1.0663099545379962,1.3784462868839595,2.2185326893833754,9.346154999999563,33.574074074074076,1209.156006520139,-490.3514151599257
fixed_1.5,10,60,3.0,0.05,10,0.0,,both,324,718.8045913602136,3640.9313999999363,2922.1268086397226,0.7188045913602137,3.640931399999936,0.3868818560439395,1.9045206393360667,0.5686078467105529,1.5490101600999915,56.481481481481474,1.0663099545379962,1.3784462868839595,2.2185326893833754,9.346154999999563,33.574074074074076,1209.156006520139,-490.3514151599257
fixed_1.5,10,60,3.0,0.05,20,0.0,,both,324,718.8045913602136,3640.9313999999363,2922.1268086397226,0.7188045913602137,3.640931399999936,0.3868818560439395,1.9045206393360667,0.5686078467105529,1.5490101600999915,56.481481481481474,1.0663099545379962,1.3784462868839595,2.2185326893833754,9.346154999999563,33.574074074074076,1209.156006520139,-490.3514151599257
fixed_1.75,10,120,3.0,0.0,0,0.0,4.0,both,180,785.4596473001535,2411.1839000000055,1625.724252699852,0.7854596473001536,2.4111839000000055,0.3829768332283503,1.1530023203928443,0.564417900469737,2.1928817605399233,52.77777777777778,1.0837564107586566,1.2789252099602375,4.363664707223075,10.239356650000655,55.65555555555556,2045.2245549000809,-1259.7649075999263
fixed_2.0,10,15,3.0,0.0,0,0.0,4.0,both,94,519.135545820094,1369.7199000000014,850.5843541799075,0.519135545820094,1.3697199000000013,0.3499829521063884,0.9111450748354258,0.47715676955343167,1.9092344840000004,52.12765957446809,1.1771693574561104,1.5375585362011417,5.522718572554191,5.124328489999974,10.72340425531915,270.68700878006064,248.44853704003344
fixed_2.0,10,15,3.0,0.0,0,0.0,,both,94,519.135545820094,1369.7199000000014,850.5843541799075,0.519135545820094,1.3697199000000013,0.3499829521063884,0.9111450748354258,0.47715676955343167,1.9092344840000004,52.12765957446809,1.1771693574561104,1.5375585362011417,5.522718572554191,5.124328489999974,10.72340425531915,270.68700878006064,248.44853704003344
dynamic_rolling,30,60,3.0,0.05,5,0.0,4.0,both,268,470.53832846014745,2889.723099999963,2419.1847715398153,0.4705383284601475,2.8897230999999626,0.2694357244175754,1.6106524828123507,0.4190540824843086,1.6202387435599959,52.98507462686567,1.0483764381504845,1.3353726485846917,1.7557400315677143,6.441311940001212,34.541044776119406,1922.2325500800982,-1451.6942216199513
dynamic_rolling,30,60,3.0,0.05,10,0.0,4.0,both,268,470.53832846014745,2889.723099999963,2419.1847715398153,0.4705383284601475,2.8897230999999626,0.2694357244175754,1.6106524828123507,0.4190540824843086,1.6202387435599959,52.98507462686567,1.0483764381504845,1.3353726485846917,1.7557400315677143,6.441311940001212,34.541044776119406,1922.2325500800982,-1451.6942216199513
dynamic_rolling,30,60,3.0,0.05,20,0.0,4.0,both,268,470.53832846014745,2889.723099999963,2419.1847715398153,0.4705383284601475,2.8897230999999626,0.2694357244175754,1.6106524828123507,0.4190540824843086,1.6202387435599959,52.98507462686567,1.0483764381504845,1.3353726485846917,1.7557400315677143,6.441311940001212,34.541044776119406,1922.2325500800982,-1451.6942216199513
fixed_1.5,10,60,3.0,0.0,0,0.0,4.0,both,296,474.0792801602339,3144.0842000000034,2670.0049198397696,0.4740792801602339,3.144084200000003,0.25733151622151756,1.64867043397019,0.3727495831990506,1.8771293946198129,56.08108108108109,1.0451539954830618,1.3344734487427317,1.6016191897305199,15.895816160000699,35.0304054054054,1436.5790544401339,-962.4997742798987
fixed_1.0,10,60,3.0,0.0,0,0.0,4.0,both,315,430.01367034028704,3270.0591000000013,2840.0454296597145,0.43001367034028704,3.2700591000000014,0.24682089660153872,1.8090173456158714,0.30949204424755006,2.0841965965399867,62.857142857142854,1.0378260711888556,1.3162545304697848,1.3651227629850382,17.689600560003832,35.05079365079365,793.461316940187,-363.4476465999006
fixed_2.0,10,120,3.0,0.0,0,0.0,,both,185,594.3058096001821,2263.265400000021,1668.959590399839,0.5943058096001821,2.263265400000021,0.22089939183492271,0.799446802967857,0.3237102258626002,2.1748604526598503,49.18918918918919,1.0578683973076546,1.2389861552431911,3.21246383567666,-0.7962299999957523,56.83783783783784,520.9907885801084,73.315021020074
fixed_1.5,10,60,3.0,0.15,5,0.0,4.0,both,271,385.65923122018893,2830.129499999971,2444.470268779782,0.3856592312201889,2.830129499999971,0.21856438262363742,1.5387587365272657,0.3106048241559803,1.7598080202000272,58.671586715867164,1.0402992412297414,1.3293183046007877,1.4230967941704389,12.223290200002317,34.65313653136531,1142.8941136601302,-757.2348824399405
fixed_1.5,10,60,3.0,0.15,10,0.0,4.0,both,271,385.65923122018893,2830.129499999971,2444.470268779782,0.3856592312201889,2.830129499999971,0.21856438262363742,1.5387587365272657,0.3106048241559803,1.7598080202000272,58.671586715867164,1.0402992412297414,1.3293183046007877,1.4230967941704389,12.223290200002317,34.65313653136531,1142.8941136601302,-757.2348824399405
fixed_1.75,10,120,3.0,0.05,5,0.0,4.0,both,163,399.3596657601672,1873.2592000000063,1473.899534239839,0.39935966576016724,1.8732592000000061,0.2087919391277914,0.9417278952432406,0.305773455312714,2.5654972048398923,51.533742331288344,1.0466600156993149,1.237556326221031,2.45005929914213,4.869191999999325,56.41717791411043,1225.055424740091,-825.6957589799234
fixed_1.75,10,120,3.0,0.05,10,0.0,4.0,both,163,399.3596657601672,1873.2592000000063,1473.899534239839,0.39935966576016724,1.8732592000000061,0.2087919391277914,0.9417278952432406,0.305773455312714,2.5654972048398923,51.533742331288344,1.0466600156993149,1.237556326221031,2.45005929914213,4.869191999999325,56.41717791411043,1225.055424740091,-825.6957589799234
fixed_1.75,10,120,3.0,0.05,20,0.0,4.0,both,163,399.3596657601672,1873.2592000000063,1473.899534239839,0.39935966576016724,1.8732592000000061,0.2087919391277914,0.9417278952432406,0.305773455312714,2.5654972048398923,51.533742331288344,1.0466600156993149,1.237556326221031,2.45005929914213,4.869191999999325,56.41717791411043,1225.055424740091,-825.6957589799234
dynamic_rolling,10,120,3.0,0.0,0,0.0,4.0,both,182,350.1044208401737,1990.9232000000086,1640.8187791598348,0.3501044208401737,1.9909232000000086,0.20483803668123596,1.1204295253859649,0.27962091465997096,1.6598717079799097,55.494505494505496,1.0414734801657357,1.2571886749218777,1.9236506639569984,11.681655800001515,58.510989010989015,271.6984927000835,78.40592814009014
dynamic_rolling,30,60,3.0,0.15,5,0.0,4.0,both,266,356.79894472017054,2758.0215999999887,2401.2226552798184,0.35679894472017054,2.7580215999999886,0.204331385281638,1.5205916890037845,0.313192068408216,1.7053710345199942,53.75939849624061,1.0364361089004455,1.3168927819134162,1.3413494162412427,7.587341940000371,34.3984962406015,1877.1010670601083,-1520.302122339938
dynamic_rolling,30,60,3.0,0.15,10,0.0,4.0,both,266,356.79894472017054,2758.0215999999887,2401.2226552798184,0.35679894472017054,2.7580215999999886,0.204331385281638,1.5205916890037845,0.313192068408216,1.7053710345199942,53.75939849624061,1.0364361089004455,1.3168927819134162,1.3413494162412427,7.587341940000371,34.3984962406015,1877.1010670601083,-1520.302122339938
fixed_1.5,10,15,3.0,0.05,5,0.0,4.0,both,96,124.47696244007989,991.5823999999932,867.1054375599133,0.12447696244007989,0.9915823999999932,0.20195867831046826,1.534876057117888,0.3221596387177766,0.4615611623399745,55.208333333333336,1.0640424514832083,1.6226390972552347,1.2966350254174988,4.995193500000756,11.447916666666666,360.3777692600312,-235.90080681995124
fixed_1.5,10,15,3.0,0.05,10,0.0,4.0,both,96,124.47696244007989,991.5823999999932,867.1054375599133,0.12447696244007989,0.9915823999999932,0.20195867831046826,1.534876057117888,0.3221596387177766,0.4615611623399745,55.208333333333336,1.0640424514832083,1.6226390972552347,1.2966350254174988,4.995193500000756,11.447916666666666,360.3777692600312,-235.90080681995124
fixed_1.5,10,15,3.0,0.05,20,0.0,4.0,both,96,124.47696244007989,991.5823999999932,867.1054375599133,0.12447696244007989,0.9915823999999932,0.20195867831046826,1.534876057117888,0.3221596387177766,0.4615611623399745,55.208333333333336,1.0640424514832083,1.6226390972552347,1.2966350254174988,4.995193500000756,11.447916666666666,360.3777692600312,-235.90080681995124
fixed_1.5,10,15,3.0,0.05,5,0.0,,both,96,124.47696244007989,991.5823999999932,867.1054375599133,0.12447696244007989,0.9915823999999932,0.20195867831046826,1.534876057117888,0.3221596387177766,0.4615611623399745,55.208333333333336,1.0640424514832083,1.6226390972552347,1.2966350254174988,4.995193500000756,11.447916666666666,360.3777692600312,-235.90080681995124
fixed_1.5,10,15,3.0,0.05,10,0.0,,both,96,124.47696244007989,991.5823999999932,867.1054375599133,0.12447696244007989,0.9915823999999932,0.20195867831046826,1.534876057117888,0.3221596387177766,0.4615611623399745,55.208333333333336,1.0640424514832083,1.6226390972552347,1.2966350254174988,4.995193500000756,11.447916666666666,360.3777692600312,-235.90080681995124
fixed_1.5,10,15,3.0,0.05,20,0.0,,both,96,124.47696244007989,991.5823999999932,867.1054375599133,0.12447696244007989,0.9915823999999932,0.20195867831046826,1.534876057117888,0.3221596387177766,0.4615611623399745,55.208333333333336,1.0640424514832083,1.6226390972552347,1.2966350254174988,4.995193500000756,11.447916666666666,360.3777692600312,-235.90080681995124
fixed_1.5,10,15,3.0,0.15,5,0.0,4.0,both,96,124.47696244007989,991.5823999999932,867.1054375599133,0.12447696244007989,0.9915823999999932,0.20195867831046826,1.534876057117888,0.3221596387177766,0.4615611623399745,55.208333333333336,1.0640424514832083,1.6226390972552347,1.2966350254174988,4.995193500000756,11.447916666666666,360.3777692600312,-235.90080681995124
fixed_1.5,10,15,3.0,0.15,10,0.0,4.0,both,96,124.47696244007989,991.5823999999932,867.1054375599133,0.12447696244007989,0.9915823999999932,0.20195867831046826,1.534876057117888,0.3221596387177766,0.4615611623399745,55.208333333333336,1.0640424514832083,1.6226390972552347,1.2966350254174988,4.995193500000756,11.447916666666666,360.3777692600312,-235.90080681995124
fixed_1.0,10,15,3.0,0.15,5,0.0,4.0,both,106,106.54530630008911,1063.4957000000027,956.9503936999135,0.1065453063000891,1.0634957000000027,0.18295730926719644,1.7654097801307522,0.28995557914716813,0.5311068601200241,48.113207547169814,1.0538877461520324,1.6950021075607578,1.0051443990574445,-1.8395106399982453,10.367924528301886,-377.1953086799535,483.74061498004244
fixed_1.0,10,15,3.0,0.15,10,0.0,4.0,both,106,106.54530630008911,1063.4957000000027,956.9503936999135,0.1065453063000891,1.0634957000000027,0.18295730926719644,1.7654097801307522,0.28995557914716813,0.5311068601200241,48.113207547169814,1.0538877461520324,1.6950021075607578,1.0051443990574445,-1.8395106399982453,10.367924528301886,-377.1953086799535,483.74061498004244
fixed_1.75,10,15,3.0,0.0,0,0.0,4.0,both,97,120.53672108007743,998.3769999999813,877.8402789199039,0.12053672108007743,0.9983769999999814,0.18229936288318313,1.45418855880016,0.2631455681277372,0.8106545087199192,51.546391752577314,1.0563616191811245,1.5706881655216614,1.242646609072963,3.7397764799990814,12.608247422680412,255.0213296800498,-134.48460859997255
fixed_1.75,10,15,3.0,0.0,0,0.0,,both,97,120.53672108007743,998.3769999999813,877.8402789199039,0.12053672108007743,0.9983769999999814,0.18229936288318313,1.45418855880016,0.2631455681277372,0.8106545087199192,51.546391752577314,1.0563616191811245,1.5706881655216614,1.242646609072963,3.7397764799990814,12.608247422680412,255.0213296800498,-134.48460859997255
fixed_1.0,10,15,3.0,0.0,0,0.0,4.0,both,108,106.6007507001092,1081.2153000000112,974.614549299902,0.1066007507001092,1.0812153000000113,0.17817289385793725,1.744850401690496,0.25260792621856637,0.5360693039400066,53.70370370370371,1.0475601831208907,1.5891872910634006,0.9870439879639741,4.50793222999898,11.13888888888889,-127.67784729992273,234.27859800003216
fixed_1.0,10,15,3.0,0.0,0,0.0,,both,108,106.6007507001092,1081.2153000000112,974.614549299902,0.1066007507001092,1.0812153000000113,0.17817289385793725,1.744850401690496,0.25260792621856637,0.5360693039400066,53.70370370370371,1.0475601831208907,1.5891872910634006,0.9870439879639741,4.50793222999898,11.13888888888889,-127.67784729992273,234.27859800003216
dynamic_rolling,10,120,3.0,0.0,0,0.0,,both,190,289.13292296018454,2003.135600000013,1714.0026770398285,0.28913292296018456,2.003135600000013,0.16953263516162942,1.1187607265905175,0.23000922240190882,1.6598717079799097,55.26315789473685,1.033413284702619,1.2527742812475111,1.5217522261062344,10.317282450001088,56.57368421052632,288.93945826008917,0.19346470009572414
fixed_1.25,10,120,3.0,0.0,0,0.0,,both,216,332.00648390014896,2282.3016999999927,1950.2952160998439,0.332006483900149,2.282301699999993,0.16948008156437822,1.1034666944166645,0.21523543082453722,2.9541999467199784,56.018518518518526,1.0310447930061875,1.2308212983405682,1.5370670550932823,20.846808010002416,57.254629629629626,2068.149116320065,-1736.1426324199158
dynamic_rolling,5,120,3.0,0.05,5,0.0,,both,185,289.712855900186,1958.0921000000117,1668.3792440998257,0.28971285590018603,1.9580921000000115,0.1619439131424076,1.0405538851380072,0.23401264313265913,2.273586380639957,51.891891891891895,1.033660805479175,1.2495464248261803,1.5660154372983028,2.613992639997683,58.34594594594594,508.04352818008635,-218.33067227990026
fixed_1.25,10,120,3.0,0.0,0,0.0,4.0,both,206,311.60004530013975,2171.0286999999867,1859.428654699847,0.31160004530013974,2.1710286999999866,0.16009085299168008,1.0523637819008465,0.20345602997919662,3.0331454897199874,57.28155339805825,1.029757706197051,1.2236840368642476,1.512621579126892,23.940734500000517,58.42718446601942,2058.0890863600594,-1746.489041059919
dynamic_rolling,5,120,3.0,0.0,0,0.0,4.0,both,182,269.7692720201609,1910.5080999999861,1640.7388279798251,0.2697692720201609,1.9105080999999862,0.15190104805765467,1.0204481316849106,0.215331611582472,1.8736192716799998,54.395604395604394,1.0295619587531681,1.2271423021764476,1.4822487473635213,8.962654769999135,59.43956043956044,1165.0266536800905,-895.2573816599293
fixed_2.0,10,15,3.0,0.15,5,0.0,4.0,both,93,202.58671050008087,1044.1898999999976,841.6031894999167,0.20258671050008087,1.0441898999999975,0.14148762156676936,0.6975869616562255,0.17840740273717262,1.818428196000008,49.46236559139785,1.0715752424149898,1.4285929598677207,2.178351725807321,-0.5709056600007543,9.817204301075268,86.40302066003184,116.18368984004876
fixed_2.0,10,15,3.0,0.15,10,0.0,4.0,both,93,202.58671050008087,1044.1898999999976,841.6031894999167,0.20258671050008087,1.0441898999999975,0.14148762156676936,0.6975869616562255,0.17840740273717262,1.818428196000008,49.46236559139785,1.0715752424149898,1.4285929598677207,2.178351725807321,-0.5709056600007543,9.817204301075268,86.40302066003184,116.18368984004876
fixed_2.0,10,15,3.0,0.05,5,0.0,4.0,both,93,195.17819250008063,1036.7798999999977,841.6017074999171,0.19517819250008062,1.0367798999999978,0.1365908495012746,0.6926952238619234,0.17222904376596856,1.818428196000008,49.46236559139785,1.0687777390673145,1.424261110277003,2.098690241936351,-0.5709056600007543,9.827956989247312,86.40302066003184,108.77517184004851
fixed_2.0,10,15,3.0,0.05,10,0.0,4.0,both,93,195.17819250008063,1036.7798999999977,841.6017074999171,0.19517819250008062,1.0367798999999978,0.1365908495012746,0.6926952238619234,0.17222904376596856,1.818428196000008,49.46236559139785,1.0687777390673145,1.424261110277003,2.098690241936351,-0.5709056600007543,9.827956989247312,86.40302066003184,108.77517184004851
fixed_2.0,10,15,3.0,0.05,20,0.0,4.0,both,93,195.17819250008063,1036.7798999999977,841.6017074999171,0.19517819250008062,1.0367798999999978,0.1365908495012746,0.6926952238619234,0.17222904376596856,1.818428196000008,49.46236559139785,1.0687777390673145,1.424261110277003,2.098690241936351,-0.5709056600007543,9.827956989247312,86.40302066003184,108.77517184004851
fixed_2.0,10,15,3.0,0.05,5,0.0,,both,93,195.17819250008063,1036.7798999999977,841.6017074999171,0.19517819250008062,1.0367798999999978,0.1365908495012746,0.6926952238619234,0.17222904376596856,1.818428196000008,49.46236559139785,1.0687777390673145,1.424261110277003,2.098690241936351,-0.5709056600007543,9.827956989247312,86.40302066003184,108.77517184004851
fixed_2.0,10,15,3.0,0.05,10,0.0,,both,93,195.17819250008063,1036.7798999999977,841.6017074999171,0.19517819250008062,1.0367798999999978,0.1365908495012746,0.6926952238619234,0.17222904376596856,1.818428196000008,49.46236559139785,1.0687777390673145,1.424261110277003,2.098690241936351,-0.5709056600007543,9.827956989247312,86.40302066003184,108.77517184004851
fixed_2.0,10,15,3.0,0.05,20,0.0,,both,93,195.17819250008063,1036.7798999999977,841.6017074999171,0.19517819250008062,1.0367798999999978,0.1365908495012746,0.6926952238619234,0.17222904376596856,1.818428196000008,49.46236559139785,1.0687777390673145,1.424261110277003,2.098690241936351,-0.5709056600007543,9.827956989247312,86.40302066003184,108.77517184004851
fixed_1.0,10,15,3.0,0.05,5,0.0,4.0,both,106,77.15118630008844,1034.0957,956.9445136999117,0.07715118630008844,1.0340957000000002,0.13291987987962361,1.7136866720515287,0.20972629410818677,0.5311068601200241,47.16981132075472,1.0385443850523202,1.669040462203362,0.7278413801895136,-2.1361214599960414,10.377358490566039,-377.1953086799535,454.3464949800419
fixed_1.0,10,15,3.0,0.05,10,0.0,4.0,both,106,77.15118630008844,1034.0957,956.9445136999117,0.07715118630008844,1.0340957000000002,0.13291987987962361,1.7136866720515287,0.20972629410818677,0.5311068601200241,47.16981132075472,1.0385443850523202,1.669040462203362,0.7278413801895136,-2.1361214599960414,10.377358490566039,-377.1953086799535,454.3464949800419
fixed_1.0,10,15,3.0,0.05,20,0.0,4.0,both,106,77.15118630008844,1034.0957,956.9445136999117,0.07715118630008844,1.0340957000000002,0.13291987987962361,1.7136866720515287,0.20972629410818677,0.5311068601200241,47.16981132075472,1.0385443850523202,1.669040462203362,0.7278413801895136,-2.1361214599960414,10.377358490566039,-377.1953086799535,454.3464949800419
fixed_1.0,10,15,3.0,0.05,5,0.0,,both,106,77.15118630008844,1034.0957,956.9445136999117,0.07715118630008844,1.0340957000000002,0.13291987987962361,1.7136866720515287,0.20972629410818677,0.5311068601200241,47.16981132075472,1.0385443850523202,1.669040462203362,0.7278413801895136,-2.1361214599960414,10.377358490566039,-377.1953086799535,454.3464949800419
fixed_1.0,10,15,3.0,0.05,10,0.0,,both,106,77.15118630008844,1034.0957,956.9445136999117,0.07715118630008844,1.0340957000000002,0.13291987987962361,1.7136866720515287,0.20972629410818677,0.5311068601200241,47.16981132075472,1.0385443850523202,1.669040462203362,0.7278413801895136,-2.1361214599960414,10.377358490566039,-377.1953086799535,454.3464949800419
fixed_1.0,10,15,3.0,0.05,20,0.0,,both,106,77.15118630008844,1034.0957,956.9445136999117,0.07715118630008844,1.0340957000000002,0.13291987987962361,1.7136866720515287,0.20972629410818677,0.5311068601200241,47.16981132075472,1.0385443850523202,1.669040462203362,0.7278413801895136,-2.1361214599960414,10.377358490566039,-377.1953086799535,454.3464949800419
fixed_1.75,10,60,3.0,0.0,0,0.0,,both,328,240.39116286028752,3201.137100000019,2960.7459371397317,0.24039116286028753,3.201137100000019,0.12291953987244425,1.4983184327203927,0.186860625475243,1.6286729555599302,53.963414634146346,1.0192227105116947,1.2861661258290007,0.7328998867691693,7.552420499997532,34.41158536585366,2223.58851786016,-1983.1973549998718
dynamic_rolling,5,15,3.0,0.15,5,0.0,4.0,both,96,94.40135842008806,962.1191000000036,867.7177415799156,0.09440135842008805,0.9621191000000036,0.12203710747640364,1.1915077673620116,0.17312613611884475,0.7353478471600247,53.125,1.0400393542252748,1.4809261651281038,0.9833474835425839,3.2287860000002286,11.854166666666666,-96.61123677997492,191.01259520006278
dynamic_rolling,5,15,3.0,0.15,10,0.0,4.0,both,96,94.40135842008806,962.1191000000036,867.7177415799156,0.09440135842008805,0.9621191000000036,0.12203710747640364,1.1915077673620116,0.17312613611884475,0.7353478471600247,53.125,1.0400393542252748,1.4809261651281038,0.9833474835425839,3.2287860000002286,11.854166666666666,-96.61123677997492,191.01259520006278
dynamic_rolling,5,120,3.0,0.0,0,0.0,,both,191,203.987055180173,1926.535899999992,1722.548844819819,0.20398705518017302,1.926535899999992,0.11582717709149676,1.014588503191869,0.1629570537859332,2.006223273680007,53.92670157068062,1.0216258374381837,1.2217507856524783,1.0679950532993352,8.504624639998328,58.12041884816754,947.6343426800947,-743.6472874999217
fixed_1.5,10,60,3.0,0.05,5,0.0,4.0,both,277,178.8227328201764,2677.54809999995,2498.7253671797735,0.1788227328201764,2.67754809999995,0.10591545218941285,1.4511956884066368,0.15033333834070542,1.8564792762200375,57.03971119133574,1.018157750341154,1.3037961664301472,0.6455694325638137,9.950070000000235,34.541516245487365,1225.9320761801237,-1047.1093433599463
fixed_1.5,10,60,3.0,0.05,10,0.0,4.0,both,277,178.8227328201764,2677.54809999995,2498.7253671797735,0.1788227328201764,2.67754809999995,0.10591545218941285,1.4511956884066368,0.15033333834070542,1.8564792762200375,57.03971119133574,1.018157750341154,1.3037961664301472,0.6455694325638137,9.950070000000235,34.541516245487365,1225.9320761801237,-1047.1093433599463
fixed_1.5,10,60,3.0,0.05,20,0.0,4.0,both,277,178.8227328201764,2677.54809999995,2498.7253671797735,0.1788227328201764,2.67754809999995,0.10591545218941285,1.4511956884066368,0.15033333834070542,1.8564792762200375,57.03971119133574,1.018157750341154,1.3037961664301472,0.6455694325638137,9.950070000000235,34.541516245487365,1225.9320761801237,-1047.1093433599463
dynamic_rolling,5,15,3.0,0.05,5,0.0,4.0,both,96,78.86446642008536,946.5790999999992,867.7146335799139,0.07886446642008536,0.9465790999999992,0.10258348462076765,1.17259464424486,0.14550370457542808,0.7353478471600247,52.083333333333336,1.0332999606567526,1.4727861037174554,0.8215048585425558,1.8922710000005072,11.875,-96.61123677997492,175.47570320006014
dynamic_rolling,5,15,3.0,0.05,10,0.0,4.0,both,96,78.86446642008536,946.5790999999992,867.7146335799139,0.07886446642008536,0.9465790999999992,0.10258348462076765,1.17259464424486,0.14550370457542808,0.7353478471600247,52.083333333333336,1.0332999606567526,1.4727861037174554,0.8215048585425558,1.8922710000005072,11.875,-96.61123677997492,175.47570320006014
dynamic_rolling,5,15,3.0,0.05,20,0.0,4.0,both,96,78.86446642008536,946.5790999999992,867.7146335799139,0.07886446642008536,0.9465790999999992,0.10258348462076765,1.17259464424486,0.14550370457542808,0.7353478471600247,52.083333333333336,1.0332999606567526,1.4727861037174554,0.8215048585425558,1.8922710000005072,11.875,-96.61123677997492,175.47570320006014
dynamic_rolling,5,15,3.0,0.05,5,0.0,,both,96,78.86446642008536,946.5790999999992,867.7146335799139,0.07886446642008536,0.9465790999999992,0.10258348462076765,1.17259464424486,0.14550370457542808,0.7353478471600247,52.083333333333336,1.0332999606567526,1.4727861037174554,0.8215048585425558,1.8922710000005072,11.875,-96.61123677997492,175.47570320006014
dynamic_rolling,5,15,3.0,0.05,10,0.0,,both,96,78.86446642008536,946.5790999999992,867.7146335799139,0.07886446642008536,0.9465790999999992,0.10258348462076765,1.17259464424486,0.14550370457542808,0.7353478471600247,52.083333333333336,1.0332999606567526,1.4727861037174554,0.8215048585425558,1.8922710000005072,11.875,-96.61123677997492,175.47570320006014
dynamic_rolling,5,15,3.0,0.05,20,0.0,,both,96,78.86446642008536,946.5790999999992,867.7146335799139,0.07886446642008536,0.9465790999999992,0.10258348462076765,1.17259464424486,0.14550370457542808,0.7353478471600247,52.083333333333336,1.0332999606567526,1.4727861037174554,0.8215048585425558,1.8922710000005072,11.875,-96.61123677997492,175.47570320006014
dynamic_rolling,5,120,3.0,0.05,10,0.0,,both,185,155.63257790018997,1824.0921000000124,1668.4595220998224,0.15563257790018997,1.8240921000000125,0.09149935841869053,0.9715402123900104,0.1320701180101613,2.289046816639951,51.35135135135135,1.0180559227705595,1.2323671031419017,0.8412571778388647,2.0070680000004657,58.362162162162164,508.04352818008635,-352.4109502798968
dynamic_rolling,5,120,3.0,0.05,20,0.0,,both,185,155.63257790018997,1824.0921000000124,1668.4595220998224,0.15563257790018997,1.8240921000000125,0.09149935841869053,0.9715402123900104,0.1320701180101613,2.289046816639951,51.35135135135135,1.0180559227705595,1.2323671031419017,0.8412571778388647,2.0070680000004657,58.362162162162164,508.04352818008635,-352.4109502798968
fixed_1.75,10,120,3.0,0.15,10,0.0,4.0,both,162,134.38844894017598,1599.4623000000165,1465.0738510598405,0.134388448940176,1.5994623000000165,0.07686089598886298,0.8045213382403528,0.11221751503350157,2.798752696319905,51.85185185185185,1.015529499676357,1.20033422724126,0.8295583267912098,4.323150500000171,56.45061728395062,1166.891067020101,-1032.5026180799246
fixed_1.25,10,60,3.0,0.0,0,0.0,,both,341,88.56728182030076,3164.764500000002,3076.1972181797014,0.08856728182030077,3.164764500000002,0.054471170213326266,1.584861302106882,0.06631477447615522,1.8702138112599787,60.410557184750736,1.007293978863598,1.2879149762836384,0.25972809917976764,15.295051799999781,34.530791788856305,1098.5814466401916,-1010.0141648198899
fixed_1.75,10,120,3.0,0.15,5,0.0,4.0,both,161,-11.134811059828507,1444.9223000000106,1456.0571110598391,-0.011134811059828508,1.4449223000000107,0.0044853904018982505,0.7319302974585342,0.0065181476504027076,2.798752696319905,51.5527950310559,0.9987154792514881,1.1807945249320877,-0.06916031714179197,3.7771090000010172,56.69565217391305,1152.1881270201009,-1163.3229380799296
dynamic_rolling,10,120,3.0,0.05,5,0.0,,both,185,-46.67821887980509,1623.2988000000182,1669.9770188798234,-0.04667821887980509,1.6232988000000181,-0.0168597645334557,0.9096199272061046,-0.022843605525300795,1.757778876959841,51.891891891891895,0.9946070370705187,1.205934035548661,-0.25231469664759504,5.018945760000998,56.54054054054054,-100.63831709990777,53.960098220102985
dynamic_rolling,10,120,3.0,0.05,10,0.0,,both,185,-46.67821887980509,1623.2988000000182,1669.9770188798234,-0.04667821887980509,1.6232988000000181,-0.0168597645334557,0.9096199272061046,-0.022843605525300795,1.757778876959841,51.891891891891895,0.9946070370705187,1.205934035548661,-0.25231469664759504,5.018945760000998,56.54054054054054,-100.63831709990777,53.960098220102985
dynamic_rolling,10,120,3.0,0.05,20,0.0,,both,185,-46.67821887980509,1623.2988000000182,1669.9770188798234,-0.04667821887980509,1.6232988000000181,-0.0168597645334557,0.9096199272061046,-0.022843605525300795,1.757778876959841,51.891891891891895,0.9946070370705187,1.205934035548661,-0.25231469664759504,5.018945760000998,56.54054054054054,-100.63831709990777,53.960098220102985
dynamic_rolling,10,60,3.0,0.15,5,0.0,4.0,both,271,-137.17768937979258,2308.2201000000164,2445.397789379809,-0.13717768937979258,2.308220100000016,-0.06398173333724583,1.2434368886394254,-0.07856014887959495,2.2945103872399635,55.35055350553506,0.986063973749018,1.2622701734450676,-0.5061907357187918,7.904631000005903,34.800738007380076,710.7877605801416,-847.9654499599349
dynamic_rolling,10,60,3.0,0.15,10,0.0,4.0,both,271,-137.17768937979258,2308.2201000000164,2445.397789379809,-0.13717768937979258,2.308220100000016,-0.06398173333724583,1.2434368886394254,-0.07856014887959495,2.2945103872399635,55.35055350553506,0.986063973749018,1.2622701734450676,-0.5061907357187918,7.904631000005903,34.800738007380076,710.7877605801416,-847.9654499599349
fixed_1.5,10,15,3.0,0.0,0,0.0,4.0,both,96,-44.185721059927914,822.8236999999885,867.0094210599165,-0.044185721059927914,0.8228236999999885,-0.07148011073863532,1.349834922927025,-0.10528290615050932,0.5136897305400053,54.166666666666664,0.9784993191265184,1.4876442229365927,-0.46026792770758246,4.261911239999425,12.46875,212.7619536200325,-256.94767467996036
fixed_1.5,10,15,3.0,0.0,0,0.0,,both,96,-44.185721059927914,822.8236999999885,867.0094210599165,-0.044185721059927914,0.8228236999999885,-0.07148011073863532,1.349834922927025,-0.10528290615050932,0.5136897305400053,54.166666666666664,0.9784993191265184,1.4876442229365927,-0.46026792770758246,4.261911239999425,12.46875,212.7619536200325,-256.94767467996036
fixed_2.0,10,120,3.0,0.05,5,0.0,4.0,both,162,-199.95752147985712,1262.3898000000222,1462.3473214798794,-0.19995752147985713,1.2623898000000222,-0.08360224739279479,0.605096500020472,-0.11575210418944534,2.143166130039914,49.382716049382715,0.9777065584626631,1.1530596722939779,-1.2343056881472663,-3.2741084999984276,57.95061728395062,-740.6398744799056,540.6823530000481
fixed_2.0,10,120,3.0,0.05,10,0.0,4.0,both,162,-199.95752147985712,1262.3898000000222,1462.3473214798794,-0.19995752147985713,1.2623898000000222,-0.08360224739279479,0.605096500020472,-0.11575210418944534,2.143166130039914,49.382716049382715,0.9777065584626631,1.1530596722939779,-1.2343056881472663,-3.2741084999984276,57.95061728395062,-740.6398744799056,540.6823530000481
fixed_2.0,10,120,3.0,0.05,20,0.0,4.0,both,162,-199.95752147985712,1262.3898000000222,1462.3473214798794,-0.19995752147985713,1.2623898000000222,-0.08360224739279479,0.605096500020472,-0.11575210418944534,2.143166130039914,49.382716049382715,0.9777065584626631,1.1530596722939779,-1.2343056881472663,-3.2741084999984276,57.95061728395062,-740.6398744799056,540.6823530000481
fixed_2.0,10,120,3.0,0.15,5,0.0,4.0,both,159,-208.22242423985062,1226.7234000000221,1434.9458242398728,-0.20822242423985063,1.2267234000000222,-0.08793076979230342,0.590540617506445,-0.12070050051104897,2.099771266759926,49.685534591194966,0.9767312302621,1.1489356838004383,-1.3095749952191864,-5.809003999998758,57.0188679245283,-855.6004751399018,647.3780509000512
fixed_2.0,10,120,3.0,0.15,10,0.0,4.0,both,159,-225.48779523984717,1209.4984000000259,1434.986195239873,-0.2254877952398472,1.2094984000000257,-0.09625761814871835,0.583147158426581,-0.13211870633348022,2.099771266759926,49.685534591194966,0.9747400006351115,1.1472358881396814,-1.4181622342128752,-5.809003999998758,57.081761006289305,-833.6960951398996,608.2082999000522
fixed_1.75,10,30,3.0,0.0,0,0.0,,both,391,-240.14587427965773,3286.693200000008,3526.8390742796655,-0.24014587427965772,3.2866932000000078,-0.11318700521613739,1.680286901936586,-0.15150066199676573,2.4983766314198728,54.73145780051151,0.9809108381226168,1.2957789333221463,-0.6141838216871042,5.826492000000876,20.421994884910486,951.3559010801873,-1191.5017753598463
dynamic_rolling,10,60,3.0,0.0,0,0.0,4.0,both,295,-254.56238605971072,2407.2193000000448,2661.7816860597554,-0.2545623860597107,2.407219300000045,-0.12452531313169428,1.2775942110678398,-0.15383957930770095,2.075691968639876,55.59322033898305,0.97650301106151,1.2485326654914712,-0.8629233425752906,11.936803199999382,35.159322033898306,833.1998091201467,-1087.7621951798576
fixed_1.75,10,60,3.0,0.05,5,0.0,,both,318,-273.47387139981345,2597.21199999995,2870.6858713997635,-0.27347387139981344,2.5972119999999497,-0.1369365936058307,1.3949331900641524,-0.19603934103059473,1.546149275859978,54.088050314465406,0.9772219857574262,1.2419293750571652,-0.8599807276723693,7.163396999998946,34.07861635220126,1452.516251720125,-1725.9901231199383
fixed_1.75,10,60,3.0,0.05,10,0.0,,both,318,-273.47387139981345,2597.21199999995,2870.6858713997635,-0.27347387139981344,2.5972119999999497,-0.1369365936058307,1.3949331900641524,-0.19603934103059473,1.546149275859978,54.088050314465406,0.9772219857574262,1.2419293750571652,-0.8599807276723693,7.163396999998946,34.07861635220126,1452.516251720125,-1725.9901231199383
fixed_1.75,10,60,3.0,0.05,20,0.0,,both,318,-273.47387139981345,2597.21199999995,2870.6858713997635,-0.27347387139981344,2.5972119999999497,-0.1369365936058307,1.3949331900641524,-0.19603934103059473,1.546149275859978,54.088050314465406,0.9772219857574262,1.2419293750571652,-0.8599807276723693,7.163396999998946,34.07861635220126,1452.516251720125,-1725.9901231199383
fixed_1.25,10,15,3.0,0.0,0,0.0,4.0,both,106,-111.04230479991617,845.2575999999949,956.299904799911,-0.11104230479991617,0.845257599999995,-0.1562518962339729,1.2058747530461915,-0.20178325863175464,1.1249475012799521,56.60377358490566,0.9555118744250479,1.397624538743215,-1.0475689132067563,6.471127500001418,11.877358490566039,-14.150585239942941,-96.89171955997324
fixed_1.25,10,15,3.0,0.0,0,0.0,,both,106,-111.04230479991617,845.2575999999949,956.299904799911,-0.11104230479991617,0.845257599999995,-0.1562518962339729,1.2058747530461915,-0.20178325863175464,1.1249475012799521,56.60377358490566,0.9555118744250479,1.397624538743215,-1.0475689132067563,6.471127500001418,11.877358490566039,-14.150585239942941,-96.89171955997324
fixed_1.25,10,60,3.0,0.0,0,0.0,4.0,both,306,-331.95217009972345,2428.656099999997,2760.6082700997204,-0.33195217009972344,2.428656099999997,-0.16102829524802242,1.2485587507276388,-0.19410859093698818,1.8702138112599787,59.80392156862745,0.9704381717758631,1.2387578011321454,-1.084811013397789,15.098567619999475,34.810457516339866,1102.0578672601816,-1434.0100373599041
dynamic_rolling,10,60,3.0,0.05,5,0.0,4.0,both,274,-319.9164220398096,2152.3883999999935,2472.304822039803,-0.3199164220398096,2.1523883999999933,-0.16216597818368067,1.162656508623329,-0.19885606059502123,2.309384246939924,54.379562043795616,0.9681672521849087,1.2399029584850947,-1.1675781826270424,7.546723940000507,34.89051094890511,709.8014690801301,-1029.7178911199398
dynamic_rolling,10,60,3.0,0.05,10,0.0,4.0,both,274,-319.9164220398096,2152.3883999999935,2472.304822039803,-0.3199164220398096,2.1523883999999933,-0.16216597818368067,1.162656508623329,-0.19885606059502123,2.309384246939924,54.379562043795616,0.9681672521849087,1.2399029584850947,-1.1675781826270424,7.546723940000507,34.89051094890511,709.8014690801301,-1029.7178911199398
dynamic_rolling,10,60,3.0,0.05,20,0.0,4.0,both,274,-319.9164220398096,2152.3883999999935,2472.304822039803,-0.3199164220398096,2.1523883999999933,-0.16216597818368067,1.162656508623329,-0.19885606059502123,2.309384246939924,54.379562043795616,0.9681672521849087,1.2399029584850947,-1.1675781826270424,7.546723940000507,34.89051094890511,709.8014690801301,-1029.7178911199398
fixed_2.0,10,60,3.0,0.0,0,0.0,4.0,both,316,-438.2731501997285,2413.8951999999986,2852.1683501997272,-0.43827315019972846,2.4138951999999985,-0.1718816272497935,1.0203272425398218,-0.21584499032422066,3.3853472194197236,52.53164556962025,0.968066036661943,1.1941252464096346,-1.386940348733318,7.509850999999728,34.59177215189873,2160.899735460155,-2599.1728856598847
fixed_2.0,10,60,3.0,0.05,5,0.0,,both,330,-376.5237391398048,2602.692099999951,2979.215839139756,-0.3765237391398048,2.602692099999951,-0.1754730356250828,1.2853572627522412,-0.2439419101683288,2.4922026286199688,51.81818181818182,0.9714235223622998,1.2202760155633596,-1.140981027696378,2.1558590000020486,33.512121212121215,1968.9210815401284,-2345.444820679934
fixed_2.0,10,60,3.0,0.05,10,0.0,,both,330,-376.5237391398048,2602.692099999951,2979.215839139756,-0.3765237391398048,2.602692099999951,-0.1754730356250828,1.2853572627522412,-0.2439419101683288,2.4922026286199688,51.81818181818182,0.9714235223622998,1.2202760155633596,-1.140981027696378,2.1558590000020486,33.512121212121215,1968.9210815401284,-2345.444820679934
fixed_2.0,10,60,3.0,0.05,20,0.0,,both,330,-376.5237391398048,2602.692099999951,2979.215839139756,-0.3765237391398048,2.602692099999951,-0.1754730356250828,1.2853572627522412,-0.2439419101683288,2.4922026286199688,51.81818181818182,0.9714235223622998,1.2202760155633596,-1.140981027696378,2.1558590000020486,33.512121212121215,1968.9210815401284,-2345.444820679934
dynamic_rolling,10,60,3.0,0.05,5,0.0,,both,310,-366.0716066397895,2430.8931999999822,2796.9648066397717,-0.36607160663978944,2.430893199999982,-0.18217802805503702,1.2839931399469007,-0.2277551940072529,2.498053671099959,52.903225806451616,0.9678872350643943,1.2398742778576435,-1.1808761504509337,6.491402619997893,34.016129032258064,662.6598823201451,-1028.7314889599338
dynamic_rolling,10,60,3.0,0.05,10,0.0,,both,310,-366.0716066397895,2430.8931999999822,2796.9648066397717,-0.36607160663978944,2.430893199999982,-0.18217802805503702,1.2839931399469007,-0.2277551940072529,2.498053671099959,52.903225806451616,0.9678872350643943,1.2398742778576435,-1.1808761504509337,6.491402619997893,34.016129032258064,662.6598823201451,-1028.7314889599338
dynamic_rolling,10,60,3.0,0.05,20,0.0,,both,310,-366.0716066397895,2430.8931999999822,2796.9648066397717,-0.36607160663978944,2.430893199999982,-0.18217802805503702,1.2839931399469007,-0.2277551940072529,2.498053671099959,52.903225806451616,0.9678872350643943,1.2398742778576435,-1.1808761504509337,6.491402619997893,34.016129032258064,662.6598823201451,-1028.7314889599338
dynamic_rolling,10,60,3.0,0.0,0,0.0,,both,319,-386.4328040796995,2491.9462000000403,2878.37900407974,-0.3864328040796995,2.49194620000004,-0.1886293995643913,1.2930025354583468,-0.23714680754750578,2.1606952174998733,54.858934169278996,0.9674645128056272,1.2346316505326815,-1.2113881005633214,9.025632000003371,34.41065830721003,823.8016326801528,-1210.2344367598525
fixed_1.25,10,120,3.0,0.05,5,0.0,,both,210,-459.3690466798763,1436.9123999999822,1896.2814466798586,-0.45936904667987627,1.4369123999999822,-0.2066422762039266,0.690832694522723,-0.2583675956159446,3.5429443325799657,58.0952380952381,0.9571704029090427,1.1441583895862044,-2.187471650856554,15.781643999998522,57.39523809523809,1333.7533765200762,-1793.1224231999524
fixed_1.25,10,120,3.0,0.05,10,0.0,,both,210,-459.3690466798763,1436.9123999999822,1896.2814466798586,-0.45936904667987627,1.4369123999999822,-0.2066422762039266,0.690832694522723,-0.2583675956159446,3.5429443325799657,58.0952380952381,0.9571704029090427,1.1441583895862044,-2.187471650856554,15.781643999998522,57.39523809523809,1333.7533765200762,-1793.1224231999524
fixed_1.25,10,120,3.0,0.05,20,0.0,,both,210,-459.3690466798763,1436.9123999999822,1896.2814466798586,-0.45936904667987627,1.4369123999999822,-0.2066422762039266,0.690832694522723,-0.2583675956159446,3.5429443325799657,58.0952380952381,0.9571704029090427,1.1441583895862044,-2.187471650856554,15.781643999998522,57.39523809523809,1333.7533765200762,-1793.1224231999524
dynamic_rolling,10,120,3.0,0.05,5,0.0,4.0,both,169,-402.69978773980745,1122.340300000023,1525.0400877398306,-0.4026997877398074,1.1223403000000232,-0.22083185973969946,0.6491668177742679,-0.2935386215754823,2.0620339218998414,52.071005917159766,0.9515036654941434,1.1476404630895294,-2.38283898070892,5.018945760000998,58.289940828402365,-36.58956001990945,-366.1102277198978
dynamic_rolling,10,120,3.0,0.05,10,0.0,4.0,both,169,-402.69978773980745,1122.340300000023,1525.0400877398306,-0.4026997877398074,1.1223403000000232,-0.22083185973969946,0.6491668177742679,-0.2935386215754823,2.0620339218998414,52.071005917159766,0.9515036654941434,1.1476404630895294,-2.38283898070892,5.018945760000998,58.289940828402365,-36.58956001990945,-366.1102277198978
dynamic_rolling,10,120,3.0,0.05,20,0.0,4.0,both,169,-402.69978773980745,1122.340300000023,1525.0400877398306,-0.4026997877398074,1.1223403000000232,-0.22083185973969946,0.6491668177742679,-0.2935386215754823,2.0620339218998414,52.071005917159766,0.9515036654941434,1.1476404630895294,-2.38283898070892,5.018945760000998,58.289940828402365,-36.58956001990945,-366.1102277198978
fixed_2.0,10,120,3.0,0.0,0,0.0,4.0,both,174,-623.0074361598315,946.5642000000165,1569.571636159848,-0.6230074361598315,0.9465642000000165,-0.24217243611368308,0.3987945881646349,-0.30571727528158954,2.2257720374198686,48.85057471264368,0.9372969017833496,1.1031687351203654,-3.5805025066656984,-1.2481124999969095,57.01149425287356,-1013.9316441799032,390.924208020071
dynamic_rolling,10,15,3.0,0.0,0,0.0,4.0,both,96,-163.1080726799202,703.8286000000007,866.936672679921,-0.16310807267992022,0.7038286000000007,-0.24451531591230286,1.059920280386737,-0.32600482789935203,1.0369213068999525,53.125,0.9322883872033684,1.3472259853012658,-1.6990424237491688,3.969970020000349,13.375,-267.62286139995814,104.51478872003769
dynamic_rolling,10,15,3.0,0.0,0,0.0,,both,96,-163.1080726799202,703.8286000000007,866.936672679921,-0.16310807267992022,0.7038286000000007,-0.24451531591230286,1.059920280386737,-0.32600482789935203,1.0369213068999525,53.125,0.9322883872033684,1.3472259853012658,-1.6990424237491688,3.969970020000349,13.375,-267.62286139995814,104.51478872003769
dynamic_rolling,30,120,3.0,0.15,10,0.0,4.0,both,154,-451.65496901989104,938.811299999996,1390.466269019887,-0.451654969019891,0.938811299999996,-0.2605793966959526,0.5671547804749111,-0.340896205493984,2.365856530200006,53.896103896103895,0.9398870038082925,1.1360492374059596,-2.9328244741551366,5.747072999999038,60.38961038961039,84.94212280004447,-536.5970918199357
fixed_2.0,10,60,3.0,0.0,0,0.0,,both,338,-723.8600447597041,2327.598600000004,3051.458644759708,-0.7238600447597041,2.327598600000004,-0.2960762837526412,0.9959260835934601,-0.3645204490464952,3.2648315753397035,51.77514792899408,0.9504554728654551,1.1761292362593292,-2.141597765561255,6.90521600000131,34.00887573964497,2210.6655172601677,-2934.525562019873
dynamic_rolling,10,120,3.0,0.15,10,0.0,4.0,both,169,-539.3544492198228,985.7725000000166,1525.1269492198394,-0.5393544492198228,0.9857725000000166,-0.29777780981059293,0.5695594106491962,-0.395572935406584,2.1281594569798616,52.071005917159766,0.9358161555516642,1.1279004320944346,-3.1914464450877085,5.018945760000998,58.10650887573964,-30.44505853990689,-508.90939067991525
dynamic_rolling,5,120,3.0,0.15,5,0.0,4.0,both,160,-538.9895276998288,904.5101000000008,1443.4996276998295,-0.5389895276998289,0.9045101000000006,-0.3004002402685952,0.5287806522758538,-0.41778725171790343,2.11063790899991,52.5,0.9303270064512276,1.1275838689186517,-3.3686845481239303,3.965230499999161,58.69375,630.0181229600801,-1169.007650659909
dynamic_rolling,30,120,3.0,0.05,5,0.0,4.0,both,155,-524.2764906798811,875.2118000000016,1399.4882906798828,-0.5242764906798811,0.8752118000000018,-0.3052969133564977,0.5316507129386263,-0.39981748535312067,2.354090885879996,52.25806451612903,0.9310201770100107,1.125823133415549,-3.3824289721282654,4.792017999998315,60.39354838709677,171.082341080043,-695.3588317599239
dynamic_rolling,30,120,3.0,0.05,10,0.0,4.0,both,155,-524.2764906798811,875.2118000000016,1399.4882906798828,-0.5242764906798811,0.8752118000000018,-0.3052969133564977,0.5316507129386263,-0.39981748535312067,2.354090885879996,52.25806451612903,0.9310201770100107,1.125823133415549,-3.3824289721282654,4.792017999998315,60.39354838709677,171.082341080043,-695.3588317599239
dynamic_rolling,30,120,3.0,0.05,20,0.0,4.0,both,155,-524.2764906798811,875.2118000000016,1399.4882906798828,-0.5242764906798811,0.8752118000000018,-0.3052969133564977,0.5316507129386263,-0.39981748535312067,2.354090885879996,52.25806451612903,0.9310201770100107,1.125823133415549,-3.3824289721282654,4.792017999998315,60.39354838709677,171.082341080043,-695.3588317599239
dynamic_rolling,5,120,3.0,0.15,10,0.0,4.0,both,160,-552.140425699826,891.4101000000043,1443.5505256998304,-0.552140425699826,0.8914101000000042,-0.30787908164291733,0.5211564433569087,-0.42822034830129,2.1237888069999027,51.87500000000001,0.9287435112420644,1.125675094171368,-3.450877660623912,3.965230499999161,58.70625,630.0181229600801,-1182.158548659906
dynamic_rolling,30,120,3.0,0.0,0,0.0,4.0,both,171,-606.7649152998331,936.1115000000179,1542.876415299851,-0.6067649152998331,0.936111500000018,-0.33243792922244497,0.5339342726606955,-0.43071692211212803,2.193684766459963,50.877192982456144,0.9272222604350818,1.1229837452852842,-3.5483328380107197,7.165348000000115,59.175438596491226,446.00751254008384,-1052.7724278399164
dynamic_rolling,5,120,3.0,0.05,5,0.0,4.0,both,163,-599.2556841398252,870.5845000000069,1469.8401841398322,-0.5992556841398253,0.8705845000000068,-0.33522377332066766,0.5095910327690979,-0.46600750094230603,2.1860544317598833,50.920245398773,0.9233616631737155,1.121952478534246,-3.676415240121627,2.0070680000004657,59.43558282208589,543.0907839600828,-1142.346468099908
fixed_1.0,10,60,3.0,0.0,0,0.0,,both,349,-844.3649781796728,2302.655900000007,3147.02087817968,-0.8443649781796727,2.302655900000007,-0.3383792921087479,0.9691553037303028,-0.3791451586301303,3.125267468299979,63.03724928366762,0.9392089040623105,1.180372854837319,-2.4193838916323003,17.689600560003832,34.87965616045845,1094.4065369202167,-1938.7715150998893
dynamic_rolling,5,120,3.0,0.05,10,0.0,4.0,both,163,-614.7161201398214,855.1745000000088,1469.8906201398304,-0.6147161201398214,0.8551745000000088,-0.3440666817728181,0.5006917297389962,-0.47828165244954907,2.2015148677598773,50.306748466257666,0.9215113628765189,1.1197361296567028,-3.771264540735101,1.0385650000030537,59.441717791411044,543.0907839600828,-1157.8069040999042
dynamic_rolling,5,120,3.0,0.05,20,0.0,4.0,both,163,-614.7161201398214,855.1745000000088,1469.8906201398304,-0.6147161201398214,0.8551745000000088,-0.3440666817728181,0.5006917297389962,-0.47828165244954907,2.2015148677598773,50.306748466257666,0.9215113628765189,1.1197361296567028,-3.771264540735101,1.0385650000030537,59.441717791411044,543.0907839600828,-1157.8069040999042
fixed_1.25,10,30,3.0,0.0,0,0.0,,both,408,-717.3483838996622,2961.2722999999964,3678.6206838996586,-0.7173483838996622,2.9612722999999965,-0.34434927249397385,1.46669746107326,-0.4356569748406185,2.519778866939916,58.333333333333336,0.9456762522998089,1.251998963265563,-1.7582068232834858,11.985270150002279,20.44607843137255,752.3055779201992,-1469.653961819862
fixed_1.5,10,120,3.0,0.05,5,0.0,,both,197,-774.7797384197963,1005.3235000000166,1780.103238419813,-0.7747797384197963,1.0053235000000165,-0.3449598381323499,0.47240317439824847,-0.4728210665850377,3.574689909519846,53.80710659898477,0.9260203088341452,1.1036822060896057,-3.932892073196936,5.331612000000666,59.64467005076142,2406.6069569601027,-3181.3866953798974
fixed_1.5,10,120,3.0,0.05,10,0.0,,both,197,-774.7797384197963,1005.3235000000166,1780.103238419813,-0.7747797384197963,1.0053235000000165,-0.3449598381323499,0.47240317439824847,-0.4728210665850377,3.574689909519846,53.80710659898477,0.9260203088341452,1.1036822060896057,-3.932892073196936,5.331612000000666,59.64467005076142,2406.6069569601027,-3181.3866953798974
fixed_1.5,10,120,3.0,0.05,20,0.0,,both,197,-774.7797384197963,1005.3235000000166,1780.103238419813,-0.7747797384197963,1.0053235000000165,-0.3449598381323499,0.47240317439824847,-0.4728210665850377,3.574689909519846,53.80710659898477,0.9260203088341452,1.1036822060896057,-3.932892073196936,5.331612000000666,59.64467005076142,2406.6069569601027,-3181.3866953798974
dynamic_rolling,30,120,3.0,0.15,5,0.0,4.0,both,153,-598.4704874198933,782.9792999999905,1381.4497874198837,-0.5984704874198933,0.7829792999999906,-0.34971483619452803,0.47685171212717775,-0.4556542183162233,2.365856530200006,53.59477124183007,0.9205021677901548,1.1133335823939616,-3.911571813201917,5.331612000000666,60.6797385620915,70.2391828000444,-668.7096702199375
fixed_1.25,10,60,3.0,0.05,5,0.0,,both,337,-759.242142919741,2280.786399999967,3040.0285429197083,-0.759242142919741,2.280786399999967,-0.3721300242070467,1.1483631469947473,-0.4461187423808978,2.0019355462000092,56.97329376854599,0.9378614068858071,1.2074504158214994,-2.2529440442722284,9.454368000002635,33.55786350148368,596.1238266601868,-1355.365969579928
fixed_1.25,10,60,3.0,0.05,10,0.0,,both,337,-759.242142919741,2280.786399999967,3040.0285429197083,-0.759242142919741,2.280786399999967,-0.3721300242070467,1.1483631469947473,-0.4461187423808978,2.0019355462000092,56.97329376854599,0.9378614068858071,1.2074504158214994,-2.2529440442722284,9.454368000002635,33.55786350148368,596.1238266601868,-1355.365969579928
fixed_1.25,10,60,3.0,0.05,20,0.0,,both,337,-759.242142919741,2280.786399999967,3040.0285429197083,-0.759242142919741,2.280786399999967,-0.3721300242070467,1.1483631469947473,-0.4461187423808978,2.0019355462000092,56.97329376854599,0.9378614068858071,1.2074504158214994,-2.2529440442722284,9.454368000002635,33.55786350148368,596.1238266601868,-1355.365969579928
dynamic_rolling,10,120,3.0,0.15,5,0.0,4.0,both,167,-675.4401016198254,831.7105000000136,1507.150601619839,-0.6754401016198255,0.8317105000000136,-0.3765336704765436,0.4838737261402889,-0.4981388017762133,2.1500638369798692,52.09580838323353,0.9196597800433458,1.1077307110771877,-4.044551506705542,5.018945760000998,58.69461077844311,-52.34943853990905,-623.0906630799163
fixed_1.0,10,60,3.0,0.05,5,0.0,4.0,both,299,-710.5011882197599,1985.7578999999696,2696.2590882197296,-0.7105011882197599,1.9857578999999694,-0.38687148261574367,1.113763248224991,-0.4746505704934291,2.369397056019967,57.19063545150501,0.9354232742653057,1.2001078618148593,-2.3762581545811368,11.339020000001614,33.66220735785953,-51.52421411982704,-658.9769740999325
fixed_1.0,10,60,3.0,0.05,10,0.0,4.0,both,299,-710.5011882197599,1985.7578999999696,2696.2590882197296,-0.7105011882197599,1.9857578999999694,-0.38687148261574367,1.113763248224991,-0.4746505704934291,2.369397056019967,57.19063545150501,0.9354232742653057,1.2001078618148593,-2.3762581545811368,11.339020000001614,33.66220735785953,-51.52421411982704,-658.9769740999325
fixed_1.0,10,60,3.0,0.05,20,0.0,4.0,both,299,-710.5011882197599,1985.7578999999696,2696.2590882197296,-0.7105011882197599,1.9857578999999694,-0.38687148261574367,1.113763248224991,-0.4746505704934291,2.369397056019967,57.19063545150501,0.9354232742653057,1.2001078618148593,-2.3762581545811368,11.339020000001614,33.66220735785953,-51.52421411982704,-658.9769740999325
fixed_1.5,10,120,3.0,0.0,0,0.0,,both,206,-798.0635880398322,1062.8648000000107,1860.928388039843,-0.7980635880398321,1.0628648000000107,-0.38836474027590984,0.5397548996031181,-0.5142740980833598,3.175221721539914,52.42718446601942,0.9278983734120043,1.1039527897670698,-3.874095087572001,7.6195391999999735,58.470873786407765,2942.0244229800996,-3740.0880110199305
fixed_1.75,10,60,3.0,0.0,0,0.0,4.0,both,291,-764.5649499197558,1862.1536000000137,2626.7185499197694,-0.7645649499197559,1.8621536000000136,-0.40982777491557837,1.0273971628818477,-0.5399983417120163,1.4890193992799905,54.63917525773196,0.9333590346361379,1.1806654475309724,-2.6273709619235595,9.818720000000587,35.59106529209622,1068.3257399201286,-1832.8906898398857
dynamic_rolling,5,30,3.0,0.0,0,0.0,,both,381,-833.8287828996968,2605.264299999992,3439.093082899689,-0.8338287828996969,2.605264299999992,-0.4111416805205476,1.323889012650868,-0.5781247399638081,3.6927467119798383,54.85564304461942,0.9315382209289503,1.242062261965091,-2.1885269892380492,5.824672000004389,20.753280839895012,1365.6326302401492,-2199.461413139842
fixed_1.25,10,120,3.0,0.05,5,0.0,4.0,both,188,-916.4703318598833,780.7342999999851,1697.2046318598684,-0.9164703318598832,0.780734299999985,-0.4392740692973601,0.39406355089819967,-0.5347852198741024,3.990221501559965,59.04255319148937,0.9092668255540801,1.0827103859764253,-4.874842190744061,17.530269149998233,58.420212765957444,1109.0885891400678,-2025.5589209999512
fixed_1.25,10,120,3.0,0.05,10,0.0,4.0,both,188,-916.4703318598833,780.7342999999851,1697.2046318598684,-0.9164703318598832,0.780734299999985,-0.4392740692973601,0.39406355089819967,-0.5347852198741024,3.990221501559965,59.04255319148937,0.9092668255540801,1.0827103859764253,-4.874842190744061,17.530269149998233,58.420212765957444,1109.0885891400678,-2025.5589209999512
fixed_1.25,10,120,3.0,0.05,20,0.0,4.0,both,188,-916.4703318598833,780.7342999999851,1697.2046318598684,-0.9164703318598832,0.780734299999985,-0.4392740692973601,0.39406355089819967,-0.5347852198741024,3.990221501559965,59.04255319148937,0.9092668255540801,1.0827103859764253,-4.874842190744061,17.530269149998233,58.420212765957444,1109.0885891400678,-2025.5589209999512
fixed_1.75,10,30,3.0,0.0,0,0.0,4.0,both,384,-965.4452242796618,2497.8432000000075,3463.2884242796695,-0.9654452242796618,2.4978432000000073,-0.44034316575728427,1.1722045534092622,-0.552280978976858,2.473431395419873,54.947916666666664,0.922487228183582,1.226730433051814,-2.5141802715616195,5.9244745599997986,20.4765625,133.3630740801819,-1098.8082983598451
fixed_1.5,10,120,3.0,0.0,0,0.0,4.0,both,192,-906.1924779798504,827.3956999999978,1733.5881779798483,-0.9061924779798505,0.8273956999999977,-0.4527411362398144,0.4312834627495999,-0.5930966096830518,3.3466066003199373,53.645833333333336,0.9142588583131848,1.084502569932189,-4.719752489478387,9.704064750002416,61.1875,2915.0489963000878,-3821.2414742799374
fixed_1.0,10,60,3.0,0.15,5,0.0,4.0,both,299,-880.5723397197528,1815.7535999999743,2696.325939719727,-0.8805723397197528,1.815753599999974,-0.482885053578894,1.021965798211921,-0.5894940372458753,2.36641526141997,57.19063545150501,0.9205170233212744,1.1814231604822054,-2.945057992373755,10.633464000004155,33.5819397993311,-42.38508665982288,-838.18725305993
fixed_1.0,10,60,3.0,0.15,10,0.0,4.0,both,299,-880.5723397197528,1815.7535999999743,2696.325939719727,-0.8805723397197528,1.815753599999974,-0.482885053578894,1.021965798211921,-0.5894940372458753,2.36641526141997,57.19063545150501,0.9205170233212744,1.1814231604822054,-2.945057992373755,10.633464000004155,33.5819397993311,-42.38508665982288,-838.18725305993
fixed_1.75,10,60,3.0,0.05,5,0.0,4.0,both,268,-905.6076878598404,1514.5178999999684,2420.125587859809,-0.9056076878598404,1.5145178999999684,-0.5240274731789466,0.898337825488542,-0.681063255388399,1.5020574244400051,55.223880597014926,0.9145584794350459,1.1584397895952796,-3.379133163656121,8.099990500003852,35.548507462686565,556.9303652001082,-1462.5380530599489
fixed_1.75,10,60,3.0,0.05,10,0.0,4.0,both,268,-905.6076878598404,1514.5178999999684,2420.125587859809,-0.9056076878598404,1.5145178999999684,-0.5240274731789466,0.898337825488542,-0.681063255388399,1.5020574244400051,55.223880597014926,0.9145584794350459,1.1584397895952796,-3.379133163656121,8.099990500003852,35.548507462686565,556.9303652001082,-1462.5380530599489
fixed_1.75,10,60,3.0,0.05,20,0.0,4.0,both,268,-905.6076878598404,1514.5178999999684,2420.125587859809,-0.9056076878598404,1.5145178999999684,-0.5240274731789466,0.898337825488542,-0.681063255388399,1.5020574244400051,55.223880597014926,0.9145584794350459,1.1584397895952796,-3.379133163656121,8.099990500003852,35.548507462686565,556.9303652001082,-1462.5380530599489
fixed_1.0,10,120,3.0,0.0,0,0.0,,both,223,-1823.4929508598332,192.1533000000088,2015.646250859842,-1.823492950859833,0.1921533000000088,-0.530615501779878,0.07460518276985068,-0.5751473990223623,4.12943205671999,58.744394618834086,0.8618842486547365,1.015512464287131,-8.177098434349027,22.300257999998834,56.417040358744394,1517.3825228200863,-3340.8754736799197
fixed_1.0,10,120,3.0,0.0,0,0.0,4.0,both,212,-2009.9377913198466,-93.89899999999685,1916.0387913198497,-2.009937791319847,-0.09389899999999685,-0.5918458849372308,-0.011669614641323966,-0.6369404076269704,4.218709943679933,59.905660377358494,0.8442141460707064,0.9922631683862545,-9.480838638301163,23.940734500000517,57.5188679245283,1571.3745874600786,-3581.3123787799236
fixed_1.25,10,120,3.0,0.15,5,0.0,4.0,both,186,-1217.2574778398725,461.53979999999115,1678.7972778398637,-1.2172574778398726,0.4615397999999911,-0.5946303126819676,0.23975207385951786,-0.7137852375297103,4.000330364259906,59.13978494623656,0.8785215123158319,1.0492694625296464,-6.544395042149852,17.530269149998233,58.54838709677419,932.1151437200773,-2149.37262155995
fixed_1.25,10,120,3.0,0.15,10,0.0,4.0,both,186,-1217.2574778398725,461.53979999999115,1678.7972778398637,-1.2172574778398726,0.4615397999999911,-0.5946303126819676,0.23975207385951786,-0.7137852375297103,4.000330364259906,59.13978494623656,0.8785215123158319,1.0492694625296464,-6.544395042149852,17.530269149998233,58.54838709677419,932.1151437200773,-2149.37262155995
fixed_1.75,10,60,3.0,0.15,5,0.0,4.0,both,267,-1047.632598339827,1363.3276999999853,2410.960298339812,-1.047632598339827,1.3633276999999853,-0.6099332560579726,0.8125675560560656,-0.7890313435823472,1.5057526852400043,55.0561797752809,0.9011530077019508,1.1426119886974249,-3.923717596778378,7.904631000005903,35.36704119850187,456.6716389401204,-1504.304237279948
fixed_1.75,10,60,3.0,0.15,10,0.0,4.0,both,267,-1047.632598339827,1363.3276999999853,2410.960298339812,-1.047632598339827,1.3633276999999853,-0.6099332560579726,0.8125675560560656,-0.7890313435823472,1.5057526852400043,55.0561797752809,0.9011530077019508,1.1426119886974249,-3.923717596778378,7.904631000005903,35.36704119850187,456.6716389401204,-1504.304237279948
fixed_1.75,10,30,3.0,0.05,5,0.0,,both,382,-1205.9825098996764,2239.104499999962,3445.0870098996384,-1.2059825098996764,2.239104499999962,-0.6194130579104049,1.1730750548668005,-0.7876467464598417,2.4317201867799305,53.141361256544506,0.8991898274185255,1.2131770880723278,-3.157022277224284,3.7942701400039116,19.712041884816752,235.60229248019903,-1441.5848023798749
fixed_1.75,10,30,3.0,0.05,10,0.0,,both,382,-1205.9825098996764,2239.104499999962,3445.0870098996384,-1.2059825098996764,2.239104499999962,-0.6194130579104049,1.1730750548668005,-0.7876467464598417,2.4317201867799305,53.141361256544506,0.8991898274185255,1.2131770880723278,-3.157022277224284,3.7942701400039116,19.712041884816752,235.60229248019903,-1441.5848023798749
fixed_1.75,10,30,3.0,0.05,20,0.0,,both,382,-1205.9825098996764,2239.104499999962,3445.0870098996384,-1.2059825098996764,2.239104499999962,-0.6194130579104049,1.1730750548668005,-0.7876467464598417,2.4317201867799305,53.141361256544506,0.8991898274185255,1.2131770880723278,-3.157022277224284,3.7942701400039116,19.712041884816752,235.60229248019903,-1441.5848023798749
dynamic_rolling,5,30,3.0,0.0,0,0.0,4.0,both,367,-1207.4103841197116,2104.7435999999866,3312.153984119698,-1.2074103841197117,2.1047435999999866,-0.659451922743208,1.171766904461924,-0.8728121710302197,3.3900192540798306,55.04087193460491,0.8956972065279907,1.2060125746797226,-3.289946550734909,5.9229333600004015,20.583106267029972,642.8983105001432,-1850.308694619853
dynamic_rolling,10,15,3.0,0.15,5,0.0,4.0,both,96,-508.6289531799264,358.52710000000747,867.1560531799339,-0.5086289531799264,0.3585271000000075,-0.6615020651549167,0.4694805336948021,-0.8468937966727023,0.8582885196999996,47.91666666666667,0.812993582918592,1.1554554876560579,-5.2982182622908995,-2.8172934799972698,12.354166666666666,-350.78737791997526,-157.8415752599509
dynamic_rolling,10,15,3.0,0.15,10,0.0,4.0,both,96,-508.6289531799264,358.52710000000747,867.1560531799339,-0.5086289531799264,0.3585271000000075,-0.6615020651549167,0.4694805336948021,-0.8468937966727023,0.8582885196999996,47.91666666666667,0.812993582918592,1.1554554876560579,-5.2982182622908995,-2.8172934799972698,12.354166666666666,-350.78737791997526,-157.8415752599509
dynamic_rolling,10,15,3.0,0.05,5,0.0,4.0,both,96,-510.33929517992635,356.817100000009,867.1563951799353,-0.5103392951799264,0.35681710000000905,-0.6634883244554447,0.46709681066957665,-0.849232143555189,0.8599988616999908,47.91666666666667,0.8124826633995748,1.154599413252291,-5.316034324790899,-2.8172934799972698,12.364583333333334,-352.49771991997534,-157.8415752599509
dynamic_rolling,10,15,3.0,0.05,10,0.0,4.0,both,96,-510.33929517992635,356.817100000009,867.1563951799353,-0.5103392951799264,0.35681710000000905,-0.6634883244554447,0.46709681066957665,-0.849232143555189,0.8599988616999908,47.91666666666667,0.8124826633995748,1.154599413252291,-5.316034324790899,-2.8172934799972698,12.364583333333334,-352.49771991997534,-157.8415752599509
dynamic_rolling,10,15,3.0,0.05,20,0.0,4.0,both,96,-510.33929517992635,356.817100000009,867.1563951799353,-0.5103392951799264,0.35681710000000905,-0.6634883244554447,0.46709681066957665,-0.849232143555189,0.8599988616999908,47.91666666666667,0.8124826633995748,1.154599413252291,-5.316034324790899,-2.8172934799972698,12.364583333333334,-352.49771991997534,-157.8415752599509
dynamic_rolling,10,15,3.0,0.05,5,0.0,,both,96,-510.33929517992635,356.817100000009,867.1563951799353,-0.5103392951799264,0.35681710000000905,-0.6634883244554447,0.46709681066957665,-0.849232143555189,0.8599988616999908,47.91666666666667,0.8124826633995748,1.154599413252291,-5.316034324790899,-2.8172934799972698,12.364583333333334,-352.49771991997534,-157.8415752599509
dynamic_rolling,10,15,3.0,0.05,10,0.0,,both,96,-510.33929517992635,356.817100000009,867.1563951799353,-0.5103392951799264,0.35681710000000905,-0.6634883244554447,0.46709681066957665,-0.849232143555189,0.8599988616999908,47.91666666666667,0.8124826633995748,1.154599413252291,-5.316034324790899,-2.8172934799972698,12.364583333333334,-352.49771991997534,-157.8415752599509
dynamic_rolling,10,15,3.0,0.05,20,0.0,,both,96,-510.33929517992635,356.817100000009,867.1563951799353,-0.5103392951799264,0.35681710000000905,-0.6634883244554447,0.46709681066957665,-0.849232143555189,0.8599988616999908,47.91666666666667,0.8124826633995748,1.154599413252291,-5.316034324790899,-2.8172934799972698,12.364583333333334,-352.49771991997534,-157.8415752599509
fixed_1.25,10,60,3.0,0.15,5,0.0,4.0,both,292,-1326.4266603197896,1308.2149999999776,2634.641660319767,-1.3264266603197896,1.3082149999999777,-0.6700344737266447,0.6755901615346966,-0.7869525354428584,2.1802164393798886,57.534246575342465,0.8817051410558531,1.1288017976515627,-4.542557055889691,10.089181000000135,34.08904109589041,566.7394125401587,-1893.166072859949
fixed_1.25,10,60,3.0,0.15,10,0.0,4.0,both,292,-1326.4266603197896,1308.2149999999776,2634.641660319767,-1.3264266603197896,1.3082149999999777,-0.6700344737266447,0.6755901615346966,-0.7869525354428584,2.1802164393798886,57.534246575342465,0.8817051410558531,1.1288017976515627,-4.542557055889691,10.089181000000135,34.08904109589041,566.7394125401587,-1893.166072859949
fixed_1.0,10,120,3.0,0.05,5,0.0,,both,215,-2361.757575739839,-418.7349000000272,1943.0226757398118,-2.361757575739839,-0.4187349000000272,-0.6937937909158366,-0.10916525096167422,-0.7497644862719226,4.361125265519891,59.53488372093023,0.819788884796407,0.9660654627514785,-10.984918956929484,21.454227720002848,56.91627906976744,987.0736729201129,-3348.831248659954
fixed_1.0,10,120,3.0,0.05,10,0.0,,both,215,-2361.757575739839,-418.7349000000272,1943.0226757398118,-2.361757575739839,-0.4187349000000272,-0.6937937909158366,-0.10916525096167422,-0.7497644862719226,4.361125265519891,59.53488372093023,0.819788884796407,0.9660654627514785,-10.984918956929484,21.454227720002848,56.91627906976744,987.0736729201129,-3348.831248659954
fixed_1.0,10,120,3.0,0.05,20,0.0,,both,215,-2361.757575739839,-418.7349000000272,1943.0226757398118,-2.361757575739839,-0.4187349000000272,-0.6937937909158366,-0.10916525096167422,-0.7497644862719226,4.361125265519891,59.53488372093023,0.819788884796407,0.9660654627514785,-10.984918956929484,21.454227720002848,56.91627906976744,987.0736729201129,-3348.831248659954
fixed_1.25,10,30,3.0,0.0,0,0.0,4.0,both,385,-1406.737331239693,2063.2007999999905,3469.9381312396836,-1.4067373312396931,2.063200799999991,-0.724178952619943,1.0840448371022107,-0.8920102245601461,2.6830050732399395,57.4025974025974,0.8888485784910855,1.1833909220782115,-3.6538631980251766,10.676465999999134,20.537662337662336,-41.74754935982147,-1364.989781879872
fixed_1.25,10,60,3.0,0.05,5,0.0,4.0,both,294,-1449.032260639769,1203.8597999999765,2652.8920606397455,-1.449032260639769,1.2038597999999765,-0.72834858757544,0.6187403567597921,-0.8530569240991046,2.263391978659871,56.4625850340136,0.8730179294320479,1.1165197317883446,-4.92868115863867,9.121304420001339,34.2687074829932,498.20721586016725,-1947.239476499937
fixed_1.25,10,60,3.0,0.05,10,0.0,4.0,both,294,-1449.032260639769,1203.8597999999765,2652.8920606397455,-1.449032260639769,1.2038597999999765,-0.72834858757544,0.6187403567597921,-0.8530569240991046,2.263391978659871,56.4625850340136,0.8730179294320479,1.1165197317883446,-4.92868115863867,9.121304420001339,34.2687074829932,498.20721586016725,-1947.239476499937
fixed_1.25,10,60,3.0,0.05,20,0.0,4.0,both,294,-1449.032260639769,1203.8597999999765,2652.8920606397455,-1.449032260639769,1.2038597999999765,-0.72834858757544,0.6187403567597921,-0.8530569240991046,2.263391978659871,56.4625850340136,0.8730179294320479,1.1165197317883446,-4.92868115863867,9.121304420001339,34.2687074829932,498.20721586016725,-1947.239476499937
fixed_1.5,10,30,3.0,0.0,0,0.0,,both,398,-1425.3374074796952,2164.563399999978,3589.9008074796734,-1.4253374074796952,2.1645633999999783,-0.7319715928611255,1.142313983532278,-0.9174724211930253,2.64659084615983,56.78391959798995,0.8875248742915992,1.1927705510654785,-3.5812497675369226,7.782685959998604,19.92713567839196,-321.7229529198233,-1103.614454559872
fixed_1.5,10,120,3.0,0.05,5,0.0,4.0,both,172,-1720.880670899815,-166.8226999999854,1554.0579708998296,-1.7208806708998148,-0.1668226999999854,-0.8052183619085368,-0.068504035029319,-1.0735705189572302,4.1923146412998324,52.90697674418605,0.826791268860451,0.9819595096496311,-10.005120179650087,4.83060499999882,62.22093023255814,2152.086778880094,-3872.967449779908
fixed_1.5,10,120,3.0,0.05,10,0.0,4.0,both,172,-1720.880670899815,-166.8226999999854,1554.0579708998296,-1.7208806708998148,-0.1668226999999854,-0.8052183619085368,-0.068504035029319,-1.0735705189572302,4.1923146412998324,52.90697674418605,0.826791268860451,0.9819595096496311,-10.005120179650087,4.83060499999882,62.22093023255814,2152.086778880094,-3872.967449779908
fixed_1.5,10,120,3.0,0.05,20,0.0,4.0,both,172,-1720.880670899815,-166.8226999999854,1554.0579708998296,-1.7208806708998148,-0.1668226999999854,-0.8052183619085368,-0.068504035029319,-1.0735705189572302,4.1923146412998324,52.90697674418605,0.826791268860451,0.9819595096496311,-10.005120179650087,4.83060499999882,62.22093023255814,2152.086778880094,-3872.967449779908
fixed_1.25,10,15,3.0,0.05,5,0.0,4.0,both,106,-651.1582828799044,305.7072000000025,956.865482879907,-0.6511582828799044,0.30570720000000245,-0.8292159193807295,0.39500457324085353,-1.0240304950511263,1.0137380113799883,50.0,0.7704597423407928,1.1264581225402894,-6.143002668678343,-0.00839804999940963,10.877358490566039,-127.9188841399579,-523.2393987399466
fixed_1.25,10,15,3.0,0.05,10,0.0,4.0,both,106,-651.1582828799044,305.7072000000025,956.865482879907,-0.6511582828799044,0.30570720000000245,-0.8292159193807295,0.39500457324085353,-1.0240304950511263,1.0137380113799883,50.0,0.7704597423407928,1.1264581225402894,-6.143002668678343,-0.00839804999940963,10.877358490566039,-127.9188841399579,-523.2393987399466
fixed_1.25,10,15,3.0,0.05,20,0.0,4.0,both,106,-651.1582828799044,305.7072000000025,956.865482879907,-0.6511582828799044,0.30570720000000245,-0.8292159193807295,0.39500457324085353,-1.0240304950511263,1.0137380113799883,50.0,0.7704597423407928,1.1264581225402894,-6.143002668678343,-0.00839804999940963,10.877358490566039,-127.9188841399579,-523.2393987399466
fixed_1.25,10,15,3.0,0.05,5,0.0,,both,106,-651.1582828799044,305.7072000000025,956.865482879907,-0.6511582828799044,0.30570720000000245,-0.8292159193807295,0.39500457324085353,-1.0240304950511263,1.0137380113799883,50.0,0.7704597423407928,1.1264581225402894,-6.143002668678343,-0.00839804999940963,10.877358490566039,-127.9188841399579,-523.2393987399466
fixed_1.25,10,15,3.0,0.05,10,0.0,,both,106,-651.1582828799044,305.7072000000025,956.865482879907,-0.6511582828799044,0.30570720000000245,-0.8292159193807295,0.39500457324085353,-1.0240304950511263,1.0137380113799883,50.0,0.7704597423407928,1.1264581225402894,-6.143002668678343,-0.00839804999940963,10.877358490566039,-127.9188841399579,-523.2393987399466
fixed_1.25,10,15,3.0,0.05,20,0.0,,both,106,-651.1582828799044,305.7072000000025,956.865482879907,-0.6511582828799044,0.30570720000000245,-0.8292159193807295,0.39500457324085353,-1.0240304950511263,1.0137380113799883,50.0,0.7704597423407928,1.1264581225402894,-6.143002668678343,-0.00839804999940963,10.877358490566039,-127.9188841399579,-523.2393987399466
fixed_1.0,10,60,3.0,0.05,5,0.0,,both,346,-2114.9114425397147,1005.0822999999713,3119.993742539686,-2.114911442539715,1.0050822999999713,-0.8405434593128874,0.41887629954197064,-0.9303795055734063,3.3938026859999813,57.51445086705203,0.8498091661080819,1.0782716191385904,-6.11246081658877,11.781155100001966,33.809248554913296,206.2225056002086,-2321.1339481399236
fixed_1.0,10,60,3.0,0.05,10,0.0,,both,346,-2114.9114425397147,1005.0822999999713,3119.993742539686,-2.114911442539715,1.0050822999999713,-0.8405434593128874,0.41887629954197064,-0.9303795055734063,3.3938026859999813,57.51445086705203,0.8498091661080819,1.0782716191385904,-6.11246081658877,11.781155100001966,33.809248554913296,206.2225056002086,-2321.1339481399236
fixed_1.0,10,60,3.0,0.05,20,0.0,,both,346,-2114.9114425397147,1005.0822999999713,3119.993742539686,-2.114911442539715,1.0050822999999713,-0.8405434593128874,0.41887629954197064,-0.9303795055734063,3.3938026859999813,57.51445086705203,0.8498091661080819,1.0782716191385904,-6.11246081658877,11.781155100001966,33.809248554913296,206.2225056002086,-2321.1339481399236
fixed_1.75,10,30,3.0,0.05,5,0.0,4.0,both,374,-1696.9874028996853,1675.5894999999618,3372.5769028996474,-1.6969874028996852,1.6755894999999619,-0.8560155813381516,0.8623238265350713,-1.066785587911018,2.4824989847799297,53.475935828877006,0.8551474040993888,1.1626624033757536,-4.537399472993811,4.017042400003583,19.74866310160428,-465.40650751980513,-1231.5808953798805
fixed_1.75,10,30,3.0,0.05,10,0.0,4.0,both,374,-1696.9874028996853,1675.5894999999618,3372.5769028996474,-1.6969874028996852,1.6755894999999619,-0.8560155813381516,0.8623238265350713,-1.066785587911018,2.4824989847799297,53.475935828877006,0.8551474040993888,1.1626624033757536,-4.537399472993811,4.017042400003583,19.74866310160428,-465.40650751980513,-1231.5808953798805
fixed_1.75,10,30,3.0,0.05,20,0.0,4.0,both,374,-1696.9874028996853,1675.5894999999618,3372.5769028996474,-1.6969874028996852,1.6755894999999619,-0.8560155813381516,0.8623238265350713,-1.066785587911018,2.4824989847799297,53.475935828877006,0.8551474040993888,1.1626624033757536,-4.537399472993811,4.017042400003583,19.74866310160428,-465.40650751980513,-1231.5808953798805
fixed_1.0,10,120,3.0,0.05,5,0.0,4.0,both,193,-2854.824243139874,-1110.6657000000305,1744.1585431398435,-2.8548242431398743,-1.1106657000000304,-0.8634065680237021,-0.32607818080607465,-0.9202254027070467,4.931817513139918,60.10362694300518,0.7653632036410493,0.9033096348582371,-14.791835456683284,21.477555000002404,57.0880829015544,1047.292967140087,-3902.11721027996
fixed_1.0,10,120,3.0,0.05,10,0.0,4.0,both,193,-2854.824243139874,-1110.6657000000305,1744.1585431398435,-2.8548242431398743,-1.1106657000000304,-0.8634065680237021,-0.32607818080607465,-0.9202254027070467,4.931817513139918,60.10362694300518,0.7653632036410493,0.9033096348582371,-14.791835456683284,21.477555000002404,57.0880829015544,1047.292967140087,-3902.11721027996
fixed_1.0,10,120,3.0,0.05,20,0.0,4.0,both,193,-2854.824243139874,-1110.6657000000305,1744.1585431398435,-2.8548242431398743,-1.1106657000000304,-0.8634065680237021,-0.32607818080607465,-0.9202254027070467,4.931817513139918,60.10362694300518,0.7653632036410493,0.9033096348582371,-14.791835456683284,21.477555000002404,57.0880829015544,1047.292967140087,-3902.11721027996
fixed_1.25,10,15,3.0,0.15,5,0.0,4.0,both,106,-686.767903379902,270.1047000000028,956.8726033799048,-0.686767903379902,0.2701047000000028,-0.8757437215612606,0.349938937948123,-1.0801482129504063,1.0422719375599554,50.0,0.7579069703349368,1.1117308759862645,-6.478942484716057,-0.00839804999940963,10.867924528301886,-163.52850463995563,-523.2393987399466
fixed_1.25,10,15,3.0,0.15,10,0.0,4.0,both,106,-686.767903379902,270.1047000000028,956.8726033799048,-0.686767903379902,0.2701047000000028,-0.8757437215612606,0.349938937948123,-1.0801482129504063,1.0422719375599554,50.0,0.7579069703349368,1.1117308759862645,-6.478942484716057,-0.00839804999940963,10.867924528301886,-163.52850463995563,-523.2393987399466
dynamic_rolling,10,30,3.0,0.0,0,0.0,4.0,both,366,-1732.2284417597273,1571.4127999999732,3303.6412417597003,-1.7322284417597273,1.5714127999999734,-0.8833792790597561,0.82343288813614,-1.1553545704365649,3.3819580618797773,56.830601092896174,0.8536432454986903,1.1497017911072251,-4.732864594971932,8.212811169999986,20.368852459016395,164.5195959801411,-1896.7480377398697
fixed_1.5,10,120,3.0,0.15,5,0.0,4.0,both,172,-1899.2511330598218,-345.14889999998354,1554.1022330598382,-1.8992511330598218,-0.34514889999998355,-0.8876372213512828,-0.15271606790836315,-1.178093688395014,4.30474401387987,52.90697674418605,0.8087796259460489,0.9626674241297222,-11.042157750347801,4.83060499999882,61.895348837209305,2051.401205140089,-3950.6523381999123
fixed_1.5,10,120,3.0,0.15,10,0.0,4.0,both,172,-1899.2511330598218,-345.14889999998354,1554.1022330598382,-1.8992511330598218,-0.34514889999998355,-0.8876372213512828,-0.15271606790836315,-1.178093688395014,4.30474401387987,52.90697674418605,0.8087796259460489,0.9626674241297222,-11.042157750347801,4.83060499999882,61.895348837209305,2051.401205140089,-3950.6523381999123
dynamic_rolling,20,30,3.0,0.0,0,0.0,4.0,both,358,-1842.591097979669,1387.744700000012,3230.335797979681,-1.8425910979796691,1.387744700000012,-0.8953364471700247,0.696725090746973,-1.1206143603538647,2.8032349499597915,55.02793296089386,0.8539244793982381,1.1231670614403149,-5.146902508323098,6.206975999998999,21.170391061452513,86.03118306018439,-1928.622281039855
fixed_1.75,10,30,3.0,0.15,5,0.0,4.0,both,374,-1775.8605901796902,1596.6088999999597,3372.46949017965,-1.7758605901796902,1.5966088999999597,-0.9014825864619703,0.8268265433678468,-1.1247643937366334,2.492942673099911,53.20855614973262,0.8488092256759024,1.1544710369774627,-4.748290348074038,3.7942701400039116,19.68716577540107,-542.4160063398036,-1233.4445838398865
fixed_1.75,10,30,3.0,0.15,10,0.0,4.0,both,374,-1775.8605901796902,1596.6088999999597,3372.46949017965,-1.7758605901796902,1.5966088999999597,-0.9014825864619703,0.8268265433678468,-1.1247643937366334,2.492942673099911,53.20855614973262,0.8488092256759024,1.1544710369774627,-4.748290348074038,3.7942701400039116,19.68716577540107,-542.4160063398036,-1233.4445838398865
fixed_1.0,10,120,3.0,0.15,5,0.0,4.0,both,193,-2989.827283379877,-1245.780100000024,1744.0471833798529,-2.989827283379877,-1.2457801000000241,-0.9077997866293287,-0.3689872915260679,-0.96596891912524,4.946131725359897,58.549222797927456,0.7533795959385853,0.8908758231033603,-15.491333074507134,21.454227720002848,56.880829015544045,926.9940535800912,-3916.821336959968
fixed_1.0,10,120,3.0,0.15,10,0.0,4.0,both,193,-2989.827283379877,-1245.780100000024,1744.0471833798529,-2.989827283379877,-1.2457801000000241,-0.9077997866293287,-0.3689872915260679,-0.96596891912524,4.946131725359897,58.549222797927456,0.7533795959385853,0.8908758231033603,-15.491333074507134,21.454227720002848,56.880829015544045,926.9940535800912,-3916.821336959968
fixed_2.0,10,60,3.0,0.05,5,0.0,4.0,both,295,-1661.1540464398329,1000.8887999999536,2662.0428464397864,-1.6611540464398329,1.0008887999999536,-0.9105333389915773,0.5606007365332419,-1.1188708114853843,2.718276982100011,51.186440677966104,0.8615790535558511,1.092901911914706,-5.631030665897739,1.2314889999990513,34.284745762711864,459.82438868011036,-2120.9784351199437
fixed_2.0,10,60,3.0,0.05,10,0.0,4.0,both,295,-1661.1540464398329,1000.8887999999536,2662.0428464397864,-1.6611540464398329,1.0008887999999536,-0.9105333389915773,0.5606007365332419,-1.1188708114853843,2.718276982100011,51.186440677966104,0.8615790535558511,1.092901911914706,-5.631030665897739,1.2314889999990513,34.284745762711864,459.82438868011036,-2120.9784351199437
fixed_2.0,10,60,3.0,0.05,20,0.0,4.0,both,295,-1661.1540464398329,1000.8887999999536,2662.0428464397864,-1.6611540464398329,1.0008887999999536,-0.9105333389915773,0.5606007365332419,-1.1188708114853843,2.718276982100011,51.186440677966104,0.8615790535558511,1.092901911914706,-5.631030665897739,1.2314889999990513,34.284745762711864,459.82438868011036,-2120.9784351199437
dynamic_rolling,10,30,3.0,0.0,0,0.0,,both,376,-1812.236309739722,1582.4126999999698,3394.649009739692,-1.8122363097397218,1.58241269999997,-0.9176084691563072,0.8234004453683995,-1.198873385002555,3.360860993759765,56.91489361702128,0.8508492349491533,1.1467697302697457,-4.819777419520537,7.951093669999458,20.284574468085108,194.75818354014467,-2006.9944932798676
fixed_2.0,10,60,3.0,0.15,5,0.0,4.0,both,294,-1678.201295739811,974.7982999999705,2652.9995957397814,-1.6782012957398111,0.9747982999999705,-0.9257376850496142,0.5498225919819529,-1.1348588213475592,2.684276818120023,51.36054421768708,0.8579336379537553,1.0920135931914474,-5.708167672584391,1.4859256699990597,34.085034013605444,383.1188240801289,-2061.3201198199395
fixed_2.0,10,60,3.0,0.15,10,0.0,4.0,both,294,-1678.201295739811,974.7982999999705,2652.9995957397814,-1.6782012957398111,0.9747982999999705,-0.9257376850496142,0.5498225919819529,-1.1348588213475592,2.684276818120023,51.36054421768708,0.8579336379537553,1.0920135931914474,-5.708167672584391,1.4859256699990597,34.085034013605444,383.1188240801289,-2061.3201198199395
dynamic_rolling,5,30,3.0,0.05,5,0.0,,both,376,-1828.131716259731,1565.8430999999673,3393.9748162596984,-1.8281317162597313,1.5658430999999675,-0.9893256593018961,0.8627138219072603,-1.2884863923940135,3.6100159357599333,54.25531914893617,0.8487920678358916,1.1468721607205041,-4.862052436860987,3.642660180001366,19.851063829787233,400.3581614801453,-2228.489877739878
dynamic_rolling,5,30,3.0,0.05,10,0.0,,both,376,-1828.131716259731,1565.8430999999673,3393.9748162596984,-1.8281317162597313,1.5658430999999675,-0.9893256593018961,0.8627138219072603,-1.2884863923940135,3.6100159357599333,54.25531914893617,0.8487920678358916,1.1468721607205041,-4.862052436860987,3.642660180001366,19.851063829787233,400.3581614801453,-2228.489877739878
dynamic_rolling,5,30,3.0,0.05,20,0.0,,both,376,-1828.131716259731,1565.8430999999673,3393.9748162596984,-1.8281317162597313,1.5658430999999675,-0.9893256593018961,0.8627138219072603,-1.2884863923940135,3.6100159357599333,54.25531914893617,0.8487920678358916,1.1468721607205041,-4.862052436860987,3.642660180001366,19.851063829787233,400.3581614801453,-2228.489877739878
dynamic_rolling,20,30,3.0,0.0,0,0.0,,both,367,-2055.615987939662,1255.8061000000116,3311.4220879396735,-2.055615987939662,1.2558061000000116,-0.9950715967776719,0.6285373397790206,-1.242673290710806,2.884309518959795,55.04087193460491,0.8410032912891462,1.1087106594066756,-5.601133482124419,5.101443360001339,21.13623978201635,151.00389564018676,-2206.6198835798486
fixed_2.0,10,30,3.0,0.0,0,0.0,,both,365,-2370.145565879703,924.4894000000088,3294.6349658797117,-2.370145565879703,0.9244894000000089,-1.0573991729965757,0.4267166704995404,-1.2139759382682969,3.4572842772797303,50.95890410958904,0.823903834860122,1.077206379436268,-6.49354949556083,0.8372952000006979,19.5013698630137,-459.1689389998698,-1910.9766268798353
fixed_1.5,10,30,3.0,0.0,0,0.0,4.0,both,380,-1899.3084750397138,1526.4495999999756,3425.758075039689,-1.8993084750397138,1.5264495999999756,-1.092625537217891,0.89798545307579,-1.2758575965681342,2.4357262961598316,56.84210526315789,0.8404416044261505,1.1450108011201658,-4.998180197472931,8.2133919999987,19.894736842105264,-1361.0363906398354,-538.2720843998786
dynamic_rolling,5,30,3.0,0.15,5,0.0,4.0,both,360,-1936.1068506397523,1313.0619999999576,3249.16885063971,-1.9361068506397523,1.3130619999999575,-1.1009011549040755,0.759455646785751,-1.4042480356603562,3.252112212559921,54.44444444444444,0.8297687583502393,1.1311221320622282,-5.378074585110423,3.642660180001366,19.508333333333333,-17.334019659859052,-1918.7728309798924
dynamic_rolling,5,30,3.0,0.15,10,0.0,4.0,both,360,-1936.1068506397523,1313.0619999999576,3249.16885063971,-1.9361068506397523,1.3130619999999575,-1.1009011549040755,0.759455646785751,-1.4042480356603562,3.252112212559921,54.44444444444444,0.8297687583502393,1.1311221320622282,-5.378074585110423,3.642660180001366,19.508333333333333,-17.334019659859052,-1918.7728309798924
dynamic_rolling,5,30,3.0,0.05,5,0.0,4.0,both,360,-1957.308298679744,1291.854199999967,3249.162498679711,-1.957308298679744,1.291854199999967,-1.1084169547687808,0.7442513295879052,-1.4118696202221854,3.2497294464599396,54.72222222222223,0.8282483076837834,1.1286258653293477,-5.436967496332622,3.6856685000023512,19.56111111111111,-13.711633459858177,-1943.5966652198847
dynamic_rolling,5,30,3.0,0.05,10,0.0,4.0,both,360,-1957.308298679744,1291.854199999967,3249.162498679711,-1.957308298679744,1.291854199999967,-1.1084169547687808,0.7442513295879052,-1.4118696202221854,3.2497294464599396,54.72222222222223,0.8282483076837834,1.1286258653293477,-5.436967496332622,3.6856685000023512,19.56111111111111,-13.711633459858177,-1943.5966652198847
dynamic_rolling,5,30,3.0,0.05,20,0.0,4.0,both,360,-1957.308298679744,1291.854199999967,3249.162498679711,-1.957308298679744,1.291854199999967,-1.1084169547687808,0.7442513295879052,-1.4118696202221854,3.2497294464599396,54.72222222222223,0.8282483076837834,1.1286258653293477,-5.436967496332622,3.6856685000023512,19.56111111111111,-13.711633459858177,-1943.5966652198847
fixed_2.0,10,30,3.0,0.05,5,0.0,,both,357,-2734.9337500797064,487.019199999988,3221.9529500796943,-2.7349337500797066,0.487019199999988,-1.2150523873147963,0.22926533258203888,-1.3722833759567752,3.423827465039838,48.739495798319325,0.7905323616412961,1.0422352731105198,-7.660878851763884,-1.5509150800005465,18.784313725490197,-913.274587859848,-1821.659162219858
fixed_2.0,10,30,3.0,0.05,10,0.0,,both,357,-2734.9337500797064,487.019199999988,3221.9529500796943,-2.7349337500797066,0.487019199999988,-1.2150523873147963,0.22926533258203888,-1.3722833759567752,3.423827465039838,48.739495798319325,0.7905323616412961,1.0422352731105198,-7.660878851763884,-1.5509150800005465,18.784313725490197,-913.274587859848,-1821.659162219858
fixed_2.0,10,30,3.0,0.05,20,0.0,,both,357,-2734.9337500797064,487.019199999988,3221.9529500796943,-2.7349337500797066,0.487019199999988,-1.2150523873147963,0.22926533258203888,-1.3722833759567752,3.423827465039838,48.739495798319325,0.7905323616412961,1.0422352731105198,-7.660878851763884,-1.5509150800005465,18.784313725490197,-913.274587859848,-1821.659162219858
fixed_2.0,10,30,3.0,0.05,5,0.0,4.0,both,346,-2991.1777932797186,131.0131999999869,3122.1909932797053,-2.9911777932797188,0.13101319999998692,-1.3174850465198478,0.06947770207042145,-1.4807570116507076,3.582463598039845,49.421965317919074,0.7621178142076621,1.0117805739384917,-8.645022523929823,-0.8963385399969805,18.85549132947977,-1582.128767859852,-1409.0490254198664
fixed_2.0,10,30,3.0,0.05,10,0.0,4.0,both,346,-2991.1777932797186,131.0131999999869,3122.1909932797053,-2.9911777932797188,0.13101319999998692,-1.3174850465198478,0.06947770207042145,-1.4807570116507076,3.582463598039845,49.421965317919074,0.7621178142076621,1.0117805739384917,-8.645022523929823,-0.8963385399969805,18.85549132947977,-1582.128767859852,-1409.0490254198664
fixed_2.0,10,30,3.0,0.05,20,0.0,4.0,both,346,-2991.1777932797186,131.0131999999869,3122.1909932797053,-2.9911777932797188,0.13101319999998692,-1.3174850465198478,0.06947770207042145,-1.4807570116507076,3.582463598039845,49.421965317919074,0.7621178142076621,1.0117805739384917,-8.645022523929823,-0.8963385399969805,18.85549132947977,-1582.128767859852,-1409.0490254198664
fixed_2.0,10,30,3.0,0.0,0,0.0,4.0,both,357,-3210.69028187971,11.449400000007017,3222.1396818797166,-3.21069028187971,0.011449400000007017,-1.3335267334246597,0.016835578174944642,-1.4940163779766082,3.92553874227975,50.98039215686274,0.7592186874171449,1.0009638299197043,-8.993530201343725,0.8372952000006979,19.568627450980394,-1392.407131999876,-1818.2831498798341
fixed_1.25,10,30,3.0,0.05,5,0.0,,both,403,-2675.559972779665,959.0322999999709,3634.5922727796356,-2.6755599727796646,0.9590322999999709,-1.3576254983989133,0.4990630038979608,-1.619993294559806,3.1542048800197224,56.575682382134,0.7971450729526809,1.0815427328026959,-6.639106632207605,6.708148740001025,19.56575682382134,-788.5876869197733,-1886.9722858598916
fixed_1.25,10,30,3.0,0.05,10,0.0,,both,403,-2675.559972779665,959.0322999999709,3634.5922727796356,-2.6755599727796646,0.9590322999999709,-1.3576254983989133,0.4990630038979608,-1.619993294559806,3.1542048800197224,56.575682382134,0.7971450729526809,1.0815427328026959,-6.639106632207605,6.708148740001025,19.56575682382134,-788.5876869197733,-1886.9722858598916
fixed_1.25,10,30,3.0,0.05,20,0.0,,both,403,-2675.559972779665,959.0322999999709,3634.5922727796356,-2.6755599727796646,0.9590322999999709,-1.3576254983989133,0.4990630038979608,-1.619993294559806,3.1542048800197224,56.575682382134,0.7971450729526809,1.0815427328026959,-6.639106632207605,6.708148740001025,19.56575682382134,-788.5876869197733,-1886.9722858598916
fixed_2.0,10,30,3.0,0.15,5,0.0,4.0,both,345,-3136.0390297997083,-23.28240000000605,3112.7566297997023,-3.136039029799708,-0.02328240000000605,-1.3856207038228388,0.000978010676439473,-1.5562426972687522,3.6443756954998388,49.56521739130435,0.7508485983637649,0.9979087905034522,-9.089968202317994,-0.9991949999945717,18.860869565217392,-1599.6713756798392,-1536.3676541198683
fixed_2.0,10,30,3.0,0.15,10,0.0,4.0,both,345,-3136.0390297997083,-23.28240000000605,3112.7566297997023,-3.136039029799708,-0.02328240000000605,-1.3856207038228388,0.000978010676439473,-1.5562426972687522,3.6443756954998388,49.56521739130435,0.7508485983637649,0.9979087905034522,-9.089968202317994,-0.9991949999945717,18.860869565217392,-1599.6713756798392,-1536.3676541198683
dynamic_rolling,30,30,3.0,0.0,0,0.0,,both,389,-2673.7869530996545,836.093300000016,3509.8802530996704,-2.6737869530996545,0.836093300000016,-1.4385519867054422,0.46313129444127277,-1.7334001321158723,2.725203233099499,53.213367609254504,0.8043864917177287,1.0688479081855857,-6.873488311310166,4.662333000001029,20.583547557840618,-162.0746942998096,-2511.7122587998456
dynamic_rolling,30,30,3.0,0.0,0,0.0,4.0,both,376,-3079.0593347196686,312.8898000000145,3391.949134719683,-3.0790593347196684,0.3128898000000145,-1.5910818745021988,0.17269481411234008,-1.8719789432191163,3.130475614719515,53.191489361702125,0.7658527506529115,1.0268028406146479,-8.188987592339544,4.903502499999756,20.486702127659573,-1049.2620584598167,-2029.797276259852
dynamic_rolling,10,30,3.0,0.05,5,0.0,4.0,both,359,-3003.0692528797654,237.59719999993786,3240.6664528797032,-3.003069252879765,0.23759719999993786,-1.644040571399883,0.1407510333262778,-2.000551512246644,3.6597861688998092,52.36768802228412,0.7481558902524702,1.0225924494687608,-8.365095411921352,2.6271100000029577,19.58217270194986,-666.2698184798588,-2336.799434399909
dynamic_rolling,10,30,3.0,0.05,10,0.0,4.0,both,359,-3003.0692528797654,237.59719999993786,3240.6664528797032,-3.003069252879765,0.23759719999993786,-1.644040571399883,0.1407510333262778,-2.000551512246644,3.6597861688998092,52.36768802228412,0.7481558902524702,1.0225924494687608,-8.365095411921352,2.6271100000029577,19.58217270194986,-666.2698184798588,-2336.799434399909
dynamic_rolling,10,30,3.0,0.05,20,0.0,4.0,both,359,-3003.0692528797654,237.59719999993786,3240.6664528797032,-3.003069252879765,0.23759719999993786,-1.644040571399883,0.1407510333262778,-2.000551512246644,3.6597861688998092,52.36768802228412,0.7481558902524702,1.0225924494687608,-8.365095411921352,2.6271100000029577,19.58217270194986,-666.2698184798588,-2336.799434399909
fixed_1.0,10,30,3.0,0.0,0,0.0,,both,421,-3411.1157503796785,383.97549999998364,3795.091250379662,-3.4111157503796785,0.38397549999998365,-1.6552061197291554,0.1962383604979594,-1.939244348646664,4.337282998719718,56.53206650831354,0.7701640217397608,1.0288907975922637,-8.10241270874033,9.512180000000823,20.771971496437054,-957.3066206597806,-2453.809129719897
dynamic_rolling,10,30,3.0,0.05,5,0.0,,both,369,-3039.8701557197614,291.80139999993503,3331.6715557196967,-3.0398701557197616,0.29180139999993504,-1.6560928702479931,0.17010948206257942,-2.015766383543647,3.678172177739805,52.30352303523035,0.7505464631947548,1.0271873106715175,-8.238130503305587,2.6271100000029577,19.509485094850948,-612.7792599198566,-2427.0908957999063
dynamic_rolling,10,30,3.0,0.05,10,0.0,,both,369,-3039.8701557197614,291.80139999993503,3331.6715557196967,-3.0398701557197616,0.29180139999993504,-1.6560928702479931,0.17010948206257942,-2.015766383543647,3.678172177739805,52.30352303523035,0.7505464631947548,1.0271873106715175,-8.238130503305587,2.6271100000029577,19.509485094850948,-612.7792599198566,-2427.0908957999063
dynamic_rolling,10,30,3.0,0.05,20,0.0,,both,369,-3039.8701557197614,291.80139999993503,3331.6715557196967,-3.0398701557197616,0.29180139999993504,-1.6560928702479931,0.17010948206257942,-2.015766383543647,3.678172177739805,52.30352303523035,0.7505464631947548,1.0271873106715175,-8.238130503305587,2.6271100000029577,19.509485094850948,-612.7792599198566,-2427.0908957999063
dynamic_rolling,10,30,3.0,0.15,5,0.0,4.0,both,359,-3039.1316601997646,201.52879999993434,3240.6604601996987,-3.039131660199765,0.20152879999993434,-1.662879384409661,0.12072058971476152,-2.0235842720361696,3.6810679243797932,52.36768802228412,0.7452643687256197,1.0191514863173712,-8.465547799999344,2.6271100000029577,19.520891364902507,-669.3229289798617,-2369.808731219905
dynamic_rolling,10,30,3.0,0.15,10,0.0,4.0,both,359,-3039.1316601997646,201.52879999993434,3240.6604601996987,-3.039131660199765,0.20152879999993434,-1.662879384409661,0.12072058971476152,-2.0235842720361696,3.6810679243797932,52.36768802228412,0.7452643687256197,1.0191514863173712,-8.465547799999344,2.6271100000029577,19.520891364902507,-669.3229289798617,-2369.808731219905
dynamic_rolling,20,30,3.0,0.05,5,0.0,,both,361,-3463.211234019742,-205.5243000000237,3257.686934019718,-3.4632112340197416,-0.20552430000002367,-1.755553413363177,-0.0958539546579943,-2.043602283581712,3.5982722555598303,52.63157894736842,0.7308354680590908,0.9820685241653667,-9.593382919722277,2.6271100000029577,20.321329639889196,-570.4697234998408,-2892.741510519901
dynamic_rolling,20,30,3.0,0.05,10,0.0,,both,361,-3463.211234019742,-205.5243000000237,3257.686934019718,-3.4632112340197416,-0.20552430000002367,-1.755553413363177,-0.0958539546579943,-2.043602283581712,3.5982722555598303,52.63157894736842,0.7308354680590908,0.9820685241653667,-9.593382919722277,2.6271100000029577,20.321329639889196,-570.4697234998408,-2892.741510519901
dynamic_rolling,20,30,3.0,0.05,20,0.0,,both,361,-3463.211234019742,-205.5243000000237,3257.686934019718,-3.4632112340197416,-0.20552430000002367,-1.755553413363177,-0.0958539546579943,-2.043602283581712,3.5982722555598303,52.63157894736842,0.7308354680590908,0.9820685241653667,-9.593382919722277,2.6271100000029577,20.321329639889196,-570.4697234998408,-2892.741510519901
dynamic_rolling,20,30,3.0,0.05,5,0.0,4.0,both,350,-3561.404316819747,-402.8381000000177,3158.566216819729,-3.561404316819747,-0.4028381000000177,-1.811956857075573,-0.19810595782151055,-2.1047901577583352,3.713382981579838,52.57142857142857,0.7179437562369775,0.9642459017368282,-10.175440905199277,2.5974975000025715,20.442857142857143,-705.4297522798457,-2855.974564539902
dynamic_rolling,20,30,3.0,0.05,10,0.0,4.0,both,350,-3561.404316819747,-402.8381000000177,3158.566216819729,-3.561404316819747,-0.4028381000000177,-1.811956857075573,-0.19810595782151055,-2.1047901577583352,3.713382981579838,52.57142857142857,0.7179437562369775,0.9642459017368282,-10.175440905199277,2.5974975000025715,20.442857142857143,-705.4297522798457,-2855.974564539902
dynamic_rolling,20,30,3.0,0.05,20,0.0,4.0,both,350,-3561.404316819747,-402.8381000000177,3158.566216819729,-3.561404316819747,-0.4028381000000177,-1.811956857075573,-0.19810595782151055,-2.1047901577583352,3.713382981579838,52.57142857142857,0.7179437562369775,0.9642459017368282,-10.175440905199277,2.5974975000025715,20.442857142857143,-705.4297522798457,-2855.974564539902
fixed_1.25,10,30,3.0,0.05,5,0.0,4.0,both,378,-3427.4560887797065,-19.53310000003762,3407.922988779669,-3.4274560887797065,-0.01953310000003762,-1.8529002593420634,-0.0014200387981855931,-2.1133578600991014,3.883644567379728,55.55555555555556,0.7301011081751525,0.9982763645602357,-9.067344150210864,5.8095645600010775,19.711640211640212,-1465.746428919801,-1961.7096598599046
fixed_1.25,10,30,3.0,0.05,10,0.0,4.0,both,378,-3427.4560887797065,-19.53310000003762,3407.922988779669,-3.4274560887797065,-0.01953310000003762,-1.8529002593420634,-0.0014200387981855931,-2.1133578600991014,3.883644567379728,55.55555555555556,0.7301011081751525,0.9982763645602357,-9.067344150210864,5.8095645600010775,19.711640211640212,-1465.746428919801,-1961.7096598599046
fixed_1.25,10,30,3.0,0.05,20,0.0,4.0,both,378,-3427.4560887797065,-19.53310000003762,3407.922988779669,-3.4274560887797065,-0.01953310000003762,-1.8529002593420634,-0.0014200387981855931,-2.1133578600991014,3.883644567379728,55.55555555555556,0.7301011081751525,0.9982763645602357,-9.067344150210864,5.8095645600010775,19.711640211640212,-1465.746428919801,-1961.7096598599046
dynamic_rolling,30,30,3.0,0.05,5,0.0,,both,380,-3425.7067848397037,2.9269999999870038,3428.6337848396906,-3.4257067848397034,0.002926999999987004,-1.8574138987523716,0.01078085875232448,-2.20216554220143,3.4902224168397513,50.0,0.7376216358673893,1.0002546409686734,-9.015017854841325,-0.1480159999981714,19.91578947368421,-887.4472053798385,-2538.259579459868
dynamic_rolling,30,30,3.0,0.05,10,0.0,,both,380,-3425.7067848397037,2.9269999999870038,3428.6337848396906,-3.4257067848397034,0.002926999999987004,-1.8574138987523716,0.01078085875232448,-2.20216554220143,3.4902224168397513,50.0,0.7376216358673893,1.0002546409686734,-9.015017854841325,-0.1480159999981714,19.91578947368421,-887.4472053798385,-2538.259579459868
dynamic_rolling,30,30,3.0,0.05,20,0.0,,both,380,-3425.7067848397037,2.9269999999870038,3428.6337848396906,-3.4257067848397034,0.002926999999987004,-1.8574138987523716,0.01078085875232448,-2.20216554220143,3.4902224168397513,50.0,0.7376216358673893,1.0002546409686734,-9.015017854841325,-0.1480159999981714,19.91578947368421,-887.4472053798385,-2538.259579459868
dynamic_rolling,20,30,3.0,0.15,5,0.0,4.0,both,350,-3619.9186597597445,-461.2836000000177,3158.6350597597266,-3.6199186597597444,-0.4612836000000177,-1.8615262519183766,-0.2309538128180101,-2.1409165672939805,3.688809345759713,53.142857142857146,0.7127081878856877,0.9589800941718185,-10.342624742170699,3.3119648999982934,20.402857142857144,-763.6873992198431,-2856.2312605399025
dynamic_rolling,20,30,3.0,0.15,10,0.0,4.0,both,350,-3619.9186597597445,-461.2836000000177,3158.6350597597266,-3.6199186597597444,-0.4612836000000177,-1.8615262519183766,-0.2309538128180101,-2.1409165672939805,3.688809345759713,53.142857142857146,0.7127081878856877,0.9589800941718185,-10.342624742170699,3.3119648999982934,20.402857142857144,-763.6873992198431,-2856.2312605399025
fixed_1.5,10,30,3.0,0.05,5,0.0,,both,389,-3364.1548124397277,144.48279999995566,3508.6376124396834,-3.3641548124397276,0.14448279999995567,-1.8671324470622641,0.09024438250030886,-2.1464066341546837,3.418420522439803,53.72750642673522,0.7324240439550184,1.013024565993683,-8.64821288544917,4.60354799999719,19.23393316195373,-1364.522171419854,-1999.6326410198733
fixed_1.5,10,30,3.0,0.05,10,0.0,,both,389,-3364.1548124397277,144.48279999995566,3508.6376124396834,-3.3641548124397276,0.14448279999995567,-1.8671324470622641,0.09024438250030886,-2.1464066341546837,3.418420522439803,53.72750642673522,0.7324240439550184,1.013024565993683,-8.64821288544917,4.60354799999719,19.23393316195373,-1364.522171419854,-1999.6326410198733
fixed_1.5,10,30,3.0,0.05,20,0.0,,both,389,-3364.1548124397277,144.48279999995566,3508.6376124396834,-3.3641548124397276,0.14448279999995567,-1.8671324470622641,0.09024438250030886,-2.1464066341546837,3.418420522439803,53.72750642673522,0.7324240439550184,1.013024565993683,-8.64821288544917,4.60354799999719,19.23393316195373,-1364.522171419854,-1999.6326410198733
fixed_1.25,10,30,3.0,0.15,5,0.0,4.0,both,378,-3465.270769299704,-57.350300000038715,3407.9204692996655,-3.465270769299704,-0.05735030000003871,-1.876740240245265,-0.022098394625208476,-2.1390102326674576,3.922549029899732,56.613756613756614,0.7264878969623968,0.9949297555116995,-9.167382987565356,6.372934679998642,19.65343915343915,-1478.3588508998037,-1986.9119183998994
fixed_1.25,10,30,3.0,0.15,10,0.0,4.0,both,378,-3465.270769299704,-57.350300000038715,3407.9204692996655,-3.465270769299704,-0.05735030000003871,-1.876740240245265,-0.022098394625208476,-2.1390102326674576,3.922549029899732,56.613756613756614,0.7264878969623968,0.9949297555116995,-9.167382987565356,6.372934679998642,19.65343915343915,-1478.3588508998037,-1986.9119183998994
fixed_1.0,10,30,3.0,0.0,0,0.0,4.0,both,403,-4213.406575339706,-582.0693000000201,3631.337275339686,-4.2134065753397065,-0.5820693000000201,-2.1211635691091084,-0.28314549805165984,-2.4110775672952687,4.822540164299745,55.33498759305211,0.709874289195194,0.955221773880401,-10.455103164614655,8.298506000001773,20.851116625310173,-1633.905215019802,-2579.501360319903
dynamic_rolling,30,30,3.0,0.05,5,0.0,4.0,both,365,-3892.722407219716,-599.9889000000107,3292.733507219705,-3.892722407219716,-0.5999889000000107,-2.163411635875946,-0.32777225919337255,-2.5163345957981,3.957238039219767,49.86301369863014,0.6905036760791022,0.9458460165813168,-10.664992896492372,-0.38953199999530774,19.904109589041095,-1630.0401737398438,-2262.682233479873
dynamic_rolling,30,30,3.0,0.05,10,0.0,4.0,both,365,-3892.722407219716,-599.9889000000107,3292.733507219705,-3.892722407219716,-0.5999889000000107,-2.163411635875946,-0.32777225919337255,-2.5163345957981,3.957238039219767,49.86301369863014,0.6905036760791022,0.9458460165813168,-10.664992896492372,-0.38953199999530774,19.904109589041095,-1630.0401737398438,-2262.682233479873
dynamic_rolling,30,30,3.0,0.05,20,0.0,4.0,both,365,-3892.722407219716,-599.9889000000107,3292.733507219705,-3.892722407219716,-0.5999889000000107,-2.163411635875946,-0.32777225919337255,-2.5163345957981,3.957238039219767,49.86301369863014,0.6905036760791022,0.9458460165813168,-10.664992896492372,-0.38953199999530774,19.904109589041095,-1630.0401737398438,-2262.682233479873
dynamic_rolling,30,30,3.0,0.15,5,0.0,4.0,both,365,-3958.786648719706,-665.9840000000083,3292.8026487196976,-3.958786648719706,-0.6659840000000083,-2.2030063582190773,-0.365485513525971,-2.565698083840116,4.02330228071977,49.31506849315068,0.6840832097479942,0.939597214025979,-10.845990818410154,-0.5046961199975968,19.852054794520548,-1703.254184999838,-2255.53246371987
dynamic_rolling,30,30,3.0,0.15,10,0.0,4.0,both,365,-3958.786648719706,-665.9840000000083,3292.8026487196976,-3.958786648719706,-0.6659840000000083,-2.2030063582190773,-0.365485513525971,-2.565698083840116,4.02330228071977,49.31506849315068,0.6840832097479942,0.939597214025979,-10.845990818410154,-0.5046961199975968,19.852054794520548,-1703.254184999838,-2255.53246371987
fixed_1.5,10,30,3.0,0.05,5,0.0,4.0,both,369,-3880.1123408997437,-553.482700000041,3326.6296408997027,-3.880112340899744,-0.553482700000041,-2.2941001748533023,-0.3230315876082495,-2.5341785312959906,3.9343780508998174,53.387533875338754,0.6732932106995541,0.9471339425922157,-10.515209595934264,4.0712928000022295,19.252032520325205,-2227.677409379863,-1652.4349315198806
fixed_1.5,10,30,3.0,0.05,10,0.0,4.0,both,369,-3880.1123408997437,-553.482700000041,3326.6296408997027,-3.880112340899744,-0.553482700000041,-2.2941001748533023,-0.3230315876082495,-2.5341785312959906,3.9343780508998174,53.387533875338754,0.6732932106995541,0.9471339425922157,-10.515209595934264,4.0712928000022295,19.252032520325205,-2227.677409379863,-1652.4349315198806
fixed_1.5,10,30,3.0,0.05,20,0.0,4.0,both,369,-3880.1123408997437,-553.482700000041,3326.6296408997027,-3.880112340899744,-0.553482700000041,-2.2941001748533023,-0.3230315876082495,-2.5341785312959906,3.9343780508998174,53.387533875338754,0.6732932106995541,0.9471339425922157,-10.515209595934264,4.0712928000022295,19.252032520325205,-2227.677409379863,-1652.4349315198806
fixed_1.5,10,30,3.0,0.15,5,0.0,4.0,both,369,-3884.8921455997483,-558.2078000000475,3326.684345599701,-3.8848921455997485,-0.5582078000000475,-2.3017169847468115,-0.32662366795367226,-2.5439084301253416,3.9391578555998277,53.387533875338754,0.6725064557712962,0.9465862691847491,-10.52816299620528,4.0712928000022295,19.211382113821138,-2234.15107523986,-1650.741070359888
fixed_1.5,10,30,3.0,0.15,10,0.0,4.0,both,369,-3884.8921455997483,-558.2078000000475,3326.684345599701,-3.8848921455997485,-0.5582078000000475,-2.3017169847468115,-0.32662366795367226,-2.5439084301253416,3.9391578555998277,53.387533875338754,0.6725064557712962,0.9465862691847491,-10.52816299620528,4.0712928000022295,19.211382113821138,-2234.15107523986,-1650.741070359888
fixed_1.0,10,30,3.0,0.05,5,0.0,,both,415,-4997.874341899688,-1255.86330000006,3742.0110418996283,-4.9978743418996885,-1.25586330000006,-2.452805576335177,-0.6045263955478006,-2.7971647139845315,5.684231516519692,54.93975903614457,0.6630015106406182,0.9054087072597923,-12.043070703372743,6.708148740001025,19.951807228915662,-2109.3916211197866,-2888.4827207799012
fixed_1.0,10,30,3.0,0.05,10,0.0,,both,415,-4997.874341899688,-1255.86330000006,3742.0110418996283,-4.9978743418996885,-1.25586330000006,-2.452805576335177,-0.6045263955478006,-2.7971647139845315,5.684231516519692,54.93975903614457,0.6630015106406182,0.9054087072597923,-12.043070703372743,6.708148740001025,19.951807228915662,-2109.3916211197866,-2888.4827207799012
fixed_1.0,10,30,3.0,0.05,20,0.0,,both,415,-4997.874341899688,-1255.86330000006,3742.0110418996283,-4.9978743418996885,-1.25586330000006,-2.452805576335177,-0.6045263955478006,-2.7971647139845315,5.684231516519692,54.93975903614457,0.6630015106406182,0.9054087072597923,-12.043070703372743,6.708148740001025,19.951807228915662,-2109.3916211197866,-2888.4827207799012
fixed_1.0,10,30,3.0,0.05,5,0.0,4.0,both,396,-5817.772201519721,-2248.6174000000665,3569.154801519655,-5.8177722015197215,-2.2486174000000663,-3.0006795467254936,-1.1519410102895182,-3.2736770964683446,6.201812727899742,53.78787878787878,0.5971523517518449,0.8259918415366976,-14.69134394323162,5.167870999999365,20.095959595959595,-2733.4532817398112,-3084.318919779909
fixed_1.0,10,30,3.0,0.05,10,0.0,4.0,both,396,-5817.772201519721,-2248.6174000000665,3569.154801519655,-5.8177722015197215,-2.2486174000000663,-3.0006795467254936,-1.1519410102895182,-3.2736770964683446,6.201812727899742,53.78787878787878,0.5971523517518449,0.8259918415366976,-14.69134394323162,5.167870999999365,20.095959595959595,-2733.4532817398112,-3084.318919779909
fixed_1.0,10,30,3.0,0.05,20,0.0,4.0,both,396,-5817.772201519721,-2248.6174000000665,3569.154801519655,-5.8177722015197215,-2.2486174000000663,-3.0006795467254936,-1.1519410102895182,-3.2736770964683446,6.201812727899742,53.78787878787878,0.5971523517518449,0.8259918415366976,-14.69134394323162,5.167870999999365,20.095959595959595,-2733.4532817398112,-3084.318919779909
fixed_1.0,10,30,3.0,0.15,5,0.0,4.0,both,396,-6014.907687139717,-2445.8745000000695,3569.033187139648,-6.014907687139718,-2.4458745000000692,-3.1097860654440868,-1.2569815528739554,-3.3801625453418844,6.397616395999736,53.78787878787878,0.584853465744772,0.8116218362166325,-15.189160826110397,4.507653839999627,20.03030303030303,-2801.30938125981,-3213.5983058799075
fixed_1.0,10,30,3.0,0.15,10,0.0,4.0,both,396,-6014.907687139717,-2445.8745000000695,3569.033187139648,-6.014907687139718,-2.4458745000000692,-3.1097860654440868,-1.2569815528739554,-3.3801625453418844,6.397616395999736,53.78787878787878,0.584853465744772,0.8116218362166325,-15.189160826110397,4.507653839999627,20.03030303030303,-2801.30938125981,-3213.5983058799075
