entry_time,direction,entry_reference,entry_price,shares,entry_basis,entry_threshold,entry_hook,entry_window,signal_metric,signal_spread,signal_points,exit_time,exit_reference,exit_price,exit_reason,gross_pnl,commission,slippage,costs,net_pnl,duration_minutes,reconciliation_error
2024-08-22 09:44:00-04:00,SHORT,484.3568,484.25992864000006,41,absolute_qqq_points,0.75,0.0,0,0.7588767208030731,0.001563147237379602,0.7588767208030731,2024-08-22 09:47:00-04:00,484.21,484.30684199999996,CONVERGENCE_NEXT_OPEN,6.018800000001704,0.28700000000000003,7.9422477599978265,8.229247759997827,-2.2104477599961223,3,0.0
2024-08-22 09:52:00-04:00,LONG,484.17,484.266834,41,absolute_qqq_points,0.75,0.0,0,-0.7800186354078278,-0.0016066957143607138,-0.7800186354078278,2024-08-22 10:08:00-04:00,483.44,483.343312,CONVERGENCE_NEXT_OPEN,-29.930000000000746,0.28700000000000003,7.934401999998897,8.221401999998898,-38.15140199999964,16,0.0
2024-08-22 10:38:00-04:00,SHORT,482.67,482.57346600000005,41,absolute_qqq_points,0.75,0.0,0,0.8008401983344697,0.0016495843254809382,0.8008401983344697,2024-08-22 15:59:00-04:00,474.83,474.924966,FORCED_EOD,321.4400000000013,0.28700000000000003,7.8514999999984525,8.138499999998453,313.3015000000029,321,0.0
2024-08-23 09:39:00-04:00,LONG,478.44,478.535688,41,absolute_qqq_points,0.75,0.0,0,-1.241658933610438,-0.0025929476957992853,-1.241658933610438,2024-08-23 15:59:00-04:00,480.02,479.923996,FORCED_EOD,64.77999999999935,0.28700000000000003,7.859371999999553,8.146371999999554,56.633627999999796,380,-7.105427357601002e-15
2024-08-26 09:34:00-04:00,LONG,480.14,480.236028,41,absolute_qqq_points,0.75,0.0,0,-0.8699024203392582,-0.0018137325806665103,-0.8699024203392582,2024-08-26 10:02:00-04:00,478.07,477.974386,CONVERGENCE_NEXT_OPEN,-84.86999999999972,0.28700000000000003,7.857322000000067,8.144322000000068,-93.0143219999998,28,0.0
2024-08-26 10:10:00-04:00,SHORT,476.91,476.81461800000005,41,absolute_qqq_points,0.75,0.0,0,0.802713473238839,0.00167364470463885,0.802713473238839,2024-08-26 12:32:00-04:00,476.2,476.29524,CONVERGENCE_NEXT_OPEN,29.11000000000149,0.28700000000000003,7.815501999998446,8.102501999998447,21.007498000003046,142,0.0
2024-08-27 09:41:00-04:00,SHORT,472.04,471.94559200000003,42,absolute_qqq_points,0.75,0.0,0,0.9252813073721313,0.0019542554066195534,0.9252813073721313,2024-08-27 09:54:00-04:00,474.4601,474.55499202,CONVERGENCE_NEXT_OPEN,-101.64419999999961,0.294,7.950600839998401,8.244600839998402,-109.88880083999801,13,0.0
2024-08-27 10:02:00-04:00,LONG,474.34,474.43486799999994,42,absolute_qqq_points,0.75,0.0,0,-0.7751051047341093,-0.0016370733198179405,-0.7751051047341093,2024-08-27 15:59:00-04:00,476.83,476.73463399999997,FORCED_EOD,104.58000000000038,0.294,7.989827999998965,8.283827999998966,96.29617200000142,357,0.0
2024-08-28 09:42:00-04:00,LONG,475.99,476.085198,42,absolute_qqq_points,0.75,0.0,0,-0.849745334805732,-0.0017815861598576331,-0.849745334805732,2024-08-28 09:47:00-04:00,474.88,474.785024,CONVERGENCE_NEXT_OPEN,-46.62000000000057,0.294,7.9873079999981655,8.281307999998166,-54.901307999998735,5,0.0
2024-08-28 10:59:00-04:00,SHORT,472.39,472.295522,42,absolute_qqq_points,0.75,0.0,0,0.9360753721904871,0.0019625867414259437,0.9360753721904871,2024-08-28 15:32:00-04:00,472.34,472.434468,CONVERGENCE_NEXT_OPEN,2.1000000000004775,0.294,7.9357319999994616,8.229731999999462,-6.129731999998984,273,-8.881784197001252e-16
2024-08-29 09:33:00-04:00,LONG,474.41,474.504882,42,absolute_qqq_points,0.75,0.0,0,-1.7874552425633397,-0.0037793770512243143,-1.7874552425633397,2024-08-29 10:22:00-04:00,474.48,474.385104,CONVERGENCE_NEXT_OPEN,2.9399999999997135,0.294,7.970675999999571,8.264675999999572,-5.324675999999857,49,-8.881784197001252e-16
2024-08-29 10:28:00-04:00,LONG,475.71,475.805142,42,absolute_qqq_points,0.75,0.0,0,-0.8007072302758615,-0.0016930071639242369,-0.8007072302758615,2024-08-29 14:01:00-04:00,475.62,475.524876,CONVERGENCE_NEXT_OPEN,-3.7799999999989495,0.294,7.991172000000347,8.285172000000347,-12.065171999999297,213,0.0
2024-08-29 14:40:00-04:00,SHORT,471.36,471.265728,42,absolute_qqq_points,0.75,0.0,0,0.9228750467659665,0.0019513175434215145,0.9228750467659665,2024-08-29 15:59:00-04:00,470.68,470.774136,FORCED_EOD,28.560000000000286,0.294,7.913135999999213,8.207135999999213,20.352864000001073,79,0.0
2024-08-30 09:39:00-04:00,LONG,474.78,474.87495599999994,42,absolute_qqq_points,0.75,0.0,0,-0.929370370954814,-0.001956528423838811,-0.929370370954814,2024-08-30 13:52:00-04:00,472.715,472.620457,CONVERGENCE_NEXT_OPEN,-86.7299999999999,0.294,7.95895799999812,8.25295799999812,-94.98295799999802,253,0.0
2024-08-30 15:51:00-04:00,LONG,475.92,476.01518400000003,42,absolute_qqq_points,0.75,0.0,0,-1.3319983214299214,-0.0028041485481249814,-1.3319983214299214,2024-08-30 15:59:00-04:00,476.39,476.294722,FORCED_EOD,19.73999999999876,0.294,7.99940400000105,8.29340400000105,11.446595999997708,8,0.0
2024-09-03 09:33:00-04:00,SHORT,472.03,471.935594,42,absolute_qqq_points,0.75,0.0,0,1.1037801160886715,0.002335350617993898,1.1037801160886715,2024-09-03 15:59:00-04:00,461.84,461.93236799999994,FORCED_EOD,427.9799999999999,0.294,7.8445079999982,8.1385079999982,419.8414920000017,386,0.0
2024-09-04 09:33:00-04:00,SHORT,458.96,458.868208,43,absolute_qqq_points,0.75,0.0,0,1.870839270787883,0.00407865719938925,1.870839270787883,2024-09-04 10:35:00-04:00,462.56,462.652512,CONVERGENCE_NEXT_OPEN,-154.80000000000098,0.301,7.925071999999886,8.226071999999887,-163.02607200000085,62,0.0
2024-09-04 11:04:00-04:00,LONG,464.15,464.24282999999997,43,absolute_qqq_points,0.75,0.0,0,-0.8662473158103694,-0.001888524528135177,-0.8662473158103694,2024-09-04 11:26:00-04:00,462.96,462.867408,CONVERGENCE_NEXT_OPEN,-51.1699999999999,0.301,7.97314599999828,8.27414599999828,-59.444145999998184,22,0.0
2024-09-04 13:48:00-04:00,LONG,462.35,462.44247,43,absolute_qqq_points,0.75,0.0,0,-0.8435723558809514,-0.001839090357062494,-0.8435723558809514,2024-09-04 14:21:00-04:00,461.31,461.217738,CONVERGENCE_NEXT_OPEN,-44.72000000000088,0.301,7.943475999999862,8.244475999999862,-52.964476000000744,33,0.0
2024-09-04 14:47:00-04:00,SHORT,460.6,460.50788000000006,43,absolute_qqq_points,0.75,0.0,0,0.814498486986281,0.0017757057860129876,0.814498486986281,2024-09-04 15:59:00-04:00,460.62,460.712124,FORCED_EOD,-0.8599999999992178,0.301,7.9224919999990675,8.223491999999068,-9.083491999998285,72,0.0
2024-09-05 09:32:00-04:00,LONG,459.07,459.161814,43,absolute_qqq_points,0.75,0.0,0,-0.8300043147872884,-0.0018073826073802667,-0.8300043147872884,2024-09-05 15:59:00-04:00,461.14,461.047772,FORCED_EOD,89.0099999999997,0.301,7.913805999998999,8.214805999999,80.7951940000007,387,0.0
2024-09-06 09:40:00-04:00,SHORT,457.52,457.428496,43,absolute_qqq_points,0.75,0.0,0,0.9177671327125267,0.001990688529407118,0.9177671327125267,2024-09-06 09:44:00-04:00,458.54,458.631708,CONVERGENCE_NEXT_OPEN,-43.86000000000166,0.301,7.87811599999867,8.17911599999867,-52.039116000000334,4,0.0
2024-09-06 09:55:00-04:00,SHORT,456.65,456.55867,43,absolute_qqq_points,0.75,0.0,0,0.9176158268567747,0.001990360338495962,0.9176158268567747,2024-09-06 15:59:00-04:00,448.87,448.959774,FORCED_EOD,334.5399999999988,0.301,7.787471999997763,8.088471999997763,326.4515280000011,364,0.0
2024-09-09 09:33:00-04:00,LONG,453.2701,453.36075402,44,absolute_qqq_points,0.75,0.0,0,-1.116064975187271,-0.0024663329249255492,-1.116064975187271,2024-09-09 09:43:00-04:00,453.545,453.454291,CONVERGENCE_NEXT_OPEN,12.095600000000104,0.308,7.97997287999965,8.28797287999965,3.807627120000454,10,0.0
2024-09-09 09:47:00-04:00,SHORT,453.56,453.469288,44,absolute_qqq_points,0.75,0.0,0,0.9015250777008532,0.001992232559225775,0.9015250777008532,2024-09-09 15:56:00-04:00,453.92,454.010784,CONVERGENCE_NEXT_OPEN,-15.8400000000006,0.308,7.985823999999184,8.293823999999184,-24.133823999999784,369,0.0
2024-09-10 09:32:00-04:00,LONG,457.28,457.37145599999997,43,absolute_qqq_points,0.75,0.0,0,-1.1714703094131096,-0.002565637996962581,-1.1714703094131096,2024-09-10 09:39:00-04:00,455.69,455.598862,CONVERGENCE_NEXT_OPEN,-68.36999999999892,0.301,7.8515419999997675,8.152541999999768,-76.5225419999987,7,0.0
2024-09-10 09:57:00-04:00,LONG,457.05,457.14141,43,absolute_qqq_points,0.75,0.0,0,-0.9702981628529983,-0.0021250507289816913,-0.9702981628529983,2024-09-10 14:52:00-04:00,457.67,457.57846600000005,CONVERGENCE_NEXT_OPEN,26.660000000000196,0.301,7.866591999998434,8.167591999998434,18.492408000001763,295,0.0
2024-09-10 15:57:00-04:00,LONG,458.77,458.86175399999996,43,absolute_qqq_points,0.75,0.0,0,-0.7644026802844337,-0.001674118879291299,-0.7644026802844337,2024-09-10 15:59:00-04:00,458.67,458.57826600000004,FORCED_EOD,-4.299999999998533,0.301,7.889983999998037,8.190983999998037,-12.49098399999657,2,0.0
2024-09-11 09:32:00-04:00,LONG,459.58,459.67191599999995,43,absolute_qqq_points,0.75,0.0,0,-1.3258833024161731,-0.002889390041876344,-1.3258833024161731,2024-09-11 15:59:00-04:00,468.45,468.35631,FORCED_EOD,381.4100000000002,0.301,7.981057999997859,8.282057999997859,373.12794200000235,387,0.0
2024-09-12 09:32:00-04:00,SHORT,467.53,467.436494,42,absolute_qqq_points,0.75,0.0,0,1.059568697932093,0.0022642533960147387,1.059568697932093,2024-09-12 09:34:00-04:00,468.88,468.973776,CONVERGENCE_NEXT_OPEN,-56.700000000000955,0.294,7.865843999999242,8.159843999999243,-64.8598440000002,2,0.0
2024-09-12 10:01:00-04:00,LONG,468.5,468.5937,42,absolute_qqq_points,0.75,0.0,0,-1.2149073152517076,-0.002596205436957953,-1.2149073152517076,2024-09-12 15:59:00-04:00,473.24,473.145352,FORCED_EOD,199.08000000000038,0.294,7.9106160000008,8.2046160000008,190.87538399999957,358,0.0
2024-09-13 09:33:00-04:00,SHORT,472.69,472.595462,42,absolute_qqq_points,0.75,0.0,0,0.9173929261339708,0.0019406276862775117,0.9173929261339708,2024-09-13 09:40:00-04:00,473.98,474.074796,CONVERGENCE_NEXT_OPEN,-54.18000000000086,0.294,7.952027999998904,8.246027999998905,-62.42602799999976,7,0.0
2024-09-13 09:47:00-04:00,SHORT,473.89,473.795222,42,absolute_qqq_points,0.75,0.0,0,0.772284021981875,0.0016336683137982044,0.772284021981875,2024-09-13 15:59:00-04:00,475.34,475.43506799999994,FORCED_EOD,-60.89999999999952,0.294,7.973531999997135,8.267531999997136,-69.16753199999665,372,0.0
2024-09-16 09:33:00-04:00,SHORT,471.99,471.895602,42,absolute_qqq_points,0.75,0.0,0,0.8889305279818132,0.0018816132082675203,0.8889305279818132,2024-09-16 09:43:00-04:00,471.54,471.63430800000003,CONVERGENCE_NEXT_OPEN,18.899999999999523,0.294,7.925652000001037,8.219652000001037,10.680347999998485,10,0.0
2024-09-16 09:45:00-04:00,LONG,471.83,471.92436599999996,42,absolute_qqq_points,0.75,0.0,0,-0.8259303791111279,-0.0017482598038039373,-0.8259303791111279,2024-09-16 12:19:00-04:00,470.56,470.465888,CONVERGENCE_NEXT_OPEN,-53.339999999999236,0.294,7.916075999998952,8.210075999998953,-61.550075999998185,154,0.0
2024-09-16 13:53:00-04:00,LONG,473.1101,473.20472201999996,42,absolute_qqq_points,0.75,0.0,0,-0.7591697009958693,-0.0016069464280335415,-0.7591697009958693,2024-09-16 14:53:00-04:00,472.47,472.37550600000003,CONVERGENCE_NEXT_OPEN,-26.884199999998373,0.294,7.942872839998813,8.236872839998814,-35.12107283999718,60,0.0
2024-09-17 09:34:00-04:00,SHORT,476.23,476.13475400000004,42,absolute_qqq_points,0.75,0.0,0,0.8604326861631648,0.0018054696816064827,0.8604326861631648,2024-09-17 09:44:00-04:00,476.21,476.30524199999996,CONVERGENCE_NEXT_OPEN,0.8400000000016234,0.294,8.000495999998293,8.294495999998293,-7.454495999996669,10,-8.881784197001252e-16
2024-09-17 10:21:00-04:00,SHORT,476.08,475.984784,42,absolute_qqq_points,0.75,0.0,0,0.8982301642363382,0.0018847811743003262,0.8982301642363382,2024-09-17 10:42:00-04:00,476.48,476.575296,CONVERGENCE_NEXT_OPEN,-16.800000000001432,0.294,8.001503999998135,8.295503999998136,-25.09550399999957,21,0.0
2024-09-17 11:19:00-04:00,SHORT,476.5,476.4047,41,absolute_qqq_points,0.75,0.0,0,0.836058005795735,0.0017543236162489715,0.836058005795735,2024-09-17 15:59:00-04:00,473.51,473.604702,FORCED_EOD,122.59000000000037,0.28700000000000003,7.7900819999997,8.0770819999997,114.51291800000067,280,0.0
2024-09-18 09:39:00-04:00,SHORT,473.305,473.21033900000003,42,absolute_qqq_points,0.75,0.0,0,0.967501520404312,0.002038476086983908,0.967501520404312,2024-09-18 09:55:00-04:00,473.81,473.904762,CONVERGENCE_NEXT_OPEN,-21.20999999999981,0.294,7.9557659999990165,8.249765999999017,-29.459765999998826,16,0.0
2024-09-18 10:40:00-04:00,LONG,473.955,474.04979099999997,42,absolute_qqq_points,0.75,0.0,0,-0.9239888513882875,-0.001946797124833173,-0.9239888513882875,2024-09-18 11:46:00-04:00,471.99,471.895602,CONVERGENCE_NEXT_OPEN,-82.52999999999895,0.294,7.9459379999999555,8.239937999999956,-90.7699379999989,66,0.0
2024-09-18 12:31:00-04:00,LONG,473.22,473.31464400000004,42,absolute_qqq_points,0.75,0.0,0,-0.756043443744943,-0.0015929447636950133,-0.756043443744943,2024-09-18 14:04:00-04:00,476.4,476.30472,CONVERGENCE_NEXT_OPEN,133.5599999999979,0.294,7.976808000000801,8.270808000000802,125.2891919999971,93,-1.4210854715202004e-14
2024-09-18 14:16:00-04:00,LONG,475.28,475.375056,42,absolute_qqq_points,0.75,0.0,0,-0.8352870827930587,-0.0017599070473074646,-0.8352870827930587,2024-09-18 15:09:00-04:00,472.21,472.11555799999996,CONVERGENCE_NEXT_OPEN,-128.9399999999997,0.294,7.958916000000613,8.252916000000614,-137.19291600000034,53,0.0
2024-09-18 15:26:00-04:00,LONG,474.835,474.929967,42,absolute_qqq_points,0.75,0.0,0,-0.7984047403508043,-0.0016821978432235486,-0.7984047403508043,2024-09-18 15:59:00-04:00,471.33,471.235734,FORCED_EOD,-147.2099999999998,0.294,7.947786000000065,8.241786000000065,-155.45178599999988,33,0.0
2024-09-19 09:34:00-04:00,LONG,482.19,482.286438,41,absolute_qqq_points,0.75,0.0,0,-0.886901252624682,-0.0018393190498033314,-0.886901252624682,2024-09-19 15:59:00-04:00,483.41,483.31331800000004,FORCED_EOD,50.02000000000112,0.28700000000000003,7.91791999999856,8.20491999999856,41.81508000000256,385,0.0
2024-09-20 09:37:00-04:00,LONG,483.21,483.30664199999995,41,absolute_qqq_points,0.75,0.0,0,-0.8434498028118469,-0.0017474306016654743,-0.8434498028118469,2024-09-20 09:40:00-04:00,482.91,482.813418,CONVERGENCE_NEXT_OPEN,-12.299999999998136,0.28700000000000003,7.922183999999447,8.209183999999448,-20.509183999997582,3,0.0
2024-09-20 10:22:00-04:00,SHORT,481.27,481.173746,41,absolute_qqq_points,0.75,0.0,0,0.82923719534881,0.001717985405131438,0.82923719534881,2024-09-20 12:18:00-04:00,481.29,481.386258,CONVERGENCE_NEXT_OPEN,-0.8200000000015848,0.28700000000000003,7.892991999998571,8.179991999998572,-8.999992000000157,116,1.7763568394002505e-15
2024-09-20 13:45:00-04:00,SHORT,481.8301,481.73373398,41,absolute_qqq_points,0.75,0.0,0,0.8130579117266166,0.0016844657158502359,0.8130579117266166,2024-09-20 15:59:00-04:00,482.42,482.516484,FORCED_EOD,-24.185900000000004,0.28700000000000003,7.9068508199991925,8.193850819999193,-32.379750819999195,134,0.0
2024-09-23 09:33:00-04:00,SHORT,482.1,482.00358000000006,41,absolute_qqq_points,0.75,0.0,0,1.1915436599343252,0.0024671173363445126,1.1915436599343252,2024-09-23 09:50:00-04:00,483.54,483.636708,CONVERGENCE_NEXT_OPEN,-59.03999999999991,0.28700000000000003,7.918247999997732,8.205247999997733,-67.24524799999764,17,0.0
2024-09-23 10:43:00-04:00,SHORT,483.2101,483.11345798,41,absolute_qqq_points,0.75,0.0,0,0.7858463564698468,0.001627112152866266,0.7858463564698468,2024-09-23 10:50:00-04:00,483.645,483.74172899999996,CONVERGENCE_NEXT_OPEN,-17.830899999998792,0.28700000000000003,7.9282118199988645,8.215211819998865,-26.046111819997655,7,0.0
2024-09-24 09:33:00-04:00,SHORT,484.045,483.948191,41,absolute_qqq_points,0.75,0.0,0,1.0852533364483747,0.0022392979045237392,1.0852533364483747,2024-09-24 12:02:00-04:00,486.03,486.12720599999994,CONVERGENCE_NEXT_OPEN,-81.38499999999823,0.28700000000000003,7.954614999999137,8.241614999999138,-89.62661499999737,149,0.0
2024-09-24 13:34:00-04:00,LONG,485.6,485.69712,41,absolute_qqq_points,0.75,0.0,0,-0.8365867291784639,-0.0017262023959607976,-0.8365867291784639,2024-09-24 15:31:00-04:00,484.78,484.683044,CONVERGENCE_NEXT_OPEN,-33.62000000000205,0.28700000000000003,7.957115999997484,8.244115999997485,-41.864115999999534,117,0.0
2024-09-25 09:36:00-04:00,LONG,486.08,486.177216,41,absolute_qqq_points,0.75,0.0,0,-0.9249572775630668,-0.0019062637104056523,-0.9249572775630668,2024-09-25 15:59:00-04:00,485.93,485.83281400000004,FORCED_EOD,-6.149999999999068,0.28700000000000003,7.970481999998697,8.257481999998697,-14.407481999997765,383,1.7763568394002505e-15
2024-09-26 09:38:00-04:00,LONG,492.2,492.29843999999997,40,absolute_qqq_points,0.75,0.0,0,-1.0217910838852617,-0.002073355553519107,-1.0217910838852617,2024-09-26 13:20:00-04:00,486.07,485.972786,CONVERGENCE_NEXT_OPEN,-245.19999999999982,0.28,7.826159999999618,8.106159999999617,-253.30615999999944,222,0.0
2024-09-27 09:39:00-04:00,SHORT,489.69,489.592062,40,absolute_qqq_points,0.75,0.0,0,0.8253513890186923,0.0016844937221027656,0.8253513890186923,2024-09-27 15:59:00-04:00,486.78,486.87735599999996,FORCED_EOD,116.400000000001,0.28,7.811759999999595,8.091759999999594,108.3082400000014,380,0.0
2024-09-30 09:33:00-04:00,LONG,486.85,486.94737000000003,41,absolute_qqq_points,0.75,0.0,0,-0.8413372049740815,-0.001732287112860523,-0.8413372049740815,2024-09-30 15:59:00-04:00,488.05,487.95239000000004,FORCED_EOD,49.199999999999534,0.28700000000000003,7.99417999999946,8.28117999999946,40.918820000000075,386,0.0
2024-10-01 10:38:00-04:00,SHORT,479.95,479.85401,41,absolute_qqq_points,0.75,0.0,0,0.8064293404376031,0.001652861228322925,0.8064293404376031,2024-10-01 15:59:00-04:00,481.17,481.266234,FORCED_EOD,-50.02000000000112,0.28700000000000003,7.881183999998086,8.168183999998087,-58.188183999999204,321,0.0
2024-10-02 09:36:00-04:00,SHORT,479.59,479.494082,41,absolute_qqq_points,0.75,0.0,0,1.530524012865385,0.0031896549117734823,1.530524012865385,2024-10-02 15:08:00-04:00,482.49,482.586498,CONVERGENCE_NEXT_OPEN,-118.9000000000014,0.28700000000000003,7.8890559999991865,8.176055999999187,-127.07605600000059,332,0.0
2024-10-03 09:47:00-04:00,LONG,481.779,481.87535579999997,41,absolute_qqq_points,0.75,0.0,0,-0.7996728785162759,-0.0016661222715540682,-0.7996728785162759,2024-10-03 10:20:00-04:00,482.53,482.433494,CONVERGENCE_NEXT_OPEN,30.79099999999903,0.28700000000000003,7.907333799997787,8.194333799997787,22.596666200001245,33,0.0
2024-10-04 09:39:00-04:00,SHORT,487.23,487.132554,41,absolute_qqq_points,0.75,0.0,0,0.8431958063843012,0.0017303778168735648,0.8431958063843012,2024-10-04 15:59:00-04:00,487.49,487.587498,FORCED_EOD,-10.659999999999627,0.28700000000000003,7.992703999998525,8.279703999998526,-18.93970399999815,380,0.0
2024-10-07 09:33:00-04:00,LONG,485.11,485.207022,41,absolute_qqq_points,0.75,0.0,0,-0.9115930262986467,-0.0018779469867303182,-0.9115930262986467,2024-10-07 09:57:00-04:00,485.1,485.00298000000004,CONVERGENCE_NEXT_OPEN,-0.4099999999996271,0.28700000000000003,7.955721999998673,8.242721999998674,-8.6527219999983,24,0.0
2024-10-07 10:35:00-04:00,LONG,486.22,486.317244,41,absolute_qqq_points,0.75,0.0,0,-0.7982321270839066,-0.0016444154074489962,-0.7982321270839066,2024-10-07 15:59:00-04:00,482.06,481.963588,FORCED_EOD,-170.56000000000103,0.28700000000000003,7.93989599999901,8.22689599999901,-178.78689600000004,324,0.0
2024-10-08 09:33:00-04:00,LONG,484.21,484.30684199999996,41,absolute_qqq_points,0.75,0.0,0,-1.0677504996934317,-0.002205412578112983,-1.0677504996934317,2024-10-08 15:59:00-04:00,489.33,489.232134,FORCED_EOD,209.9200000000002,0.28700000000000003,7.983027999999649,8.27002799999965,201.64997200000053,386,0.0
2024-10-09 09:44:00-04:00,SHORT,488.08,487.98238399999997,40,absolute_qqq_points,0.75,0.0,0,1.0576581485916563,0.002162678966550746,1.0576581485916563,2024-10-09 10:07:00-04:00,489.2267,489.32454534,CONVERGENCE_NEXT_OPEN,-45.86800000000039,0.28,7.818453600000339,8.098453600000338,-53.96645360000073,23,0.0
2024-10-09 12:00:00-04:00,SHORT,492.84,492.741432,40,absolute_qqq_points,0.75,0.0,0,0.8372414065497082,0.001711975067068319,0.8372414065497082,2024-10-09 15:59:00-04:00,493.17,493.268634,FORCED_EOD,-13.200000000001637,0.28,7.888080000000173,8.168080000000172,-21.36808000000181,239,0.0
2024-10-10 09:37:00-04:00,LONG,491.115,491.21322299999997,40,absolute_qqq_points,0.75,0.0,0,-1.0877608969982475,-0.002217029011142883,-1.0877608969982475,2024-10-10 15:59:00-04:00,492.6,492.50148,FORCED_EOD,59.400000000000546,0.28,7.869719999998779,8.149719999998778,51.250280000001766,382,0.0
2024-10-11 10:52:00-04:00,SHORT,492.21,492.111558,40,absolute_qqq_points,0.75,0.0,0,0.8578606609846702,0.0017492174365043214,0.8578606609846702,2024-10-11 15:59:00-04:00,493.34,493.43866799999995,FORCED_EOD,-45.19999999999982,0.28,7.884399999998095,8.164399999998095,-53.364399999997914,307,0.0
2024-10-14 09:36:00-04:00,LONG,496.8,496.89936,40,absolute_qqq_points,0.75,0.0,0,-0.9036279096558246,-0.0018223080840862362,-0.9036279096558246,2024-10-14 15:59:00-04:00,497.47,497.37050600000003,CONVERGENCE_NEXT_OPEN,26.800000000000637,0.28,7.9541599999993196,8.234159999999319,18.565840000001316,383,0.0
2024-10-15 09:33:00-04:00,LONG,497.88,497.979576,40,absolute_qqq_points,0.75,0.0,0,-0.868055223585884,-0.001744659277631939,-0.868055223585884,2024-10-15 10:11:00-04:00,497.2,497.10056,CONVERGENCE_NEXT_OPEN,-27.200000000000273,0.28,7.960640000001149,8.240640000001148,-35.44064000000142,38,0.0
2024-10-15 10:16:00-04:00,SHORT,496.31,496.210738,40,absolute_qqq_points,0.75,0.0,0,1.3118082921523637,0.002636535608787755,1.3118082921523637,2024-10-15 14:16:00-04:00,490.99,491.088198,CONVERGENCE_NEXT_OPEN,212.79999999999973,0.28,7.898399999999128,8.178399999999128,204.6216000000006,240,0.0
2024-10-15 15:22:00-04:00,LONG,489.88,489.977976,40,absolute_qqq_points,0.75,0.0,0,-0.7630524150590077,-0.0015336195659913596,-0.7630524150590077,2024-10-15 15:59:00-04:00,490.78,490.68184399999996,FORCED_EOD,35.99999999999909,0.28,7.845280000001367,8.125280000001366,27.874719999997723,37,0.0
2024-10-16 09:34:00-04:00,LONG,490.45,490.54809,40,absolute_qqq_points,0.75,0.0,0,-0.8125217892753085,-0.0016551339130906847,-0.8125217892753085,2024-10-16 09:58:00-04:00,487.9,487.80242,CONVERGENCE_NEXT_OPEN,-102.00000000000045,0.28,7.826800000000276,8.106800000000275,-110.10680000000073,24,0.0
2024-10-16 10:27:00-04:00,LONG,490.7,490.79814,40,absolute_qqq_points,0.75,0.0,0,-0.8222085805476809,-0.0016748662291411604,-0.8222085805476809,2024-10-16 15:59:00-04:00,490.93,490.831814,FORCED_EOD,9.200000000000728,0.28,7.8530399999999645,8.133039999999964,1.066960000000763,332,6.661338147750939e-16
2024-10-17 09:39:00-04:00,SHORT,492.58,492.481484,40,absolute_qqq_points,0.75,0.0,0,0.7964940324537793,0.0016065149205385567,0.7964940324537793,2024-10-17 09:50:00-04:00,494.11,494.208822,CONVERGENCE_NEXT_OPEN,-61.20000000000118,0.28,7.893519999997807,8.173519999997806,-69.37351999999899,11,0.0
2024-10-17 10:10:00-04:00,SHORT,491.81,491.711638,40,absolute_qqq_points,0.75,0.0,0,1.0783062528529967,0.0021749253773835284,1.0783062528529967,2024-10-17 10:20:00-04:00,492.96,493.058592,CONVERGENCE_NEXT_OPEN,-45.99999999999909,0.28,7.878160000000207,8.158160000000207,-54.1581599999993,10,0.0
2024-10-18 09:34:00-04:00,LONG,493.71,493.808742,40,absolute_qqq_points,0.75,0.0,0,-0.7589068953079163,-0.0015370888852366785,-0.7589068953079163,2024-10-18 09:36:00-04:00,493.71,493.61125799999996,CONVERGENCE_NEXT_OPEN,0.0,0.28,7.899360000001252,8.179360000001251,-8.179360000001251,2,0.0
2024-10-18 09:49:00-04:00,SHORT,494.29,494.191142,40,absolute_qqq_points,0.75,0.0,0,0.868733885289771,0.001759532305692799,0.868733885289771,2024-10-18 10:06:00-04:00,494.74,494.838948,CONVERGENCE_NEXT_OPEN,-17.999999999999545,0.28,7.9122400000005655,8.192240000000565,-26.192240000000112,17,0.0
2024-10-18 10:32:00-04:00,SHORT,494.92,494.82101600000004,40,absolute_qqq_points,0.75,0.0,0,0.7736735442596228,0.0015669972338314493,0.7736735442596228,2024-10-18 11:44:00-04:00,494.5888,494.68771776,CONVERGENCE_NEXT_OPEN,13.248000000000957,0.28,7.916070399999171,8.19607039999917,5.0519296000017855,72,8.881784197001252e-16
2024-10-18 14:03:00-04:00,LONG,494.27,494.368854,40,absolute_qqq_points,0.75,0.0,0,-0.8019358782815971,-0.0016242397226856062,-0.8019358782815971,2024-10-18 15:57:00-04:00,494.51,494.411098,CONVERGENCE_NEXT_OPEN,9.600000000000364,0.28,7.9102400000010675,8.190240000001067,1.4097599999992962,114,6.661338147750939e-16
2024-10-21 09:33:00-04:00,SHORT,493.52,493.421296,40,absolute_qqq_points,0.75,0.0,0,0.9674896609963639,0.001958996620560801,0.9674896609963639,2024-10-21 09:36:00-04:00,493.87,493.968774,CONVERGENCE_NEXT_OPEN,-14.00000000000091,0.28,7.899119999999584,8.179119999999584,-22.179120000000495,3,0.0
2024-10-21 09:45:00-04:00,LONG,494.4,494.49888,40,absolute_qqq_points,0.75,0.0,0,-0.8004698012661606,-0.0016208107422322118,-0.8004698012661606,2024-10-21 15:59:00-04:00,495.48,495.38090400000004,FORCED_EOD,43.20000000000164,0.28,7.919039999999313,8.199039999999313,35.00096000000232,374,0.0
2024-10-22 09:39:00-04:00,LONG,493.4198,493.51848396,40,absolute_qqq_points,0.75,0.0,0,-0.9725130162672713,-0.001975307496455289,-0.9725130162672713,2024-10-22 15:59:00-04:00,496.03,495.930794,FORCED_EOD,104.40799999999854,0.28,7.915598399999908,8.195598399999907,96.21240159999863,380,0.0
2024-10-23 09:34:00-04:00,SHORT,493.15,493.05136999999996,40,absolute_qqq_points,0.75,0.0,0,1.36143579070756,0.0027566683352047454,1.36143579070756,2024-10-23 15:59:00-04:00,488.37,488.467674,FORCED_EOD,191.1999999999989,0.28,7.8521599999999125,8.132159999999912,183.067839999999,385,0.0
2024-10-24 09:32:00-04:00,SHORT,490.735,490.63685300000003,40,absolute_qqq_points,0.75,0.0,0,0.9809788469126488,0.001996659638339586,0.9809788469126488,2024-10-24 09:34:00-04:00,491.18,491.278236,CONVERGENCE_NEXT_OPEN,-17.799999999999727,0.28,7.8553199999987555,8.135319999998755,-25.935319999998484,2,0.0
2024-10-24 09:49:00-04:00,SHORT,490.475,490.376905,40,absolute_qqq_points,0.75,0.0,0,0.8373875869120866,0.0017043976041849025,0.8373875869120866,2024-10-24 10:00:00-04:00,491.27,491.368254,CONVERGENCE_NEXT_OPEN,-31.799999999998363,0.28,7.8539599999999155,8.133959999999915,-39.93395999999828,11,0.0
2024-10-24 10:28:00-04:00,SHORT,490.715,490.616857,40,absolute_qqq_points,0.75,0.0,0,0.8734741198024949,0.0017778472243644532,0.8734741198024949,2024-10-24 10:47:00-04:00,491.62,491.718324,CONVERGENCE_NEXT_OPEN,-36.20000000000118,0.28,7.858679999999367,8.138679999999367,-44.33868000000055,19,0.0
2024-10-25 09:34:00-04:00,LONG,496.19,496.289238,40,absolute_qqq_points,0.75,0.0,0,-1.323053879511292,-0.0026684157143946944,-1.323053879511292,2024-10-25 15:59:00-04:00,495.28,495.180944,FORCED_EOD,-36.400000000001,0.28,7.931759999999031,8.21175999999903,-44.61176000000003,385,0.0
2024-10-28 09:36:00-04:00,SHORT,497.653,497.55346940000004,40,absolute_qqq_points,0.75,0.0,0,0.7659751485331867,0.0015396794880967036,0.7659751485331867,2024-10-28 15:59:00-04:00,495.4,495.49908,FORCED_EOD,90.12000000000171,0.28,7.944423999999799,8.224423999999798,81.89557600000191,383,0.0
2024-10-29 09:59:00-04:00,LONG,495.91,496.009182,40,absolute_qqq_points,0.75,0.0,0,-0.7608034594346691,-0.0015360147371033753,-0.7608034594346691,2024-10-29 10:04:00-04:00,496.25,496.15075,CONVERGENCE_NEXT_OPEN,13.599999999999,0.28,7.9372799999987365,8.217279999998736,5.382720000000263,5,8.881784197001252e-16
2024-10-29 10:43:00-04:00,SHORT,497.54,497.440492,40,absolute_qqq_points,0.75,0.0,0,0.7757152083073606,0.0015661206281063315,0.7757152083073606,2024-10-29 11:31:00-04:00,497.9,497.99958,CONVERGENCE_NEXT_OPEN,-14.399999999998272,0.28,7.963520000000699,8.243520000000698,-22.643519999998972,48,0.0
2024-10-30 09:32:00-04:00,LONG,499.525,499.62490499999996,40,absolute_qqq_points,0.75,0.0,0,-1.0614174834666414,-0.0021279420278000113,-1.0614174834666414,2024-10-30 09:40:00-04:00,498.1901,498.09046198,CONVERGENCE_NEXT_OPEN,-53.396000000000186,0.28,7.981720799998584,8.261720799998583,-61.65772079999877,8,0.0
2024-10-30 10:55:00-04:00,SHORT,498.69,498.590262,40,absolute_qqq_points,0.75,0.0,0,0.8116811038335641,0.0016272676500272355,0.8116811038335641,2024-10-30 11:28:00-04:00,499.5,499.5999,CONVERGENCE_NEXT_OPEN,-32.40000000000009,0.28,7.985519999999724,8.265519999999723,-40.665519999999816,33,0.0
2024-10-30 13:05:00-04:00,LONG,499.11,499.20982200000003,40,absolute_qqq_points,0.75,0.0,0,-0.7949813823117324,-0.0015937878554766177,-0.7949813823117324,2024-10-30 13:45:00-04:00,497.7,497.60046,CONVERGENCE_NEXT_OPEN,-56.400000000001,0.28,7.974480000000312,8.254480000000312,-64.65448000000131,40,0.0
2024-10-30 15:29:00-04:00,LONG,497.3,497.39946,40,absolute_qqq_points,0.75,0.0,0,-0.7608555343028343,-0.0015253719613128479,-0.7608555343028343,2024-10-30 15:58:00-04:00,496.08,495.98078399999997,CONVERGENCE_NEXT_OPEN,-48.80000000000109,0.28,7.947039999999106,8.227039999999105,-57.0270400000002,29,0.0
2024-10-31 09:34:00-04:00,SHORT,489.77,489.67204599999997,40,absolute_qqq_points,0.75,0.0,0,1.0676775014634927,0.0021719303093362934,1.0676775014634927,2024-10-31 09:37:00-04:00,490.4267,490.52478534,CONVERGENCE_NEXT_OPEN,-26.26800000000003,0.28,7.841573600001084,8.121573600001083,-34.389573600001114,3,0.0
2024-10-31 09:38:00-04:00,LONG,490.83,490.928166,40,absolute_qqq_points,0.75,0.0,0,-1.2341976361790898,-0.002510675040032436,-1.2341976361790898,2024-10-31 09:40:00-04:00,490.08,489.981984,CONVERGENCE_NEXT_OPEN,-30.0,0.28,7.847279999998591,8.12727999999859,-38.12727999999859,2,0.0
2024-10-31 09:51:00-04:00,SHORT,487.44,487.342512,41,absolute_qqq_points,0.75,0.0,0,0.7934748337146971,0.0016141316443198262,0.7934748337146971,2024-10-31 15:20:00-04:00,485.79,485.887158,CONVERGENCE_NEXT_OPEN,67.64999999999907,0.28700000000000003,7.980485999999075,8.267485999999076,59.38251399999999,329,-7.105427357601002e-15
2024-10-31 15:32:00-04:00,SHORT,485.36,485.26292800000004,41,absolute_qqq_points,0.75,0.0,0,0.7686814767978944,0.00156369558728571,0.7686814767978944,2024-10-31 15:59:00-04:00,483.9,483.99677999999994,FORCED_EOD,59.86000000000149,0.28700000000000003,7.947931999997365,8.234931999997366,51.62506800000413,27,0.0
2024-11-01 09:32:00-04:00,LONG,486.08,486.177216,41,absolute_qqq_points,0.75,0.0,0,-0.8057715709839499,-0.0016587853486987026,-0.8057715709839499,2024-11-01 09:36:00-04:00,486.05,485.95279000000005,CONVERGENCE_NEXT_OPEN,-1.2299999999988813,0.28700000000000003,7.971465999998543,8.258465999998544,-9.488465999997425,4,1.7763568394002505e-15
2024-11-01 09:55:00-04:00,LONG,487.52,487.617504,41,absolute_qqq_points,0.75,0.0,0,-0.7522538345227758,-0.0015486121428746847,-0.7522538345227758,2024-11-01 11:13:00-04:00,489.77,489.67204599999997,CONVERGENCE_NEXT_OPEN,92.25,0.28700000000000003,8.013778000001253,8.300778000001253,83.94922199999874,78,0.0
2024-11-04 09:35:00-05:00,SHORT,485.11,485.01297800000003,41,absolute_qqq_points,0.75,0.0,0,0.908446369388912,0.0018655461832365935,0.908446369388912,2024-11-04 09:44:00-05:00,486.36,486.457272,CONVERGENCE_NEXT_OPEN,-51.25,0.28700000000000003,7.966053999998223,8.253053999998224,-59.50305399999822,9,0.0
2024-11-04 10:02:00-05:00,SHORT,487.38,487.282524,41,absolute_qqq_points,0.75,0.0,0,0.8217389210486772,0.0016874875165283475,0.8217389210486772,2024-11-04 15:59:00-05:00,485.96,486.057192,FORCED_EOD,58.22000000000065,0.28700000000000003,7.981387999999129,8.26838799999913,49.951612000001525,357,0.0
2024-11-05 09:33:00-05:00,SHORT,488.54,488.442292,40,absolute_qqq_points,0.75,0.0,0,0.9887723907095278,0.002025031776579907,0.9887723907095278,2024-11-05 11:25:00-05:00,491.44,491.53828799999997,CONVERGENCE_NEXT_OPEN,-115.99999999999909,0.28,7.839839999999185,8.119839999999185,-124.11983999999828,112,0.0
2024-11-05 13:27:00-05:00,SHORT,491.93,491.831614,40,absolute_qqq_points,0.75,0.0,0,0.7715760440667623,0.001580207964910446,0.7715760440667623,2024-11-05 15:59:00-05:00,492.25,492.34845,FORCED_EOD,-12.799999999999727,0.28,7.873440000000755,8.153440000000755,-20.953440000000484,152,0.0
2024-11-06 09:35:00-05:00,LONG,501.43,501.530286,39,absolute_qqq_points,0.75,0.0,0,-1.7701903017000404,-0.0035369886313026512,-1.7701903017000404,2024-11-06 15:59:00-05:00,505.62,505.51887600000003,FORCED_EOD,163.4099999999999,0.273,7.854989999998168,8.127989999998167,155.28201000000175,384,0.0
2024-11-07 09:34:00-05:00,LONG,509.3,509.40186,39,absolute_qqq_points,0.75,0.0,0,-1.0677726158637597,-0.0020979911894365762,-1.0677726158637597,2024-11-07 15:59:00-05:00,513.6,513.49728,FORCED_EOD,167.70000000000044,0.273,7.978619999998614,8.251619999998614,159.44838000000183,385,0.0
2024-11-08 09:33:00-05:00,LONG,513.84,513.942768,38,absolute_qqq_points,0.75,0.0,0,-1.3402779081742437,-0.0026091181610976353,-1.3402779081742437,2024-11-08 09:49:00-05:00,513.64,513.537272,CONVERGENCE_NEXT_OPEN,-7.600000000001728,0.266,7.80884799999717,8.07484799999717,-15.674847999998898,16,0.0
2024-11-08 10:13:00-05:00,SHORT,512.75,512.64745,39,absolute_qqq_points,0.75,0.0,0,0.8602291998827241,0.001674607642513507,0.8602291998827241,2024-11-08 15:59:00-05:00,514.16,514.262832,FORCED_EOD,-54.98999999999876,0.273,8.009897999999453,8.282897999999452,-63.272897999998214,346,0.0
2024-11-11 09:35:00-05:00,SHORT,515.02,514.916996,38,absolute_qqq_points,0.75,0.0,0,0.7771235662504523,0.0015085677024700625,0.7771235662504523,2024-11-11 15:59:00-05:00,513.83,513.932766,FORCED_EOD,45.21999999999775,0.266,7.819259999996802,8.085259999996802,37.13474000000095,384,0.0
2024-11-12 10:08:00-05:00,LONG,513.01,513.1126019999999,38,absolute_qqq_points,0.75,0.0,0,-0.7909882922728002,-0.0015403111674655407,-0.7909882922728002,2024-11-12 15:59:00-05:00,512.91,512.807418,FORCED_EOD,-3.800000000000864,0.266,7.796991999996862,8.062991999996862,-11.862991999997726,351,0.0
2024-11-13 09:35:00-05:00,SHORT,512.73,512.6274540000001,39,absolute_qqq_points,0.75,0.0,0,0.9015916673046718,0.0017578826974949252,0.9015916673046718,2024-11-13 11:21:00-05:00,511.73,511.83234600000003,CONVERGENCE_NEXT_OPEN,39.0,0.273,7.990787999998929,8.263787999998929,30.73621200000107,106,-3.552713678800501e-15
2024-11-13 12:12:00-05:00,LONG,513.32,513.422664,38,absolute_qqq_points,0.75,0.0,0,-0.8539368397073304,-0.0016649674677702091,-0.8539368397073304,2024-11-13 15:59:00-05:00,512.27,512.167546,FORCED_EOD,-39.90000000000259,0.266,7.794483999998874,8.060483999998874,-47.960484000001465,227,0.0
2024-11-14 09:35:00-05:00,LONG,512.52,512.6225039999999,39,absolute_qqq_points,0.75,0.0,0,-0.9366472448593868,-0.0018277823438016096,-0.9366472448593868,2024-11-14 15:59:00-05:00,508.67,508.56826600000005,FORCED_EOD,-150.14999999999867,0.273,7.965281999996819,8.238281999996818,-158.38828199999548,384,0.0
2024-11-15 09:35:00-05:00,SHORT,502.3599,502.25942802,39,absolute_qqq_points,0.75,0.0,0,1.2498654255229553,0.002485019535396399,1.2498654255229553,2024-11-15 15:59:00-05:00,496.46,496.55929199999997,FORCED_EOD,230.0961000000001,0.273,7.790795220000007,8.063795220000006,222.0323047800001,384,0.0
2024-11-18 09:37:00-05:00,SHORT,497.59,497.490482,40,absolute_qqq_points,0.75,0.0,0,1.1813845129507854,0.002374212731266228,1.1813845129507854,2024-11-18 10:15:00-05:00,499.12,499.219824,CONVERGENCE_NEXT_OPEN,-61.20000000000118,0.28,7.9736800000000585,8.253680000000058,-69.45368000000124,38,0.0
2024-11-18 11:04:00-05:00,SHORT,501.21,501.109758,39,absolute_qqq_points,0.75,0.0,0,0.8565024903234644,0.0017213016546223136,0.8565024903234644,2024-11-18 15:01:00-05:00,500.03,500.130006,CONVERGENCE_NEXT_OPEN,46.020000000000266,0.273,7.809671999999523,8.082671999999523,37.93732800000074,237,0.0
2024-11-18 15:52:00-05:00,SHORT,499.89,499.790022,40,absolute_qqq_points,0.75,0.0,0,1.023001988258784,0.0020559134794886093,1.023001988258784,2024-11-18 15:59:00-05:00,500.01,500.11000199999995,FORCED_EOD,-4.800000000000182,0.28,7.999199999997018,8.279199999997017,-13.079199999997199,7,-1.7763568394002505e-15
2024-11-19 09:36:00-05:00,LONG,497.86,497.959572,40,absolute_qqq_points,0.75,0.0,0,-0.876659009423804,-0.0017615975272256366,-0.876659009423804,2024-11-19 15:59:00-05:00,503.39,503.28932199999997,FORCED_EOD,221.1999999999989,0.28,8.009999999999309,8.289999999999308,212.9099999999996,383,0.0
2024-11-20 09:32:00-05:00,SHORT,503.01,502.909398,39,absolute_qqq_points,0.75,0.0,0,0.8407476816115036,0.0016722312023618579,0.8407476816115036,2024-11-20 09:36:00-05:00,502.0,502.1004,CONVERGENCE_NEXT_OPEN,39.389999999999645,0.273,7.8390779999984375,8.112077999998437,31.277922000001208,4,-3.552713678800501e-15
2024-11-20 09:48:00-05:00,SHORT,501.13,501.02977400000003,39,absolute_qqq_points,0.75,0.0,0,0.8404717094614398,0.0016716822989864526,0.8404717094614398,2024-11-20 15:59:00-05:00,503.19,503.290638,FORCED_EOD,-80.34000000000009,0.273,7.833695999998724,8.106695999998724,-88.44669599999881,371,0.0
2024-11-21 09:32:00-05:00,LONG,506.89,506.991378,39,absolute_qqq_points,0.75,0.0,0,-0.8704142014385639,-0.0017205261937904255,-0.8704142014385639,2024-11-21 09:33:00-05:00,505.8,505.69884,CONVERGENCE_NEXT_OPEN,-42.509999999999025,0.273,7.89898200000016,8.17198200000016,-50.68198199999919,1,0.0
2024-11-21 09:35:00-05:00,SHORT,504.31,504.209138,39,absolute_qqq_points,0.75,0.0,0,0.9827105094083208,0.001942499524428402,0.9827105094083208,2024-11-21 15:59:00-05:00,504.98,505.080996,FORCED_EOD,-26.13000000000062,0.273,7.87246200000061,8.14546200000061,-34.275462000001234,384,7.105427357601002e-15
2024-11-22 09:45:00-05:00,SHORT,505.72,505.61885600000005,39,absolute_qqq_points,0.75,0.0,0,0.8799787352580211,0.0017446395353953093,0.8799787352580211,2024-11-22 15:59:00-05:00,505.77,505.871154,FORCED_EOD,-1.9499999999982265,0.273,7.889621999999406,8.162621999999406,-10.112621999997632,374,0.0
2024-11-25 09:44:00-05:00,SHORT,511.06,510.957788,39,absolute_qqq_points,0.75,0.0,0,0.9456508062521038,0.0018578236306795145,0.9456508062521038,2024-11-25 15:57:00-05:00,506.65,506.75132999999994,CONVERGENCE_NEXT_OPEN,171.99000000000098,0.273,7.938137999998844,8.211137999998844,163.77886200000214,373,0.0
2024-11-26 09:32:00-05:00,LONG,508.97,509.071794,39,absolute_qqq_points,0.75,0.0,0,-1.189370277708747,-0.0023399898554136867,-1.189370277708747,2024-11-26 15:59:00-05:00,509.3,509.19814,FORCED_EOD,12.86999999999938,0.273,7.9425059999989,8.2155059999989,4.654494000000479,387,0.0
2024-11-27 10:23:00-05:00,LONG,504.56,504.660912,39,absolute_qqq_points,0.75,0.0,0,-0.8558803252051348,-0.0016876608534234327,-0.8558803252051348,2024-11-27 15:59:00-05:00,505.28,505.178944,FORCED_EOD,28.079999999998847,0.273,7.876751999998646,8.149751999998646,19.9302480000002,336,0.0
2024-11-29 09:34:00-05:00,SHORT,505.78,505.67884399999997,39,absolute_qqq_points,0.75,0.0,0,0.8109826171080385,0.0016041908001503675,0.8109826171080385,2024-11-29 09:46:00-05:00,506.865,506.966373,CONVERGENCE_NEXT_OPEN,-42.31500000000142,0.273,7.898630999998829,8.171630999998829,-50.48663100000025,12,0.0
2024-11-29 10:37:00-05:00,LONG,509.01,509.11180199999995,39,absolute_qqq_points,0.75,0.0,0,-0.7692805770593054,-0.001521700710248949,-0.7692805770593054,2024-11-29 12:59:00-05:00,509.71,509.60805799999997,FORCED_EOD,27.299999999999557,0.273,7.946015999998906,8.219015999998906,19.08098400000065,142,0.0
2024-12-02 09:36:00-05:00,LONG,512.82,512.9225640000001,38,absolute_qqq_points,0.75,0.0,0,-0.843141088352013,-0.0016484599124721592,-0.843141088352013,2024-12-02 12:41:00-05:00,515.6,515.49688,CONVERGENCE_NEXT_OPEN,105.63999999999896,0.266,7.815992000000733,8.081992000000733,97.55800799999822,185,0.0
2024-12-02 13:31:00-05:00,SHORT,514.9,514.79702,38,absolute_qqq_points,0.75,0.0,0,0.9137969409382549,0.0017866020836688548,0.9137969409382549,2024-12-02 15:04:00-05:00,515.1,515.20302,CONVERGENCE_NEXT_OPEN,-7.600000000001728,0.266,7.828000000000657,8.094000000000657,-15.694000000002385,93,0.0
2024-12-02 15:52:00-05:00,SHORT,515.25,515.1469500000001,38,absolute_qqq_points,0.75,0.0,0,0.757224434346881,0.00148048071907529,0.757224434346881,2024-12-02 15:59:00-05:00,515.3,515.40306,FORCED_EOD,-1.899999999998272,0.266,7.832179999998743,8.098179999998743,-9.998179999997015,7,0.0
2024-12-03 09:35:00-05:00,LONG,514.402,514.5048804,38,absolute_qqq_points,0.75,0.0,0,-0.9812418121680366,-0.001910480349230098,-0.9812418121680366,2024-12-03 15:59:00-05:00,516.91,516.806618,FORCED_EOD,95.30399999999713,0.266,7.837971200000538,8.103971200000538,87.20002879999659,384,0.0
2024-12-04 09:55:00-05:00,LONG,520.73,520.834146,38,absolute_qqq_points,0.75,0.0,0,-0.9840676510310686,-0.0018906198867070512,-0.9840676510310686,2024-12-04 15:59:00-05:00,523.25,523.14535,FORCED_EOD,95.75999999999931,0.266,7.934248000000252,8.200248000000252,87.55975199999905,364,0.0
2024-12-05 09:37:00-05:00,LONG,523.54,523.6447079999999,38,absolute_qqq_points,0.75,0.0,0,-0.8190645436961859,-0.0015660291072927199,-0.8190645436961859,2024-12-05 09:41:00-05:00,523.06,522.955388,CONVERGENCE_NEXT_OPEN,-18.24000000000069,0.266,7.954159999997501,8.2201599999975,-26.46015999999819,4,0.0
2024-12-05 10:24:00-05:00,SHORT,522.67,522.565466,38,absolute_qqq_points,0.75,0.0,0,0.7501151300904212,0.0014341997057291233,0.7501151300904212,2024-12-05 10:33:00-05:00,522.9,523.0045799999999,CONVERGENCE_NEXT_OPEN,-8.740000000000691,0.266,7.946331999995664,8.212331999995664,-16.952331999996353,9,0.0
2024-12-05 10:57:00-05:00,LONG,522.61,522.714522,38,absolute_qqq_points,0.75,0.0,0,-0.9024390277801331,-0.001725438850866297,-0.9024390277801331,2024-12-05 15:59:00-05:00,521.8,521.6956399999999,FORCED_EOD,-30.780000000002246,0.266,7.937516000000642,8.203516000000642,-38.983516000002886,302,0.0
2024-12-06 09:32:00-05:00,SHORT,522.99,522.885402,38,absolute_qqq_points,0.75,0.0,0,0.9716472253929851,0.0018593983951948085,0.9716472253929851,2024-12-06 09:41:00-05:00,523.2817,523.38635634,CONVERGENCE_NEXT_OPEN,-11.084599999999682,0.266,7.951664920001122,8.217664920001122,-19.302264920000802,9,0.0
2024-12-06 09:52:00-05:00,LONG,525.11,525.215022,38,absolute_qqq_points,0.75,0.0,0,-0.8964446515461759,-0.0017154865499582304,-0.8964446515461759,2024-12-06 10:06:00-05:00,525.02,524.914996,CONVERGENCE_NEXT_OPEN,-3.4200000000012096,0.266,7.980987999998888,8.246987999998888,-11.666988000000098,14,0.0
2024-12-06 10:23:00-05:00,SHORT,525.86,525.754828,38,absolute_qqq_points,0.75,0.0,0,0.8146526673210701,0.0015589648410155284,0.8146526673210701,2024-12-06 15:59:00-05:00,526.51,526.6153019999999,FORCED_EOD,-24.699999999999136,0.266,7.9980119999991075,8.264011999999108,-32.96401199999824,336,0.0
2024-12-09 09:32:00-05:00,LONG,525.8764,525.98157528,38,absolute_qqq_points,0.75,0.0,0,-1.0840986045963064,-0.002065028390788879,-1.0840986045963064,2024-12-09 15:59:00-05:00,522.36,522.255528,FORCED_EOD,-133.6231999999991,0.266,7.966596640000489,8.232596640000489,-141.85579663999957,387,0.0
2024-12-10 09:43:00-05:00,LONG,524.19,524.294838,38,absolute_qqq_points,0.75,0.0,0,-1.0871514920065692,-0.0020778095103523705,-1.0871514920065692,2024-12-10 10:47:00-05:00,524.015,523.910197,CONVERGENCE_NEXT_OPEN,-6.650000000002592,0.266,7.966357999996944,8.232357999996944,-14.882357999999536,64,0.0
2024-12-10 11:05:00-05:00,SHORT,523.04,522.935392,38,absolute_qqq_points,0.75,0.0,0,0.7759505279393579,0.001483029180725725,0.7759505279393579,2024-12-10 15:59:00-05:00,520.55,520.65411,FORCED_EOD,94.62000000000035,0.266,7.931283999999096,8.197283999999096,86.42271600000124,294,0.0
2024-12-11 09:35:00-05:00,SHORT,525.43,525.3249139999999,38,absolute_qqq_points,0.75,0.0,0,1.0989233384507315,0.002094463936972571,1.0989233384507315,2024-12-11 10:08:00-05:00,528.11,528.215622,CONVERGENCE_NEXT_OPEN,-101.84000000000242,0.266,8.006904000002578,8.272904000002578,-110.112904000005,33,0.0
2024-12-11 10:20:00-05:00,SHORT,527.93,527.8244139999999,37,absolute_qqq_points,0.75,0.0,0,0.7950936405435414,0.0015153877421352976,0.7950936405435414,2024-12-11 11:07:00-05:00,528.29,528.3956579999999,CONVERGENCE_NEXT_OPEN,-13.320000000000505,0.259,7.81602799999871,8.07502799999871,-21.395027999999215,47,0.0
2024-12-11 14:28:00-05:00,SHORT,530.11,530.0039780000001,37,absolute_qqq_points,0.75,0.0,0,0.7678325657822143,0.0014634302160978184,0.7678325657822143,2024-12-11 15:59:00-05:00,529.94,530.0459880000001,FORCED_EOD,6.289999999998486,0.259,7.844369999998662,8.103369999998662,-1.8133700000001762,91,-4.440892098500626e-16
2024-12-12 09:35:00-05:00,LONG,527.28,527.385456,37,absolute_qqq_points,0.75,0.0,0,-0.8172974940857785,-0.001550057928847868,-0.8172974940857785,2024-12-12 09:43:00-05:00,527.22,527.114556,CONVERGENCE_NEXT_OPEN,-2.219999999997981,0.259,7.8033000000014,8.0623000000014,-10.282299999999381,8,0.0
2024-12-12 10:04:00-05:00,LONG,527.16,527.2654319999999,37,absolute_qqq_points,0.75,0.0,0,-0.7722362135203866,-0.0014645962753744972,-0.7722362135203866,2024-12-12 10:12:00-05:00,526.325,526.219735,CONVERGENCE_NEXT_OPEN,-30.89499999999714,0.259,7.795788999999331,8.054788999999332,-38.94978899999647,8,0.0
2024-12-12 10:19:00-05:00,LONG,527.11,527.215422,37,absolute_qqq_points,0.75,0.0,0,-0.7634425822702724,-0.0014479185809716404,-0.7634425822702724,2024-12-12 15:59:00-05:00,526.5,526.3947000000001,FORCED_EOD,-22.570000000000505,0.259,7.796713999996996,8.055713999996996,-30.6257139999975,340,0.0
2024-12-13 09:33:00-05:00,SHORT,530.72,530.613856,37,absolute_qqq_points,0.75,0.0,0,1.1346659219987032,0.002138176120750635,1.1346659219987032,2024-12-13 15:59:00-05:00,530.5,530.6061,FORCED_EOD,8.14000000000101,0.259,7.853027999997835,8.112027999997835,0.02797200000317479,386,-3.3306690738754696e-16
2024-12-16 09:36:00-05:00,SHORT,533.455,533.3483090000001,37,absolute_qqq_points,0.75,0.0,0,1.0910029308032563,0.002044608191160428,1.0910029308032563,2024-12-16 15:59:00-05:00,538.2,538.30764,FORCED_EOD,-175.56500000000017,0.259,7.9302469999963705,8.18924699999637,-183.75424699999652,383,0.0
2024-12-17 09:34:00-05:00,SHORT,535.37,535.262926,37,absolute_qqq_points,0.75,0.0,0,0.9518336943447139,0.0017763725329763042,0.9518336943447139,2024-12-17 09:44:00-05:00,536.32,536.427264,CONVERGENCE_NEXT_OPEN,-35.15000000000168,0.259,7.930505999999923,8.189505999999923,-43.339506000001606,10,0.0
2024-12-17 09:49:00-05:00,SHORT,536.8,536.69264,37,absolute_qqq_points,0.75,0.0,0,0.9087353751733644,0.0016959397106792347,0.9087353751733644,2024-12-17 10:30:00-05:00,534.21,534.3168420000001,CONVERGENCE_NEXT_OPEN,95.82999999999697,0.259,7.925474000000008,8.184474000000009,87.64552599999696,41,0.0
2024-12-17 10:53:00-05:00,LONG,535.6,535.70712,37,absolute_qqq_points,0.75,0.0,0,-0.8656447493902988,-0.0016155212462726633,-0.8656447493902988,2024-12-17 15:59:00-05:00,535.85,535.74283,FORCED_EOD,9.25,0.259,7.928730000000201,8.187730000000201,1.0622699999997995,306,-4.440892098500626e-16
2024-12-18 09:43:00-05:00,LONG,534.92,535.026984,37,absolute_qqq_points,0.75,0.0,0,-0.9113587220373347,-0.0017027422267759584,-0.9113587220373347,2024-12-18 09:47:00-05:00,534.585,534.4780830000001,CONVERGENCE_NEXT_OPEN,-12.39499999999714,0.259,7.914336999998682,8.173336999998682,-20.56833699999582,4,0.0
2024-12-18 10:22:00-05:00,LONG,535.895,536.002179,37,absolute_qqq_points,0.75,0.0,0,-0.9242144523807383,-0.0017267613033289265,-0.9242144523807383,2024-12-18 15:59:00-05:00,516.53,516.426694,FORCED_EOD,-716.5050000000003,0.259,7.787944999998103,8.046944999998104,-724.5519449999985,337,0.0
2024-12-19 09:32:00-05:00,SHORT,521.37,521.265726,38,absolute_qqq_points,0.75,0.0,0,0.7789556521602208,0.0014947434462808102,0.7789556521602208,2024-12-19 09:40:00-05:00,519.7,519.80394,CONVERGENCE_NEXT_OPEN,63.459999999998445,0.266,7.912131999999929,8.178131999999929,55.28186799999852,8,0.0
2024-12-19 09:49:00-05:00,LONG,519.72,519.823944,38,absolute_qqq_points,0.75,0.0,0,-0.7752725274833665,-0.0014876758725909068,-0.7752725274833665,2024-12-19 15:59:00-05:00,514.17,514.0671659999999,FORCED_EOD,-210.9000000000026,0.266,7.857563999999456,8.123563999999456,-219.02356400000204,370,0.0
2024-12-20 09:36:00-05:00,SHORT,510.31,510.207938,39,absolute_qqq_points,0.75,0.0,0,1.1366400893589343,0.002227090325369668,1.1366400893589343,2024-12-20 10:13:00-05:00,513.109,513.2116218,CONVERGENCE_NEXT_OPEN,-109.16100000000137,0.273,7.982668199997704,8.255668199997704,-117.41666819999907,37,0.0
2024-12-20 10:29:00-05:00,LONG,516.24,516.343248,38,absolute_qqq_points,0.75,0.0,0,-0.9240587735997678,-0.001810566400062004,-0.9240587735997678,2024-12-20 15:59:00-05:00,518.82,518.7162360000001,FORCED_EOD,98.04000000000156,0.266,7.866455999998607,8.132455999998607,89.90754400000294,330,0.0
2024-12-23 09:32:00-05:00,SHORT,519.955,519.8510090000001,38,absolute_qqq_points,0.75,0.0,0,1.2150039238039199,0.0023351538963385086,1.2150039238039199,2024-12-23 09:37:00-05:00,520.42,520.5240839999999,CONVERGENCE_NEXT_OPEN,-17.66999999999689,0.266,7.906849999995984,8.172849999995984,-25.842849999992872,5,0.0
2024-12-23 10:05:00-05:00,LONG,518.73,518.833746,38,absolute_qqq_points,0.75,0.0,0,-0.7615120701709657,-0.001463573773656159,-0.7615120701709657,2024-12-23 10:12:00-05:00,516.715,516.611657,CONVERGENCE_NEXT_OPEN,-76.56999999999948,0.266,7.8693819999998595,8.13538199999986,-84.70538199999935,7,0.0
2024-12-23 13:04:00-05:00,SHORT,521.47,521.365706,38,absolute_qqq_points,0.75,0.0,0,0.8769902160941001,0.0016855148201919872,0.8769902160941001,2024-12-23 15:59:00-05:00,522.92,523.024584,FORCED_EOD,-55.09999999999741,0.266,7.9373640000010255,8.203364000001026,-63.30336399999843,175,0.0
2024-12-24 09:35:00-05:00,LONG,524.81,524.914962,38,absolute_qqq_points,0.75,0.0,0,-1.0527359102435412,-0.002007811852005427,-1.0527359102435412,2024-12-24 11:20:00-05:00,528.49,528.384302,CONVERGENCE_NEXT_OPEN,139.84000000000242,0.266,8.005079999998543,8.271079999998543,131.56892000000389,105,0.0
2024-12-24 12:33:00-05:00,SHORT,528.71,528.6042580000001,37,absolute_qqq_points,0.75,0.0,0,0.7598487138554901,0.0014492079528828266,0.7598487138554901,2024-12-24 12:59:00-05:00,530.02,530.126004,FORCED_EOD,-48.46999999999798,0.259,7.834601999998085,8.093601999998086,-56.56360199999607,26,0.0
2024-12-26 09:34:00-05:00,LONG,528.62,528.725724,37,absolute_qqq_points,0.75,0.0,0,-0.871110127287352,-0.0016474942761772777,-0.871110127287352,2024-12-26 09:43:00-05:00,529.09,528.984182,CONVERGENCE_NEXT_OPEN,17.39000000000101,0.259,7.827054000000317,8.086054000000317,9.303946000000693,9,0.0
2024-12-26 09:49:00-05:00,SHORT,528.61,528.504278,37,absolute_qqq_points,0.75,0.0,0,0.9619424993123857,0.0018192817555272543,0.9619424993123857,2024-12-26 15:59:00-05:00,529.55,529.65591,FORCED_EOD,-34.77999999999781,0.259,7.830384000000322,8.089384000000322,-42.869383999998135,370,0.0
2024-12-27 09:34:00-05:00,SHORT,525.16,525.054968,38,absolute_qqq_points,0.75,0.0,0,0.7774510098877272,0.001477566204625341,0.7774510098877272,2024-12-27 15:59:00-05:00,522.57,522.674514,FORCED_EOD,98.41999999999689,0.266,7.9627479999974184,8.228747999997418,90.19125199999947,385,0.0
2024-12-30 09:33:00-05:00,SHORT,514.94,514.8370120000001,38,absolute_qqq_points,0.75,0.0,0,0.9600598604949937,0.0018634702261161205,0.9600598604949937,2024-12-30 09:38:00-05:00,514.46,514.562892,CONVERGENCE_NEXT_OPEN,18.24000000000069,0.266,7.823439999999209,8.08943999999921,10.150560000001482,5,1.7763568394002505e-15
2024-12-30 09:39:00-05:00,LONG,514.76,514.862952,38,absolute_qqq_points,0.75,0.0,0,-0.7614623958596667,-0.0014779937807836358,-0.7614623958596667,2024-12-30 15:59:00-05:00,515.57,515.466886,FORCED_EOD,30.780000000002246,0.266,7.830507999998645,8.096507999998645,22.683492000003604,380,0.0
2024-12-31 09:33:00-05:00,SHORT,516.38,516.2767240000001,38,absolute_qqq_points,0.75,0.0,0,0.7904444761568357,0.0015281080985884736,0.7904444761568357,2024-12-31 09:38:00-05:00,515.78,515.883156,CONVERGENCE_NEXT_OPEN,22.800000000000864,0.266,7.844415999998091,8.110415999998091,14.689584000002773,5,1.7763568394002505e-15
2024-12-31 09:48:00-05:00,SHORT,516.6699,516.56656602,38,absolute_qqq_points,0.75,0.0,0,0.7842162947069937,0.001516067614025723,0.7842162947069937,2024-12-31 15:59:00-05:00,511.21,511.31224199999997,FORCED_EOD,207.47620000000018,0.266,7.811887239999692,8.077887239999692,199.3983127600005,371,0.0
2025-01-02 09:32:00-05:00,LONG,514.62,514.722924,38,absolute_qqq_points,0.75,0.0,0,-1.006452653642782,-0.001957469763580916,-1.006452653642782,2025-01-02 09:34:00-05:00,512.85,512.74743,CONVERGENCE_NEXT_OPEN,-67.25999999999931,0.266,7.808772000001682,8.074772000001682,-75.334772000001,2,0.0
2025-01-02 09:42:00-05:00,SHORT,510.77,510.667846,39,absolute_qqq_points,0.75,0.0,0,0.9772519648327602,0.0019006767637170848,0.9772519648327602,2025-01-02 10:08:00-05:00,515.89,515.993178,CONVERGENCE_NEXT_OPEN,-199.68000000000018,0.273,8.007947999997725,8.280947999997725,-207.9609479999979,26,0.0
2025-01-02 12:24:00-05:00,SHORT,512.04,511.937592,39,absolute_qqq_points,0.75,0.0,0,0.8048864363959183,0.0015654396226776005,0.8048864363959183,2025-01-02 15:55:00-05:00,509.87,509.971974,CONVERGENCE_NEXT_OPEN,84.6299999999984,0.273,7.970897999998158,8.243897999998158,76.38610200000025,211,0.0
2025-01-03 09:43:00-05:00,LONG,516.01,516.113202,38,absolute_qqq_points,0.75,0.0,0,-0.7560035679003931,-0.0014715397915337491,-0.7560035679003931,2025-01-03 12:09:00-05:00,517.62,517.516476,CONVERGENCE_NEXT_OPEN,61.18000000000052,0.266,7.855588000000125,8.121588000000125,53.058412000000395,146,0.0
2025-01-03 14:23:00-05:00,SHORT,519.14,519.036172,38,absolute_qqq_points,0.75,0.0,0,0.7891229583401582,0.0015360057583261727,0.7891229583401582,2025-01-03 15:56:00-05:00,518.67,518.773734,CONVERGENCE_NEXT_OPEN,17.860000000001037,0.266,7.887356000002001,8.153356000002,9.706643999999036,93,1.7763568394002505e-15
2025-01-06 10:07:00-05:00,LONG,525.88,525.985176,38,absolute_qqq_points,0.75,0.0,0,-0.7731501293530982,-0.0014738459898456704,-0.7731501293530982,2025-01-06 15:59:00-05:00,524.52,524.415096,FORCED_EOD,-51.68000000000052,0.266,7.983040000002347,8.249040000002347,-59.929040000002864,352,0.0
2025-01-07 09:34:00-05:00,SHORT,524.95,524.84501,38,absolute_qqq_points,0.75,0.0,0,1.2304918427887515,0.0023407621419661135,1.2304918427887515,2025-01-07 15:59:00-05:00,515.15,515.25303,FORCED_EOD,372.4000000000026,0.266,7.904760000001261,8.17076000000126,364.2292400000013,385,0.0
2025-01-08 09:36:00-05:00,SHORT,515.26,515.156948,38,absolute_qqq_points,0.75,0.0,0,0.78745617534139,0.0015302891199452705,0.78745617534139,2025-01-08 09:44:00-05:00,514.75,514.85295,CONVERGENCE_NEXT_OPEN,19.379999999999654,0.266,7.828075999996145,8.094075999996145,11.28592400000351,8,1.7763568394002505e-15
2025-01-08 09:50:00-05:00,LONG,515.35,515.45307,38,absolute_qqq_points,0.75,0.0,0,-0.7722854572060669,-0.0015008073714603476,-0.7722854572060669,2025-01-08 10:18:00-05:00,512.87,512.767426,CONVERGENCE_NEXT_OPEN,-94.24000000000069,0.266,7.814472000000251,8.08047200000025,-102.32047200000095,28,0.0
2025-01-08 11:16:00-05:00,SHORT,514.4,514.29712,38,absolute_qqq_points,0.75,0.0,0,0.7767977624544073,0.0015095762805674576,0.7767977624544073,2025-01-08 15:59:00-05:00,515.3,515.40306,FORCED_EOD,-34.199999999999136,0.266,7.825720000002093,8.091720000002093,-42.29172000000123,283,0.0
2025-01-10 09:32:00-05:00,SHORT,510.2,510.09796,39,absolute_qqq_points,0.75,0.0,0,0.8158221976432287,0.0015974900578495837,0.8158221976432287,2025-01-10 15:59:00-05:00,507.21,507.31144199999994,FORCED_EOD,116.61000000000035,0.273,7.935797999998101,8.208797999998101,108.40120200000226,387,0.0
2025-01-13 09:32:00-05:00,SHORT,501.13,501.02977400000003,39,absolute_qqq_points,0.75,0.0,0,0.7914353175053179,0.0015787343510110657,0.7914353175053179,2025-01-13 15:59:00-05:00,505.6,505.70112,FORCED_EOD,-174.33000000000106,0.273,7.852493999997819,8.125493999997818,-182.45549399999888,387,0.0
2025-01-14 10:08:00-05:00,SHORT,508.19,508.088362,39,absolute_qqq_points,0.75,0.0,0,0.7973361884828591,0.001568941732551842,0.7973361884828591,2025-01-14 15:59:00-05:00,505.1,505.20102,FORCED_EOD,120.50999999999902,0.273,7.903661999999429,8.176661999999428,112.3333379999996,351,0.0
2025-01-15 09:44:00-05:00,LONG,514.23,514.332846,38,absolute_qqq_points,0.75,0.0,0,-0.7692569409475709,-0.001500513380533329,-0.7692569409475709,2025-01-15 15:59:00-05:00,516.53,516.426694,FORCED_EOD,87.39999999999827,0.266,7.833775999999034,8.099775999999034,79.30022399999923,375,0.0
2025-01-16 10:06:00-05:00,SHORT,516.52,516.416696,38,absolute_qqq_points,0.75,0.0,0,0.8393706903858629,0.001619453199150773,0.8393706903858629,2025-01-16 15:59:00-05:00,513.07,513.1726140000001,FORCED_EOD,131.0999999999974,0.266,7.824883999999884,8.090883999999884,123.00911599999752,353,1.4210854715202004e-14
2025-01-17 10:02:00-05:00,LONG,520.38,520.484076,38,absolute_qqq_points,0.75,0.0,0,-0.9097642249001865,-0.0017439458372154823,-0.9097642249001865,2025-01-17 10:21:00-05:00,520.46,520.355908,CONVERGENCE_NEXT_OPEN,3.0400000000015552,0.266,7.910384000000022,8.176384000000022,-5.136383999998467,19,0.0
2025-01-17 10:36:00-05:00,LONG,520.79,520.894158,38,absolute_qqq_points,0.75,0.0,0,-0.9824994109928866,-0.0018833734180474728,-0.9824994109928866,2025-01-17 11:17:00-05:00,521.43,521.325714,CONVERGENCE_NEXT_OPEN,24.31999999999948,0.266,7.920871999999463,8.186871999999463,16.13312800000002,41,0.0
2025-01-17 13:56:00-05:00,SHORT,522.24,522.1355520000001,38,absolute_qqq_points,0.75,0.0,0,0.8091667495737056,0.001551108458553733,0.8091667495737056,2025-01-17 15:59:00-05:00,521.76,521.8643519999999,FORCED_EOD,18.24000000000069,0.266,7.934399999995549,8.200399999995549,10.039600000005143,123,1.7763568394002505e-15
2025-01-21 09:40:00-05:00,SHORT,522.75,522.64545,38,absolute_qqq_points,0.75,0.0,0,0.7995753647012407,0.0015247432583929445,0.7995753647012407,2025-01-21 14:30:00-05:00,525.26,525.365052,CONVERGENCE_NEXT_OPEN,-95.37999999999965,0.266,7.964876000000686,8.230876000000686,-103.61087600000035,290,0.0
2025-01-21 14:46:00-05:00,SHORT,524.65,524.54507,38,absolute_qqq_points,0.75,0.0,0,0.7714375498932213,0.0014710860981944295,0.7714375498932213,2025-01-21 15:12:00-05:00,524.93,525.0349859999999,CONVERGENCE_NEXT_OPEN,-10.639999999998963,0.266,7.976807999996481,8.242807999996481,-18.882807999995443,26,0.0
2025-01-21 15:57:00-05:00,LONG,524.77,524.874954,38,absolute_qqq_points,0.75,0.0,0,-0.7916052639805002,-0.0015095447444327574,-0.7916052639805002,2025-01-21 15:59:00-05:00,524.66,524.555068,FORCED_EOD,-4.180000000000518,0.266,7.975667999999359,8.24166799999936,-12.421667999999878,2,0.0
2025-01-22 09:41:00-05:00,LONG,530.261,530.3670522,37,absolute_qqq_points,0.75,0.0,0,-0.7907250526677672,-0.0014932864720271386,-0.7907250526677672,2025-01-22 15:59:00-05:00,531.51,531.403698,FORCED_EOD,46.213000000000875,0.259,7.857105400001842,8.116105400001842,38.09689459999903,378,0.0
2025-01-23 09:40:00-05:00,LONG,529.5,529.6059,37,absolute_qqq_points,0.75,0.0,0,-1.1087543560197446,-0.002097887184764266,-1.1087543560197446,2025-01-23 12:01:00-05:00,530.0953,529.98928094,CONVERGENCE_NEXT_OPEN,22.026099999998223,0.259,7.841005220000511,8.100005220000511,13.926094779997712,141,0.0
2025-01-23 12:28:00-05:00,SHORT,529.97,529.864006,37,absolute_qqq_points,0.75,0.0,0,0.8142776323992393,0.0015407043053096525,0.8142776323992393,2025-01-23 14:23:00-05:00,530.13,530.236026,CONVERGENCE_NEXT_OPEN,-5.919999999998822,0.259,7.844740000001934,8.103740000001935,-14.023740000000757,115,0.0
2025-01-24 09:38:00-05:00,SHORT,532.2098,532.10335804,37,absolute_qqq_points,0.75,0.0,0,0.7576459072107582,0.0014219013347547059,0.7576459072107582,2025-01-24 15:59:00-05:00,529.64,529.7459279999999,FORCED_EOD,95.0825999999995,0.259,7.8576885199975095,8.11668851999751,86.96591148000199,381,0.0
2025-01-27 09:32:00-05:00,LONG,514.06,514.1628119999999,38,absolute_qqq_points,0.75,0.0,0,-1.0583661511045648,-0.0020665409814676254,-1.0583661511045648,2025-01-27 10:16:00-05:00,514.74,514.637052,CONVERGENCE_NEXT_OPEN,25.84000000000242,0.266,7.818879999997762,8.084879999997762,17.75512000000466,44,0.0
2025-01-27 10:33:00-05:00,LONG,516.9,517.00338,38,absolute_qqq_points,0.75,0.0,0,-0.8061589931226081,-0.0015740871862993406,-0.8061589931226081,2025-01-27 11:04:00-05:00,515.115,515.011977,CONVERGENCE_NEXT_OPEN,-67.82999999999879,0.266,7.843314000000873,8.109314000000873,-75.93931399999967,31,0.0
2025-01-27 11:25:00-05:00,SHORT,513.27,513.167346,38,absolute_qqq_points,0.75,0.0,0,0.8010693463489815,0.0015641492611040593,0.8010693463489815,2025-01-27 12:02:00-05:00,513.42,513.5226839999999,CONVERGENCE_NEXT_OPEN,-5.699999999999136,0.266,7.802843999999368,8.068843999999368,-13.768843999998504,37,0.0
2025-01-27 12:25:00-05:00,SHORT,512.35,512.24753,39,absolute_qqq_points,0.75,0.0,0,0.8133524723380106,0.0015881330054917922,0.8133524723380106,2025-01-27 12:35:00-05:00,513.78,513.882756,CONVERGENCE_NEXT_OPEN,-55.76999999999805,0.273,8.003814000001512,8.276814000001512,-64.04681399999956,10,0.0
2025-01-27 13:04:00-05:00,LONG,512.11,512.212422,39,absolute_qqq_points,0.75,0.0,0,-0.9851017751303743,-0.0019234866752860852,-0.9851017751303743,2025-01-27 15:59:00-05:00,514.05,513.94719,FORCED_EOD,75.6599999999977,0.273,8.004047999996487,8.277047999996487,67.38295200000121,175,0.0
2025-01-28 09:36:00-05:00,SHORT,513.28,513.177344,38,absolute_qqq_points,0.75,0.0,0,0.8906973957500668,0.001728502611585591,0.8906973957500668,2025-01-28 09:46:00-05:00,513.03,513.132606,CONVERGENCE_NEXT_OPEN,9.5,0.266,7.799956000002339,8.06595600000234,1.4340439999976606,10,0.0
2025-01-28 09:50:00-05:00,LONG,512.79,512.892558,38,absolute_qqq_points,0.75,0.0,0,-0.8766250479196742,-0.0017011935725203004,-0.8766250479196742,2025-01-28 15:59:00-05:00,521.86,521.755628,FORCED_EOD,344.6600000000019,0.266,7.863340000002154,8.129340000002154,336.5306599999997,369,0.0
2025-01-29 09:34:00-05:00,SHORT,521.49,521.385702,38,absolute_qqq_points,0.75,0.0,0,0.7859985793968463,0.0015057444049748786,0.7859985793968463,2025-01-29 15:59:00-05:00,520.78,520.884156,FORCED_EOD,26.980000000001382,0.266,7.921251999998503,8.187251999998503,18.79274800000288,385,0.0
2025-01-30 09:32:00-05:00,LONG,524.02,524.1248039999999,38,absolute_qqq_points,0.75,0.0,0,-1.071272944784937,-0.0020466794252894166,-1.071272944784937,2025-01-30 09:34:00-05:00,523.54,523.435292,CONVERGENCE_NEXT_OPEN,-18.24000000000069,0.266,7.96145599999636,8.22745599999636,-26.46745599999705,2,0.0
2025-01-30 09:34:00-05:00,SHORT,523.54,523.435292,38,absolute_qqq_points,0.75,0.0,0,0.9132314824555579,0.0017447393726942391,0.9132314824555579,2025-01-30 09:36:00-05:00,522.6,522.70452,CONVERGENCE_NEXT_OPEN,35.71999999999775,0.266,7.950663999997687,8.216663999997687,27.50333600000007,2,0.0
2025-01-30 09:40:00-05:00,SHORT,523.78,523.675244,38,absolute_qqq_points,0.75,0.0,0,0.773216698259148,0.001477239498412638,0.773216698259148,2025-01-30 09:49:00-05:00,525.22,525.325044,CONVERGENCE_NEXT_OPEN,-54.720000000002074,0.266,7.97239999999897,8.23839999999897,-62.95840000000104,9,0.0
2025-01-30 09:50:00-05:00,LONG,525.82,525.925164,38,absolute_qqq_points,0.75,0.0,0,-0.8200621218384185,-0.0015667382252081523,-0.8200621218384185,2025-01-30 10:01:00-05:00,523.73,523.625254,CONVERGENCE_NEXT_OPEN,-79.42000000000121,0.266,7.976579999997057,8.242579999997057,-87.66257999999827,11,0.0
2025-01-30 10:06:00-05:00,SHORT,522.3005,522.1960399000001,38,absolute_qqq_points,0.75,0.0,0,0.9398860275987317,0.0017956631913161446,0.9398860275987317,2025-01-30 15:55:00-05:00,523.2,523.3046400000001,CONVERGENCE_NEXT_OPEN,-34.180999999999585,0.266,7.9458038000000215,8.211803800000022,-42.392803799999605,349,0.0
2025-01-31 09:34:00-05:00,SHORT,527.88,527.774424,37,absolute_qqq_points,0.75,0.0,0,0.9070329557002879,0.0017200807018516178,0.9070329557002879,2025-01-31 15:59:00-05:00,522.28,522.384456,FORCED_EOD,207.20000000000084,0.259,7.771184000002563,8.030184000002563,199.1698159999983,385,0.0
2025-02-03 09:33:00-05:00,LONG,514.04,514.142808,38,absolute_qqq_points,0.75,0.0,0,-1.7932784409729265,-0.00349389868872106,-1.7932784409729265,2025-02-03 09:58:00-05:00,513.265,513.162347,CONVERGENCE_NEXT_OPEN,-29.449999999999136,0.266,7.8075180000005275,8.073518000000528,-37.52351799999966,25,0.0
2025-02-03 10:03:00-05:00,SHORT,512.11,512.0075780000001,39,absolute_qqq_points,0.75,0.0,0,0.7916470203610402,0.0015423898615926144,0.7916470203610402,2025-02-03 15:59:00-05:00,518.145,518.2486289999999,FORCED_EOD,-235.36499999999876,0.273,8.035988999995652,8.308988999995652,-243.6739889999944,356,0.0
2025-02-04 09:38:00-05:00,LONG,519.96,520.063992,38,absolute_qqq_points,0.75,0.0,0,-0.8375879507826767,-0.0016150943902480085,-0.8375879507826767,2025-02-04 09:41:00-05:00,520.43,520.325914,CONVERGENCE_NEXT_OPEN,17.859999999996717,0.266,7.906963999995696,8.172963999995696,9.68703600000102,3,1.7763568394002505e-15
2025-02-04 09:56:00-05:00,LONG,521.8,521.90436,38,absolute_qqq_points,0.75,0.0,0,-0.8513442856781239,-0.0016416202963326848,-0.8513442856781239,2025-02-04 15:59:00-05:00,524.54,524.4350919999999,FORCED_EOD,104.12000000000035,0.266,7.9521840000024895,8.21818400000249,95.90181599999785,363,0.0
2025-02-05 09:32:00-05:00,LONG,521.41,521.514282,38,absolute_qqq_points,0.75,0.0,0,-0.8674576082572685,-0.001663038684567569,-0.8674576082572685,2025-02-05 09:38:00-05:00,521.9664,521.8620067200001,CONVERGENCE_NEXT_OPEN,21.143200000002025,0.266,7.929660639998701,8.195660639998701,12.947539360003324,6,1.7763568394002505e-15
2025-02-05 10:03:00-05:00,LONG,522.3,522.40446,38,absolute_qqq_points,0.75,0.0,0,-0.7895014369368027,-0.0015135856999229352,-0.7895014369368027,2025-02-05 10:21:00-05:00,521.14,521.035772,CONVERGENCE_NEXT_OPEN,-44.07999999999879,0.266,7.930144000001974,8.196144000001974,-52.27614400000076,18,0.0
2025-02-05 10:49:00-05:00,SHORT,522.62,522.515476,38,absolute_qqq_points,0.75,0.0,0,0.9047348552504673,0.0017345044290762984,0.9047348552504673,2025-02-05 11:02:00-05:00,522.54,522.644508,CONVERGENCE_NEXT_OPEN,3.0400000000015552,0.266,7.943215999999211,8.209215999999211,-5.169215999997656,13,0.0
2025-02-05 12:46:00-05:00,SHORT,525.51,525.404898,38,absolute_qqq_points,0.75,0.0,0,0.7505236737479208,0.0014388598258236011,0.7505236737479208,2025-02-05 15:59:00-05:00,526.89,526.995378,CONVERGENCE_NEXT_OPEN,-52.43999999999983,0.266,7.998239999998532,8.264239999998532,-60.70423999999836,193,0.0
2025-02-06 09:34:00-05:00,SHORT,526.84,526.734632,37,absolute_qqq_points,0.75,0.0,0,0.8902252021233608,0.0016897448981158276,0.8902252021233608,2025-02-06 09:45:00-05:00,527.62,527.725524,CONVERGENCE_NEXT_OPEN,-28.85999999999899,0.259,7.803003999997941,8.062003999997941,-36.92200399999693,11,0.0
2025-02-06 10:14:00-05:00,SHORT,528.69,528.5842620000001,37,absolute_qqq_points,0.75,0.0,0,0.9551676598755421,0.0018130127930218627,0.9551676598755421,2025-02-06 11:40:00-05:00,527.35,527.45547,CONVERGENCE_NEXT_OPEN,49.58000000000118,0.259,7.814695999997866,8.073695999997867,41.50630400000331,86,0.0
2025-02-06 13:51:00-05:00,LONG,528.3801,528.48577602,37,absolute_qqq_points,0.75,0.0,0,-0.7516551846542825,-0.0014267238339047946,-0.7516551846542825,2025-02-06 15:59:00-05:00,529.59,529.4840820000001,FORCED_EOD,44.766300000002275,0.259,7.828978740000252,8.087978740000253,36.67832126000202,128,0.0
2025-02-07 09:34:00-05:00,LONG,531.68,531.7863359999999,37,absolute_qqq_points,0.75,0.0,0,-1.1461031529820502,-0.0021607872268283347,-1.1461031529820502,2025-02-07 10:13:00-05:00,525.9399,525.83471202,CONVERGENCE_NEXT_OPEN,-212.3836999999994,0.259,7.826387259997205,8.085387259997205,-220.4690872599966,39,0.0
2025-02-07 10:49:00-05:00,LONG,527.3631,527.46857262,37,absolute_qqq_points,0.75,0.0,0,-0.7731916217196613,-0.0014577244428266717,-0.7731916217196613,2025-02-07 11:09:00-05:00,525.91,525.804818,CONVERGENCE_NEXT_OPEN,-53.764700000002335,0.259,7.794220940000514,8.053220940000514,-61.81792094000285,20,0.0
2025-02-07 11:53:00-05:00,SHORT,523.595,523.4902810000001,38,absolute_qqq_points,0.75,0.0,0,0.7516080550069546,0.0014170322109441982,0.7516080550069546,2025-02-07 12:14:00-05:00,524.705,524.809941,CONVERGENCE_NEXT_OPEN,-42.18000000000052,0.266,7.967079999995121,8.233079999995121,-50.41307999999564,21,0.0
2025-02-07 12:26:00-05:00,SHORT,523.67,523.565266,38,absolute_qqq_points,0.75,0.0,0,0.7600611156941568,0.001432969053551312,0.7600611156941568,2025-02-07 13:00:00-05:00,524.56,524.664912,CONVERGENCE_NEXT_OPEN,-33.81999999999948,0.266,7.966548000000785,8.232548000000785,-42.052548000000264,34,0.0
2025-02-07 13:47:00-05:00,SHORT,524.53,524.425094,38,absolute_qqq_points,0.75,0.0,0,0.8783370661536765,0.0016559587227875112,0.8783370661536765,2025-02-07 15:03:00-05:00,522.78,522.884556,CONVERGENCE_NEXT_OPEN,66.5,0.266,7.959556000001157,8.225556000001157,58.274443999998844,76,-7.105427357601002e-15
2025-02-07 15:38:00-05:00,LONG,522.897,523.0015794000001,38,absolute_qqq_points,0.75,0.0,0,-0.8037425654254093,-0.0015153231753274737,-0.8037425654254093,2025-02-07 15:59:00-05:00,522.94,522.835412,FORCED_EOD,1.634000000000242,0.266,7.948361200002637,8.214361200002637,-6.580361200002395,21,0.0
2025-02-10 09:33:00-05:00,LONG,526.93,527.0353859999999,37,absolute_qqq_points,0.75,0.0,0,-1.1024458011046363,-0.002091763985632696,-1.1024458011046363,2025-02-10 15:59:00-05:00,529.215,529.1091570000001,FORCED_EOD,84.54500000000303,0.259,7.8154729999959045,8.074472999995905,76.47052700000712,386,0.0
2025-02-11 09:37:00-05:00,LONG,527.9987,528.10429974,37,absolute_qqq_points,0.75,0.0,0,-1.1414903186660013,-0.0021678874904632406,-1.1414903186660013,2025-02-11 09:44:00-05:00,527.81,527.704438,CONVERGENCE_NEXT_OPEN,-6.981900000001474,0.259,7.812984379998738,8.071984379998739,-15.053884380000213,7,0.0
2025-02-11 10:13:00-05:00,LONG,528.24,528.345648,37,absolute_qqq_points,0.75,0.0,0,-0.8092318775838976,-0.0015368712599756439,-0.8092318775838976,2025-02-11 15:59:00-05:00,527.95,527.84441,FORCED_EOD,-10.729999999998654,0.259,7.81580599999927,8.07480599999927,-18.804805999997924,346,0.0
2025-02-12 09:34:00-05:00,LONG,522.83,522.934566,38,absolute_qqq_points,0.75,0.0,0,-0.8927320126784934,-0.0017096250577932964,-0.8927320126784934,2025-02-12 15:02:00-05:00,529.09,528.984182,CONVERGENCE_NEXT_OPEN,237.87999999999965,0.266,7.994591999999102,8.260591999999102,229.61940800000056,328,0.0
2025-02-13 10:26:00-05:00,LONG,532.9,533.00658,37,absolute_qqq_points,0.75,0.0,0,-0.7890430997333624,-0.0014880305882650404,-0.7890430997333624,2025-02-13 15:59:00-05:00,535.88,535.772824,FORCED_EOD,110.26000000000067,0.259,7.908971999999608,8.167971999999608,102.09202800000106,333,0.0
2025-02-14 09:35:00-05:00,LONG,536.23,536.337246,37,absolute_qqq_points,0.75,0.0,0,-1.1519437847094878,-0.0021472259631478644,-1.1519437847094878,2025-02-14 09:45:00-05:00,535.805,535.6978389999999,CONVERGENCE_NEXT_OPEN,-15.725000000002524,0.259,7.93305900000189,8.19205900000189,-23.917059000004414,10,0.0
2025-02-14 09:53:00-05:00,LONG,536.77,536.877354,37,absolute_qqq_points,0.75,0.0,0,-0.7608411659032299,-0.0014182097485519467,-0.7608411659032299,2025-02-14 11:18:00-05:00,536.99,536.882602,CONVERGENCE_NEXT_OPEN,8.14000000000101,0.259,7.9458239999991065,8.204823999999107,-0.06482399999809696,85,-3.3306690738754696e-16
2025-02-14 12:04:00-05:00,LONG,536.845,536.952369,37,absolute_qqq_points,0.75,0.0,0,-0.8837686612298512,-0.0016473468931364698,-0.8837686612298512,2025-02-14 15:59:00-05:00,538.12,538.012376,FORCED_EOD,47.17499999999916,0.259,7.954740999997625,8.213740999997626,38.96125900000153,235,0.0
2025-02-18 09:35:00-05:00,LONG,539.61,539.717922,37,absolute_qqq_points,0.75,0.0,0,-0.8598673350580839,-0.001593497480973866,-0.8598673350580839,2025-02-18 09:40:00-05:00,539.4099,539.30201802,CONVERGENCE_NEXT_OPEN,-7.403700000000754,0.259,7.9847472600012,8.2437472600012,-15.647447260001954,5,0.0
2025-02-18 09:50:00-05:00,LONG,538.0,538.1075999999999,37,absolute_qqq_points,0.75,0.0,0,-0.7682255833773297,-0.0014236679101768284,-0.7682255833773297,2025-02-18 10:02:00-05:00,537.3201,537.2126359800001,CONVERGENCE_NEXT_OPEN,-25.156299999999078,0.259,7.957368739995786,8.216368739995787,-33.372668739994864,12,0.0
2025-02-18 10:30:00-05:00,SHORT,536.9,536.7926199999999,37,absolute_qqq_points,0.75,0.0,0,0.7795626957217792,0.0014446777325364951,0.7795626957217792,2025-02-18 15:59:00-05:00,539.32,539.427864,FORCED_EOD,-89.54000000000269,0.259,7.964027999999416,8.223027999999417,-97.76302800000211,329,0.0
2025-02-19 10:08:00-05:00,SHORT,537.12,537.012576,37,absolute_qqq_points,0.75,0.0,0,1.002502062999156,0.001862140692100384,1.002502062999156,2025-02-19 10:30:00-05:00,537.21,537.317442,CONVERGENCE_NEXT_OPEN,-3.330000000001178,0.259,7.950042000001076,8.209042000001077,-11.539042000002254,22,0.0
2025-02-19 11:20:00-05:00,LONG,538.71,538.8177420000001,37,absolute_qqq_points,0.75,0.0,0,-0.8884845984728145,-0.0016503540353533389,-0.8884845984728145,2025-02-19 11:37:00-05:00,538.8,538.69224,CONVERGENCE_NEXT_OPEN,3.3299999999969714,0.259,7.9735740000005535,8.232574000000554,-4.9025740000035825,17,0.0
2025-02-19 12:32:00-05:00,LONG,538.78,538.887756,37,absolute_qqq_points,0.75,0.0,0,-0.7967776724289024,-0.001480009050503166,-0.7967776724289024,2025-02-19 15:59:00-05:00,539.56,539.452088,FORCED_EOD,28.85999999999899,0.259,7.979715999997666,8.238715999997666,20.621284000001324,207,0.0
2025-02-20 09:49:00-05:00,LONG,537.14,537.247428,37,absolute_qqq_points,0.75,0.0,0,-0.981349484505813,-0.0018213819505117266,-0.981349484505813,2025-02-20 15:59:00-05:00,537.19,537.082562,FORCED_EOD,1.8500000000025238,0.259,7.950042000001076,8.209042000001077,-6.359041999998553,370,0.0
2025-02-21 09:36:00-05:00,LONG,538.01,538.117602,37,absolute_qqq_points,0.75,0.0,0,-1.2773355214372941,-0.0023754283461585625,-1.2773355214372941,2025-02-21 09:45:00-05:00,536.87,536.7626260000001,CONVERGENCE_NEXT_OPEN,-42.179999999999495,0.259,7.954111999999213,8.213111999999214,-50.39311199999871,9,0.0
2025-02-21 11:07:00-05:00,LONG,533.4009,533.50758018,37,absolute_qqq_points,0.75,0.0,0,-0.8200530904615562,-0.0015250318524339624,-0.8200530904615562,2025-02-21 15:43:00-05:00,525.865,525.759827,CONVERGENCE_NEXT_OPEN,-278.8282999999989,0.259,7.838567660001786,8.097567660001786,-286.9258676600007,276,0.0
2025-02-24 09:35:00-05:00,SHORT,527.54,527.434492,37,absolute_qqq_points,0.75,0.0,0,1.468405738397223,0.002782178022314248,1.468405738397223,2025-02-24 15:59:00-05:00,519.83,519.933966,FORCED_EOD,285.26999999999714,0.259,7.750538000000006,8.009538000000006,277.2604619999971,384,0.0
2025-02-25 09:32:00-05:00,SHORT,517.85,517.74643,38,absolute_qqq_points,0.75,0.0,0,0.8781808349307312,0.0016929766250208,0.8781808349307312,2025-02-25 11:35:00-05:00,510.6584,510.76053168,CONVERGENCE_NEXT_OPEN,273.28080000000193,0.266,7.81666384000016,8.08266384000016,265.19813616000175,123,0.0
2025-02-25 11:59:00-05:00,LONG,514.05,514.1528099999999,38,absolute_qqq_points,0.75,0.0,0,-0.8484881613006792,-0.001635734425702924,-0.8484881613006792,2025-02-25 15:59:00-05:00,513.29,513.187342,FORCED_EOD,-28.879999999999654,0.266,7.807783999999856,8.073783999999856,-36.95378399999951,240,0.0
2025-02-26 09:35:00-05:00,SHORT,514.84,514.737032,38,absolute_qqq_points,0.75,0.0,0,0.8275201411879607,0.0016083967758753828,0.8275201411879607,2025-02-26 09:49:00-05:00,516.0,516.1032,CONVERGENCE_NEXT_OPEN,-44.07999999999879,0.266,7.834384000001819,8.100384000001819,-52.18038400000061,14,0.0
2025-02-26 09:55:00-05:00,LONG,517.22,517.323444,38,absolute_qqq_points,0.75,0.0,0,-0.8770624468880897,-0.001704688915234378,-0.8770624468880897,2025-02-26 13:51:00-05:00,513.23,513.1273540000001,CONVERGENCE_NEXT_OPEN,-151.62000000000035,0.266,7.831419999996342,8.097419999996342,-159.71741999999668,236,0.0
2025-02-26 15:42:00-05:00,LONG,513.76,513.862752,38,absolute_qqq_points,0.75,0.0,0,-0.7601548290466553,-0.0014774632245805924,-0.7601548290466553,2025-02-26 15:59:00-05:00,514.49,514.387102,FORCED_EOD,27.74000000000069,0.266,7.814699999999675,8.080699999999675,19.659300000001018,17,0.0
2025-02-27 09:32:00-05:00,SHORT,517.85,517.74643,38,absolute_qqq_points,0.75,0.0,0,1.4021867745294685,0.0027048877766343636,1.4021867745294685,2025-02-27 15:59:00-05:00,500.33,500.43006599999995,FORCED_EOD,665.7600000000015,0.266,7.738167999998495,8.004167999998495,657.755832000003,387,0.0
2025-02-28 09:38:00-05:00,SHORT,500.18,500.079964,39,absolute_qqq_points,0.75,0.0,0,0.9351010014353278,0.001873386760363228,0.9351010014353278,2025-02-28 09:43:00-05:00,499.93,500.029986,CONVERGENCE_NEXT_OPEN,9.75,0.273,7.800857999999607,8.073857999999607,1.6761420000003926,5,4.440892098500626e-16
2025-02-28 09:45:00-05:00,LONG,500.53,500.63010599999996,39,absolute_qqq_points,0.75,0.0,0,-0.7552678480615782,-0.0015131079796886467,-0.7552678480615782,2025-02-28 09:55:00-05:00,500.06,499.959988,CONVERGENCE_NEXT_OPEN,-18.329999999998847,0.273,7.804601999999022,8.077601999999022,-26.40760199999787,10,0.0
2025-02-28 10:08:00-05:00,LONG,501.24,501.340248,39,absolute_qqq_points,0.75,0.0,0,-0.7678227246193501,-0.0015382604920752083,-0.7678227246193501,2025-02-28 15:59:00-05:00,508.22,508.11835600000006,FORCED_EOD,272.2200000000007,0.273,7.873787999997262,8.146787999997262,264.0732120000034,351,0.0
2025-03-03 09:36:00-05:00,SHORT,511.63,511.527674,39,absolute_qqq_points,0.75,0.0,0,0.8075139196721466,0.0015807449588261572,0.8075139196721466,2025-03-03 15:59:00-05:00,497.32,497.419464,FORCED_EOD,558.0900000000001,0.273,7.869810000000655,8.142810000000654,549.9471899999995,383,-1.1368683772161603e-13
2025-03-04 09:32:00-05:00,SHORT,493.2,493.10136,40,absolute_qqq_points,0.75,0.0,0,0.9116167389003067,0.0018452659532827136,0.9116167389003067,2025-03-04 09:34:00-05:00,493.08,493.178616,CONVERGENCE_NEXT_OPEN,4.800000000000182,0.28,7.890239999999267,8.170239999999266,-3.370239999999085,2,0.0
2025-03-04 09:34:00-05:00,LONG,493.08,493.178616,40,absolute_qqq_points,0.75,0.0,0,-1.150845920557856,-0.00232950614448078,-1.150845920557856,2025-03-04 15:59:00-05:00,495.52,495.42089599999997,FORCED_EOD,97.59999999999991,0.28,7.908800000000156,8.188800000000155,89.41119999999975,385,0.0
2025-03-05 09:35:00-05:00,SHORT,496.08,495.98078399999997,40,absolute_qqq_points,0.75,0.0,0,1.13649349695487,0.002289010064360258,1.13649349695487,2025-03-05 12:51:00-05:00,498.32,498.41966399999995,CONVERGENCE_NEXT_OPEN,-89.60000000000036,0.28,7.9551999999989675,8.235199999998967,-97.83519999999933,196,0.0
2025-03-05 14:30:00-05:00,SHORT,501.57,501.469686,39,absolute_qqq_points,0.75,0.0,0,0.796748167076089,0.001604729440233623,0.796748167076089,2025-03-05 15:09:00-05:00,503.59,503.69071799999995,CONVERGENCE_NEXT_OPEN,-78.77999999999929,0.273,7.8402479999977,8.1132479999977,-86.89324799999699,39,0.0
2025-03-06 09:34:00-05:00,LONG,492.93,493.028586,40,absolute_qqq_points,0.75,0.0,0,-0.8753131554544211,-0.0017758793147649439,-0.8753131554544211,2025-03-06 12:28:00-05:00,489.36,489.262128,CONVERGENCE_NEXT_OPEN,-142.79999999999973,0.28,7.858320000000276,8.138320000000276,-150.93832,174,0.0
2025-03-06 12:52:00-05:00,LONG,489.2,489.29783999999995,40,absolute_qqq_points,0.75,0.0,0,-0.8037273591170333,-0.0016306424539288857,-0.8037273591170333,2025-03-06 15:59:00-05:00,488.33,488.232334,FORCED_EOD,-34.80000000000018,0.28,7.820239999998648,8.100239999998648,-42.90023999999883,187,0.0
2025-03-07 09:36:00-05:00,LONG,488.91,489.007782,40,absolute_qqq_points,0.75,0.0,0,-0.8081258180467898,-0.0016564028409584014,-0.8081258180467898,2025-03-07 10:33:00-05:00,485.27,485.17294599999997,CONVERGENCE_NEXT_OPEN,-145.60000000000173,0.28,7.793440000000373,8.073440000000373,-153.6734400000021,57,0.0
2025-03-07 10:48:00-05:00,LONG,485.1774,485.27443547999997,41,absolute_qqq_points,0.75,0.0,0,-0.808533308796541,-0.0016572380683703277,-0.808533308796541,2025-03-07 11:38:00-05:00,482.17,482.073566,CONVERGENCE_NEXT_OPEN,-123.30339999999842,0.28700000000000003,7.93224867999902,8.219248679999021,-131.52264867999745,50,0.0
2025-03-07 11:53:00-05:00,SHORT,480.74,480.64385200000004,41,absolute_qqq_points,0.75,0.0,0,0.853700446919845,0.0017498164444533088,0.853700446919845,2025-03-07 15:59:00-05:00,491.81,491.908362,FORCED_EOD,-453.8699999999997,0.28700000000000003,7.97490999999917,8.26190999999917,-462.13190999999887,246,0.0
2025-03-10 09:44:00-04:00,SHORT,483.2,483.10336,41,absolute_qqq_points,0.75,0.0,0,0.9229344874046888,0.001909098310865288,0.9229344874046888,2025-03-10 15:38:00-04:00,473.75,473.84475,CONVERGENCE_NEXT_OPEN,387.44999999999953,0.28700000000000003,7.846989999998186,8.133989999998187,379.31601000000137,354,0.0
2025-03-11 09:32:00-04:00,LONG,472.57,472.664514,42,absolute_qqq_points,0.75,0.0,0,-0.8964124324635918,-0.001896607211542632,-0.8964124324635918,2025-03-11 15:59:00-04:00,471.67,471.575666,FORCED_EOD,-37.799999999999045,0.294,7.931616000000304,8.225616000000304,-46.025615999999346,387,0.0
2025-03-12 09:36:00-04:00,LONG,480.35,480.44607,41,absolute_qqq_points,0.75,0.0,0,-0.9294375444764569,-0.0019400871364863978,-0.9294375444764569,2025-03-12 10:26:00-04:00,477.12,477.024576,CONVERGENCE_NEXT_OPEN,-132.43000000000075,0.28700000000000003,7.851253999999074,8.138253999999074,-140.56825399999983,50,0.0
2025-03-12 12:00:00-04:00,LONG,477.61,477.70552200000003,41,absolute_qqq_points,0.75,0.0,0,-0.8082621310936133,-0.001687148289589405,-0.8082621310936133,2025-03-12 13:56:00-04:00,476.38,476.284724,CONVERGENCE_NEXT_OPEN,-50.430000000000746,0.28700000000000003,7.822718000001203,8.109718000001203,-58.53971800000195,116,0.0
2025-03-12 15:48:00-04:00,LONG,476.65,476.74532999999997,41,absolute_qqq_points,0.75,0.0,0,-0.925179594147437,-0.0019311991862304514,-0.925179594147437,2025-03-12 15:59:00-04:00,477.08,476.984584,FORCED_EOD,17.63000000000028,0.28700000000000003,7.820585999999594,8.107585999999595,9.522414000000685,11,1.7763568394002505e-15
2025-03-13 09:42:00-04:00,SHORT,475.09,474.994982,42,absolute_qqq_points,0.75,0.0,0,0.7616947262683311,0.0016018816535611049,0.7616947262683311,2025-03-13 10:09:00-04:00,472.7703,472.86485406,CONVERGENCE_NEXT_OPEN,97.4273999999981,0.294,7.96202651999954,8.25602651999954,89.17137347999856,27,0.0
2025-03-13 10:56:00-04:00,LONG,473.55,473.64471,42,absolute_qqq_points,0.75,0.0,0,-0.7931669364038498,-0.0016680692668850968,-0.7931669364038498,2025-03-13 12:07:00-04:00,469.66,469.56606800000003,CONVERGENCE_NEXT_OPEN,-163.37999999999943,0.294,7.922963999998274,8.216963999998274,-171.5969639999977,71,0.0
2025-03-13 13:10:00-04:00,SHORT,468.66,468.56626800000004,42,absolute_qqq_points,0.75,0.0,0,0.7773217820221703,0.0016347461241265696,0.7773217820221703,2025-03-13 13:29:00-04:00,467.77,467.86355399999997,CONVERGENCE_NEXT_OPEN,37.380000000001814,0.294,7.866011999998818,8.160011999998819,29.219988000002996,19,3.552713678800501e-15
2025-03-13 13:54:00-04:00,LONG,467.67,467.763534,42,absolute_qqq_points,0.75,0.0,0,-0.7663233191625523,-0.0016116158131704878,-0.7663233191625523,2025-03-13 15:09:00-04:00,469.8799,469.78592402000004,CONVERGENCE_NEXT_OPEN,92.8158000000002,0.294,7.875419159998273,8.169419159998274,84.64638084000192,75,0.0
2025-03-13 15:40:00-04:00,SHORT,467.31,467.216538,42,absolute_qqq_points,0.75,0.0,0,0.76985587258838,0.0016190449476096228,0.76985587258838,2025-03-13 15:59:00-04:00,468.39,468.483678,FORCED_EOD,-45.35999999999933,0.294,7.8598799999999756,8.153879999999976,-53.513879999999304,19,0.0
2025-03-14 09:33:00-04:00,LONG,474.4,474.49487999999997,42,absolute_qqq_points,0.75,0.0,0,-0.8572239248244387,-0.0018074597272113757,-0.8572239248244387,2025-03-14 10:05:00-04:00,475.3,475.20494,CONVERGENCE_NEXT_OPEN,37.80000000000143,0.294,7.977479999999105,8.271479999999105,29.528520000002327,32,3.552713678800501e-15
2025-03-14 10:12:00-04:00,SHORT,474.7,474.60506,42,absolute_qqq_points,0.75,0.0,0,0.8571684719983068,0.0018073428047279247,0.8571684719983068,2025-03-14 10:33:00-04:00,474.43,474.524886,CONVERGENCE_NEXT_OPEN,11.339999999999236,0.294,7.972691999999256,8.266691999999257,3.07330799999998,21,-4.440892098500626e-16
2025-03-14 10:42:00-04:00,LONG,475.8,475.89516,42,absolute_qqq_points,0.75,0.0,0,-0.9313870121166588,-0.0019638328633830287,-0.9313870121166588,2025-03-14 11:14:00-04:00,477.1208,477.02537584,CONVERGENCE_NEXT_OPEN,55.47359999999844,0.294,8.004534719998219,8.29853471999822,47.175065280000226,32,0.0
2025-03-14 11:38:00-04:00,LONG,478.8281,478.92386562,41,absolute_qqq_points,0.75,0.0,0,-0.9967203749604892,-0.002101588493812487,-0.9967203749604892,2025-03-14 14:10:00-04:00,478.36,478.26432800000003,CONVERGENCE_NEXT_OPEN,-19.192099999999698,0.28700000000000003,7.848942419999503,8.135942419999504,-27.3280424199992,152,0.0
2025-03-14 15:16:00-04:00,LONG,479.4701,479.56599402,41,absolute_qqq_points,0.75,0.0,0,-0.8031868334367687,-0.0016935223257569451,-0.8031868334367687,2025-03-14 15:59:00-04:00,479.65,479.55406999999997,FORCED_EOD,7.375899999998978,0.28700000000000003,7.864784820000523,8.151784820000524,-0.7758848200015446,43,1.1102230246251565e-16
2025-03-17 09:35:00-04:00,SHORT,480.93,480.833814,41,absolute_qqq_points,0.75,0.0,0,0.8217483580574481,0.0017146191170917013,0.8217483580574481,2025-03-17 15:59:00-04:00,482.73,482.826546,FORCED_EOD,-73.80000000000047,0.28700000000000003,7.902011999999104,8.189011999999105,-81.98901199999958,384,0.0
2025-03-18 09:45:00-04:00,SHORT,474.97,474.87500600000004,42,absolute_qqq_points,0.75,0.0,0,1.223439172709675,0.0025567949607834296,1.223439172709675,2025-03-18 09:54:00-04:00,474.955,475.049991,CONVERGENCE_NEXT_OPEN,0.6300000000018144,0.294,7.979369999999108,8.273369999999108,-7.643369999997293,9,0.0
2025-03-18 10:06:00-04:00,LONG,474.55,474.64491,42,absolute_qqq_points,0.75,0.0,0,-0.8295721483859211,-0.0017336749843489142,-0.8295721483859211,2025-03-18 13:45:00-04:00,474.81,474.715038,CONVERGENCE_NEXT_OPEN,10.919999999999618,0.294,7.974623999999153,8.268623999999154,2.651376000000465,219,-4.440892098500626e-16
2025-03-19 09:53:00-04:00,LONG,476.86,476.955372,41,absolute_qqq_points,0.75,0.0,0,-1.0692868179575612,-0.0022413155402815485,-1.0692868179575612,2025-03-19 10:43:00-04:00,477.94,477.84441200000003,CONVERGENCE_NEXT_OPEN,44.27999999999935,0.28700000000000003,7.829359999998417,8.116359999998418,36.16364000000093,50,0.0
2025-03-19 11:13:00-04:00,SHORT,478.55,478.45429,41,absolute_qqq_points,0.75,0.0,0,0.8568492708023427,0.0017960284874702168,0.8568492708023427,2025-03-19 15:59:00-04:00,480.79,480.886158,FORCED_EOD,-91.84000000000037,0.28700000000000003,7.866587999999979,8.15358799999998,-99.99358800000036,286,0.0
2025-03-20 09:36:00-04:00,LONG,479.08,479.175816,41,absolute_qqq_points,0.75,0.0,0,-0.816766701691165,-0.0017136283945434153,-0.816766701691165,2025-03-20 13:07:00-04:00,480.01,479.913998,CONVERGENCE_NEXT_OPEN,38.13000000000028,0.28700000000000003,7.864538000000493,8.151538000000494,29.978461999999787,211,0.0
2025-03-20 14:03:00-04:00,LONG,478.78,478.87575599999997,41,absolute_qqq_points,0.75,0.0,0,-0.762050465268544,-0.001598830256737063,-0.762050465268544,2025-03-20 14:34:00-04:00,477.3891,477.29362218,CONVERGENCE_NEXT_OPEN,-57.0268999999995,0.28700000000000003,7.840586619999158,8.127586619999159,-65.15448661999866,31,0.0
2025-03-20 15:56:00-04:00,LONG,479.79,479.885958,41,absolute_qqq_points,0.75,0.0,0,-1.0736916266820344,-0.002252673198669744,-1.0736916266820344,2025-03-20 15:59:00-04:00,479.29,479.19414200000006,FORCED_EOD,-20.5,0.28700000000000003,7.86445599999837,8.15145599999837,-28.65145599999837,3,0.0
2025-03-21 10:41:00-04:00,SHORT,475.84,475.744832,42,absolute_qqq_points,0.75,0.0,0,0.8743505492469126,0.0018409317807073647,0.8743505492469126,2025-03-21 15:54:00-04:00,479.77,479.865954,CONVERGENCE_NEXT_OPEN,-165.0600000000003,0.294,8.027124000000299,8.3211240000003,-173.3811240000006,313,0.0
2025-03-21 15:56:00-04:00,LONG,480.54,480.63610800000004,41,absolute_qqq_points,0.75,0.0,0,-1.0775642907430552,-0.0022687952221141314,-1.0775642907430552,2025-03-21 15:59:00-04:00,481.12,481.023776,FORCED_EOD,23.779999999999347,0.28700000000000003,7.88561200000089,8.17261200000089,15.607387999998457,3,1.7763568394002505e-15
2025-03-24 09:36:00-04:00,SHORT,487.25,487.15255,41,absolute_qqq_points,0.75,0.0,0,0.7553542765313637,0.0015498579652653062,0.7553542765313637,2025-03-24 09:40:00-04:00,488.43,488.527686,CONVERGENCE_NEXT_OPEN,-48.38000000000028,0.28700000000000003,8.000575999999626,8.287575999999627,-56.667575999999904,4,0.0
2025-03-24 09:42:00-04:00,SHORT,488.21,488.112358,40,absolute_qqq_points,0.75,0.0,0,0.9934268159801718,0.002038342154790422,0.9934268159801718,2025-03-24 15:59:00-04:00,490.45,490.54809,FORCED_EOD,-89.60000000000036,0.28,7.829280000000836,8.109280000000835,-97.7092800000012,377,0.0
2025-03-25 09:34:00-04:00,SHORT,491.47,491.371706,40,absolute_qqq_points,0.75,0.0,0,0.8622360045171718,0.0017545449087708002,0.8622360045171718,2025-03-25 09:38:00-04:00,491.19,491.288238,CONVERGENCE_NEXT_OPEN,11.200000000001182,0.28,7.861279999999624,8.141279999999623,3.058720000001558,4,8.881784197001252e-16
2025-03-25 09:42:00-04:00,LONG,491.92,492.018384,40,absolute_qqq_points,0.75,0.0,0,-1.0107402281187774,-0.0020567328574137853,-1.0107402281187774,2025-03-25 10:33:00-04:00,492.17,492.071566,CONVERGENCE_NEXT_OPEN,10.0,0.28,7.8727200000002995,8.152720000000299,1.8472799999997005,51,6.661338147750939e-16
2025-03-25 11:28:00-04:00,LONG,493.32,493.418664,40,absolute_qqq_points,0.75,0.0,0,-0.846653427967567,-0.0017228362695960809,-0.846653427967567,2025-03-25 15:59:00-04:00,493.45,493.35131,FORCED_EOD,5.199999999999818,0.28,7.894159999998465,8.174159999998464,-2.9741599999986468,271,0.0
2025-03-26 09:34:00-04:00,SHORT,491.87,491.771626,40,absolute_qqq_points,0.75,0.0,0,0.8440371182954891,0.0017138863940166778,0.8440371182954891,2025-03-26 15:59:00-04:00,484.4,484.49688,FORCED_EOD,298.8000000000011,0.28,7.810159999999087,8.090159999999086,290.70984000000203,385,0.0
2025-03-27 11:05:00-04:00,LONG,485.95,486.04719,41,absolute_qqq_points,0.75,0.0,0,-0.9483891088077598,-0.0019643112379770893,-0.9483891088077598,2025-03-27 15:59:00-04:00,481.58,481.483684,FORCED_EOD,-179.1700000000002,0.28700000000000003,7.9337460000005535,8.220746000000554,-187.39074600000075,294,0.0
2025-03-28 09:37:00-04:00,LONG,479.45,479.54589,41,absolute_qqq_points,0.75,0.0,0,-0.8605262016264419,-0.0017956246969157309,-0.8605262016264419,2025-03-28 15:59:00-04:00,469.0187,468.92489626,FORCED_EOD,-427.68329999999855,0.28700000000000003,7.77744333999982,8.064443339999821,-435.74774333999835,382,0.0
2025-03-31 09:40:00-04:00,SHORT,459.58,459.488084,43,absolute_qqq_points,0.75,0.0,0,0.9214810509406561,0.001994547729308728,0.9214810509406561,2025-03-31 09:44:00-04:00,458.93,459.021786,CONVERGENCE_NEXT_OPEN,27.949999999999022,0.301,7.899185999999247,8.200185999999247,19.749813999999777,4,0.0
2025-03-31 09:57:00-04:00,SHORT,460.32,460.227936,43,absolute_qqq_points,0.75,0.0,0,0.7638466549012151,0.0016533477378813553,0.7638466549012151,2025-03-31 10:13:00-04:00,461.57,461.662314,CONVERGENCE_NEXT_OPEN,-53.75,0.301,7.9282539999991855,8.229253999999186,-61.97925399999919,16,0.0
2025-03-31 10:26:00-04:00,SHORT,459.71,459.61805799999996,43,absolute_qqq_points,0.75,0.0,0,0.9371384210540441,0.0020284381408096812,0.9371384210540441,2025-03-31 12:27:00-04:00,463.9,463.99278,CONVERGENCE_NEXT_OPEN,-180.1699999999999,0.301,7.9430460000009475,8.244046000000948,-188.41404600000084,121,0.0
2025-03-31 15:51:00-04:00,LONG,469.53,469.623906,42,absolute_qqq_points,0.75,0.0,0,-2.414654072747112,-0.005226523966985162,-2.414654072747112,2025-03-31 15:59:00-04:00,468.93,468.83621400000004,FORCED_EOD,-25.199999999998568,0.294,7.88306399999874,8.17706399999874,-33.377063999997304,8,0.0
2025-04-01 09:34:00-04:00,SHORT,467.45,467.35651,42,absolute_qqq_points,0.75,0.0,0,0.9527089543487932,0.0020416796055734215,0.9527089543487932,2025-04-01 09:37:00-04:00,467.09,467.18341799999996,CONVERGENCE_NEXT_OPEN,15.120000000000573,0.294,7.850135999998315,8.144135999998316,6.975864000002258,3,-8.881784197001252e-16
2025-04-01 09:43:00-04:00,LONG,467.24,467.333448,42,absolute_qqq_points,0.75,0.0,0,-0.8643692749324146,-0.0018523654178523863,-0.8643692749324146,2025-04-01 15:59:00-04:00,472.63,472.535474,FORCED_EOD,226.37999999999943,0.294,7.894907999997486,8.188907999997486,218.19109200000193,376,0.0
2025-04-02 09:57:00-04:00,LONG,471.56,471.654312,42,absolute_qqq_points,0.75,0.0,0,-0.8359441437834789,-0.0017932943125249373,-0.8359441437834789,2025-04-02 10:10:00-04:00,471.015,470.920797,CONVERGENCE_NEXT_OPEN,-22.89000000000067,0.294,7.917629999999804,8.211629999999804,-31.101630000000473,13,0.0
2025-04-02 12:30:00-04:00,LONG,476.65,476.74532999999997,41,absolute_qqq_points,0.75,0.0,0,-0.8773469422192193,-0.001882112929784796,-0.8773469422192193,2025-04-02 14:06:00-04:00,474.57,474.475086,CONVERGENCE_NEXT_OPEN,-85.27999999999935,0.28700000000000003,7.8000040000002855,8.087004000000286,-93.36700399999964,96,0.0
2025-04-03 09:32:00-04:00,SHORT,458.34,458.248332,43,absolute_qqq_points,0.75,0.0,0,1.2707910309492831,0.0027738352907969994,1.2707910309492831,2025-04-03 10:09:00-04:00,456.26,456.351252,CONVERGENCE_NEXT_OPEN,89.43999999999932,0.301,7.865559999998595,8.166559999998595,81.27344000000072,37,0.0
2025-04-03 10:38:00-04:00,SHORT,455.01,454.918998,43,absolute_qqq_points,0.75,0.0,0,0.7839542784459468,0.0017111861753542155,0.7839542784459468,2025-04-03 11:47:00-04:00,455.23,455.321046,CONVERGENCE_NEXT_OPEN,-9.460000000001173,0.301,7.828064000000381,8.129064000000382,-17.589064000001553,69,-3.552713678800501e-15
2025-04-03 12:13:00-04:00,LONG,456.5,456.5913,43,absolute_qqq_points,0.75,0.0,0,-0.8396752645746233,-0.0018328118667524165,-0.8396752645746233,2025-04-03 12:28:00-04:00,456.855,456.76362900000004,CONVERGENCE_NEXT_OPEN,15.265000000000782,0.301,7.854852999998741,8.155852999998741,7.109147000002041,15,0.0
2025-04-03 13:03:00-04:00,LONG,455.5903,455.68141806,43,absolute_qqq_points,0.75,0.0,0,-0.8377195832933921,-0.0018285430785540575,-0.8377195832933921,2025-04-03 13:22:00-04:00,454.5,454.4091,CONVERGENCE_NEXT_OPEN,-46.882900000000575,0.301,7.826776579998352,8.127776579998352,-55.01067657999893,19,0.0
2025-04-03 14:38:00-04:00,SHORT,453.56,453.469288,44,absolute_qqq_points,0.75,0.0,0,0.7713671921837317,0.0016837115526727713,0.7713671921837317,2025-04-03 15:34:00-04:00,451.515,451.605303,CONVERGENCE_NEXT_OPEN,89.9800000000007,0.308,7.964660000000094,8.272660000000094,81.7073400000006,56,0.0
2025-04-03 15:50:00-04:00,SHORT,451.04,450.949792,44,absolute_qqq_points,0.75,0.0,0,0.8097601998792356,0.0017675143786858756,0.8097601998792356,2025-04-03 15:58:00-04:00,450.92,451.010184,CONVERGENCE_NEXT_OPEN,5.2800000000002,0.308,7.937247999999272,8.245247999999272,-2.9652479999990717,8,0.0
2025-04-04 09:34:00-04:00,LONG,437.721,437.8085442,45,absolute_qqq_points,0.75,0.0,0,-0.9457998347626244,-0.002154441537044732,-0.9457998347626244,2025-04-04 15:59:00-04:00,423.2012,423.11655976,FORCED_EOD,-653.3910000000014,0.315,7.748299799998506,8.063299799998505,-661.4542998,385,0.0
2025-04-07 09:33:00-04:00,SHORT,407.1,407.01858000000004,49,absolute_qqq_points,0.75,0.0,0,0.8420421365651691,0.0020635758768905903,0.8420421365651691,2025-04-07 09:39:00-04:00,404.44,404.520888,CONVERGENCE_NEXT_OPEN,130.34000000000123,0.343,7.953091999999799,8.296091999999799,122.04390800000142,6,1.4210854715202004e-14
2025-04-07 09:40:00-04:00,LONG,406.44,406.52128799999997,49,absolute_qqq_points,0.75,0.0,0,-1.3018793698159925,-0.0031904898169734233,-1.3018793698159925,2025-04-07 15:59:00-04:00,423.95,423.86521,FORCED_EOD,857.9899999999996,0.343,8.13782199999855,8.48082199999855,849.509178000001,379,0.0
2025-04-08 09:32:00-04:00,LONG,437.32,437.407464,45,absolute_qqq_points,0.75,0.0,0,-0.8404869838547597,-0.001916382379166204,-0.8404869838547597,2025-04-08 09:40:00-04:00,437.1,437.01258,CONVERGENCE_NEXT_OPEN,-9.89999999999867,0.315,7.869780000000901,8.1847800000009,-18.084779999999572,8,3.552713678800501e-15
2025-04-08 09:56:00-04:00,LONG,439.77,439.85795399999995,45,absolute_qqq_points,0.75,0.0,0,-0.7614454718980141,-0.0017361609555795205,-0.7614454718980141,2025-04-08 10:56:00-04:00,438.7,438.61226,CONVERGENCE_NEXT_OPEN,-48.14999999999969,0.315,7.906229999998402,8.221229999998402,-56.37122999999809,60,0.0
2025-04-08 11:11:00-04:00,SHORT,436.93,436.842614,45,absolute_qqq_points,0.75,0.0,0,0.8914599820955118,0.002032605185132737,0.8914599820955118,2025-04-08 15:59:00-04:00,416.24,416.323248,FORCED_EOD,931.05,0.315,7.67852999999775,7.99352999999775,923.0564700000022,288,0.0
2025-04-09 09:37:00-04:00,LONG,417.49,417.573498,47,absolute_qqq_points,0.75,0.0,0,-0.8593863375717206,-0.002063971990565585,-0.8593863375717206,2025-04-09 09:44:00-04:00,420.7,420.61586,CONVERGENCE_NEXT_OPEN,150.86999999999904,0.329,7.8789859999978376,8.207985999997838,142.6620140000012,7,0.0
2025-04-09 09:48:00-04:00,LONG,418.7264,418.81014528000003,47,absolute_qqq_points,0.75,0.0,0,-0.9795625128898564,-0.0023525968487296753,-0.9795625128898564,2025-04-09 14:19:00-04:00,457.88,457.788424,CONVERGENCE_NEXT_OPEN,1840.219199999999,0.329,8.2401001599996,8.5691001599996,1831.6500998399995,271,0.0
2025-04-09 14:39:00-04:00,SHORT,459.06,458.968188,43,absolute_qqq_points,0.75,0.0,0,0.9339628798285844,0.0022430810683365526,0.9339628798285844,2025-04-09 15:19:00-04:00,459.06,459.151812,CONVERGENCE_NEXT_OPEN,-0.0,0.301,7.895832000000382,8.196832000000382,-8.196832000000382,40,0.0
2025-04-09 15:20:00-04:00,LONG,460.4,460.49208,43,absolute_qqq_points,0.75,0.0,0,-0.80334558195716,-0.0019293799626712294,-0.80334558195716,2025-04-09 15:59:00-04:00,465.14,465.046972,FORCED_EOD,203.8200000000004,0.301,7.959644000000594,8.260644000000594,195.5593559999998,39,0.0
2025-04-10 09:33:00-04:00,LONG,454.89,454.980978,43,absolute_qqq_points,0.75,0.0,0,-1.343250660074773,-0.002953757278728794,-1.343250660074773,2025-04-10 15:59:00-04:00,446.19,446.10076200000003,FORCED_EOD,-374.0999999999995,0.301,7.749287999998842,8.050287999998842,-382.15028799999834,386,0.0
2025-04-11 09:32:00-04:00,LONG,444.31,444.398862,45,absolute_qqq_points,0.75,0.0,0,-0.9780615900447742,-0.0021949071263670577,-0.9780615900447742,2025-04-11 15:59:00-04:00,454.24,454.149152,FORCED_EOD,446.8500000000003,0.315,8.086950000000002,8.401950000000001,438.4480500000003,387,0.0
2025-04-14 09:32:00-04:00,SHORT,463.5901,463.49738198,43,absolute_qqq_points,0.75,0.0,0,1.1180710663721243,0.0024064722377308504,1.1180710663721243,2025-04-14 15:59:00-04:00,457.41,457.501482,FORCED_EOD,265.7442999999992,0.301,7.920600859999638,8.221600859999638,257.5226991399996,387,0.0
2025-04-15 09:34:00-04:00,LONG,458.9,458.99177999999995,43,absolute_qqq_points,0.75,0.0,0,-0.9951719092419467,-0.0021703528869254788,-0.9951719092419467,2025-04-15 09:41:00-04:00,460.39,460.29792199999997,CONVERGENCE_NEXT_OPEN,64.07000000000039,0.301,7.905893999999421,8.206893999999421,55.86310600000097,7,0.0
2025-04-15 09:45:00-04:00,SHORT,460.61,460.517878,43,absolute_qqq_points,0.75,0.0,0,0.7637318779788984,0.0016656093995570708,0.7637318779788984,2025-04-15 12:12:00-04:00,460.34,460.43206799999996,CONVERGENCE_NEXT_OPEN,11.610000000001662,0.301,7.9201700000000415,8.221170000000042,3.3888300000016205,147,0.0
2025-04-16 09:45:00-04:00,SHORT,450.3,450.20994,44,absolute_qqq_points,0.75,0.0,0,0.90759675328718,0.0020183169215603094,0.90759675328718,2025-04-16 15:59:00-04:00,444.22,444.308844,FORCED_EOD,267.5199999999993,0.308,7.8717759999995,8.1797759999995,259.3402239999998,374,0.0
2025-04-17 09:34:00-04:00,SHORT,445.49,445.40090200000003,44,absolute_qqq_points,0.75,0.0,0,0.9209666542582227,0.002061761632603158,0.9209666542582227,2025-04-17 15:59:00-04:00,444.06,444.148812,FORCED_EOD,62.9200000000003,0.308,7.8280399999998735,8.136039999999873,54.78396000000043,385,0.0
2025-04-21 09:37:00-04:00,SHORT,437.3888,437.30132224,45,absolute_qqq_points,0.75,0.0,0,0.9582182744993588,0.0021842968747492024,0.9582182744993588,2025-04-21 13:09:00-04:00,429.01,429.095802,CONVERGENCE_NEXT_OPEN,377.04600000000056,0.315,7.79758920000063,8.11258920000063,368.93341079999993,212,0.0
2025-04-22 09:34:00-04:00,SHORT,438.31,438.22233800000004,45,absolute_qqq_points,0.75,0.0,0,1.0086150299694054,0.002303142123100477,1.0086150299694054,2025-04-22 12:26:00-04:00,447.22,447.30944400000004,CONVERGENCE_NEXT_OPEN,-400.9500000000011,0.315,7.96976999999913,8.28476999999913,-409.23477000000025,172,0.0
2025-04-22 15:13:00-04:00,SHORT,443.54,443.451292,45,absolute_qqq_points,0.75,0.0,0,0.873589986645527,0.0019948164926940817,0.873589986645527,2025-04-22 15:59:00-04:00,444.38,444.46887599999997,FORCED_EOD,-37.799999999998875,0.315,7.9912799999985396,8.306279999998539,-46.10627999999741,46,0.0
2025-04-23 09:35:00-04:00,SHORT,459.121,459.0291758,43,absolute_qqq_points,0.75,0.0,0,0.7862493657233358,0.001715241095406351,0.7862493657233358,2025-04-23 15:59:00-04:00,454.37,454.460874,FORCED_EOD,204.29299999999898,0.301,7.856022599997743,8.157022599997743,196.13597740000125,384,0.0
2025-04-24 10:00:00-04:00,LONG,460.77,460.862154,43,absolute_qqq_points,0.75,0.0,0,-0.8524699563295144,-0.0018682635085788615,-0.8524699563295144,2025-04-24 10:05:00-04:00,461.21,461.117758,CONVERGENCE_NEXT_OPEN,18.919999999999902,0.301,7.929027999999676,8.230027999999676,10.689972000000227,5,1.7763568394002505e-15
2025-04-24 10:36:00-04:00,LONG,463.1,463.19262000000003,43,absolute_qqq_points,0.75,0.0,0,-0.8651455366983782,-0.0018960431670613127,-0.8651455366983782,2025-04-24 12:23:00-04:00,464.78,464.68704399999996,CONVERGENCE_NEXT_OPEN,72.23999999999785,0.301,7.9797680000011155,8.280768000001116,63.95923199999673,107,0.0
2025-04-24 13:24:00-04:00,LONG,465.28,465.37305599999996,42,absolute_qqq_points,0.75,0.0,0,-0.773207952135806,-0.0016945537972249923,-0.773207952135806,2025-04-24 15:59:00-04:00,467.2,467.10656,FORCED_EOD,80.64000000000067,0.294,7.83283199999903,8.12683199999903,72.51316800000164,155,0.0
2025-04-25 09:37:00-04:00,LONG,468.23,468.323646,42,absolute_qqq_points,0.75,0.0,0,-1.0051602331768663,-0.0021510416083733415,-1.0051602331768663,2025-04-25 15:59:00-04:00,472.53,472.435494,FORCED_EOD,180.5999999999981,0.294,7.90238399999771,8.19638399999771,172.40361600000037,382,0.0
2025-04-28 09:33:00-04:00,SHORT,472.79,472.695442,42,absolute_qqq_points,0.75,0.0,0,1.136218305875616,0.0024000724654647,1.136218305875616,2025-04-28 15:59:00-04:00,472.45,472.54449,FORCED_EOD,14.280000000001337,0.294,7.940016000000583,8.234016000000583,6.045984000000755,386,-8.881784197001252e-16
2025-04-29 09:32:00-04:00,LONG,470.82,470.91416399999997,42,absolute_qqq_points,0.75,0.0,0,-0.9980455519933571,-0.0021223271211527196,-0.9980455519933571,2025-04-29 15:59:00-04:00,475.42,475.32491600000003,FORCED_EOD,193.20000000000095,0.294,7.948415999998474,8.242415999998475,184.95758400000247,387,0.0
2025-04-30 09:42:00-04:00,LONG,463.896,463.9887792,43,absolute_qqq_points,0.75,0.0,0,-0.7968734356809364,-0.0017114244140736218,-0.7968734356809364,2025-04-30 15:59:00-04:00,475.49,475.394902,FORCED_EOD,498.54199999999975,0.301,8.078719600000113,8.379719600000113,490.16228039999964,377,0.0
2025-05-01 09:33:00-04:00,LONG,482.83,482.926566,41,absolute_qqq_points,0.75,0.0,0,-0.9950798132427394,-0.0020593965380963806,-0.9950798132427394,2025-05-01 09:37:00-04:00,483.05,482.95339,CONVERGENCE_NEXT_OPEN,9.020000000001119,0.28700000000000003,7.920215999999755,8.207215999999756,0.8127840000013639,4,-7.771561172376096e-16
2025-05-01 09:40:00-04:00,SHORT,481.97,481.87360600000005,41,absolute_qqq_points,0.75,0.0,0,1.0415078074177018,0.0021554829516705594,1.0415078074177018,2025-05-01 09:45:00-04:00,482.56,482.65651199999996,CONVERGENCE_NEXT_OPEN,-24.189999999998975,0.28700000000000003,7.909145999997406,8.196145999997407,-32.38614599999638,5,0.0
2025-05-01 09:58:00-04:00,SHORT,482.3,482.20354000000003,41,absolute_qqq_points,0.75,0.0,0,0.7936505329909664,0.0016425226784307725,0.7936505329909664,2025-05-01 15:59:00-04:00,481.19,481.28623799999997,FORCED_EOD,45.51000000000056,0.28700000000000003,7.900617999997962,8.187617999997963,37.3223820000026,361,0.0
2025-05-02 09:35:00-04:00,SHORT,486.45,486.35271,41,absolute_qqq_points,0.75,0.0,0,0.7595551420816378,0.0015612804696484323,0.7595551420816378,2025-05-02 09:41:00-04:00,486.83,486.92736599999995,CONVERGENCE_NEXT_OPEN,-15.579999999999814,0.28700000000000003,7.98089599999804,8.267895999998041,-23.847895999997853,6,0.0
2025-05-02 09:44:00-04:00,SHORT,486.57,486.472686,41,absolute_qqq_points,0.75,0.0,0,0.8640997162347048,0.0017761738892170986,0.8640997162347048,2025-05-02 10:05:00-04:00,486.97,487.06739400000004,CONVERGENCE_NEXT_OPEN,-16.4000000000014,0.28700000000000003,7.983027999999649,8.27002799999965,-24.670028000001047,21,0.0
2025-05-02 10:53:00-04:00,SHORT,487.765,487.667447,41,absolute_qqq_points,0.75,0.0,0,0.7743402819069729,0.0015916716141110088,0.7743402819069729,2025-05-02 11:13:00-04:00,488.33,488.427666,CONVERGENCE_NEXT_OPEN,-23.164999999999907,0.28700000000000003,8.003979000000356,8.290979000000357,-31.455979000000262,20,0.0
2025-05-02 13:01:00-04:00,SHORT,489.9498,489.85181004,40,absolute_qqq_points,0.75,0.0,0,0.904938046978998,0.0018601178778384023,0.904938046978998,2025-05-02 15:59:00-04:00,488.86,488.957772,FORCED_EOD,43.591999999998734,0.28,7.83047839999881,8.11047839999881,35.48152159999992,178,0.0
2025-05-05 09:41:00-04:00,SHORT,484.51,484.413098,41,absolute_qqq_points,0.75,0.0,0,0.8003250218726521,0.0016501206611671017,0.8003250218726521,2025-05-05 15:59:00-04:00,485.95,486.04719,FORCED_EOD,-59.03999999999991,0.28700000000000003,7.957772000000489,8.24477200000049,-67.2847720000004,378,0.0
2025-05-06 09:36:00-04:00,LONG,480.51,480.60610199999996,41,absolute_qqq_points,0.75,0.0,0,-0.8543207995866737,-0.0017817280852294283,-0.8543207995866737,2025-05-06 15:59:00-04:00,481.42,481.32371600000005,FORCED_EOD,37.310000000001025,0.28700000000000003,7.887825999997631,8.174825999997632,29.135174000003396,383,0.0
2025-05-07 09:35:00-04:00,LONG,482.09,482.18641799999995,41,absolute_qqq_points,0.75,0.0,0,-0.7757134367595313,-0.0016115864279216277,-0.7757134367595313,2025-05-07 15:59:00-04:00,483.35,483.25333,FORCED_EOD,51.66000000000196,0.28700000000000003,7.916607999999542,8.203607999999543,43.45639200000242,384,0.0
2025-05-08 09:40:00-04:00,SHORT,487.06,486.96258800000004,41,absolute_qqq_points,0.75,0.0,0,0.8430216470728737,0.0017252054580432922,0.8430216470728737,2025-05-08 15:26:00-04:00,492.52,492.618504,CONVERGENCE_NEXT_OPEN,-223.85999999999916,0.28700000000000003,8.032555999998124,8.319555999998125,-232.1795559999973,346,0.0
2025-05-08 15:42:00-04:00,SHORT,490.85,490.75183000000004,40,absolute_qqq_points,0.75,0.0,0,0.8137306498963426,0.0016652627645480042,0.8137306498963426,2025-05-08 15:59:00-04:00,488.22,488.31764400000003,FORCED_EOD,105.19999999999982,0.28,7.832559999999376,8.112559999999375,97.08744000000044,17,0.0
2025-05-09 09:49:00-04:00,SHORT,490.64,490.541872,40,absolute_qqq_points,0.75,0.0,0,0.7841949627309077,0.0015977241406846614,0.7841949627309077,2025-05-09 14:22:00-04:00,487.6601,487.75763202,CONVERGENCE_NEXT_OPEN,119.19599999999946,0.28,7.8264007999996466,8.106400799999646,111.08959919999981,273,0.0
2025-05-12 09:32:00-04:00,SHORT,504.72,504.61905600000006,39,absolute_qqq_points,0.75,0.0,0,0.7840392059659393,0.0015503578220261343,0.7840392059659393,2025-05-12 09:34:00-04:00,504.78,504.88095599999997,CONVERGENCE_NEXT_OPEN,-2.339999999997872,0.273,7.874099999998691,8.14709999999869,-10.487099999996563,2,0.0
2025-05-12 09:37:00-04:00,SHORT,503.98,503.879204,39,absolute_qqq_points,0.75,0.0,0,1.2908195485305782,0.002552464428641812,1.2908195485305782,2025-05-12 10:24:00-04:00,504.745,504.845949,CONVERGENCE_NEXT_OPEN,-29.834999999999468,0.273,7.868055000000652,8.141055000000652,-37.97605500000012,47,7.105427357601002e-15
2025-05-12 11:07:00-04:00,SHORT,503.44,503.339312,39,absolute_qqq_points,0.75,0.0,0,0.8218655004545781,0.001625155473843105,0.8218655004545781,2025-05-12 11:38:00-04:00,504.2,504.30084,CONVERGENCE_NEXT_OPEN,-29.639999999999645,0.273,7.85959199999985,8.13259199999985,-37.7725919999995,31,7.105427357601002e-15
2025-05-12 13:52:00-04:00,LONG,507.0,507.1014,39,absolute_qqq_points,0.75,0.0,0,-0.7760334948333707,-0.0015345273421460259,-0.7760334948333707,2025-05-12 15:59:00-04:00,507.8,507.69844,FORCED_EOD,31.200000000000443,0.273,7.915440000000729,8.188440000000728,23.011559999999715,127,0.0
2025-05-13 09:35:00-04:00,LONG,510.0,510.102,39,absolute_qqq_points,0.75,0.0,0,-1.066397319671296,-0.0020966896436784973,-1.066397319671296,2025-05-13 15:59:00-04:00,515.58,515.476884,FORCED_EOD,217.6200000000016,0.273,7.999523999999042,8.272523999999041,209.34747600000256,384,0.0
2025-05-14 09:33:00-04:00,LONG,517.89,517.993578,38,absolute_qqq_points,0.75,0.0,0,-1.1109865858434205,-0.0021480377135852905,-1.1109865858434205,2025-05-14 15:59:00-04:00,518.7,518.59626,FORCED_EOD,30.780000000002246,0.266,7.87808399999949,8.14408399999949,22.63591600000276,386,0.0
2025-05-15 09:32:00-04:00,LONG,516.76,516.863352,38,absolute_qqq_points,0.75,0.0,0,-0.8198093146658039,-0.0015884083443111407,-0.8198093146658039,2025-05-15 09:54:00-04:00,516.4,516.2967199999999,CONVERGENCE_NEXT_OPEN,-13.680000000000518,0.266,7.8520160000005035,8.118016000000503,-21.79801600000102,22,0.0
2025-05-15 13:48:00-04:00,SHORT,521.09,520.9857820000001,38,absolute_qqq_points,0.75,0.0,0,0.759615726442803,0.0014717812261545414,0.759615726442803,2025-05-15 15:59:00-04:00,519.29,519.3938579999999,FORCED_EOD,68.40000000000259,0.266,7.906887999995888,8.172887999995888,60.227112000006706,131,-7.105427357601002e-15
2025-05-16 09:47:00-04:00,SHORT,519.85,519.74603,38,absolute_qqq_points,0.75,0.0,0,0.757747924968271,0.001457459800673523,0.757747924968271,2025-05-16 15:59:00-04:00,521.52,521.6243039999999,FORCED_EOD,-63.459999999998445,0.266,7.914411999998492,8.180411999998492,-71.64041199999694,372,1.4210854715202004e-14
2025-05-19 09:36:00-04:00,SHORT,515.5,515.3969,38,absolute_qqq_points,0.75,0.0,0,0.888469566604158,0.0017236106206067684,0.888469566604158,2025-05-19 09:39:00-04:00,516.57,516.673314,CONVERGENCE_NEXT_OPEN,-40.6600000000019,0.266,7.843731999999818,8.109731999999818,-48.76973200000172,3,0.0
2025-05-19 09:45:00-04:00,LONG,517.41,517.513482,38,absolute_qqq_points,0.75,0.0,0,-0.7999510149577418,-0.0015518866567553712,-0.7999510149577418,2025-05-19 09:50:00-04:00,518.13,518.026374,CONVERGENCE_NEXT_OPEN,27.360000000001037,0.266,7.870103999998037,8.136103999998037,19.223896000003002,5,0.0
2025-05-19 10:17:00-04:00,LONG,520.3,520.40406,38,absolute_qqq_points,0.75,0.0,0,-0.807948823007905,-0.0015674022212893261,-0.807948823007905,2025-05-19 10:31:00-04:00,518.7,518.59626,CONVERGENCE_NEXT_OPEN,-60.799999999996544,0.266,7.896400000000767,8.162400000000767,-68.96239999999732,14,1.4210854715202004e-14
2025-05-19 11:17:00-04:00,LONG,519.58,519.6839160000001,38,absolute_qqq_points,0.75,0.0,0,-0.7554225384080837,-0.001465502431583162,-0.7554225384080837,2025-05-19 15:59:00-04:00,522.03,521.9255939999999,FORCED_EOD,93.09999999999741,0.266,7.916236000002527,8.182236000002527,84.91776399999488,282,0.0
2025-05-20 09:33:00-04:00,SHORT,519.77,519.6660459999999,38,absolute_qqq_points,0.75,0.0,0,0.9018786888784689,0.0017345155182676496,0.9018786888784689,2025-05-20 15:59:00-04:00,520.24,520.344048,FORCED_EOD,-17.860000000001037,0.266,7.904076000002988,8.170076000002988,-26.030076000004023,386,0.0
2025-05-21 09:37:00-04:00,SHORT,517.395,517.291521,38,absolute_qqq_points,0.75,0.0,0,0.7897077585612351,0.001527865340532882,0.7897077585612351,2025-05-21 10:14:00-04:00,519.0,519.1038,CONVERGENCE_NEXT_OPEN,-60.99000000000069,0.266,7.876601999998911,8.142601999998911,-69.13260199999961,37,1.4210854715202004e-14
2025-05-21 12:10:00-04:00,LONG,522.61,522.714522,38,absolute_qqq_points,0.75,0.0,0,-0.7701256319968479,-0.0014899793603747376,-0.7701256319968479,2025-05-21 13:00:00-04:00,521.96,521.8556080000001,CONVERGENCE_NEXT_OPEN,-24.699999999999136,0.266,7.938731999997572,8.204731999997572,-32.904731999996706,50,0.0
2025-05-21 13:03:00-04:00,SHORT,521.41,521.305718,38,absolute_qqq_points,0.75,0.0,0,0.9581615851279821,0.0018537767429486745,0.9581615851279821,2025-05-21 15:59:00-04:00,513.05,513.15261,FORCED_EOD,317.6800000000005,0.266,7.8618960000014795,8.12789600000148,309.552103999999,176,0.0
2025-05-22 09:36:00-04:00,LONG,513.79,513.892758,38,absolute_qqq_points,0.75,0.0,0,-1.113827736591702,-0.0021675704211101786,-1.113827736591702,2025-05-22 15:59:00-04:00,514.02,513.917196,FORCED_EOD,8.740000000000691,0.266,7.811355999999478,8.077355999999478,0.6626440000012135,383,0.0
2025-05-23 09:33:00-04:00,LONG,506.87,506.97137399999997,39,absolute_qqq_points,0.75,0.0,0,-0.8800390466177532,-0.0017386921794284114,-0.8800390466177532,2025-05-23 15:59:00-04:00,509.2865,509.1846427,FORCED_EOD,94.24349999999941,0.273,7.926020699998844,8.199020699998844,86.04447930000057,386,0.0
2025-05-27 09:43:00-04:00,SHORT,515.19,515.0869620000001,38,absolute_qqq_points,0.75,0.0,0,0.9673902061473427,0.0018724285418509849,0.9673902061473427,2025-05-27 12:01:00-04:00,519.71,519.813942,CONVERGENCE_NEXT_OPEN,-171.7599999999993,0.266,7.865239999997357,8.131239999997357,-179.89123999999666,138,0.0
2025-05-27 13:08:00-04:00,SHORT,520.6901,520.5859619800001,38,absolute_qqq_points,0.75,0.0,0,0.8557101404574041,0.0016562666030337115,0.8557101404574041,2025-05-27 15:59:00-04:00,521.21,521.314242,FORCED_EOD,-19.756200000000263,0.266,7.918440759997566,8.184440759997566,-27.940640759997827,171,0.0
2025-05-28 09:45:00-04:00,SHORT,523.12,523.0153760000001,38,absolute_qqq_points,0.75,0.0,0,0.7957172985420584,0.0015234287382102718,0.7957172985420584,2025-05-28 14:24:00-04:00,521.6,521.70432,CONVERGENCE_NEXT_OPEN,57.75999999999931,0.266,7.9398719999990135,8.205871999999014,49.5541280000003,279,0.0
2025-05-29 09:34:00-04:00,LONG,524.8,524.90496,38,absolute_qqq_points,0.75,0.0,0,-1.5747073166697874,-0.0029952206730889195,-1.5747073166697874,2025-05-29 09:49:00-04:00,522.57,522.465486,CONVERGENCE_NEXT_OPEN,-84.73999999999637,0.266,7.960012000000006,8.226012000000006,-92.96601199999638,15,0.0
2025-05-29 10:35:00-04:00,LONG,520.49,520.594098,38,absolute_qqq_points,0.75,0.0,0,-0.8988604299046301,-0.0017097052343452521,-0.8988604299046301,2025-05-29 11:54:00-04:00,520.91,520.8058179999999,CONVERGENCE_NEXT_OPEN,15.959999999998445,0.266,7.914640000002237,8.180640000002237,7.779359999996208,79,0.0
2025-05-29 13:37:00-04:00,SHORT,519.88,519.776024,38,absolute_qqq_points,0.75,0.0,0,0.8260004123100089,0.001571119588218435,0.8260004123100089,2025-05-29 15:59:00-04:00,519.96,520.063992,FORCED_EOD,-3.0400000000015552,0.266,7.9027839999976095,8.16878399999761,-11.208783999999165,142,0.0
2025-05-30 09:39:00-04:00,SHORT,517.61,517.506478,38,absolute_qqq_points,0.75,0.0,0,1.1289411554679418,0.0021760623659751663,1.1289411554679418,2025-05-30 15:59:00-04:00,519.13,519.233826,FORCED_EOD,-57.75999999999931,0.266,7.8792240000009315,8.145224000000931,-65.90522400000025,380,1.4210854715202004e-14
2025-06-02 09:32:00-04:00,LONG,518.66,518.763732,38,absolute_qqq_points,0.75,0.0,0,-0.8089724104120251,-0.001560999556985286,-0.8089724104120251,2025-06-02 09:37:00-04:00,520.23,520.125954,CONVERGENCE_NEXT_OPEN,59.6600000000019,0.266,7.895564000002878,8.161564000002878,51.498435999999025,5,0.0
2025-06-02 10:00:00-04:00,LONG,517.73,517.833546,38,absolute_qqq_points,0.75,0.0,0,-0.7588910484682856,-0.0014643621651517415,-0.7588910484682856,2025-06-02 10:04:00-04:00,517.53,517.4264939999999,CONVERGENCE_NEXT_OPEN,-7.600000000001728,0.266,7.867975999999089,8.13397599999909,-15.733976000000817,4,0.0
2025-06-02 10:26:00-04:00,SHORT,519.08,518.9761840000001,38,absolute_qqq_points,0.75,0.0,0,0.922504706937616,0.0017800723736832893,0.922504706937616,2025-06-02 11:02:00-04:00,520.09,520.194018,CONVERGENCE_NEXT_OPEN,-38.379999999999654,0.266,7.897691999997505,8.163691999997505,-46.54369199999716,36,0.0
2025-06-02 13:49:00-04:00,SHORT,520.84,520.7358320000001,38,absolute_qqq_points,0.75,0.0,0,0.7962280722763353,0.0015364079813916139,0.7962280722763353,2025-06-02 15:59:00-04:00,523.21,523.314642,FORCED_EOD,-90.06000000000017,0.266,7.934779999998909,8.20077999999891,-98.26077999999909,130,0.0
2025-06-03 09:37:00-04:00,SHORT,523.33,523.2253340000001,38,absolute_qqq_points,0.75,0.0,0,1.1347934308528238,0.0021632831287583757,1.1347934308528238,2025-06-03 09:50:00-04:00,524.395,524.499879,CONVERGENCE_NEXT_OPEN,-40.46999999999775,0.266,7.962709999997514,8.228709999997514,-48.698709999995266,13,0.0
2025-06-03 09:59:00-04:00,LONG,524.755,524.859951,38,absolute_qqq_points,0.75,0.0,0,-0.7994573326903947,-0.001524024120118311,-0.7994573326903947,2025-06-03 10:49:00-04:00,525.6,525.4948800000001,CONVERGENCE_NEXT_OPEN,32.11000000000104,0.266,7.982697999998891,8.24869799999889,23.861302000002148,50,0.0
2025-06-03 13:02:00-04:00,SHORT,528.23,528.124354,37,absolute_qqq_points,0.75,0.0,0,0.7951679100118554,0.0015158470938328355,0.7951679100118554,2025-06-03 15:59:00-04:00,527.42,527.5254839999999,FORCED_EOD,29.970000000002187,0.259,7.81180999999674,8.07080999999674,21.899190000005447,177,0.0
2025-06-04 09:33:00-04:00,SHORT,528.38,528.274324,37,absolute_qqq_points,0.75,0.0,0,0.9321607966236343,0.001764219763846545,0.9321607966236343,2025-06-04 09:54:00-04:00,528.41,528.515682,CONVERGENCE_NEXT_OPEN,-1.1099999999989905,0.259,7.8202460000006795,8.07924600000068,-9.18924599999967,21,0.0
2025-06-04 10:06:00-04:00,LONG,527.2,527.3054400000001,37,absolute_qqq_points,0.75,0.0,0,-0.7817597874510511,-0.001479568838978435,-0.7817597874510511,2025-06-04 10:23:00-04:00,527.82,527.7144360000001,CONVERGENCE_NEXT_OPEN,22.94000000000017,0.259,7.8071480000000975,8.066148000000098,14.87385200000007,17,0.0
2025-06-04 10:53:00-04:00,SHORT,527.79,527.684442,37,absolute_qqq_points,0.75,0.0,0,0.8101102918961942,0.0015332253759604104,0.8101102918961942,2025-06-04 15:59:00-04:00,528.78,528.885756,FORCED_EOD,-36.63000000000034,0.259,7.818618000000583,8.077618000000584,-44.70761800000092,306,0.0
2025-06-05 09:57:00-04:00,SHORT,528.44,528.3343120000001,37,absolute_qqq_points,0.75,0.0,0,1.0517543753834389,0.0019819367504916845,1.0517543753834389,2025-06-05 11:08:00-04:00,531.15,531.25623,CONVERGENCE_NEXT_OPEN,-100.26999999999714,0.259,7.8409659999988435,8.099965999998844,-108.36996599999598,71,0.0
2025-06-05 11:33:00-04:00,LONG,532.59,532.696518,37,absolute_qqq_points,0.75,0.0,0,-0.8022997052062237,-0.0015118618071612508,-0.8022997052062237,2025-06-05 15:59:00-04:00,524.7,524.5950600000001,FORCED_EOD,-291.9299999999995,0.259,7.823945999995544,8.082945999995545,-300.01294599999505,266,0.0
2025-06-06 10:25:00-04:00,SHORT,530.79,530.683842,37,absolute_qqq_points,0.75,0.0,0,0.8397709854310733,0.0015849819478531868,0.8397709854310733,2025-06-06 14:33:00-04:00,531.48,531.5862960000001,CONVERGENCE_NEXT_OPEN,-25.53000000000202,0.259,7.860797999999249,8.11979799999925,-33.64979800000127,248,0.0
2025-06-09 09:34:00-04:00,LONG,530.05,530.1560099999999,37,absolute_qqq_points,0.75,0.0,0,-0.8193902896991858,-0.0015448971778975508,-0.8193902896991858,2025-06-09 09:43:00-04:00,530.03,529.923994,CONVERGENCE_NEXT_OPEN,-0.739999999999327,0.259,7.8445919999981015,8.103591999998102,-8.843591999997429,9,0.0
2025-06-09 10:13:00-04:00,LONG,531.315,531.4212630000001,37,absolute_qqq_points,0.75,0.0,0,-0.8857406018530583,-0.0016699955727499161,-0.8857406018530583,2025-06-09 10:18:00-04:00,531.51,531.403698,CONVERGENCE_NEXT_OPEN,7.214999999997644,0.259,7.8649050000014995,8.1239050000015,-0.9089050000038551,5,-3.3306690738754696e-16
2025-06-09 11:30:00-04:00,SHORT,530.81,530.7038379999999,37,absolute_qqq_points,0.75,0.0,0,0.8013303531090514,0.001510846560722846,0.8013303531090514,2025-06-09 15:59:00-04:00,530.68,530.7861359999999,FORCED_EOD,4.809999999999832,0.259,7.855026000001203,8.114026000001203,-3.3040260000013713,269,-4.440892098500626e-16
2025-06-10 09:42:00-04:00,SHORT,532.145,532.038571,37,absolute_qqq_points,0.75,0.0,0,0.7801658416613009,0.0014674287680193194,0.7801658416613009,2025-06-10 10:16:00-04:00,532.115,532.221423,CONVERGENCE_NEXT_OPEN,1.1099999999989905,0.259,7.875523999995721,8.134523999995722,-7.024523999996731,34,0.0
2025-06-10 10:40:00-04:00,SHORT,531.95,531.84361,37,absolute_qqq_points,0.75,0.0,0,0.7765856141436416,0.0014606946499961485,0.7765856141436416,2025-06-10 11:00:00-04:00,531.58,531.686316,CONVERGENCE_NEXT_OPEN,13.690000000000168,0.259,7.870122000000947,8.129122000000947,5.560877999999221,20,0.0
2025-06-10 11:12:00-04:00,SHORT,531.66,531.553668,37,absolute_qqq_points,0.75,0.0,0,0.7511754404914655,0.0014129001711475518,0.7511754404914655,2025-06-10 15:59:00-04:00,534.28,534.386856,FORCED_EOD,-96.94000000000017,0.259,7.887955999997985,8.146955999997985,-105.08695599999815,287,0.0
2025-06-11 09:36:00-04:00,LONG,534.405,534.511881,37,absolute_qqq_points,0.75,0.0,0,-1.1207773275017416,-0.0020926813068351865,-1.1207773275017416,2025-06-11 09:42:00-04:00,534.72,534.613056,CONVERGENCE_NEXT_OPEN,11.655000000002019,0.259,7.911525000001575,8.170525000001575,3.4844750000004443,6,-4.440892098500626e-16
2025-06-11 10:43:00-04:00,SHORT,536.07,535.962786,37,absolute_qqq_points,0.75,0.0,0,0.8821911905608886,0.0016472005350578814,0.8821911905608886,2025-06-11 15:59:00-04:00,532.45,532.55649,FORCED_EOD,133.94000000000017,0.259,7.907048000000259,8.16604800000026,125.77395199999991,316,1.4210854715202004e-14
2025-06-12 11:08:00-04:00,LONG,534.11,534.216822,37,absolute_qqq_points,0.75,0.0,0,-0.8223808345892394,-0.0015463227621405184,-0.8223808345892394,2025-06-12 15:59:00-04:00,533.66,533.553268,FORCED_EOD,-16.650000000001683,0.259,7.901497999997446,8.160497999997446,-24.81049799999913,291,0.0
2025-06-13 09:34:00-04:00,SHORT,529.5,529.3941,37,absolute_qqq_points,0.75,0.0,0,0.7559586817543504,0.001429928143610482,0.7559586817543504,2025-06-13 15:59:00-04:00,526.94,527.045388,FORCED_EOD,94.71999999999798,0.259,7.817655999998806,8.076655999998806,86.64334399999917,385,0.0
2025-06-16 09:33:00-04:00,SHORT,531.76,531.653648,37,absolute_qqq_points,0.75,0.0,0,0.9474582368868596,0.0017822430670733362,0.9474582368868596,2025-06-16 11:07:00-04:00,534.64,534.746928,CONVERGENCE_NEXT_OPEN,-106.55999999999983,0.259,7.89136000000201,8.15036000000201,-114.71036000000184,94,0.0
2025-06-16 12:12:00-04:00,LONG,534.29,534.396858,37,absolute_qqq_points,0.75,0.0,0,-0.783438620429024,-0.0014737093365983812,-0.783438620429024,2025-06-16 15:59:00-04:00,534.27,534.163146,FORCED_EOD,-0.739999999999327,0.259,7.907343999999512,8.166343999999512,-8.906343999998839,227,0.0
2025-06-17 11:40:00-04:00,LONG,532.34,532.446468,37,absolute_qqq_points,0.75,0.0,0,-0.835110963767761,-0.0015685191461020916,-0.835110963767761,2025-06-17 15:59:00-04:00,529.0,528.8942,FORCED_EOD,-123.58000000000118,0.259,7.853915999999799,8.1129159999998,-131.69291600000096,259,-2.842170943040401e-14
2025-06-18 09:35:00-04:00,SHORT,528.6,528.49428,37,absolute_qqq_points,0.75,0.0,0,0.9085734711893565,0.00171483961117605,0.9085734711893565,2025-06-18 09:59:00-04:00,530.45,530.55609,CONVERGENCE_NEXT_OPEN,-68.45000000000084,0.259,7.83697000000052,8.09597000000052,-76.54597000000136,24,0.0
2025-06-18 10:22:00-04:00,LONG,531.73,531.836346,37,absolute_qqq_points,0.75,0.0,0,-0.7779010472249865,-0.0014682087598381407,-0.7779010472249865,2025-06-18 15:59:00-04:00,528.96,528.8542080000001,FORCED_EOD,-102.48999999999933,0.259,7.849105999999324,8.108105999999324,-110.59810599999865,337,0.0
2025-06-20 09:36:00-04:00,LONG,532.84,532.9465680000001,37,absolute_qqq_points,0.75,0.0,0,-0.8268758400892011,-0.0015527601594103688,-0.8268758400892011,2025-06-20 15:59:00-04:00,526.71,526.6046580000001,FORCED_EOD,-226.80999999999983,0.259,7.840669999999591,8.099669999999591,-234.9096699999994,383,0.0
2025-06-23 09:35:00-04:00,SHORT,524.75,524.64505,38,absolute_qqq_points,0.75,0.0,0,1.0896981170302524,0.002070527878223591,1.0896981170302524,2025-06-23 12:22:00-04:00,527.66,527.765532,CONVERGENCE_NEXT_OPEN,-110.57999999999879,0.266,7.99831600000266,8.26431600000266,-118.84431600000146,167,0.0
2025-06-23 13:11:00-04:00,LONG,528.11,528.215622,37,absolute_qqq_points,0.75,0.0,0,-0.7638794699628306,-0.0014514421135929621,-0.7638794699628306,2025-06-23 15:00:00-04:00,530.76,530.653848,CONVERGENCE_NEXT_OPEN,98.04999999999916,0.259,7.835637999999676,8.094637999999676,89.95536199999948,109,0.0
2025-06-23 15:32:00-04:00,SHORT,531.02,530.913796,37,absolute_qqq_points,0.75,0.0,0,0.802548903643924,0.0015249176378878656,0.802548903643924,2025-06-23 15:59:00-04:00,531.7,531.80634,FORCED_EOD,-25.160000000002356,0.259,7.864127999995048,8.123127999995049,-33.283127999997404,27,0.0
2025-06-24 09:42:00-04:00,LONG,537.66,537.767532,37,absolute_qqq_points,0.75,0.0,0,-1.0340694688932217,-0.0019267178477606365,-1.0340694688932217,2025-06-24 09:55:00-04:00,537.178,537.0705644,CONVERGENCE_NEXT_OPEN,-17.833999999998923,0.259,7.953801200000839,8.21280120000084,-26.046801199999763,13,0.0
2025-06-24 12:39:00-04:00,LONG,539.58,539.687916,37,absolute_qqq_points,0.75,0.0,0,-0.770930543679242,-0.0014364273219290187,-0.770930543679242,2025-06-24 14:09:00-04:00,540.18,540.071964,CONVERGENCE_NEXT_OPEN,22.199999999996635,0.259,7.990223999996374,8.249223999996374,13.95077600000026,90,0.0
2025-06-24 14:44:00-04:00,SHORT,540.0848,539.97678304,37,absolute_qqq_points,0.75,0.0,0,0.7838240706415718,0.0014604510352926531,0.7838240706415718,2025-06-24 15:59:00-04:00,539.735,539.842947,FORCED_EOD,12.942599999998492,0.259,7.990666519998285,8.249666519998286,4.692933480000207,75,0.0
2025-06-25 09:32:00-04:00,LONG,542.55,542.65851,36,absolute_qqq_points,0.75,0.0,0,-0.845793948361802,-0.0015591246651706322,-0.845793948361802,2025-06-25 15:59:00-04:00,541.17,541.0617659999999,FORCED_EOD,-49.679999999999836,0.252,7.802784000002248,8.054784000002249,-57.73478400000209,387,0.0
2025-06-26 09:36:00-04:00,SHORT,543.0,542.8914,36,absolute_qqq_points,0.75,0.0,0,0.8803371610435988,0.0016199046113600422,0.8803371610435988,2025-06-26 10:03:00-04:00,543.57,543.678714,CONVERGENCE_NEXT_OPEN,-20.5200000000018,0.252,7.823303999999553,8.075303999999553,-28.595304000001352,27,0.0
2025-06-26 10:18:00-04:00,SHORT,543.59,543.4812820000001,36,absolute_qqq_points,0.75,0.0,0,0.8589104098995222,0.0015804773390368223,0.8589104098995222,2025-06-26 15:59:00-04:00,546.21,546.319242,FORCED_EOD,-94.32000000000016,0.252,7.846559999998135,8.098559999998136,-102.4185599999983,341,0.0
2025-06-27 09:33:00-04:00,LONG,547.11,547.219422,36,absolute_qqq_points,0.75,0.0,0,-0.9590290421691634,-0.001751939208580838,-0.9590290421691634,2025-06-27 09:39:00-04:00,547.95,547.84041,CONVERGENCE_NEXT_OPEN,30.240000000001146,0.252,7.884432000000743,8.136432000000744,22.103568000000404,6,0.0
2025-06-27 09:46:00-04:00,SHORT,548.0,547.8904,36,absolute_qqq_points,0.75,0.0,0,0.8199495951648714,0.0014978710567305775,0.8199495951648714,2025-06-27 15:55:00-04:00,547.84,547.949568,CONVERGENCE_NEXT_OPEN,5.759999999998854,0.252,7.890047999998842,8.142047999998843,-2.3820479999999877,369,0.0
2025-06-30 09:34:00-04:00,SHORT,550.2,550.08996,36,absolute_qqq_points,0.75,0.0,0,0.8396831256466157,0.0015234834270386613,0.8396831256466157,2025-06-30 15:03:00-04:00,550.87,550.980174,CONVERGENCE_NEXT_OPEN,-24.119999999998527,0.252,7.927704000001995,8.179704000001996,-32.299704000000524,329,7.105427357601002e-15
2025-06-30 15:12:00-04:00,LONG,551.05,551.1602099999999,36,absolute_qqq_points,0.75,0.0,0,-1.131250027760757,-0.0020524893456722254,-1.131250027760757,2025-06-30 15:59:00-04:00,551.64,551.529672,FORCED_EOD,21.240000000001146,0.252,7.939367999997103,8.191367999997103,13.048632000004043,47,1.7763568394002505e-15
2025-07-01 09:32:00-04:00,LONG,549.66,549.7699319999999,36,absolute_qqq_points,0.75,0.0,0,-0.7991032107997853,-0.0014535256737872124,-0.7991032107997853,2025-07-01 09:33:00-04:00,549.98,549.870004,CONVERGENCE_NEXT_OPEN,11.5200000000018,0.252,7.917407999999341,8.169407999999342,3.35059200000246,1,-8.881784197001252e-16
2025-07-01 09:39:00-04:00,LONG,549.92,550.0299839999999,36,absolute_qqq_points,0.75,0.0,0,-0.8451414648444597,-0.0015372667767210692,-0.8451414648444597,2025-07-01 09:42:00-04:00,549.74,549.630052,CONVERGENCE_NEXT_OPEN,-6.479999999998199,0.252,7.917551999998977,8.169551999998978,-14.649551999997177,3,1.7763568394002505e-15
2025-07-01 09:46:00-04:00,LONG,549.69,549.799938,36,absolute_qqq_points,0.75,0.0,0,-0.751608056017858,-0.001367134546930313,-0.751608056017858,2025-07-01 10:48:00-04:00,547.38,547.270524,CONVERGENCE_NEXT_OPEN,-83.16000000000213,0.252,7.898903999996946,8.150903999996947,-91.31090399999907,62,0.0
2025-07-01 11:02:00-04:00,LONG,547.15,547.25943,36,absolute_qqq_points,0.75,0.0,0,-0.8038141331571751,-0.0014620945876661342,-0.8038141331571751,2025-07-01 11:14:00-04:00,544.98,544.8710040000001,CONVERGENCE_NEXT_OPEN,-78.11999999999853,0.252,7.863335999996707,8.115335999996708,-86.23533599999523,12,0.0
2025-07-01 11:42:00-04:00,SHORT,545.51,545.400898,36,absolute_qqq_points,0.75,0.0,0,0.7996119505572779,0.0014544510439881211,0.7996119505572779,2025-07-01 13:04:00-04:00,547.6,547.70952,CONVERGENCE_NEXT_OPEN,-75.24000000000115,0.252,7.870391999999356,8.122391999999357,-83.3623920000005,82,0.0
2025-07-02 09:34:00-04:00,LONG,546.79,546.899358,36,absolute_qqq_points,0.75,0.0,0,-1.0641155694567033,-0.0019475385154500142,-1.0641155694567033,2025-07-02 15:59:00-04:00,550.81,550.699838,FORCED_EOD,144.71999999999935,0.252,7.90271999999959,8.15471999999959,136.56527999999975,385,0.0
2025-07-03 09:48:00-04:00,LONG,554.2,554.31084,36,absolute_qqq_points,0.75,0.0,0,-0.8797503999350056,-0.0015877391758290648,-0.8797503999350056,2025-07-03 12:59:00-04:00,556.16,556.048768,FORCED_EOD,70.55999999999722,0.252,7.994591999996828,8.246591999996829,62.313408000000386,191,7.105427357601002e-15
2025-07-07 09:32:00-04:00,LONG,553.83,553.940766,36,absolute_qqq_points,0.75,0.0,0,-1.1465324161085846,-0.0020689555653755705,-1.1465324161085846,2025-07-07 09:36:00-04:00,553.16,553.049368,CONVERGENCE_NEXT_OPEN,-24.12000000000262,0.252,7.970328000000791,8.222328000000791,-32.34232800000341,4,7.105427357601002e-15
2025-07-07 09:48:00-04:00,SHORT,553.27,553.159346,36,absolute_qqq_points,0.75,0.0,0,0.7648389628963059,0.0013801771381844697,0.7648389628963059,2025-07-07 15:59:00-04:00,552.06,552.1704119999999,FORCED_EOD,43.56000000000131,0.252,7.958375999998225,8.210375999998226,35.34962400000308,371,0.0
2025-07-08 09:33:00-04:00,SHORT,552.89,552.779422,36,absolute_qqq_points,0.75,0.0,0,0.9796019680145491,0.0017704076628614843,0.9796019680145491,2025-07-08 15:59:00-04:00,552.32,552.430464,FORCED_EOD,20.519999999997708,0.252,7.957512000000406,8.209512000000407,12.310487999997301,386,1.7763568394002505e-15
2025-07-09 09:33:00-04:00,LONG,555.29,555.4010579999999,36,absolute_qqq_points,0.75,0.0,0,-1.0879495698386563,-0.0019600046297143315,-1.0879495698386563,2025-07-09 12:39:00-04:00,554.58,554.4690840000001,CONVERGENCE_NEXT_OPEN,-25.559999999997217,0.252,7.99106399999755,8.24306399999755,-33.80306399999477,186,7.105427357601002e-15
2025-07-09 13:19:00-04:00,LONG,554.725,554.835945,36,absolute_qqq_points,0.75,0.0,0,-0.869148225874028,-0.0015658212419476548,-0.869148225874028,2025-07-09 15:59:00-04:00,556.26,556.148748,FORCED_EOD,55.259999999998854,0.252,7.999092000001838,8.251092000001838,47.008907999997014,160,0.0
2025-07-10 10:00:00-04:00,LONG,554.16,554.2708319999999,36,absolute_qqq_points,0.75,0.0,0,-0.7759254896055836,-0.0013928939245424648,-0.7759254896055836,2025-07-10 10:09:00-04:00,553.39,553.279322,CONVERGENCE_NEXT_OPEN,-27.719999999999345,0.252,7.974359999998796,8.226359999998797,-35.946359999998144,9,7.105427357601002e-15
2025-07-10 10:38:00-04:00,LONG,554.22,554.3308440000001,36,absolute_qqq_points,0.75,0.0,0,-0.8489408066818669,-0.001523966550608282,-0.8489408066818669,2025-07-10 15:59:00-04:00,555.47,555.358906,FORCED_EOD,45.0,0.252,7.989768000000822,8.241768000000823,36.758231999999175,321,0.0
2025-07-11 09:33:00-04:00,LONG,553.56,553.670712,36,absolute_qqq_points,0.75,0.0,0,-1.391490586559371,-0.0025120786152503564,-1.391490586559371,2025-07-11 15:59:00-04:00,554.21,554.0991580000001,FORCED_EOD,23.400000000003274,0.252,7.97594399999889,8.22794399999889,15.172056000004384,386,1.7763568394002505e-15
2025-07-14 09:33:00-04:00,SHORT,554.17,554.059166,36,absolute_qqq_points,0.75,0.0,0,0.7998751671761966,0.0014432709030444322,0.7998751671761966,2025-07-14 15:59:00-04:00,556.18,556.2912359999999,FORCED_EOD,-72.35999999999967,0.252,7.99451999999701,8.24651999999701,-80.60651999999668,386,0.0
2025-07-15 09:33:00-04:00,LONG,560.08,560.1920160000001,35,absolute_qqq_points,0.75,0.0,0,-1.2927214186072433,-0.0023067010788465642,-1.2927214186072433,2025-07-15 15:59:00-04:00,556.7,556.58866,FORCED_EOD,-118.29999999999984,0.245,7.817460000002825,8.062460000002824,-126.36246000000267,386,0.0
2025-07-16 10:02:00-04:00,LONG,555.06,555.1710119999999,36,absolute_qqq_points,0.75,0.0,0,-0.7657558374870632,-0.0013745022795780583,-0.7657558374870632,2025-07-16 10:52:00-04:00,556.07,555.958786,CONVERGENCE_NEXT_OPEN,36.360000000003765,0.252,8.000135999999202,8.252135999999203,28.107864000004565,50,-3.552713678800501e-15
2025-07-16 12:30:00-04:00,SHORT,555.14,555.028972,36,absolute_qqq_points,0.75,0.0,0,0.7626132681289164,0.0013688614884340526,0.7626132681289164,2025-07-16 15:59:00-04:00,557.34,557.451468,FORCED_EOD,-79.20000000000164,0.252,8.009855999999218,8.261855999999218,-87.46185600000085,209,0.0
2025-07-17 09:36:00-04:00,SHORT,557.8,557.68844,35,absolute_qqq_points,0.75,0.0,0,0.9143132192816665,0.0016382018549444574,0.9143132192816665,2025-07-17 09:53:00-04:00,559.28,559.391856,CONVERGENCE_NEXT_OPEN,-51.80000000000064,0.245,7.819559999997523,8.064559999997522,-59.86455999999816,17,0.0
2025-07-17 10:52:00-04:00,SHORT,560.105,559.992979,35,absolute_qqq_points,0.75,0.0,0,0.8858180452243687,0.00158714621447793,0.8858180452243687,2025-07-17 12:26:00-04:00,562.155,562.267431,CONVERGENCE_NEXT_OPEN,-71.74999999999841,0.245,7.855820000001472,8.100820000001471,-79.85081999999989,94,0.0
2025-07-17 14:52:00-04:00,SHORT,561.7375,561.6251525,35,absolute_qqq_points,0.75,0.0,0,0.759306622149893,0.0013604719812046265,0.759306622149893,2025-07-17 15:59:00-04:00,561.8,561.9123599999999,FORCED_EOD,-2.1875,0.245,7.8647624999968,8.1097624999968,-10.2972624999968,67,-1.7763568394002505e-15
2025-07-18 12:41:00-04:00,LONG,560.84,560.952168,35,absolute_qqq_points,0.75,0.0,0,-0.7960844730105237,-0.0014151606517057843,-0.7960844730105237,2025-07-18 15:59:00-04:00,561.26,561.147748,FORCED_EOD,14.699999999998568,0.245,7.854700000000321,8.09970000000032,6.600299999998247,198,8.881784197001252e-16
2025-07-21 09:42:00-04:00,LONG,563.97,564.082794,35,absolute_qqq_points,0.75,0.0,0,-0.9278989788199397,-0.0016490118692373654,-0.9278989788199397,2025-07-21 11:07:00-04:00,565.37,565.256926,CONVERGENCE_NEXT_OPEN,48.999999999999204,0.245,7.905379999999695,8.150379999999695,40.84961999999951,85,0.0
2025-07-22 09:35:00-04:00,SHORT,562.96,562.8474080000001,35,absolute_qqq_points,0.75,0.0,0,0.8674549837015775,0.0015389684982108987,0.8674549837015775,2025-07-22 15:59:00-04:00,561.29,561.402258,FORCED_EOD,58.45000000000255,0.245,7.869749999998135,8.114749999998134,50.335250000004415,384,0.0
2025-07-23 09:43:00-04:00,SHORT,561.18,561.067764,35,absolute_qqq_points,0.75,0.0,0,0.7573847939858069,0.0013490520358835714,0.7573847939858069,2025-07-23 15:59:00-04:00,563.83,563.942766,FORCED_EOD,-92.75000000000318,0.245,7.87506999999664,8.12006999999664,-100.87006999999983,376,0.0
2025-07-24 09:32:00-04:00,LONG,564.73,564.842946,35,absolute_qqq_points,0.75,0.0,0,-1.3656296091298827,-0.002414842416434364,-1.3656296091298827,2025-07-24 15:59:00-04:00,565.09,564.976982,FORCED_EOD,12.600000000000477,0.245,7.90873999999917,8.15373999999917,4.446260000001307,387,8.881784197001252e-16
2025-07-25 09:34:00-04:00,SHORT,565.17,565.056966,35,absolute_qqq_points,0.75,0.0,0,0.9031028097464286,0.0015988365225219027,0.9031028097464286,2025-07-25 10:34:00-04:00,565.91,566.0231819999999,CONVERGENCE_NEXT_OPEN,-25.90000000000032,0.245,7.917559999996797,8.162559999996796,-34.06255999999711,60,-7.105427357601002e-15
2025-07-25 11:12:00-04:00,SHORT,566.01,565.896798,35,absolute_qqq_points,0.75,0.0,0,0.7659585074229653,0.0013560387844969016,0.7659585074229653,2025-07-25 15:59:00-04:00,566.39,566.503278,FORCED_EOD,-13.29999999999984,0.245,7.926800000001322,8.171800000001321,-21.471800000001164,287,3.552713678800501e-15
2025-07-28 10:40:00-04:00,LONG,568.57,568.683714,35,absolute_qqq_points,0.75,0.0,0,-0.7536170161556583,-0.0013266036758126988,-0.7536170161556583,2025-07-28 11:18:00-04:00,568.04,567.926392,CONVERGENCE_NEXT_OPEN,-18.550000000003024,0.245,7.95626999999854,8.201269999998539,-26.751270000001565,38,0.0
2025-07-28 15:59:00-04:00,LONG,568.23,568.343646,35,absolute_qqq_points,0.75,0.0,0,-0.7569060274482808,-0.0013323933732014223,-0.7569060274482808,2025-07-28 15:59:00-04:00,568.2,568.08636,FORCED_EOD,-1.049999999999045,0.245,7.955010000001721,8.20001000000172,-9.250010000000765,0,-1.7763568394002505e-15
2025-07-29 09:33:00-04:00,SHORT,571.42,571.305716,35,absolute_qqq_points,0.75,0.0,0,1.1490735935523162,0.0020110849249212514,1.1490735935523162,2025-07-29 15:59:00-04:00,567.33,567.4434660000001,FORCED_EOD,143.14999999999714,0.245,7.971250000000509,8.216250000000509,134.93374999999662,386,0.0
2025-07-30 09:40:00-04:00,SHORT,568.29,568.176342,35,absolute_qqq_points,0.75,0.0,0,0.8543379228606227,0.0015047783758004635,0.8543379228606227,2025-07-30 10:27:00-04:00,568.68,568.793736,CONVERGENCE_NEXT_OPEN,-13.649999999999523,0.245,7.9587900000001355,8.203790000000135,-21.85378999999966,47,3.552713678800501e-15
2025-07-30 11:13:00-04:00,SHORT,568.13,568.016374,35,absolute_qqq_points,0.75,0.0,0,0.8244938889415607,0.0014522129263610916,0.8244938889415607,2025-07-30 15:31:00-04:00,566.4,566.51328,CONVERGENCE_NEXT_OPEN,60.55000000000064,0.245,7.941709999999489,8.186709999999488,52.36329000000115,258,0.0
2025-07-31 09:33:00-04:00,SHORT,572.45,572.3355100000001,34,absolute_qqq_points,0.75,0.0,0,0.9346771829403906,0.0016301324315507971,0.9346771829403906,2025-07-31 15:59:00-04:00,565.0,565.1129999999999,FORCED_EOD,253.30000000000155,0.23800000000000002,7.734659999995756,7.972659999995757,245.3273400000058,386,0.0
2025-08-01 09:32:00-04:00,LONG,558.7,558.81174,35,absolute_qqq_points,0.75,0.0,0,-1.5209394670242773,-0.0027271641868825292,-1.5209394670242773,2025-08-01 09:42:00-04:00,555.8,555.6888399999999,CONVERGENCE_NEXT_OPEN,-101.50000000000318,0.245,7.801499999999351,8.04649999999935,-109.54650000000254,10,0.0
2025-08-01 09:52:00-04:00,SHORT,554.47,554.359106,36,absolute_qqq_points,0.75,0.0,0,0.7941428671647373,0.0014239606726999116,0.7941428671647373,2025-08-01 09:58:00-04:00,553.87,553.980774,CONVERGENCE_NEXT_OPEN,21.60000000000082,0.252,7.9800480000008065,8.232048000000807,13.367952000000011,6,1.7763568394002505e-15
2025-08-01 10:04:00-04:00,SHORT,552.885,552.774423,36,absolute_qqq_points,0.75,0.0,0,0.9156444062093669,0.0016418224963410059,0.9156444062093669,2025-08-01 10:11:00-04:00,554.54,554.650908,CONVERGENCE_NEXT_OPEN,-59.57999999999902,0.252,7.973460000001069,8.22546000000107,-67.80546000000008,7,-1.4210854715202004e-14
2025-08-01 10:19:00-04:00,SHORT,555.36,555.248928,36,absolute_qqq_points,0.75,0.0,0,0.8851314610745931,0.0015871103838526902,0.8851314610745931,2025-08-01 15:59:00-04:00,553.85,553.96077,FORCED_EOD,54.35999999999967,0.252,7.986312000001362,8.238312000001363,46.12168799999831,340,0.0
2025-08-04 09:52:00-04:00,LONG,561.8,561.9123599999999,35,absolute_qqq_points,0.75,0.0,0,-0.9980855887872622,-0.0017848454735109147,-0.9980855887872622,2025-08-04 11:11:00-04:00,561.7,561.58766,CONVERGENCE_NEXT_OPEN,-3.4999999999968168,0.245,7.8644999999994525,8.109499999999452,-11.609499999996268,79,-1.7763568394002505e-15
2025-08-04 12:47:00-04:00,SHORT,563.33,563.217334,35,absolute_qqq_points,0.75,0.0,0,0.7626174957114245,0.001363765192617149,0.7626174957114245,2025-08-04 15:59:00-04:00,564.1,564.21282,FORCED_EOD,-26.949999999999363,0.245,7.89200999999764,8.13700999999764,-35.087009999997,192,-7.105427357601002e-15
2025-08-05 10:13:00-04:00,LONG,564.55,564.6629099999999,35,absolute_qqq_points,0.75,0.0,0,-0.8360508244267066,-0.0014814140343516844,-0.8360508244267066,2025-08-05 15:59:00-04:00,560.19,560.0779620000001,FORCED_EOD,-152.5999999999965,0.245,7.873179999997433,8.118179999997432,-160.71817999999394,346,0.0
2025-08-06 09:35:00-04:00,LONG,562.34,562.4524680000001,35,absolute_qqq_points,0.75,0.0,0,-0.806408490580452,-0.0014373458052551894,-0.806408490580452,2025-08-06 15:59:00-04:00,567.32,567.206536,FORCED_EOD,174.30000000000064,0.245,7.907620000001998,8.152620000001997,166.14737999999863,384,0.0
2025-08-07 09:35:00-04:00,LONG,571.96,572.074392,34,absolute_qqq_points,0.75,0.0,0,-0.9437868427212379,-0.0016518251937854634,-0.9437868427212379,2025-08-07 15:59:00-04:00,569.2599,569.1460480200001,FORCED_EOD,-91.80340000000069,0.23800000000000002,7.760295319996203,7.9982953199962035,-99.8016953199969,384,0.0
2025-08-08 09:33:00-04:00,SHORT,570.67,570.5558659999999,35,absolute_qqq_points,0.75,0.0,0,1.0046551511528605,0.0017596201964319336,1.0046551511528605,2025-08-08 11:03:00-04:00,573.15,573.26463,CONVERGENCE_NEXT_OPEN,-86.80000000000064,0.245,8.006740000002424,8.251740000002423,-95.05174000000306,90,0.0
2025-08-08 11:23:00-04:00,LONG,573.31,573.4246619999999,34,absolute_qqq_points,0.75,0.0,0,-0.7954514668742831,-0.001393206877790285,-0.7954514668742831,2025-08-08 15:59:00-04:00,574.55,574.43509,FORCED_EOD,42.16000000000031,0.23800000000000002,7.805447999998705,8.043447999998705,34.116552000001604,276,0.0
2025-08-11 09:33:00-04:00,SHORT,574.23,574.1151540000001,34,absolute_qqq_points,0.75,0.0,0,1.0571424583091584,0.001839119530677398,1.0571424583091584,2025-08-11 10:28:00-04:00,575.64,575.755128,CONVERGENCE_NEXT_OPEN,-47.93999999999892,0.23800000000000002,7.819115999998985,8.057115999998985,-55.9971159999979,55,0.0
2025-08-11 10:38:00-04:00,LONG,575.52,575.635104,34,absolute_qqq_points,0.75,0.0,0,-0.7846872560047586,-0.0013651269482642943,-0.7846872560047586,2025-08-11 15:59:00-04:00,572.76,572.645448,FORCED_EOD,-93.83999999999969,0.23800000000000002,7.808303999999225,8.046303999999225,-101.88630399999892,321,0.0
2025-08-12 09:33:00-04:00,SHORT,574.94,574.825012,34,absolute_qqq_points,0.75,0.0,0,0.7611717600985912,0.00132308666799687,0.7611717600985912,2025-08-12 15:59:00-04:00,580.02,580.136004,FORCED_EOD,-172.71999999999753,0.23800000000000002,7.853728000000501,8.0917280000005,-180.81172799999803,386,0.0
2025-08-13 09:33:00-04:00,LONG,583.11,583.226622,34,absolute_qqq_points,0.75,0.0,0,-1.0354742487980957,-0.001777851842793245,-1.0354742487980957,2025-08-13 09:46:00-04:00,582.44,582.323512,CONVERGENCE_NEXT_OPEN,-22.77999999999861,0.23800000000000002,7.92574000000036,8.16374000000036,-30.943739999998968,13,0.0
2025-08-13 09:54:00-04:00,LONG,583.01,583.1266019999999,34,absolute_qqq_points,0.75,0.0,0,-0.8725399559406242,-0.0014981027006517574,-0.8725399559406242,2025-08-13 13:14:00-04:00,579.3751,579.25922498,CONVERGENCE_NEXT_OPEN,-123.58660000000054,0.23800000000000002,7.904218679997257,8.142218679997256,-131.7288186799978,200,0.0
2025-08-13 13:45:00-04:00,LONG,579.41,579.5258819999999,34,absolute_qqq_points,0.75,0.0,0,-0.7621724230820064,-0.001308607769314696,-0.7621724230820064,2025-08-13 15:54:00-04:00,580.24,580.123952,CONVERGENCE_NEXT_OPEN,28.22000000000139,0.23800000000000002,7.885619999997289,8.123619999997288,20.096380000004103,129,0.0
2025-08-14 09:32:00-04:00,LONG,578.57,578.6857140000001,34,absolute_qqq_points,0.75,0.0,0,-0.9510214912960464,-0.0016452520436232255,-0.9510214912960464,2025-08-14 09:34:00-04:00,578.57,578.454286,CONVERGENCE_NEXT_OPEN,0.0,0.23800000000000002,7.868552000001728,8.106552000001727,-8.106552000001727,2,0.0
2025-08-14 09:45:00-04:00,LONG,579.89,580.005978,34,absolute_qqq_points,0.75,0.0,0,-1.1257745100805323,-0.0019475719847769496,-1.1257745100805323,2025-08-14 09:54:00-04:00,580.11,579.993978,CONVERGENCE_NEXT_OPEN,7.480000000000928,0.23800000000000002,7.888000000002876,8.126000000002875,-0.6460000000019481,9,-4.440892098500626e-16
2025-08-14 10:14:00-04:00,SHORT,579.59,579.4740820000001,34,absolute_qqq_points,0.75,0.0,0,0.8415283729593739,0.0014558306915775083,0.8415283729593739,2025-08-14 12:16:00-04:00,578.73,578.845746,CONVERGENCE_NEXT_OPEN,29.240000000000464,0.23800000000000002,7.8765759999969305,8.11457599999693,21.125424000003534,122,0.0
2025-08-14 12:26:00-04:00,LONG,579.4,579.5158799999999,34,absolute_qqq_points,0.75,0.0,0,-0.7616174303832395,-0.0013175860327714795,-0.7616174303832395,2025-08-14 15:59:00-04:00,579.86,579.7440280000001,FORCED_EOD,15.640000000001237,0.23800000000000002,7.882967999996254,8.120967999996253,7.519032000004983,213,8.881784197001252e-16
2025-08-15 09:47:00-04:00,SHORT,577.55,577.43449,34,absolute_qqq_points,0.75,0.0,0,0.7935562172133359,0.0013713924085601609,0.7935562172133359,2025-08-15 15:59:00-04:00,577.23,577.345446,FORCED_EOD,10.879999999997835,0.23800000000000002,7.852503999999726,8.090503999999726,2.7894959999981093,372,4.440892098500626e-16
2025-08-18 10:02:00-04:00,LONG,576.29,576.405258,34,absolute_qqq_points,0.75,0.0,0,-0.7699604312376778,-0.001333911560995161,-0.7699604312376778,2025-08-18 10:15:00-04:00,576.55,576.4346899999999,CONVERGENCE_NEXT_OPEN,8.83999999999969,0.23800000000000002,7.83931200000211,8.07731200000211,0.7626879999975809,13,4.440892098500626e-16
2025-08-18 10:36:00-04:00,SHORT,576.835,576.719633,34,absolute_qqq_points,0.75,0.0,0,0.7825347151627966,0.0013556957748567344,0.7825347151627966,2025-08-18 15:59:00-04:00,577.1,577.21542,FORCED_EOD,-9.009999999999536,0.23800000000000002,7.846757999998772,8.084757999998772,-17.094757999998308,323,0.0
2025-08-19 10:27:00-04:00,SHORT,574.1951,574.08026098,34,absolute_qqq_points,0.75,0.0,0,0.8510117801363322,0.00147693818142354,0.8510117801363322,2025-08-19 13:54:00-04:00,569.865,569.978973,CONVERGENCE_NEXT_OPEN,147.22340000000054,0.23800000000000002,7.779608679998773,8.017608679998773,139.20579132000177,207,0.0
2025-08-19 14:23:00-04:00,SHORT,569.36,569.246128,35,absolute_qqq_points,0.75,0.0,0,0.7679323863420677,0.0013327531869872702,0.7679323863420677,2025-08-19 15:59:00-04:00,569.28,569.3938559999999,FORCED_EOD,2.8000000000014325,0.245,7.970479999998474,8.215479999998474,-5.415479999997042,96,0.0
2025-08-20 09:35:00-04:00,SHORT,566.98,566.866604,35,absolute_qqq_points,0.75,0.0,0,0.8764476453071666,0.0015448639157229216,0.8764476453071666,2025-08-20 15:59:00-04:00,565.85,565.96317,FORCED_EOD,39.54999999999984,0.245,7.929809999997701,8.1748099999977,31.37519000000214,384,3.552713678800501e-15
2025-08-21 09:40:00-04:00,LONG,564.76,564.8729519999999,35,absolute_qqq_points,0.75,0.0,0,-0.9044194944625588,-0.001606685783628669,-0.9044194944625588,2025-08-21 09:59:00-04:00,562.86,562.747428,CONVERGENCE_NEXT_OPEN,-66.4999999999992,0.245,7.893339999998261,8.13833999999826,-74.63833999999747,19,0.0
2025-08-21 11:58:00-04:00,LONG,563.045,563.157609,35,absolute_qqq_points,0.75,0.0,0,-0.7696583164391768,-0.0013672848527103696,-0.7696583164391768,2025-08-21 14:06:00-04:00,563.33,563.217334,CONVERGENCE_NEXT_OPEN,9.975000000002865,0.245,7.884625000000369,8.129625000000368,1.8453750000024955,128,8.881784197001252e-16
2025-08-22 09:40:00-04:00,LONG,564.97,565.082994,35,absolute_qqq_points,0.75,0.0,0,-0.9979249967068426,-0.0017713806388574447,-0.9979249967068426,2025-08-22 10:03:00-04:00,570.39,570.275922,CONVERGENCE_NEXT_OPEN,189.69999999999857,0.245,7.947519999996757,8.192519999996756,181.5074800000018,23,0.0
2025-08-22 10:38:00-04:00,LONG,572.875,572.989575,34,absolute_qqq_points,0.75,0.0,0,-0.7966869879371643,-0.001414170313719612,-0.7966869879371643,2025-08-22 15:59:00-04:00,571.99,571.8756020000001,FORCED_EOD,-30.08999999999969,0.23800000000000002,7.7850819999960095,8.023081999996009,-38.1130819999957,321,0.0
2025-08-25 09:33:00-04:00,LONG,569.66,569.773932,35,absolute_qqq_points,0.75,0.0,0,-0.7842262632890424,-0.0013748345735805924,-0.7842262632890424,2025-08-25 09:36:00-04:00,570.19,570.0759620000001,CONVERGENCE_NEXT_OPEN,18.550000000003024,0.245,7.978949999996985,8.223949999996984,10.32605000000604,3,-1.7763568394002505e-15
2025-08-25 09:47:00-04:00,LONG,569.71,569.823942,35,absolute_qqq_points,0.75,0.0,0,-0.8901253701210408,-0.0015604873120816578,-0.8901253701210408,2025-08-25 15:59:00-04:00,570.35,570.23593,FORCED_EOD,22.399999999999523,0.245,7.9804199999972525,8.225419999997252,14.17458000000227,372,-1.7763568394002505e-15
2025-08-26 09:40:00-04:00,SHORT,570.16,570.045968,35,absolute_qqq_points,0.75,0.0,0,0.9629398410428394,0.0016899314526647665,0.9629398410428394,2025-08-26 10:46:00-04:00,571.39,571.504278,CONVERGENCE_NEXT_OPEN,-43.05000000000064,0.245,7.9908499999987725,8.235849999998772,-51.28584999999941,66,0.0
2025-08-27 09:33:00-04:00,SHORT,571.98,571.8656040000001,34,absolute_qqq_points,0.75,0.0,0,0.8035321679591334,0.0014061531708650008,0.8035321679591334,2025-08-27 09:40:00-04:00,571.92,572.0343839999999,CONVERGENCE_NEXT_OPEN,2.04000000000201,0.23800000000000002,7.7785199999971155,8.016519999997115,-5.976519999995106,7,8.881784197001252e-16
2025-08-27 09:45:00-04:00,SHORT,571.23,571.115754,35,absolute_qqq_points,0.75,0.0,0,0.9934293071338516,0.0017384665181539556,0.9934293071338516,2025-08-27 10:31:00-04:00,573.16,573.274632,CONVERGENCE_NEXT_OPEN,-67.54999999999825,0.245,8.010730000000308,8.255730000000307,-75.80572999999856,46,0.0
2025-08-27 10:55:00-04:00,LONG,573.075,573.189615,34,absolute_qqq_points,0.75,0.0,0,-0.7905630849483032,-0.0013834577295048162,-0.7905630849483032,2025-08-27 15:59:00-04:00,573.54,573.425292,FORCED_EOD,15.809999999997217,0.23800000000000002,7.796981999996888,8.034981999996887,7.775018000000329,304,8.881784197001252e-16
2025-08-28 09:33:00-04:00,SHORT,575.87,575.754826,34,absolute_qqq_points,0.75,0.0,0,0.8016409729625593,0.0013925114177364669,0.8016409729625593,2025-08-28 15:59:00-04:00,577.07,577.185414,FORCED_EOD,-40.800000000001546,0.23800000000000002,7.839992000000393,8.077992000000393,-48.87799200000194,386,0.0
2025-08-29 09:33:00-04:00,SHORT,574.4,574.28512,34,absolute_qqq_points,0.75,0.0,0,0.8786177655317715,0.0015291212264950337,0.8786177655317715,2025-08-29 10:15:00-04:00,569.99,570.103998,CONVERGENCE_NEXT_OPEN,149.93999999999892,0.23800000000000002,7.781852000000299,8.019852000000299,141.92014799999862,42,0.0
2025-08-29 11:27:00-04:00,LONG,570.88,570.994176,35,absolute_qqq_points,0.75,0.0,0,-0.821535820671329,-0.001429777442474297,-0.821535820671329,2025-08-29 11:43:00-04:00,570.07,569.955986,CONVERGENCE_NEXT_OPEN,-28.34999999999809,0.245,7.9866500000014184,8.231650000001418,-36.581649999999506,16,-7.105427357601002e-15
2025-09-02 09:40:00-04:00,LONG,562.12,562.232424,35,absolute_qqq_points,0.75,0.0,0,-0.8850208426596282,-0.0015796891435243769,-0.8850208426596282,2025-09-02 10:08:00-04:00,564.37,564.257126,CONVERGENCE_NEXT_OPEN,78.75,0.245,7.885430000002316,8.130430000002315,70.61956999999768,28,0.0
2025-09-02 10:43:00-04:00,SHORT,563.45,563.33731,35,absolute_qqq_points,0.75,0.0,0,0.8049615119552982,0.0014367898473097926,0.8049615119552982,2025-09-02 15:59:00-04:00,565.62,565.733124,FORCED_EOD,-75.94999999999857,0.245,7.903490000000488,8.148490000000487,-84.09848999999906,316,0.0
2025-09-03 09:38:00-04:00,SHORT,568.24,568.126352,35,absolute_qqq_points,0.75,0.0,0,0.8078716720505099,0.0014198345701164124,0.8078716720505099,2025-09-03 09:50:00-04:00,568.82,568.933764,CONVERGENCE_NEXT_OPEN,-20.300000000001432,0.245,7.959419999998545,8.204419999998544,-28.50441999999998,12,0.0
2025-09-03 09:54:00-04:00,LONG,568.77,568.883754,35,absolute_qqq_points,0.75,0.0,0,-0.9943917781213258,-0.0017476436811216,-0.9943917781213258,2025-09-03 10:12:00-04:00,569.48,569.3661040000001,CONVERGENCE_NEXT_OPEN,24.850000000001273,0.245,7.967749999997409,8.212749999997408,16.637250000003863,18,0.0
2025-09-03 10:21:00-04:00,LONG,569.91,570.0239819999999,35,absolute_qqq_points,0.75,0.0,0,-0.7659818481911316,-0.0013462131991618768,-0.7659818481911316,2025-09-03 10:57:00-04:00,571.21,571.095758,CONVERGENCE_NEXT_OPEN,45.50000000000239,0.245,7.987839999998414,8.232839999998413,37.267160000003976,36,0.0
2025-09-03 11:03:00-04:00,SHORT,571.3,571.18574,35,absolute_qqq_points,0.75,0.0,0,0.8421259927329174,0.001480036543230744,0.8421259927329174,2025-09-03 11:47:00-04:00,569.14,569.253828,CONVERGENCE_NEXT_OPEN,75.59999999999889,0.245,7.983079999998495,8.228079999998494,67.37192000000039,44,0.0
2025-09-04 09:34:00-04:00,LONG,571.75,571.86435,34,absolute_qqq_points,0.75,0.0,0,-0.7855191571964042,-0.0013769683895672323,-0.7855191571964042,2025-09-04 10:47:00-04:00,571.405,571.290719,CONVERGENCE_NEXT_OPEN,-11.730000000000928,0.23800000000000002,7.77345399999831,8.01145399999831,-19.741453999999237,73,0.0
2025-09-04 11:38:00-04:00,SHORT,571.77,571.655646,34,absolute_qqq_points,0.75,0.0,0,0.8502325032980025,0.0014904070385786383,0.8502325032980025,2025-09-04 15:59:00-04:00,575.27,575.385054,FORCED_EOD,-119.0,0.23800000000000002,7.799871999997322,8.037871999997321,-127.03787199999732,261,0.0
2025-09-05 09:32:00-04:00,SHORT,580.44,580.3239120000001,34,absolute_qqq_points,0.75,0.0,0,0.9706376736737639,0.0016736286531377333,0.9706376736737639,2025-09-05 11:16:00-04:00,573.58,573.6947160000001,CONVERGENCE_NEXT_OPEN,233.24000000000046,0.23800000000000002,7.847336000001178,8.085336000001178,225.1546639999993,104,0.0
2025-09-05 12:57:00-04:00,SHORT,574.64,574.525072,34,absolute_qqq_points,0.75,0.0,0,0.7544660271131534,0.0013008932117959445,0.7544660271131534,2025-09-05 15:59:00-04:00,576.03,576.1452059999999,FORCED_EOD,-47.259999999999536,0.23800000000000002,7.824555999996846,8.062555999996846,-55.32255599999638,182,0.0
2025-09-08 09:33:00-04:00,LONG,578.54,578.655708,34,absolute_qqq_points,0.75,0.0,0,-0.832037190368851,-0.0014383893635320395,-0.832037190368851,2025-09-08 15:59:00-04:00,578.82,578.704236,FORCED_EOD,9.520000000002938,0.23800000000000002,7.870048000001816,8.108048000001816,1.4119520000011216,386,4.440892098500626e-16
2025-09-09 10:12:00-04:00,SHORT,579.95,579.83401,34,absolute_qqq_points,0.75,0.0,0,0.8003095258026178,0.0013811298895568512,0.8003095258026178,2025-09-09 13:13:00-04:00,580.1,580.21602,CONVERGENCE_NEXT_OPEN,-5.099999999999227,0.23800000000000002,7.888339999998152,8.126339999998152,-13.226339999997379,181,0.0
2025-09-09 13:38:00-04:00,SHORT,579.7,579.58406,34,absolute_qqq_points,0.75,0.0,0,0.7713903631143921,0.0013312227990101685,0.7713903631143921,2025-09-09 15:59:00-04:00,580.47,580.586094,FORCED_EOD,-26.17999999999938,0.23800000000000002,7.889155999999957,8.127155999999957,-34.30715599999934,141,0.0
2025-09-10 09:33:00-04:00,SHORT,582.24,582.123552,34,absolute_qqq_points,0.75,0.0,0,1.0410918395185718,0.0017876197041821547,1.0410918395185718,2025-09-10 15:59:00-04:00,580.7,580.81614,FORCED_EOD,52.35999999999876,0.23800000000000002,7.907991999998785,8.145991999998785,44.21400799999998,386,0.0
2025-09-11 09:38:00-04:00,SHORT,582.54,582.423492,34,absolute_qqq_points,0.75,0.0,0,0.8182399870063364,0.0014027190831553621,0.8182399870063364,2025-09-11 15:59:00-04:00,584.09,584.206818,FORCED_EOD,-52.70000000000232,0.23800000000000002,7.9330839999972795,8.171083999997279,-60.8710839999996,381,0.0
2025-09-12 09:39:00-04:00,SHORT,584.2013,584.0844597399999,34,absolute_qqq_points,0.75,0.0,0,0.8294228281065443,0.00141735646218576,0.8294228281065443,2025-09-12 09:46:00-04:00,584.83,584.946966,CONVERGENCE_NEXT_OPEN,-21.37580000000321,0.23800000000000002,7.949412839997876,8.187412839997876,-29.563212840001086,7,0.0
2025-09-12 09:48:00-04:00,LONG,584.83,584.946966,34,absolute_qqq_points,0.75,0.0,0,-0.7521239180008479,-0.0012852644747874536,-0.7521239180008479,2025-09-12 09:53:00-04:00,584.62,584.503076,CONVERGENCE_NEXT_OPEN,-7.140000000001237,0.23800000000000002,7.952259999999114,8.190259999999114,-15.33026000000035,5,0.0
2025-09-12 09:58:00-04:00,LONG,585.04,585.1570079999999,34,absolute_qqq_points,0.75,0.0,0,-0.7641341602530929,-0.0013057881376186385,-0.7641341602530929,2025-09-12 15:59:00-04:00,586.66,586.5426679999999,FORCED_EOD,55.080000000000155,0.23800000000000002,7.967559999999139,8.205559999999139,46.874440000001016,361,0.0
2025-09-15 09:45:00-04:00,SHORT,589.07,588.9521860000001,33,absolute_qqq_points,0.75,0.0,0,0.9436234565588393,0.0016028391367015043,0.9436234565588393,2025-09-15 10:57:00-04:00,590.36,590.478072,CONVERGENCE_NEXT_OPEN,-42.5699999999988,0.231,7.784237999997913,8.015237999997913,-50.585237999996714,72,0.0
2025-09-15 11:11:00-04:00,LONG,590.18,590.2980359999999,33,absolute_qqq_points,0.75,0.0,0,-0.7958631177785946,-0.0013518533730441339,-0.7958631177785946,2025-09-15 15:59:00-04:00,591.7,591.58166,FORCED_EOD,50.16000000000315,0.231,7.800407999998356,8.031407999998356,42.128592000004794,288,0.0
2025-09-16 09:49:00-04:00,LONG,591.87,591.988374,33,absolute_qqq_points,0.75,0.0,0,-0.8338783204044375,-0.0014073658172933684,-0.8338783204044375,2025-09-16 14:16:00-04:00,591.21,591.091758,CONVERGENCE_NEXT_OPEN,-21.77999999999895,0.231,7.80832800000087,8.03932800000087,-29.81932799999982,267,0.0
2025-09-16 15:30:00-04:00,SHORT,591.475,591.356705,33,absolute_qqq_points,0.75,0.0,0,0.7627319922173683,0.001287289652862014,0.7627319922173683,2025-09-16 15:59:00-04:00,591.17,591.288234,FORCED_EOD,10.065000000002101,0.231,7.805457000000615,8.036457000000615,2.028543000001486,29,0.0
2025-09-17 09:33:00-04:00,SHORT,591.02,590.901796,33,absolute_qqq_points,0.75,0.0,0,0.7934855345800997,0.0013418204694007224,0.7934855345800997,2025-09-17 15:59:00-04:00,589.93,590.0479859999999,FORCED_EOD,35.97000000000105,0.231,7.794269999998846,8.025269999998846,27.944730000002203,386,0.0
2025-09-18 09:34:00-04:00,SHORT,595.31,595.190938,33,absolute_qqq_points,0.75,0.0,0,1.2394337296778986,0.0020852898525798363,1.2394337296778986,2025-09-18 15:59:00-04:00,595.38,595.499076,FORCED_EOD,-2.3100000000016507,0.231,7.858553999997866,8.089553999997866,-10.399553999999517,385,0.0
2025-09-19 09:36:00-04:00,LONG,596.76,596.8793519999999,33,absolute_qqq_points,0.75,0.0,0,-0.9603204541466539,-0.0016077152182193046,-0.9603204541466539,2025-09-19 09:42:00-04:00,597.27,597.150546,CONVERGENCE_NEXT_OPEN,16.8299999999997,0.231,7.880597999998486,8.111597999998486,8.718402000001214,6,-1.7763568394002505e-15
2025-09-19 09:50:00-04:00,LONG,597.88,597.9995759999999,33,absolute_qqq_points,0.75,0.0,0,-0.8274976532188703,-0.00138535065495688,-0.8274976532188703,2025-09-19 15:59:00-04:00,599.45,599.3301100000001,FORCED_EOD,51.81000000000165,0.231,7.90237799999602,8.13337799999602,43.67662200000563,369,0.0
2025-09-22 10:09:00-04:00,SHORT,599.33,599.210134,33,absolute_qqq_points,0.75,0.0,0,0.9563212436661388,0.0015989587581570308,0.9563212436661388,2025-09-22 10:24:00-04:00,599.53,599.649906,CONVERGENCE_NEXT_OPEN,-6.599999999997749,0.231,7.912476000000538,8.143476000000538,-14.743475999998287,15,0.0
2025-09-22 10:46:00-04:00,LONG,600.31,600.4300619999999,33,absolute_qqq_points,0.75,0.0,0,-0.770311796938131,-0.0012879529785452658,-0.770311796938131,2025-09-22 15:59:00-04:00,602.24,602.119552,FORCED_EOD,63.6900000000021,0.231,7.936829999999077,8.167829999999077,55.52217000000302,313,0.0
2025-09-23 09:33:00-04:00,SHORT,602.29,602.169542,33,absolute_qqq_points,0.75,0.0,0,1.1349283075477388,0.0018846049229118643,1.1349283075477388,2025-09-23 15:59:00-04:00,598.14,598.259628,FORCED_EOD,136.94999999999925,0.231,7.922838000000638,8.153838000000638,128.79616199999862,386,0.0
2025-09-24 09:33:00-04:00,SHORT,598.72,598.6002560000001,33,absolute_qqq_points,0.75,0.0,0,1.004657201620489,0.00167674817100406,1.004657201620489,2025-09-24 15:59:00-04:00,596.06,596.1792119999999,FORCED_EOD,87.7800000000027,0.231,7.885547999997243,8.116547999997243,79.66345200000546,386,0.0
2025-09-25 09:42:00-04:00,LONG,588.85,588.96777,33,absolute_qqq_points,0.75,0.0,0,-1.0428816955279672,-0.001763531005695331,-1.0428816955279672,2025-09-25 15:59:00-04:00,593.55,593.43129,FORCED_EOD,155.09999999999775,0.231,7.803839999997194,8.034839999997194,147.06516000000056,377,0.0
2025-09-26 09:39:00-04:00,LONG,595.28,595.399056,33,absolute_qqq_points,0.75,0.0,0,-0.9695256046445593,-0.0016343854226522712,-0.9695256046445593,2025-09-26 10:22:00-04:00,592.82,592.7014360000001,CONVERGENCE_NEXT_OPEN,-81.17999999999745,0.231,7.841459999999756,8.072459999999756,-89.2524599999972,43,0.0
2025-09-29 09:37:00-04:00,LONG,599.73,599.849946,33,absolute_qqq_points,0.75,0.0,0,-0.7649613983305699,-0.00127659523769348,-0.7649613983305699,2025-09-29 15:59:00-04:00,598.75,598.63025,FORCED_EOD,-32.3400000000006,0.231,7.909967999999367,8.140967999999367,-40.48096799999997,382,0.0
2025-09-30 09:40:00-04:00,SHORT,596.8,596.6806399999999,33,absolute_qqq_points,0.75,0.0,0,0.8906999665358626,0.0014891684874344178,0.8906999665358626,2025-09-30 09:48:00-04:00,597.96,598.079592,CONVERGENCE_NEXT_OPEN,-38.2800000000027,0.231,7.885416000001328,8.116416000001328,-46.39641600000403,8,0.0
2025-09-30 10:01:00-04:00,LONG,597.66,597.7795319999999,33,absolute_qqq_points,0.75,0.0,0,-0.9899886693357303,-0.0016551700737407792,-0.9899886693357303,2025-09-30 15:59:00-04:00,600.33,600.2099340000001,FORCED_EOD,88.1100000000024,0.231,7.906733999996277,8.137733999996277,79.97226600000613,358,0.0
2025-10-01 09:37:00-04:00,LONG,598.89,599.009778,33,absolute_qqq_points,0.75,0.0,0,-1.054950717301267,-0.0017677676781696723,-1.054950717301267,2025-10-01 09:42:00-04:00,598.5,598.3803,CONVERGENCE_NEXT_OPEN,-12.86999999999955,0.231,7.902773999998772,8.133773999998771,-21.003773999998323,5,0.0
2025-10-01 09:48:00-04:00,SHORT,598.03,597.910394,33,absolute_qqq_points,0.75,0.0,0,0.8734511489292345,0.001463631129127176,0.8734511489292345,2025-10-01 13:13:00-04:00,602.2401,602.36054802,CONVERGENCE_NEXT_OPEN,-138.93330000000037,0.231,7.921782660000076,8.152782660000076,-147.08608266000044,205,0.0
2025-10-01 14:37:00-04:00,SHORT,603.425,603.304315,33,absolute_qqq_points,0.75,0.0,0,0.7747700689660633,0.0012982724818037701,0.7747700689660633,2025-10-01 15:59:00-04:00,603.27,603.3906539999999,FORCED_EOD,5.1149999999991,0.231,7.964186999997537,8.195186999997537,-3.0801869999984373,82,0.0
2025-10-02 09:33:00-04:00,LONG,606.41,606.5312819999999,32,absolute_qqq_points,0.75,0.0,0,-1.0746256011321975,-0.001771847652320138,-1.0746256011321975,2025-10-02 09:39:00-04:00,605.1,604.9789800000001,CONVERGENCE_NEXT_OPEN,-41.919999999998254,0.224,7.753663999996206,7.9776639999962065,-49.89766399999446,6,0.0
2025-10-02 09:41:00-04:00,SHORT,604.54,604.419092,33,absolute_qqq_points,0.75,0.0,0,0.8347549905704454,0.0013763478822265982,0.8347549905704454,2025-10-02 09:47:00-04:00,604.74,604.860948,CONVERGENCE_NEXT_OPEN,-6.600000000001501,0.231,7.981247999999482,8.212247999999482,-14.812248000000983,6,0.0
2025-10-02 10:05:00-04:00,LONG,604.92,605.040984,33,absolute_qqq_points,0.75,0.0,0,-0.8245967904531426,-0.0013595989949764108,-0.8245967904531426,2025-10-02 11:03:00-04:00,603.34,603.219332,CONVERGENCE_NEXT_OPEN,-52.1399999999976,0.231,7.974516000001472,8.205516000001472,-60.34551599999907,58,0.0
2025-10-02 11:37:00-04:00,LONG,603.78,603.900756,33,absolute_qqq_points,0.75,0.0,0,-0.7619013441182005,-0.001256226453616074,-0.7619013441182005,2025-10-02 15:59:00-04:00,605.7,605.5788600000001,FORCED_EOD,63.3600000000024,0.231,7.982567999999901,8.213567999999901,55.1464320000025,262,0.0
2025-10-03 09:34:00-04:00,LONG,606.82,606.941364,32,absolute_qqq_points,0.75,0.0,0,-0.8015282808651136,-0.0013218250616199414,-0.8015282808651136,2025-10-03 15:59:00-04:00,603.155,603.034369,FORCED_EOD,-117.28000000000247,0.224,7.743839999999182,7.967839999999182,-125.24784000000166,385,0.0
2025-10-06 09:39:00-04:00,SHORT,607.56,607.438488,32,absolute_qqq_points,0.75,0.0,0,1.0676630432280945,0.0017558225915240947,1.0676630432280945,2025-10-06 09:48:00-04:00,607.29,607.4114579999999,CONVERGENCE_NEXT_OPEN,8.639999999999418,0.224,7.775039999996807,7.999039999996807,0.6409600000026112,9,-2.220446049250313e-16
2025-10-06 09:55:00-04:00,LONG,606.87,606.991374,32,absolute_qqq_points,0.75,0.0,0,-0.9865051855050524,-0.001622354639276887,-0.9865051855050524,2025-10-06 15:59:00-04:00,607.71,607.5884580000001,FORCED_EOD,26.88000000000102,0.224,7.7733119999975315,7.997311999997532,18.882688000003487,364,0.0
2025-10-07 09:37:00-04:00,LONG,609.36,609.481872,32,absolute_qqq_points,0.75,0.0,0,-0.8347892310162024,-0.0013710017096950325,-0.8347892310162024,2025-10-07 09:42:00-04:00,609.51,609.388098,CONVERGENCE_NEXT_OPEN,4.799999999999272,0.224,7.800767999997333,8.024767999997334,-3.224767999998061,5,0.0
2025-10-07 09:46:00-04:00,SHORT,608.99,608.868202,32,absolute_qqq_points,0.75,0.0,0,0.9681445794234378,0.0015900155683678558,0.9681445794234378,2025-10-07 09:50:00-04:00,609.33,609.451866,CONVERGENCE_NEXT_OPEN,-10.880000000001019,0.224,7.797247999998945,8.021247999998945,-18.901247999999963,4,0.0
2025-10-07 09:54:00-04:00,LONG,609.09,609.211818,32,absolute_qqq_points,0.75,0.0,0,-0.7686047306791579,-0.0012623047359608748,-0.7686047306791579,2025-10-07 15:59:00-04:00,604.47,604.349106,FORCED_EOD,-147.84000000000015,0.224,7.766783999999461,7.990783999999461,-155.8307839999996,365,0.0
2025-10-08 09:38:00-04:00,SHORT,606.42,606.298716,32,absolute_qqq_points,0.75,0.0,0,0.9509796834287272,0.001570128425427495,0.9509796834287272,2025-10-08 15:59:00-04:00,611.45,611.5722900000001,FORCED_EOD,-160.96000000000276,0.224,7.79436799999894,8.01836799999894,-168.9783680000017,381,0.0
2025-10-09 09:32:00-04:00,SHORT,611.36,611.2377280000001,32,absolute_qqq_points,0.75,0.0,0,0.9084559205057303,0.0014861535147652994,0.9084559205057303,2025-10-09 10:01:00-04:00,610.15,610.27203,CONVERGENCE_NEXT_OPEN,38.720000000001164,0.224,7.817663999998331,8.041663999998331,30.678336000002833,29,3.552713678800501e-15
2025-10-09 11:37:00-04:00,SHORT,608.85,608.72823,32,absolute_qqq_points,0.75,0.0,0,0.7545956965210507,0.0012344518003551078,0.7545956965210507,2025-10-09 15:56:00-04:00,610.43,610.5520859999999,CONVERGENCE_NEXT_OPEN,-50.55999999999767,0.224,7.803391999997984,8.027391999997985,-58.58739199999565,259,0.0
2025-10-10 09:58:00-04:00,LONG,612.21,612.332442,32,absolute_qqq_points,0.75,0.0,0,-0.8689363458848902,-0.0014210612881824236,-0.8689363458848902,2025-10-10 11:21:00-04:00,601.64,601.519672,CONVERGENCE_NEXT_OPEN,-338.2400000000016,0.224,7.768639999998413,7.9926399999984135,-346.23264,83,0.0
2025-10-10 11:57:00-04:00,LONG,599.15,599.26983,33,absolute_qqq_points,0.75,0.0,0,-0.7884620812535559,-0.0012894534175897088,-0.7884620812535559,2025-10-10 12:45:00-04:00,597.56,597.440488,CONVERGENCE_NEXT_OPEN,-52.47000000000105,0.231,7.898285999998848,8.129285999998848,-60.5992859999999,48,0.0
2025-10-10 15:53:00-04:00,SHORT,591.65,591.53167,33,absolute_qqq_points,0.75,0.0,0,0.7878508462594027,0.0012884538019190053,0.7878508462594027,2025-10-10 15:59:00-04:00,589.485,589.602897,FORCED_EOD,71.4449999999988,0.231,7.795490999999515,8.026490999999515,63.41850899999928,6,7.105427357601002e-15
2025-10-13 09:32:00-04:00,SHORT,599.91,599.790018,33,absolute_qqq_points,0.75,0.0,0,1.0625946685589724,0.0017722612348165148,1.0625946685589724,2025-10-13 09:34:00-04:00,598.72,598.839744,CONVERGENCE_NEXT_OPEN,39.26999999999805,0.231,7.910957999996867,8.141957999996867,31.12804200000118,2,0.0
2025-10-13 09:36:00-04:00,SHORT,597.39,597.270522,33,absolute_qqq_points,0.75,0.0,0,1.058361648189475,0.0017652011411335156,1.058361648189475,2025-10-13 09:40:00-04:00,598.05,598.1696099999999,CONVERGENCE_NEXT_OPEN,-21.77999999999895,0.231,7.8899039999975,8.1209039999975,-29.90090399999645,4,0.0
2025-10-13 09:47:00-04:00,SHORT,599.1,598.98018,33,absolute_qqq_points,0.75,0.0,0,0.7907812084641819,0.0013189139024036532,0.7907812084641819,2025-10-13 15:59:00-04:00,602.04,602.160408,FORCED_EOD,-97.01999999999805,0.231,7.927524000000062,8.158524000000062,-105.1785239999981,372,0.0
2025-10-14 09:34:00-04:00,SHORT,593.61,593.4912780000001,33,absolute_qqq_points,0.75,0.0,0,0.8649728037753448,0.001454982932892678,0.8649728037753448,2025-10-14 15:59:00-04:00,598.05,598.1696099999999,FORCED_EOD,-146.51999999999805,0.231,7.86495599999671,8.09595599999671,-154.61595599999475,385,0.0
2025-10-15 09:35:00-04:00,SHORT,603.04,602.919392,33,absolute_qqq_points,0.75,0.0,0,0.7905789167042485,0.0013101892163617447,0.7905789167042485,2025-10-15 15:59:00-04:00,602.16,602.2804319999999,FORCED_EOD,29.03999999999985,0.231,7.954319999996187,8.185319999996187,20.85468000000366,384,0.0
2025-10-16 09:33:00-04:00,SHORT,605.87,605.748826,33,absolute_qqq_points,0.75,0.0,0,0.7680370132883354,0.0012679736731299653,0.7680370132883354,2025-10-16 09:36:00-04:00,605.87,605.991174,CONVERGENCE_NEXT_OPEN,-0.0,0.231,7.9974839999997585,8.228483999999758,-8.228483999999758,3,0.0
2025-10-16 09:38:00-04:00,LONG,605.73,605.851146,33,absolute_qqq_points,0.75,0.0,0,-1.1452099497912513,-0.0018906589674952856,-1.1452099497912513,2025-10-16 15:59:00-04:00,599.97,599.850006,FORCED_EOD,-190.0799999999997,0.231,7.95761999999911,8.18861999999911,-198.2686199999988,381,0.0
2025-10-17 09:59:00-04:00,SHORT,600.51,600.389898,33,absolute_qqq_points,0.75,0.0,0,0.8219089762734484,0.0013762478462744608,0.8219089762734484,2025-10-17 10:11:00-04:00,599.97,600.089994,CONVERGENCE_NEXT_OPEN,17.8199999999988,0.231,7.923167999999805,8.154167999999805,9.665831999998995,12,-1.7763568394002505e-15
2025-10-17 12:08:00-04:00,SHORT,602.405,602.2845189999999,33,absolute_qqq_points,0.75,0.0,0,0.7822193629342564,0.0013097894592091156,0.7822193629342564,2025-10-17 12:51:00-04:00,603.14,603.260628,CONVERGENCE_NEXT_OPEN,-24.25500000000045,0.231,7.956597000001693,8.187597000001693,-32.442597000002145,43,0.0
2025-10-17 13:13:00-04:00,LONG,601.22,601.340244,33,absolute_qqq_points,0.75,0.0,0,-0.8297092015317276,-0.0013893089558642425,-0.8297092015317276,2025-10-17 15:55:00-04:00,604.24,604.119152,CONVERGENCE_NEXT_OPEN,99.6599999999994,0.231,7.956035999999358,8.187035999999358,91.47296400000005,162,0.0
2025-10-20 09:35:00-04:00,SHORT,608.77,608.648246,32,absolute_qqq_points,0.75,0.0,0,0.7830414525774358,0.001286881167133451,0.7830414525774358,2025-10-20 09:43:00-04:00,609.14,609.2618279999999,CONVERGENCE_NEXT_OPEN,-11.840000000000146,0.224,7.794623999998294,8.018623999998294,-19.85862399999844,8,0.0
2025-10-20 10:22:00-04:00,LONG,609.87,609.991974,32,absolute_qqq_points,0.75,0.0,0,-0.894844194805728,-0.001470622197616546,-0.894844194805728,2025-10-20 15:59:00-04:00,611.55,611.42769,FORCED_EOD,53.7599999999984,0.224,7.817087999999785,8.041087999999785,45.71891199999862,337,0.0
2025-10-21 09:35:00-04:00,LONG,611.11,611.232222,32,absolute_qqq_points,0.75,0.0,0,-1.280467568793938,-0.002094628860633417,-1.280467568793938,2025-10-21 10:47:00-04:00,610.33,610.207934,CONVERGENCE_NEXT_OPEN,-24.959999999999127,0.224,7.817215999999462,8.041215999999462,-33.001215999998585,72,-7.105427357601002e-15
2025-10-21 11:05:00-04:00,LONG,611.05,611.17221,32,absolute_qqq_points,0.75,0.0,0,-0.7911712950416359,-0.0012942227266715361,-0.7911712950416359,2025-10-21 13:18:00-04:00,611.4,611.27772,CONVERGENCE_NEXT_OPEN,11.200000000000728,0.224,7.823679999997694,8.047679999997694,3.1523200000030336,133,0.0
2025-10-21 14:08:00-04:00,LONG,611.99,612.112398,32,absolute_qqq_points,0.75,0.0,0,-0.7547479559996191,-0.0012346402905229893,-0.7547479559996191,2025-10-21 15:59:00-04:00,611.41,611.2877179999999,FORCED_EOD,-18.56000000000131,0.224,7.829760000000533,8.053760000000533,-26.613760000001843,111,0.0
2025-10-22 09:52:00-04:00,LONG,611.06,611.1822119999999,32,absolute_qqq_points,0.75,0.0,0,-0.8055976818138788,-0.001321366775163372,-0.8055976818138788,2025-10-22 15:59:00-04:00,605.38,605.258924,FORCED_EOD,-181.7599999999984,0.224,7.785216000000219,8.009216000000219,-189.7692159999986,367,0.0
2025-10-23 09:34:00-04:00,SHORT,605.4325,605.3114135000001,33,absolute_qqq_points,0.75,0.0,0,0.7775559700253325,0.0012850253185896852,0.7775559700253325,2025-10-23 15:59:00-04:00,610.6,610.72212,FORCED_EOD,-170.5275000000006,0.231,8.025814499997637,8.256814499997637,-178.78431449999823,385,0.0
2025-10-24 09:45:00-04:00,LONG,616.97,617.093394,32,absolute_qqq_points,0.75,0.0,0,-0.9667924887709205,-0.001571330454549871,-0.9667924887709205,2025-10-24 09:50:00-04:00,616.41,616.286718,CONVERGENCE_NEXT_OPEN,-17.92000000000189,0.224,7.893631999999343,8.117631999999343,-26.037632000001235,5,0.0
2025-10-24 10:09:00-04:00,SHORT,617.3599,617.2364280200001,32,absolute_qqq_points,0.75,0.0,0,0.7833431098042638,0.00127316968128483,0.7833431098042638,2025-10-24 10:27:00-04:00,616.7,616.82334,CONVERGENCE_NEXT_OPEN,21.116799999999785,0.224,7.897983359998761,8.121983359998762,12.994816640001023,18,0.0
2025-10-24 10:36:00-04:00,LONG,616.49,616.613298,32,absolute_qqq_points,0.75,0.0,0,-0.8108308576117906,-0.001317845592360734,-0.8108308576117906,2025-10-24 15:59:00-04:00,617.02,616.896596,FORCED_EOD,16.959999999999127,0.224,7.894463999997242,8.118463999997243,8.841536000001884,323,0.0
2025-10-27 09:36:00-04:00,SHORT,624.35,624.22513,32,absolute_qqq_points,0.75,0.0,0,0.7910295537276397,0.001265181699098989,0.7910295537276397,2025-10-27 09:44:00-04:00,624.63,624.754926,CONVERGENCE_NEXT_OPEN,-8.959999999999127,0.224,7.993471999998292,8.217471999998292,-17.17747199999742,8,0.0
2025-10-27 09:53:00-04:00,LONG,625.0131,625.13810262,31,absolute_qqq_points,0.75,0.0,0,-0.7805787000364717,-0.001248466484391927,-0.7805787000364717,2025-10-27 10:16:00-04:00,625.44,625.314912,CONVERGENCE_NEXT_OPEN,13.233900000001427,0.217,7.752809220001154,7.969809220001154,5.264090780000273,23,-8.881784197001252e-16
2025-10-27 10:23:00-04:00,SHORT,624.84,624.7150320000001,32,absolute_qqq_points,0.75,0.0,0,0.8301986922454034,0.0013278292664227348,0.8301986922454034,2025-10-27 10:49:00-04:00,625.83,625.9551660000001,CONVERGENCE_NEXT_OPEN,-31.68000000000029,0.224,8.004288000000088,8.228288000000088,-39.908288000000375,26,-7.105427357601002e-15
2025-10-27 11:07:00-04:00,SHORT,626.14,626.014772,31,absolute_qqq_points,0.75,0.0,0,0.7505129220857043,0.001200378935888834,0.7505129220857043,2025-10-27 15:59:00-04:00,628.08,628.2056160000001,FORCED_EOD,-60.14000000000169,0.217,7.776164000000904,7.993164000000903,-68.1331640000026,292,0.0
2025-10-28 09:35:00-04:00,SHORT,630.78,630.6538439999999,31,absolute_qqq_points,0.75,0.0,0,1.0669271698711782,0.0016914142105474597,1.0669271698711782,2025-10-28 14:21:00-04:00,633.44,633.566688,CONVERGENCE_NEXT_OPEN,-82.46000000000254,0.217,7.838163999999438,8.055163999999438,-90.51516400000197,286,0.0
2025-10-28 14:46:00-04:00,LONG,633.53,633.656706,31,absolute_qqq_points,0.75,0.0,0,-0.7851153984121311,-0.0012446541613089276,-0.7851153984121311,2025-10-28 15:59:00-04:00,632.89,632.763422,FORCED_EOD,-19.839999999999577,0.217,7.851804000000243,8.068804000000243,-27.90880399999982,73,0.0
2025-10-29 09:34:00-04:00,LONG,635.87,635.997174,31,absolute_qqq_points,0.75,0.0,0,-1.2454496560413872,-0.0019593016015499124,-1.2454496560413872,2025-10-29 09:52:00-04:00,635.98,635.852804,CONVERGENCE_NEXT_OPEN,3.410000000000423,0.217,7.8854699999998275,8.102469999999828,-4.692469999999404,18,-8.881784197001252e-16
2025-10-29 10:06:00-04:00,SHORT,636.0,635.8728,31,absolute_qqq_points,0.75,0.0,0,0.8552736742365141,0.0013454892147321314,0.8552736742365141,2025-10-29 15:59:00-04:00,635.87,635.997174,FORCED_EOD,4.029999999999859,0.217,7.885593999999514,8.102593999999515,-4.072593999999655,353,-8.881784197001252e-16
2025-10-30 09:37:00-04:00,SHORT,628.67,628.544266,31,absolute_qqq_points,0.75,0.0,0,1.2050041503922557,0.0019089779484376158,1.2050041503922557,2025-10-30 15:59:00-04:00,626.01,626.1352019999999,FORCED_EOD,82.45999999999901,0.217,7.7790159999972275,7.996015999997227,74.46398400000179,382,0.0
2025-10-31 09:32:00-04:00,SHORT,633.21,633.0833580000001,31,absolute_qqq_points,0.75,0.0,0,0.8000455124936252,0.0012624789138463454,0.8000455124936252,2025-10-31 15:59:00-04:00,629.19,629.315838,FORCED_EOD,124.61999999999944,0.217,7.826879999996208,8.043879999996209,116.57612000000323,387,0.0
2025-11-03 09:33:00-05:00,LONG,635.43,635.5570859999999,31,absolute_qqq_points,0.75,0.0,0,-1.218127333685402,-0.0019170518473466138,-1.218127333685402,2025-11-03 09:38:00-05:00,634.0,633.8732,CONVERGENCE_NEXT_OPEN,-44.32999999999845,0.217,7.870465999998942,8.087465999998942,-52.41746599999739,5,0.0
2025-11-03 09:43:00-05:00,LONG,633.38,633.506676,31,absolute_qqq_points,0.75,0.0,0,-0.8008279840062187,-0.0012603187890884494,-0.8008279840062187,2025-11-03 09:51:00-05:00,632.65,632.52347,CONVERGENCE_NEXT_OPEN,-22.630000000000564,0.217,7.849385999999299,8.0663859999993,-30.696385999999862,8,0.0
2025-11-03 10:08:00-05:00,SHORT,631.75,631.62365,31,absolute_qqq_points,0.75,0.0,0,0.8412486007989628,0.0013239315296868035,0.8412486007989628,2025-11-03 10:10:00-05:00,632.45,632.57649,CONVERGENCE_NEXT_OPEN,-21.70000000000141,0.217,7.838039999999751,8.055039999999751,-29.75504000000116,2,0.0
2025-11-03 10:13:00-05:00,LONG,632.94,633.066588,31,absolute_qqq_points,0.75,0.0,0,-0.8620589732274766,-0.0013566822625573787,-0.8620589732274766,2025-11-03 14:05:00-05:00,632.03,631.903594,CONVERGENCE_NEXT_OPEN,-28.210000000002537,0.217,7.8428139999982704,8.059813999998271,-36.26981400000081,232,0.0
2025-11-03 14:24:00-05:00,SHORT,631.72,631.593656,31,absolute_qqq_points,0.75,0.0,0,0.7836777486648998,0.0012333282689397538,0.7836777486648998,2025-11-03 15:59:00-05:00,632.11,632.236422,FORCED_EOD,-12.089999999999577,0.217,7.835745999998494,8.052745999998494,-20.14274599999807,95,0.0
2025-11-04 09:38:00-05:00,LONG,622.13,622.254426,32,absolute_qqq_points,0.75,0.0,0,-0.8637295048063152,-0.0013864437572935814,-0.8637295048063152,2025-11-04 10:03:00-05:00,626.44,626.3147120000001,CONVERGENCE_NEXT_OPEN,137.9200000000019,0.224,7.990847999997641,8.214847999997641,129.70515200000426,25,0.0
2025-11-04 10:15:00-05:00,SHORT,625.92,625.794816,31,absolute_qqq_points,0.75,0.0,0,0.7713951033148305,0.0012382301628534442,0.7713951033148305,2025-11-04 11:03:00-05:00,624.52,624.644904,CONVERGENCE_NEXT_OPEN,43.399999999999295,0.217,7.752728000000161,7.969728000000161,35.430271999999135,48,0.0
2025-11-04 11:10:00-05:00,LONG,624.21,624.334842,32,absolute_qqq_points,0.75,0.0,0,-0.9821006681640938,-0.001576451114420713,-0.9821006681640938,2025-11-04 15:59:00-05:00,619.24,619.116152,FORCED_EOD,-159.04000000000087,0.224,7.9580799999966985,8.182079999996699,-167.22207999999756,289,0.0
2025-11-05 09:33:00-05:00,SHORT,618.4,618.2763199999999,32,absolute_qqq_points,0.75,0.0,0,0.9079036674610279,0.0014662763731020647,0.9079036674610279,2025-11-05 15:59:00-05:00,623.29,623.4146579999999,FORCED_EOD,-156.47999999999956,0.224,7.9468159999996715,8.170815999999672,-164.65081599999922,386,0.0
2025-11-06 09:33:00-05:00,LONG,621.58,621.7043160000001,32,absolute_qqq_points,0.75,0.0,0,-0.8164131459521968,-0.0013141247560637856,-0.8164131459521968,2025-11-06 09:45:00-05:00,620.2,620.07596,CONVERGENCE_NEXT_OPEN,-44.159999999999854,0.224,7.947392000001855,8.171392000001855,-52.331392000001706,12,0.0
2025-11-06 09:53:00-05:00,SHORT,619.325,619.201135,32,absolute_qqq_points,0.75,0.0,0,0.757180040722119,0.0012187812521683864,0.757180040722119,2025-11-06 10:00:00-05:00,617.89,618.0135779999999,CONVERGENCE_NEXT_OPEN,45.92000000000189,0.224,7.918175999999221,8.142175999999221,37.777824000002674,7,0.0
2025-11-06 10:05:00-05:00,LONG,615.55,615.67311,32,absolute_qqq_points,0.75,0.0,0,-0.8032946869064972,-0.0012930088640931373,-0.8032946869064972,2025-11-06 11:45:00-05:00,611.75,611.62765,CONVERGENCE_NEXT_OPEN,-121.59999999999854,0.224,7.854719999999361,8.078719999999361,-129.6787199999979,100,0.0
2025-11-06 11:57:00-05:00,LONG,610.49,610.612098,32,absolute_qqq_points,0.75,0.0,0,-0.8653120204655806,-0.0013928339511082716,-0.8653120204655806,2025-11-06 12:12:00-05:00,612.7,612.5774600000001,CONVERGENCE_NEXT_OPEN,70.72000000000116,0.224,7.8284159999966505,8.05241599999665,62.66758400000452,15,-7.105427357601002e-15
2025-11-06 15:47:00-05:00,SHORT,612.125,612.002575,32,absolute_qqq_points,0.75,0.0,0,0.7753154066153911,0.0012479725181330295,0.7753154066153911,2025-11-06 15:59:00-05:00,611.7,611.82234,FORCED_EOD,13.599999999998545,0.224,7.832480000000942,8.056480000000942,5.543519999997603,12,0.0
2025-11-07 09:37:00-05:00,LONG,605.7,605.82114,33,absolute_qqq_points,0.75,0.0,0,-0.9800732819118139,-0.001615123814557795,-0.9800732819118139,2025-11-07 09:44:00-05:00,605.41,605.288918,CONVERGENCE_NEXT_OPEN,-9.570000000002551,0.231,7.993325999999001,8.224325999999001,-17.794326000001554,7,0.0
2025-11-07 09:49:00-05:00,LONG,605.41,605.531082,33,absolute_qqq_points,0.75,0.0,0,-0.8068926047595824,-0.0013297285884535416,-0.8068926047595824,2025-11-07 09:56:00-05:00,605.83,605.708834,CONVERGENCE_NEXT_OPEN,13.860000000002401,0.231,7.994184000000587,8.225184000000587,5.634816000001814,7,0.0
2025-11-07 10:17:00-05:00,LONG,606.35,606.47127,32,absolute_qqq_points,0.75,0.0,0,-0.7986149317214313,-0.0013160872953995742,-0.7986149317214313,2025-11-07 15:59:00-05:00,609.76,609.638048,FORCED_EOD,109.11999999999898,0.224,7.783103999998275,8.007103999998275,101.1128960000007,342,0.0
2025-11-10 09:36:00-05:00,LONG,620.38,620.5040759999999,32,absolute_qqq_points,0.75,0.0,0,-0.8849937063928337,-0.0014285843296789704,-0.8849937063928337,2025-11-10 11:32:00-05:00,618.18,618.0563639999999,CONVERGENCE_NEXT_OPEN,-70.40000000000146,0.224,7.926783999999316,8.150783999999316,-78.55078400000077,116,0.0
2025-11-10 11:43:00-05:00,SHORT,617.55,617.42649,32,absolute_qqq_points,0.75,0.0,0,0.7833151024050267,0.0012644515688792707,0.7833151024050267,2025-11-10 11:55:00-05:00,617.29,617.413458,CONVERGENCE_NEXT_OPEN,8.319999999999709,0.224,7.9029760000012175,8.126976000001218,0.19302399999849149,12,-1.942890293094024e-16
2025-11-10 13:12:00-05:00,LONG,621.62,621.744324,32,absolute_qqq_points,0.75,0.0,0,-0.798518640442353,-0.0012889935922169807,-0.798518640442353,2025-11-10 15:59:00-05:00,623.18,623.0553639999999,FORCED_EOD,49.919999999998254,0.224,7.96672000000035,8.19072000000035,41.72927999999791,167,0.0
2025-11-11 09:33:00-05:00,LONG,621.17,621.294234,32,absolute_qqq_points,0.75,0.0,0,-0.8505610176293885,-0.0013697958218659263,-0.8505610176293885,2025-11-11 15:59:00-05:00,621.52,621.395696,FORCED_EOD,11.200000000000728,0.224,7.953215999998065,8.177215999998065,3.0227840000026625,386,0.0
2025-11-12 09:41:00-05:00,SHORT,622.05,621.9255899999999,32,absolute_qqq_points,0.75,0.0,0,0.78272008327815,0.0012547612748929227,0.78272008327815,2025-11-12 13:41:00-05:00,621.38,621.504276,CONVERGENCE_NEXT_OPEN,21.43999999999869,0.224,7.95795200000066,8.18195200000066,13.25804799999803,240,0.0
2025-11-12 15:50:00-05:00,SHORT,620.89,620.765822,32,absolute_qqq_points,0.75,0.0,0,0.7855540766342983,0.0012593043870380623,0.7855540766342983,2025-11-12 15:59:00-05:00,621.04,621.1642079999999,FORCED_EOD,-4.799999999999272,0.224,7.948351999999431,8.172351999999432,-12.972351999998704,9,0.0
2025-11-13 09:33:00-05:00,SHORT,616.96,616.8366080000001,32,absolute_qqq_points,0.75,0.0,0,0.8922619953764297,0.0014459656041882424,0.8922619953764297,2025-11-13 09:44:00-05:00,613.465,613.5876930000001,CONVERGENCE_NEXT_OPEN,111.84000000000015,0.224,7.874719999999797,8.098719999999798,103.74128000000034,11,0.0
2025-11-13 09:47:00-05:00,SHORT,613.6,613.4772800000001,32,absolute_qqq_points,0.75,0.0,0,0.9990496561474629,0.0016190215958441553,0.9990496561474629,2025-11-13 10:05:00-05:00,614.14,614.262828,CONVERGENCE_NEXT_OPEN,-17.279999999998836,0.224,7.857535999999527,8.081535999999527,-25.361535999998363,18,0.0
2025-11-13 10:18:00-05:00,SHORT,616.99,616.8666020000001,32,absolute_qqq_points,0.75,0.0,0,0.8333044585886,0.0013504212789288263,0.8333044585886,2025-11-13 11:28:00-05:00,611.025,611.147205,CONVERGENCE_NEXT_OPEN,190.88000000000102,0.224,7.8592959999987215,8.083295999998722,182.7967040000023,70,0.0
2025-11-13 12:04:00-05:00,SHORT,611.02,610.897796,32,absolute_qqq_points,0.75,0.0,0,0.7787229563664368,0.0012619685876261513,0.7787229563664368,2025-11-13 13:16:00-05:00,609.46,609.581892,CONVERGENCE_NEXT_OPEN,49.919999999998254,0.224,7.811072000000422,8.035072000000422,41.884927999997835,72,0.0
2025-11-13 15:04:00-05:00,SHORT,607.57,607.4484860000001,32,absolute_qqq_points,0.75,0.0,0,0.7725263472316328,0.001251926600274917,0.7725263472316328,2025-11-13 15:59:00-05:00,608.41,608.5316819999999,FORCED_EOD,-26.87999999999738,0.224,7.782271999996738,8.006271999996738,-34.886271999994115,55,-7.105427357601002e-15
2025-11-14 09:33:00-05:00,SHORT,597.67,597.550466,33,absolute_qqq_points,0.75,0.0,0,0.76626905694377,0.001279375324646441,0.76626905694377,2025-11-14 09:38:00-05:00,600.77,600.8901539999999,CONVERGENCE_NEXT_OPEN,-102.30000000000075,0.231,7.909703999996282,8.140703999996282,-110.44070399999703,5,0.0
2025-11-14 09:43:00-05:00,LONG,601.62,601.740324,33,absolute_qqq_points,0.75,0.0,0,-0.9610533574285682,-0.0016045903720383267,-0.9610533574285682,2025-11-14 09:49:00-05:00,604.01,603.889198,CONVERGENCE_NEXT_OPEN,78.86999999999955,0.231,7.957158000000277,8.188158000000277,70.68184199999928,6,0.0
2025-11-14 09:54:00-05:00,LONG,604.79,604.9109579999999,33,absolute_qqq_points,0.75,0.0,0,-0.9276619951299381,-0.0015488396085249767,-0.9276619951299381,2025-11-14 15:59:00-05:00,608.82,608.6982360000001,FORCED_EOD,132.99000000000285,0.231,8.009825999998611,8.240825999998611,124.74917400000425,365,0.0
2025-11-17 09:35:00-05:00,SHORT,608.62,608.498276,32,absolute_qqq_points,0.75,0.0,0,0.8891025018459686,0.0014682803808928804,0.8891025018459686,2025-11-17 12:48:00-05:00,607.69,607.811538,CONVERGENCE_NEXT_OPEN,29.7599999999984,0.224,7.784383999998681,8.008383999998681,21.751615999999718,193,0.0
2025-11-17 13:19:00-05:00,LONG,606.27,606.391254,32,absolute_qqq_points,0.75,0.0,0,-0.8269715346826843,-0.0013656761480375212,-0.8269715346826843,2025-11-17 15:59:00-05:00,603.65,603.52927,FORCED_EOD,-83.84000000000015,0.224,7.74348800000007,7.9674880000000705,-91.80748800000022,160,0.0
2025-11-18 09:36:00-05:00,SHORT,599.9,599.78002,33,absolute_qqq_points,0.75,0.0,0,0.7737273624736645,0.0012895241120541873,0.7737273624736645,2025-11-18 15:59:00-05:00,596.33,596.4492660000001,FORCED_EOD,117.8099999999979,0.231,7.895117999999343,8.126117999999343,109.68388199999856,383,0.0
2025-11-19 09:33:00-05:00,SHORT,596.44,596.3207120000001,33,absolute_qqq_points,0.75,0.0,0,1.0017100894957593,0.0016782996375462426,1.0017100894957593,2025-11-19 09:45:00-05:00,600.25,600.37005,CONVERGENCE_NEXT_OPEN,-125.7299999999982,0.231,7.898153999999181,8.12915399999918,-133.85915399999737,12,0.0
2025-11-19 09:51:00-05:00,SHORT,600.74,600.619852,33,absolute_qqq_points,0.75,0.0,0,1.17708451185797,0.001972127994245206,1.17708451185797,2025-11-19 11:26:00-05:00,598.59,598.7097180000001,CONVERGENCE_NEXT_OPEN,70.94999999999925,0.231,7.91557800000021,8.14657800000021,62.80342199999904,95,7.105427357601002e-15
2025-11-19 12:06:00-05:00,LONG,597.21,597.329442,33,absolute_qqq_points,0.75,0.0,0,-0.7654433683172783,-0.0012824502229539286,-0.7654433683172783,2025-11-19 12:43:00-05:00,597.12,597.000576,CONVERGENCE_NEXT_OPEN,-2.9700000000010505,0.231,7.882577999997238,8.113577999997238,-11.083577999998289,37,0.0
2025-11-19 15:50:00-05:00,SHORT,599.26,599.140148,33,absolute_qqq_points,0.75,0.0,0,0.926355322294512,0.001552047661243393,0.926355322294512,2025-11-19 15:59:00-05:00,599.76,599.879952,FORCED_EOD,-16.5,0.231,7.913532000001624,8.144532000001623,-24.644532000001625,9,0.0
2025-11-20 09:33:00-05:00,SHORT,611.21,611.087758,32,absolute_qqq_points,0.75,0.0,0,2.085659501659279,0.003414356227648957,2.085659501659279,2025-11-20 14:12:00-05:00,589.12,589.237824,CONVERGENCE_NEXT_OPEN,706.880000000001,0.224,7.682112000002235,7.906112000002235,698.9738879999987,279,0.0
2025-11-21 09:33:00-05:00,SHORT,588.52,588.402296,33,absolute_qqq_points,0.75,0.0,0,1.0447105859033172,0.0017749980221611241,1.0447105859033172,2025-11-21 10:21:00-05:00,584.64,584.756928,CONVERGENCE_NEXT_OPEN,128.03999999999985,0.231,7.7428560000010975,7.973856000001097,120.06614399999876,48,0.0
2025-11-21 10:56:00-05:00,SHORT,584.74,584.623052,34,absolute_qqq_points,0.75,0.0,0,0.825410801724729,0.0014024003971060302,0.825410801724729,2025-11-21 11:04:00-05:00,582.6,582.7165200000001,CONVERGENCE_NEXT_OPEN,72.75999999999954,0.23800000000000002,7.937912000000551,8.175912000000551,64.58408799999899,8,0.0
2025-11-21 11:26:00-05:00,LONG,585.52,585.637104,34,absolute_qqq_points,0.75,0.0,0,-0.9236827608586964,-0.0015693677232252066,-0.9236827608586964,2025-11-21 11:48:00-05:00,587.9,587.78242,CONVERGENCE_NEXT_OPEN,80.91999999999985,0.23800000000000002,7.979256000000532,8.217256000000532,72.70274399999931,22,0.0
2025-11-21 11:59:00-05:00,SHORT,591.17,591.0517659999999,33,absolute_qqq_points,0.75,0.0,0,0.9114753894637033,0.0015486269933291073,0.9114753894637033,2025-11-21 12:37:00-05:00,592.3252,592.4436650399999,CONVERGENCE_NEXT_OPEN,-38.121600000001195,0.231,7.811068319998753,8.042068319998753,-46.16366831999995,38,0.0
2025-11-21 13:15:00-05:00,SHORT,588.2,588.0823600000001,34,absolute_qqq_points,0.75,0.0,0,0.7648428797364204,0.0012994934837595314,0.7648428797364204,2025-11-21 15:59:00-05:00,590.16,590.2780319999999,FORCED_EOD,-66.63999999999737,0.23800000000000002,8.012847999996893,8.250847999996893,-74.89084799999426,164,0.0
2025-11-24 09:41:00-05:00,SHORT,597.82,597.7004360000001,33,absolute_qqq_points,0.75,0.0,0,0.8341123555093191,0.0013999871693677573,0.8341123555093191,2025-11-24 15:59:00-05:00,605.31,605.4310619999999,FORCED_EOD,-247.16999999999655,0.231,7.940657999996915,8.171657999996915,-255.34165799999346,378,0.0
2025-11-25 09:32:00-05:00,LONG,602.96,603.080592,33,absolute_qqq_points,0.75,0.0,0,-1.1106973800758624,-0.001842563669667981,-1.1106973800758624,2025-11-25 09:39:00-05:00,603.26,603.139348,CONVERGENCE_NEXT_OPEN,9.8999999999985,0.231,7.961051999997949,8.192051999997949,1.7079480000005505,7,2.220446049250313e-16
2025-11-25 09:43:00-05:00,SHORT,601.46,601.3397080000001,33,absolute_qqq_points,0.75,0.0,0,1.0565259054343414,0.0017526972551995985,1.0565259054343414,2025-11-25 09:51:00-05:00,598.53,598.6497059999999,CONVERGENCE_NEXT_OPEN,96.6900000000021,0.231,7.919933999996715,8.150933999996715,88.53906600000539,8,0.0
2025-11-25 10:02:00-05:00,SHORT,601.64,601.519672,33,absolute_qqq_points,0.75,0.0,0,1.2018086399128833,0.0019937104179046546,1.2018086399128833,2025-11-25 10:15:00-05:00,600.75,600.87015,CONVERGENCE_NEXT_OPEN,29.36999999999955,0.231,7.935773999997991,8.166773999997991,21.203226000001557,13,0.0
2025-11-25 10:25:00-05:00,SHORT,600.02,599.899996,33,absolute_qqq_points,0.75,0.0,0,0.776935786500303,0.0012888782125087903,0.776935786500303,2025-11-25 10:47:00-05:00,603.88,604.000776,CONVERGENCE_NEXT_OPEN,-127.38000000000045,0.231,7.945739999999091,8.176739999999091,-135.55673999999954,22,0.0
2025-11-25 10:52:00-05:00,LONG,601.64,601.760328,33,absolute_qqq_points,0.75,0.0,0,-0.7740054570223265,-0.001284017015630853,-0.7740054570223265,2025-11-25 15:59:00-05:00,608.91,608.788218,FORCED_EOD,239.9099999999994,0.231,7.989629999997078,8.220629999997078,231.68937000000233,307,0.0
2025-11-26 09:32:00-05:00,LONG,612.71,612.832542,32,absolute_qqq_points,0.75,0.0,0,-0.7888197896174916,-0.0012868395726153786,-0.7888197896174916,2025-11-26 09:37:00-05:00,613.18,613.057364,CONVERGENCE_NEXT_OPEN,15.039999999997235,0.224,7.845695999996678,8.069695999996679,6.9703040000005565,5,0.0
2025-11-26 09:41:00-05:00,SHORT,612.5515,612.4289897000001,32,absolute_qqq_points,0.75,0.0,0,0.87542772086897,0.001428127246560377,0.87542772086897,2025-11-26 11:48:00-05:00,615.58,615.703116,CONVERGENCE_NEXT_OPEN,-96.91200000000026,0.224,7.860041599997203,8.084041599997203,-104.99604159999747,127,0.0
2025-11-26 12:05:00-05:00,SHORT,615.26,615.136948,32,absolute_qqq_points,0.75,0.0,0,0.7624064588610509,0.0012437502387658188,0.7624064588610509,2025-11-26 15:59:00-05:00,614.31,614.4328619999999,FORCED_EOD,30.400000000001455,0.224,7.869247999999061,8.093247999999061,22.306752000002394,234,0.0
2025-11-28 09:40:00-05:00,SHORT,616.45,616.32671,32,absolute_qqq_points,0.75,0.0,0,0.8094765870511083,0.0013135096419606231,0.8094765870511083,2025-11-28 09:49:00-05:00,616.67,616.793334,CONVERGENCE_NEXT_OPEN,-7.039999999997235,0.224,7.891967999999906,8.115967999999906,-15.155967999997142,9,0.0
2025-11-28 10:11:00-05:00,SHORT,616.35,616.2267300000001,32,absolute_qqq_points,0.75,0.0,0,0.7645325054947989,0.0012405804363264336,0.7645325054947989,2025-11-28 12:59:00-05:00,619.18,619.3038359999999,FORCED_EOD,-90.55999999999767,0.224,7.907391999997344,8.131391999997344,-98.69139199999502,168,0.0
2025-12-01 09:33:00-05:00,LONG,613.8199,613.9426639799999,32,absolute_qqq_points,0.75,0.0,0,-0.8716869735733326,-0.001419130915559634,-0.8716869735733326,2025-12-01 15:59:00-05:00,617.2,617.0765600000001,FORCED_EOD,108.16320000000269,0.224,7.878527359996951,8.102527359996952,100.06067264000573,386,0.0
2025-12-02 09:32:00-05:00,LONG,619.53,619.653906,32,absolute_qqq_points,0.75,0.0,0,-0.7787521796121837,-0.0012578981724985759,-0.7787521796121837,2025-12-02 10:00:00-05:00,622.0,621.8756,CONVERGENCE_NEXT_OPEN,79.04000000000087,0.224,7.945792000002257,8.169792000002257,70.87020799999861,28,0.0
2025-12-02 10:27:00-05:00,LONG,622.5,622.6245,32,absolute_qqq_points,0.75,0.0,0,-0.781188751658533,-0.0012618339040505414,-0.781188751658533,2025-12-02 13:20:00-05:00,621.19,621.0657620000001,CONVERGENCE_NEXT_OPEN,-41.919999999998254,0.224,7.959616000000096,8.183616000000097,-50.10361599999835,173,0.0
2025-12-02 13:53:00-05:00,SHORT,621.7,621.5756600000001,32,absolute_qqq_points,0.75,0.0,0,0.8011565390422675,0.0012940873524727343,0.8011565390422675,2025-12-02 15:59:00-05:00,622.07,622.194414,FORCED_EOD,-11.840000000000146,0.224,7.960127999998804,8.184127999998804,-20.02412799999895,126,0.0
2025-12-03 09:34:00-05:00,SHORT,620.14,620.015972,32,absolute_qqq_points,0.75,0.0,0,1.1332983024082068,0.0018302030012082955,1.1332983024082068,2025-12-03 10:34:00-05:00,621.28,621.4042559999999,CONVERGENCE_NEXT_OPEN,-36.47999999999956,0.224,7.945087999996758,8.169087999996758,-44.64908799999632,60,0.0
2025-12-03 10:48:00-05:00,SHORT,621.895,621.770621,32,absolute_qqq_points,0.75,0.0,0,0.8709424511835095,0.0014065153760916037,0.8709424511835095,2025-12-03 15:59:00-05:00,623.53,623.6547059999999,FORCED_EOD,-52.31999999999971,0.224,7.970719999997527,8.194719999997528,-60.51471999999723,311,0.0
2025-12-04 09:38:00-05:00,LONG,622.56,622.6845119999999,32,absolute_qqq_points,0.75,0.0,0,-0.800205155421736,-0.001282544485545758,-0.800205155421736,2025-12-04 09:46:00-05:00,622.03,621.905594,CONVERGENCE_NEXT_OPEN,-16.959999999999127,0.224,7.965376000000106,8.189376000000106,-25.149375999999233,8,0.0
2025-12-04 09:56:00-05:00,SHORT,622.05,621.9255899999999,32,absolute_qqq_points,0.75,0.0,0,0.8759739528649106,0.0014039844096436875,0.8759739528649106,2025-12-04 15:23:00-05:00,621.61,621.734322,CONVERGENCE_NEXT_OPEN,14.079999999998108,0.224,7.959424000000581,8.183424000000581,5.896575999997527,327,0.0
2025-12-05 09:34:00-05:00,SHORT,626.59,626.464682,31,absolute_qqq_points,0.75,0.0,0,1.2791985406962567,0.0020446239701684974,1.2791985406962567,2025-12-05 15:59:00-05:00,625.51,625.635102,FORCED_EOD,33.48000000000127,0.217,7.763019999998846,7.980019999998846,25.499980000002424,385,0.0
2025-12-08 09:33:00-05:00,LONG,628.38,628.505676,31,absolute_qqq_points,0.75,0.0,0,-1.2421722754950224,-0.001978138825535568,-1.2421722754950224,2025-12-08 15:59:00-05:00,624.18,624.055164,FORCED_EOD,-130.2000000000014,0.217,7.765871999998694,7.982871999998694,-138.18287200000012,386,0.0
2025-12-09 10:16:00-05:00,SHORT,623.54,623.415292,32,absolute_qqq_points,0.75,0.0,0,0.8339822347454628,0.0013394077487279429,0.8339822347454628,2025-12-09 15:59:00-05:00,625.11,625.235022,FORCED_EOD,-50.2400000000016,0.224,7.991359999996348,8.215359999996348,-58.455359999997945,343,0.0
2025-12-10 09:35:00-05:00,SHORT,623.1,622.9753800000001,32,absolute_qqq_points,0.75,0.0,0,0.7570932809902615,0.001213718622530651,0.7570932809902615,2025-12-10 09:46:00-05:00,624.0,624.1247999999999,CONVERGENCE_NEXT_OPEN,-28.799999999999272,0.224,7.981439999995928,8.205439999995928,-37.0054399999952,11,-7.105427357601002e-15
2025-12-10 09:53:00-05:00,LONG,623.34,623.4646680000001,32,absolute_qqq_points,0.75,0.0,0,-0.8682244975399271,-0.001391876361421507,-0.8682244975399271,2025-12-10 09:59:00-05:00,623.02,622.895396,CONVERGENCE_NEXT_OPEN,-10.2400000000016,0.224,7.976704000000609,8.20070400000061,-18.44070400000221,6,0.0
2025-12-10 10:07:00-05:00,SHORT,623.88,623.755224,32,absolute_qqq_points,0.75,0.0,0,0.8932934356062106,0.0014320651172091948,0.8932934356062106,2025-12-10 15:59:00-05:00,627.55,627.6755099999999,FORCED_EOD,-117.43999999999869,0.224,8.009151999998721,8.233151999998721,-125.67315199999742,352,0.0
2025-12-11 09:45:00-05:00,SHORT,622.47,622.345506,32,absolute_qqq_points,0.75,0.0,0,1.2009053227758386,0.001928885992205533,1.2009053227758386,2025-12-11 11:53:00-05:00,620.97,621.094194,CONVERGENCE_NEXT_OPEN,48.0,0.224,7.958016000000498,8.182016000000498,39.817983999999505,128,0.0
2025-12-11 12:48:00-05:00,SHORT,623.41,623.285318,32,absolute_qqq_points,0.75,0.0,0,0.8050617072817658,0.0012930846592031462,0.8050617072817658,2025-12-11 13:25:00-05:00,623.64,623.764728,CONVERGENCE_NEXT_OPEN,-7.360000000000582,0.224,7.981120000000374,8.205120000000374,-15.565120000000956,37,0.0
2025-12-11 13:48:00-05:00,LONG,624.64,624.7649279999999,32,absolute_qqq_points,0.75,0.0,0,-0.991567825772222,-0.0015926495229721567,-0.991567825772222,2025-12-11 15:51:00-05:00,625.51,625.384898,CONVERGENCE_NEXT_OPEN,27.840000000000146,0.224,8.000959999997576,8.224959999997576,19.61504000000257,123,0.0
2025-12-12 09:32:00-05:00,LONG,622.315,622.439463,32,absolute_qqq_points,0.75,0.0,0,-1.2257144540423042,-0.0019711090538438664,-1.2257144540423042,2025-12-12 09:42:00-05:00,622.67,622.5454659999999,CONVERGENCE_NEXT_OPEN,11.359999999996944,0.224,7.967904000000999,8.191904000001,3.168095999995945,10,0.0
2025-12-12 09:49:00-05:00,SHORT,621.1287,621.0044742599999,32,absolute_qqq_points,0.75,0.0,0,0.8155046067248577,0.0013114380012943464,0.8155046067248577,2025-12-12 10:00:00-05:00,621.995,622.119399,CONVERGENCE_NEXT_OPEN,-27.721600000000763,0.224,7.955991680002626,8.179991680002626,-35.901591680003385,11,-7.105427357601002e-15
2025-12-12 10:08:00-05:00,LONG,619.59,619.713918,32,absolute_qqq_points,0.75,0.0,0,-0.8482585492452017,-0.0013641106220977318,-0.8482585492452017,2025-12-12 15:59:00-05:00,613.57,613.4472860000001,FORCED_EOD,-192.63999999999942,0.224,7.89222399999926,8.11622399999926,-200.75622399999867,351,0.0
2025-12-15 09:35:00-05:00,SHORT,616.2,616.07676,32,absolute_qqq_points,0.75,0.0,0,0.9157580857680614,0.0014825288744827868,0.9157580857680614,2025-12-15 15:59:00-05:00,610.49,610.612098,FORCED_EOD,182.72000000000116,0.224,7.850815999998304,8.074815999998304,174.64518400000287,384,0.0
2025-12-16 09:34:00-05:00,SHORT,609.8,609.67804,32,absolute_qqq_points,0.75,0.0,0,0.9633935421175011,0.0015802403708973598,0.9633935421175011,2025-12-16 10:11:00-05:00,610.14,610.262028,CONVERGENCE_NEXT_OPEN,-10.880000000001019,0.224,7.807615999998234,8.031615999998234,-18.911615999999253,37,0.0
2025-12-16 10:18:00-05:00,LONG,609.35,609.47187,32,absolute_qqq_points,0.75,0.0,0,-0.8482497146169408,-0.0013913716306354447,-0.8482497146169408,2025-12-16 15:59:00-05:00,611.8,611.67764,FORCED_EOD,78.39999999999782,0.224,7.815359999996872,8.039359999996872,70.36064000000094,341,0.0
2025-12-17 09:36:00-05:00,LONG,612.01,612.132402,32,absolute_qqq_points,0.75,0.0,0,-0.7875332006811959,-0.001284761657282759,-0.7875332006811959,2025-12-17 15:59:00-05:00,600.36,600.2399280000001,FORCED_EOD,-372.7999999999993,0.224,7.759167999996862,7.983167999996862,-380.7831679999961,383,0.0
2025-12-18 09:32:00-05:00,SHORT,610.58,610.457884,32,absolute_qqq_points,0.75,0.0,0,1.463195927975221,0.002397031434054061,1.463195927975221,2025-12-18 10:07:00-05:00,609.6,609.72192,CONVERGENCE_NEXT_OPEN,31.360000000000582,0.224,7.809151999997994,8.033151999997994,23.326848000002588,35,0.0
2025-12-18 10:14:00-05:00,LONG,607.58,607.7015160000001,32,absolute_qqq_points,0.75,0.0,0,-0.9309417525738581,-0.001525083962802428,-0.9309417525738581,2025-12-18 15:59:00-05:00,609.15,609.02817,FORCED_EOD,50.23999999999796,0.224,7.787071999999171,8.01107199999917,42.228927999998795,345,0.0
2025-12-19 09:32:00-05:00,SHORT,613.44,613.317312,32,absolute_qqq_points,0.75,0.0,0,1.3842469375769042,0.0022592572834615712,1.3842469375769042,2025-12-19 15:59:00-05:00,617.24,617.363448,FORCED_EOD,-121.59999999999854,0.224,7.876351999999315,8.100351999999315,-129.70035199999785,387,0.0
2025-12-22 09:43:00-05:00,SHORT,619.01,618.886198,32,absolute_qqq_points,0.75,0.0,0,0.8324286324047989,0.0013407238635561947,0.8324286324047989,2025-12-22 10:32:00-05:00,618.92,619.043784,CONVERGENCE_NEXT_OPEN,2.8800000000010186,0.224,7.922751999998582,8.146751999998582,-5.266751999997563,49,0.0
2025-12-23 09:42:00-05:00,LONG,619.79,619.913958,32,absolute_qqq_points,0.75,0.0,0,-0.8755962039130054,-0.0014122519417952323,-0.8755962039130054,2025-12-23 15:59:00-05:00,622.21,622.0855580000001,FORCED_EOD,77.44000000000233,0.224,7.9487999999983,8.1727999999983,69.26720000000402,377,0.0
2025-12-24 09:37:00-05:00,LONG,622.29,622.414458,32,absolute_qqq_points,0.75,0.0,0,-1.2813358191017414,-0.00205929706390299,-1.2813358191017414,2025-12-24 10:06:00-05:00,622.61,622.4854780000001,CONVERGENCE_NEXT_OPEN,10.2400000000016,0.224,7.967359999998735,8.191359999998735,2.048640000002866,29,0.0
2025-12-24 11:05:00-05:00,LONG,622.87,622.994574,32,absolute_qqq_points,0.75,0.0,0,-0.8353663774162214,-0.00134255790141153,-0.8353663774162214,2025-12-24 12:56:00-05:00,623.83,623.705234,CONVERGENCE_NEXT_OPEN,30.720000000001164,0.224,7.978879999998753,8.202879999998753,22.51712000000241,111,0.0
2025-12-26 09:33:00-05:00,LONG,624.31,624.434862,32,absolute_qqq_points,0.75,0.0,0,-0.796548482590083,-0.0012763154664156677,-0.796548482590083,2025-12-26 15:59:00-05:00,623.84,623.715232,FORCED_EOD,-15.039999999997235,0.224,7.988160000000789,8.21216000000079,-23.252159999998025,386,0.0
2025-12-29 09:49:00-05:00,LONG,620.87,620.994174,32,absolute_qqq_points,0.75,0.0,0,-0.8494332414206838,-0.0013706283948442572,-0.8494332414206838,2025-12-29 15:59:00-05:00,620.88,620.755824,FORCED_EOD,0.31999999999970896,0.224,7.94720000000234,8.17120000000234,-7.851200000002631,370,0.0
2025-12-30 10:25:00-05:00,SHORT,620.06,619.935988,32,absolute_qqq_points,0.75,0.0,0,0.7635234156063007,0.0012306358744843065,0.7635234156063007,2025-12-30 13:13:00-05:00,620.7,620.82414,CONVERGENCE_NEXT_OPEN,-20.4800000000032,0.224,7.940864000000147,8.164864000000147,-28.64486400000335,168,0.0
2025-12-30 15:49:00-05:00,LONG,620.11,620.234022,32,absolute_qqq_points,0.75,0.0,0,-0.750784489496823,-0.0012101034596921356,-0.750784489496823,2025-12-30 15:59:00-05:00,619.42,619.296116,FORCED_EOD,-22.080000000001746,0.224,7.932991999998194,8.156991999998194,-30.23699199999994,10,0.0
2025-12-31 10:51:00-05:00,SHORT,617.35,617.22653,32,absolute_qqq_points,0.75,0.0,0,0.8420938254137127,0.0013589391537652288,0.8420938254137127,2025-12-31 13:05:00-05:00,617.38,617.503476,CONVERGENCE_NEXT_OPEN,-0.9599999999991269,0.224,7.902271999999357,8.126271999999357,-9.086271999998484,134,0.0
2026-01-02 09:34:00-05:00,LONG,619.38,619.503876,32,absolute_qqq_points,0.75,0.0,0,-1.4304023209537036,-0.002303793459314255,-1.4304023209537036,2026-01-02 10:33:00-05:00,616.0,615.8768,CONVERGENCE_NEXT_OPEN,-108.15999999999985,0.224,7.906431999999768,8.130431999999768,-116.29043199999963,59,0.0
2026-01-02 10:49:00-05:00,SHORT,616.87,616.746626,32,absolute_qqq_points,0.75,0.0,0,0.7835888902982333,0.0012620414087812408,0.7835888902982333,2026-01-02 15:59:00-05:00,613.09,613.212618,FORCED_EOD,120.95999999999913,0.224,7.871744000000035,8.095744000000035,112.86425599999909,310,0.0
2026-01-05 09:33:00-05:00,SHORT,618.22,618.096356,32,absolute_qqq_points,0.75,0.0,0,0.9053255573002161,0.001461168768540797,0.9053255573002161,2026-01-05 15:59:00-05:00,617.95,618.0735900000001,FORCED_EOD,8.639999999999418,0.224,7.911488000001555,8.135488000001555,0.5045119999978633,386,-2.220446049250313e-16
2026-01-06 09:34:00-05:00,SHORT,619.82,619.696036,32,absolute_qqq_points,0.75,0.0,0,1.1346340326322206,0.0018300253748039117,1.1346340326322206,2026-01-06 15:59:00-05:00,623.47,623.594694,FORCED_EOD,-116.79999999999927,0.224,7.957055999999284,8.181055999999284,-124.98105599999856,385,0.0
2026-01-07 09:34:00-05:00,LONG,623.24,623.364648,32,absolute_qqq_points,0.75,0.0,0,-1.3231963208352227,-0.002124899746005741,-1.3231963208352227,2026-01-07 15:59:00-05:00,624.06,623.9351879999999,FORCED_EOD,26.239999999997963,0.224,7.982719999999972,8.206719999999972,18.03327999999799,385,0.0
2026-01-08 09:37:00-05:00,SHORT,621.09,620.965782,32,absolute_qqq_points,0.75,0.0,0,1.108943602543718,0.0017818648711234964,1.108943602543718,2026-01-08 15:59:00-05:00,620.43,620.554086,FORCED_EOD,21.12000000000262,0.224,7.945728000002418,8.169728000002419,12.9502720000002,382,0.0
2026-01-09 09:34:00-05:00,SHORT,620.73,620.605854,32,absolute_qqq_points,0.75,0.0,0,1.095140420818666,0.0017645340629327709,1.095140420818666,2026-01-09 15:59:00-05:00,626.67,626.7953339999999,FORCED_EOD,-190.0799999999981,0.224,7.983359999998356,8.207359999998356,-198.28735999999645,385,0.0
2026-01-12 09:38:00-05:00,SHORT,625.045,624.919991,32,absolute_qqq_points,0.75,0.0,0,0.9316529748321045,0.0014944226602164811,0.9316529748321045,2026-01-12 15:59:00-05:00,627.19,627.3154380000001,FORCED_EOD,-68.64000000000306,0.224,8.014304000000266,8.238304000000266,-76.87830400000333,381,0.0
2026-01-13 09:37:00-05:00,LONG,628.23,628.355646,31,absolute_qqq_points,0.75,0.0,0,-1.2872281709095432,-0.002050379373860534,-1.2872281709095432,2026-01-13 09:53:00-05:00,627.84,627.7144320000001,CONVERGENCE_NEXT_OPEN,-12.089999999999577,0.217,7.787633999996615,8.004633999996615,-20.09463399999619,16,0.0
2026-01-13 10:04:00-05:00,LONG,626.45,626.57529,31,absolute_qqq_points,0.75,0.0,0,-0.7613595846837597,-0.0012127422502131013,-0.7613595846837597,2026-01-13 10:18:00-05:00,625.77,625.644846,CONVERGENCE_NEXT_OPEN,-21.080000000001974,0.217,7.763763999996968,7.9807639999969675,-29.06076399999894,14,0.0
2026-01-13 10:41:00-05:00,SHORT,624.66,624.535068,32,absolute_qqq_points,0.75,0.0,0,0.8867308381627481,0.0014124416026804172,0.8867308381627481,2026-01-13 11:16:00-05:00,626.345,626.470269,CONVERGENCE_NEXT_OPEN,-53.92000000000189,0.224,8.006431999998313,8.230431999998313,-62.1504320000002,35,0.0
2026-01-13 11:49:00-05:00,LONG,628.02,628.1456039999999,31,absolute_qqq_points,0.75,0.0,0,-0.7852342728799613,-0.0012507713808217547,-0.7852342728799613,2026-01-13 12:59:00-05:00,625.2,625.07496,CONVERGENCE_NEXT_OPEN,-87.41999999999803,0.217,7.769963999998936,7.9869639999989355,-95.40696399999696,70,0.0
2026-01-13 14:03:00-05:00,SHORT,624.63,624.505074,32,absolute_qqq_points,0.75,0.0,0,0.8488301796633095,0.0013520710093395585,0.8488301796633095,2026-01-13 15:51:00-05:00,625.24,625.365048,CONVERGENCE_NEXT_OPEN,-19.520000000000437,0.224,7.999167999998463,8.223167999998463,-27.7431679999989,108,0.0
2026-01-13 15:55:00-05:00,LONG,625.75,625.87515,31,absolute_qqq_points,0.75,0.0,0,-0.8516924928773051,-0.00135663028492714,-0.8516924928773051,2026-01-13 15:59:00-05:00,626.13,626.004774,FORCED_EOD,11.779999999999859,0.217,7.761655999998766,7.978655999998765,3.801344000001093,4,-4.440892098500626e-16
2026-01-14 09:44:00-05:00,SHORT,619.86,619.736028,32,absolute_qqq_points,0.75,0.0,0,0.886747985401712,0.0014255023396484035,0.886747985401712,2026-01-14 10:37:00-05:00,618.85,618.9737700000001,CONVERGENCE_NEXT_OPEN,32.31999999999971,0.224,7.92774400000053,8.15174400000053,24.16825599999918,53,3.552713678800501e-15
2026-01-14 10:56:00-05:00,SHORT,616.3,616.17674,32,absolute_qqq_points,0.75,0.0,0,0.9288500325317273,0.0014931839895375252,0.9288500325317273,2026-01-14 15:59:00-05:00,619.65,619.77393,FORCED_EOD,-107.20000000000073,0.224,7.9100799999978335,8.134079999997834,-115.33407999999856,303,0.0
2026-01-15 09:34:00-05:00,LONG,626.04,626.1652079999999,31,absolute_qqq_points,0.75,0.0,0,-0.774895861387563,-0.0012376088505676641,-0.774895861387563,2026-01-15 15:59:00-05:00,621.66,621.535668,FORCED_EOD,-135.77999999999986,0.217,7.735739999997236,7.9527399999972355,-143.7327399999971,385,0.0
2026-01-16 09:34:00-05:00,LONG,625.47,625.595094,31,absolute_qqq_points,0.75,0.0,0,-1.1629913039281519,-0.0018581697832301953,-1.1629913039281519,2026-01-16 15:59:00-05:00,621.04,620.915792,FORCED_EOD,-137.33000000000197,0.217,7.728361999998242,7.945361999998242,-145.27536200000023,385,0.0
2026-01-20 09:32:00-05:00,SHORT,610.95,610.8278100000001,32,absolute_qqq_points,0.75,0.0,0,0.8523955275041999,0.0013934178927045501,0.8523955275041999,2026-01-20 15:59:00-05:00,608.04,608.161608,FORCED_EOD,93.12000000000262,0.224,7.801535999999032,8.025535999999033,85.09446400000358,387,0.0
2026-01-21 09:38:00-05:00,SHORT,609.28,609.158144,32,absolute_qqq_points,0.75,0.0,0,1.1046386362401108,0.001811090840326035,1.1046386362401108,2026-01-21 15:59:00-05:00,616.12,616.2432239999999,FORCED_EOD,-218.88000000000102,0.224,7.84255999999732,8.06655999999732,-226.94655999999833,381,0.0
2026-01-22 09:33:00-05:00,SHORT,621.42,621.295716,32,absolute_qqq_points,0.75,0.0,0,0.7861737801106301,0.0012655116142341392,0.7861737801106301,2026-01-22 09:37:00-05:00,620.26,620.384052,CONVERGENCE_NEXT_OPEN,37.11999999999898,0.224,7.946751999999833,8.170751999999833,28.949247999999148,4,3.552713678800501e-15
2026-01-22 09:42:00-05:00,LONG,620.81,620.9341619999999,32,absolute_qqq_points,0.75,0.0,0,-0.7572304604922238,-0.0012189212698873323,-0.7572304604922238,2026-01-22 09:50:00-05:00,618.64,618.516272,CONVERGENCE_NEXT_OPEN,-69.43999999999869,0.224,7.932479999999487,8.156479999999487,-77.59647999999818,8,0.0
2026-01-22 09:55:00-05:00,SHORT,619.8,619.67604,32,absolute_qqq_points,0.75,0.0,0,0.8084616852305544,0.0013013886728434438,0.8084616852305544,2026-01-22 10:01:00-05:00,618.29,618.4136579999999,CONVERGENCE_NEXT_OPEN,48.31999999999971,0.224,7.923775999999634,8.147775999999634,40.17222400000008,6,0.0
2026-01-22 10:10:00-05:00,LONG,618.07,618.193614,32,absolute_qqq_points,0.75,0.0,0,-0.7943167458355447,-0.001278619425712833,-0.7943167458355447,2026-01-22 15:59:00-05:00,620.78,620.655844,FORCED_EOD,86.71999999999753,0.224,7.928639999998268,8.152639999998268,78.56735999999925,349,0.0
2026-01-23 09:33:00-05:00,LONG,619.53,619.653906,32,absolute_qqq_points,0.75,0.0,0,-1.0116596662559232,-0.0016316828216574176,-1.0116596662559232,2026-01-23 09:37:00-05:00,619.81,619.6860379999999,CONVERGENCE_NEXT_OPEN,8.959999999999127,0.224,7.931776000001264,8.155776000001264,0.8042239999978629,4,-2.220446049250313e-16
2026-01-23 09:54:00-05:00,LONG,620.15,620.2740299999999,32,absolute_qqq_points,0.75,0.0,0,-0.8440476448248546,-0.0013613452118913846,-0.8440476448248546,2026-01-23 15:59:00-05:00,622.78,622.655444,FORCED_EOD,84.15999999999985,0.224,7.954751999997825,8.178751999997825,75.98124800000203,365,0.0
2026-01-26 09:40:00-05:00,LONG,624.24,624.364848,32,absolute_qqq_points,0.75,0.0,0,-1.3531472434791567,-0.0021740448313478994,-1.3531472434791567,2026-01-26 09:47:00-05:00,625.13,625.0049740000001,CONVERGENCE_NEXT_OPEN,28.479999999999563,0.224,7.995967999999266,8.219967999999266,20.260032000000297,7,0.0
2026-01-26 09:49:00-05:00,LONG,624.84,624.964968,32,absolute_qqq_points,0.75,0.0,0,-0.785130097629235,-0.0012614355451057695,-0.785130097629235,2026-01-26 10:01:00-05:00,625.37,625.244926,CONVERGENCE_NEXT_OPEN,16.959999999999127,0.224,8.001344000000245,8.225344000000245,8.734655999998882,12,0.0
2026-01-26 10:05:00-05:00,LONG,625.35,625.47507,31,absolute_qqq_points,0.75,0.0,0,-0.9241158027040228,-0.0014847380387590127,-0.9241158027040228,2026-01-26 15:59:00-05:00,625.48,625.354904,FORCED_EOD,4.029999999999859,0.217,7.7551459999975805,7.97214599999758,-3.9421459999977215,354,0.0
2026-01-27 09:33:00-05:00,LONG,629.19,629.315838,31,absolute_qqq_points,0.75,0.0,0,-1.4993332075249555,-0.0023841703492374013,-1.4993332075249555,2026-01-27 15:59:00-05:00,631.08,630.953784,FORCED_EOD,58.58999999999958,0.217,7.813673999997832,8.030673999997832,50.55932600000175,386,0.0
2026-01-28 09:36:00-05:00,SHORT,635.02,634.892996,31,absolute_qqq_points,0.75,0.0,0,1.3685326560224667,0.0021537450127828957,1.3685326560224667,2026-01-28 15:55:00-05:00,633.52,633.646704,CONVERGENCE_NEXT_OPEN,46.5,0.217,7.864947999998776,8.081947999998777,38.418052000001225,379,0.0
2026-01-29 09:32:00-05:00,SHORT,632.32,632.1935360000001,31,absolute_qqq_points,0.75,0.0,0,1.2464006050198577,0.0019695973657909223,1.2464006050198577,2026-01-29 09:43:00-05:00,629.15,629.2758299999999,CONVERGENCE_NEXT_OPEN,98.27000000000226,0.217,7.821113999996669,8.03811399999667,90.23188600000559,11,0.0
2026-01-29 09:54:00-05:00,SHORT,627.345,627.2195310000001,31,absolute_qqq_points,0.75,0.0,0,0.9608595598546117,0.0015183773582608598,0.9608595598546117,2026-01-29 10:13:00-05:00,624.39,624.514878,CONVERGENCE_NEXT_OPEN,91.60500000000127,0.217,7.760756999997511,7.977756999997511,83.62724300000376,19,0.0
2026-01-29 10:23:00-05:00,LONG,624.68,624.8049359999999,32,absolute_qqq_points,0.75,0.0,0,-0.8729727853443592,-0.0013794962000953578,-0.8729727853443592,2026-01-29 10:32:00-05:00,622.58,622.4554840000001,CONVERGENCE_NEXT_OPEN,-67.19999999999709,0.224,7.98246399999698,8.20646399999698,-75.40646399999407,9,0.0
2026-01-29 10:43:00-05:00,SHORT,620.52,620.395896,32,absolute_qqq_points,0.75,0.0,0,0.8887161120427436,0.0014043742486690644,0.8887161120427436,2026-01-29 15:21:00-05:00,626.32,626.4452640000001,CONVERGENCE_NEXT_OPEN,-185.60000000000218,0.224,7.979776000000129,8.20377600000013,-193.8037760000023,278,0.0
2026-01-29 15:28:00-05:00,LONG,626.27,626.395254,31,absolute_qqq_points,0.75,0.0,0,-0.8292589383281666,-0.0013104183469678267,-0.8292589383281666,2026-01-29 15:59:00-05:00,629.36,629.234128,FORCED_EOD,95.79000000000099,0.217,7.784905999999978,8.001905999999979,87.78809400000101,31,0.0
2026-01-30 09:33:00-05:00,SHORT,625.8,625.67484,31,absolute_qqq_points,0.75,0.0,0,1.79280355585513,0.0028583784631225073,1.79280355585513,2026-01-30 09:36:00-05:00,627.2,627.3254400000001,CONVERGENCE_NEXT_OPEN,-43.40000000000282,0.217,7.768599999998855,7.985599999998855,-51.38560000000167,3,0.0
2026-01-30 09:41:00-05:00,SHORT,627.97,627.844406,31,absolute_qqq_points,0.75,0.0,0,1.1860716525932276,0.0018910279692498876,1.1860716525932276,2026-01-30 09:52:00-05:00,627.59,627.715518,CONVERGENCE_NEXT_OPEN,11.779999999999859,0.217,7.78447199999755,8.00147199999755,3.7785280000023094,11,-4.440892098500626e-16
2026-01-30 09:55:00-05:00,LONG,626.76,626.885352,31,absolute_qqq_points,0.75,0.0,0,-0.8443846508464503,-0.0013462550833794505,-0.8443846508464503,2026-01-30 15:59:00-05:00,621.81,621.6856379999999,FORCED_EOD,-153.4500000000014,0.217,7.741134000001239,7.958134000001238,-161.40813400000266,364,0.0
2026-02-02 09:32:00-05:00,LONG,620.89,621.014178,32,absolute_qqq_points,0.75,0.0,0,-0.7906890631120405,-0.0012739446963275442,-0.7906890631120405,2026-02-02 09:35:00-05:00,621.03,620.905794,CONVERGENCE_NEXT_OPEN,4.479999999999563,0.224,7.948287999999593,8.172287999999593,-3.6922880000000298,3,0.0
2026-02-02 09:36:00-05:00,SHORT,621.84,621.715632,32,absolute_qqq_points,0.75,0.0,0,2.1066595535855868,0.0033942138451936677,2.1066595535855868,2026-02-02 10:16:00-05:00,626.42,626.5452839999999,CONVERGENCE_NEXT_OPEN,-146.55999999999767,0.224,7.988863999999012,8.212863999999012,-154.77286399999667,40,0.0
2026-02-02 10:28:00-05:00,SHORT,626.79,626.664642,31,absolute_qqq_points,0.75,0.0,0,0.8013886966413111,0.0012911837628874837,0.8013886966413111,2026-02-02 15:59:00-05:00,626.24,626.365248,FORCED_EOD,17.04999999999859,0.217,7.768785999998386,7.985785999998385,9.064214000000204,331,1.7763568394002505e-15
2026-02-03 09:32:00-05:00,SHORT,627.22,627.094556,31,absolute_qqq_points,0.75,0.0,0,1.2990982223377614,0.002066850514426801,1.2990982223377614,2026-02-03 09:49:00-05:00,625.14,625.265028,CONVERGENCE_NEXT_OPEN,64.48000000000127,0.217,7.764632000001825,7.981632000001825,56.498367999999445,17,0.0
2026-02-03 09:56:00-05:00,LONG,622.6,622.72452,32,absolute_qqq_points,0.75,0.0,0,-0.8810483316304953,-0.00140173788721569,-0.8810483316304953,2026-02-03 10:05:00-05:00,620.42,620.2959159999999,CONVERGENCE_NEXT_OPEN,-69.76000000000204,0.224,7.955328000000009,8.179328000000009,-77.93932800000205,9,0.0
2026-02-03 10:10:00-05:00,SHORT,620.3,620.17594,32,absolute_qqq_points,0.75,0.0,0,1.1634235846446472,0.001850993707074599,1.1634235846446472,2026-02-03 12:31:00-05:00,615.39,615.513078,CONVERGENCE_NEXT_OPEN,157.11999999999898,0.224,7.908415999998397,8.132415999998397,148.9875840000006,141,0.0
2026-02-03 13:02:00-05:00,LONG,615.0,615.1229999999999,32,absolute_qqq_points,0.75,0.0,0,-0.7863855062549874,-0.001251130407380601,-0.7863855062549874,2026-02-03 15:06:00-05:00,612.81,612.6874379999999,CONVERGENCE_NEXT_OPEN,-70.08000000000175,0.224,7.857983999998396,8.081983999998396,-78.16198400000015,124,0.0
2026-02-03 15:13:00-05:00,LONG,612.29,612.4124579999999,32,absolute_qqq_points,0.75,0.0,0,-0.8299483939621268,-0.0013204384668629998,-0.8299483939621268,2026-02-03 15:41:00-05:00,615.41,615.286918,CONVERGENCE_NEXT_OPEN,99.84000000000015,0.224,7.8572799999965355,8.081279999996536,91.7587200000036,28,0.0
2026-02-04 09:32:00-05:00,SHORT,612.11,611.987578,32,absolute_qqq_points,0.75,0.0,0,0.7725285817367649,0.0012597902575531604,0.7725285817367649,2026-02-04 09:35:00-05:00,612.62,612.742524,CONVERGENCE_NEXT_OPEN,-16.31999999999971,0.224,7.83827200000087,8.06227200000087,-24.38227200000058,3,0.0
2026-02-04 09:37:00-05:00,LONG,613.77,613.892754,32,absolute_qqq_points,0.75,0.0,0,-1.2267618447211817,-0.002000524843809953,-1.2267618447211817,2026-02-04 15:59:00-05:00,605.62,605.498876,FORCED_EOD,-260.7999999999993,0.224,7.804095999999845,8.028095999999845,-268.8280959999991,382,0.0
2026-02-05 09:32:00-05:00,SHORT,598.02,597.900396,33,absolute_qqq_points,0.75,0.0,0,1.0506111123265782,0.001754439677916238,1.0506111123265782,2026-02-05 15:59:00-05:00,597.04,597.159408,FORCED_EOD,32.3400000000006,0.231,7.887396000000081,8.11839600000008,24.221604000000518,387,0.0
2026-02-06 09:32:00-05:00,SHORT,600.06,599.939988,33,absolute_qqq_points,0.75,0.0,0,1.0509163500689738,0.0017524618964596228,1.0509163500689738,2026-02-06 09:34:00-05:00,602.76,602.880552,CONVERGENCE_NEXT_OPEN,-89.1000000000015,0.231,7.938611999998329,8.16961199999833,-97.26961199999982,2,0.0
2026-02-06 09:37:00-05:00,LONG,602.54,602.6605079999999,33,absolute_qqq_points,0.75,0.0,0,-0.8598463480881264,-0.0014338419625268429,-0.8598463480881264,2026-02-06 15:59:00-05:00,609.63,609.508074,FORCED_EOD,233.97000000000105,0.231,8.000322000000097,8.231322000000096,225.73867800000096,382,0.0
2026-02-09 09:34:00-05:00,SHORT,607.31,607.188538,32,absolute_qqq_points,0.75,0.0,0,0.7660797310721819,0.001264393741856436,0.7660797310721819,2026-02-09 09:37:00-05:00,607.38,607.501476,CONVERGENCE_NEXT_OPEN,-2.2400000000016007,0.224,7.774015999999392,7.998015999999392,-10.238016000000993,3,0.0
2026-02-09 09:39:00-05:00,LONG,607.91,608.031582,32,absolute_qqq_points,0.75,0.0,0,-0.7949327127103061,-0.0013120148026121324,-0.7949327127103061,2026-02-09 12:15:00-05:00,615.99,615.866802,CONVERGENCE_NEXT_OPEN,258.5600000000013,0.224,7.83295999999973,8.05695999999973,250.5030400000016,156,0.0
2026-02-09 15:20:00-05:00,SHORT,615.58,615.4568840000001,32,absolute_qqq_points,0.75,0.0,0,0.7644702278638533,0.0012617373006251018,0.7644702278638533,2026-02-09 15:45:00-05:00,614.98,615.102996,CONVERGENCE_NEXT_OPEN,19.200000000000728,0.224,7.875583999997616,8.099583999997616,11.100416000003111,25,0.0
2026-02-10 09:32:00-05:00,LONG,615.21,615.333042,32,absolute_qqq_points,0.75,0.0,0,-1.5499342860622392,-0.002518784896501542,-1.5499342860622392,2026-02-10 09:36:00-05:00,615.29,615.166942,CONVERGENCE_NEXT_OPEN,2.5599999999976717,0.224,7.8751999999985856,8.099199999998586,-5.539200000000914,4,0.0
2026-02-10 09:37:00-05:00,SHORT,614.36,614.237128,32,absolute_qqq_points,0.75,0.0,0,1.0755443736543384,0.001747857924196509,1.0755443736543384,2026-02-10 09:41:00-05:00,613.69,613.8127380000001,CONVERGENCE_NEXT_OPEN,21.43999999999869,0.224,7.859520000001794,8.083520000001794,13.356479999996896,4,0.0
2026-02-10 09:52:00-05:00,SHORT,614.04,613.917192,32,absolute_qqq_points,0.75,0.0,0,1.0711604459092996,0.0017407336408698545,1.0711604459092996,2026-02-10 09:55:00-05:00,615.11,615.233022,CONVERGENCE_NEXT_OPEN,-34.2400000000016,0.224,7.866559999998572,8.090559999998572,-42.33056000000017,3,0.0
2026-02-10 09:59:00-05:00,LONG,615.99,616.113198,32,absolute_qqq_points,0.75,0.0,0,-0.7798614959660881,-0.0012673462191699616,-0.7798614959660881,2026-02-10 12:52:00-05:00,615.76,615.636848,CONVERGENCE_NEXT_OPEN,-7.360000000000582,0.224,7.883200000000215,8.107200000000216,-15.467200000000798,173,0.0
2026-02-10 14:37:00-05:00,SHORT,613.48,613.357304,32,absolute_qqq_points,0.75,0.0,0,0.815715342342628,0.001325611996981604,0.815715342342628,2026-02-10 15:59:00-05:00,611.48,611.602296,FORCED_EOD,64.0,0.224,7.839744000000792,8.063744000000792,55.93625599999921,82,0.0
2026-02-11 09:33:00-05:00,SHORT,616.61,616.486678,32,absolute_qqq_points,0.75,0.0,0,1.2486618405721401,0.0020224847188521806,1.2486618405721401,2026-02-11 10:21:00-05:00,608.86,608.981772,CONVERGENCE_NEXT_OPEN,248.0,0.224,7.843007999999827,8.067007999999827,239.93299200000018,48,0.0
2026-02-11 10:31:00-05:00,LONG,608.75,608.87175,32,absolute_qqq_points,0.75,0.0,0,-0.8085314897339231,-0.0013095960247718544,-0.8085314897339231,2026-02-11 11:15:00-05:00,612.54,612.4174919999999,CONVERGENCE_NEXT_OPEN,121.27999999999884,0.224,7.816256000001886,8.040256000001886,113.23974399999695,44,0.0
2026-02-11 11:30:00-05:00,SHORT,610.96,610.837808,32,absolute_qqq_points,0.75,0.0,0,0.7898792292127155,0.0012793845530584234,0.7898792292127155,2026-02-11 15:59:00-05:00,613.0,613.1226,FORCED_EOD,-65.27999999999884,0.224,7.833344000002398,8.057344000002399,-73.33734400000124,269,0.0
2026-02-12 09:32:00-05:00,SHORT,614.65,614.52707,32,absolute_qqq_points,0.75,0.0,0,0.8386788163711572,0.001364393135354662,0.8386788163711572,2026-02-12 12:32:00-05:00,603.17,603.290634,CONVERGENCE_NEXT_OPEN,367.3600000000006,0.224,7.794047999999748,8.018047999999748,359.34195200000084,180,0.0
2026-02-12 12:41:00-05:00,SHORT,604.14,604.019172,33,absolute_qqq_points,0.75,0.0,0,0.7701195199325639,0.0012528583837912236,0.7701195199325639,2026-02-12 15:59:00-05:00,600.56,600.6801119999999,FORCED_EOD,118.14000000000135,0.231,7.9510199999970155,8.182019999997015,109.95798000000434,198,0.0
2026-02-13 09:32:00-05:00,SHORT,600.53,600.409894,33,absolute_qqq_points,0.75,0.0,0,1.7572698430793707,0.0029268318505651595,1.7572698430793707,2026-02-13 15:59:00-05:00,601.78,601.900356,FORCED_EOD,-41.25,0.231,7.935245999999324,8.166245999999324,-49.416245999999326,387,0.0
2026-02-17 09:33:00-05:00,LONG,598.57,598.689714,33,absolute_qqq_points,0.75,0.0,0,-1.5893798256907985,-0.0026597383163324134,-1.5893798256907985,2026-02-17 15:59:00-05:00,601.2,601.0797600000001,FORCED_EOD,86.78999999999985,0.231,7.918481999996629,8.14948199999663,78.64051800000323,386,0.0
2026-02-18 09:32:00-05:00,SHORT,601.91,601.789618,33,absolute_qqq_points,0.75,0.0,0,1.5034179813004585,0.0025002793635463226,1.5034179813004585,2026-02-18 15:59:00-05:00,605.7,605.82114,FORCED_EOD,-125.07000000000255,0.231,7.970225999997297,8.201225999997297,-133.27122599999984,387,0.0
2026-02-19 09:38:00-05:00,SHORT,602.22,602.099556,33,absolute_qqq_points,0.75,0.0,0,0.8606364350810054,0.0014263352642255298,0.8606364350810054,2026-02-19 09:46:00-05:00,601.47,601.590294,CONVERGENCE_NEXT_OPEN,24.75,0.231,7.944353999998839,8.175353999998839,16.57464600000116,8,0.0
2026-02-19 09:52:00-05:00,LONG,602.93,603.050586,33,absolute_qqq_points,0.75,0.0,0,-0.8797864089386849,-0.0014580725715353164,-0.8797864089386849,2026-02-19 10:32:00-05:00,604.37,604.249126,CONVERGENCE_NEXT_OPEN,47.5200000000018,0.231,7.968179999998711,8.19917999999871,39.32082000000309,40,0.0
2026-02-19 12:21:00-05:00,SHORT,603.99,603.869202,33,absolute_qqq_points,0.75,0.0,0,0.7909818302363192,0.0013108964852522138,0.7909818302363192,2026-02-19 15:59:00-05:00,603.5,603.6206999999999,FORCED_EOD,16.1700000000003,0.231,7.969433999999296,8.200433999999296,7.969566000001004,218,0.0
2026-02-20 09:44:00-05:00,SHORT,604.79,604.669042,33,absolute_qqq_points,0.75,0.0,0,0.7828101272214099,0.0013037491917814465,0.7828101272214099,2026-02-20 10:06:00-05:00,604.5,604.6209,CONVERGENCE_NEXT_OPEN,9.5699999999988,0.231,7.9813139999993155,8.212313999999315,1.357685999999484,22,2.220446049250313e-16
2026-02-20 10:23:00-05:00,SHORT,607.685,607.563463,32,absolute_qqq_points,0.75,0.0,0,0.8283785667819075,0.0013796422010589685,0.8283785667819075,2026-02-20 10:46:00-05:00,608.3401,608.46176802,CONVERGENCE_NEXT_OPEN,-20.96320000000196,0.224,7.782560640000156,8.006560640000156,-28.969760640002118,23,0.0
2026-02-20 10:52:00-05:00,LONG,609.03,609.151806,32,absolute_qqq_points,0.75,0.0,0,-0.7648313065285492,-0.0012738059499501284,-0.7648313065285492,2026-02-20 11:08:00-05:00,609.59,609.4680820000001,CONVERGENCE_NEXT_OPEN,17.92000000000189,0.224,7.799167999997735,8.023167999997735,9.896832000004157,16,0.0
2026-02-20 11:47:00-05:00,LONG,609.62,609.741924,32,absolute_qqq_points,0.75,0.0,0,-0.8129937716536233,-0.0013540192389682876,-0.8129937716536233,2026-02-20 15:59:00-05:00,608.79,608.668242,FORCED_EOD,-26.56000000000131,0.224,7.797824000001128,8.021824000001128,-34.581824000002435,252,-7.105427357601002e-15
2026-02-23 09:38:00-05:00,SHORT,607.132,607.0105735999999,32,absolute_qqq_points,0.75,0.0,0,1.0392399063924813,0.0017110491239154457,1.0392399063924813,2026-02-23 10:44:00-05:00,603.02,603.1406039999999,CONVERGENCE_NEXT_OPEN,131.58399999999892,0.224,7.744972799999232,7.968972799999232,123.61502719999969,66,1.4210854715202004e-14
2026-02-23 12:32:00-05:00,LONG,600.74,600.860148,33,absolute_qqq_points,0.75,0.0,0,-0.7854720826616131,-0.0012932349023851136,-0.7854720826616131,2026-02-23 15:09:00-05:00,599.57,599.450086,CONVERGENCE_NEXT_OPEN,-38.60999999999865,0.231,7.922045999998886,8.153045999998886,-46.76304599999754,157,0.0
2026-02-24 09:36:00-05:00,SHORT,600.7,600.57986,33,absolute_qqq_points,0.75,0.0,0,0.7825312350001923,0.0012986345962364117,0.7825312350001923,2026-02-24 09:38:00-05:00,600.41,600.530082,CONVERGENCE_NEXT_OPEN,9.570000000002551,0.231,7.927326000000562,8.158326000000562,1.411674000001989,2,2.220446049250313e-16
2026-02-24 09:39:00-05:00,LONG,602.22,602.340444,33,absolute_qqq_points,0.75,0.0,0,-0.8296009203069161,-0.0013767481833232486,-0.8296009203069161,2026-02-24 15:59:00-05:00,607.8,607.67844,FORCED_EOD,184.1399999999976,0.231,7.986131999998406,8.217131999998406,175.9228679999992,380,0.0
2026-02-25 09:34:00-05:00,SHORT,612.755,612.6324490000001,32,absolute_qqq_points,0.75,0.0,0,0.9238737397062096,0.0015087840538699627,0.9238737397062096,2026-02-25 09:54:00-05:00,615.2,615.32304,CONVERGENCE_NEXT_OPEN,-78.2400000000016,0.224,7.858911999996053,8.082911999996053,-86.32291199999766,20,0.0
2026-02-25 09:56:00-05:00,LONG,615.28,615.403056,32,absolute_qqq_points,0.75,0.0,0,-1.0129197254256042,-0.0016542056169477088,-1.0129197254256042,2026-02-25 15:59:00-05:00,616.52,616.396696,FORCED_EOD,39.68000000000029,0.224,7.8835199999994074,8.107519999999408,31.572480000000883,363,3.552713678800501e-15
2026-02-26 09:33:00-05:00,SHORT,614.15,614.02717,32,absolute_qqq_points,0.75,0.0,0,1.2014890952657424,0.001955612316914245,1.2014890952657424,2026-02-26 15:59:00-05:00,609.26,609.381852,FORCED_EOD,156.47999999999956,0.224,7.829824000000372,8.053824000000372,148.4261759999992,386,0.0
2026-02-27 09:34:00-05:00,SHORT,604.86,604.7390280000001,33,absolute_qqq_points,0.75,0.0,0,1.1580683218943477,0.0019195878100674185,1.1580683218943477,2026-02-27 09:52:00-05:00,605.41,605.531082,CONVERGENCE_NEXT_OPEN,-18.1499999999985,0.231,7.987781999997992,8.218781999997992,-26.368781999996493,18,0.0
2026-02-27 09:59:00-05:00,SHORT,604.59,604.4690820000001,33,absolute_qqq_points,0.75,0.0,0,0.8318810278908586,0.0013789071425020188,0.8318810278908586,2026-02-27 15:59:00-05:00,607.45,607.57149,FORCED_EOD,-94.38000000000045,0.231,7.999463999998511,8.230463999998511,-102.61046399999896,360,0.0
2026-03-02 09:32:00-05:00,LONG,601.35,601.47027,33,absolute_qqq_points,0.75,0.0,0,-1.8633954921939448,-0.0031064875503365487,-1.8633954921939448,2026-03-02 15:59:00-05:00,608.08,607.958384,FORCED_EOD,222.0900000000006,0.231,7.982238000000734,8.213238000000734,213.87676199999987,387,0.0
2026-03-03 09:34:00-05:00,SHORT,597.61,597.490478,33,absolute_qqq_points,0.75,0.0,0,0.80970456092939,0.0013537267164820512,0.80970456092939,2026-03-03 09:39:00-05:00,599.03,599.149806,CONVERGENCE_NEXT_OPEN,-46.85999999999865,0.231,7.897824000000014,8.128824000000014,-54.988823999998665,5,0.0
2026-03-03 10:09:00-05:00,LONG,595.06,595.179012,33,absolute_qqq_points,0.75,0.0,0,-0.8906366608322287,-0.0014890352612847465,-0.8906366608322287,2026-03-03 15:59:00-05:00,601.67,601.549666,FORCED_EOD,218.13000000000045,0.231,7.8984179999985145,8.129417999998514,210.00058200000194,350,0.0
2026-03-04 09:33:00-05:00,LONG,605.79,605.911158,33,absolute_qqq_points,0.75,0.0,0,-0.9077000886638871,-0.0014977560700018579,-0.9077000886638871,2026-03-04 10:44:00-05:00,609.23,609.108154,CONVERGENCE_NEXT_OPEN,113.5200000000018,0.231,8.019132000001377,8.250132000001377,105.26986800000043,71,0.0
2026-03-04 10:57:00-05:00,SHORT,610.11,609.987978,32,absolute_qqq_points,0.75,0.0,0,0.7680537624189583,0.0012673317972725102,0.7680537624189583,2026-03-04 11:21:00-05:00,609.5425,609.6644085,CONVERGENCE_NEXT_OPEN,18.159999999999854,0.224,7.80577600000106,8.02977600000106,10.130223999998794,24,0.0
2026-03-04 11:59:00-05:00,SHORT,611.29,611.167742,32,absolute_qqq_points,0.75,0.0,0,0.912213706965872,0.0015052037934226636,0.912213706965872,2026-03-04 12:09:00-05:00,611.55,611.6723099999999,CONVERGENCE_NEXT_OPEN,-8.319999999999709,0.224,7.826175999998668,8.050175999998668,-16.370175999998377,10,0.0
2026-03-04 13:13:00-05:00,LONG,611.8238,611.94616476,32,absolute_qqq_points,0.75,0.0,0,-0.7763487714636312,-0.0012810190275618309,-0.7763487714636312,2026-03-04 15:17:00-05:00,611.37,611.2477260000001,CONVERGENCE_NEXT_OPEN,-14.521600000000035,0.224,7.828440319997753,8.052440319997753,-22.57404031999779,124,0.0
2026-03-04 15:45:00-05:00,SHORT,611.64,611.517672,32,absolute_qqq_points,0.75,0.0,0,0.7507170866963406,0.0012387253097094798,0.7507170866963406,2026-03-04 15:59:00-05:00,610.55,610.67211,FORCED_EOD,34.88000000000102,0.224,7.822016000001895,8.046016000001895,26.833983999999123,14,3.552713678800501e-15
2026-03-05 09:37:00-05:00,LONG,610.4,610.52208,32,absolute_qqq_points,0.75,0.0,0,-0.9776996504853059,-0.0016064205094891712,-0.9776996504853059,2026-03-05 09:51:00-05:00,610.51,610.387898,CONVERGENCE_NEXT_OPEN,3.5200000000004366,0.224,7.81382400000075,8.03782400000075,-4.517824000000314,14,0.0
2026-03-05 10:07:00-05:00,SHORT,611.56,611.437688,32,absolute_qqq_points,0.75,0.0,0,0.8872524492543334,0.001457810208758137,0.8872524492543334,2026-03-05 10:21:00-05:00,610.125,610.247025,CONVERGENCE_NEXT_OPEN,45.919999999998254,0.224,7.818783999999141,8.042783999999141,37.877215999999116,14,0.0
2026-03-05 10:41:00-05:00,LONG,608.93,609.051786,32,absolute_qqq_points,0.75,0.0,0,-0.8350231259319116,-0.00137199422617048,-0.8350231259319116,2026-03-05 15:59:00-05:00,608.9,608.77822,FORCED_EOD,-0.9599999999991269,0.224,7.794111999999586,8.018111999999586,-8.978111999998713,318,0.0
2026-03-06 09:34:00-05:00,SHORT,600.64,600.519872,33,absolute_qqq_points,0.75,0.0,0,0.7572112934219604,0.0012614723945776076,0.7572112934219604,2026-03-06 09:41:00-05:00,600.02,600.140004,CONVERGENCE_NEXT_OPEN,20.46000000000015,0.231,7.924356000000557,8.155356000000557,12.304643999999593,7,-1.7763568394002505e-15
2026-03-06 09:50:00-05:00,SHORT,600.08,599.9599840000001,33,absolute_qqq_points,0.75,0.0,0,0.7578658455557843,0.0012625628424551758,0.7578658455557843,2026-03-06 15:59:00-05:00,599.81,599.9299619999999,FORCED_EOD,8.910000000003151,0.231,7.919273999998381,8.150273999998381,0.75972600000477,369,1.1102230246251565e-16
2026-03-09 09:32:00-04:00,SHORT,595.57,595.4508860000001,33,absolute_qqq_points,0.75,0.0,0,0.9173301506044709,0.0015387830888791954,0.9173301506044709,2026-03-09 10:13:00-04:00,591.76,591.878352,CONVERGENCE_NEXT_OPEN,125.73000000000195,0.231,7.8363779999975804,8.06737799999758,117.66262200000438,41,0.0
2026-03-09 11:07:00-04:00,SHORT,598.12,598.0003760000001,33,absolute_qqq_points,0.75,0.0,0,0.8467435112355588,0.0014203769437305227,0.8467435112355588,2026-03-09 15:59:00-04:00,607.755,607.876551,FORCED_EOD,-317.9549999999997,0.231,7.958774999996194,8.189774999996194,-326.1447749999959,292,0.0
2026-03-10 10:13:00-04:00,LONG,606.38,606.501276,32,absolute_qqq_points,0.75,0.0,0,-0.9417690367965861,-0.0015460633627682099,-0.9417690367965861,2026-03-10 15:59:00-04:00,607.65,607.52847,FORCED_EOD,40.63999999999942,0.224,7.769791999999143,7.993791999999143,32.64620800000028,346,0.0
2026-03-11 10:15:00-04:00,SHORT,610.55,610.4278899999999,32,absolute_qqq_points,0.75,0.0,0,0.7647853853554807,0.0012534383108342199,0.7647853853554807,2026-03-11 15:59:00-04:00,607.73,607.851546,FORCED_EOD,90.23999999999796,0.224,7.796991999999591,8.020991999999591,82.21900799999837,344,0.0
2026-03-12 10:49:00-04:00,LONG,599.48,599.5998960000001,33,absolute_qqq_points,0.75,0.0,0,-0.8113502720588031,-0.001345835305143395,-0.8113502720588031,2026-03-12 15:59:00-04:00,597.34,597.220532,FORCED_EOD,-70.61999999999955,0.231,7.899012000000766,8.130012000000766,-78.75001200000031,310,0.0
2026-03-13 09:41:00-04:00,SHORT,600.69,600.5698620000001,33,absolute_qqq_points,0.75,0.0,0,0.770016879663217,0.0012827628434451245,0.770016879663217,2026-03-13 15:59:00-04:00,593.69,593.8087380000001,FORCED_EOD,231.0,0.231,7.882908000000157,8.113908000000157,222.88609199999985,378,0.0
2026-03-16 10:18:00-04:00,LONG,602.18,602.300436,33,absolute_qqq_points,0.75,0.0,0,-0.753383082496839,-0.0012559733970670716,-0.753383082496839,2026-03-16 15:59:00-04:00,600.31,600.189938,FORCED_EOD,-61.71000000000015,0.231,7.936434000000077,8.167434000000076,-69.87743400000022,341,0.0
2026-03-17 09:52:00-04:00,LONG,605.4799,605.60099598,33,absolute_qqq_points,0.75,0.0,0,-1.2540888746949577,-0.00207912874215818,-1.2540888746949577,2026-03-17 09:58:00-04:00,605.04,604.918992,CONVERGENCE_NEXT_OPEN,-14.51670000000263,0.231,7.989431339997054,8.220431339997054,-22.737131339999685,6,0.0
2026-03-17 10:01:00-04:00,SHORT,605.21,605.088958,33,absolute_qqq_points,0.75,0.0,0,0.7627892320621186,0.0012646129381977639,0.7627892320621186,2026-03-17 15:59:00-04:00,603.4,603.52068,FORCED_EOD,59.73000000000195,0.231,7.976825999999392,8.207825999999391,51.52217400000256,358,0.0
2026-03-18 09:37:00-04:00,LONG,602.21,602.3304420000001,33,absolute_qqq_points,0.75,0.0,0,-0.8044614333128948,-0.0013376701197441252,-0.8044614333128948,2026-03-18 11:36:00-04:00,600.86,600.739828,CONVERGENCE_NEXT_OPEN,-44.55000000000075,0.231,7.940262000001667,8.171262000001667,-52.72126200000242,119,0.0
2026-03-18 12:22:00-04:00,SHORT,600.84,600.719832,33,absolute_qqq_points,0.75,0.0,0,0.7703372416530101,0.0012809279197410393,0.7703372416530101,2026-03-18 15:57:00-04:00,595.34,595.459068,CONVERGENCE_NEXT_OPEN,181.5,0.231,7.894788000000176,8.125788000000176,173.37421199999983,215,0.0
2026-03-19 09:44:00-04:00,LONG,589.81,589.927962,33,absolute_qqq_points,0.75,0.0,0,-0.8223777202707652,-0.0013982448699664989,-0.8223777202707652,2026-03-19 10:00:00-04:00,591.28,591.161744,CONVERGENCE_NEXT_OPEN,48.5100000000009,0.231,7.795194000000265,8.026194000000265,40.483806000000634,16,0.0
2026-03-19 10:06:00-04:00,SHORT,591.38,591.261724,33,absolute_qqq_points,0.75,0.0,0,0.81334522455154,0.0013828874004107022,0.81334522455154,2026-03-19 11:13:00-04:00,592.29,592.408458,CONVERGENCE_NEXT_OPEN,-30.02999999999895,0.231,7.8122220000022935,8.043222000002293,-38.073222000001245,67,0.0
2026-03-19 12:33:00-04:00,SHORT,590.15,590.03197,33,absolute_qqq_points,0.75,0.0,0,0.8661713061935643,0.001472704762719572,0.8661713061935643,2026-03-19 15:59:00-04:00,592.99,593.108598,FORCED_EOD,-93.72000000000105,0.231,7.80872399999987,8.03972399999987,-101.75972400000092,206,0.0
2026-03-20 09:37:00-04:00,LONG,589.36,589.477872,33,absolute_qqq_points,0.75,0.0,0,-0.7627226783699825,-0.0012936053974151609,-0.7627226783699825,2026-03-20 15:59:00-04:00,582.11,581.9935780000001,FORCED_EOD,-239.25,0.231,7.731701999999245,7.962701999999245,-247.21270199999924,382,0.0
2026-03-23 09:32:00-04:00,LONG,590.49,590.608098,33,absolute_qqq_points,0.75,0.0,0,-1.1555062027551912,-0.0019586842776474463,-1.1555062027551912,2026-03-23 10:02:00-04:00,592.91,592.791418,CONVERGENCE_NEXT_OPEN,79.85999999999865,0.231,7.810439999999289,8.04143999999929,71.81855999999937,30,0.0
2026-03-23 10:09:00-04:00,SHORT,592.06,591.9415879999999,33,absolute_qqq_points,0.75,0.0,0,0.9575661787333729,0.0016231585902522273,0.9575661787333729,2026-03-23 10:17:00-04:00,593.538,593.6567076,CONVERGENCE_NEXT_OPEN,-48.77400000000216,0.231,7.82494680000093,8.05594680000093,-56.82994680000309,8,0.0
2026-03-23 10:26:00-04:00,SHORT,594.465,594.3461070000001,33,absolute_qqq_points,0.75,0.0,0,0.8064141851542672,0.0013669427147748603,0.8064141851542672,2026-03-23 11:27:00-04:00,593.37,593.488674,CONVERGENCE_NEXT_OPEN,36.1350000000009,0.231,7.839710999996669,8.070710999996669,28.06428900000423,61,0.0
2026-03-23 11:59:00-04:00,LONG,587.57,587.6875140000001,34,absolute_qqq_points,0.75,0.0,0,-0.7664401983279276,-0.0012991833039426308,-0.7664401983279276,2026-03-23 13:36:00-04:00,589.52,589.402096,CONVERGENCE_NEXT_OPEN,66.29999999999768,0.23800000000000002,8.00421199999937,8.24221199999937,58.05778799999831,97,0.0
2026-03-23 14:33:00-04:00,SHORT,589.86,589.742028,33,absolute_qqq_points,0.75,0.0,0,0.8430772145230776,0.0014290897625574344,0.8430772145230776,2026-03-23 15:42:00-04:00,590.135,590.253027,CONVERGENCE_NEXT_OPEN,-9.07499999999925,0.231,7.787966999999753,8.018966999999753,-17.093966999999004,69,0.0
2026-03-24 09:47:00-04:00,LONG,584.05,584.1668099999999,34,absolute_qqq_points,0.75,0.0,0,-0.886201758833181,-0.001514797119520686,-0.886201758833181,2026-03-24 09:59:00-04:00,583.71,583.5932580000001,CONVERGENCE_NEXT_OPEN,-11.559999999997217,0.23800000000000002,7.940767999997206,8.178767999997206,-19.738767999994423,12,0.0
2026-03-24 10:07:00-04:00,SHORT,584.24,584.123152,34,absolute_qqq_points,0.75,0.0,0,1.0692496962792575,0.0018276835312364403,1.0692496962792575,2026-03-24 15:59:00-04:00,583.93,584.0467859999999,FORCED_EOD,10.54000000000201,0.23800000000000002,7.943555999997898,8.181555999997897,2.3584440000041123,352,4.440892098500626e-16
2026-03-25 09:36:00-04:00,LONG,590.29,590.408058,33,absolute_qqq_points,0.75,0.0,0,-0.8822067611197326,-0.0014960390729441457,-0.8822067611197326,2026-03-25 09:41:00-04:00,591.0,590.8818,CONVERGENCE_NEXT_OPEN,23.4300000000012,0.231,7.796514000000684,8.027514000000684,15.402486000000517,5,-1.7763568394002505e-15
2026-03-25 11:19:00-04:00,LONG,586.26,586.377252,34,absolute_qqq_points,0.75,0.0,0,-0.9605280009911894,-0.0016288555965223005,-0.9605280009911894,2026-03-25 11:31:00-04:00,589.21,589.092158,CONVERGENCE_NEXT_OPEN,100.30000000000155,0.23800000000000002,7.993196000000125,8.231196000000125,92.06880400000142,12,0.0
2026-03-25 13:42:00-04:00,SHORT,589.67,589.552066,33,absolute_qqq_points,0.75,0.0,0,0.8242409560945134,0.0013977411307447402,0.8242409560945134,2026-03-25 15:59:00-04:00,587.74,587.857548,FORCED_EOD,63.68999999999835,0.231,7.770905999997808,8.001905999997808,55.68809400000054,137,0.0
2026-03-26 09:59:00-04:00,LONG,582.609,582.7255218,34,absolute_qqq_points,0.75,0.0,0,-1.0208660490663988,-0.0017558151578315742,-1.0208660490663988,2026-03-26 15:59:00-04:00,573.69,573.5752620000001,FORCED_EOD,-303.2459999999994,0.23800000000000002,7.862833199999159,8.100833199999158,-311.34683319999857,360,0.0
2026-03-27 10:15:00-04:00,SHORT,567.63,567.516474,35,absolute_qqq_points,0.75,0.0,0,0.8074066682393095,0.0014150630380304072,0.8074066682393095,2026-03-27 15:59:00-04:00,562.5,562.6125,FORCED_EOD,179.54999999999984,0.245,7.910909999997671,8.15590999999767,171.39409000000217,344,0.0
2026-03-30 09:39:00-04:00,LONG,565.05,565.16301,35,absolute_qqq_points,0.75,0.0,0,-1.1865662390233638,-0.0020934552327695807,-1.1865662390233638,2026-03-30 15:59:00-04:00,558.29,558.1783419999999,FORCED_EOD,-236.59999999999968,0.245,7.86338000000228,8.10838000000228,-244.70838000000197,380,0.0
2026-03-31 09:38:00-04:00,LONG,565.64,565.753128,35,absolute_qqq_points,0.75,0.0,0,-0.8075062609505039,-0.0014288858509555213,-0.8075062609505039,2026-03-31 09:58:00-04:00,567.65,567.53647,CONVERGENCE_NEXT_OPEN,70.34999999999968,0.245,7.93302999999753,8.178029999997529,62.171970000002155,20,-7.105427357601002e-15
2026-03-31 11:56:00-04:00,LONG,566.65,566.76333,35,absolute_qqq_points,0.75,0.0,0,-0.7864453622445353,-0.0013916184988310857,-0.7864453622445353,2026-03-31 12:43:00-04:00,574.89,574.775022,CONVERGENCE_NEXT_OPEN,288.4000000000003,0.245,7.990779999998949,8.235779999998948,280.16422000000136,47,0.0
2026-03-31 12:46:00-04:00,LONG,574.12,574.234824,34,absolute_qqq_points,0.75,0.0,0,-0.8364684597220275,-0.0014801345880097495,-0.8364684597220275,2026-03-31 15:59:00-04:00,577.14,577.024572,FORCED_EOD,102.67999999999938,0.23800000000000002,7.828567999998313,8.066567999998313,94.61343200000107,193,0.0
2026-04-01 09:38:00-04:00,SHORT,583.61,583.493278,34,absolute_qqq_points,0.75,0.0,0,0.8118872398351868,0.0013965069402190186,0.8118872398351868,2026-04-01 15:59:00-04:00,584.26,584.376852,FORCED_EOD,-22.099999999999227,0.23800000000000002,7.941515999999183,8.179515999999182,-30.27951599999841,381,0.0
2026-04-02 09:32:00-04:00,SHORT,575.15,575.03497,34,absolute_qqq_points,0.75,0.0,0,0.7589851347373724,0.0013205942524965328,0.7589851347373724,2026-04-02 14:07:00-04:00,582.91,583.026582,CONVERGENCE_NEXT_OPEN,-263.8399999999997,0.23800000000000002,7.874807999997529,8.112807999997528,-271.9528079999972,275,0.0
2026-04-06 09:51:00-04:00,LONG,588.95,589.0677900000001,33,absolute_qqq_points,0.75,0.0,0,-0.7997115218590807,-0.0013606784099144884,-0.7997115218590807,2026-04-06 15:59:00-04:00,588.52,588.402296,FORCED_EOD,-14.190000000002101,0.231,7.77130200000056,8.00230200000056,-22.192302000002663,368,0.0
2026-04-07 09:51:00-04:00,SHORT,583.55,583.4332899999999,34,absolute_qqq_points,0.75,0.0,0,0.8269438324898601,0.0014115523564281777,0.8269438324898601,2026-04-07 14:02:00-04:00,585.36,585.477072,CONVERGENCE_NEXT_OPEN,-61.54000000000201,0.23800000000000002,7.948588000000655,8.186588000000654,-69.72658800000266,251,0.0
2026-04-08 09:33:00-04:00,SHORT,607.515,607.393497,32,absolute_qqq_points,0.75,0.0,0,1.0530879471840535,0.0017312552561057756,1.0530879471840535,2026-04-08 15:59:00-04:00,605.89,606.011178,FORCED_EOD,52.0,0.224,7.765791999998328,7.989791999998328,44.010208000001676,386,0.0
2026-04-09 09:37:00-04:00,SHORT,605.33,605.208934,33,absolute_qqq_points,0.75,0.0,0,0.9097479602294243,0.0015017298782261674,0.9097479602294243,2026-04-09 10:14:00-04:00,604.42,604.5408839999999,CONVERGENCE_NEXT_OPEN,30.0300000000027,0.231,7.984349999999154,8.215349999999153,21.814650000003546,37,0.0
2026-04-09 10:37:00-04:00,LONG,603.05,603.1706099999999,33,absolute_qqq_points,0.75,0.0,0,-1.1377992629063556,-0.0018781763996472854,-1.1377992629063556,2026-04-09 15:59:00-04:00,610.04,609.917992,FORCED_EOD,230.6700000000003,0.231,8.006393999996021,8.237393999996021,222.43260600000428,322,0.0
2026-04-10 09:33:00-04:00,LONG,612.845,612.967569,32,absolute_qqq_points,0.75,0.0,0,-1.2198238278016333,-0.001992777308139613,-1.2198238278016333,2026-04-10 15:59:00-04:00,611.02,610.897796,FORCED_EOD,-58.400000000001455,0.224,7.8327360000002955,8.056736000000296,-66.45673600000175,386,1.4210854715202004e-14
2026-04-13 09:36:00-04:00,SHORT,609.24,609.118152,32,absolute_qqq_points,0.75,0.0,0,0.9147562226903574,0.0015001290990928739,0.9147562226903574,2026-04-13 10:03:00-04:00,611.53,611.652306,CONVERGENCE_NEXT_OPEN,-73.27999999999884,0.224,7.812927999999374,8.036927999999374,-81.31692799999821,27,0.0
2026-04-13 10:27:00-04:00,LONG,611.11,611.232222,32,absolute_qqq_points,0.75,0.0,0,-0.8989156994261975,-0.0014741518722601117,-0.8989156994261975,2026-04-13 15:59:00-04:00,617.32,617.196536,FORCED_EOD,198.72000000000116,0.224,7.861951999999292,8.085951999999292,190.63404800000188,332,0.0
2026-04-14 09:32:00-04:00,LONG,621.44,621.564288,32,absolute_qqq_points,0.75,0.0,0,-0.9257497616567889,-0.001490764362802674,-0.9257497616567889,2026-04-14 10:18:00-04:00,623.12,622.995376,CONVERGENCE_NEXT_OPEN,53.7599999999984,0.224,7.9651840000005905,8.18918400000059,45.57081599999781,46,0.0
2026-04-14 10:28:00-04:00,LONG,623.35,623.4746700000001,32,absolute_qqq_points,0.75,0.0,0,-0.8480269386141117,-0.0013656048223224197,-0.8480269386141117,2026-04-14 10:50:00-04:00,623.69,623.5652620000001,CONVERGENCE_NEXT_OPEN,10.880000000001019,0.224,7.981056000000535,8.205056000000535,2.674944000000483,22,0.0
2026-04-14 12:34:00-04:00,LONG,626.43,626.5552859999999,31,absolute_qqq_points,0.75,0.0,0,-0.8408755123847413,-0.001354088652610639,-0.8408755123847413,2026-04-14 14:17:00-04:00,626.76,626.634648,CONVERGENCE_NEXT_OPEN,10.230000000001269,0.217,7.769777999999405,7.986777999999405,2.2432220000018632,103,-4.440892098500626e-16
2026-04-14 15:01:00-04:00,SHORT,626.59,626.464682,31,absolute_qqq_points,0.75,0.0,0,0.8780957988328737,0.0014140256668109287,0.8780957988328737,2026-04-14 15:38:00-04:00,627.89,628.015578,CONVERGENCE_NEXT_OPEN,-40.29999999999859,0.217,7.777776000000358,7.994776000000358,-48.29477599999895,37,0.0
2026-04-15 09:32:00-04:00,LONG,628.475,628.600695,31,absolute_qqq_points,0.75,0.0,0,-0.9394293383620607,-0.0014935283598760075,-0.9394293383620607,2026-04-15 15:59:00-04:00,637.365,637.237527,FORCED_EOD,275.5899999999996,0.217,7.848207999998749,8.06520799999875,267.52479200000084,387,0.0
2026-04-16 09:32:00-04:00,SHORT,637.66,637.532468,31,absolute_qqq_points,0.75,0.0,0,1.0495724847486372,0.0016445875492380486,1.0495724847486372,2026-04-16 15:59:00-04:00,640.41,640.5380819999999,FORCED_EOD,-85.25,0.217,7.924033999997619,8.14103399999762,-93.39103399999762,387,0.0
2026-04-17 09:34:00-04:00,LONG,644.3,644.42886,31,absolute_qqq_points,0.75,0.0,0,-1.3740423454923985,-0.0021286810725067544,-1.3740423454923985,2026-04-17 14:19:00-04:00,647.7,647.57046,CONVERGENCE_NEXT_OPEN,105.40000000000282,0.217,8.010400000001596,8.227400000001596,97.17260000000122,285,0.0
2026-04-17 14:28:00-04:00,SHORT,648.01,647.880398,30,absolute_qqq_points,0.75,0.0,0,0.767073912159276,0.001188359094888122,0.767073912159276,2026-04-17 15:59:00-04:00,648.73,648.859746,FORCED_EOD,-21.60000000000082,0.21,7.780439999997952,7.990439999997952,-29.59043999999877,91,0.0
2026-04-20 09:34:00-04:00,LONG,647.8,647.9295599999999,30,absolute_qqq_points,0.75,0.0,0,-1.850530914806427,-0.0028554046248396143,-1.850530914806427,2026-04-20 15:59:00-04:00,646.8,646.6706399999999,FORCED_EOD,-30.0,0.21,7.767599999999675,7.977599999999675,-37.977599999999676,385,0.0
2026-04-21 09:32:00-04:00,SHORT,646.92,646.790616,30,absolute_qqq_points,0.75,0.0,0,1.0610392132695097,0.001638544071144333,1.0610392132695097,2026-04-21 09:50:00-04:00,647.47,647.599494,CONVERGENCE_NEXT_OPEN,-16.500000000002046,0.21,7.766339999999445,7.976339999999445,-24.476340000001493,18,0.0
2026-04-21 10:06:00-04:00,SHORT,649.18,649.050164,30,absolute_qqq_points,0.75,0.0,0,1.0045065657490113,0.001551241704500132,1.0045065657490113,2026-04-21 15:59:00-04:00,644.3,644.42886,FORCED_EOD,146.39999999999986,0.21,7.760879999999588,7.970879999999588,138.42912000000027,353,0.0
2026-04-22 09:33:00-04:00,LONG,649.11,649.239822,30,absolute_qqq_points,0.75,0.0,0,-0.9118847203701534,-0.0014032233905827407,-0.9118847203701534,2026-04-22 15:59:00-04:00,655.08,654.9489840000001,FORCED_EOD,179.10000000000082,0.21,7.825139999997646,8.035139999997646,171.06486000000316,386,0.0
2026-04-23 09:33:00-04:00,SHORT,653.2599,653.12924802,30,absolute_qqq_points,0.75,0.0,0,0.8911842427762622,0.001364774717493883,0.8911842427762622,2026-04-23 15:59:00-04:00,651.41,651.5402819999999,FORCED_EOD,55.497000000001435,0.21,7.82801940000013,8.038019400000131,47.458980600001304,386,0.0
2026-04-24 09:33:00-04:00,LONG,658.41,658.5416819999999,30,absolute_qqq_points,0.75,0.0,0,-1.0217963227327118,-0.001553023562532526,-1.0217963227327118,2026-04-24 15:59:00-04:00,663.93,663.7972139999999,FORCED_EOD,165.59999999999945,0.21,7.934039999998959,8.14403999999896,157.4559600000005,386,0.0
2026-04-27 09:32:00-04:00,LONG,662.89,663.022578,30,absolute_qqq_points,0.75,0.0,0,-0.7860423611319902,-0.001186120961418281,-0.7860423611319902,2026-04-27 09:34:00-04:00,662.67,662.537466,CONVERGENCE_NEXT_OPEN,-6.6000000000008185,0.21,7.953359999997929,8.16335999999793,-14.763359999998748,2,0.0
2026-04-27 09:41:00-04:00,LONG,662.7201,662.85264402,30,absolute_qqq_points,0.75,0.0,0,-1.215370111708694,-0.0018339672728364636,-1.215370111708694,2026-04-27 09:48:00-04:00,661.86,661.727628,CONVERGENCE_NEXT_OPEN,-25.802999999999656,0.21,7.947480599999608,8.157480599999609,-33.960480599999265,7,0.0
2026-04-27 09:50:00-04:00,LONG,661.98,662.112396,30,absolute_qqq_points,0.75,0.0,0,-1.0258000985693343,-0.0015479102136251148,-1.0258000985693343,2026-04-27 09:56:00-04:00,662.735,662.6024530000001,CONVERGENCE_NEXT_OPEN,22.649999999999864,0.21,7.948289999997087,8.158289999997088,14.491710000002776,6,0.0
2026-04-27 10:27:00-04:00,LONG,662.28,662.4124559999999,30,absolute_qqq_points,0.75,0.0,0,-0.8089734851164394,-0.001220723532694248,-0.8089734851164394,2026-04-27 15:59:00-04:00,664.28,664.147144,FORCED_EOD,60.0,0.21,7.959359999996423,8.169359999996423,51.83064000000358,332,0.0
2026-04-28 09:32:00-04:00,SHORT,655.65,655.51887,30,absolute_qqq_points,0.75,0.0,0,0.808723479028572,0.001233223762585852,0.808723479028572,2026-04-28 09:47:00-04:00,658.9,659.0317799999999,CONVERGENCE_NEXT_OPEN,-97.5,0.21,7.887299999997595,8.097299999997595,-105.59729999999759,15,0.0
2026-04-28 09:49:00-04:00,LONG,659.54,659.6719079999999,30,absolute_qqq_points,0.75,0.0,0,-0.9510146775504609,-0.0014502038451165312,-0.9510146775504609,2026-04-28 15:59:00-04:00,657.57,657.438486,FORCED_EOD,-59.09999999999741,0.21,7.902659999999742,8.112659999999742,-67.21265999999714,370,-1.4210854715202004e-14
2026-04-29 09:42:00-04:00,LONG,657.91,658.041582,30,absolute_qqq_points,0.75,0.0,0,-0.7838611097226931,-0.001192601381049882,-0.7838611097226931,2026-04-29 12:30:00-04:00,658.43,658.298314,CONVERGENCE_NEXT_OPEN,15.599999999999454,0.21,7.8980399999977635,8.108039999997764,7.491960000001691,168,-8.881784197001252e-16
2026-04-29 13:07:00-04:00,LONG,658.26,658.391652,30,absolute_qqq_points,0.75,0.0,0,-0.7533584837530043,-0.0011461933204816523,-0.7533584837530043,2026-04-29 14:03:00-04:00,658.76,658.628248,CONVERGENCE_NEXT_OPEN,15.0,0.21,7.902120000001105,8.112120000001106,6.887879999998895,56,-8.881784197001252e-16
2026-04-29 15:15:00-04:00,SHORT,661.24,661.107752,30,absolute_qqq_points,0.75,0.0,0,0.8707432733525593,0.0013247877939850184,0.8707432733525593,2026-04-29 15:59:00-04:00,661.61,661.742322,FORCED_EOD,-11.100000000000136,0.21,7.937099999998054,8.147099999998055,-19.24709999999819,44,0.0
2026-04-30 09:32:00-04:00,SHORT,662.95,662.8174100000001,30,absolute_qqq_points,0.75,0.0,0,2.9154273603423917,0.004389778300271497,2.9154273603423917,2026-04-30 15:59:00-04:00,667.6,667.73352,FORCED_EOD,-139.49999999999932,0.21,7.983299999997371,8.193299999997372,-147.6932999999967,387,0.0
2026-05-01 09:35:00-04:00,SHORT,671.6,671.46568,29,absolute_qqq_points,0.75,0.0,0,0.8783879250007658,0.0013112028854633917,0.8783879250007658,2026-05-01 10:11:00-04:00,674.935,675.069987,CONVERGENCE_NEXT_OPEN,-96.71499999999776,0.203,7.809903000000759,8.012903000000758,-104.72790299999852,36,0.0
2026-05-01 10:18:00-04:00,SHORT,674.9,674.7650199999999,29,absolute_qqq_points,0.75,0.0,0,1.0469791698110384,0.0015628654144749388,1.0469791698110384,2026-05-01 15:59:00-04:00,674.16,674.2948319999999,FORCED_EOD,21.460000000000264,0.203,7.82454800000005,8.02754800000005,13.432452000000215,341,0.0
2026-05-04 09:33:00-04:00,LONG,673.91,674.0447819999999,29,absolute_qqq_points,0.75,0.0,0,-1.3556383555235243,-0.002010348576399734,-1.3556383555235243,2026-05-04 09:54:00-04:00,675.22,675.084956,CONVERGENCE_NEXT_OPEN,37.990000000001714,0.203,7.824953999999025,8.027953999999024,29.96204600000269,21,-3.552713678800501e-15
2026-05-04 09:56:00-04:00,SHORT,674.77,674.635046,29,absolute_qqq_points,0.75,0.0,0,1.0388117216105002,0.0015405094265575428,1.0388117216105002,2026-05-04 10:29:00-04:00,675.64,675.775128,CONVERGENCE_NEXT_OPEN,-25.230000000000132,0.203,7.8323780000000625,8.035378000000062,-33.2653780000002,33,0.0
2026-05-04 10:36:00-04:00,LONG,675.59,675.7251180000001,29,absolute_qqq_points,0.75,0.0,0,-0.9364740088180952,-0.0013887473622975618,-0.9364740088180952,2026-05-04 10:59:00-04:00,675.63,675.494874,CONVERGENCE_NEXT_OPEN,1.159999999998945,0.203,7.837076000001389,8.040076000001388,-6.880076000002444,23,0.0
2026-05-04 11:03:00-04:00,LONG,675.87,676.005174,29,absolute_qqq_points,0.75,0.0,0,-0.9137877301653816,-0.0013551046670998248,-0.9137877301653816,2026-05-04 11:32:00-04:00,672.17,672.035566,CONVERGENCE_NEXT_OPEN,-107.30000000000132,0.203,7.818631999998502,8.021631999998501,-115.32163199999982,29,0.0
2026-05-04 12:38:00-04:00,LONG,671.54,671.674308,29,absolute_qqq_points,0.75,0.0,0,-0.8762781231515646,-0.0012994796659670646,-0.8762781231515646,2026-05-04 13:26:00-04:00,673.18,673.045364,CONVERGENCE_NEXT_OPEN,47.559999999999604,0.203,7.7993760000009615,8.002376000000961,39.55762399999864,48,0.0
2026-05-04 13:53:00-04:00,LONG,673.17,673.304634,29,absolute_qqq_points,0.75,0.0,0,-0.7725716352930476,-0.001145687772000544,-0.7725716352930476,2026-05-04 15:04:00-04:00,672.18,672.045564,CONVERGENCE_NEXT_OPEN,-28.710000000000264,0.203,7.80302999999833,8.00602999999833,-36.7160299999986,71,0.0
2026-05-04 15:30:00-04:00,LONG,672.835,672.969567,29,absolute_qqq_points,0.75,0.0,0,-0.7993374332343137,-0.001185380204401987,-0.7993374332343137,2026-05-04 15:59:00-04:00,672.88,672.745424,FORCED_EOD,1.304999999998813,0.203,7.805146999999579,8.008146999999578,-6.703147000000766,29,0.0
2026-05-05 09:33:00-04:00,LONG,678.44,678.575688,29,absolute_qqq_points,0.75,0.0,0,-1.4377212060604734,-0.002119563630287853,-1.4377212060604734,2026-05-05 09:39:00-04:00,679.1399,679.0040720200001,CONVERGENCE_NEXT_OPEN,20.29709999999875,0.203,7.873963419996812,8.076963419996812,12.220136580001938,6,0.0
2026-05-05 09:40:00-04:00,SHORT,679.36,679.2241280000001,29,absolute_qqq_points,0.75,0.0,0,0.9709365624167958,0.0014314053492015854,0.9709365624167958,2026-05-05 15:59:00-04:00,681.53,681.666306,FORCED_EOD,-62.92999999999881,0.203,7.893161999998256,8.096161999998255,-71.02616199999707,379,0.0
2026-05-06 09:32:00-04:00,LONG,687.68,687.8175359999999,29,absolute_qqq_points,0.75,0.0,0,-1.4591917250905908,-0.0021247476921930847,-1.4591917250905908,2026-05-06 09:35:00-04:00,689.1,688.96218,CONVERGENCE_NEXT_OPEN,41.18000000000211,0.203,7.98532399999965,8.18832399999965,32.99167600000246,3,0.0
2026-05-06 09:40:00-04:00,LONG,688.73,688.867746,29,absolute_qqq_points,0.75,0.0,0,-0.7991628437495137,-0.0011636712151981612,-0.7991628437495137,2026-05-06 15:59:00-04:00,695.575,695.4358850000001,FORCED_EOD,198.5050000000008,0.203,8.028968999998256,8.231968999998255,190.27303100000253,379,0.0
2026-05-07 09:37:00-04:00,LONG,696.68,696.8193359999999,28,absolute_qqq_points,0.75,0.0,0,-1.2826590671601252,-0.001842292155121268,-1.2826590671601252,2026-05-07 15:59:00-04:00,694.93,694.791014,FORCED_EOD,-49.0,0.196,7.793015999996896,7.989015999996896,-56.989015999996894,382,0.0
2026-05-08 09:32:00-04:00,LONG,701.04,701.180208,28,absolute_qqq_points,0.75,0.0,0,-1.0791426689796708,-0.0015413241194328353,-1.0791426689796708,2026-05-08 10:04:00-04:00,705.585,705.443883,CONVERGENCE_NEXT_OPEN,127.26000000000204,0.196,7.8771000000010645,8.073100000001064,119.18690000000097,32,0.0
2026-05-08 10:24:00-04:00,SHORT,705.99,705.848802,28,absolute_qqq_points,0.75,0.0,0,0.8070949625569028,0.0011527622512024112,0.8070949625569028,2026-05-08 15:59:00-04:00,711.11,711.252222,FORCED_EOD,-143.36000000000013,0.196,7.935759999999391,8.13175999999939,-151.49175999999952,335,0.0
2026-05-11 09:33:00-04:00,SHORT,713.22,713.077356,28,absolute_qqq_points,0.75,0.0,0,1.0862452080912135,0.0015273414062025785,1.0862452080912135,2026-05-11 09:35:00-04:00,713.27,713.412654,CONVERGENCE_NEXT_OPEN,-1.3999999999987267,0.196,7.988344000000325,8.184344000000324,-9.584343999999051,2,0.0
2026-05-11 09:37:00-04:00,LONG,711.48,711.622296,28,absolute_qqq_points,0.75,0.0,0,-1.148808331058035,-0.0016153098018250544,-1.148808331058035,2026-05-11 15:59:00-04:00,713.38,713.2373240000001,FORCED_EOD,53.19999999999936,0.196,7.979215999997905,8.175215999997905,45.02478400000146,382,0.0
2026-05-12 09:40:00-04:00,SHORT,708.52,708.378296,28,absolute_qqq_points,0.75,0.0,0,1.7463538429683467,0.002470090301228192,1.7463538429683467,2026-05-12 09:55:00-04:00,708.46,708.6016920000001,CONVERGENCE_NEXT_OPEN,1.679999999998472,0.196,7.9350880000010875,8.131088000001087,-6.451088000002615,15,0.0
2026-05-12 10:04:00-04:00,LONG,705.49,705.631098,28,absolute_qqq_points,0.75,0.0,0,-0.9474473164898427,-0.0013400952142713965,-0.9474473164898427,2026-05-12 10:14:00-04:00,707.05,706.90859,CONVERGENCE_NEXT_OPEN,43.67999999999847,0.196,7.910223999997015,8.106223999997015,35.57377600000146,10,0.0
2026-05-12 10:31:00-04:00,LONG,704.19,704.3308380000001,28,absolute_qqq_points,0.75,0.0,0,-0.8104607037878395,-0.0011463376291199426,-0.8104607037878395,2026-05-12 10:43:00-04:00,705.6927,705.55156146,CONVERGENCE_NEXT_OPEN,42.07559999999694,0.196,7.89534311999887,8.09134311999887,33.98425687999807,12,0.0
2026-05-12 10:47:00-04:00,LONG,704.59,704.730918,28,absolute_qqq_points,0.75,0.0,0,-0.7987642732413178,-0.0011297938801148929,-0.7987642732413178,2026-05-12 15:56:00-04:00,706.85,706.7086300000001,CONVERGENCE_NEXT_OPEN,63.279999999999745,0.196,7.9040639999966515,8.100063999996651,55.179936000003096,309,0.0
2026-05-13 09:32:00-04:00,LONG,708.34,708.481668,28,absolute_qqq_points,0.75,0.0,0,-0.9823206811267937,-0.0013848180462774215,-0.9823206811267937,2026-05-13 15:59:00-04:00,714.47,714.3271060000001,FORCED_EOD,171.63999999999987,0.196,7.96773599999824,8.16373599999824,163.47626400000163,387,0.0
2026-05-14 09:32:00-04:00,SHORT,715.16,715.016968,27,absolute_qqq_points,0.75,0.0,0,0.856790188787727,0.001199045830703772,0.856790188787727,2026-05-14 14:25:00-04:00,719.5,719.6439,CONVERGENCE_NEXT_OPEN,-117.18000000000086,0.189,7.7471639999994295,7.93616399999943,-125.11616400000028,293,0.0
2026-05-14 14:36:00-04:00,SHORT,719.82,719.6760360000001,27,absolute_qqq_points,0.75,0.0,0,0.8417779951860211,0.001178036827118898,0.8417779951860211,2026-05-14 15:59:00-04:00,719.73,719.873946,FORCED_EOD,2.4300000000008595,0.189,7.773570000000291,7.962570000000291,-5.532569999999431,83,0.0
2026-05-15 09:32:00-04:00,LONG,709.71,709.851942,28,absolute_qqq_points,0.75,0.0,0,-0.9538421953235456,-0.0013441591208302964,-0.9538421953235456,2026-05-15 09:35:00-04:00,709.55,709.40809,CONVERGENCE_NEXT_OPEN,-4.480000000002292,0.196,7.9478559999975005,8.1438559999975,-12.623855999999792,3,0.0
2026-05-15 09:37:00-04:00,LONG,708.65,708.7917299999999,28,absolute_qqq_points,0.75,0.0,0,-2.009901305342396,-0.0028323628214289506,-2.009901305342396,2026-05-15 15:59:00-04:00,708.9,708.7582199999999,FORCED_EOD,7.0,0.196,7.938279999999395,8.134279999999395,-1.1342799999993949,382,2.220446049250313e-16
2026-05-18 09:32:00-04:00,LONG,711.2,711.3422400000001,28,absolute_qqq_points,0.75,0.0,0,-1.1509765931695028,-0.0016178125958190815,-1.1509765931695028,2026-05-18 09:33:00-04:00,710.53,710.387894,CONVERGENCE_NEXT_OPEN,-18.760000000002037,0.196,7.961688000000777,8.157688000000777,-26.917688000002816,1,0.0
2026-05-18 09:34:00-04:00,SHORT,711.2106,711.06835788,28,absolute_qqq_points,0.75,0.0,0,0.9437260799463729,0.0013265012930764961,0.9437260799463729,2026-05-18 09:38:00-04:00,709.9665,710.1084933,CONVERGENCE_NEXT_OPEN,34.83480000000009,0.196,7.958591759998853,8.154591759998853,26.68020824000123,4,3.552713678800501e-15
2026-05-18 09:39:00-04:00,LONG,710.07,710.2120140000001,28,absolute_qqq_points,0.75,0.0,0,-1.0433502088111481,-0.001466532959646803,-1.0433502088111481,2026-05-18 15:59:00-04:00,705.71,705.5688580000001,FORCED_EOD,-122.08000000000038,0.196,7.9283679999989545,8.124367999998954,-130.20436799999933,380,0.0
2026-05-19 09:32:00-04:00,SHORT,701.99,701.849602,28,absolute_qqq_points,0.75,0.0,0,1.1005348323656108,0.0015692558673988414,1.1005348323656108,2026-05-19 09:52:00-04:00,702.68,702.820536,CONVERGENCE_NEXT_OPEN,-19.319999999998345,0.196,7.866152000000056,8.062152000000056,-27.382151999998403,20,0.0
2026-05-19 09:58:00-04:00,SHORT,702.32,702.1795360000001,28,absolute_qqq_points,0.75,0.0,0,0.8543793206004011,0.0012182619962647252,0.8543793206004011,2026-05-19 15:59:00-04:00,701.54,701.680308,FORCED_EOD,21.84000000000242,0.196,7.861615999998776,8.057615999998776,13.782384000003644,361,-1.7763568394002505e-15
2026-05-20 09:32:00-04:00,LONG,706.28,706.421256,28,absolute_qqq_points,0.75,0.0,0,-1.216381131597359,-0.0017229633780992677,-1.216381131597359,2026-05-20 15:59:00-04:00,713.07,712.9273860000001,FORCED_EOD,190.12000000000216,0.196,7.948359999999411,8.144359999999411,181.97564000000276,387,0.0
2026-05-21 09:34:00-04:00,LONG,708.97,709.111794,28,absolute_qqq_points,0.75,0.0,0,-1.8109641992198249,-0.0025556210651968515,-1.8109641992198249,2026-05-21 09:39:00-04:00,709.145,709.003171,CONVERGENCE_NEXT_OPEN,4.899999999998727,0.196,7.941444000000956,8.137444000000956,-3.2374440000022298,5,4.440892098500626e-16
2026-05-21 09:40:00-04:00,SHORT,708.86,708.7182280000001,28,absolute_qqq_points,0.75,0.0,0,1.2339428645461794,0.001741332257833923,1.2339428645461794,2026-05-21 15:59:00-04:00,714.45,714.59289,FORCED_EOD,-156.5200000000009,0.196,7.970535999997537,8.166535999997537,-164.68653599999843,379,0.0
2026-05-22 09:37:00-04:00,LONG,719.795,719.938959,27,absolute_qqq_points,0.75,0.0,0,-0.8061808176263412,-0.0011212060938017524,-0.8061808176263412,2026-05-22 09:42:00-04:00,720.37,720.2259260000001,CONVERGENCE_NEXT_OPEN,15.525000000001228,0.189,7.776890999998045,7.965890999998045,7.559109000003183,5,0.0
2026-05-22 09:48:00-04:00,SHORT,719.78,719.636044,27,absolute_qqq_points,0.75,0.0,0,0.7525268484096159,0.0010465861624821711,0.7525268484096159,2026-05-22 15:59:00-04:00,717.43,717.5734859999999,FORCED_EOD,63.450000000000614,0.189,7.760933999998429,7.949933999998429,55.500066000002185,371,0.0
2026-05-26 09:32:00-04:00,LONG,725.815,725.9601630000001,27,absolute_qqq_points,0.75,0.0,0,-2.439716084693032,-0.0033625515428781934,-2.439716084693032,2026-05-26 09:41:00-04:00,725.43,725.284914,CONVERGENCE_NEXT_OPEN,-10.395000000002824,0.189,7.836723000000461,8.025723000000461,-18.420723000003285,9,0.0
2026-05-26 09:46:00-04:00,SHORT,727.4,727.25452,27,absolute_qqq_points,0.75,0.0,0,0.9398376082390314,0.0012953361333584322,0.9398376082390314,2026-05-26 15:59:00-04:00,730.21,730.356042,FORCED_EOD,-75.8700000000016,0.189,7.87109399999963,8.06009399999963,-83.93009400000122,373,0.0
2026-05-27 09:33:00-04:00,SHORT,732.02,731.873596,27,absolute_qqq_points,0.75,0.0,0,0.9646722431933767,0.0013182364383135027,0.9646722431933767,2026-05-27 09:35:00-04:00,731.84,731.986368,CONVERGENCE_NEXT_OPEN,4.859999999998649,0.189,7.904843999997297,8.093843999997297,-3.2338439999986477,2,0.0
2026-05-27 09:37:00-04:00,LONG,730.92,731.0661839999999,27,absolute_qqq_points,0.75,0.0,0,-1.4857382716051006,-0.002030279549604353,-1.4857382716051006,2026-05-27 15:59:00-04:00,729.49,729.344102,FORCED_EOD,-38.60999999999865,0.189,7.88621399999829,8.07521399999829,-46.68521399999694,382,0.0
2026-05-28 09:32:00-04:00,LONG,730.245,730.391049,27,absolute_qqq_points,0.75,0.0,0,-1.2077626297067354,-0.001652884398120568,-1.2077626297067354,2026-05-28 11:35:00-04:00,735.13,734.982974,CONVERGENCE_NEXT_OPEN,131.89499999999975,0.189,7.913024999998129,8.102024999998129,123.79297500000163,123,0.0
2026-05-28 11:45:00-04:00,LONG,734.645,734.791929,27,absolute_qqq_points,0.75,0.0,0,-0.8668122965470957,-0.0011862765793719844,-0.8668122965470957,2026-05-28 12:01:00-04:00,734.6,734.45308,CONVERGENCE_NEXT_OPEN,-1.214999999998895,0.189,7.933923000000618,8.122923000000618,-9.337922999999513,16,0.0
2026-05-28 12:49:00-04:00,SHORT,735.89,735.742822,27,absolute_qqq_points,0.75,0.0,0,0.7799870454869051,0.0010674518208389798,0.7799870454869051,2026-05-28 13:05:00-04:00,736.3,736.4472599999999,CONVERGENCE_NEXT_OPEN,-11.06999999999914,0.189,7.9498259999973016,8.138825999997302,-19.208825999996442,16,0.0
2026-05-28 13:23:00-04:00,LONG,735.79,735.937158,27,absolute_qqq_points,0.75,0.0,0,-0.7684822335936587,-0.0010517069024135392,-0.7684822335936587,2026-05-28 15:59:00-04:00,735.54,735.392892,FORCED_EOD,-6.75,0.189,7.945181999999818,8.134181999999818,-14.884181999999818,156,0.0
2026-05-29 09:32:00-04:00,LONG,738.61,738.757722,27,absolute_qqq_points,0.75,0.0,0,-0.7940699772424296,-0.0010762161963615187,-0.7940699772424296,2026-05-29 09:34:00-04:00,738.14,737.992372,CONVERGENCE_NEXT_OPEN,-12.690000000000737,0.189,7.974449999996523,8.163449999996523,-20.85344999999726,2,0.0
2026-05-29 09:35:00-04:00,LONG,737.65,737.7975299999999,27,absolute_qqq_points,0.75,0.0,0,-1.1108226685906857,-0.0015055163669257718,-1.1108226685906857,2026-05-29 15:59:00-04:00,738.25,738.10235,FORCED_EOD,16.200000000000614,0.189,7.969859999998903,8.158859999998903,8.041140000001711,384,0.0
2026-06-01 09:33:00-04:00,SHORT,738.5,738.3523,27,absolute_qqq_points,0.75,0.0,0,2.4834014450176483,0.0033719418390169647,2.4834014450176483,2026-06-01 09:52:00-04:00,738.98,739.127796,CONVERGENCE_NEXT_OPEN,-12.960000000000491,0.189,7.978391999998848,8.167391999998848,-21.12739199999934,19,0.0
2026-06-01 09:54:00-04:00,LONG,738.72,738.867744,27,absolute_qqq_points,0.75,0.0,0,-1.0800665899316755,-0.0014665054378629003,-1.0800665899316755,2026-06-01 10:09:00-04:00,737.84,737.692432,CONVERGENCE_NEXT_OPEN,-23.759999999999877,0.189,7.973423999999113,8.162423999999113,-31.92242399999899,15,0.0
2026-06-01 10:10:00-04:00,LONG,737.9299,738.07748598,27,absolute_qqq_points,0.75,0.0,0,-0.8068171897564298,-0.00109548967366357,-0.8068171897564298,2026-06-01 10:11:00-04:00,737.7,737.5524600000001,CONVERGENCE_NEXT_OPEN,-6.207299999998099,0.189,7.968401459999086,8.157401459999086,-14.364701459997185,1,0.0
2026-06-01 10:15:00-04:00,LONG,737.37,737.517474,27,absolute_qqq_points,0.75,0.0,0,-0.836501685491271,-0.0011357950352227962,-0.836501685491271,2026-06-01 10:30:00-04:00,738.1,737.9523800000001,CONVERGENCE_NEXT_OPEN,19.71000000000049,0.189,7.967537999998626,8.156537999998626,11.553462000001865,15,0.0
2026-06-01 10:32:00-04:00,SHORT,738.74,738.592252,27,absolute_qqq_points,0.75,0.0,0,0.8754164074703112,0.0011886331212511267,0.8754164074703112,2026-06-01 15:59:00-04:00,742.69,742.8385380000001,FORCED_EOD,-106.65000000000123,0.189,7.999722000000247,8.188722000000247,-114.83872200000147,327,0.0
2026-06-02 09:32:00-04:00,LONG,741.42,741.568284,26,absolute_qqq_points,0.75,0.0,0,-0.933430473217868,-0.0012594268044037295,-0.933430473217868,2026-06-02 09:38:00-04:00,740.22,740.071956,CONVERGENCE_NEXT_OPEN,-31.199999999998226,0.182,7.704528000000437,7.886528000000437,-39.086527999998665,6,0.0
2026-06-02 09:39:00-04:00,SHORT,740.29,740.141942,27,absolute_qqq_points,0.75,0.0,0,0.9066785089394216,0.0012233318387373424,0.9066785089394216,2026-06-02 09:50:00-04:00,742.3,742.44846,CONVERGENCE_NEXT_OPEN,-54.269999999999754,0.189,8.00598599999978,8.19498599999978,-62.464985999999534,11,0.0
2026-06-02 09:53:00-04:00,LONG,742.54,742.688508,26,absolute_qqq_points,0.75,0.0,0,-0.785874950728271,-0.0010603381893508567,-0.785874950728271,2026-06-02 10:00:00-04:00,743.54,743.391292,CONVERGENCE_NEXT_OPEN,26.0,0.182,7.7276159999983065,7.909615999998307,18.090384000001695,7,0.0
2026-06-02 10:04:00-04:00,SHORT,743.15,743.00137,26,absolute_qqq_points,0.75,0.0,0,1.0206612589538508,0.0013771225438051174,1.0206612589538508,2026-06-02 10:23:00-04:00,743.44,743.588688,CONVERGENCE_NEXT_OPEN,-7.54000000000201,0.182,7.730268000000478,7.912268000000479,-15.452268000002489,19,0.0
2026-06-02 10:33:00-04:00,SHORT,743.36,743.211328,26,absolute_qqq_points,0.75,0.0,0,0.7913150282502102,0.0010676781891103867,0.7913150282502102,2026-06-02 15:59:00-04:00,746.1,746.24922,FORCED_EOD,-71.24000000000024,0.182,7.745192000001225,7.9271920000012255,-79.16719200000146,326,0.0
2026-06-03 09:32:00-04:00,SHORT,748.38,748.230324,26,absolute_qqq_points,0.75,0.0,0,0.871164532583407,0.0011652816112671534,0.871164532583407,2026-06-03 09:38:00-04:00,745.28,745.429056,CONVERGENCE_NEXT_OPEN,80.60000000000059,0.182,7.76703199999929,7.94903199999929,72.6509680000013,6,0.0
2026-06-03 09:39:00-04:00,SHORT,746.54,746.390692,26,absolute_qqq_points,0.75,0.0,0,2.0068771614852494,0.0026844263797287313,2.0068771614852494,2026-06-03 15:59:00-04:00,744.24,744.3888479999999,FORCED_EOD,59.79999999999882,0.182,7.7520559999986745,7.934055999998675,51.86594400000014,380,0.0
2026-06-04 09:32:00-04:00,SHORT,735.6,735.45288,27,absolute_qqq_points,0.75,0.0,0,2.9448825590287697,0.004007515321741963,2.9448825590287697,2026-06-04 09:43:00-04:00,735.17,735.3170339999999,CONVERGENCE_NEXT_OPEN,11.610000000001719,0.189,7.942157999998244,8.131157999998244,3.4788420000034748,11,0.0
2026-06-04 09:48:00-04:00,SHORT,735.35,735.20293,27,absolute_qqq_points,0.75,0.0,0,1.843961019518133,0.002509336752923291,1.843961019518133,2026-06-04 10:00:00-04:00,735.0,735.1469999999999,CONVERGENCE_NEXT_OPEN,9.450000000000614,0.189,7.939889999997831,8.128889999997831,1.3211100000027827,12,0.0
2026-06-04 10:04:00-04:00,LONG,734.08,734.226816,27,absolute_qqq_points,0.75,0.0,0,-0.7735869671986393,-0.0010527284404749202,-0.7735869671986393,2026-06-04 10:12:00-04:00,735.345,735.197931,CONVERGENCE_NEXT_OPEN,34.15499999999963,0.189,7.934894999998164,8.123894999998164,26.031105000001467,8,0.0
2026-06-04 10:12:00-04:00,SHORT,735.345,735.197931,27,absolute_qqq_points,0.75,0.0,0,0.9067456180400768,0.0012339361194818636,0.9067456180400768,2026-06-04 15:59:00-04:00,740.5,740.6481,FORCED_EOD,-139.18499999999926,0.189,7.969562999999653,8.158562999999653,-147.3435629999989,347,0.0
2026-06-05 09:35:00-04:00,LONG,730.28,730.4260559999999,27,absolute_qqq_points,0.75,0.0,0,-1.0033661353101024,-0.0013750392425792785,-1.0033661353101024,2026-06-05 10:09:00-04:00,725.25,725.10495,CONVERGENCE_NEXT_OPEN,-135.80999999999926,0.189,7.8598619999972925,8.048861999997293,-143.85886199999655,34,0.0
2026-06-05 10:21:00-04:00,SHORT,727.66,727.514468,27,absolute_qqq_points,0.75,0.0,0,0.9110689967822054,0.0012485528255203153,0.9110689967822054,2026-06-05 10:23:00-04:00,725.97,726.115194,CONVERGENCE_NEXT_OPEN,45.629999999998404,0.189,7.84960199999864,8.03860199999864,37.591397999999764,2,0.0
2026-06-05 10:36:00-04:00,SHORT,727.26,727.114548,27,absolute_qqq_points,0.75,0.0,0,0.8296574828970051,0.001136984353702894,0.8296574828970051,2026-06-05 11:29:00-04:00,722.15,722.2944299999999,CONVERGENCE_NEXT_OPEN,137.97000000000037,0.189,7.826813999997853,8.015813999997853,129.95418600000252,53,0.0
2026-06-05 11:39:00-04:00,LONG,720.67,720.814134,27,absolute_qqq_points,0.75,0.0,0,-0.8672145961179467,-0.0011884536057528844,-0.8672145961179467,2026-06-05 15:59:00-04:00,705.26,705.118948,FORCED_EOD,-416.06999999999914,0.189,7.700021999998739,7.889021999998739,-423.9590219999979,260,0.0
2026-06-08 09:37:00-04:00,SHORT,715.8,715.65684,27,absolute_qqq_points,0.75,0.0,0,0.8397150385965233,0.0011682666758442229,0.8397150385965233,2026-06-08 15:59:00-04:00,716.02,716.163204,FORCED_EOD,-5.940000000000737,0.189,7.731827999998245,7.920827999998245,-13.860827999998982,382,0.0
2026-06-09 09:32:00-04:00,LONG,721.745,721.889349,27,absolute_qqq_points,0.75,0.0,0,-1.1529502069225828,-0.001595315142896338,-1.1529502069225828,2026-06-09 09:34:00-04:00,720.985,720.840803,CONVERGENCE_NEXT_OPEN,-20.519999999999754,0.189,7.790741999999909,7.979741999999909,-28.499741999999664,2,0.0
2026-06-09 09:34:00-04:00,SHORT,720.985,720.840803,27,absolute_qqq_points,0.75,0.0,0,0.873689300637011,0.0012089071697321376,0.873689300637011,2026-06-09 09:35:00-04:00,721.0,721.1442,CONVERGENCE_NEXT_OPEN,-0.40499999999963165,0.189,7.786718999997788,7.975718999997788,-8.38071899999742,1,0.0
2026-06-09 09:36:00-04:00,LONG,722.28,722.424456,27,absolute_qqq_points,0.75,0.0,0,-1.1888889808011527,-0.0016450429367258447,-1.1888889808011527,2026-06-09 09:42:00-04:00,721.77,721.625646,CONVERGENCE_NEXT_OPEN,-13.769999999999754,0.189,7.79787000000033,7.98687000000033,-21.756870000000085,6,0.0
2026-06-09 09:44:00-04:00,SHORT,723.37,723.225326,27,absolute_qqq_points,0.75,0.0,0,0.8988191810237822,0.0012436789044343818,0.8988191810237822,2026-06-09 10:42:00-04:00,716.0331,716.17630662,CONVERGENCE_NEXT_OPEN,198.09630000000038,0.189,7.772776740000268,7.961776740000268,190.13452326000012,58,0.0
2026-06-09 10:44:00-04:00,LONG,713.48,713.622696,28,absolute_qqq_points,0.75,0.0,0,-0.9847094252658053,-0.0013625235921264824,-0.9847094252658053,2026-06-09 15:59:00-04:00,707.88,707.738424,FORCED_EOD,-156.80000000000064,0.196,7.959615999999642,8.155615999999641,-164.95561600000028,315,0.0
2026-06-10 09:32:00-04:00,LONG,702.22,702.360444,28,absolute_qqq_points,0.75,0.0,0,-1.2121245477217144,-0.0017234325025900458,-1.2121245477217144,2026-06-10 09:34:00-04:00,701.21,701.0697580000001,CONVERGENCE_NEXT_OPEN,-28.279999999999745,0.196,7.859207999998489,8.055207999998489,-36.33520799999823,2,0.0
2026-06-10 09:36:00-04:00,SHORT,702.44,702.299512,28,absolute_qqq_points,0.75,0.0,0,0.9785263940342475,0.0013912961298330902,0.9785263940342475,2026-06-10 11:15:00-04:00,699.05,699.18981,CONVERGENCE_NEXT_OPEN,94.9200000000028,0.196,7.848344000000452,8.044344000000452,86.87565600000235,99,0.0
2026-06-10 11:24:00-04:00,SHORT,701.38,701.239724,28,absolute_qqq_points,0.75,0.0,0,1.11514902392787,0.0015855499970537923,1.11514902392787,2026-06-10 11:44:00-04:00,700.91,701.050182,CONVERGENCE_NEXT_OPEN,13.160000000000764,0.196,7.852823999998691,8.04882399999869,5.111176000002073,20,0.0
2026-06-10 11:48:00-04:00,LONG,699.62,699.759924,28,absolute_qqq_points,0.75,0.0,0,-0.7844828387469533,-0.0011153995887319265,-0.7844828387469533,2026-06-10 11:58:00-04:00,701.54,701.399692,CONVERGENCE_NEXT_OPEN,53.759999999998854,0.196,7.846495999998751,8.042495999998751,45.717504000000105,10,0.0
2026-06-10 12:11:00-04:00,LONG,698.73,698.869746,28,absolute_qqq_points,0.75,0.0,0,-0.8220081214999482,-0.0011687540827787961,-0.8220081214999482,2026-06-10 15:59:00-04:00,693.72,693.581256,FORCED_EOD,-140.27999999999975,0.196,7.797719999997753,7.993719999997753,-148.2737199999975,228,0.0
2026-06-11 09:32:00-04:00,SHORT,698.41,698.270318,28,absolute_qqq_points,0.75,0.0,0,1.37498741682748,0.001964772965658907,1.37498741682748,2026-06-11 15:59:00-04:00,716.44,716.583288,FORCED_EOD,-504.8400000000024,0.196,7.9231599999993705,8.11915999999937,-512.9591600000018,387,0.0
2026-06-12 09:33:00-04:00,SHORT,714.95,714.8070100000001,27,absolute_qqq_points,0.75,0.0,0,1.2232961154398936,0.0017082516868077362,1.2232961154398936,2026-06-12 15:59:00-04:00,721.27,721.4142539999999,FORCED_EOD,-170.63999999999828,0.189,7.755587999996578,7.944587999996578,-178.58458799999485,386,0.0
2026-06-15 09:34:00-04:00,LONG,739.33,739.4778660000001,27,absolute_qqq_points,0.75,0.0,0,-1.857142294613368,-0.002513898199138313,-1.857142294613368,2026-06-15 15:59:00-04:00,743.84,743.691232,FORCED_EOD,121.76999999999975,0.189,8.00911800000108,8.198118000001081,113.57188199999868,385,0.0
2026-06-16 09:33:00-04:00,SHORT,741.77,741.6216459999999,26,absolute_qqq_points,0.75,0.0,0,1.124579392030796,0.0015152380716683205,1.124579392030796,2026-06-16 10:02:00-04:00,742.47,742.618494,CONVERGENCE_NEXT_OPEN,-18.200000000001182,0.182,7.718048000001772,7.900048000001773,-26.100048000002953,29,0.0
2026-06-16 10:06:00-04:00,SHORT,742.215,742.0665570000001,26,absolute_qqq_points,0.75,0.0,0,1.2399703057108127,0.0016707137159595326,1.2399703057108127,2026-06-16 10:11:00-04:00,742.78,742.928556,CONVERGENCE_NEXT_OPEN,-14.689999999998463,0.182,7.721973999997772,7.903973999997772,-22.593973999996233,5,-3.552713678800501e-15
2026-06-16 10:18:00-04:00,SHORT,741.51,741.361698,26,absolute_qqq_points,0.75,0.0,0,0.8067640888846199,0.0010870194412199198,0.8067640888846199,2026-06-16 10:20:00-04:00,740.54,740.6881079999999,CONVERGENCE_NEXT_OPEN,25.22000000000071,0.182,7.70665999999801,7.88865999999801,17.3313400000027,2,0.0
2026-06-16 10:23:00-04:00,LONG,740.01,740.158002,27,absolute_qqq_points,0.75,0.0,0,-0.9756313224960422,-0.0013145481183757714,-0.9756313224960422,2026-06-16 15:59:00-04:00,729.76,729.614048,FORCED_EOD,-276.75,0.189,7.9367579999996,8.1257579999996,-284.8757579999996,336,0.0
2026-06-17 09:32:00-04:00,SHORT,733.37,733.223326,27,absolute_qqq_points,0.75,0.0,0,1.0576444232939366,0.001440736171221712,1.0576444232939366,2026-06-17 09:34:00-04:00,732.88,733.026576,CONVERGENCE_NEXT_OPEN,13.230000000000246,0.189,7.9177499999984775,8.106749999998478,5.123250000001768,2,0.0
2026-06-17 09:36:00-04:00,SHORT,733.47,733.323306,27,absolute_qqq_points,0.75,0.0,0,1.2768063816234871,0.001739281271793236,1.2768063816234871,2026-06-17 09:40:00-04:00,732.41,732.556482,CONVERGENCE_NEXT_OPEN,28.620000000001596,0.189,7.915752000000452,8.104752000000452,20.515248000001144,4,0.0
2026-06-17 09:43:00-04:00,SHORT,734.1,733.9531800000001,27,absolute_qqq_points,0.75,0.0,0,1.044381000181147,0.001422668574010562,1.044381000181147,2026-06-17 09:57:00-04:00,732.47,732.616494,CONVERGENCE_NEXT_OPEN,44.00999999999988,0.189,7.919477999997184,8.108477999997184,35.90152200000269,14,0.0
2026-06-17 10:00:00-04:00,LONG,730.93,731.0761859999999,27,absolute_qqq_points,0.75,0.0,0,-0.7512600876910938,-0.0010233756813665005,-0.7512600876910938,2026-06-17 10:01:00-04:00,731.71,731.563658,CONVERGENCE_NEXT_OPEN,21.060000000002333,0.189,7.898255999998582,8.087255999998582,12.97274400000375,1,0.0
2026-06-17 10:02:00-04:00,SHORT,731.53,731.383694,27,absolute_qqq_points,0.75,0.0,0,1.0276850882643203,0.0013999251985619045,1.0276850882643203,2026-06-17 15:59:00-04:00,722.5,722.6445,FORCED_EOD,243.80999999999926,0.189,7.851761999999326,8.040761999999326,235.76923799999994,357,0.0
2026-06-18 09:33:00-04:00,SHORT,736.72,736.572656,27,absolute_qqq_points,0.75,0.0,0,1.4945221656787453,0.0020289191915378287,1.4945221656787453,2026-06-18 10:02:00-04:00,734.68,734.8269359999999,CONVERGENCE_NEXT_OPEN,55.08000000000209,0.189,7.9455599999988635,8.134559999998864,46.945440000003224,29,0.0
2026-06-18 10:04:00-04:00,SHORT,735.51,735.362898,27,absolute_qqq_points,0.75,0.0,0,1.2402403438303509,0.0016837136935832597,1.2402403438303509,2026-06-18 10:10:00-04:00,736.6,736.7473200000001,CONVERGENCE_NEXT_OPEN,-29.43000000000086,0.189,7.949394000001462,8.138394000001462,-37.56839400000232,6,0.0
2026-06-18 10:14:00-04:00,LONG,735.91,736.0571819999999,27,absolute_qqq_points,0.75,0.0,0,-1.107033867436371,-0.0015028765119076844,-1.107033867436371,2026-06-18 10:21:00-04:00,736.89,736.742622,CONVERGENCE_NEXT_OPEN,26.46000000000049,0.189,7.953119999998194,8.142119999998194,18.317880000002297,7,0.0
2026-06-18 10:29:00-04:00,LONG,735.6,735.74712,27,absolute_qqq_points,0.75,0.0,0,-1.283108222613123,-0.0017419098608667835,-1.283108222613123,2026-06-18 10:51:00-04:00,737.93,737.782414,CONVERGENCE_NEXT_OPEN,62.909999999998035,0.189,7.95706199999745,8.14606199999745,54.763938000000586,22,0.0
2026-06-18 10:59:00-04:00,SHORT,738.48,738.332304,27,absolute_qqq_points,0.75,0.0,0,0.8563657629530326,0.0011625768900138504,0.8563657629530326,2026-06-18 11:55:00-04:00,737.43,737.5774859999999,CONVERGENCE_NEXT_OPEN,28.35000000000184,0.189,7.9699139999987665,8.158913999998767,20.191086000003075,56,0.0
2026-06-18 12:03:00-04:00,SHORT,738.21,738.062358,27,absolute_qqq_points,0.75,0.0,0,0.880218409890972,0.0011949585396492063,0.880218409890972,2026-06-18 12:31:00-04:00,739.2199,739.36774398,CONVERGENCE_NEXT_OPEN,-27.267300000000432,0.189,7.978121459999102,8.167121459999102,-35.434421459999534,28,0.0
2026-06-18 12:38:00-04:00,LONG,739.41,739.557882,27,absolute_qqq_points,0.75,0.0,0,-0.8681448206456253,-0.001178567791158794,-0.8681448206456253,2026-06-18 13:54:00-04:00,740.45,740.30191,CONVERGENCE_NEXT_OPEN,28.080000000002087,0.189,7.991244000000165,8.180244000000165,19.899756000001922,76,0.0
2026-06-18 14:08:00-04:00,SHORT,739.82,739.672036,27,absolute_qqq_points,0.75,0.0,0,0.7808622987827221,0.0010600756150237938,0.7808622987827221,2026-06-18 15:51:00-04:00,740.47,740.618094,CONVERGENCE_NEXT_OPEN,-17.549999999999386,0.189,7.993566000000442,8.182566000000442,-25.732565999999828,103,0.0
2026-06-18 15:53:00-04:00,LONG,740.71,740.858142,26,absolute_qqq_points,0.75,0.0,0,-0.8754784190659848,-0.00118852366797359,-0.8754784190659848,2026-06-18 15:59:00-04:00,739.66,739.512068,FORCED_EOD,-27.300000000001774,0.182,7.697923999999375,7.8799239999993755,-35.17992400000115,6,0.0
2026-06-22 09:32:00-04:00,LONG,742.15,742.2984299999999,26,absolute_qqq_points,0.75,0.0,0,-1.849482052161079,-0.0024869660631208486,-1.849482052161079,2026-06-22 10:22:00-04:00,742.83,742.6814340000001,CONVERGENCE_NEXT_OPEN,17.680000000001655,0.182,7.721895999997969,7.903895999997969,9.776104000003686,50,1.7763568394002505e-15
2026-06-22 10:35:00-04:00,SHORT,738.79,738.642242,27,absolute_qqq_points,0.75,0.0,0,0.7563490227113334,0.0010170492593641785,0.7563490227113334,2026-06-22 15:59:00-04:00,738.001,738.1486001999999,FORCED_EOD,21.302999999999656,0.189,7.974671399997192,8.163671399997192,13.139328600002464,324,0.0
2026-06-23 09:32:00-04:00,SHORT,716.19,716.0467620000001,27,absolute_qqq_points,0.75,0.0,0,0.8002130962009915,0.0011202916129315153,0.8002130962009915,2026-06-23 09:36:00-04:00,715.76,715.903152,CONVERGENCE_NEXT_OPEN,11.610000000001719,0.189,7.732529999999542,7.921529999999542,3.6884700000021766,4,0.0
2026-06-23 09:58:00-04:00,LONG,720.01,720.154002,27,absolute_qqq_points,0.75,0.0,0,-1.027308244834785,-0.0014382229134311548,-1.027308244834785,2026-06-23 10:01:00-04:00,721.55,721.4056899999999,CONVERGENCE_NEXT_OPEN,41.57999999999902,0.189,7.784424000000513,7.973424000000513,33.606575999998505,3,0.0
2026-06-23 10:02:00-04:00,SHORT,722.08,721.9355840000001,27,absolute_qqq_points,0.75,0.0,0,1.210668804519969,0.0016949261567708283,1.210668804519969,2026-06-23 10:06:00-04:00,721.56,721.704312,CONVERGENCE_NEXT_OPEN,14.040000000002578,0.189,7.795655999999781,7.984655999999781,6.055344000002798,4,0.0
2026-06-23 10:21:00-04:00,SHORT,723.38,723.235324,27,absolute_qqq_points,0.75,0.0,0,0.8978661167677728,0.0012570050214446727,0.8978661167677728,2026-06-23 10:23:00-04:00,721.975,722.119395,CONVERGENCE_NEXT_OPEN,37.93499999999926,0.189,7.804917000000955,7.993917000000955,29.941082999998308,2,0.0
2026-06-23 10:24:00-04:00,SHORT,722.97,722.825406,27,absolute_qqq_points,0.75,0.0,0,0.7793151065322945,0.0010910346029376766,0.7793151065322945,2026-06-23 10:25:00-04:00,722.22,722.364444,CONVERGENCE_NEXT_OPEN,20.25,0.189,7.804026000000135,7.993026000000135,12.256973999999865,1,0.0
2026-06-23 10:27:00-04:00,LONG,721.63,721.774326,27,absolute_qqq_points,0.75,0.0,0,-1.3601765617891033,-0.0019042357610901499,-1.3601765617891033,2026-06-23 11:37:00-04:00,716.96,716.8166080000001,CONVERGENCE_NEXT_OPEN,-126.0899999999989,0.189,7.768385999998031,7.957385999998031,-134.04738599999692,70,0.0
2026-06-23 11:39:00-04:00,LONG,715.56,715.7031119999999,27,absolute_qqq_points,0.75,0.0,0,-1.102613567998219,-0.0015436497332990107,-1.102613567998219,2026-06-23 12:04:00-04:00,718.78,718.636244,CONVERGENCE_NEXT_OPEN,86.94000000000074,0.189,7.745435999997653,7.934435999997653,79.00556400000309,25,0.0
2026-06-23 12:12:00-04:00,SHORT,720.02,719.875996,27,absolute_qqq_points,0.75,0.0,0,1.0727856206575552,0.0015018908575755129,1.0727856206575552,2026-06-23 12:22:00-04:00,718.83,718.9737660000001,CONVERGENCE_NEXT_OPEN,32.129999999998404,0.189,7.769790000000626,7.958790000000626,24.171209999997778,10,0.0
2026-06-23 12:25:00-04:00,SHORT,719.74,719.596052,27,absolute_qqq_points,0.75,0.0,0,0.7528467797678786,0.0010539791677999268,0.7528467797678786,2026-06-23 12:32:00-04:00,719.18,719.3238359999999,CONVERGENCE_NEXT_OPEN,15.120000000001596,0.189,7.770167999999671,7.959167999999671,7.160832000001925,7,0.0
2026-06-23 12:45:00-04:00,SHORT,719.97,719.826006,27,absolute_qqq_points,0.75,0.0,0,0.7519657489506244,0.0010527457320563104,0.7519657489506244,2026-06-23 12:48:00-04:00,718.965,719.108793,CONVERGENCE_NEXT_OPEN,27.134999999999877,0.189,7.770248999999467,7.959248999999467,19.17575100000041,3,0.0
2026-06-23 13:07:00-04:00,LONG,717.49,717.633498,27,absolute_qqq_points,0.75,0.0,0,-0.8249925839174921,-0.0011549826875882898,-0.8249925839174921,2026-06-23 13:13:00-04:00,719.2,719.0561600000001,CONVERGENCE_NEXT_OPEN,46.17000000000098,0.189,7.758125999999379,7.947125999999379,38.2228740000016,6,0.0
2026-06-23 13:21:00-04:00,LONG,718.5,718.6437,27,absolute_qqq_points,0.75,0.0,0,-0.8328448006548115,-0.0011659757250623674,-0.8328448006548115,2026-06-23 15:59:00-04:00,713.69,713.547262,FORCED_EOD,-129.86999999999853,0.189,7.73382599999934,7.92282599999934,-137.79282599999786,158,0.0
2026-06-24 09:32:00-04:00,LONG,714.28,714.4228559999999,27,absolute_qqq_points,0.75,0.0,0,-1.5898298887399278,-0.002226683691284168,-1.5898298887399278,2026-06-24 15:57:00-04:00,709.09,708.9481820000001,CONVERGENCE_NEXT_OPEN,-140.1299999999984,0.189,7.686197999996807,7.875197999996807,-148.0051979999952,385,0.0
2026-06-24 15:58:00-04:00,SHORT,709.29,709.148142,28,absolute_qqq_points,0.75,0.0,0,1.0930696711701557,0.0015309313452151717,1.0930696711701557,2026-06-24 15:59:00-04:00,710.57,710.712114,FORCED_EOD,-35.84000000000242,0.196,7.951215999998567,8.147215999998567,-43.987216000000984,1,0.0
2026-06-25 09:32:00-04:00,SHORT,724.17,724.025166,27,absolute_qqq_points,0.75,0.0,0,2.521793262717665,0.0034778078673825116,2.521793262717665,2026-06-25 09:56:00-04:00,707.37,707.511474,CONVERGENCE_NEXT_OPEN,453.5999999999988,0.189,7.730315999998993,7.919315999998993,445.68068399999976,24,0.0
2026-06-25 09:59:00-04:00,LONG,706.7472,706.88854944,28,absolute_qqq_points,0.75,0.0,0,-0.8435369170280183,-0.0011633226917680747,-0.8435369170280183,2026-06-25 10:04:00-04:00,710.5,710.3579,CONVERGENCE_NEXT_OPEN,105.07839999999942,0.196,7.9365843200007475,8.132584320000747,96.94581567999867,5,0.0
2026-06-25 10:08:00-04:00,SHORT,712.0,711.8576,28,absolute_qqq_points,0.75,0.0,0,1.581142783983637,0.0021805557556559135,1.581142783983637,2026-06-25 15:59:00-04:00,716.26,716.403252,FORCED_EOD,-119.27999999999975,0.196,7.998255999997582,8.194255999997582,-127.47425599999733,351,0.0
2026-06-26 09:32:00-04:00,LONG,707.02,707.161404,28,absolute_qqq_points,0.75,0.0,0,-1.021110465258289,-0.001445267600716694,-1.021110465258289,2026-06-26 15:59:00-04:00,705.84,705.698832,FORCED_EOD,-33.0399999999986,0.196,7.912015999998857,8.108015999998857,-41.148015999997455,387,0.0
2026-06-29 09:32:00-04:00,LONG,714.36,714.502872,27,absolute_qqq_points,0.75,0.0,0,-1.3038434617924395,-0.0018275449155456718,-1.3038434617924395,2026-06-29 09:35:00-04:00,716.8,716.6566399999999,CONVERGENCE_NEXT_OPEN,65.8799999999984,0.189,7.728264000001104,7.917264000001104,57.9627359999973,3,7.105427357601002e-15
2026-06-29 09:36:00-04:00,SHORT,716.29,716.146742,27,absolute_qqq_points,0.75,0.0,0,2.1215739194444723,0.0029737247936994908,2.1215739194444723,2026-06-29 09:38:00-04:00,714.83,714.972966,CONVERGENCE_NEXT_OPEN,39.41999999999791,0.189,7.72804799999858,7.91704799999858,31.502951999999333,2,0.0
2026-06-29 09:39:00-04:00,LONG,714.31,714.452862,27,absolute_qqq_points,0.75,0.0,0,-2.142474511344062,-0.003003020312354344,-2.142474511344062,2026-06-29 09:44:00-04:00,716.46,716.3167080000001,CONVERGENCE_NEXT_OPEN,58.050000000002456,0.189,7.726158000000282,7.915158000000282,50.13484200000217,5,0.0
2026-06-29 09:47:00-04:00,LONG,717.02,717.163404,27,absolute_qqq_points,0.75,0.0,0,-1.5869937004443955,-0.0022244252114920933,-1.5869937004443955,2026-06-29 09:49:00-04:00,718.01,717.866398,CONVERGENCE_NEXT_OPEN,26.730000000000246,0.189,7.749162000000524,7.938162000000524,18.79183799999972,2,0.0
2026-06-29 09:51:00-04:00,LONG,717.14,717.283428,27,absolute_qqq_points,0.75,0.0,0,-0.8155573965565281,-0.001143133985857297,-0.8155573965565281,2026-06-29 10:32:00-04:00,712.87,712.727426,CONVERGENCE_NEXT_OPEN,-115.28999999999951,0.189,7.722053999998366,7.911053999998366,-123.20105399999787,41,0.0
2026-06-29 10:35:00-04:00,LONG,713.89,714.032778,28,absolute_qqq_points,0.75,0.0,0,-1.2111051050286505,-0.0016975572925324641,-1.2111051050286505,2026-06-29 10:57:00-04:00,714.95,714.8070100000001,CONVERGENCE_NEXT_OPEN,29.680000000001655,0.196,8.001503999998931,8.197503999998931,21.482496000002723,22,0.0
2026-06-29 10:58:00-04:00,SHORT,714.85,714.70703,27,absolute_qqq_points,0.75,0.0,0,1.0661734812622399,0.001494412467346099,1.0661734812622399,2026-06-29 15:59:00-04:00,723.95,724.09479,FORCED_EOD,-245.7000000000006,0.189,7.769519999998238,7.958519999998238,-253.65851999999884,301,0.0
2026-06-30 09:32:00-04:00,SHORT,726.17,726.024766,27,absolute_qqq_points,0.75,0.0,0,1.2423263133061937,0.0017133172159787746,1.2423263133061937,2026-06-30 09:39:00-04:00,728.19,728.335638,CONVERGENCE_NEXT_OPEN,-54.54000000000258,0.189,7.853543999997896,8.042543999997896,-62.582544000000475,7,0.0
2026-06-30 09:45:00-04:00,SHORT,728.19,728.0443620000001,27,absolute_qqq_points,0.75,0.0,0,1.4199400463265874,0.0019582678890176257,1.4199400463265874,2026-06-30 15:59:00-04:00,735.76,735.907152,FORCED_EOD,-204.38999999999828,0.189,7.9053299999991395,8.09432999999914,-212.4843299999974,374,0.0
2026-07-01 09:33:00-04:00,LONG,727.66,727.805532,27,absolute_qqq_points,0.75,0.0,0,-2.735199030427907,-0.0037507528802972444,-2.735199030427907,2026-07-01 09:46:00-04:00,727.44,727.294512,CONVERGENCE_NEXT_OPEN,-5.939999999997667,0.189,7.8575400000000855,8.046540000000086,-13.986539999997753,13,0.0
2026-07-01 09:46:00-04:00,SHORT,727.44,727.294512,27,absolute_qqq_points,0.75,0.0,0,1.1528911879011048,0.0015809489165447355,1.1528911879011048,2026-07-01 09:58:00-04:00,729.24,729.385848,CONVERGENCE_NEXT_OPEN,-48.59999999999877,0.189,7.866072000000031,8.055072000000031,-56.6550719999988,12,0.0
2026-07-01 09:59:00-04:00,LONG,729.43,729.575886,27,absolute_qqq_points,0.75,0.0,0,-0.8114775434538615,-0.0011127715751382164,-0.8114775434538615,2026-07-01 10:00:00-04:00,730.24,730.0939520000001,CONVERGENCE_NEXT_OPEN,21.870000000001596,0.189,7.88221799999917,8.07121799999917,13.798782000002426,1,0.0
2026-07-01 10:06:00-04:00,LONG,730.23,730.376046,27,absolute_qqq_points,0.75,0.0,0,-1.700283451711357,-0.0023315828145895586,-1.700283451711357,2026-07-01 15:59:00-04:00,725.16,725.014968,FORCED_EOD,-136.89000000000135,0.189,7.859105999999201,8.048105999999201,-144.93810600000054,353,0.0
2026-07-02 09:32:00-04:00,LONG,725.66,725.805132,27,absolute_qqq_points,0.75,0.0,0,-2.257513307734598,-0.0031113224010233128,-2.257513307734598,2026-07-02 09:35:00-04:00,726.945,726.799611,CONVERGENCE_NEXT_OPEN,34.69500000000221,0.189,7.8440670000003365,8.033067000000337,26.661933000001873,3,0.0
2026-07-02 09:36:00-04:00,SHORT,726.9,726.75462,27,absolute_qqq_points,0.75,0.0,0,1.3618012215619046,0.0018768450364698372,1.3618012215619046,2026-07-02 09:37:00-04:00,727.26,727.405452,CONVERGENCE_NEXT_OPEN,-9.720000000000368,0.189,7.852463999997553,8.041463999997553,-17.761463999997922,1,0.0
2026-07-02 09:38:00-04:00,LONG,726.95,727.0953900000001,27,absolute_qqq_points,0.75,0.0,0,-1.394542715657849,-0.0019219696183160996,-1.394542715657849,2026-07-02 15:59:00-04:00,712.74,712.597452,FORCED_EOD,-383.670000000001,0.189,7.774326000001452,7.963326000001452,-391.63332600000246,381,0.0
2026-07-06 09:32:00-04:00,SHORT,720.32,720.1759360000001,27,absolute_qqq_points,0.75,0.0,0,1.1218348186312141,0.0015571739358872364,1.1218348186312141,2026-07-06 11:13:00-04:00,723.6601,723.80483202,CONVERGENCE_NEXT_OPEN,-90.18270000000018,0.189,7.797492539998643,7.986492539998643,-98.16919253999882,101,0.0
2026-07-06 12:09:00-04:00,SHORT,725.61,725.464878,27,absolute_qqq_points,0.75,0.0,0,1.019028053911029,0.0014144719874392966,1.019028053911029,2026-07-06 13:01:00-04:00,723.685,723.8297369999999,CONVERGENCE_NEXT_OPEN,51.97500000000184,0.189,7.826192999999421,8.015192999999421,43.95980700000242,52,0.0
2026-07-06 13:03:00-04:00,LONG,723.37,723.514674,27,absolute_qqq_points,0.75,0.0,0,-0.8412502517111307,-0.0011677057475550116,-0.8412502517111307,2026-07-06 13:09:00-04:00,724.445,724.300111,CONVERGENCE_NEXT_OPEN,29.025000000001228,0.189,7.8182010000011815,8.007201000001182,21.017799000000046,6,0.0
2026-07-06 13:28:00-04:00,LONG,723.28,723.4246559999999,27,absolute_qqq_points,0.75,0.0,0,-0.781874718165227,-0.0010852889498844621,-0.781874718165227,2026-07-06 15:59:00-04:00,722.63,722.4854740000001,FORCED_EOD,-17.549999999999386,0.189,7.807913999996458,7.996913999996458,-25.546913999995844,151,0.0
2026-07-07 09:33:00-04:00,LONG,714.43,714.5728859999999,27,absolute_qqq_points,0.75,0.0,0,-2.517851921993156,-0.0035208310684673462,-2.517851921993156,2026-07-07 09:42:00-04:00,713.5,713.3573,CONVERGENCE_NEXT_OPEN,-25.10999999999865,0.189,7.710821999999098,7.899821999999098,-33.00982199999775,9,0.0
2026-07-07 09:43:00-04:00,SHORT,713.32,713.1773360000001,28,absolute_qqq_points,0.75,0.0,0,1.2237538482094124,0.0017112327104295052,1.2237538482094124,2026-07-07 09:47:00-04:00,712.79,712.932558,CONVERGENCE_NEXT_OPEN,14.84000000000242,0.196,7.986215999999331,8.18221599999933,6.657784000003089,4,0.0
2026-07-07 09:49:00-04:00,LONG,713.01,713.152602,28,absolute_qqq_points,0.75,0.0,0,-1.0049725545590036,-0.0014053005111785352,-1.0049725545590036,2026-07-07 15:59:00-04:00,709.495,709.353101,FORCED_EOD,-98.41999999999962,0.196,7.966027999999369,8.162027999999369,-106.58202799999899,370,0.0
2026-07-08 09:33:00-04:00,SHORT,707.79,707.6484419999999,28,absolute_qqq_points,0.75,0.0,0,0.7906081178987279,0.0011195243810516778,0.7906081178987279,2026-07-08 09:39:00-04:00,706.575,706.716315,CONVERGENCE_NEXT_OPEN,34.01999999999771,0.196,7.920443999999861,8.116443999999861,25.903555999997845,6,3.552713678800501e-15
2026-07-08 09:41:00-04:00,SHORT,709.12,708.9781760000001,28,absolute_qqq_points,0.75,0.0,0,1.578962012238776,0.0022358567151496605,1.578962012238776,2026-07-08 10:13:00-04:00,706.13,706.271226,CONVERGENCE_NEXT_OPEN,83.72000000000025,0.196,7.925399999996898,8.121399999996898,75.59860000000336,32,0.0
2026-07-08 10:22:00-04:00,SHORT,708.91,708.7682179999999,28,absolute_qqq_points,0.75,0.0,0,1.0304821812823093,0.0014591931199125678,1.0304821812823093,2026-07-08 10:43:00-04:00,705.975,706.1161950000001,CONVERGENCE_NEXT_OPEN,82.17999999999847,0.196,7.923356000002059,8.119356000002059,74.06064399999642,21,0.0
2026-07-08 10:47:00-04:00,LONG,705.15,705.29103,28,absolute_qqq_points,0.75,0.0,0,-0.8556217547800316,-0.0012115856057492381,-0.8556217547800316,2026-07-08 10:53:00-04:00,705.84,705.698832,CONVERGENCE_NEXT_OPEN,19.320000000001528,0.196,7.901543999999831,8.09754399999983,11.222456000001698,6,-1.7763568394002505e-15
2026-07-08 10:58:00-04:00,LONG,705.71,705.851142,28,absolute_qqq_points,0.75,0.0,0,-1.2956808050400923,-0.001834722182158122,-1.2956808050400923,2026-07-08 15:59:00-04:00,711.3,711.15774,FORCED_EOD,156.5199999999977,0.196,7.93525599999748,8.13125599999748,148.38874400000023,301,0.0
2026-07-09 09:32:00-04:00,SHORT,717.065,716.921587,27,absolute_qqq_points,0.75,0.0,0,1.6171341022644583,0.0022552598874060036,1.6171341022644583,2026-07-09 09:35:00-04:00,719.03,719.173806,CONVERGENCE_NEXT_OPEN,-53.05499999999779,0.189,7.754913000001352,7.943913000001352,-60.99891299999914,3,0.0
2026-07-09 09:39:00-04:00,SHORT,720.72,720.575856,27,absolute_qqq_points,0.75,0.0,0,0.9294735021675251,0.001296246429352903,0.9294735021675251,2026-07-09 09:49:00-04:00,720.16,720.304032,CONVERGENCE_NEXT_OPEN,15.120000000001596,0.189,7.780752000000575,7.969752000000575,7.150248000001021,10,0.0
2026-07-09 09:52:00-04:00,SHORT,721.77,721.625646,27,absolute_qqq_points,0.75,0.0,0,0.8688643922814663,0.001211720789737779,0.8688643922814663,2026-07-09 10:22:00-04:00,715.78,715.923156,CONVERGENCE_NEXT_OPEN,161.73000000000025,0.189,7.762769999999932,7.951769999999932,153.77823000000032,30,0.0
2026-07-09 10:28:00-04:00,SHORT,718.5,718.3563,27,absolute_qqq_points,0.75,0.0,0,1.1439028118571741,0.0015952901636666936,1.1439028118571741,2026-07-09 10:54:00-04:00,718.24,718.383648,CONVERGENCE_NEXT_OPEN,7.019999999999754,0.189,7.758395999998697,7.947395999998697,-0.927395999998943,26,0.0
2026-07-09 11:00:00-04:00,LONG,719.39,719.533878,27,absolute_qqq_points,0.75,0.0,0,-0.7702753362150361,-0.0010742282075380284,-0.7702753362150361,2026-07-09 11:14:00-04:00,720.87,720.725826,CONVERGENCE_NEXT_OPEN,39.96000000000049,0.189,7.7774039999998195,7.9664039999998195,31.99359600000067,14,0.0
2026-07-09 11:19:00-04:00,LONG,720.6372,720.78132744,27,absolute_qqq_points,0.75,0.0,0,-0.8313353277517308,-0.0011593826480044674,-0.8313353277517308,2026-07-09 15:59:00-04:00,723.19,723.0453620000001,FORCED_EOD,68.92560000000128,0.189,7.796666880000544,7.985666880000544,60.93993312000074,280,7.105427357601002e-15
2026-07-10 09:35:00-04:00,LONG,722.38,722.5244759999999,27,absolute_qqq_points,0.75,0.0,0,-0.9875211976560649,-0.0013683264481863465,-0.9875211976560649,2026-07-10 09:43:00-04:00,721.37,721.225726,CONVERGENCE_NEXT_OPEN,-27.269999999999754,0.189,7.796249999998281,7.985249999998281,-35.255249999998036,8,0.0
2026-07-10 09:46:00-04:00,SHORT,721.62,721.475676,27,absolute_qqq_points,0.75,0.0,0,0.9639594885243241,0.001335678936572495,0.9639594885243241,2026-07-10 15:59:00-04:00,725.54,725.6851079999999,FORCED_EOD,-105.8399999999989,0.189,7.814663999997833,8.003663999997833,-113.84366399999672,373,0.0
2026-07-13 09:32:00-04:00,LONG,718.06,718.2036119999999,27,absolute_qqq_points,0.75,0.0,0,-1.1861579382181162,-0.0016523987771899073,-1.1861579382181162,2026-07-13 10:24:00-04:00,715.54,715.396892,CONVERGENCE_NEXT_OPEN,-68.03999999999951,0.189,7.7414399999985335,7.9304399999985336,-75.97043999999804,52,0.0
2026-07-13 10:26:00-04:00,SHORT,716.46,716.3167080000001,27,absolute_qqq_points,0.75,0.0,0,0.8879687367775659,0.0012370009149359532,0.8879687367775659,2026-07-13 10:53:00-04:00,716.4,716.54328,CONVERGENCE_NEXT_OPEN,1.6200000000015962,0.189,7.737443999999414,7.926443999999414,-6.306443999997818,27,0.0
2026-07-13 11:01:00-04:00,SHORT,718.54,718.396292,27,absolute_qqq_points,0.75,0.0,0,0.9971992175247806,0.0013891664124661821,0.9971992175247806,2026-07-13 11:09:00-04:00,717.32,717.463464,CONVERGENCE_NEXT_OPEN,32.93999999999767,0.189,7.753643999998417,7.942643999998417,24.99735599999925,8,0.0
2026-07-13 11:33:00-04:00,SHORT,717.79,717.646442,27,absolute_qqq_points,0.75,0.0,0,1.0385955154426938,0.0014468342742710782,1.0385955154426938,2026-07-13 11:46:00-04:00,716.1,716.24322,CONVERGENCE_NEXT_OPEN,45.629999999998404,0.189,7.743005999997649,7.932005999997649,37.697994000000755,13,0.0
2026-07-13 11:51:00-04:00,LONG,715.6,715.74312,27,absolute_qqq_points,0.75,0.0,0,-0.7792406458141841,-0.001085535280583735,-0.7792406458141841,2026-07-13 12:11:00-04:00,715.82,715.6768360000001,CONVERGENCE_NEXT_OPEN,5.940000000000737,0.189,7.7296679999975595,7.9186679999975595,-1.9786679999968229,20,0.0
2026-07-13 12:16:00-04:00,LONG,715.04,715.183008,27,absolute_qqq_points,0.75,0.0,0,-0.9441607419604452,-0.0013152802044473708,-0.9441607419604452,2026-07-13 15:59:00-04:00,711.77,711.627646,FORCED_EOD,-88.28999999999951,0.189,7.70477399999902,7.89377399999902,-96.18377399999852,223,0.0
2026-07-14 09:35:00-04:00,LONG,717.33,717.473466,27,absolute_qqq_points,0.75,0.0,0,-1.4470658206279268,-0.0020121611611156184,-1.4470658206279268,2026-07-14 09:41:00-04:00,719.05,718.9061899999999,CONVERGENCE_NEXT_OPEN,46.43999999999767,0.189,7.756452000000536,7.945452000000536,38.49454799999713,6,0.0
2026-07-14 09:44:00-04:00,LONG,717.9,718.0435799999999,27,absolute_qqq_points,0.75,0.0,0,-1.7299049849615358,-0.002405452173315563,-1.7299049849615358,2026-07-14 09:48:00-04:00,718.866,718.7222268,CONVERGENCE_NEXT_OPEN,26.08200000000022,0.189,7.758536399996501,7.947536399996501,18.13446360000372,4,0.0
2026-07-14 09:53:00-04:00,LONG,718.27,718.413654,27,absolute_qqq_points,0.75,0.0,0,-0.8213867911600801,-0.001142147493130902,-0.8213867911600801,2026-07-14 15:59:00-04:00,719.65,719.50607,FORCED_EOD,37.25999999999988,0.189,7.764767999997957,7.953767999997957,29.30623200000192,366,0.0
2026-07-15 09:35:00-04:00,LONG,723.79,723.934758,27,absolute_qqq_points,0.75,0.0,0,-1.231110362327172,-0.0017009220386123604,-1.231110362327172,2026-07-15 15:59:00-04:00,717.7,717.55646,FORCED_EOD,-164.4299999999978,0.189,7.784046000001467,7.973046000001467,-172.40304599999925,384,0.0
2026-07-16 09:32:00-04:00,SHORT,713.45,713.30731,28,absolute_qqq_points,0.75,0.0,0,1.2389683931032778,0.0017377323250346724,1.2389683931032778,2026-07-16 09:47:00-04:00,708.44,708.581688,CONVERGENCE_NEXT_OPEN,140.27999999999975,0.196,7.962583999998515,8.158583999998514,132.12141600000123,15,0.0
2026-07-16 09:49:00-04:00,LONG,707.655,707.796531,28,absolute_qqq_points,0.75,0.0,0,-0.8006233897028778,-0.0011229254533126534,-0.8006233897028778,2026-07-16 10:02:00-04:00,710.03,709.8879939999999,CONVERGENCE_NEXT_OPEN,66.5,0.196,7.9390360000006694,8.13503600000067,58.36496399999933,13,0.0
2026-07-16 10:04:00-04:00,SHORT,710.47,710.3279060000001,28,absolute_qqq_points,0.75,0.0,0,0.987177055665029,0.001384578888138502,0.987177055665029,2026-07-16 10:25:00-04:00,711.39,711.532278,CONVERGENCE_NEXT_OPEN,-25.759999999998854,0.196,7.962415999998939,8.158415999998939,-33.91841599999779,21,0.0
2026-07-16 10:32:00-04:00,LONG,711.595,711.737319,28,absolute_qqq_points,0.75,0.0,0,-1.4204966494035034,-0.00199233730175255,-1.4204966494035034,2026-07-16 10:58:00-04:00,710.585,710.442883,CONVERGENCE_NEXT_OPEN,-28.279999999999745,0.196,7.964207999997598,8.160207999997597,-36.44020799999734,26,0.0
2026-07-16 11:00:00-04:00,SHORT,711.41,711.267718,28,absolute_qqq_points,0.75,0.0,0,0.7890172413212895,0.0011066470887279717,0.7890172413212895,2026-07-16 11:07:00-04:00,710.02,710.1620039999999,CONVERGENCE_NEXT_OPEN,38.91999999999962,0.196,7.960007999998652,8.156007999998652,30.763992000000965,7,3.552713678800501e-15
2026-07-16 11:11:00-04:00,LONG,710.11,710.252022,28,absolute_qqq_points,0.75,0.0,0,-1.1265185136177251,-0.001580014184995023,-1.1265185136177251,2026-07-16 15:59:00-04:00,706.02,705.878796,FORCED_EOD,-114.52000000000089,0.196,7.930328000000372,8.126328000000372,-122.64632800000126,288,0.0
2026-07-17 09:33:00-04:00,SHORT,692.22,692.0815560000001,28,absolute_qqq_points,0.75,0.0,0,0.7843248354407706,0.0011325009175244863,0.7843248354407706,2026-07-17 09:34:00-04:00,690.92,691.058184,CONVERGENCE_NEXT_OPEN,36.40000000000191,0.196,7.745583999998871,7.941583999998871,28.458416000003037,1,3.552713678800501e-15
2026-07-17 09:59:00-04:00,SHORT,693.23,693.091354,28,absolute_qqq_points,0.75,0.0,0,1.5352317076177542,0.002216749029135171,1.5352317076177542,2026-07-17 11:06:00-04:00,693.78,693.9187559999999,CONVERGENCE_NEXT_OPEN,-15.399999999998727,0.196,7.7672559999982695,7.963255999998269,-23.363255999996998,67,3.552713678800501e-15
2026-07-17 11:37:00-04:00,SHORT,695.6719,695.5327656200001,28,absolute_qqq_points,0.75,0.0,0,0.7648824325930264,0.0011044276778806993,0.7648824325930264,2026-07-17 15:59:00-04:00,695.3,695.4390599999999,FORCED_EOD,10.41320000000269,0.196,7.7894426399984695,7.985442639998469,2.4277573600042195,262,4.440892098500626e-16
2026-07-20 09:32:00-04:00,SHORT,702.565,702.4244870000001,28,absolute_qqq_points,0.75,0.0,0,1.040690262218618,0.0014813195870068505,1.040690262218618,2026-07-20 09:39:00-04:00,704.79,704.9309579999999,CONVERGENCE_NEXT_OPEN,-62.29999999999745,0.196,7.88118799999711,8.07718799999711,-70.37718799999456,7,0.0
2026-07-20 09:40:00-04:00,SHORT,704.23,704.089154,28,absolute_qqq_points,0.75,0.0,0,0.9515491555719109,0.0013544360443456113,0.9515491555719109,2026-07-20 10:11:00-04:00,700.31,700.4500619999999,CONVERGENCE_NEXT_OPEN,109.76000000000204,0.196,7.865423999998711,8.061423999998711,101.69857600000333,31,0.0
2026-07-20 10:18:00-04:00,LONG,700.0,700.14,28,absolute_qqq_points,0.75,0.0,0,-0.9571613109826558,-0.0013624243921155728,-0.9571613109826558,2026-07-20 10:19:00-04:00,700.31,700.169938,CONVERGENCE_NEXT_OPEN,8.679999999998472,0.196,7.841735999998036,8.037735999998036,0.6422640000004358,1,2.220446049250313e-16
2026-07-20 10:21:00-04:00,LONG,699.458,699.5978915999999,28,absolute_qqq_points,0.75,0.0,0,-0.7558428535556914,-0.0010758674932579895,-0.7558428535556914,2026-07-20 10:26:00-04:00,701.04,700.8997919999999,CONVERGENCE_NEXT_OPEN,44.29599999999982,0.196,7.842788799999198,8.038788799999198,36.257211200000626,5,0.0
2026-07-20 10:37:00-04:00,LONG,700.95,701.09019,28,absolute_qqq_points,0.75,0.0,0,-1.3348037488109412,-0.001899961025587427,-1.3348037488109412,2026-07-20 15:59:00-04:00,696.0,695.8608,FORCED_EOD,-138.60000000000127,0.196,7.822919999997794,8.018919999997793,-146.61891999999906,322,0.0
2026-07-21 09:33:00-04:00,LONG,705.21,705.351042,28,absolute_qqq_points,0.75,0.0,0,-0.8219805011389099,-0.0011648062877493571,-0.8219805011389099,2026-07-21 09:49:00-04:00,704.215,704.074157,CONVERGENCE_NEXT_OPEN,-27.860000000000127,0.196,7.892779999999675,8.088779999999675,-35.9487799999998,16,0.0
2026-07-21 09:53:00-04:00,SHORT,705.12,704.978976,28,absolute_qqq_points,0.75,0.0,0,1.2755060299499519,0.0018074850214685532,1.2755060299499519,2026-07-21 09:59:00-04:00,703.96,704.1007920000001,CONVERGENCE_NEXT_OPEN,32.47999999999911,0.196,7.89084800000137,8.08684800000137,24.393151999997738,6,3.552713678800501e-15
2026-07-21 10:09:00-04:00,LONG,703.53,703.670706,28,absolute_qqq_points,0.75,0.0,0,-0.9638732775398466,-0.0013658786950741357,-0.9638732775398466,2026-07-21 10:34:00-04:00,706.33,706.1887340000001,CONVERGENCE_NEXT_OPEN,78.40000000000191,0.196,7.895215999999891,8.091215999999891,70.30878400000202,25,0.0
2026-07-21 10:40:00-04:00,LONG,706.12,706.261224,28,absolute_qqq_points,0.75,0.0,0,-0.7648075069643028,-0.0010837879874223053,-0.7648075069643028,2026-07-21 10:46:00-04:00,707.01,706.868598,CONVERGENCE_NEXT_OPEN,24.919999999999618,0.196,7.913527999998223,8.109527999998223,16.810472000001393,6,0.0
2026-07-21 11:03:00-04:00,SHORT,706.09,705.948782,28,absolute_qqq_points,0.75,0.0,0,0.7773793255431656,0.0011016031707617633,0.7773793255431656,2026-07-21 11:39:00-04:00,707.98,708.121596,CONVERGENCE_NEXT_OPEN,-52.91999999999962,0.196,7.918791999997666,8.114791999997665,-61.03479199999728,36,0.0
2026-07-21 12:04:00-04:00,SHORT,708.28,708.138344,28,absolute_qqq_points,0.75,0.0,0,0.9055841505424951,0.0012832787531778678,0.9055841505424951,2026-07-21 15:59:00-04:00,708.94,709.0817880000001,FORCED_EOD,-18.480000000002292,0.196,7.9364320000008775,8.132432000000877,-26.61243200000317,235,0.0
2026-07-22 09:33:00-04:00,SHORT,705.01,704.868998,28,absolute_qqq_points,0.75,0.0,0,1.3278185986657718,0.0018851687352392753,1.3278185986657718,2026-07-22 15:58:00-04:00,705.88,706.021176,CONVERGENCE_NEXT_OPEN,-24.360000000000127,0.196,7.900983999998061,8.096983999998061,-32.45698399999819,385,0.0
2026-07-23 09:32:00-04:00,SHORT,694.81,694.671038,28,absolute_qqq_points,0.75,0.0,0,0.8804817851359985,0.0012687240235969904,0.8804817851359985,2026-07-23 15:59:00-04:00,691.99,692.128398,FORCED_EOD,78.95999999999822,0.196,7.766079999998055,7.962079999998055,70.99792000000016,387,0.0
2026-07-24 09:32:00-04:00,SHORT,690.29,690.151942,28,absolute_qqq_points,0.75,0.0,0,1.8159583891084594,0.0026310230061988345,1.8159583891084594,2026-07-24 09:37:00-04:00,690.16,690.2980319999999,CONVERGENCE_NEXT_OPEN,3.6399999999998727,0.196,7.730519999998705,7.926519999998705,-4.286519999998832,5,0.0
2026-07-24 09:41:00-04:00,LONG,689.35,689.48787,29,absolute_qqq_points,0.75,0.0,0,-0.883028245304672,-0.001279361709196951,-0.883028245304672,2026-07-24 09:44:00-04:00,688.99,688.852202,CONVERGENCE_NEXT_OPEN,-10.440000000000396,0.203,7.994371999999885,8.197371999999884,-18.63737200000028,3,0.0
2026-07-24 09:45:00-04:00,SHORT,689.18,689.042164,29,absolute_qqq_points,0.75,0.0,0,1.2427548173682226,0.001800545945970438,1.2427548173682226,2026-07-24 09:47:00-04:00,688.53,688.667706,CONVERGENCE_NEXT_OPEN,18.84999999999934,0.203,7.9907179999992195,8.193717999999219,10.656282000000122,2,0.0
2026-07-24 09:51:00-04:00,LONG,687.93,688.0675859999999,29,absolute_qqq_points,0.75,0.0,0,-1.6312196050203056,-0.002363367098448847,-1.6312196050203056,2026-07-24 15:59:00-04:00,684.22,684.083156,FORCED_EOD,-107.58999999999776,0.203,7.958469999998215,8.161469999998214,-115.75146999999598,368,0.0
2026-07-27 09:32:00-04:00,SHORT,691.09,690.9517820000001,28,absolute_qqq_points,0.75,0.0,0,0.9442805874242595,0.0013655539948291035,0.9442805874242595,2026-07-27 09:33:00-04:00,690.01,690.148002,CONVERGENCE_NEXT_OPEN,30.240000000001146,0.196,7.734159999999065,7.930159999999065,22.30984000000208,1,0.0
2026-07-27 09:38:00-04:00,SHORT,691.7453,691.60695094,28,absolute_qqq_points,0.75,0.0,0,1.0189956864549004,0.0014736018603829946,1.0189956864549004,2026-07-27 09:39:00-04:00,690.63,690.7681259999999,CONVERGENCE_NEXT_OPEN,31.22840000000133,0.196,7.741301679998287,7.937301679998287,23.29109832000304,1,0.0
2026-07-27 09:40:00-04:00,SHORT,690.62,690.481876,28,absolute_qqq_points,0.75,0.0,0,0.8166536538720948,0.001180988653466543,0.8166536538720948,2026-07-27 09:41:00-04:00,689.605,689.742921,CONVERGENCE_NEXT_OPEN,28.419999999999618,0.196,7.729259999998703,7.925259999998703,20.494740000000913,1,0.0
2026-07-27 09:42:00-04:00,SHORT,689.61,689.472078,29,absolute_qqq_points,0.75,0.0,0,1.0927600863752787,0.0015802748899137135,1.0927600863752787,2026-07-27 09:57:00-04:00,687.23,687.367446,CONVERGENCE_NEXT_OPEN,69.01999999999987,0.203,7.985671999998772,8.188671999998771,60.83132800000109,15,0.0
2026-07-27 09:58:00-04:00,LONG,686.77,686.9073539999999,29,absolute_qqq_points,0.75,0.0,0,-0.8479560633259098,-0.0012262560568705129,-0.8479560633259098,2026-07-27 15:28:00-04:00,683.06,682.9233879999999,CONVERGENCE_NEXT_OPEN,-107.59000000000106,0.203,7.945013999999219,8.148013999999218,-115.73801400000028,330,0.0
2026-07-27 15:58:00-04:00,SHORT,681.9,681.76362,29,absolute_qqq_points,0.75,0.0,0,1.129802842275467,0.0016338435896970233,1.129802842275467,2026-07-27 15:59:00-04:00,682.06,682.1964119999999,FORCED_EOD,-4.639999999999077,0.203,7.910967999999457,8.113967999999456,-12.753967999998533,1,0.0
2026-07-28 09:32:00-04:00,SHORT,675.29,675.154942,29,absolute_qqq_points,0.75,0.0,0,1.8698576400017828,0.002765488863255912,1.8698576400017828,2026-07-28 09:35:00-04:00,674.45,674.5848900000001,CONVERGENCE_NEXT_OPEN,24.359999999997626,0.203,7.828491999999983,8.031491999999982,16.328507999997644,3,0.0
2026-07-28 09:36:00-04:00,LONG,675.34,675.475068,29,absolute_qqq_points,0.75,0.0,0,-1.0081773131836371,-0.0014910777548784895,-1.0081773131836371,2026-07-28 15:21:00-04:00,677.31,677.174538,CONVERGENCE_NEXT_OPEN,57.129999999997494,0.203,7.845369999996933,8.048369999996932,49.08163000000056,345,0.0
2026-07-28 15:25:00-04:00,SHORT,677.93,677.794414,29,absolute_qqq_points,0.75,0.0,0,0.9987628408363207,0.0014771539042747878,0.9987628408363207,2026-07-28 15:38:00-04:00,676.295,676.430259,CONVERGENCE_NEXT_OPEN,47.414999999999736,0.203,7.854505000000245,8.057505000000244,39.35749499999949,13,0.0
2026-07-28 15:56:00-04:00,LONG,676.23,676.365246,29,absolute_qqq_points,0.75,0.0,0,-0.9592831311440477,-0.0014187640594315143,-0.9592831311440477,2026-07-28 15:59:00-04:00,675.5,675.3649,FORCED_EOD,-21.170000000000528,0.203,7.8400339999972175,8.043033999997217,-29.213033999997744,3,0.0
2026-07-29 09:32:00-04:00,SHORT,674.02,673.885196,29,absolute_qqq_points,0.75,0.0,0,1.8510405519200503,0.0027448848566345332,1.8510405519200503,2026-07-29 09:51:00-04:00,672.66,672.794532,CONVERGENCE_NEXT_OPEN,39.440000000000396,0.203,7.810744000001932,8.013744000001932,31.426255999998464,19,-3.552713678800501e-15
2026-07-29 09:52:00-04:00,LONG,671.79,671.924358,29,absolute_qqq_points,0.75,0.0,0,-1.2547828568960995,-0.001860701786725347,-1.2547828568960995,2026-07-29 15:59:00-04:00,661.53,661.397694,FORCED_EOD,-297.53999999999974,0.203,7.733255999999756,7.936255999999756,-305.47625599999947,367,0.0
2026-07-30 09:33:00-04:00,LONG,674.38,674.514876,29,absolute_qqq_points,0.75,0.0,0,-3.4571060029792307,-0.005125967117386884,-3.4571060029792307,2026-07-30 15:59:00-04:00,683.6,683.46328,FORCED_EOD,267.3800000000008,0.203,7.876283999998009,8.079283999998008,259.3007160000028,386,0.0
2026-07-31 09:35:00-04:00,LONG,694.69,694.828938,28,absolute_qqq_points,0.75,0.0,0,-2.231158098058245,-0.00322126609462557,-2.231158098058245,2026-07-31 15:59:00-04:00,687.92,687.782416,FORCED_EOD,-189.56000000000267,0.196,7.742615999996815,7.938615999996815,-197.4986159999995,384,0.0
2026-08-03 09:32:00-04:00,LONG,686.73,686.867346,29,absolute_qqq_points,0.75,0.0,0,-1.7185202888331332,-0.0025018857296410044,-1.7185202888331332,2026-08-03 10:50:00-04:00,696.05,695.91079,CONVERGENCE_NEXT_OPEN,270.27999999999815,0.203,8.020123999997509,8.223123999997508,262.05687600000067,78,0.0
2026-08-03 10:52:00-04:00,SHORT,696.97,696.830606,28,absolute_qqq_points,0.75,0.0,0,1.3085230011298563,0.0019049964348438232,1.3085230011298563,2026-08-03 11:25:00-04:00,697.055,697.194411,CONVERGENCE_NEXT_OPEN,-2.3799999999978354,0.196,7.80654000000095,8.00254000000095,-10.382539999998786,33,0.0
2026-08-03 11:33:00-04:00,LONG,696.48,696.619296,28,absolute_qqq_points,0.75,0.0,0,-0.9789675590864135,-0.001425217369719102,-0.9789675590864135,2026-08-03 11:43:00-04:00,697.13,696.990574,CONVERGENCE_NEXT_OPEN,18.199999999999363,0.196,7.804215999997268,8.000215999997268,10.199784000002095,10,-1.7763568394002505e-15
2026-08-03 11:49:00-04:00,SHORT,697.05,696.91059,28,absolute_qqq_points,0.75,0.0,0,1.0045021698443861,0.0014623916054162037,1.0045021698443861,2026-08-03 12:27:00-04:00,698.3,698.4396599999999,CONVERGENCE_NEXT_OPEN,-35.0,0.196,7.813959999998133,8.009959999998133,-43.00995999999813,38,0.0
2026-08-03 12:40:00-04:00,LONG,698.115,698.254623,28,absolute_qqq_points,0.75,0.0,0,-0.8600375758986729,-0.0012520746784762428,-0.8600375758986729,2026-08-03 13:47:00-04:00,699.81,699.670038,CONVERGENCE_NEXT_OPEN,47.45999999999822,0.196,7.828379999999925,8.024379999999924,39.435619999998295,67,0.0
2026-08-03 13:56:00-04:00,SHORT,700.28,700.139944,28,absolute_qqq_points,0.75,0.0,0,1.1446237379209379,0.0016663857938256504,1.1446237379209379,2026-08-03 15:59:00-04:00,700.06,700.2000119999999,FORCED_EOD,6.160000000000764,0.196,7.841903999997612,8.037903999997612,-1.877903999996848,123,2.220446049250313e-16
2026-08-04 09:32:00-04:00,LONG,710.14,710.282028,28,absolute_qqq_points,0.75,0.0,0,-2.2341641971937634,-0.0031472420651291566,-2.2341641971937634,2026-08-04 09:34:00-04:00,711.45,711.30771,CONVERGENCE_NEXT_OPEN,36.680000000001655,0.196,7.960903999999573,8.156903999999573,28.52309600000208,2,3.552713678800501e-15
2026-08-04 09:36:00-04:00,SHORT,712.2741,712.13164518,28,absolute_qqq_points,0.75,0.0,0,1.214459640867517,0.0017107956849996145,1.214459640867517,2026-08-04 10:11:00-04:00,715.11,715.253022,CONVERGENCE_NEXT_OPEN,-79.40520000000106,0.196,7.993350959999589,8.189350959999588,-87.59455096000065,35,0.0
2026-08-04 10:18:00-04:00,LONG,715.4,715.5430799999999,27,absolute_qqq_points,0.75,0.0,0,-1.0150057093636633,-0.001429827167075702,-1.0150057093636633,2026-08-04 10:30:00-04:00,716.05,715.90679,CONVERGENCE_NEXT_OPEN,17.549999999999386,0.189,7.7298299999971505,7.9188299999971505,9.631170000002236,12,0.0
2026-08-04 10:35:00-04:00,LONG,715.66,715.803132,27,absolute_qqq_points,0.75,0.0,0,-0.8041116406845958,-0.0011327430561284876,-0.8041116406845958,2026-08-04 10:45:00-04:00,716.02,715.876796,CONVERGENCE_NEXT_OPEN,9.720000000000368,0.189,7.731072000000154,7.920072000000154,1.7999280000002145,10,0.0
2026-08-04 11:03:00-04:00,SHORT,716.52,716.376696,27,absolute_qqq_points,0.75,0.0,0,0.8647728884158141,0.00121819587594507,0.8647728884158141,2026-08-04 15:59:00-04:00,723.68,723.8247359999999,FORCED_EOD,-193.31999999999914,0.189,7.777079999997568,7.966079999997568,-201.2860799999967,296,0.0
2026-08-05 09:35:00-04:00,SHORT,727.06,726.914588,27,absolute_qqq_points,0.75,0.0,0,1.4875356958708608,0.002049173043683548,1.4875356958708608,2026-08-05 10:41:00-04:00,722.6,722.74452,CONVERGENCE_NEXT_OPEN,120.41999999999791,0.189,7.828163999997514,8.017163999997514,112.4028360000004,66,0.0
2026-08-05 10:51:00-04:00,LONG,723.665,723.8097329999999,27,absolute_qqq_points,0.75,0.0,0,-1.2197652286354241,-0.0016803025521205913,-1.2197652286354241,2026-08-05 11:35:00-04:00,722.35,722.2055300000001,CONVERGENCE_NEXT_OPEN,-35.504999999998404,0.189,7.808480999998096,7.997480999998096,-43.5024809999965,44,0.0
2026-08-05 11:38:00-04:00,SHORT,723.005,722.860399,27,absolute_qqq_points,0.75,0.0,0,1.029289162190139,0.00141790991044481,1.029289162190139,2026-08-05 12:03:00-04:00,720.05,720.1940099999999,CONVERGENCE_NEXT_OPEN,79.7850000000011,0.189,7.792496999998548,7.981496999998548,71.80350300000256,25,0.0
2026-08-05 13:14:00-04:00,LONG,721.05,721.1942099999999,27,absolute_qqq_points,0.75,0.0,0,-0.8480249519755034,-0.0011682071743105175,-0.8480249519755034,2026-08-05 14:03:00-04:00,721.07,720.925786,CONVERGENCE_NEXT_OPEN,0.5400000000025784,0.189,7.787447999999017,7.976447999999017,-7.436447999996439,49,0.0
2026-08-05 14:18:00-04:00,LONG,721.01,721.1542019999999,27,absolute_qqq_points,0.75,0.0,0,-0.8080040434037983,-0.0011130758808185802,-0.8080040434037983,2026-08-05 15:59:00-04:00,717.24,717.096552,FORCED_EOD,-101.78999999999951,0.189,7.766549999999597,7.955549999999597,-109.7455499999991,101,0.0
2026-08-06 09:32:00-04:00,LONG,710.14,710.282028,28,absolute_qqq_points,0.75,0.0,0,-2.3648757948568573,-0.0033277644337675475,-2.3648757948568573,2026-08-06 09:42:00-04:00,713.46,713.317308,CONVERGENCE_NEXT_OPEN,92.9600000000014,0.196,7.972159999999803,8.168159999999803,84.7918400000016,10,0.0
2026-08-06 09:45:00-04:00,SHORT,713.74,713.597252,28,absolute_qqq_points,0.75,0.0,0,1.3365696215402068,0.0018807705924719542,1.3365696215402068,2026-08-06 09:53:00-04:00,715.22,715.3630440000001,CONVERGENCE_NEXT_OPEN,-41.44000000000051,0.196,8.002176000000418,8.198176000000418,-49.638176000000925,8,0.0
2026-08-06 09:53:00-04:00,LONG,715.22,715.3630440000001,27,absolute_qqq_points,0.75,0.0,0,-1.1418386465106778,-0.0016067524752139302,-1.1418386465106778,2026-08-06 09:58:00-04:00,715.16,715.016968,CONVERGENCE_NEXT_OPEN,-1.6200000000015962,0.189,7.72405199999946,7.91305199999946,-9.533052000001057,5,0.0
2026-08-06 09:59:00-04:00,SHORT,715.32,715.1769360000001,27,absolute_qqq_points,0.75,0.0,0,0.8907463701729057,0.00125342485073232,0.8907463701729057,2026-08-06 15:59:00-04:00,714.57,714.7129140000001,FORCED_EOD,20.25,0.189,7.721406000000002,7.910406000000002,12.339593999999998,360,0.0
2026-08-07 09:32:00-04:00,LONG,720.83,720.974166,27,absolute_qqq_points,0.75,0.0,0,-2.180213289976564,-0.0030255947070826003,-2.180213289976564,2026-08-07 13:24:00-04:00,720.87,720.725826,CONVERGENCE_NEXT_OPEN,1.0799999999990177,0.189,7.785179999998604,7.974179999998604,-6.8941799999995865,232,0.0
2026-08-07 13:52:00-04:00,LONG,720.79,720.9341579999999,27,absolute_qqq_points,0.75,0.0,0,-0.8067074565635721,-0.0011195096470442082,-0.8067074565635721,2026-08-07 15:09:00-04:00,721.7605,721.6161479,CONVERGENCE_NEXT_OPEN,26.203500000000417,0.189,7.789772699998366,7.978772699998366,18.22472730000205,77,0.0
2026-08-07 15:23:00-04:00,LONG,722.29,722.434458,27,absolute_qqq_points,0.75,0.0,0,-0.8412112837490895,-0.0011673923919970444,-0.8412112837490895,2026-08-07 15:59:00-04:00,722.98,722.835404,FORCED_EOD,18.630000000001473,0.189,7.804457999999045,7.993457999999045,10.636542000002429,36,0.0
2026-08-10 09:32:00-04:00,SHORT,722.6,722.4554800000001,27,absolute_qqq_points,0.75,0.0,0,1.7294679861071245,0.002392800002915346,1.7294679861071245,2026-08-10 15:59:00-04:00,720.805,720.9491609999999,FORCED_EOD,48.465000000001965,0.189,7.794386999996846,7.983386999996846,40.48161300000512,387,0.0
2026-08-11 09:32:00-04:00,SHORT,721.56,721.4156879999999,27,absolute_qqq_points,0.75,0.0,0,1.423900760516176,0.0019727628370363516,1.423900760516176,2026-08-11 15:59:00-04:00,718.33,718.473666,FORCED_EOD,87.20999999999742,0.189,7.775405999998725,7.964405999998725,79.2455939999987,387,0.0
2026-08-12 09:32:00-04:00,LONG,725.53,725.6751059999999,27,absolute_qqq_points,0.75,0.0,0,-1.2973342817142566,-0.0017854862121033576,-1.2973342817142566,2026-08-12 09:34:00-04:00,724.96,724.815008,CONVERGENCE_NEXT_OPEN,-15.389999999998281,0.189,7.832645999998476,8.021645999998476,-23.411645999996757,2,0.0
2026-08-12 09:37:00-04:00,LONG,725.56,725.705112,27,absolute_qqq_points,0.75,0.0,0,-0.8900479305432327,-0.0012249489823056231,-0.8900479305432327,2026-08-12 09:42:00-04:00,724.55,724.40509,CONVERGENCE_NEXT_OPEN,-27.269999999999754,0.189,7.830594000000588,8.019594000000588,-35.28959400000034,5,0.0
2026-08-12 09:49:00-04:00,SHORT,726.47,726.324706,27,absolute_qqq_points,0.75,0.0,0,1.0152040061277603,0.0013971979164985457,1.0152040061277603,2026-08-12 10:31:00-04:00,725.055,725.2000109999999,CONVERGENCE_NEXT_OPEN,38.20500000000209,0.189,7.838234999999713,8.027234999999713,30.177765000002374,42,0.0
2026-08-12 10:42:00-04:00,SHORT,725.35,725.20493,27,absolute_qqq_points,0.75,0.0,0,0.7905225798834863,0.0010879749241447497,0.7905225798834863,2026-08-12 10:55:00-04:00,723.95,724.09479,CONVERGENCE_NEXT_OPEN,37.799999999999386,0.189,7.826219999999353,8.015219999999353,29.784780000000033,13,0.0
2026-08-12 11:07:00-04:00,SHORT,724.29,724.145142,27,absolute_qqq_points,0.75,0.0,0,0.8874167479040125,0.0012213277565428044,0.8874167479040125,2026-08-12 15:59:00-04:00,723.66,723.804732,FORCED_EOD,17.009999999999877,0.189,7.818929999999341,8.007929999999341,9.002070000000536,292,0.0
2026-08-13 09:32:00-04:00,LONG,724.26,724.404852,27,absolute_qqq_points,0.75,0.0,0,-1.3968418908884814,-0.0019273696648296292,-1.3968418908884814,2026-08-13 09:41:00-04:00,728.422,728.2763156000001,CONVERGENCE_NEXT_OPEN,112.37400000000093,0.189,7.844482799998673,8.033482799998673,104.34051720000227,9,0.0
2026-08-13 09:47:00-04:00,SHORT,729.625,729.479075,27,absolute_qqq_points,0.75,0.0,0,1.189250935339146,0.0016409345908037333,1.189250935339146,2026-08-13 15:59:00-04:00,732.06,732.2064119999999,FORCED_EOD,-65.74499999999853,0.189,7.893098999999324,8.082098999999324,-73.82709899999784,372,0.0
2026-08-14 09:32:00-04:00,LONG,733.52,733.666704,27,absolute_qqq_points,0.75,0.0,0,-0.7576845915408512,-0.0010328377259125774,-0.7576845915408512,2026-08-14 09:33:00-04:00,733.355,733.208329,CONVERGENCE_NEXT_OPEN,-4.454999999999018,0.189,7.921124999999165,8.110124999999165,-12.565124999998183,1,0.0
2026-08-14 09:34:00-04:00,LONG,732.79,732.936558,27,absolute_qqq_points,0.75,0.0,0,-1.5315363162762878,-0.002087713678904946,-1.5315363162762878,2026-08-14 09:44:00-04:00,733.53,733.383294,CONVERGENCE_NEXT_OPEN,19.980000000000246,0.189,7.918128000000593,8.107128000000593,11.872871999999653,10,0.0
2026-08-14 09:45:00-04:00,SHORT,733.87,733.7232260000001,27,absolute_qqq_points,0.75,0.0,0,0.7616280691255497,0.0010382132772518444,0.7616280691255497,2026-08-14 09:47:00-04:00,733.43,733.5766859999999,CONVERGENCE_NEXT_OPEN,11.880000000001473,0.189,7.92341999999644,8.11241999999644,3.767580000005033,2,0.0
2026-08-14 09:59:00-04:00,LONG,733.0,733.1466,27,absolute_qqq_points,0.75,0.0,0,-1.0228405757007977,-0.0013942850969551426,-1.0228405757007977,2026-08-14 10:07:00-04:00,733.98,733.833204,CONVERGENCE_NEXT_OPEN,26.46000000000049,0.189,7.921692000000803,8.110692000000803,18.349307999999688,8,0.0
2026-08-14 10:18:00-04:00,LONG,732.42,732.566484,27,absolute_qqq_points,0.75,0.0,0,-1.410660693128193,-0.0019229420772065363,-1.410660693128193,2026-08-14 15:58:00-04:00,730.44,730.2939120000001,CONVERGENCE_NEXT_OPEN,-53.45999999999742,0.189,7.8994439999986525,8.088443999998653,-61.548443999996074,340,0.0
2026-08-17 09:34:00-04:00,SHORT,733.08,732.933384,27,absolute_qqq_points,0.75,0.0,0,1.7523977371815818,0.0023881786600637974,1.7523977371815818,2026-08-17 15:59:00-04:00,729.85,729.99597,FORCED_EOD,87.21000000000049,0.189,7.899822000000768,8.088822000000768,79.12117799999973,385,0.0
2026-08-18 09:32:00-04:00,SHORT,721.35,721.20573,27,absolute_qqq_points,0.75,0.0,0,1.4457900013934477,0.0020057851602967285,1.4457900013934477,2026-08-18 09:36:00-04:00,720.47,720.614094,CONVERGENCE_NEXT_OPEN,23.759999999999877,0.189,7.785828000000038,7.974828000000038,15.78517199999984,4,0.0
2026-08-18 09:43:00-04:00,LONG,721.48,721.624296,27,absolute_qqq_points,0.75,0.0,0,-0.9009578606842297,-0.001249924197339374,-0.9009578606842297,2026-08-18 09:51:00-04:00,719.66,719.516068,CONVERGENCE_NEXT_OPEN,-49.14000000000135,0.189,7.7821559999970304,7.9711559999970305,-57.11115599999838,8,0.0
2026-08-18 10:01:00-04:00,LONG,718.88,719.023776,27,absolute_qqq_points,0.75,0.0,0,-0.9268071351990557,-0.001285785623394558,-0.9268071351990557,2026-08-18 15:59:00-04:00,717.62,717.476476,FORCED_EOD,-34.019999999999754,0.189,7.7570999999989,7.9460999999989,-41.966099999998654,358,0.0
2026-08-19 09:33:00-04:00,SHORT,721.365,721.220727,27,absolute_qqq_points,0.75,0.0,0,1.1361936043558671,0.0015783535748003755,1.1361936043558671,2026-08-19 09:37:00-04:00,718.69,718.833738,CONVERGENCE_NEXT_OPEN,72.22499999999877,0.189,7.776296999999545,7.965296999999545,64.25970299999923,4,0.0
2026-08-19 09:37:00-04:00,LONG,718.69,718.833738,27,absolute_qqq_points,0.75,0.0,0,-0.9872128302887404,-0.0013713955912103752,-0.9872128302887404,2026-08-19 09:46:00-04:00,718.24,718.096352,CONVERGENCE_NEXT_OPEN,-12.150000000001228,0.189,7.7594219999991765,7.9484219999991765,-20.098422000000404,9,0.0
2026-08-19 09:48:00-04:00,LONG,717.61,717.753522,27,absolute_qqq_points,0.75,0.0,0,-1.0675584211217028,-0.0014830083920786253,-1.0675584211217028,2026-08-19 15:59:00-04:00,716.13,715.986774,FORCED_EOD,-39.96000000000049,0.189,7.742195999999694,7.931195999999694,-47.891196000000186,371,0.0
2026-08-20 09:32:00-04:00,SHORT,713.86,713.717228,28,absolute_qqq_points,0.75,0.0,0,1.667511683681937,0.0023421588213890293,1.667511683681937,2026-08-20 09:53:00-04:00,711.35,711.49227,CONVERGENCE_NEXT_OPEN,70.27999999999975,0.196,7.981175999999323,8.177175999999323,62.102824000000425,21,0.0
2026-08-20 09:56:00-04:00,SHORT,713.24,713.097352,28,absolute_qqq_points,0.75,0.0,0,1.0937429931454972,0.0015362529838901296,1.0937429931454972,2026-08-20 15:59:00-04:00,711.0,711.1422,FORCED_EOD,62.720000000000255,0.196,7.975744000000304,8.171744000000304,54.54825599999995,363,0.0
2026-08-21 09:33:00-04:00,LONG,712.975,713.117595,28,absolute_qqq_points,0.75,0.0,0,-1.4965511867441137,-0.0020955991636711904,-1.4965511867441137,2026-08-21 09:36:00-04:00,712.74,712.597452,CONVERGENCE_NEXT_OPEN,-6.580000000000382,0.196,7.9840040000017325,8.180004000001732,-14.760004000002114,3,0.0
2026-08-21 09:38:00-04:00,LONG,712.04,712.1824079999999,28,absolute_qqq_points,0.75,0.0,0,-1.1224715671461354,-0.0015717808372954795,-1.1224715671461354,2026-08-21 09:42:00-04:00,712.0325,711.8900935,CONVERGENCE_NEXT_OPEN,-0.2099999999982174,0.196,7.974805999997898,8.170805999997897,-8.380805999996115,4,0.0
2026-08-21 09:47:00-04:00,SHORT,712.34,712.197532,28,absolute_qqq_points,0.75,0.0,0,1.1308719245485008,0.0015835437372903431,1.1308719245485008,2026-08-21 09:53:00-04:00,710.82,710.962164,CONVERGENCE_NEXT_OPEN,42.55999999999949,0.196,7.969695999999658,8.165695999999658,34.394303999999835,6,0.0
2026-08-21 10:05:00-04:00,LONG,710.89,711.0321779999999,28,absolute_qqq_points,0.75,0.0,0,-1.1008977621644362,-0.0015415713475851228,-1.1008977621644362,2026-08-21 10:29:00-04:00,711.205,711.062759,CONVERGENCE_NEXT_OPEN,8.820000000001528,0.196,7.963731999998799,8.1597319999988,0.6602680000027286,24,2.220446049250313e-16
2026-08-21 10:55:00-04:00,LONG,711.02,711.162204,28,absolute_qqq_points,0.75,0.0,0,-0.9557524831919864,-0.0013383264950736565,-0.9557524831919864,2026-08-21 12:32:00-04:00,713.52,713.377296,CONVERGENCE_NEXT_OPEN,70.0,0.196,7.977423999999246,8.173423999999246,61.826576000000756,97,0.0
2026-08-21 13:35:00-04:00,SHORT,713.18,713.0373639999999,28,absolute_qqq_points,0.75,0.0,0,0.884366368522592,0.001238365542502339,0.884366368522592,2026-08-21 15:59:00-04:00,713.41,713.552682,FORCED_EOD,-6.440000000000509,0.196,7.988904000002094,8.184904000002094,-14.624904000002603,144,0.0
