entry_time,direction,entry_reference,entry_price,shares,entry_basis,entry_threshold,entry_hook,entry_window,signal_metric,signal_spread,signal_points,stop_pct,rr,stop_price,target_price,exit_time,exit_reference,exit_price,exit_reason,gross_pnl,commission,slippage,costs,net_pnl,duration_minutes,reconciliation_error
2024-08-22 09:53:00-04:00,LONG,484.03,484.126806,41,z,1.5,0.15,60,-1.6276972440811541,-0.0014384142117798617,-0.698321331534828,0.01,0.75,479.18969999999996,487.66022499999997,2024-08-22 11:38:00-04:00,479.18969999999996,479.09386206,STOP,-198.45230000000055,0.28700000000000003,7.89840153999927,8.18540153999927,-206.63770153999982,105,0.0
2024-08-22 11:58:00-04:00,SHORT,477.975,477.879405,41,z,1.5,0.15,60,1.0516387990484655,0.005141090064773934,2.4958964046464303,0.01,0.75,482.75475,474.3901875,2024-08-22 15:35:00-04:00,474.3901875,474.4850655375,TAKE_PROFIT,146.97731249999993,0.28700000000000003,7.809394537499941,8.096394537499942,138.88091796249998,217,0.0
2024-08-22 15:52:00-04:00,LONG,474.53,474.62490599999995,42,z,1.5,0.15,60,-1.1939352392725333,0.006740477977076734,3.272367248311241,0.01,0.75,469.7847,478.08897499999995,2024-08-22 15:59:00-04:00,474.83,474.735034,FORCED_EOD,12.600000000000477,0.294,7.974623999999153,8.268623999999154,4.331376000001325,7,-8.881784197001252e-16
2024-08-23 09:52:00-04:00,LONG,478.935,479.030787,41,z,1.5,0.15,60,-1.2070169031976752,-0.003818135201471143,-1.828352222576541,0.01,0.75,474.14565,482.5270125,2024-08-23 10:13:00-04:00,482.5270125,482.4305070975,TAKE_PROFIT,147.2725125000004,0.28700000000000003,7.883988502498312,8.170988502498313,139.10152399750208,21,0.0
2024-08-23 10:20:00-04:00,LONG,480.89,480.986178,41,z,1.5,0.15,60,-1.104348701444847,-0.004466662753661425,-2.1389061262183304,0.01,0.75,476.0811,484.496675,2024-08-23 10:51:00-04:00,476.0811,475.98588378,STOP,-197.16489999999976,0.28700000000000003,7.847163020000266,8.134163020000267,-205.29906302000003,31,0.0
2024-08-23 11:10:00-04:00,SHORT,478.55,478.45429,41,z,1.5,0.15,60,1.444597725793174,-0.0031533941198447113,-1.5100343082288532,0.01,0.75,483.3355,474.960875,2024-08-23 15:59:00-04:00,480.02,480.116004,FORCED_EOD,-60.26999999999879,0.28700000000000003,7.860273999999606,8.147273999999607,-68.4172739999984,289,0.0
2024-08-26 09:52:00-04:00,SHORT,478.71,478.614258,41,z,1.5,0.15,60,1.5473292432919237,-0.0004852256711936069,-0.23272393641786948,0.01,0.75,483.4971,475.119675,2024-08-26 10:31:00-04:00,475.119675,475.21469893499994,TAKE_PROFIT,147.2033250000003,0.28700000000000003,7.82140333499774,8.10840333499774,139.09492166500254,39,0.0
2024-08-26 10:33:00-04:00,SHORT,474.71,474.615058,42,z,1.5,0.15,60,1.7489872695133244,0.0029259793354571937,1.403358208872021,0.01,0.75,479.45709999999997,471.149675,2024-08-26 15:59:00-04:00,475.33,475.42506599999996,FORCED_EOD,-26.04000000000019,0.294,7.980335999999056,8.274335999999057,-34.314335999999244,326,0.0
2024-08-27 09:47:00-04:00,SHORT,472.08,471.985584,42,z,1.5,0.15,60,1.3879334408114947,0.002323304012723065,1.1000147509039948,0.01,0.75,476.8008,468.5394,2024-08-27 10:33:00-04:00,476.8008,476.89616015999997,STOP,-198.27359999999987,0.294,7.970598719997952,8.264598719997952,-206.53819871999784,46,0.0
2024-08-27 10:58:00-04:00,SHORT,476.715,476.61965699999996,41,z,1.5,0.15,60,0.9001358512700914,-0.0006269518938687886,-0.29684291319006206,0.01,0.75,481.48215,473.1396375,2024-08-27 15:59:00-04:00,476.83,476.925366,FORCED_EOD,-4.715000000000373,0.28700000000000003,7.819069000001093,8.106069000001094,-12.821069000001467,301,1.7763568394002505e-15
2024-08-28 09:51:00-04:00,SHORT,474.6,474.50508,42,z,1.5,0.15,60,1.1400757825682075,0.000304789014149316,0.14537216818865772,0.01,0.75,479.346,471.0405,2024-08-28 11:11:00-04:00,471.0405,471.1347081,TAKE_PROFIT,149.4990000000006,0.294,7.943380200000206,8.237380200000207,141.26161980000037,80,0.0
2024-08-28 12:09:00-04:00,LONG,471.27,471.36425399999996,42,z,1.5,0.15,60,-2.111860450070505,0.0010666337830537147,0.5087416491653016,0.01,0.75,466.5573,474.80452499999996,2024-08-28 15:59:00-04:00,471.28,471.185744,FORCED_EOD,0.419999999999618,0.294,7.917419999997946,8.211419999997947,-7.791419999998328,230,0.0
2024-08-29 09:51:00-04:00,LONG,475.1201,475.21512401999996,42,z,1.5,0.15,60,-1.0483015898261319,-0.006591348129632043,-3.117376120505014,0.01,0.75,470.368899,478.68350075,2024-08-29 14:43:00-04:00,470.368899,470.2748252202,STOP,-199.55044199999918,0.294,7.9421075915992105,8.236107591599211,-207.7865495915984,292,0.0
2024-08-29 14:59:00-04:00,SHORT,471.02,470.925796,42,z,1.5,0.15,60,0.8774149484915977,0.0014552342288376144,0.6882525919584737,0.01,0.75,475.73019999999997,467.48735,2024-08-29 15:59:00-04:00,470.68,470.774136,FORCED_EOD,14.27999999999895,0.294,7.910279999999261,8.204279999999262,6.075719999999689,60,-8.881784197001252e-16
2024-08-30 09:49:00-04:00,LONG,475.1,475.19502,42,z,1.5,0.15,60,-1.304006077523746,-0.003723201864935,-1.7685577455425232,0.01,0.75,470.34900000000005,478.66325,2024-08-30 15:59:00-04:00,476.39,476.294722,FORCED_EOD,54.17999999999847,0.294,7.992515999999341,8.286515999999342,45.893483999999134,370,0.0
2024-09-03 10:46:00-04:00,SHORT,466.8,466.70664000000005,42,z,1.5,0.15,60,1.9937700543197736,0.005846854952884669,2.7634575249313684,0.01,0.75,471.468,463.29900000000004,2024-09-03 14:04:00-04:00,463.29900000000004,463.3916598,TAKE_PROFIT,147.041999999999,0.294,7.81283159999748,8.10683159999748,138.93516840000152,198,0.0
2024-09-03 14:16:00-04:00,SHORT,462.87,462.777426,43,z,1.5,0.15,60,1.5187299340879505,0.0074572889216805854,3.524613035943105,0.01,0.75,467.4987,459.398475,2024-09-03 15:59:00-04:00,461.84,461.93236799999994,FORCED_EOD,44.29000000000127,0.301,7.952505999999062,8.253505999999062,36.03649400000221,103,0.0
2024-09-04 10:37:00-04:00,LONG,462.11,462.202422,43,z,1.5,0.15,60,-1.238999565960562,0.0005232366741929895,0.24000343008560776,0.01,0.75,457.4889,465.575825,2024-09-04 15:59:00-04:00,460.62,460.527876,FORCED_EOD,-64.07000000000039,0.301,7.935478000000501,8.236478000000501,-72.3064780000009,322,0.0
2024-09-05 10:41:00-04:00,LONG,464.09,464.18281799999994,43,z,1.5,0.15,60,-1.0623770353719029,-0.008079962001396268,-3.7105609499012644,0.01,0.75,459.4491,467.570675,2024-09-05 11:25:00-04:00,459.4491,459.35721018,STOP,-199.55869999999948,0.301,7.942436259998772,8.243436259998772,-207.80213625999824,44,0.0
2024-09-05 11:31:00-04:00,SHORT,458.61,458.518278,43,z,1.5,0.15,60,1.322900901077053,-0.005242751126044101,-2.40762859961319,0.01,0.75,463.1961,455.170425,2024-09-05 15:59:00-04:00,461.14,461.23222799999996,FORCED_EOD,-108.78999999999883,0.301,7.90984999999921,8.21084999999921,-117.00084999999804,268,0.0
2024-09-06 09:49:00-04:00,LONG,458.32,458.411664,43,z,1.5,0.15,60,-1.2385499926548358,-0.0005505545215629759,-0.25382215107617867,0.01,0.75,453.7368,461.7574,2024-09-06 10:25:00-04:00,453.7368,453.64605264000005,STOP,-197.077599999999,0.301,7.843688479997695,8.144688479997695,-205.22228847999668,36,0.0
2024-09-06 10:32:00-04:00,SHORT,453.62,453.52927600000004,44,z,1.5,0.15,60,1.1018139767846784,0.002405641468213475,1.1090728860904164,0.01,0.75,458.1562,450.21785,2024-09-06 10:55:00-04:00,450.21785,450.30789357,TAKE_PROFIT,149.69460000000026,0.308,7.953773079997518,8.261773079997518,141.43282692000275,23,0.0
2024-09-06 10:57:00-04:00,SHORT,450.27,450.179946,44,z,1.5,0.15,60,1.383416463723614,0.00458371480815498,2.113230038003735,0.01,0.75,454.7727,446.892975,2024-09-06 15:59:00-04:00,448.87,448.959774,FORCED_EOD,61.599999999999,0.308,7.912431999999399,8.220431999999398,53.3795679999996,302,0.0
2024-09-09 09:48:00-04:00,SHORT,453.59,453.499282,44,z,1.5,0.15,60,1.4310826678594566,0.0018720792414643563,0.8471532983474503,0.01,0.75,458.1259,450.18807499999997,2024-09-09 11:00:00-04:00,450.18807499999997,450.27811261499994,TAKE_PROFIT,149.68470000000025,0.308,7.953247059997921,8.26124705999792,141.42345294000233,72,0.0
2024-09-09 11:21:00-04:00,LONG,450.12,450.210024,44,z,1.5,0.15,60,-2.322733081027106,0.0022600362846283183,1.0227116195200097,0.01,0.75,445.6188,453.4959,2024-09-09 12:02:00-04:00,453.4959,453.40520082,TAKE_PROFIT,148.53960000000006,0.308,7.951819919998798,8.259819919998797,140.27978008000127,41,0.0
2024-09-09 12:06:00-04:00,LONG,453.535,453.62570700000003,44,z,1.5,0.15,60,-1.1282455259029152,0.001166735870890532,0.527971316295293,0.01,0.75,448.99965000000003,456.93651250000005,2024-09-09 15:59:00-04:00,454.51,454.419098,FORCED_EOD,42.8999999999985,0.308,7.990795999999136,8.298795999999136,34.60120399999936,233,0.0
2024-09-10 10:12:00-04:00,LONG,456.18,456.271236,43,z,1.5,0.15,60,-1.6239722065857094,-0.0035970181165099514,-1.64239847199849,0.01,0.75,451.6182,459.60135,2024-09-10 15:59:00-04:00,458.67,458.57826600000004,FORCED_EOD,107.07000000000039,0.301,7.8677099999980555,8.168709999998056,98.90129000000233,347,0.0
2024-09-11 10:41:00-04:00,SHORT,452.79,452.69944200000003,44,z,1.5,0.15,60,1.1481051790043897,-0.002228827034310021,-1.0227641495042121,0.01,0.75,457.3179,449.39407500000004,2024-09-11 11:43:00-04:00,457.3179,457.40936358,STOP,-199.22759999999948,0.308,8.008949519998623,8.316949519998623,-207.5445495199981,62,0.0
2024-09-11 11:48:00-04:00,LONG,457.38,457.471476,43,z,1.5,0.15,60,-1.0006038255379959,-0.00182242363009132,-0.8362737553762827,0.01,0.75,452.8062,460.81034999999997,2024-09-11 13:02:00-04:00,460.81034999999997,460.71818793,TAKE_PROFIT,147.50504999999896,0.301,7.896437009998806,8.197437009998806,139.30761299000017,74,0.0
2024-09-11 13:24:00-04:00,LONG,461.165,461.257233,43,z,1.5,0.15,60,-1.8483263498040592,-0.005120572608845636,-2.349728358747086,0.01,0.75,456.55335,464.6237375,2024-09-11 14:27:00-04:00,464.6237375,464.5308127525,TAKE_PROFIT,148.7257124999993,0.301,7.961783142497552,8.262783142497552,140.46292935750176,63,0.0
2024-09-11 14:47:00-04:00,SHORT,465.4,465.30692,42,z,1.5,0.15,60,2.436499475846711,-0.004961849013197735,-2.276893275176235,0.01,0.75,470.054,461.9095,2024-09-11 15:59:00-04:00,468.45,468.54368999999997,FORCED_EOD,-128.10000000000048,0.294,7.844339999998624,8.138339999998625,-136.2383399999991,72,0.0
2024-09-12 10:04:00-04:00,LONG,468.87,468.963774,42,z,1.5,0.15,60,-2.2421964188136565,-0.0032592905022660696,-1.5252012869879081,0.01,0.75,464.1813,472.386525,2024-09-12 13:24:00-04:00,472.386525,472.292047695,TAKE_PROFIT,147.69405000000006,0.294,7.906554809999761,8.200554809999762,139.4934951900003,200,0.0
2024-09-12 13:29:00-04:00,LONG,472.375,472.469475,42,z,1.5,0.15,60,-3.3682313435766464,-0.002352386629242788,-1.1008110850872868,0.01,0.75,467.65125,475.9178125,2024-09-12 15:59:00-04:00,473.24,473.145352,FORCED_EOD,36.33000000000038,0.294,7.943165999999792,8.237165999999792,28.09283400000059,150,3.552713678800501e-15
2024-09-13 09:51:00-04:00,SHORT,474.01,473.915198,42,z,1.5,0.15,60,1.256658812222054,0.0018444386880233261,0.8719215009893446,0.01,0.75,478.7501,470.454925,2024-09-13 15:59:00-04:00,475.34,475.43506799999994,FORCED_EOD,-55.85999999999933,0.294,7.974539999999365,8.268539999999366,-64.1285399999987,368,0.0
2024-09-16 10:16:00-04:00,LONG,473.68,473.774736,42,z,1.5,0.15,60,-1.7584342208528667,-0.0042886532405237345,-2.026088450420616,0.01,0.75,468.9432,477.2326,2024-09-16 15:59:00-04:00,473.22,473.125356,FORCED_EOD,-19.31999999999914,0.294,7.953960000001189,8.24796000000119,-27.56796000000033,343,0.0
2024-09-17 09:49:00-04:00,LONG,475.9,475.99517999999995,42,z,1.5,0.15,60,-1.4133433452952395,-0.0011272331049743142,-0.5372054808376561,0.01,0.75,471.14099999999996,479.46925,2024-09-17 13:45:00-04:00,471.14099999999996,471.0467718,STOP,-199.8780000000006,0.294,7.955144399997721,8.249144399997721,-208.12714439999834,236,0.0
2024-09-17 13:47:00-04:00,SHORT,471.76,471.665648,42,z,1.5,0.15,60,1.756121227802613,0.002200667392860676,1.0487720594156258,0.01,0.75,476.4776,468.2218,2024-09-17 15:59:00-04:00,473.51,473.604702,FORCED_EOD,-73.5,0.294,7.940267999999946,8.234267999999947,-81.73426799999994,132,0.0
2024-09-18 09:57:00-04:00,LONG,474.12,474.214824,42,z,1.5,0.15,60,-1.3231115592121212,-7.162917349994588e-05,-0.03399663832652777,0.01,0.75,469.3788,477.6759,2024-09-18 14:00:00-04:00,477.6759,477.58036482,TAKE_PROFIT,149.34780000000035,0.294,7.995085560001257,8.289085560001258,141.05871443999908,243,0.0
2024-09-18 14:03:00-04:00,SHORT,477.02,476.924596,41,z,1.5,0.15,60,2.1140928317785406,-0.0007064045886389456,-0.3352737458598085,0.01,0.75,481.79019999999997,473.44235,2024-09-18 15:01:00-04:00,473.44235,473.53703846999997,TAKE_PROFIT,146.68365000000023,0.28700000000000003,7.793791269998678,8.080791269998679,138.60285873000154,58,0.0
2024-09-18 15:08:00-04:00,SHORT,472.28,472.185544,42,z,1.5,0.15,60,1.8058880231835865,-0.00035545955835121577,-0.16870821558467242,0.01,0.75,477.0028,468.73789999999997,2024-09-18 15:59:00-04:00,471.33,471.424266,FORCED_EOD,39.89999999999952,0.294,7.92632399999934,8.22032399999934,31.679676000000182,51,3.552713678800501e-15
2024-09-19 10:16:00-04:00,LONG,482.77,482.86655399999995,41,z,1.5,0.15,60,-1.1742436806313297,-0.004438705823360055,-2.140299560966014,0.01,0.75,477.9423,486.39077499999996,2024-09-19 15:59:00-04:00,483.41,483.31331800000004,FORCED_EOD,26.24000000000177,0.28700000000000003,7.922675999998205,8.209675999998206,18.030324000003567,343,0.0
2024-09-20 10:18:00-04:00,SHORT,481.38,481.283724,41,z,1.5,0.15,60,1.3599610423642168,0.0004414761530017316,0.21309170953088596,0.01,0.75,486.1938,477.76965,2024-09-20 15:59:00-04:00,482.42,482.516484,FORCED_EOD,-42.64000000000084,0.28700000000000003,7.903159999998536,8.190159999998537,-50.830159999999374,341,0.0
2024-09-23 09:51:00-04:00,LONG,483.4193,483.51598386,41,z,1.5,0.15,60,-1.4454148112151144,-0.0002679640335095158,-0.12941858926410532,0.01,0.75,478.585107,487.04494475,2024-09-23 15:59:00-04:00,483.02,482.92339599999997,FORCED_EOD,-16.37130000000161,0.28700000000000003,7.924802259999922,8.211802259999923,-24.58310226000153,368,0.0
2024-09-24 09:51:00-04:00,SHORT,483.655,483.558269,41,z,1.5,0.15,60,1.1825991453696438,0.00341854720929299,1.6567647195117274,0.01,0.75,488.49154999999996,480.0275875,2024-09-24 15:59:00-04:00,485.35,485.44707,FORCED_EOD,-69.49500000000205,0.28700000000000003,7.9458409999979835,8.232840999997984,-77.72784100000004,368,0.0
2024-09-25 10:01:00-04:00,LONG,486.87,486.967374,41,z,1.5,0.15,60,-1.0351847414062045,-0.0027693793885928512,-1.3437582669330368,0.01,0.75,482.0013,490.521525,2024-09-25 15:59:00-04:00,485.93,485.83281400000004,FORCED_EOD,-38.53999999999991,0.28700000000000003,7.976959999998655,8.263959999998656,-46.80395999999856,358,0.0
2024-09-26 09:54:00-04:00,LONG,491.35,491.44827000000004,40,z,1.5,0.15,60,-1.593756744398392,-0.0025223931500029328,-1.243085792184445,0.01,0.75,486.4365,495.03512500000005,2024-09-26 10:55:00-04:00,486.4365,486.3392127,STOP,-196.53999999999996,0.28,7.822292000000743,8.102292000000743,-204.6422920000007,61,0.0
2024-09-26 10:57:00-04:00,SHORT,486.93,486.83261400000004,41,z,1.5,0.15,60,0.4117241871320333,-0.00226017484386481,-1.113859366553413,0.01,0.75,491.7993,483.278025,2024-09-26 15:59:00-04:00,489.44,489.537888,FORCED_EOD,-102.90999999999963,0.28700000000000003,8.006233999999324,8.293233999999325,-111.20323399999896,302,0.0
2024-09-27 10:15:00-04:00,SHORT,489.17,489.07216600000004,40,z,1.5,0.15,60,1.8472094456747679,0.002045829748188674,1.0023952017199917,0.01,0.75,494.06170000000003,485.50122500000003,2024-09-27 15:59:00-04:00,486.78,486.87735599999996,FORCED_EOD,95.60000000000173,0.28,7.807599999998729,8.087599999998728,87.512400000003,344,0.0
2024-09-30 10:08:00-04:00,SHORT,486.0,485.9028,41,z,1.5,0.15,60,1.3510149361658248,-0.000918493590867787,-0.4460939672126756,0.01,0.75,490.86,482.355,2024-09-30 15:59:00-04:00,488.05,488.14761,FORCED_EOD,-84.05000000000047,0.28700000000000003,7.987209999998413,8.274209999998414,-92.32420999999889,351,0.0
2024-10-01 10:11:00-04:00,LONG,480.26,480.356052,41,z,1.5,0.15,60,-0.8267163712163391,-0.0006658379374395815,-0.32486166383887394,0.01,0.75,475.4574,483.86195,2024-10-01 15:59:00-04:00,481.17,481.07376600000003,FORCED_EOD,37.310000000001025,0.28700000000000003,7.88372599999866,8.17072599999866,29.139274000002366,348,0.0
2024-10-02 11:12:00-04:00,LONG,482.67,482.766534,41,z,1.5,0.15,60,-1.7622707065648482,0.0016300414429157454,0.7821590859687149,0.01,0.75,477.8433,486.290025,2024-10-02 15:59:00-04:00,481.94,481.843612,FORCED_EOD,-29.930000000000746,0.28700000000000003,7.909801999998081,8.196801999998081,-38.126801999998825,287,0.0
2024-10-03 09:50:00-04:00,LONG,481.67,481.76633400000003,41,z,1.5,0.15,60,-1.7504019354718656,-0.002130856528707349,-1.022726964946628,0.01,0.75,476.8533,485.282525,2024-10-03 15:59:00-04:00,481.63,481.533674,FORCED_EOD,-1.640000000000839,0.28700000000000003,7.899059999999565,8.186059999999566,-9.826060000000405,369,1.7763568394002505e-15
2024-10-04 09:48:00-04:00,SHORT,486.85,486.75263,41,z,1.5,0.15,60,0.9576381445069849,0.0021827678190111657,1.0636409305259917,0.01,0.75,491.7185,483.19862500000005,2024-10-04 10:08:00-04:00,483.19862500000005,483.29526472500004,TAKE_PROFIT,149.7063749999989,0.28700000000000003,7.954398725000033,8.241398725000034,141.46497627499886,20,0.0
2024-10-04 10:09:00-04:00,SHORT,483.16,483.063368,41,z,1.5,0.15,60,1.2673116708460386,0.002745135418338195,1.3376770380020275,0.01,0.75,487.9916,479.53630000000004,2024-10-04 15:59:00-04:00,487.49,487.587498,FORCED_EOD,-177.52999999999935,0.28700000000000003,7.959329999998886,8.246329999998887,-185.77632999999824,350,0.0
2024-10-07 09:56:00-04:00,SHORT,484.79,484.69304200000005,41,z,1.5,0.15,60,1.7199586895949204,-0.0002715332444808104,-0.1318076675358384,0.01,0.75,489.6379,481.15407500000003,2024-10-07 15:35:00-04:00,481.15407500000003,481.25030581500005,TAKE_PROFIT,149.07292499999943,0.28700000000000003,7.920741414999384,8.207741414999385,140.86518358500004,339,0.0
2024-10-07 15:41:00-04:00,SHORT,481.43,481.33371400000004,41,z,1.5,0.15,60,1.2250815209562023,-0.004053553176472113,-1.967675782923095,0.01,0.75,486.2443,477.819275,2024-10-07 15:59:00-04:00,482.06,482.156412,FORCED_EOD,-25.829999999999814,0.28700000000000003,7.900617999997962,8.187617999997963,-34.017617999997775,18,0.0
2024-10-08 11:03:00-04:00,LONG,488.24,488.337648,40,z,1.5,0.15,60,-1.653527250050289,-0.005036232934190721,-2.4382921750883497,0.01,0.75,483.3576,491.90180000000004,2024-10-08 15:59:00-04:00,489.33,489.232134,FORCED_EOD,43.599999999999,0.28,7.820560000000114,8.100560000000113,35.499439999998884,296,0.0
2024-10-09 10:08:00-04:00,LONG,489.28,489.37785599999995,40,z,1.5,0.15,60,-2.5269880118808308,-0.0007541331484746526,-0.36880881626149176,0.01,0.75,484.38719999999995,492.9496,2024-10-09 14:28:00-04:00,492.9496,492.85101008,TAKE_PROFIT,146.7840000000001,0.28,7.85783679999895,8.137836799998949,138.64616320000115,260,0.0
2024-10-09 14:37:00-04:00,LONG,492.48,492.57849600000003,40,z,1.5,0.15,60,-2.187635458817967,0.0017198166710490894,0.841076342976578,0.01,0.75,487.5552,496.1736,2024-10-09 15:59:00-04:00,493.17,493.071366,FORCED_EOD,27.59999999999991,0.28,7.885200000000623,8.165200000000622,19.434799999999285,82,0.0
2024-10-10 10:01:00-04:00,LONG,491.46,491.558292,40,z,1.5,0.15,60,-1.5492997763885448,-0.0039240635307105165,-1.9252986066442759,0.01,0.75,486.5454,495.14594999999997,2024-10-10 15:59:00-04:00,492.6,492.50148,FORCED_EOD,45.60000000000173,0.28,7.872480000000905,8.152480000000905,37.44752000000082,358,0.0
2024-10-11 10:23:00-04:00,LONG,493.27,493.368654,40,z,1.5,0.15,60,-1.2901181130142616,-0.0004530869464990459,-0.22220534697169114,0.01,0.75,488.33729999999997,496.969525,2024-10-11 15:59:00-04:00,493.34,493.241332,FORCED_EOD,2.799999999999727,0.28,7.892879999999423,8.172879999999422,-5.372879999999696,336,0.0
2024-10-14 10:12:00-04:00,LONG,497.97,498.069594,40,z,1.5,0.15,60,-1.3132876932433237,-0.0036652541579059415,-1.817489579280732,0.01,0.75,492.99030000000005,501.70477500000004,2024-10-14 15:59:00-04:00,497.5,497.4005,FORCED_EOD,-18.80000000000109,0.28,7.963759999997819,8.243759999997819,-27.043759999998912,347,0.0
2024-10-15 10:01:00-04:00,SHORT,497.74,497.64045200000004,40,z,1.5,0.15,60,1.5176427332584341,-0.0010759092433024844,-0.5353186440052013,0.01,0.75,502.7174,494.00695,2024-10-15 10:31:00-04:00,494.00695,494.10575139,TAKE_PROFIT,149.32199999999966,0.28,7.93397559999903,8.21397559999903,141.10802440000063,30,0.0
2024-10-15 11:18:00-04:00,LONG,493.245,493.34364899999997,40,z,1.5,0.15,60,-1.5745262859014624,0.0004222230541847463,0.21007708060960795,0.01,0.75,488.31255,496.9443375,2024-10-15 15:59:00-04:00,490.78,490.68184399999996,FORCED_EOD,-98.60000000000127,0.28,7.872199999999339,8.152199999999338,-106.75220000000061,281,0.0
2024-10-16 09:55:00-04:00,SHORT,488.505,488.407299,40,z,1.5,0.15,60,1.0337809729584013,-0.0009363819083582818,-0.4596792426322054,0.01,0.75,493.39005,484.8412125,2024-10-16 15:59:00-04:00,490.93,491.028186,FORCED_EOD,-97.00000000000045,0.28,7.8354799999988245,8.115479999998824,-105.11547999999928,364,0.0
2024-10-17 09:56:00-04:00,LONG,494.33,494.42886599999997,40,z,1.5,0.15,60,-1.4046383124159947,-0.0005935481617343834,-0.29427524310625586,0.01,0.75,489.38669999999996,498.037475,2024-10-17 15:59:00-04:00,491.35,491.25173,FORCED_EOD,-119.19999999999845,0.28,7.885440000000017,8.165440000000016,-127.36543999999847,363,0.0
2024-10-18 09:48:00-04:00,SHORT,494.46,494.361108,40,z,1.5,0.15,60,1.898369990099465,0.0014159211761538648,0.6990827623024529,0.01,0.75,499.40459999999996,490.75154999999995,2024-10-18 15:59:00-04:00,494.51,494.608902,FORCED_EOD,-2.0000000000004547,0.28,7.911759999999504,8.191759999999503,-10.191759999999958,371,-1.7763568394002505e-15
2024-10-21 10:17:00-04:00,LONG,496.0699,496.16911398,40,z,1.5,0.15,60,-1.612795068995032,-0.0024829271142691378,-1.2262432139241355,0.01,0.75,491.10920100000004,499.79042425,2024-10-21 15:59:00-04:00,495.48,495.38090400000004,FORCED_EOD,-23.596000000000004,0.28,7.932399199999054,8.212399199999053,-31.80839919999906,342,0.0
2024-10-22 09:57:00-04:00,LONG,493.73,493.828746,40,z,1.5,0.15,60,-1.5122419884313647,-0.0036808483122130354,-1.8122104537933978,0.01,0.75,488.7927,497.432975,2024-10-22 14:03:00-04:00,497.432975,497.333488405,TAKE_PROFIT,148.11899999999923,0.28,7.929303799999161,8.20930379999916,139.90969620000007,246,0.0
2024-10-22 14:54:00-04:00,SHORT,495.7699,495.67074602,40,z,1.5,0.15,60,1.2911815201400785,-0.006431550322320824,-3.1664773279398446,0.01,0.75,500.727599,492.05162575,2024-10-22 15:59:00-04:00,496.03,496.12920599999995,FORCED_EOD,-10.403999999998632,0.28,7.934399199998552,8.214399199998551,-18.618399199997185,65,0.0
2024-10-23 10:06:00-04:00,SHORT,492.39,492.291522,40,z,1.5,0.15,60,2.0051394653963417,0.003376551793113639,1.6675776340650827,0.01,0.75,497.3139,488.697075,2024-10-23 13:01:00-04:00,488.697075,488.79481441499996,TAKE_PROFIT,147.7170000000001,0.28,7.84869659999913,8.12869659999913,139.58830340000097,175,0.0
2024-10-23 13:03:00-04:00,SHORT,488.475,488.37730500000004,40,z,1.5,0.15,60,1.3173950938573,0.006023753304665317,2.97495104457505,0.01,0.75,493.35975,484.8114375,2024-10-23 15:59:00-04:00,488.37,488.467674,FORCED_EOD,4.200000000000728,0.28,7.8147599999988415,8.09475999999884,-3.894759999998114,176,0.0
2024-10-24 09:50:00-04:00,SHORT,490.44,490.34191200000004,40,z,1.5,0.15,60,0.6805228204409532,0.0007082645288835504,0.34797744568578537,0.01,0.75,495.3444,486.7617,2024-10-24 15:59:00-04:00,492.33,492.42846599999996,FORCED_EOD,-75.59999999999945,0.28,7.862159999997402,8.142159999997402,-83.74215999999686,369,0.0
2024-10-25 09:59:00-04:00,LONG,499.03,499.129806,40,z,1.5,0.15,60,-0.5120064584047901,-0.0026794227225196542,-1.328511374279742,0.01,0.75,494.0397,502.772725,2024-10-25 15:59:00-04:00,495.28,495.180944,FORCED_EOD,-150.0,0.28,7.954479999998512,8.234479999998511,-158.2344799999985,360,0.0
2024-10-28 10:26:00-04:00,SHORT,497.46,497.360508,40,z,1.5,0.15,60,1.172339236069518,0.003046010103450809,1.5153595663657597,0.01,0.75,502.4346,493.72905,2024-10-28 15:59:00-04:00,495.4,495.49908,FORCED_EOD,82.40000000000009,0.28,7.942880000000514,8.222880000000513,74.17711999999958,333,0.0
2024-10-29 09:47:00-04:00,LONG,495.58,495.67911599999996,40,z,1.5,0.15,60,-0.8300236177523262,-0.0009669342641653307,-0.47893221038378897,0.01,0.75,490.6242,499.29685,2024-10-29 13:01:00-04:00,499.29685,499.19699063,TAKE_PROFIT,148.6740000000009,0.28,7.95901479999884,8.23901479999884,140.43498520000205,194,0.0
2024-10-29 13:11:00-04:00,LONG,499.7,499.79994,40,z,1.5,0.15,60,-1.1241032884163207,-0.0007034352873017541,-0.3484185321534028,0.01,0.75,494.703,503.44775,2024-10-29 15:59:00-04:00,500.14,500.039972,FORCED_EOD,17.59999999999991,0.28,7.998720000000503,8.278720000000503,9.321279999999406,168,-1.7763568394002505e-15
2024-10-30 10:46:00-04:00,LONG,499.78,499.87995599999994,40,z,1.5,0.15,60,-0.8359922325723903,0.00011610483922616177,0.05791309380600751,0.01,0.75,494.7822,503.52835,2024-10-30 15:59:00-04:00,496.4,496.30072,FORCED_EOD,-135.19999999999982,0.28,7.969439999997121,8.24943999999712,-143.44943999999694,313,0.0
2024-10-31 10:29:00-04:00,SHORT,487.075,486.977585,41,z,1.5,0.15,60,1.8970939021569626,0.002730313020967967,1.3421672748474407,0.01,0.75,491.94575,483.4219375,2024-10-31 15:59:00-04:00,483.9,483.99677999999994,FORCED_EOD,130.17500000000047,0.28700000000000003,7.961994999999149,8.24899499999915,121.92600500000131,330,0.0
2024-11-01 09:57:00-04:00,LONG,488.0,488.0976,40,z,1.5,0.15,60,-1.6433749717435542,-0.001907231146022515,-0.92645660149185,0.01,0.75,483.12,491.66,2024-11-01 15:59:00-04:00,487.4,487.30252,FORCED_EOD,-24.00000000000091,0.28,7.803199999998469,8.083199999998468,-32.08319999999938,362,0.0
2024-11-04 10:27:00-05:00,SHORT,488.38,488.282324,40,z,1.5,0.15,60,1.5501661418355002,0.002111656056401588,1.0282920332252843,0.01,0.75,493.2638,484.71715,2024-11-04 12:09:00-05:00,484.71715,484.81409343,TAKE_PROFIT,146.51399999999967,0.28,7.784777199999553,8.064777199999552,138.44922280000011,102,0.0
2024-11-04 12:21:00-05:00,SHORT,486.0262,485.92899476,41,z,1.5,0.15,60,1.7625008984934485,0.0025125107618193445,1.2234922405755242,0.01,0.75,490.886462,482.3810035,2024-11-04 15:59:00-05:00,485.96,486.057192,FORCED_EOD,2.71420000000154,0.28700000000000003,7.970286840000028,8.25728684000003,-5.543086839998488,218,0.0
2024-11-05 10:49:00-05:00,SHORT,491.14,491.041772,40,z,1.5,0.15,60,1.2412556550600442,0.0017513155353556086,0.8551235930257803,0.01,0.75,496.0514,487.45644999999996,2024-11-05 15:59:00-05:00,492.25,492.34845,FORCED_EOD,-44.400000000000546,0.28,7.867120000000796,8.147120000000795,-52.54712000000134,310,0.0
2024-11-06 09:59:00-05:00,LONG,500.29,500.390058,39,z,1.5,0.15,60,-1.724313832388549,-0.007061635099743895,-3.534203603902256,0.01,0.75,495.2871,504.04217500000004,2024-11-06 13:02:00-05:00,504.04217500000004,503.94136656500007,TAKE_PROFIT,146.33482500000088,0.273,7.833790964998684,8.106790964998684,138.2280340350022,183,0.0
2024-11-06 13:05:00-05:00,LONG,503.92,504.020784,39,z,1.5,0.15,60,-1.4342685075499404,-0.008688768827570895,-4.348550678438357,0.01,0.75,498.8808,507.6994,2024-11-06 15:59:00-05:00,505.62,505.51887600000003,FORCED_EOD,66.29999999999956,0.273,7.874411999997903,8.147411999997903,58.15258800000165,174,7.105427357601002e-15
2024-11-07 10:02:00-05:00,LONG,510.79,510.892158,39,z,1.5,0.15,60,-1.4349123353296218,-0.002772933990330015,-1.4112847543785279,0.01,0.75,505.68210000000005,514.620925,2024-11-07 15:59:00-05:00,513.6,513.49728,FORCED_EOD,109.59000000000009,0.273,7.990241999998091,8.26324199999809,101.326758000002,357,0.0
2024-11-08 09:51:00-05:00,SHORT,513.72,513.617256,38,z,1.5,0.15,60,0.7247435268968687,-0.0006283363687397379,-0.3227701092579309,0.01,0.75,518.8572,509.86710000000005,2024-11-08 15:59:00-05:00,514.16,514.262832,FORCED_EOD,-16.719999999997754,0.266,7.811888000002455,8.077888000002455,-24.797888000000206,368,0.0
2024-11-11 09:57:00-05:00,SHORT,513.03,512.9273939999999,38,z,1.5,0.15,60,1.859138680385692,0.006181385673669005,3.184279015933839,0.01,0.75,518.1603,509.18227499999995,2024-11-11 15:59:00-05:00,513.83,513.932766,FORCED_EOD,-30.400000000002592,0.266,7.804136000000426,8.070136000000426,-38.470136000003016,362,0.0
2024-11-12 09:48:00-05:00,SHORT,513.71,513.607258,38,z,1.5,0.15,60,1.0476577281059798,0.0004877275030457186,0.2504602660015962,0.01,0.75,518.8471000000001,509.85717500000004,2024-11-12 13:00:00-05:00,509.85717500000004,509.95914643500004,TAKE_PROFIT,146.40734999999984,0.266,7.779110530001162,8.045110530001162,138.36223946999868,192,0.0
2024-11-12 13:16:00-05:00,LONG,511.16,511.26223200000004,39,z,1.5,0.15,60,-1.3219795043719405,-0.00757559725240114,-3.890258579039255,0.01,0.75,506.0484,514.9937,2024-11-12 15:59:00-05:00,512.91,512.807418,FORCED_EOD,68.24999999999778,0.273,7.987745999999959,8.260745999999958,59.98925399999782,163,7.105427357601002e-15
2024-11-13 10:36:00-05:00,LONG,511.16,511.26223200000004,39,z,1.5,0.15,60,-1.589954723084525,0.0021428484027082246,1.0990348030230166,0.01,0.75,506.0484,514.9937,2024-11-13 15:59:00-05:00,512.27,512.167546,FORCED_EOD,43.289999999998315,0.273,7.982753999999261,8.25575399999926,35.03424599999905,323,0.0
2024-11-14 09:50:00-05:00,SHORT,510.655,510.552869,39,z,1.5,0.15,60,1.3736160326390128,-4.565291172743853e-05,-0.02339483918001406,0.01,0.75,515.7615499999999,506.8250875,2024-11-14 15:59:00-05:00,508.67,508.771734,FORCED_EOD,77.41499999999832,0.273,7.950734999998076,8.223734999998076,69.19126500000024,369,0.0
2024-11-15 10:49:00-05:00,LONG,498.46,498.559692,40,z,1.5,0.15,60,-1.9473830723655925,0.0016660397855241624,0.8379513705272643,0.01,0.75,493.4754,502.19845,2024-11-15 15:59:00-05:00,496.46,496.360708,FORCED_EOD,-80.0,0.28,7.959359999999833,8.239359999999833,-88.23935999999983,310,0.0
2024-11-18 10:16:00-05:00,LONG,499.38,499.479876,40,z,1.5,0.15,60,-1.5043605698266287,-5.171753483876893e-05,-0.025734128160422642,0.01,0.75,494.3862,503.12534999999997,2024-11-18 15:59:00-05:00,500.01,499.90999800000003,FORCED_EOD,25.199999999999818,0.28,7.995119999998224,8.275119999998223,16.924880000001593,343,0.0
2024-11-19 10:01:00-05:00,LONG,497.63,497.72952599999996,40,z,1.5,0.15,60,-0.6179717626796682,-0.0020015361061918894,-0.9960644432463255,0.01,0.75,492.6537,501.362225,2024-11-19 11:28:00-05:00,501.362225,501.26195255500005,TAKE_PROFIT,149.28900000000112,0.28,7.991937799997686,8.271937799997685,141.01706220000344,87,0.0
2024-11-19 11:39:00-05:00,LONG,501.46,501.56029199999995,39,z,1.5,0.15,60,-1.371307065476773,-0.004368660779713275,-2.1740640370243227,0.01,0.75,496.4454,505.22094999999996,2024-11-19 15:59:00-05:00,503.39,503.28932199999997,FORCED_EOD,75.27000000000027,0.273,7.8378299999993715,8.110829999999371,67.1591700000009,260,0.0
2024-11-20 09:50:00-05:00,SHORT,500.8799,500.77972402,39,z,1.5,0.15,60,1.375593076110088,0.001779642241637746,0.8947507298282176,0.01,0.75,505.88869900000003,497.12330075,2024-11-20 10:17:00-05:00,497.12330075,497.22272541014996,TAKE_PROFIT,146.50737075000086,0.273,7.784424965849269,8.057424965849268,138.4499457841516,27,0.0
2024-11-20 10:20:00-05:00,SHORT,497.34,497.240532,40,z,1.5,0.15,60,1.2619012692390346,0.003913067462469361,1.9673729281057035,0.01,0.75,502.3134,493.60994999999997,2024-11-20 15:34:00-05:00,502.3134,502.41386267999997,STOP,-198.93600000000106,0.28,7.997227199998633,8.277227199998633,-207.2132271999997,314,0.0
2024-11-20 15:40:00-05:00,LONG,502.53,502.63050599999997,39,z,1.5,0.15,60,-1.765366285231201,0.0024903213949002303,1.2520588877139858,0.01,0.75,497.50469999999996,506.298975,2024-11-20 15:59:00-05:00,503.19,503.089362,FORCED_EOD,25.740000000000975,0.273,7.844615999999974,8.117615999999973,17.622384000001002,19,0.0
2024-11-21 09:58:00-05:00,SHORT,501.32,501.219736,39,z,1.5,0.15,60,1.4318284576498583,0.005707174711849842,2.8872596867248603,0.01,0.75,506.3332,497.5601,2024-11-21 10:30:00-05:00,497.5601,497.65961201999994,TAKE_PROFIT,146.63610000000062,0.273,7.791264779997846,8.064264779997846,138.57183522000278,32,0.0
2024-11-21 11:41:00-05:00,SHORT,503.07,502.969386,39,z,1.5,0.15,60,1.5171446437312182,0.011770139178887314,5.954513410599077,0.01,0.75,508.1007,499.296975,2024-11-21 15:59:00-05:00,504.98,505.080996,FORCED_EOD,-74.49000000000098,0.273,7.862790000000643,8.135790000000643,-82.62579000000161,258,0.0
2024-11-22 09:47:00-05:00,SHORT,505.75,505.64885000000004,39,z,1.5,0.15,60,1.6795158648530584,0.0018485706241984537,0.9324005371394151,0.01,0.75,510.8075,501.956875,2024-11-22 15:59:00-05:00,505.77,505.871154,FORCED_EOD,-0.7799999999992906,0.273,7.889855999998815,8.162855999998815,-8.942855999998105,372,0.0
2024-11-25 09:50:00-05:00,SHORT,509.81,509.708038,39,z,1.5,0.15,60,1.8463184069202756,0.003001128309274825,1.5276043207039152,0.01,0.75,514.9081,505.986425,2024-11-25 12:12:00-05:00,505.986425,506.087622285,TAKE_PROFIT,149.1194250000002,0.273,7.923212115001036,8.196212115001035,140.92321288499917,142,0.0
2024-11-25 12:50:00-05:00,LONG,504.92,505.020984,39,z,1.5,0.15,60,-2.4323300872099027,0.0026843426736052264,1.3663572642917643,0.01,0.75,499.87080000000003,508.7069,2024-11-25 15:59:00-05:00,506.57,506.468686,FORCED_EOD,64.34999999999911,0.273,7.889621999999406,8.162621999999406,56.187377999999704,189,7.105427357601002e-15
2024-11-26 10:01:00-05:00,LONG,508.52,508.62170399999997,39,z,1.5,0.15,60,-1.3552047804719147,-0.004550831163065112,-2.31309691864584,0.01,0.75,503.4348,512.3339,2024-11-26 15:59:00-05:00,509.3,509.19814,FORCED_EOD,30.420000000001153,0.273,7.938995999998895,8.211995999998894,22.20800400000226,358,0.0
2024-11-27 09:55:00-05:00,SHORT,505.955,505.853809,39,z,1.5,0.15,60,1.9981068775400872,0.0010478146150921684,0.5313887038978464,0.01,0.75,511.01455,502.16033749999997,2024-11-27 12:08:00-05:00,502.16033749999997,502.26076956749995,TAKE_PROFIT,147.9918375000006,0.273,7.863299632498126,8.136299632498126,139.85553786750248,133,0.0
2024-11-27 12:37:00-05:00,SHORT,503.17,503.069366,39,z,1.5,0.15,60,1.240138806182325,-0.0020839865037469464,-1.056872915510212,0.01,0.75,508.2017,499.396225,2024-11-27 15:59:00-05:00,505.28,505.38105599999994,FORCED_EOD,-82.28999999999832,0.273,7.865909999999417,8.138909999999417,-90.42890999999773,202,0.0
2024-11-29 10:01:00-05:00,LONG,508.12,508.221624,39,z,1.5,0.15,60,-1.4897308053203615,-0.0005936269006955631,-0.30010214337761454,0.01,0.75,503.0388,511.9309,2024-11-29 12:59:00-05:00,509.71,509.60805799999997,FORCED_EOD,62.009999999999025,0.273,7.939074000000915,8.212074000000914,53.79792599999811,178,0.0
2024-12-02 10:05:00-05:00,LONG,514.2353,514.3381470600001,38,z,1.5,0.15,60,-1.7098315381671572,-0.003031741581074084,-1.550650929955168,0.01,0.75,509.09294700000004,518.0920647500001,2024-12-02 15:59:00-05:00,515.3,515.1969399999999,FORCED_EOD,40.458599999996295,0.266,7.824468280002748,8.090468280002748,32.36813171999355,354,0.0
2024-12-03 10:01:00-05:00,LONG,515.2,515.30304,38,z,1.5,0.15,60,-1.4007321093996803,-0.003019867735056741,-1.5510342674025424,0.01,0.75,510.04800000000006,519.0640000000001,2024-12-03 15:59:00-05:00,516.91,516.806618,FORCED_EOD,64.97999999999706,0.266,7.8440359999990505,8.11003599999905,56.86996399999801,358,-7.105427357601002e-15
2024-12-04 09:54:00-05:00,LONG,520.49,520.594098,38,z,1.5,0.15,60,-1.130562690838262,-0.000759831537442197,-0.3954923152386982,0.01,0.75,515.2851,524.393675,2024-12-04 15:59:00-05:00,523.25,523.14535,FORCED_EOD,104.87999999999965,0.266,7.9324240000005375,8.198424000000538,96.68157599999911,365,0.0
2024-12-05 10:08:00-05:00,SHORT,522.89,522.785422,38,z,1.5,0.15,60,1.3948220417866526,0.0009404571718852075,0.4918779100394204,0.01,0.75,528.1188999999999,518.9683249999999,2024-12-05 15:59:00-05:00,521.8,521.90436,FORCED_EOD,41.42000000000121,0.266,7.939643999999589,8.20564399999959,33.21435600000162,351,0.0
2024-12-06 09:47:00-05:00,LONG,524.465,524.569893,38,z,1.5,0.15,60,-1.3124878262690887,-0.0008400596254412307,-0.4389815578706475,0.01,0.75,519.22035,528.3984875,2024-12-06 15:59:00-05:00,526.51,526.404698,FORCED_EOD,77.70999999999844,0.266,7.987409999995634,8.253409999995634,69.4565900000028,372,0.0
2024-12-09 09:56:00-05:00,LONG,525.9863,526.09149726,38,z,1.5,0.15,60,-2.113497742634276,-0.00320828341661728,-1.6842846280558206,0.01,0.75,520.726437,529.9311972500001,2024-12-09 15:59:00-05:00,522.36,522.255528,FORCED_EOD,-137.79940000000056,0.266,7.9674318799977755,8.233431879997775,-146.03283187999833,363,0.0
2024-12-10 09:47:00-05:00,LONG,524.8,524.90496,38,z,1.5,0.15,60,-1.5238354897843356,-0.0028595283711478313,-1.4961624343519588,0.01,0.75,519.5519999999999,528.736,2024-12-10 15:31:00-05:00,519.5519999999999,519.4480895999999,STOP,-199.4240000000018,0.266,7.937075200000891,8.20307520000089,-207.62707520000268,344,0.0
2024-12-10 15:36:00-05:00,LONG,519.6055,519.7094211,38,z,1.5,0.15,60,-1.772226712889873,0.00523818133107712,2.74072123604617,0.01,0.75,514.409445,523.50254125,2024-12-10 15:59:00-05:00,520.55,520.44589,FORCED_EOD,35.89099999999803,0.266,7.9051817999989,8.1711817999989,27.719818199999132,23,0.0
2024-12-11 10:09:00-05:00,LONG,528.07,528.175614,37,z,1.5,0.15,60,-0.61981794477602,0.0008226535597231866,0.43162986971549344,0.01,0.75,522.7893,532.030525,2024-12-11 15:59:00-05:00,529.94,529.834012,FORCED_EOD,69.19000000000017,0.259,7.829273999998918,8.088273999998918,61.10172600000125,350,0.0
2024-12-12 09:51:00-05:00,SHORT,526.865,526.759627,37,z,1.5,0.15,60,1.9504598991490558,0.0006409193550819081,0.3379369074347096,0.01,0.75,532.13365,522.9135125,2024-12-12 15:59:00-05:00,526.5,526.6052999999999,FORCED_EOD,13.505000000000337,0.259,7.794900999997367,8.053900999997367,5.451099000002969,368,0.0
2024-12-13 09:48:00-05:00,SHORT,532.92,532.813416,37,z,1.5,0.15,60,1.6308438274055892,0.004942503981375249,2.622838587796423,0.01,0.75,538.2492,528.9231,2024-12-13 10:42:00-05:00,528.9231,529.02888462,TAKE_PROFIT,147.88529999999935,0.259,7.857638940000243,8.116638940000243,139.76866105999912,54,0.0
2024-12-13 10:45:00-05:00,SHORT,529.2,529.0941600000001,37,z,1.5,0.15,60,1.4156499228553097,0.007428193636979708,3.9419195173359185,0.01,0.75,534.4920000000001,525.231,2024-12-13 15:59:00-05:00,530.5,530.6061,FORCED_EOD,-48.09999999999832,0.259,7.841779999996788,8.100779999996789,-56.200779999995106,314,0.0
2024-12-16 09:50:00-05:00,SHORT,534.14,534.033172,37,z,1.5,0.15,60,1.13969374035435,0.00623187729684444,3.325329725596248,0.01,0.75,539.4814,530.13395,2024-12-16 15:59:00-05:00,538.2,538.30764,FORCED_EOD,-150.2200000000022,0.259,7.935315999996192,8.194315999996192,-158.41431599999837,369,0.0
2024-12-17 10:01:00-05:00,SHORT,535.2676,535.16054648,37,z,1.5,0.15,60,1.3282874297339473,0.003758870584527875,2.014115625307568,0.01,0.75,540.620276,531.253093,2024-12-17 15:59:00-05:00,535.85,535.95717,FORCED_EOD,-21.548800000000256,0.259,7.92627024000069,8.18527024000069,-29.734070240000946,358,0.0
2024-12-18 10:25:00-05:00,LONG,535.45,535.55709,37,z,1.5,0.15,60,-1.7015071601697607,-0.0017577575427602677,-0.9408045696116005,0.01,0.75,530.0955,539.4658750000001,2024-12-18 14:30:00-05:00,530.0955,529.9894809,STOP,-198.1165000000011,0.259,7.885036699999887,8.144036699999887,-206.26053670000098,245,0.0
2024-12-18 14:48:00-05:00,LONG,528.18,528.285636,37,z,1.5,0.15,60,-1.96534703954357,-0.006009904851442571,-3.2166813736375843,0.01,0.75,522.8982,532.14135,2024-12-18 15:25:00-05:00,522.8982,522.79362036,STOP,-195.4265999999991,0.259,7.7779786800000466,8.036978680000047,-203.46357867999913,37,0.0
2024-12-18 15:33:00-05:00,LONG,521.77,521.8743539999999,38,z,1.5,0.15,60,-0.1804157133156644,-0.0058654422020484286,-3.139360629802354,0.01,0.75,516.5523,525.683275,2024-12-18 15:40:00-05:00,516.5523,516.44898954,STOP,-198.27260000000138,0.266,7.891249479997441,8.157249479997441,-206.4298494799988,7,0.0
2024-12-18 15:45:00-05:00,LONG,515.69,515.793138,38,z,1.5,0.15,60,-1.0032378072854464,-0.006502631423423801,-3.4804034167591453,0.01,0.75,510.53310000000005,519.557675,2024-12-18 15:50:00-05:00,519.557675,519.4537634650001,TAKE_PROFIT,146.9716499999986,0.266,7.867882329996064,8.133882329996064,138.83776767000253,5,0.0
2024-12-19 09:50:00-05:00,LONG,519.56,519.663912,38,z,1.5,0.15,60,-1.2768975909095013,-0.0012446933693211189,-0.6486470555543065,0.01,0.75,514.3643999999999,523.4567,2024-12-19 15:51:00-05:00,514.3643999999999,514.26152712,STOP,-197.4328000000005,0.266,7.857825439999488,8.123825439999488,-205.55662543999998,361,0.0
2024-12-19 15:57:00-05:00,LONG,514.87,514.972974,38,z,1.5,0.15,60,-2.0705175262965936,-0.009632892630892858,-5.019989336737126,0.01,0.75,509.7213,518.731525,2024-12-19 15:59:00-05:00,514.17,514.0671659999999,FORCED_EOD,-26.600000000001728,0.266,7.820704000001797,8.086704000001797,-34.68670400000352,2,0.0
2024-12-20 10:09:00-05:00,LONG,512.5368,512.63930736,39,z,1.5,0.15,60,-1.4485757174124756,0.00032121290750006595,0.16393743160085705,0.01,0.75,507.411432,516.380826,2024-12-20 10:29:00-05:00,516.380826,516.2775498348,TAKE_PROFIT,149.91701399999943,0.273,8.025557482799627,8.298557482799627,141.6184565171998,20,0.0
2024-12-20 10:48:00-05:00,LONG,517.4,517.50348,38,z,1.5,0.15,60,-1.0954438287846138,-0.0016465276478099672,-0.840338315612712,0.01,0.75,512.226,521.2805,2024-12-20 11:21:00-05:00,521.2805,521.1762438999999,TAKE_PROFIT,147.45899999999938,0.266,7.893971800001282,8.159971800001282,139.2990281999981,33,0.0
2024-12-20 11:22:00-05:00,LONG,521.38,521.484276,38,z,1.5,0.15,60,-1.158492365576385,-0.0020191789640815402,-1.0305283678983415,0.01,0.75,516.1662,525.29035,2024-12-20 15:59:00-05:00,518.82,518.7162360000001,FORCED_EOD,-97.27999999999793,0.266,7.905519999999342,8.171519999999342,-105.45151999999727,277,0.0
2024-12-23 10:07:00-05:00,LONG,518.08,518.183616,38,z,1.5,0.15,60,-1.3130436198031508,-0.001312417750362259,-0.6828640796910577,0.01,0.75,512.8992000000001,521.9656,2024-12-23 12:02:00-05:00,521.9656,521.86120688,TAKE_PROFIT,147.65279999999825,0.266,7.904346559997293,8.170346559997293,139.48245344000097,115,0.0
2024-12-23 12:24:00-05:00,LONG,520.7199,520.82404398,38,z,1.5,0.15,60,-0.9787044995061879,0.00036163335360178813,0.18816145021264674,0.01,0.75,515.5127010000001,524.62529925,2024-12-23 15:59:00-05:00,522.92,522.8154159999999,FORCED_EOD,83.60379999999645,0.266,7.931663240001853,8.197663240001853,75.4061367599946,215,0.0
2024-12-24 10:23:00-05:00,SHORT,527.09,526.984582,37,z,1.5,0.15,60,1.7359910305376058,-0.00031907018666942153,-0.16729488027442585,0.01,0.75,532.3609,523.136825,2024-12-24 12:59:00-05:00,530.02,530.126004,FORCED_EOD,-108.40999999999815,0.259,7.822613999998907,8.081613999998908,-116.49161399999706,156,0.0
2024-12-26 09:47:00-05:00,SHORT,529.05,528.9441899999999,37,z,1.5,0.15,60,1.6045343204892821,0.0011121197708677316,0.5880316606666156,0.01,0.75,534.3404999999999,525.0821249999999,2024-12-26 15:59:00-05:00,529.55,529.65591,FORCED_EOD,-18.5,0.259,7.833640000000514,8.092640000000515,-26.592640000000515,372,0.0
2024-12-27 11:05:00-05:00,SHORT,519.28,519.176144,38,z,1.5,0.15,60,1.036260487695726,0.0038202345274867787,2.0100928013278008,0.01,0.75,524.4728,515.3854,2024-12-27 15:59:00-05:00,522.57,522.674514,FORCED_EOD,-125.02000000000294,0.266,7.918059999997922,8.184059999997922,-133.20406000000085,294,-2.842170943040401e-14
2024-12-30 09:55:00-05:00,LONG,513.53,513.632706,38,z,1.5,0.15,60,-1.2527644573003216,-0.00489703784944173,-2.5229539000323484,0.01,0.75,508.3947,517.381475,2024-12-30 12:02:00-05:00,517.381475,517.2779987050001,TAKE_PROFIT,146.35605000000191,0.266,7.834927209998568,8.100927209998568,138.25512279000336,127,0.0
2024-12-30 12:26:00-05:00,LONG,517.82,517.923564,38,z,1.5,0.15,60,-1.9369621502052081,-0.004176304656397536,-2.151632158976099,0.01,0.75,512.6418000000001,521.70365,2024-12-30 15:59:00-05:00,515.57,515.466886,FORCED_EOD,-85.5,0.266,7.85376400000041,8.11976400000041,-93.61976400000042,213,0.0
2024-12-31 10:32:00-05:00,LONG,516.302,516.4052604,38,z,1.5,0.15,60,-1.2863977529530202,0.0005313971316245826,0.27487579427543096,0.01,0.75,511.13898,520.174265,2024-12-31 12:39:00-05:00,511.13898,511.03675220400004,STOP,-196.19476000000066,0.266,7.808551447996933,8.074551447996933,-204.26931144799758,127,0.0
2024-12-31 12:48:00-05:00,SHORT,511.61,511.507678,39,z,1.5,0.15,60,1.8691916621239928,0.002438564940787121,1.261396486920944,0.01,0.75,516.7261,507.772925,2024-12-31 15:59:00-05:00,511.21,511.31224199999997,FORCED_EOD,15.60000000000133,0.273,7.977996000000189,8.250996000000189,7.349004000001141,191,0.0
2025-01-02 09:47:00-05:00,SHORT,511.86,511.757628,39,z,1.5,0.15,60,1.292588369620645,0.0028998085916846737,1.4909655855006463,0.01,0.75,516.9786,508.02105,2025-01-02 12:37:00-05:00,508.02105,508.12265421,TAKE_PROFIT,149.71905000000044,0.273,7.955072190000294,8.228072190000294,141.49097781000015,170,0.0
2025-01-02 12:51:00-05:00,SHORT,506.74,506.63865200000004,39,z,1.5,0.15,60,1.3712003314577648,0.0025835872343090392,1.328377212392354,0.01,0.75,511.80740000000003,502.93945,2025-01-02 15:59:00-05:00,510.17,510.272034,FORCED_EOD,-133.77000000000027,0.273,7.93189799999908,8.20489799999908,-141.97489799999934,188,0.0
2025-01-03 09:47:00-05:00,LONG,516.07,516.173214,38,z,1.5,0.15,60,-1.9557177379809263,-0.0032283312965557818,-1.6585552036056015,0.01,0.75,510.90930000000003,519.9405250000001,2025-01-03 15:59:00-05:00,518.56,518.456288,FORCED_EOD,94.61999999999603,0.266,7.8631879999982175,8.129187999998218,86.4908119999978,372,0.0
2025-01-06 10:04:00-05:00,LONG,526.11,526.215222,38,z,1.5,0.15,60,-0.9685969383849574,-0.0007381786948961193,-0.3872337797686214,0.01,0.75,520.8489,530.055825,2025-01-06 15:59:00-05:00,524.52,524.415096,FORCED_EOD,-60.42000000000121,0.266,7.984788000002254,8.250788000002254,-68.67078800000347,355,1.4210854715202004e-14
2025-01-07 09:50:00-05:00,SHORT,524.755,524.650049,38,z,1.5,0.15,60,1.5914128394664115,0.0035561514417858887,1.8693976899180598,0.01,0.75,530.00255,520.8193375,2025-01-07 10:05:00-05:00,520.8193375,520.9235013675,TAKE_PROFIT,149.55517500000133,0.266,7.946364965001294,8.212364965001294,141.34281003500004,15,0.0
2025-01-07 10:29:00-05:00,SHORT,521.225,521.120755,38,z,1.5,0.15,60,1.5680001977500835,0.005951069277175191,3.128358097625437,0.01,0.75,526.4372500000001,517.3158125,2025-01-07 10:39:00-05:00,517.3158125,517.4192756625,TAKE_PROFIT,148.54912500000114,0.266,7.892910175000452,8.158910175000452,140.3902148250007,10,0.0
2025-01-07 10:53:00-05:00,SHORT,517.99,517.886402,38,z,1.5,0.15,60,1.3643025041197343,0.007908438617290934,4.157308012337467,0.01,0.75,523.1699,514.105075,2025-01-07 15:34:00-05:00,514.105075,514.2078960150001,TAKE_PROFIT,147.6271499999982,0.266,7.843922570001951,8.10992257000195,139.51722742999627,281,0.0
2025-01-07 15:44:00-05:00,LONG,515.01,515.1130019999999,38,z,1.5,0.15,60,-1.1541908372943035,0.009939145228445061,5.224809863689018,0.01,0.75,509.8599,518.872575,2025-01-07 15:59:00-05:00,515.15,515.04697,FORCED_EOD,5.319999999999482,0.266,7.8292159999975866,8.095215999997587,-2.775215999998105,15,0.0
2025-01-08 09:52:00-05:00,LONG,515.64,515.743128,38,z,1.5,0.15,60,-1.4105768267529128,-0.0015810082989566134,-0.8135552504770658,0.01,0.75,510.48359999999997,519.5073,2025-01-08 15:59:00-05:00,515.3,515.1969399999999,FORCED_EOD,-12.92000000000121,0.266,7.8351439999999,8.1011439999999,-21.021144000001108,367,0.0
2025-01-10 10:43:00-05:00,LONG,508.34,508.44166799999994,39,z,1.5,0.15,60,-0.8561723216058834,0.0037321010599429567,1.905946690302244,0.01,0.75,503.2566,512.15255,2025-01-10 15:59:00-05:00,507.21,507.108558,FORCED_EOD,-44.06999999999982,0.273,7.921289999997043,8.194289999997043,-52.26428999999687,316,0.0
2025-01-13 09:51:00-05:00,SHORT,500.94,500.839812,39,z,1.5,0.15,60,1.220715021242022,0.004628271026444901,2.320198548267115,0.01,0.75,505.9494,497.18295,2025-01-13 15:56:00-05:00,505.9494,506.05058988,STOP,-195.36660000000109,0.273,7.853737319999823,8.126737319999823,-203.4933373200009,365,0.0
2025-01-14 09:55:00-05:00,SHORT,507.25,507.14855,39,z,1.5,0.15,60,1.3750958592326479,0.0008258049979266366,0.4196740999462918,0.01,0.75,512.3225,503.445625,2025-01-14 11:43:00-05:00,503.445625,503.546314125,TAKE_PROFIT,148.37062499999973,0.273,7.883425874998977,8.156425874998977,140.21419912500076,108,0.0
2025-01-14 11:56:00-05:00,SHORT,503.57,503.469286,39,z,1.5,0.15,60,0.6981748930970403,0.0050507481744106585,2.566790222235454,0.01,0.75,508.6057,499.793225,2025-01-14 15:59:00-05:00,505.1,505.20102,FORCED_EOD,-59.67000000000115,0.273,7.867625999999518,8.140625999999518,-67.81062600000067,243,0.0
2025-01-15 09:47:00-05:00,LONG,514.36,514.462872,38,z,1.5,0.15,60,-1.8301455007462442,-0.00211971133866123,-1.086696514156415,0.01,0.75,509.2164,518.2177,2025-01-15 15:59:00-05:00,516.53,516.426694,FORCED_EOD,82.45999999999844,0.266,7.8347639999965395,8.10076399999654,74.3592360000019,372,0.0
2025-01-16 09:51:00-05:00,SHORT,516.48,516.376704,38,z,1.5,0.15,60,1.924170690476728,0.0006302252995609775,0.32664892388902445,0.01,0.75,521.6448,512.6064,2025-01-16 15:59:00-05:00,513.07,513.1726140000001,FORCED_EOD,129.5799999999988,0.266,7.824580000000651,8.090580000000651,121.48941999999813,368,1.4210854715202004e-14
2025-01-17 09:59:00-05:00,LONG,519.56,519.663912,38,z,1.5,0.15,60,-1.7318767910120647,-0.0012329927994997824,-0.6432153537150498,0.01,0.75,514.3643999999999,523.4567,2025-01-17 13:20:00-05:00,523.4567,523.3520086599999,TAKE_PROFIT,148.07460000000037,0.266,7.926926920003098,8.192926920003098,139.88167307999728,201,0.0
2025-01-17 13:25:00-05:00,LONG,523.27,523.374654,38,z,1.5,0.15,60,-1.3465733993021698,-9.435951303865108e-05,-0.04922452716687076,0.01,0.75,518.0373,527.194525,2025-01-17 15:59:00-05:00,521.76,521.655648,FORCED_EOD,-57.379999999999654,0.266,7.942227999997385,8.208227999997385,-65.58822799999705,154,1.4210854715202004e-14
2025-01-21 10:25:00-05:00,SHORT,521.9,521.79562,38,z,1.5,0.15,60,1.3229987575291555,0.0026655848292057756,1.3978326844355706,0.01,0.75,527.119,517.9857499999999,2025-01-21 15:59:00-05:00,524.66,524.7649319999999,FORCED_EOD,-104.87999999999965,0.266,7.953855999998268,8.219855999998268,-113.09985599999793,334,0.0
2025-01-22 09:47:00-05:00,LONG,530.6,530.70612,37,z,1.5,0.15,60,-1.0981249481922202,-0.0022862445628576413,-1.210612220924304,0.01,0.75,525.294,534.5795,2025-01-22 15:59:00-05:00,531.51,531.403698,FORCED_EOD,33.66999999999882,0.259,7.859614000002239,8.118614000002239,25.551385999996583,372,0.0
2025-01-23 09:56:00-05:00,LONG,529.13,529.235826,37,z,1.5,0.15,60,-0.8539320530116281,-0.0021174046646912866,-1.1190695393360102,0.01,0.75,523.8387,533.098475,2025-01-23 15:59:00-05:00,532.72,532.613456,FORCED_EOD,132.83000000000118,0.259,7.857689999998684,8.116689999998684,124.7133100000025,363,1.4210854715202004e-14
2025-01-24 09:56:00-05:00,LONG,533.47,533.576694,37,z,1.5,0.15,60,-0.6930608409801678,0.0005840157854115516,0.3111869710986639,0.01,0.75,528.1353,537.471025,2025-01-24 15:59:00-05:00,529.64,529.534072,FORCED_EOD,-141.71000000000151,0.259,7.867013999996175,8.126013999996175,-149.83601399999768,363,0.0
2025-01-27 09:48:00-05:00,LONG,515.36,515.463072,38,z,1.5,0.15,60,-1.4669556005777464,-0.00688407570899407,-3.5256366930919967,0.01,0.75,510.20640000000003,519.2252,2025-01-27 14:51:00-05:00,510.20640000000003,510.10435872000005,STOP,-195.83679999999936,0.266,7.7943046399991545,8.060304639999154,-203.8971046399985,303,0.0
2025-01-27 14:52:00-05:00,SHORT,510.4,510.29792,39,z,1.5,0.15,60,0.8356868922812813,-0.0032660721931490506,-1.6726986240736323,0.01,0.75,515.504,506.572,2025-01-27 15:59:00-05:00,514.05,514.1528099999999,FORCED_EOD,-142.3499999999991,0.273,7.990709999999126,8.263709999999126,-150.61370999999824,67,0.0
2025-01-28 09:48:00-05:00,LONG,511.88,511.982376,39,z,1.5,0.15,60,-1.6025686822606835,-0.0005233694322639764,-0.26969226844556715,0.01,0.75,506.7612,515.7191,2025-01-28 10:01:00-05:00,515.7191,515.61595618,TAKE_PROFIT,149.72490000000118,0.273,8.015272980000248,8.288272980000247,141.43662702000094,13,0.0
2025-01-28 10:02:00-05:00,LONG,516.13,516.233226,38,z,1.5,0.15,60,-1.2808528915371244,-0.002382234984702104,-1.227565687617016,0.01,0.75,510.9687,520.000975,2025-01-28 12:05:00-05:00,520.000975,519.896974805,TAKE_PROFIT,147.09705000000167,0.266,7.874595409999074,8.140595409999074,138.9564545900026,123,0.0
2025-01-28 12:11:00-05:00,LONG,520.685,520.789137,38,z,1.5,0.15,60,-1.5378531464157115,-0.015431465122955887,-7.9518339778592235,0.01,0.75,515.4781499999999,524.5901375,2025-01-28 15:59:00-05:00,521.86,521.755628,FORCED_EOD,44.65000000000259,0.266,7.923342000001867,8.189342000001867,36.46065800000073,228,0.0
2025-01-29 09:52:00-05:00,SHORT,520.74,520.635852,38,z,1.5,0.15,60,0.38136211941865655,0.0013264680207034892,0.6924163068072176,0.01,0.75,525.9474,516.8344500000001,2025-01-29 15:59:00-05:00,520.78,520.884156,FORCED_EOD,-1.5199999999986176,0.266,7.915551999999934,8.181551999999934,-9.701551999998552,367,0.0
2025-01-30 09:51:00-05:00,LONG,525.85,525.9551700000001,38,z,1.5,0.15,60,-1.3307977395940296,-0.0011611571219804495,-0.6077728607871222,0.01,0.75,520.5915,529.7938750000001,2025-01-30 10:30:00-05:00,520.5915,520.4873817,STOP,-199.823000000001,0.266,7.952955400000974,8.218955400000974,-208.04195540000197,39,0.0
2025-01-30 11:19:00-05:00,SHORT,519.125,519.021175,38,z,1.5,0.15,60,2.3469421406238005,0.008229142138553566,4.3072975781617515,0.01,0.75,524.31625,515.2315625,2025-01-30 15:02:00-05:00,524.31625,524.42111325,STOP,-197.2674999999988,0.266,7.93015350000087,8.19615350000087,-205.46365349999965,223,0.0
2025-01-30 15:03:00-05:00,LONG,524.26,524.3648519999999,38,z,1.5,0.15,60,-1.4811069643755082,0.00248430046588713,1.300332549854602,0.01,0.75,519.0174,528.19195,2025-01-30 15:59:00-05:00,523.13,523.025374,FORCED_EOD,-42.93999999999983,0.266,7.960163999995302,8.226163999995302,-51.16616399999513,56,0.0
2025-01-31 09:59:00-05:00,SHORT,528.67,528.564266,37,z,1.5,0.15,60,1.420692456631678,0.00518924535228802,2.736392859168518,0.01,0.75,533.9567,524.704975,2025-01-31 14:07:00-05:00,524.704975,524.809915995,TAKE_PROFIT,146.70592499999884,0.259,7.7949748149991365,8.053974814999137,138.65195018499972,248,0.0
2025-01-31 14:08:00-05:00,SHORT,524.85,524.74503,38,z,1.5,0.15,60,1.742193462751269,0.011403087930702414,6.013076327618023,0.01,0.75,530.0985000000001,520.913625,2025-01-31 15:59:00-05:00,522.28,522.384456,FORCED_EOD,97.6600000000019,0.266,7.958188000000291,8.224188000000291,89.4358120000016,111,0.0
2025-02-03 09:59:00-05:00,SHORT,513.82,513.7172360000001,38,z,1.5,0.15,60,0.9841977191047493,-0.00016356467636154592,-0.08395120578938986,0.01,0.75,518.9582,509.96635000000003,2025-02-03 10:42:00-05:00,518.9582,519.06199164,STOP,-195.25159999999937,0.266,7.849114319996943,8.115114319996943,-203.3667143199963,43,0.0
2025-02-03 11:16:00-05:00,SHORT,518.97,518.866206,38,z,1.5,0.15,60,1.373909707488115,0.003117243092886822,1.5999561898549928,0.01,0.75,524.1597,515.077725,2025-02-03 15:59:00-05:00,518.145,518.2486289999999,FORCED_EOD,31.350000000001728,0.266,7.882073999998056,8.148073999998056,23.201926000003674,283,0.0
2025-02-04 09:59:00-05:00,LONG,522.26,522.364452,38,z,1.5,0.15,60,-1.3032608029086101,-0.0018639396683105876,-0.9666391119858417,0.01,0.75,517.0373999999999,526.17695,2025-02-04 15:59:00-05:00,524.54,524.4350919999999,FORCED_EOD,86.63999999999896,0.266,7.955680000002303,8.221680000002303,78.41831999999665,360,0.0
2025-02-05 10:07:00-05:00,LONG,521.23,521.334246,38,z,1.5,0.15,60,-2.228912542874042,-0.0026080393619941416,-1.360379411609756,0.01,0.75,516.0177,525.139225,2025-02-05 11:50:00-05:00,525.139225,525.034197155,TAKE_PROFIT,148.5505499999997,0.266,7.9524061099994015,8.218406109999401,140.3321438900003,103,0.0
2025-02-05 11:55:00-05:00,SHORT,525.43,525.3249139999999,38,z,1.5,0.15,60,1.3050893871321079,0.0006995535623455949,0.3648941336550706,0.01,0.75,530.6842999999999,521.4892749999999,2025-02-05 15:59:00-05:00,526.85,526.95537,FORCED_EOD,-53.960000000002765,0.266,7.997328000000834,8.263328000000834,-62.2233280000036,244,0.0
2025-02-06 10:30:00-05:00,SHORT,527.68,527.5744639999999,37,z,1.5,0.15,60,1.3666554075288504,0.0024126465320373227,1.2710786989385952,0.01,0.75,532.9567999999999,523.7224,2025-02-06 15:59:00-05:00,529.59,529.695918,FORCED_EOD,-70.67000000000303,0.259,7.823798000000124,8.082798000000125,-78.75279800000315,329,0.0
2025-02-07 10:14:00-05:00,SHORT,525.58,525.4748840000001,38,z,1.5,0.15,60,2.2724753416467474,0.0002144773333196577,0.11376092236605473,0.01,0.75,530.8358000000001,521.63815,2025-02-07 15:59:00-05:00,522.94,523.0445880000001,FORCED_EOD,100.31999999999948,0.266,7.96875199999954,8.23475199999954,92.08524799999994,345,0.0
2025-02-10 09:48:00-05:00,LONG,527.69,527.7955380000001,37,z,1.5,0.15,60,-1.2398414463317633,-0.006154181141956027,-3.243507014073998,0.01,0.75,522.4131000000001,531.647675,2025-02-10 15:59:00-05:00,529.215,529.1091570000001,FORCED_EOD,56.42499999999916,0.259,7.821096999998531,8.080096999998531,48.34490300000063,371,0.0
2025-02-11 10:16:00-05:00,LONG,528.39,528.495678,37,z,1.5,0.15,60,-1.2750684349124861,-0.0015454489895537936,-0.8137484382046978,0.01,0.75,523.1061,532.352925,2025-02-11 15:59:00-05:00,527.95,527.84441,FORCED_EOD,-16.279999999997813,0.259,7.816916000000674,8.075916000000674,-24.355915999998487,343,0.0
2025-02-12 09:57:00-05:00,LONG,525.32,525.425064,38,z,1.5,0.15,60,-1.4882321961582343,-0.0028335357864417016,-1.4796157169641901,0.01,0.75,520.0668000000001,529.2599,2025-02-12 15:59:00-05:00,528.32,528.2143360000001,FORCED_EOD,114.0,0.266,8.007663999996339,8.273663999996339,105.72633600000366,362,0.0
2025-02-13 10:24:00-05:00,LONG,532.85,532.95657,37,z,1.5,0.15,60,-2.0962619751234426,-0.001104940404179888,-0.585905698720353,0.01,0.75,527.5215000000001,536.846375,2025-02-13 15:59:00-05:00,535.88,535.772824,FORCED_EOD,112.10999999999899,0.259,7.908602000000542,8.167602000000542,103.94239799999845,335,0.0
2025-02-14 10:35:00-05:00,LONG,536.45,536.5572900000001,37,z,1.5,0.15,60,-1.2958484472375245,-0.0020653951310911547,-1.1080431799277903,0.01,0.75,531.0855,540.473375,2025-02-14 15:59:00-05:00,538.12,538.012376,FORCED_EOD,61.789999999998486,0.259,7.951818000000799,8.210818000000799,53.57918199999769,324,0.0
2025-02-18 09:47:00-05:00,SHORT,538.19,538.0823620000001,37,z,1.5,0.15,60,0.140313970282265,-0.00021284515152739884,-0.11485339350019785,0.01,0.75,543.5719,534.153575,2025-02-18 15:59:00-05:00,539.32,539.427864,FORCED_EOD,-41.80999999999983,0.259,7.973573999996347,8.232573999996347,-50.04257399999618,372,0.0
2025-02-19 10:10:00-05:00,SHORT,536.69,536.582662,37,z,1.5,0.15,60,2.1739851519480227,0.0017063836286772428,0.9186486903347486,0.01,0.75,542.0569,532.6648250000001,2025-02-19 15:59:00-05:00,539.56,539.6679119999999,FORCED_EOD,-106.18999999999596,0.259,7.964249999998856,8.223249999998856,-114.41324999999482,349,0.0
2025-02-20 09:51:00-05:00,LONG,536.96,537.067392,37,z,1.5,0.15,60,-1.5040370057202916,-0.0020596310206955426,-1.1097166302015466,0.01,0.75,531.5904,540.9872,2025-02-20 15:59:00-05:00,537.19,537.082562,FORCED_EOD,8.510000000000673,0.259,7.948710000000233,8.207710000000233,0.30229000000044015,368,-3.3306690738754696e-16
2025-02-21 10:49:00-05:00,SHORT,533.6492,533.54247016,37,z,1.5,0.15,60,1.2072415194612658,-0.00012133861522653586,-0.06524723155780521,0.01,0.75,538.985692,529.6468309999999,2025-02-21 13:02:00-05:00,529.6468309999999,529.7527603661999,TAKE_PROFIT,148.08765300000164,0.259,7.868390629399528,8.127390629399528,139.96026237060212,133,0.0
2025-02-21 14:11:00-05:00,SHORT,528.1,527.99438,37,z,1.5,0.15,60,0.35782253141885023,-0.004169602047579624,-2.242113854641957,0.01,0.75,533.381,524.1392500000001,2025-02-21 15:59:00-05:00,526.1,526.20522,FORCED_EOD,74.0,0.259,7.801080000002798,8.060080000002799,65.9399199999972,108,0.0
2025-02-24 10:30:00-05:00,SHORT,521.84,521.735632,38,z,1.5,0.15,60,1.2437454091227573,0.0039118899580137066,2.0646564009400663,0.01,0.75,527.0584,517.9262,2025-02-24 15:59:00-05:00,519.83,519.933966,FORCED_EOD,76.37999999999965,0.266,7.916692000001376,8.182692000001376,68.19730799999827,329,0.0
2025-02-25 09:49:00-05:00,SHORT,516.82,516.7166360000001,38,z,1.5,0.15,60,1.6597132285360678,0.0038448646952547625,1.9944082147226254,0.01,0.75,521.9882,512.94385,2025-02-25 10:14:00-05:00,512.94385,513.04643877,TAKE_PROFIT,147.293700000002,0.266,7.826205259998233,8.092205259998233,139.20149474000377,25,0.0
2025-02-25 10:22:00-05:00,SHORT,511.26,511.157748,39,z,1.5,0.15,60,0.8143576374009619,0.0030333578252304087,1.5734633711035144,0.01,0.75,516.3726,507.42555,2025-02-25 13:07:00-05:00,516.3726,516.47587452,STOP,-199.39140000000168,0.273,8.015534279999144,8.288534279999144,-207.67993428000082,165,0.0
2025-02-25 13:20:00-05:00,SHORT,514.77,514.667046,38,z,1.5,0.15,60,1.1599031918875644,-0.0016246373251028838,-0.8427318732773301,0.01,0.75,519.9177,510.909225,2025-02-25 15:59:00-05:00,513.29,513.392658,FORCED_EOD,56.24000000000069,0.266,7.813255999999001,8.079255999999,48.16074400000169,159,0.0
2025-02-26 09:50:00-05:00,LONG,516.5,516.6033,38,z,1.5,0.15,60,-1.4639768824824426,-0.00036565721004119204,-0.1881306345661642,0.01,0.75,511.335,520.37375,2025-02-26 15:59:00-05:00,514.49,514.387102,FORCED_EOD,-76.37999999999965,0.266,7.835523999998941,8.10152399999894,-84.4815239999986,369,0.0
2025-02-27 09:50:00-05:00,SHORT,514.24,514.137152,38,z,1.5,0.15,60,1.5247420619800802,0.0043588096033039155,2.259563310256681,0.01,0.75,519.3824,510.3832,2025-02-27 09:56:00-05:00,510.3832,510.48527664,TAKE_PROFIT,146.5584000000008,0.266,7.787136320000059,8.053136320000059,138.50526368000075,6,0.0
2025-02-27 10:23:00-05:00,SHORT,513.43,513.327314,38,z,1.5,0.15,60,0.9897863972365635,0.00525911855016457,2.7262744652198307,0.01,0.75,518.5643,509.57927499999994,2025-02-27 12:16:00-05:00,509.57927499999994,509.68119085499995,TAKE_PROFIT,146.32755000000043,0.266,7.774870489998648,8.040870489998648,138.2866795100018,113,0.0
2025-02-27 12:36:00-05:00,LONG,511.5815,511.6838163,39,z,1.5,0.15,60,-1.4670731652989955,0.006298765986133974,3.2652172995519777,0.01,0.75,506.465685,515.41836125,2025-02-27 14:32:00-05:00,506.465685,506.36439186300004,STOP,-199.5167849999999,0.273,7.940768042998229,8.213768042998229,-207.73055304299814,116,0.0
2025-02-27 14:58:00-05:00,LONG,505.8,505.90116,39,z,1.5,0.15,60,-1.304880612265519,0.007442101505583935,3.8579109994796568,0.01,0.75,500.742,509.5935,2025-02-27 15:56:00-05:00,500.742,500.64185160000005,STOP,-197.26199999999972,0.273,7.851027599998417,8.124027599998417,-205.38602759999813,58,0.0
2025-02-27 15:57:00-05:00,SHORT,500.47,500.369906,39,z,1.5,0.15,60,1.7279693713620514,0.009878368039381344,5.120847207934901,0.01,0.75,505.47470000000004,496.716475,2025-02-27 15:59:00-05:00,500.33,500.43006599999995,FORCED_EOD,5.460000000001685,0.273,7.80623999999932,8.07923999999932,-2.6192399999976357,2,4.440892098500626e-16
2025-02-28 09:48:00-05:00,LONG,499.7,499.79994,40,z,1.5,0.15,60,-1.1487863603191328,-0.001272479094183307,-0.6351579398615854,0.01,0.75,494.703,503.44775,2025-02-28 10:25:00-05:00,503.44775,503.34706045,TAKE_PROFIT,149.90999999999985,0.28,8.02518199999895,8.305181999998949,141.6048180000009,37,0.0
2025-02-28 10:35:00-05:00,LONG,504.02,504.12080399999996,39,z,1.5,0.15,60,-2.017194858019908,-0.00667875380088729,-3.333699959712817,0.01,0.75,498.97979999999995,507.80015,2025-02-28 12:58:00-05:00,498.97979999999995,498.88000403999996,STOP,-196.56780000000106,0.273,7.823398439999096,8.096398439999096,-204.66419844000015,143,0.0
2025-02-28 13:01:00-05:00,SHORT,499.53,499.430094,40,z,1.5,0.15,60,0.37952364944911526,-0.0055298072757629544,-2.7602033016971177,0.01,0.75,504.52529999999996,495.783525,2025-02-28 15:47:00-05:00,504.52529999999996,504.62620505999996,STOP,-199.81199999999944,0.28,8.032442399999127,8.312442399999126,-208.12444239999857,166,0.0
2025-03-03 10:10:00-05:00,SHORT,505.6026,505.50147948,39,z,1.5,0.15,60,1.3964049942731278,0.0058750218006036956,3.0012190492054174,0.01,0.75,510.65862599999997,501.8105805,2025-03-03 13:32:00-05:00,501.8105805,501.9109426161,TAKE_PROFIT,147.88876049999925,0.273,7.857822807898742,8.130822807898742,139.7579376921005,202,0.0
2025-03-03 13:36:00-05:00,LONG,502.67,502.770534,39,z,1.5,0.15,60,-1.8367186473554067,0.006839987182235139,3.4941657281229936,0.01,0.75,497.6433,506.440025,2025-03-03 15:10:00-05:00,497.6433,497.54377134000003,STOP,-196.0413000000002,0.273,7.802443739998353,8.075443739998352,-204.11674373999855,94,0.0
2025-03-03 15:16:00-05:00,SHORT,497.5,497.4005,40,z,1.5,0.15,60,0.8853414304800186,0.00729565260826949,3.726939631453547,0.01,0.75,502.475,493.76875,2025-03-03 15:44:00-05:00,493.76875,493.86750375,TAKE_PROFIT,149.24999999999955,0.28,7.930149999999685,8.210149999999684,141.03984999999986,28,0.0
2025-03-04 10:35:00-05:00,LONG,490.95,491.04819,40,z,1.5,0.15,60,-1.6984865584342117,-0.006149360990360021,-3.037968810067582,0.01,0.75,486.0405,494.632125,2025-03-04 12:21:00-05:00,494.632125,494.533198575,TAKE_PROFIT,147.2849999999994,0.28,7.884656999999606,8.164656999999606,139.1203429999998,106,0.0
2025-03-04 12:35:00-05:00,SHORT,494.81,494.71103800000003,40,z,1.5,0.15,60,2.6999143724447503,-0.0080010018577415,-3.952734947779959,0.01,0.75,499.7581,491.098925,2025-03-04 14:07:00-05:00,499.7581,499.85805162,STOP,-197.92400000000043,0.28,7.956544799999392,8.236544799999391,-206.16054479999983,92,0.0
2025-03-04 14:17:00-05:00,SHORT,499.48,499.380104,40,z,1.5,0.15,60,1.30407187576274,-0.008388637740435453,-4.14423870290733,0.01,0.75,504.4748,495.7339,2025-03-04 15:50:00-05:00,495.7339,495.83304678,TAKE_PROFIT,149.8440000000005,0.28,7.961711200000536,8.241711200000536,141.60228879999997,93,0.0
2025-03-04 15:54:00-05:00,SHORT,494.89,494.791022,40,z,1.5,0.15,60,1.846691553080941,-0.008169226675787934,-4.0358430546395425,0.01,0.75,499.83889999999997,491.178325,2025-03-04 15:59:00-05:00,495.52,495.619104,FORCED_EOD,-25.199999999999818,0.28,7.923279999999977,8.203279999999976,-33.403279999999796,5,0.0
2025-03-05 09:49:00-05:00,SHORT,495.18,495.080964,40,z,1.5,0.15,60,1.3195815495594418,0.00419024086725134,2.080454590590307,0.01,0.75,500.1318,491.46615,2025-03-05 11:43:00-05:00,491.46615,491.56444323,TAKE_PROFIT,148.55399999999918,0.28,7.893169199999193,8.173169199999192,140.38083079999998,114,0.0
2025-03-05 11:46:00-05:00,SHORT,491.65,491.55167,40,z,1.5,0.15,60,2.2759598118964535,0.0038425794262148833,1.9078406851157297,0.01,0.75,496.56649999999996,487.962625,2025-03-05 12:21:00-05:00,496.56649999999996,496.66581329999997,STOP,-196.6599999999994,0.28,7.9057319999992615,8.18573199999926,-204.84573199999866,35,0.0
2025-03-05 12:31:00-05:00,LONG,497.3801,497.47957602,40,z,1.5,0.15,60,-1.3916877152133629,0.00044610815178643863,0.2214926973618958,0.01,0.75,492.40629900000005,501.11045075000004,2025-03-05 14:06:00-05:00,501.11045075000004,501.01022865985004,TAKE_PROFIT,149.21403000000055,0.28,7.98792440599982,8.26792440599982,140.94610559400073,95,0.0
2025-03-05 14:31:00-05:00,SHORT,502.14,502.039572,39,z,1.5,0.15,60,2.3353775781814687,0.0014821279338148759,0.7358765191391399,0.01,0.75,507.16139999999996,498.37395,2025-03-05 15:59:00-05:00,502.1,502.20042,FORCED_EOD,1.5599999999985812,0.273,7.833071999998083,8.106071999998083,-6.546071999999501,88,0.0
2025-03-06 10:04:00-05:00,LONG,494.73,494.82894600000003,40,z,1.5,0.15,60,-1.3178877435131613,-0.0034226317817265383,-1.6869809788951784,0.01,0.75,489.78270000000003,498.440475,2025-03-06 10:40:00-05:00,498.440475,498.340786905,TAKE_PROFIT,148.41899999999896,0.28,7.945363799999541,8.22536379999954,140.19363619999942,36,0.0
2025-03-06 10:55:00-05:00,SHORT,496.0496,495.95039008000003,40,z,1.5,0.15,60,1.313190646984182,-0.0024352741206760467,-1.2003222613400908,0.01,0.75,501.010096,492.329228,2025-03-06 11:58:00-05:00,492.329228,492.4276938456,TAKE_PROFIT,148.8148799999999,0.28,7.907030623998708,8.187030623998707,140.6278493760012,63,0.0
2025-03-06 12:29:00-05:00,SHORT,489.8,489.70204,40,z,1.5,0.15,60,1.3984776225133333,-9.843119514463435e-05,-0.04851575177480072,0.01,0.75,494.69800000000004,486.1265,2025-03-06 15:59:00-05:00,488.33,488.427666,FORCED_EOD,58.80000000000109,0.28,7.825040000000172,8.105040000000171,50.69496000000092,210,0.0
2025-03-07 09:57:00-05:00,LONG,490.65,490.74812999999995,40,z,1.5,0.15,60,-1.3241480481987546,-0.002882621901505473,-1.406373573306496,0.01,0.75,485.7435,494.32987499999996,2025-03-07 10:31:00-05:00,485.7435,485.6463513,STOP,-196.25999999999976,0.28,7.811147999998411,8.09114799999841,-204.35114799999818,34,0.0
2025-03-07 10:34:00-05:00,SHORT,485.35,485.25293000000005,41,z,1.5,0.15,60,2.1651809494304635,0.0002369937768221947,0.1156245238360043,0.01,0.75,490.2035,481.709875,2025-03-07 11:41:00-05:00,481.709875,481.806216975,TAKE_PROFIT,149.24512500000048,0.28700000000000003,7.929890974997818,8.216890974997819,141.02823402500266,67,0.0
2025-03-07 11:55:00-05:00,SHORT,481.54,481.44369200000006,41,z,1.5,0.15,60,2.3468306582804574,0.001756623562126497,0.8570215034902731,0.01,0.75,486.35540000000003,477.92845,2025-03-07 12:44:00-05:00,486.35540000000003,486.45267108,STOP,-197.43140000000045,0.28700000000000003,7.9367422799979295,8.22374227999793,-205.6551422799984,49,0.0
2025-03-07 12:58:00-05:00,LONG,486.13,486.227226,41,z,1.5,0.15,60,-1.5202744588808315,0.0007315608200418218,0.35691389288200526,0.01,0.75,481.26869999999997,489.775975,2025-03-07 13:39:00-05:00,489.775975,489.678019805,TAKE_PROFIT,149.48497500000087,0.28700000000000003,8.00242899499898,8.28942899499898,141.1955460050019,41,0.0
2025-03-07 13:41:00-05:00,SHORT,489.82,489.722036,40,z,1.5,0.15,60,1.748084104690562,0.001951149500285636,0.9519268181994107,0.01,0.75,494.71819999999997,486.14635,2025-03-07 15:59:00-05:00,491.81,491.908362,FORCED_EOD,-79.60000000000036,0.28,7.8530399999999645,8.133039999999964,-87.73304000000033,138,0.0
2025-03-10 09:53:00-04:00,SHORT,481.53,481.433694,41,z,1.5,0.15,60,1.4456915123215186,0.0018505900375992111,0.8946492477769539,0.01,0.75,486.34529999999995,477.918525,2025-03-10 10:30:00-04:00,477.918525,478.01410870499996,TAKE_PROFIT,148.07047499999936,0.28700000000000003,7.867477904997429,8.15447790499743,139.91599709500193,37,0.0
2025-03-10 10:31:00-04:00,SHORT,478.31,478.214338,41,z,1.5,0.15,60,0.9555821536748268,0.0025222732435823125,1.2193677768774478,0.01,0.75,483.0931,474.722675,2025-03-10 10:57:00-04:00,474.722675,474.81761953499995,TAKE_PROFIT,147.08032500000087,0.28700000000000003,7.814867934998858,8.10186793499886,138.978457065002,26,0.0
2025-03-10 11:44:00-04:00,LONG,476.86,476.955372,41,z,1.5,0.15,60,-1.4116386235564995,0.00520323816183085,2.5154534569555267,0.01,0.75,472.0914,480.43645000000004,2025-03-10 14:06:00-04:00,472.0914,471.99698172,STOP,-195.51259999999968,0.28700000000000003,7.781401480000454,8.068401480000455,-203.58100148000014,142,0.0
2025-03-10 14:11:00-04:00,LONG,472.62,472.714524,42,z,1.5,0.15,60,-1.543554532444842,0.0032715446823641317,1.5815955612421249,0.01,0.75,467.8938,476.16465,2025-03-10 15:59:00-04:00,473.3,473.20534000000004,FORCED_EOD,28.560000000000286,0.294,7.945727999998098,8.239727999998099,20.320272000002188,108,0.0
2025-03-11 10:40:00-04:00,SHORT,469.165,469.071167,42,z,1.5,0.15,60,2.306814548336542,-0.003685841471458379,-1.742076113070084,0.01,0.75,473.85665,465.64626250000003,2025-03-11 11:12:00-04:00,473.85665,473.95142133,STOP,-197.04929999999922,0.294,7.921381860001361,8.215381860001362,-205.2646818600006,32,0.0
2025-03-11 11:14:00-04:00,LONG,473.71,473.804742,42,z,1.5,0.15,60,-1.6223765211902617,-0.00723557580276794,-3.4198225474202673,0.01,0.75,468.9729,477.26282499999996,2025-03-11 13:07:00-04:00,468.9729,468.87910542,STOP,-198.95819999999992,0.294,7.918536360000189,8.21253636000019,-207.17073636000012,113,0.0
2025-03-11 13:12:00-04:00,LONG,468.98,469.073796,42,z,1.5,0.15,60,-1.1232056044946406,-0.0041126584365521026,-1.9438068834519413,0.01,0.75,464.2902,472.49735000000004,2025-03-11 14:03:00-04:00,472.49735000000004,472.40285053,TAKE_PROFIT,147.7287000000009,0.294,7.908409740000593,8.202409740000594,139.5262902600003,51,0.0
2025-03-11 14:17:00-04:00,LONG,473.22,473.31464400000004,42,z,1.5,0.15,60,-0.919035348070603,-0.004516065263170959,-2.1344730859852348,0.01,0.75,468.48780000000005,476.76915,2025-03-11 14:44:00-04:00,476.76915,476.67379617000006,TAKE_PROFIT,149.0642999999999,0.294,7.979908859999227,8.273908859999228,140.79039114000065,27,0.0
2025-03-11 14:52:00-04:00,LONG,477.65,477.74553,41,z,1.5,0.15,60,-3.0011788991457995,-0.005735369858235424,-2.7107652097963637,0.01,0.75,472.8735,481.232375,2025-03-11 15:55:00-04:00,472.8735,472.77892529999997,STOP,-195.83649999999994,0.28700000000000003,7.7942927000002555,8.081292700000256,-203.9177927000002,63,0.0
2025-03-12 10:01:00-04:00,LONG,477.33,477.425466,41,z,1.5,0.15,60,-0.8975827460633895,-0.0032734311511458994,-1.5682026615794484,0.01,0.75,472.5567,480.909975,2025-03-12 11:06:00-04:00,472.5567,472.46218866,STOP,-195.70530000000025,0.28700000000000003,7.7890709399993625,8.076070939999363,-203.78137093999962,65,0.0
2025-03-12 11:16:00-04:00,SHORT,472.68,472.585464,42,z,1.5,0.15,60,1.342721803518163,0.000749890210691188,0.3592499032358205,0.01,0.75,477.40680000000003,469.1349,2025-03-12 11:51:00-04:00,477.40680000000003,477.50228136000004,STOP,-198.52560000000108,0.294,7.980729120000547,8.274729120000547,-206.80032912000163,35,0.0
2025-03-12 12:02:00-04:00,LONG,477.32,477.415464,41,z,1.5,0.15,60,-1.4460446797376443,-0.0016846945778253124,-0.807086631398704,0.01,0.75,472.5468,480.8999,2025-03-12 15:59:00-04:00,477.08,476.984584,FORCED_EOD,-9.840000000000373,0.28700000000000003,7.826079999999706,8.113079999999707,-17.953080000000078,237,0.0
2025-03-13 09:48:00-04:00,SHORT,474.53,474.435094,42,z,1.5,0.15,60,0.984246082431614,0.0020776728476167537,0.9879334390417398,0.01,0.75,479.27529999999996,470.971025,2025-03-13 09:57:00-04:00,470.971025,471.065219205,TAKE_PROFIT,149.47694999999896,0.294,7.942208609999511,8.236208609999512,141.24074138999944,9,0.0
2025-03-13 10:11:00-04:00,LONG,472.45,472.54449,42,z,1.5,0.15,60,-0.9759959303455665,0.0002809334015390925,0.1335838324318388,0.01,0.75,467.7255,475.993375,2025-03-13 10:25:00-04:00,475.993375,475.898176325,TAKE_PROFIT,148.8217500000011,0.294,7.966924350000568,8.260924350000568,140.5608256500005,14,0.0
2025-03-13 10:26:00-04:00,LONG,475.53,475.62510599999996,42,z,1.5,0.15,60,-1.2060915394724556,-0.0004939412822621502,-0.234869079715736,0.01,0.75,470.7747,479.096475,2025-03-13 11:27:00-04:00,470.7747,470.68054506,STOP,-199.72259999999903,0.294,7.948959479999871,8.242959479999872,-207.96555947999892,61,0.0
2025-03-13 11:58:00-04:00,SHORT,469.7999,469.70594002,42,z,1.5,0.15,60,1.5109200483893421,-0.0008837379516646697,-0.4202173960165396,0.01,0.75,474.49789899999996,466.27640075,2025-03-13 15:59:00-04:00,468.39,468.483678,FORCED_EOD,59.21579999999972,0.294,7.880795159999025,8.174795159999025,51.041004840000696,241,0.0
2025-03-14 10:06:00-04:00,SHORT,475.75,475.65485,42,z,1.5,0.15,60,2.0522846934193955,0.0003602933216832775,0.17087631367473932,0.01,0.75,480.5075,472.181875,2025-03-14 15:56:00-04:00,480.5075,480.60360149999997,STOP,-199.8149999999997,0.294,8.032562999998504,8.326562999998504,-208.14156299999823,350,0.0
2025-03-17 09:48:00-04:00,SHORT,482.0,481.9036,41,z,1.5,0.15,60,1.8021355052067853,0.006352484297583398,3.0444916244598517,0.01,0.75,486.82,478.385,2025-03-17 11:34:00-04:00,478.385,478.48067699999996,TAKE_PROFIT,148.21500000000037,0.28700000000000003,7.875156999999319,8.16215699999932,140.05284300000105,106,0.0
2025-03-17 12:05:00-04:00,SHORT,479.36,479.264128,41,z,1.5,0.15,60,1.7862823440549787,0.012236380787993611,5.864407856453795,0.01,0.75,484.15360000000004,475.76480000000004,2025-03-17 14:17:00-04:00,484.15360000000004,484.25043072000005,STOP,-196.53760000000108,0.28700000000000003,7.900811519999991,8.187811519999991,-204.72541152000107,132,0.0
2025-03-17 14:19:00-04:00,LONG,484.4,484.49688,41,z,1.5,0.15,60,-1.9017603400702068,0.009961964402243912,4.7743710594194795,0.01,0.75,479.556,488.03299999999996,2025-03-17 15:59:00-04:00,482.73,482.63345400000003,FORCED_EOD,-68.46999999999832,0.28700000000000003,7.930465999999512,8.217465999999513,-76.68746599999784,100,0.0
2025-03-18 09:47:00-04:00,SHORT,474.9,474.80502,42,z,1.5,0.15,60,1.320748658363589,0.002053181216151046,0.9824574778343163,0.01,0.75,479.649,471.33824999999996,2025-03-18 15:59:00-04:00,474.73,474.824946,FORCED_EOD,7.139999999998281,0.294,7.976891999998202,8.270891999998202,-1.1308919999999207,372,4.440892098500626e-16
2025-03-19 09:55:00-04:00,LONG,477.86,477.955572,41,z,1.5,0.15,60,-2.3347623230079404,-0.0027016591456729766,-1.2889075452176257,0.01,0.75,473.08140000000003,481.44395000000003,2025-03-19 14:52:00-04:00,481.44395000000003,481.34766121,TAKE_PROFIT,146.94195000000065,0.28700000000000003,7.866292390000865,8.153292390000866,138.78865760999977,297,0.0
2025-03-19 15:04:00-04:00,SHORT,483.15,483.05337,41,z,1.5,0.15,60,1.398050466364632,0.0021382451498192963,1.020113996075736,0.01,0.75,487.9815,479.526375,2025-03-19 15:59:00-04:00,480.79,480.886158,FORCED_EOD,96.75999999999823,0.28700000000000003,7.904308000000299,8.1913080000003,88.56869199999792,55,0.0
2025-03-20 10:13:00-04:00,LONG,482.04,482.136408,41,z,1.5,0.15,60,-1.3598155185832288,-0.003236387162578437,-1.5425592132997963,0.01,0.75,477.2196,485.6553,2025-03-20 15:59:00-04:00,479.29,479.19414200000006,FORCED_EOD,-112.75,0.28700000000000003,7.8829059999984,8.1699059999984,-120.9199059999984,346,0.0
2025-03-21 09:47:00-04:00,SHORT,474.97,474.87500600000004,42,z,1.5,0.15,60,1.1973401295377253,0.0011466241677022234,0.5445891484501999,0.01,0.75,479.71970000000005,471.407725,2025-03-21 12:59:00-04:00,479.71970000000005,479.81564394000003,STOP,-199.48740000000078,0.294,8.019393479998712,8.313393479998712,-207.8007934799995,192,0.0
2025-03-21 13:09:00-04:00,SHORT,479.24,479.144152,41,z,1.5,0.15,60,1.6585908542453225,0.0019868610706674436,0.9436596655135077,0.01,0.75,484.0324,475.64570000000003,2025-03-21 15:59:00-04:00,481.12,481.216224,FORCED_EOD,-77.07999999999981,0.28700000000000003,7.874951999999837,8.161951999999838,-85.24195199999966,170,0.0
2025-03-24 09:47:00-04:00,SHORT,488.72,488.62225600000005,40,z,1.5,0.15,60,1.1709347034748783,0.0026367325862173214,1.2850643605447658,0.01,0.75,493.60720000000003,485.05460000000005,2025-03-24 15:59:00-04:00,490.45,490.54809,FORCED_EOD,-69.19999999999845,0.28,7.8333599999996295,8.113359999999629,-77.31335999999808,372,0.0
2025-03-25 10:36:00-04:00,SHORT,492.395,492.296521,40,z,1.5,0.15,60,2.205387911337872,0.0003300311447156125,0.16218720544759435,0.01,0.75,497.31895,488.70203749999996,2025-03-25 15:59:00-04:00,493.45,493.54868999999997,FORCED_EOD,-42.20000000000027,0.28,7.886759999998958,8.166759999998957,-50.36675999999923,323,0.0
2025-03-26 09:55:00-04:00,SHORT,490.75,490.65185,40,z,1.5,0.15,60,0.6930081539960495,0.0022477228076184077,1.1069353767509824,0.01,0.75,495.6575,487.069375,2025-03-26 11:52:00-04:00,487.069375,487.16678887499995,TAKE_PROFIT,147.22500000000082,0.28,7.822554999997919,8.102554999997919,139.1224450000029,117,0.0
2025-03-26 11:59:00-04:00,SHORT,486.46,486.362708,41,z,1.5,0.15,60,1.0301721617618893,0.0028897028903894888,1.4230911155192416,0.01,0.75,491.3246,482.81154999999995,2025-03-26 15:59:00-04:00,484.4,484.49688,FORCED_EOD,84.4600000000001,0.28700000000000003,7.961051999999199,8.2480519999992,76.21194800000089,240,0.0
2025-03-27 09:47:00-04:00,LONG,481.33,481.426266,41,z,1.5,0.15,60,-1.3504041073040685,-0.0007564422492133431,-0.36521788234273345,0.01,0.75,476.51669999999996,484.939975,2025-03-27 10:33:00-04:00,484.939975,484.842987005,TAKE_PROFIT,148.00897500000082,0.28700000000000003,7.92341379500084,8.210413795000841,139.79856120499997,46,0.0
2025-03-27 10:43:00-04:00,SHORT,485.64,485.542872,41,z,1.5,0.15,60,1.3922888846938415,-6.623018623658043e-06,-0.00319765962171914,0.01,0.75,490.4964,481.9977,2025-03-27 12:58:00-04:00,481.9977,482.09409954,TAKE_PROFIT,149.33429999999908,0.28700000000000003,7.934629139999629,8.22162913999963,141.11267085999944,135,0.0
2025-03-27 13:50:00-04:00,LONG,482.96,483.05659199999997,41,z,1.5,0.15,60,-1.352334013670853,-0.0036135516313913047,-1.7446588631520967,0.01,0.75,478.13039999999995,486.5822,2025-03-27 15:59:00-04:00,481.58,481.483684,FORCED_EOD,-56.579999999999814,0.28700000000000003,7.90922799999953,8.19622799999953,-64.77622799999935,129,0.0
2025-03-28 10:22:00-04:00,SHORT,474.65,474.55507,42,z,1.5,0.15,60,1.3860680669501495,-0.0009529094503189506,-0.4566675604236252,0.01,0.75,479.3965,471.090125,2025-03-28 11:59:00-04:00,471.090125,471.184343025,TAKE_PROFIT,149.51474999999903,0.294,7.944217049997974,8.238217049997974,141.27653295000104,97,0.0
2025-03-28 12:09:00-04:00,LONG,471.4599,471.55419198,42,z,1.5,0.15,60,-0.6663165844127427,-0.0020647300822684966,-0.9894909209759248,0.01,0.75,466.745301,474.99584925,2025-03-28 15:59:00-04:00,469.0187,468.92489626,FORCED_EOD,-102.53039999999919,0.294,7.900020239999094,8.194020239999094,-110.72442023999828,230,0.0
2025-03-31 10:15:00-04:00,LONG,461.64,461.732328,43,z,1.5,0.15,60,-1.3785317068884437,-0.00041988562951444995,-0.19398716083566114,0.01,0.75,457.0236,465.1023,2025-03-31 13:10:00-04:00,465.1023,465.00927954,TAKE_PROFIT,148.87890000000118,0.301,7.969983780000007,8.270983780000007,140.6079162200012,175,0.0
2025-03-31 13:19:00-04:00,SHORT,464.28,464.187144,43,z,1.5,0.15,60,1.4566933921846354,0.0006687556799618195,0.3089651241423894,0.01,0.75,468.9228,460.79789999999997,2025-03-31 15:41:00-04:00,468.9228,469.01658456,STOP,-199.64040000000097,0.301,8.025544080000031,8.326544080000032,-207.96694408000099,142,0.0
2025-03-31 15:42:00-04:00,LONG,468.95,469.04379,42,z,1.5,0.15,60,-1.5917885243684577,-0.0011038896600400507,-0.5099970229385917,0.01,0.75,464.2605,472.467125,2025-03-31 15:59:00-04:00,468.93,468.83621400000004,FORCED_EOD,-0.839999999999236,0.294,7.878191999999103,8.172191999999104,-9.01219199999834,17,0.0
2025-04-01 09:50:00-04:00,LONG,468.82,468.91376399999996,42,z,1.5,0.15,60,-1.6522693682913763,-0.004272245003296588,-1.99355768588822,0.01,0.75,464.1318,472.33615,2025-04-01 11:16:00-04:00,472.33615,472.24168277,TAKE_PROFIT,147.67829999999924,0.294,7.905711659996996,8.199711659996996,139.47858834000223,86,0.0
2025-04-01 11:23:00-04:00,LONG,472.43,472.524486,42,z,1.5,0.15,60,-1.6282748222789034,-0.005257435483599405,-2.45327711971197,0.01,0.75,467.7057,475.973225,2025-04-01 14:22:00-04:00,467.7057,467.61215885999997,STOP,-198.42060000000117,0.294,7.897139880001305,8.191139880001305,-206.6117398800025,179,0.0
2025-04-01 14:28:00-04:00,LONG,467.71,467.803542,42,z,1.5,0.15,60,-1.8430177906316323,-0.005325558445338845,-2.4850653373484874,0.01,0.75,463.0329,471.217825,2025-04-01 15:40:00-04:00,471.217825,471.123581435,TAKE_PROFIT,147.32865000000106,0.294,7.88699373000054,8.18099373000054,139.1476562700005,72,0.0
2025-04-01 15:48:00-04:00,SHORT,471.86,471.76562800000005,42,z,1.5,0.15,60,1.7786786644919421,-0.005388084367522455,-2.5142418084170117,0.01,0.75,476.5786,468.32105,2025-04-01 15:59:00-04:00,472.63,472.72452599999997,FORCED_EOD,-32.339999999999236,0.294,7.933715999997389,8.22771599999739,-40.56771599999662,11,0.0
2025-04-02 09:59:00-04:00,LONG,471.5,471.5943,42,z,1.5,0.15,60,-1.3968367692644186,-0.0018397226193073522,-0.8575866989901897,0.01,0.75,466.785,475.03625,2025-04-02 11:26:00-04:00,475.03625,474.94124275,TAKE_PROFIT,148.5224999999998,0.294,7.95090449999816,8.24490449999816,140.27759550000164,87,0.0
2025-04-02 11:37:00-04:00,SHORT,475.13,475.03497400000003,42,z,1.5,0.15,60,2.0515799845837988,0.0007974668747246436,0.371739183652835,0.01,0.75,479.8813,471.566525,2025-04-02 15:59:00-04:00,476.15,476.24523,FORCED_EOD,-42.839999999999236,0.294,7.99075199999902,8.28475199999902,-51.12475199999825,262,0.0
2025-04-03 10:07:00-04:00,LONG,456.11,456.20122200000003,43,z,1.5,0.15,60,-1.3092664403077556,0.0016070747856231004,0.7362572069114321,0.01,0.75,451.5489,459.530825,2025-04-03 15:23:00-04:00,451.5489,451.45859022,STOP,-196.12730000000045,0.301,7.805866540000011,8.106866540000011,-204.23416654000044,316,0.0
2025-04-03 15:30:00-04:00,LONG,451.7,451.79033999999996,44,z,1.5,0.15,60,-1.087941121310878,0.0008205136830439427,0.375906036181334,0.01,0.75,447.183,455.08774999999997,2025-04-03 15:59:00-04:00,450.68,450.58986400000003,FORCED_EOD,-44.8799999999992,0.308,7.940943999997444,8.248943999997444,-53.12894399999664,29,0.0
2025-04-04 09:50:00-04:00,LONG,436.86,436.94737200000003,45,z,1.5,0.15,60,-1.9253534687730471,-0.012247411485769402,-5.376613642252721,0.01,0.75,432.4914,440.13645,2025-04-04 10:29:00-04:00,432.4914,432.40490172,STOP,-196.58700000000067,0.315,7.824162600000761,8.13916260000076,-204.72616260000143,39,0.0
2025-04-04 10:46:00-04:00,SHORT,430.02,429.933996,46,z,1.5,0.15,60,1.3480231250167543,-0.010838086365642994,-4.757919914517288,0.01,0.75,434.3202,426.79485,2025-04-04 10:50:00-04:00,426.79485,426.88020897,TAKE_PROFIT,148.3568999999993,0.322,7.882696620000843,8.204696620000842,140.15220337999847,4,0.0
2025-04-04 10:59:00-04:00,SHORT,431.86,431.77362800000003,46,z,1.5,0.15,60,1.2416072151261728,-0.009265434488344087,-4.067525740383076,0.01,0.75,436.1786,428.62105,2025-04-04 11:12:00-04:00,436.1786,436.26583572,STOP,-198.65560000000016,0.322,7.985955119997698,8.307955119997697,-206.96355511999786,13,0.0
2025-04-04 11:38:00-04:00,LONG,430.8,430.88616,46,z,1.5,0.15,60,-1.4181519938359861,-0.012777345670159116,-5.609254749199863,0.01,0.75,426.492,434.031,2025-04-04 11:47:00-04:00,434.031,433.9441938,TAKE_PROFIT,148.62599999999975,0.322,7.956445200000871,8.27844520000087,140.34755479999887,9,0.0
2025-04-04 11:51:00-04:00,LONG,433.89,433.97677799999997,46,z,1.5,0.15,60,-1.29352987906367,-0.013742582786597936,-6.03299384331649,0.01,0.75,429.55109999999996,437.14417499999996,2025-04-04 12:20:00-04:00,429.55109999999996,429.46518977999995,STOP,-199.5894000000011,0.322,7.9436581199998955,8.265658119999895,-207.855058120001,29,0.0
2025-04-04 12:29:00-04:00,SHORT,428.87,428.784226,46,z,1.5,0.15,60,1.2382573735157103,-0.012236988136577196,-5.372037791957325,0.01,0.75,433.1587,425.653475,2025-04-04 13:16:00-04:00,425.653475,425.738605695,TAKE_PROFIT,147.96014999999954,0.322,7.861615969999548,8.183615969999547,139.77653403,47,0.0
2025-04-04 13:17:00-04:00,LONG,425.6601,425.74523202,46,z,1.5,0.15,60,-1.2661307884749484,-0.014073365694524716,-6.178207539896334,0.01,0.75,421.403499,428.85255075,2025-04-04 13:35:00-04:00,428.85255075,428.76678023985,TAKE_PROFIT,146.85273449999897,0.322,7.861516386899439,8.183516386899438,138.66921811309953,18,0.0
2025-04-04 13:46:00-04:00,SHORT,428.99,428.904202,46,z,1.5,0.15,60,1.2557137203075213,-0.012301606691583214,-5.4004053376050365,0.01,0.75,433.2799,425.772575,2025-04-04 14:31:00-04:00,425.772575,425.857729515,TAKE_PROFIT,148.0015499999996,0.322,7.863815690000479,8.185815690000478,139.81573430999913,45,0.0
2025-04-04 15:14:00-04:00,LONG,427.4359,427.52138718,46,z,1.5,0.15,60,-1.6700244971545746,-0.011885780750365503,-5.2178577494104275,0.01,0.75,423.161541,430.64166925,2025-04-04 15:34:00-04:00,430.64166925,430.55554091615,TAKE_PROFIT,147.46538550000014,0.322,7.894313637099344,8.216313637099343,139.2490718629008,20,0.0
2025-04-04 15:38:00-04:00,LONG,429.61,429.695922,46,z,1.5,0.15,60,-2.460786857525231,-0.01450870808394412,-6.369322848851425,0.01,0.75,425.3139,432.83207500000003,2025-04-04 15:52:00-04:00,425.3139,425.22883722,STOP,-197.6206000000011,0.322,7.865299879998588,8.187299879998587,-205.8078998799997,14,0.0
2025-04-07 09:53:00-04:00,LONG,411.96,412.04239199999995,48,z,1.5,0.15,60,-1.8001187987738168,-0.008483553069381526,-3.46171382996107,0.01,0.75,407.8404,415.0497,2025-04-07 09:57:00-04:00,415.0497,414.96669005999996,TAKE_PROFIT,148.30559999999969,0.336,7.939293119999093,8.275293119999093,140.03030688000058,4,0.0
2025-04-07 10:12:00-04:00,LONG,427.68,427.765536,46,z,1.5,0.15,60,-1.5848696928051489,-0.01296879979174928,-5.291918755023346,0.01,0.75,423.4032,430.8876,2025-04-07 10:12:00-04:00,430.8876,430.80142248000004,TAKE_PROFIT,147.54960000000062,0.322,7.898821919998568,8.220821919998567,139.32877808000205,0,0.0
2025-04-07 10:15:00-04:00,LONG,433.49,433.576698,46,z,1.5,0.15,60,-1.3613957449805838,-0.012956686716101118,-5.286976014505001,0.01,0.75,429.1551,436.741175,2025-04-07 10:15:00-04:00,436.741175,436.653826765,TAKE_PROFIT,149.5540499999995,0.322,8.006126809999614,8.328126809999613,141.2259231899999,0,0.0
2025-04-07 10:19:00-04:00,LONG,434.49,434.57689799999997,46,z,1.5,0.15,60,-0.3381772864826821,-0.008614304140565313,-3.515066804557648,0.01,0.75,430.1451,437.748675,2025-04-07 10:20:00-04:00,430.1451,430.05907098,STOP,-199.8653999999998,0.322,7.954642919998832,8.276642919998832,-208.14204291999863,1,0.0
2025-04-07 11:17:00-04:00,SHORT,418.32,418.236336,47,z,1.5,0.15,60,1.0817007192982993,-0.007509027250072353,-3.0640585693920457,0.01,0.75,422.5032,415.1826,2025-04-07 11:24:00-04:00,415.1826,415.26563652,TAKE_PROFIT,147.45780000000065,0.329,7.834924440000293,8.163924440000294,139.29387556000034,7,0.0
2025-04-07 11:26:00-04:00,SHORT,416.35,416.26673000000005,48,z,1.5,0.15,60,1.82128508782245,-0.006313768804996532,-2.5763333608788344,0.01,0.75,420.5135,413.227375,2025-04-07 11:38:00-04:00,420.5135,420.59760270000004,STOP,-199.84799999999996,0.336,8.033889599999384,8.369889599999384,-208.21788959999935,12,0.0
2025-04-07 12:46:00-04:00,LONG,417.64,417.723528,47,z,1.5,0.15,60,-1.3047280329407942,-0.009346124194608486,-3.813685977609964,0.01,0.75,413.4636,420.7723,2025-04-07 13:00:00-04:00,420.7723,420.68814554,TAKE_PROFIT,147.21809999999937,0.329,7.881075619999081,8.210075619999081,139.00802438000028,14,0.0
2025-04-07 13:17:00-04:00,LONG,422.67,422.754534,47,z,1.5,0.15,60,-1.4406521461683528,-0.009665120155811668,-3.943852279579005,0.01,0.75,418.4433,425.840025,2025-04-07 13:29:00-04:00,425.840025,425.754856995,TAKE_PROFIT,148.99117500000045,0.329,7.975994234998893,8.304994234998894,140.68618076500155,12,0.0
2025-04-07 13:30:00-04:00,LONG,425.7,425.78513999999996,46,z,1.5,0.15,60,-1.5922906392747298,-0.01038733917821117,-4.238553751669087,0.01,0.75,421.443,428.89275,2025-04-07 13:46:00-04:00,428.89275,428.80697145,TAKE_PROFIT,146.86649999999952,0.322,7.86225329999786,8.18425329999786,138.68224670000166,16,0.0
2025-04-07 14:08:00-04:00,SHORT,427.73,427.64445400000005,46,z,1.5,0.15,60,2.777532181760857,-0.007839207252165532,-3.198788519246193,0.01,0.75,432.00730000000004,424.52202500000004,2025-04-07 14:29:00-04:00,424.52202500000004,424.606929405,TAKE_PROFIT,147.5668499999989,0.322,7.840718629997241,8.16271862999724,139.40413137000166,21,0.0
2025-04-07 14:32:00-04:00,SHORT,426.1,426.01478000000003,46,z,1.5,0.15,60,1.0455669052839305,-0.007980358932649409,-3.2563854624676196,0.01,0.75,430.36100000000005,422.90425000000005,2025-04-07 14:56:00-04:00,422.90425000000005,422.98883085000006,TAKE_PROFIT,147.00449999999887,0.322,7.8108391000000665,8.132839100000066,138.8716608999988,24,0.0
2025-04-07 15:41:00-04:00,LONG,423.29,423.374658,47,z,1.5,0.15,60,-0.566623455740024,-0.009820662279148268,-4.007321243006459,0.01,0.75,419.05710000000005,426.464675,2025-04-07 15:59:00-04:00,423.95,423.86521,FORCED_EOD,31.019999999998504,0.329,7.964055999999459,8.29305599999946,22.726943999999044,18,0.0
2025-04-08 09:59:00-04:00,LONG,440.91,440.99818200000004,45,z,1.5,0.15,60,-1.457215997349781,-0.002317610815796931,-1.0164577515922133,0.01,0.75,436.5009,444.21682500000003,2025-04-08 11:08:00-04:00,436.5009,436.41359982,STOP,-198.40950000000106,0.315,7.896698100000776,8.211698100000776,-206.62119810000183,69,0.0
2025-04-08 11:10:00-04:00,SHORT,437.26,437.172548,45,z,1.5,0.15,60,1.7077972963727346,0.0013546931973981774,0.594141342514888,0.01,0.75,441.63259999999997,433.98055,2025-04-08 11:30:00-04:00,433.98055,434.06734610999996,TAKE_PROFIT,147.57524999999987,0.315,7.84116494999779,8.15616494999779,139.41908505000208,20,0.0
2025-04-08 11:38:00-04:00,SHORT,435.82,435.732836,45,z,1.5,0.15,60,1.620495675852333,0.0046721581749190055,2.0491151323559507,0.01,0.75,440.1782,432.55135,2025-04-08 12:17:00-04:00,432.55135,432.63786027,TAKE_PROFIT,147.08924999999908,0.315,7.815342149997093,8.130342149997093,138.958907850002,39,0.0
2025-04-08 12:42:00-04:00,SHORT,427.92,427.83441600000003,46,z,1.5,0.15,60,2.202134596802244,0.008613632346331113,3.7777668744539596,0.01,0.75,432.1992,424.7106,2025-04-08 13:08:00-04:00,424.7106,424.79554212,TAKE_PROFIT,147.63240000000076,0.322,7.844201519998933,8.166201519998932,139.46619848000182,26,0.0
2025-04-08 13:11:00-04:00,SHORT,424.94,424.855012,47,z,1.5,0.15,60,1.2429814477350776,0.007956330343667127,3.4894873621255442,0.01,0.75,429.1894,421.75295,2025-04-08 14:36:00-04:00,421.75295,421.83730059,TAKE_PROFIT,149.79134999999997,0.329,7.958913729999779,8.28791372999978,141.50343627000018,85,0.0
2025-04-08 14:48:00-04:00,LONG,422.75,422.83455,47,z,1.5,0.15,60,-2.009960982228014,0.00659674636131858,2.8932010191471136,0.01,0.75,418.5225,425.920625,2025-04-08 15:06:00-04:00,418.5225,418.43879549999997,STOP,-198.69250000000096,0.329,7.907961499999487,8.236961499999488,-206.92946150000046,18,0.0
2025-04-08 15:13:00-04:00,SHORT,417.05,416.96659,47,z,1.5,0.15,60,1.887803011727315,0.010202731681239696,4.474714060758117,0.01,0.75,421.2205,413.922125,2025-04-08 15:17:00-04:00,413.922125,414.004909425,TAKE_PROFIT,147.0101250000008,0.329,7.81113797500069,8.140137975000691,138.8699870250001,4,0.0
2025-04-08 15:26:00-04:00,SHORT,416.93,416.846614,47,z,1.5,0.15,60,1.5102469527224205,0.011351541031671783,4.978558865670607,0.01,0.75,421.0993,413.803025,2025-04-08 15:36:00-04:00,413.803025,413.88578560499997,TAKE_PROFIT,146.96782500000074,0.329,7.808890434999739,8.13789043499974,138.829934565001,10,0.0
2025-04-09 09:51:00-04:00,LONG,420.3614,420.44547228,47,z,1.5,0.15,60,-1.3998797109764907,-0.002781993586160693,-1.1583525794376328,0.01,0.75,416.157786,423.5141105,2025-04-09 10:00:00-04:00,423.5141105,423.42940767790003,TAKE_PROFIT,148.17739350000056,0.329,7.932429798698649,8.26142979869865,139.9159637013019,9,0.0
2025-04-09 10:04:00-04:00,LONG,423.55,423.63471,47,z,1.5,0.15,60,-1.6204665715288407,-0.004271735004131902,-1.7786436623454165,0.01,0.75,419.3145,426.726625,2025-04-09 10:14:00-04:00,419.3145,419.2306371,STOP,-199.06850000000009,0.329,7.922926299998039,8.25192629999804,-207.32042629999813,10,0.0
2025-04-09 10:15:00-04:00,LONG,419.27,419.35385399999996,47,z,1.5,0.15,60,-1.328363224729102,-0.004566715495432722,-1.9014661644108628,0.01,0.75,415.0773,422.41452499999997,2025-04-09 10:23:00-04:00,422.41452499999997,422.33004209499995,TAKE_PROFIT,147.7926749999994,0.329,7.911834534999514,8.240834534999514,139.55184046499988,8,0.0
2025-04-09 10:25:00-04:00,LONG,421.26,421.344252,47,z,1.5,0.15,60,-1.51097844978843,-0.005952279263717171,-2.4783802784302225,0.01,0.75,417.0474,424.41945,2025-04-09 10:52:00-04:00,417.0474,416.96399052,STOP,-197.99220000000042,0.329,7.8800895599996466,8.209089559999647,-206.20128956000008,27,0.0
2025-04-09 11:58:00-04:00,LONG,417.6946,417.77813891999995,47,z,1.5,0.15,60,-1.269995271359412,-0.006468694980547076,-2.6934028725252688,0.01,0.75,413.517654,420.82730949999996,2025-04-09 12:13:00-04:00,420.82730949999996,420.74314403809996,TAKE_PROFIT,147.23734649999886,0.329,7.8821059492984205,8.211105949298421,139.02624055070044,15,0.0
2025-04-09 12:24:00-04:00,SHORT,421.57,421.485686,47,z,1.5,0.15,60,1.582449782647706,-0.0049560672304014355,-2.063582493058334,0.01,0.75,425.7857,418.408225,2025-04-09 13:02:00-04:00,425.7857,425.87085714,STOP,-198.13790000000125,0.329,7.965143579999278,8.294143579999279,-206.43204358000054,38,0.0
2025-04-09 13:19:00-04:00,LONG,422.7,422.78454,47,z,1.5,0.15,60,-1.0974517190001092,-0.008880292109742394,-3.697531627193996,0.01,0.75,418.473,425.87025,2025-04-09 13:19:00-04:00,425.87025,425.78507595,TAKE_PROFIT,149.00175000000047,0.329,7.976560349999147,8.305560349999148,140.69618965000132,0,0.0
2025-04-09 13:24:00-04:00,LONG,443.48,443.568696,45,z,1.5,0.15,60,-0.14306997884626937,-0.007689618014229099,-3.201764700674687,0.01,0.75,439.0452,446.8061,2025-04-09 13:25:00-04:00,446.8061,446.71673878,TAKE_PROFIT,149.67449999999985,0.315,8.012574899998697,8.327574899998696,141.34692510000116,1,0.0
2025-04-09 13:30:00-04:00,SHORT,444.17,444.08116600000005,45,z,1.5,0.15,60,1.1166315706850911,-0.005629256982881942,-2.343881876247508,0.01,0.75,448.61170000000004,440.838725,2025-04-09 13:31:00-04:00,448.61170000000004,448.70142234,STOP,-199.87650000000116,0.315,8.035035299997446,8.350035299997446,-208.2265352999986,1,0.0
2025-04-09 13:46:00-04:00,SHORT,448.1,448.01038000000005,44,z,1.5,0.15,60,1.4749985778404195,-0.005523446409465491,-2.299824998741258,0.01,0.75,452.581,444.73925,2025-04-09 13:48:00-04:00,452.581,452.6715162,STOP,-197.16399999999976,0.308,7.925992799997175,8.233992799997175,-205.39799279999693,2,0.0
2025-04-09 13:49:00-04:00,SHORT,452.525,452.43449499999997,44,z,1.5,0.15,60,1.4107170403575795,-0.005376891385591151,-2.238803150675551,0.01,0.75,457.05025,449.1310625,2025-04-09 14:00:00-04:00,457.05025,457.14166005,STOP,-199.11100000000124,0.308,8.004262199999403,8.312262199999402,-207.42326220000064,11,0.0
2025-04-09 14:02:00-04:00,SHORT,457.0186,456.92719628,43,z,1.5,0.15,60,1.784110963412836,-0.003305586917999856,-1.376363752982229,0.01,0.75,461.58878599999997,453.5909605,2025-04-09 14:08:00-04:00,453.5909605,453.6816786921,TAKE_PROFIT,147.3884984999999,0.301,7.831242220300055,8.132242220300055,139.25625627969987,6,0.0
2025-04-09 14:22:00-04:00,SHORT,455.66,455.568868,43,z,1.5,0.15,60,2.2591328716245296,0.0013541184404686352,0.5638210656501315,0.01,0.75,460.2166,452.24255000000005,2025-04-09 14:27:00-04:00,460.2166,460.30864332000004,STOP,-195.93380000000013,0.301,7.876538760001381,8.177538760001381,-204.1113387600015,5,0.0
2025-04-09 14:36:00-04:00,SHORT,459.05,458.95819,43,z,1.5,0.15,60,1.4648316309507683,0.0014653303968004822,0.6101269439677139,0.01,0.75,463.64050000000003,455.607125,2025-04-09 14:44:00-04:00,455.607125,455.698246425,TAKE_PROFIT,148.04362500000065,0.301,7.866051274999677,8.167051274999677,139.87657372500098,8,0.0
2025-04-09 15:24:00-04:00,LONG,462.56,462.652512,43,z,1.5,0.15,60,-4.28339049188153,-0.009957280431526105,-4.145962639676725,0.01,0.75,457.9344,466.0292,2025-04-09 15:50:00-04:00,466.0292,465.93599416,TAKE_PROFIT,149.17560000000003,0.301,7.985867119999796,8.286867119999796,140.88873288000025,26,0.0
2025-04-10 10:33:00-04:00,LONG,451.84,451.930368,44,z,1.5,0.15,60,-2.0625228454706876,-0.009092698754616081,-4.134995685649187,0.01,0.75,447.3216,455.2288,2025-04-10 11:21:00-04:00,447.3216,447.23213568,STOP,-198.80959999999936,0.308,7.912622080000119,8.220622080000119,-207.03022207999948,48,0.0
2025-04-10 11:53:00-04:00,SHORT,442.79,442.70144200000004,45,z,1.5,0.15,60,2.466531171219948,-0.005797367814847437,-2.6364109874800192,0.01,0.75,447.21790000000004,439.46907500000003,2025-04-10 12:03:00-04:00,439.46907500000003,439.556968815,TAKE_PROFIT,149.44162499999948,0.315,7.940331674997765,8.255331674997764,141.1862933250017,10,0.0
2025-04-10 12:21:00-04:00,SHORT,436.64,436.552672,45,z,1.5,0.15,60,1.4087736322052151,-0.004958271134698412,-2.254823381215431,0.01,0.75,441.0064,433.36519999999996,2025-04-10 12:23:00-04:00,433.36519999999996,433.45187303999995,TAKE_PROFIT,147.36600000000124,0.315,7.830046800000332,8.145046800000332,139.2209532000009,2,0.0
2025-04-10 12:24:00-04:00,SHORT,434.89,434.803022,45,z,1.5,0.15,60,1.523732798070655,-0.0046182221050382055,-2.1001826844871516,0.01,0.75,439.2389,431.62832499999996,2025-04-10 12:35:00-04:00,439.2389,439.32674778,STOP,-195.70050000000066,0.315,7.867160099999637,8.182160099999637,-203.8826601000003,11,0.0
2025-04-10 12:46:00-04:00,LONG,438.41,438.497682,45,z,1.5,0.15,60,-1.4904077631668622,-0.006595987837963904,-2.999591429192435,0.01,0.75,434.02590000000004,441.698075,2025-04-10 12:49:00-04:00,441.698075,441.609735385,TAKE_PROFIT,147.96337499999964,0.315,7.920972674998552,8.235972674998552,139.7274023250011,3,0.0
2025-04-10 13:02:00-04:00,LONG,441.77,441.85835399999996,45,z,1.5,0.15,60,-1.4392912585752342,-0.006795391302157467,-3.090272148569113,0.01,0.75,437.35229999999996,445.08327499999996,2025-04-10 13:02:00-04:00,445.08327499999996,444.994258345,TAKE_PROFIT,149.09737499999892,0.315,7.981679474997634,8.296679474997633,140.8006955250013,0,0.0
2025-04-10 13:31:00-04:00,LONG,441.0,441.0882,45,z,1.5,0.15,60,-2.0216879619150023,-0.007535463516749833,-3.426827388877143,0.01,0.75,436.59,444.3075,2025-04-10 13:44:00-04:00,444.3075,444.2186385,TAKE_PROFIT,148.8375000000002,0.315,7.96776749999907,8.28276749999907,140.55473250000114,13,0.0
2025-04-10 13:55:00-04:00,LONG,445.56,445.649112,44,z,1.5,0.15,60,-0.9651242133389225,-0.007478346976643482,-3.4008530710984246,0.01,0.75,441.1044,448.9017,2025-04-10 14:04:00-04:00,448.9017,448.81191966,TAKE_PROFIT,147.03480000000013,0.308,7.871262960000195,8.179262960000194,138.85553703999994,9,0.0
2025-04-10 15:00:00-04:00,LONG,447.68,447.769536,44,z,1.5,0.15,60,-1.319815384255568,-0.0071658166956751895,-3.2587268005252668,0.01,0.75,443.2032,451.0376,2025-04-10 15:40:00-04:00,443.2032,443.11455936,STOP,-196.97920000000113,0.308,7.839772160000166,8.147772160000166,-205.1269721600013,40,0.0
2025-04-10 15:56:00-04:00,LONG,445.97,446.059194,44,z,1.5,0.15,60,-0.7817492352680926,-0.010398301728762901,-4.728731694172211,0.01,0.75,441.51030000000003,449.31477500000005,2025-04-10 15:59:00-04:00,446.19,446.10076200000003,FORCED_EOD,9.6799999999987,0.308,7.851007999996909,8.15900799999691,1.52099200000179,3,2.220446049250313e-16
2025-04-11 09:55:00-04:00,LONG,449.96,450.049992,44,z,1.5,0.15,60,-1.165883713228328,-0.006117281990420689,-2.725891441341446,0.01,0.75,445.4604,453.3347,2025-04-11 10:03:00-04:00,445.4604,445.37130792,STOP,-197.98239999999942,0.308,7.879699519999804,8.187699519999803,-206.1700995199992,8,0.0
2025-04-11 10:39:00-04:00,LONG,445.39,445.47907799999996,44,z,1.5,0.15,60,-1.4066404228511207,-0.006032544912069729,-2.688132175542819,0.01,0.75,440.9361,448.73042499999997,2025-04-11 12:05:00-04:00,448.73042499999997,448.64067891499997,TAKE_PROFIT,146.9786999999992,0.308,7.868259739998848,8.176259739998848,138.80244026000037,86,0.0
2025-04-11 12:57:00-04:00,LONG,452.595,452.685519,44,z,1.5,0.15,60,-0.8847328937679241,-0.011633958480113536,-5.1841500685309825,0.01,0.75,448.06905,455.9894625,2025-04-11 15:59:00-04:00,454.24,454.149152,FORCED_EOD,72.3799999999992,0.308,7.980147999998508,8.288147999998507,64.09185200000069,182,0.0
2025-04-14 10:05:00-04:00,SHORT,462.38,462.287524,43,z,1.5,0.15,60,1.2117239555070127,0.006740452435500428,3.131681606057839,0.01,0.75,467.0038,458.91215,2025-04-14 11:26:00-04:00,458.91215,459.00393242999996,TAKE_PROFIT,149.11754999999994,0.301,7.92311248999755,8.22411248999755,140.8934375100024,81,0.0
2025-04-14 11:27:00-04:00,LONG,458.76,458.851752,43,z,1.5,0.15,60,-0.23098472790907168,0.008264849183330862,3.839931579067297,0.01,0.75,454.1724,462.2007,2025-04-14 11:51:00-04:00,454.1724,454.08156551999997,STOP,-197.2668000000004,0.301,7.8512186399998996,8.1522186399999,-205.41901864000027,24,0.0
2025-04-14 12:29:00-04:00,SHORT,454.24,454.149152,44,z,1.5,0.15,60,1.3446284402474964,0.011386646453571098,5.290349808793678,0.01,0.75,458.7824,450.83320000000003,2025-04-14 14:22:00-04:00,458.7824,458.87415648,STOP,-199.8655999999994,0.308,8.034597120000399,8.342597120000399,-208.2081971199998,113,0.0
2025-04-14 15:27:00-04:00,SHORT,459.69,459.598062,43,z,1.5,0.15,60,1.06955705771025,0.010318673574296496,4.794158929353898,0.01,0.75,464.2869,456.242325,2025-04-14 15:59:00-04:00,457.41,457.501482,FORCED_EOD,98.03999999999883,0.301,7.887059999998087,8.188059999998087,89.85194000000074,32,0.0
2025-04-15 09:47:00-04:00,SHORT,460.5717,460.47958566000005,43,z,1.5,0.15,60,1.3342419768389022,0.0015215090603280424,0.6976575494322219,0.01,0.75,465.17741700000005,457.11741225000003,2025-04-15 13:23:00-04:00,457.11741225000003,457.20883573245004,TAKE_PROFIT,148.53437324999965,0.301,7.892126365349043,8.193126365349043,140.34124688465062,216,0.0
2025-04-15 13:24:00-04:00,SHORT,457.11,457.01857800000005,43,z,1.5,0.15,60,1.6112971960058013,0.001041207266640718,0.4774247679727637,0.01,0.75,461.6811,453.68167500000004,2025-04-15 15:59:00-04:00,457.99,458.081598,FORCED_EOD,-37.839999999999804,0.301,7.869859999997516,8.170859999997516,-46.01085999999732,155,0.0
2025-04-16 09:48:00-04:00,SHORT,449.63,449.540074,44,z,1.5,0.15,60,1.3338159648326713,0.0021752271907782166,0.9781561631491513,0.01,0.75,454.1263,446.257775,2025-04-16 13:31:00-04:00,446.257775,446.34702655499996,TAKE_PROFIT,148.37790000000064,0.308,7.883812419998549,8.191812419998548,140.1860875800021,223,0.0
2025-04-16 13:44:00-04:00,LONG,445.1199,445.20892397999995,44,z,1.5,0.15,60,-1.3480775538038725,0.007542094754158617,3.3915291690500453,0.01,0.75,440.668701,448.45829925,2025-04-16 14:50:00-04:00,440.668701,440.58056725980003,STOP,-195.85275599999886,0.308,7.794939688797513,8.102939688797512,-203.95569568879637,66,0.0
2025-04-16 14:52:00-04:00,SHORT,440.88,440.791824,45,z,1.5,0.15,60,1.0984450031466853,0.011055017745754885,4.971220379911074,0.01,0.75,445.2888,437.5734,2025-04-16 15:59:00-04:00,444.22,444.308844,FORCED_EOD,-150.30000000000143,0.315,7.965899999998669,8.280899999998669,-158.5809000000001,67,0.0
2025-04-17 10:10:00-04:00,SHORT,445.09,445.00098199999996,44,z,1.5,0.15,60,1.3530851934789032,0.0062238853605388784,2.7801423725908307,0.01,0.75,449.54089999999997,441.751825,2025-04-17 10:31:00-04:00,441.751825,441.840175365,TAKE_PROFIT,146.87969999999905,0.308,7.804208060000292,8.112208060000292,138.76749193999876,21,0.0
2025-04-17 11:04:00-04:00,SHORT,442.53,442.441494,45,z,1.5,0.15,60,1.3947343902918998,0.007030413999482562,3.1404100050976353,0.01,0.75,446.95529999999997,439.21102499999995,2025-04-17 14:05:00-04:00,446.95529999999997,447.04469105999993,STOP,-199.13849999999968,0.315,8.005367699998374,8.320367699998373,-207.45886769999805,181,0.0
2025-04-17 14:18:00-04:00,SHORT,446.9988,446.90940024,44,z,1.5,0.15,60,0.46780319793098346,0.006892962043773765,3.0790117009636333,0.01,0.75,451.468788,443.64630900000003,2025-04-17 15:21:00-04:00,443.64630900000003,443.7350382618,TAKE_PROFIT,147.5096039999994,0.308,7.837676959198916,8.145676959198916,139.3639270408005,63,0.0
2025-04-17 15:43:00-04:00,SHORT,445.21,445.120958,44,z,1.5,0.15,60,2.559070789498691,0.008039819178533322,3.5913003970037494,0.01,0.75,449.66209999999995,441.870925,2025-04-17 15:59:00-04:00,444.06,444.148812,FORCED_EOD,50.599999999999,0.308,7.825576000001092,8.133576000001092,42.46642399999791,16,0.0
2025-04-21 09:49:00-04:00,SHORT,437.49,437.402502,45,z,1.5,0.15,60,1.0030851689340077,0.002771349944132572,1.2157496502417757,0.01,0.75,441.86490000000003,434.208825,2025-04-21 10:02:00-04:00,434.208825,434.29566676499996,TAKE_PROFIT,147.65287500000085,0.315,7.845289424998043,8.160289424998043,139.4925855750028,13,0.0
2025-04-21 10:05:00-04:00,SHORT,434.32,434.233136,46,z,1.5,0.15,60,1.3027820535104857,0.003920545638205462,1.719884563296148,0.01,0.75,438.6632,431.0626,2025-04-21 11:44:00-04:00,431.0626,431.14881252,TAKE_PROFIT,149.84040000000084,0.322,7.961519919999773,8.283519919999772,141.55688008000106,99,0.0
2025-04-21 11:54:00-04:00,LONG,430.425,430.511085,46,z,1.5,0.15,60,-1.9446699660294844,0.0010023522891994888,0.4397169139874677,0.01,0.75,426.12075,433.6531875,2025-04-21 15:57:00-04:00,433.6531875,433.5664568625,TAKE_PROFIT,148.49662499999954,0.322,7.949519324999073,8.271519324999073,140.22510567500046,243,0.0
2025-04-22 11:11:00-04:00,LONG,444.125,444.213825,45,z,1.5,0.15,60,-1.9723285987742956,0.0012920178548566814,0.5658133791774276,0.01,0.75,439.68375,447.4559375,2025-04-22 12:28:00-04:00,447.4559375,447.3664463125,TAKE_PROFIT,149.8921875000002,0.315,8.024228437500085,8.339228437500084,141.55295906250012,77,0.0
2025-04-22 13:13:00-04:00,SHORT,445.02,444.930996,44,z,1.5,0.15,60,1.3368989815562455,0.0013236413763126759,0.5796622679286543,0.01,0.75,449.4702,441.68235,2025-04-22 13:28:00-04:00,441.68235,441.77068647,TAKE_PROFIT,146.85659999999984,0.308,7.802980679999564,8.110980679999564,138.7456193200003,15,0.0
2025-04-22 14:20:00-04:00,SHORT,442.65,442.56147,45,z,1.5,0.15,60,2.139883335527729,0.00142880716138165,0.625717520183855,0.01,0.75,447.07649999999995,439.33012499999995,2025-04-22 15:59:00-04:00,444.38,444.46887599999997,FORCED_EOD,-77.85000000000082,0.315,7.983269999998299,8.298269999998299,-86.14826999999912,99,0.0
2025-04-23 09:54:00-04:00,SHORT,460.73,460.637854,43,z,1.5,0.15,60,1.1869427478260037,0.0032204640089973664,1.4762284970843211,0.01,0.75,465.3373,457.27452500000004,2025-04-23 11:23:00-04:00,457.27452500000004,457.365979905,TAKE_PROFIT,148.58542499999908,0.301,7.894838914999639,8.195838914999639,140.38958608499945,89,0.0
2025-04-23 11:30:00-04:00,SHORT,457.34,457.248532,43,z,1.5,0.15,60,1.8170261657551783,0.0026764507001773366,1.2268582364542908,0.01,0.75,461.91339999999997,453.90995,2025-04-23 12:20:00-04:00,453.90995,454.00073198999996,TAKE_PROFIT,147.49214999999975,0.301,7.836749569997664,8.137749569997665,139.3544004300021,50,0.0
2025-04-23 12:26:00-04:00,LONG,453.81,453.900762,44,z,1.5,0.15,60,-1.1684269596264765,0.0018716905269835216,0.8579642206639733,0.01,0.75,449.2719,457.213575,2025-04-23 12:57:00-04:00,457.213575,457.122132285,TAKE_PROFIT,149.75729999999953,0.308,8.017007459998013,8.325007459998012,141.43229254000153,31,0.0
2025-04-23 12:59:00-04:00,LONG,457.43,457.521486,43,z,1.5,0.15,60,-2.0110361332756614,0.0013277279329298119,0.6086172071757119,0.01,0.75,452.8557,460.860725,2025-04-23 15:59:00-04:00,454.37,454.279126,FORCED_EOD,-131.5800000000001,0.301,7.841479999998285,8.142479999998285,-139.72247999999837,180,0.0
2025-04-24 09:48:00-04:00,LONG,458.91,459.001782,43,z,1.5,0.15,60,-1.3050739229723871,-0.0013736896752286178,-0.6268008619100556,0.01,0.75,454.32090000000005,462.351825,2025-04-24 10:22:00-04:00,462.351825,462.259354635,TAKE_PROFIT,147.99847499999976,0.301,7.922851694998428,8.223851694998428,139.77462330500134,34,0.0
2025-04-24 10:31:00-04:00,LONG,462.8801,462.97267602,43,z,1.5,0.15,60,-1.6872060920574494,-0.0014137381700218346,-0.6450745895992895,0.01,0.75,458.251299,466.35170075,2025-04-24 14:02:00-04:00,466.35170075,466.25843040985,TAKE_PROFIT,149.2788322499997,0.301,7.991393486449169,8.29239348644917,140.98643876355055,211,0.0
2025-04-24 14:09:00-04:00,LONG,466.35,466.44327,42,z,1.5,0.15,60,-1.3245733830377446,-0.0023270757978753227,-1.061821415812517,0.01,0.75,461.6865,469.84762500000005,2025-04-24 15:59:00-04:00,467.2,467.10656,FORCED_EOD,35.69999999999857,0.294,7.841819999997824,8.135819999997825,27.564180000000743,110,3.552713678800501e-15
2025-04-25 10:01:00-04:00,LONG,467.39,467.483478,42,z,1.5,0.15,60,-1.4078103202710983,-0.002594886422332375,-1.212564476291675,0.01,0.75,462.7161,470.895425,2025-04-25 12:43:00-04:00,470.895425,470.801245915,TAKE_PROFIT,147.2278500000001,0.294,7.881597570000508,8.175597570000509,139.05225242999958,162,0.0
2025-04-25 12:55:00-04:00,LONG,470.83,470.92416599999996,42,z,1.5,0.15,60,-1.449966984136141,-0.004908338855198646,-2.2936176636458185,0.01,0.75,466.1217,474.361225,2025-04-25 15:59:00-04:00,472.53,472.435494,FORCED_EOD,71.39999999999952,0.294,7.92422399999748,8.21822399999748,63.181776000002046,184,0.0
2025-04-28 10:04:00-04:00,SHORT,471.6682,471.57386636,42,z,1.5,0.15,60,0.9369890033984122,0.002370780403489396,1.1223511508159163,0.01,0.75,476.384882,468.1306885,2025-04-28 11:25:00-04:00,468.1306885,468.2243146377,TAKE_PROFIT,148.57548299999974,0.294,7.894310663398869,8.18831066339887,140.38717233660086,81,0.0
2025-04-28 11:29:00-04:00,SHORT,467.36,467.26652800000005,42,z,1.5,0.15,60,1.9794032993890234,0.0030256070725840044,1.432352644231969,0.01,0.75,472.03360000000004,463.8548,2025-04-28 15:22:00-04:00,472.03360000000004,472.12800672000003,STOP,-196.2912000000009,0.294,7.89090623999823,8.18490623999823,-204.47610623999915,233,0.0
2025-04-28 15:25:00-04:00,LONG,472.12,472.214424,42,z,1.5,0.15,60,-0.46395927635787493,0.0008951068800546621,0.42375254808666796,0.01,0.75,467.3988,475.6609,2025-04-28 15:59:00-04:00,472.45,472.35551,FORCED_EOD,13.859999999999332,0.294,7.934388000000467,8.228388000000468,5.6316119999988645,34,-8.881784197001252e-16
2025-04-29 09:47:00-04:00,LONG,471.6213,471.71562426,42,z,1.5,0.15,60,-1.2893605236436878,-0.0040176611957848125,-1.8893453539297411,0.01,0.75,466.90508700000004,475.15845975,2025-04-29 13:47:00-04:00,475.15845975,475.06342805805,TAKE_PROFIT,148.56070950000003,0.294,7.952949981900247,8.246949981900247,140.31375951809977,240,0.0
2025-04-29 13:53:00-04:00,SHORT,475.47,475.374906,42,z,1.5,0.15,60,1.2535178200829575,-0.0011475563939515009,-0.539649869819641,0.01,0.75,480.22470000000004,471.903975,2025-04-29 15:59:00-04:00,475.42,475.515084,FORCED_EOD,2.1000000000004775,0.294,7.987476000000129,8.28147600000013,-6.181475999999651,126,-8.881784197001252e-16
2025-04-30 09:47:00-04:00,LONG,463.78,463.872756,43,z,1.5,0.15,60,-1.2741961519671092,-0.002608800264119045,-1.2147095789791251,0.01,0.75,459.14219999999995,467.25834999999995,2025-04-30 10:29:00-04:00,467.25834999999995,467.16489832999997,TAKE_PROFIT,149.56904999999904,0.301,8.006929809999463,8.307929809999463,141.2611201899996,42,0.0
2025-04-30 11:04:00-04:00,LONG,468.39,468.483678,42,z,1.5,0.15,60,-0.4481862784133448,-0.002451515370785083,-1.1414745869449803,0.01,0.75,463.7061,471.902925,2025-04-30 13:35:00-04:00,471.902925,471.808544415,TAKE_PROFIT,147.54284999999982,0.294,7.898460570000907,8.192460570000907,139.3503894299989,151,0.0
2025-04-30 13:40:00-04:00,LONG,471.54,471.63430800000003,42,z,1.5,0.15,60,-1.0607010461236992,-0.0011651381454959014,-0.5425116233057565,0.01,0.75,466.82460000000003,475.07655,2025-04-30 15:50:00-04:00,475.07655,474.98153469,TAKE_PROFIT,148.53509999999903,0.294,7.95157902000085,8.24557902000085,140.28952097999817,130,0.0
2025-04-30 15:54:00-04:00,LONG,475.4701,475.56519402,42,z,1.5,0.15,60,-2.8448064401359434,-0.002327284469125092,-1.0836301945140008,0.01,0.75,470.715399,479.03612575,2025-04-30 15:59:00-04:00,475.49,475.394902,FORCED_EOD,0.8358000000002903,0.294,7.988064839999311,8.282064839999311,-7.44626483999902,5,-8.881784197001252e-16
2025-05-01 10:06:00-04:00,SHORT,482.8008,482.70423984,41,z,1.5,0.15,60,1.5590752771861405,0.0029610487173930737,1.4307491297572028,0.01,0.75,487.628808,479.17979399999996,2025-05-01 15:59:00-04:00,481.19,481.28623799999997,FORCED_EOD,66.04279999999932,0.28700000000000003,7.904724559997476,8.191724559997477,57.85107544000184,353,-7.105427357601002e-15
2025-05-02 09:50:00-04:00,SHORT,485.73,485.632854,41,z,1.5,0.15,60,1.4074289029816458,0.0026830182987307057,1.3052749872409777,0.01,0.75,490.5873,482.08702500000004,2025-05-02 12:38:00-04:00,490.5873,490.68541746,STOP,-199.14930000000038,0.28700000000000003,8.00580185999911,8.292801859999111,-207.4421018599995,168,0.0
2025-05-02 12:57:00-04:00,SHORT,490.28,490.181944,40,z,1.5,0.15,60,1.384951095408638,0.0008737369524139454,0.4250686586645429,0.01,0.75,495.1828,486.6029,2025-05-02 15:59:00-04:00,488.86,488.957772,FORCED_EOD,56.79999999999836,0.28,7.833119999997962,8.113119999997961,48.6868800000004,182,0.0
2025-05-05 09:52:00-04:00,SHORT,484.9,484.80302,41,z,1.5,0.15,60,1.5711030902978997,0.004192978167431065,2.0336363409857086,0.01,0.75,489.74899999999997,481.26324999999997,2025-05-05 15:59:00-04:00,485.95,486.04719,FORCED_EOD,-43.050000000000466,0.28700000000000003,7.960969999999406,8.247969999999407,-51.29796999999987,367,0.0
2025-05-06 10:20:00-04:00,LONG,481.29,481.386258,41,z,1.5,0.15,60,-1.3012841123088845,-0.0022972671120499374,-1.1015166075568459,0.01,0.75,476.4771,484.899675,2025-05-06 12:14:00-04:00,484.899675,484.802695065,TAKE_PROFIT,147.99667499999924,0.28700000000000003,7.9227553349982145,8.209755334998215,139.78691966500102,114,0.0
2025-05-06 12:38:00-04:00,LONG,482.45,482.54649,41,z,1.5,0.15,60,-1.8720068029733905,-0.004184077251109733,-2.00622320113456,0.01,0.75,477.6255,486.068375,2025-05-06 15:59:00-04:00,481.42,481.32371600000005,FORCED_EOD,-42.22999999999888,0.28700000000000003,7.903733999999417,8.190733999999418,-50.4207339999983,201,0.0
2025-05-07 10:05:00-04:00,LONG,482.8837,482.98027673999997,41,z,1.5,0.15,60,-1.6145463049363489,-0.0018431277964525029,-0.8871624708438617,0.01,0.75,478.05486299999995,486.50532775,2025-05-07 14:06:00-04:00,478.05486299999995,477.95925202739994,STOP,-197.98231700000088,0.28700000000000003,7.879696216600109,8.16669621660011,-206.149013216601,241,0.0
2025-05-07 14:12:00-04:00,LONG,477.51,477.605502,41,z,1.5,0.15,60,-0.8016117622519975,-0.0025457013105630788,-1.2253359040302598,0.01,0.75,472.7349,481.091325,2025-05-07 14:56:00-04:00,481.091325,480.995106735,TAKE_PROFIT,146.8343249999997,0.28700000000000003,7.860530865000612,8.147530865000613,138.68679413499908,44,0.0
2025-05-07 15:00:00-04:00,LONG,481.7,481.79634,41,z,1.5,0.15,60,-1.765389045026143,-0.0030033752023059723,-1.4456305040145594,0.01,0.75,476.883,485.31275,2025-05-07 15:43:00-04:00,485.31275,485.21568745,TAKE_PROFIT,148.12275000000022,0.28700000000000003,7.92950454999891,8.216504549998911,139.9062454500013,43,0.0
2025-05-07 15:54:00-04:00,LONG,482.54,482.636508,41,z,1.5,0.15,60,-1.400003700729866,-0.005972435267472752,-2.874743921199638,0.01,0.75,477.7146,486.15905000000004,2025-05-07 15:59:00-04:00,483.35,483.25333,FORCED_EOD,33.21000000000009,0.28700000000000003,7.920297999999548,8.207297999999549,25.002702000000546,5,0.0
2025-05-08 09:47:00-04:00,SHORT,487.3598,487.26232804,41,z,1.5,0.15,60,1.2575940540196704,0.0024693441098766183,1.2066449992912567,0.01,0.75,492.233398,483.7046015,2025-05-08 12:16:00-04:00,492.233398,492.3318446796,STOP,-199.81751800000063,0.28700000000000003,8.032664223599795,8.319664223599796,-208.13718222360043,149,0.0
2025-05-08 12:20:00-04:00,LONG,492.02,492.118404,40,z,1.5,0.15,60,-1.1506032148024348,0.0003450782761416308,0.1686224996365695,0.01,0.75,487.09979999999996,495.71015,2025-05-08 15:59:00-04:00,488.22,488.122356,FORCED_EOD,-151.99999999999818,0.28,7.841920000000755,8.121920000000754,-160.12191999999894,219,0.0
2025-05-09 10:11:00-04:00,SHORT,491.03,490.93179399999997,40,z,1.5,0.15,60,1.4915317198768405,0.0018882483960694096,0.9267900777588238,0.01,0.75,495.9403,487.34727499999997,2025-05-09 10:35:00-04:00,487.34727499999997,487.444744455,TAKE_PROFIT,147.3090000000002,0.28,7.827018200000566,8.107018200000565,139.20198179999963,24,0.0
2025-05-09 10:41:00-04:00,SHORT,486.82,486.722636,41,z,1.5,0.15,60,2.012945051841397,0.003158525149131855,1.5502673136968497,0.01,0.75,491.6882,483.16885,2025-05-09 15:59:00-04:00,488.05,488.14761,FORCED_EOD,-50.430000000000746,0.28700000000000003,7.993933999997751,8.280933999997751,-58.710933999998495,318,0.0
2025-05-12 10:28:00-04:00,LONG,503.19,503.290638,39,z,1.5,0.15,60,-1.478680098930108,-0.00022460113782940723,-0.11358416441737518,0.01,0.75,498.1581,506.963925,2025-05-12 13:08:00-04:00,506.963925,506.86253221500004,TAKE_PROFIT,147.18307500000077,0.273,7.8792006149990925,8.152200614999092,139.03087438500168,160,0.0
2025-05-12 13:13:00-04:00,LONG,507.03,507.13140599999997,39,z,1.5,0.15,60,-2.9014071771731156,-0.00048791176408870306,-0.24674429777610385,0.01,0.75,501.9597,510.832725,2025-05-12 15:59:00-04:00,507.8,507.69844,FORCED_EOD,30.030000000001507,0.273,7.915674000000138,8.188674000000137,21.84132600000137,166,0.0
2025-05-13 09:52:00-04:00,LONG,511.42,511.522284,39,z,1.5,0.15,60,-1.1508580463690503,-0.0026851181758801856,-1.365677955434478,0.01,0.75,506.30580000000003,515.2556500000001,2025-05-13 10:59:00-04:00,515.2556500000001,515.15259887,TAKE_PROFIT,149.5903500000017,0.273,8.008070070001452,8.281070070001451,141.30927993000026,67,0.0
2025-05-13 11:08:00-04:00,SHORT,514.7697,514.6667460599999,38,z,1.5,0.15,60,2.8671621968728913,-0.0017313228440909087,-0.880568111733055,0.01,0.75,519.9173969999999,510.9089272499999,2025-05-13 15:59:00-04:00,515.58,515.683116,FORCED_EOD,-30.791400000003705,0.266,7.830657720000772,8.096657720000772,-38.888057720004475,291,0.0
2025-05-14 10:09:00-04:00,SHORT,517.75,517.64645,38,z,1.5,0.15,60,1.0556418423465834,-0.0014700883245339653,-0.7603443823321641,0.01,0.75,522.9275,513.866875,2025-05-14 15:59:00-04:00,518.7,518.8037400000001,FORCED_EOD,-36.10000000000173,0.266,7.877020000002176,8.143020000002176,-44.2430200000039,350,0.0
2025-05-15 09:58:00-04:00,SHORT,516.03,515.926794,38,z,1.5,0.15,60,1.4412840325465939,0.00046656843951658957,0.24080530300329883,0.01,0.75,521.1903,512.159775,2025-05-15 13:03:00-04:00,521.1903,521.2945380599999,STOP,-196.09140000000025,0.266,7.88287427999785,8.14887427999785,-204.2402742799981,185,0.0
2025-05-15 13:35:00-04:00,SHORT,521.01,520.905798,38,z,1.5,0.15,60,1.3747302904591816,0.0008178474304509162,0.42210741580436206,0.01,0.75,526.2201,517.102425,2025-05-15 15:25:00-04:00,517.102425,517.205845485,TAKE_PROFIT,148.48784999999816,0.266,7.889654430000064,8.155654430000064,140.3321955699981,110,0.0
2025-05-15 15:31:00-04:00,SHORT,517.43,517.326514,38,z,1.5,0.15,60,1.2642266848358188,0.0021210955692919026,1.0947398452228754,0.01,0.75,522.6043,513.549275,2025-05-15 15:59:00-04:00,519.29,519.3938579999999,FORCED_EOD,-70.68000000000052,0.266,7.879071999996995,8.145071999996995,-78.82507199999752,28,0.0
2025-05-16 09:49:00-04:00,SHORT,519.59,519.486082,38,z,1.5,0.15,60,1.9957679444133336,0.0019781318617883214,1.0284505362623122,0.01,0.75,524.7859000000001,515.693075,2025-05-16 15:59:00-04:00,521.52,521.6243039999999,FORCED_EOD,-73.3399999999981,0.266,7.912435999999161,8.178435999999161,-81.51843599999727,370,0.0
2025-05-19 09:47:00-04:00,LONG,517.18,517.2834359999999,38,z,1.5,0.15,60,-0.6265237931701844,-0.0005386492870699724,-0.2776575480060046,0.01,0.75,512.0082,521.0588499999999,2025-05-19 12:53:00-04:00,521.0588499999999,520.9546382299999,TAKE_PROFIT,147.39629999999784,0.266,7.890615259999777,8.156615259999777,139.23968473999807,186,0.0
2025-05-19 12:56:00-04:00,SHORT,521.18,521.0757639999999,38,z,1.5,0.15,60,1.6326230789480616,-0.00047018772846619226,-0.24236766839248958,0.01,0.75,526.3918,517.2711499999999,2025-05-19 15:59:00-04:00,522.03,522.134406,FORCED_EOD,-32.300000000000864,0.266,7.928396000002067,8.194396000002067,-40.49439600000293,183,0.0
2025-05-20 10:27:00-04:00,SHORT,519.51,519.406098,38,z,1.5,0.15,60,0.9658659719117906,0.003352416969889583,1.743122727663831,0.01,0.75,524.7051,515.613675,2025-05-20 15:59:00-04:00,520.24,520.344048,FORCED_EOD,-27.74000000000069,0.266,7.902099999999336,8.168099999999336,-35.908100000000026,332,0.0
2025-05-21 10:06:00-04:00,SHORT,519.205,519.101159,38,z,1.5,0.15,60,1.6739305365591404,0.0021299752975759345,1.100920332058081,0.01,0.75,524.39705,515.3109625000001,2025-05-21 13:26:00-04:00,515.3109625000001,515.4140246925001,TAKE_PROFIT,147.97342499999877,0.266,7.862321315000827,8.128321315000827,139.84510368499795,200,0.0
2025-05-21 14:01:00-04:00,LONG,515.45,515.55309,38,z,1.5,0.15,60,-1.6056871166139473,0.0009971836187630274,0.51541429703002,0.01,0.75,510.29550000000006,519.315875,2025-05-21 15:59:00-04:00,513.05,512.9473899999999,FORCED_EOD,-91.20000000000346,0.266,7.816599999999198,8.082599999999198,-99.28260000000266,118,0.0
2025-05-22 10:06:00-04:00,LONG,516.94,517.043388,38,z,1.5,0.15,60,-0.8575179824953247,-0.001623981186721777,-0.8344989726087988,0.01,0.75,511.77060000000006,520.8170500000001,2025-05-22 15:59:00-04:00,514.02,513.917196,FORCED_EOD,-110.96000000000276,0.266,7.835295999999516,8.101295999999516,-119.06129600000229,353,0.0
2025-05-23 10:27:00-04:00,LONG,508.83,508.931766,39,z,1.5,0.15,60,-1.2725015049250978,-0.0038220210881686253,-1.934515973776513,0.01,0.75,503.7417,512.646225,2025-05-23 15:59:00-04:00,509.2865,509.1846427,FORCED_EOD,17.803500000000213,0.273,7.94130870000015,8.21430870000015,9.589191300000063,332,0.0
2025-05-27 09:47:00-04:00,SHORT,516.09,515.9867820000001,38,z,1.5,0.15,60,1.3362136386862562,0.0022640378913979815,1.1697151765907847,0.01,0.75,521.2509,512.219325,2025-05-27 13:49:00-04:00,521.2509,521.35515018,STOP,-196.11419999999885,0.266,7.883790839999165,8.149790839999165,-204.263990839998,242,0.0
2025-05-27 13:53:00-04:00,SHORT,521.19,521.085762,38,z,1.5,0.15,60,1.2168743270252824,0.0019788584847273763,1.022377236134389,0.01,0.75,526.4019000000001,517.2810750000001,2025-05-27 15:59:00-04:00,521.21,521.314242,FORCED_EOD,-0.7599999999993088,0.266,7.922240000000329,8.188240000000329,-8.948239999999638,126,0.0
2025-05-28 09:51:00-04:00,SHORT,521.46,521.355708,38,z,1.5,0.15,60,1.5711181247003496,0.002433451041906041,1.2710401482083853,0.01,0.75,526.6746,517.5490500000001,2025-05-28 15:59:00-04:00,518.95,519.05379,FORCED_EOD,95.37999999999965,0.266,7.9071159999996325,8.173115999999633,87.20688400000002,368,0.0
2025-05-29 09:50:00-04:00,SHORT,521.925,521.820615,38,z,1.5,0.15,60,1.5055305893445605,-4.185069212484394e-05,-0.022002582877689747,0.01,0.75,527.1442499999999,518.0105625,2025-05-29 11:59:00-04:00,518.0105625,518.1141646125,TAKE_PROFIT,148.74862499999858,0.266,7.903510274998098,8.169510274998098,140.5791147250005,129,0.0
2025-05-29 12:10:00-04:00,SHORT,518.9,518.79622,38,z,1.5,0.15,60,1.2605201019587462,0.00028263969819896685,0.1485949949311589,0.01,0.75,524.0889999999999,515.00825,2025-05-29 15:59:00-04:00,519.96,520.063992,FORCED_EOD,-40.28000000000225,0.266,7.8953359999991335,8.161335999999134,-48.44133600000138,229,0.0
2025-05-30 09:48:00-04:00,SHORT,517.52,517.4164959999999,38,z,1.5,0.15,60,1.3118567268743655,0.002918796241838624,1.5142714902658554,0.01,0.75,522.6952,513.6386,2025-05-30 12:30:00-04:00,513.6386,513.74132772,TAKE_PROFIT,147.49319999999943,0.266,7.836805360000199,8.102805360000199,139.39039463999924,162,0.0
2025-05-30 12:31:00-04:00,SHORT,514.01,513.907198,38,z,1.5,0.15,60,2.0084160220332237,0.0064837097983754845,3.36374864339723,0.01,0.75,519.1501,510.154925,2025-05-30 15:18:00-04:00,519.1501,519.25393002,STOP,-195.32379999999853,0.266,7.852016760001106,8.118016760001106,-203.44181675999963,167,0.0
2025-05-30 15:19:00-04:00,SHORT,519.228,519.1241544,38,z,1.5,0.15,60,1.623987671617861,0.005819746298319396,3.0192843795680346,0.01,0.75,524.4202799999999,515.3337899999999,2025-05-30 15:59:00-04:00,519.13,519.233826,FORCED_EOD,3.723999999998341,0.266,7.89152080000099,8.15752080000099,-4.433520800002649,40,0.0
2025-06-02 09:57:00-04:00,LONG,518.53,518.633706,38,z,1.5,0.15,60,-0.9532300227641028,-0.0007203189648825614,-0.3732981003607847,0.01,0.75,513.3447,522.4189749999999,2025-06-02 14:22:00-04:00,522.4189749999999,522.314491205,TAKE_PROFIT,147.78104999999846,0.266,7.911212209998212,8.177212209998212,139.60383779000026,265,0.0
2025-06-02 14:53:00-04:00,SHORT,522.7,522.59546,38,z,1.5,0.15,60,1.4245043274235043,0.002086895983642891,1.0815129745629974,0.01,0.75,527.927,518.77975,2025-06-02 15:59:00-04:00,523.21,523.314642,FORCED_EOD,-19.379999999999654,0.266,7.9489160000021,8.2149160000021,-27.594916000001753,66,0.0
2025-06-03 09:52:00-04:00,LONG,524.23,524.334846,38,z,1.5,0.15,60,-1.523255505674107,-0.0008611004432839264,-0.4517074595335089,0.01,0.75,518.9877,528.161725,2025-06-03 12:35:00-04:00,528.161725,528.056092655,TAKE_PROFIT,149.40555000000109,0.266,7.998177109998323,8.264177109998323,141.14137289000277,163,0.0
2025-06-03 12:44:00-04:00,SHORT,528.01,527.904398,37,z,1.5,0.15,60,0.836986378305875,0.000829760353722224,0.43526738875198134,0.01,0.75,533.2900999999999,524.049925,2025-06-03 15:59:00-04:00,527.42,527.5254839999999,FORCED_EOD,21.830000000001178,0.259,7.810181999996644,8.069181999996644,13.760818000004534,195,0.0
2025-06-04 09:56:00-04:00,LONG,528.57,528.6757140000001,37,z,1.5,0.15,60,-1.8917391178817002,-0.0006607396816092513,-0.3491150255717912,0.01,0.75,523.2843,532.5342750000001,2025-06-04 15:59:00-04:00,528.78,528.6742439999999,FORCED_EOD,7.76999999999714,0.259,7.824390000002836,8.083390000002836,-0.3133900000056965,363,-3.3306690738754696e-16
2025-06-05 09:51:00-04:00,SHORT,528.63,528.524274,37,z,1.5,0.15,60,1.0116126650097002,0.0006294175865073906,0.33401303063180876,0.01,0.75,533.9163,524.665275,2025-06-05 15:16:00-04:00,524.665275,524.7702080549999,TAKE_PROFIT,146.69482500000163,0.259,7.794385034998186,8.053385034998186,138.64143996500346,325,0.0
2025-06-05 15:31:00-04:00,SHORT,524.95,524.84501,38,z,1.5,0.15,60,1.2045706673546606,-0.0020281309443873144,-1.0762682482580885,0.01,0.75,530.1995000000001,521.012875,2025-06-05 15:59:00-04:00,524.7,524.80494,FORCED_EOD,9.5,0.266,7.977339999999458,8.243339999999458,1.256660000000542,28,0.0
2025-06-06 09:49:00-04:00,LONG,531.2691,531.37535382,37,z,1.5,0.15,60,-1.3302814509299243,-0.0004952019862639011,-0.2623728683822719,0.01,0.75,525.956409,535.2536182499999,2025-06-06 15:59:00-04:00,529.84,529.7340320000001,FORCED_EOD,-52.876699999998095,0.259,7.852207339998813,8.111207339998813,-60.98790733999691,370,0.0
2025-06-09 09:47:00-04:00,SHORT,529.85,529.7440300000001,37,z,1.5,0.15,60,1.519769980342892,0.0008210092482251895,0.4354509901198753,0.01,0.75,535.1485,525.876125,2025-06-09 15:59:00-04:00,530.68,530.7861359999999,FORCED_EOD,-30.709999999997308,0.259,7.847921999998107,8.106921999998107,-38.816921999995415,372,0.0
2025-06-10 09:47:00-04:00,SHORT,531.46,531.3537080000001,37,z,1.5,0.15,60,1.2843083826669048,0.0019449735748989297,1.0340549259628915,0.01,0.75,536.7746000000001,527.47405,2025-06-10 15:59:00-04:00,534.28,534.386856,FORCED_EOD,-104.33999999999764,0.259,7.886475999997515,8.145475999997515,-112.48547599999516,372,0.0
2025-06-11 10:11:00-04:00,SHORT,535.26,535.152948,37,z,1.5,0.15,60,1.176823226497337,0.0009033825299177955,0.4838245815481059,0.01,0.75,540.6126,531.24555,2025-06-11 14:04:00-04:00,531.24555,531.35179911,TAKE_PROFIT,148.5346500000004,0.259,7.89214106999907,8.15114106999907,140.38350893000134,233,0.0
2025-06-11 14:34:00-04:00,SHORT,532.22,532.113556,37,z,1.5,0.15,60,2.144147137176497,0.005454591086558769,2.9213153482282905,0.01,0.75,537.5422,528.22835,2025-06-11 15:59:00-04:00,532.45,532.55649,FORCED_EOD,-8.510000000000673,0.259,7.87855800000068,8.13755800000068,-16.647558000001354,85,0.0
2025-06-12 09:49:00-04:00,LONG,532.39,532.496478,37,z,1.5,0.15,60,-1.4129957968942368,-0.0004950386432420275,-0.26327640163549404,0.01,0.75,527.0661,536.382925,2025-06-12 15:59:00-04:00,533.66,533.553268,FORCED_EOD,46.98999999999933,0.259,7.888770000000136,8.147770000000136,38.84222999999919,370,0.0
2025-06-13 10:20:00-04:00,SHORT,527.77,527.664446,37,z,1.5,0.15,60,1.2848464231337529,0.005870450588858083,3.103525242361002,0.01,0.75,533.0477,523.811725,2025-06-13 15:59:00-04:00,526.94,527.045388,FORCED_EOD,30.709999999997308,0.259,7.804853999997476,8.063853999997477,22.64614599999983,339,0.0
2025-06-16 09:58:00-04:00,LONG,533.88,533.986776,37,z,1.5,0.15,60,-1.4671101690651165,0.0011970022863144643,0.6363383854276208,0.01,0.75,528.5412,537.8841,2025-06-16 15:59:00-04:00,534.27,534.163146,FORCED_EOD,14.429999999999495,0.259,7.904309999998759,8.16330999999876,6.266690000000736,361,0.0
2025-06-17 09:48:00-04:00,SHORT,531.6,531.49368,37,z,1.5,0.15,60,0.7084923505451836,0.0004147424350682107,0.22081716727905132,0.01,0.75,536.916,527.613,2025-06-17 15:59:00-04:00,529.0,529.1058,FORCED_EOD,96.20000000000084,0.259,7.8484400000010055,8.107440000001006,88.09255999999984,371,0.0
2025-06-18 09:51:00-04:00,LONG,530.4707,530.57679414,37,z,1.5,0.15,60,-1.704018812610354,0.0003044643953177829,0.16131437057129006,0.01,0.75,525.165993,534.4492302499999,2025-06-18 15:59:00-04:00,528.96,528.8542080000001,FORCED_EOD,-55.89589999999737,0.259,7.839787179997529,8.09878717999753,-63.9946871799949,368,0.0
2025-06-20 09:52:00-04:00,LONG,531.43,531.5362859999999,37,z,1.5,0.15,60,-1.2387251237613726,-0.0029289818885033054,-1.559741435265778,0.01,0.75,526.1157,535.415725,2025-06-20 10:51:00-04:00,526.1157,526.0104768599999,STOP,-196.6291000000001,0.259,7.825838179999096,8.084838179999096,-204.7139381799992,59,0.0
2025-06-20 11:48:00-04:00,LONG,528.32,528.425664,37,z,1.5,0.15,60,-1.6468162329823735,-0.0019428179541471262,-1.0345894169423673,0.01,0.75,523.0368000000001,532.2824,2025-06-20 15:59:00-04:00,526.71,526.6046580000001,FORCED_EOD,-59.570000000000505,0.259,7.807221999995704,8.066221999995705,-67.63622199999621,251,0.0
2025-06-23 10:14:00-04:00,SHORT,529.45,529.34411,37,z,1.5,0.15,60,2.086380005436226,0.002928483891379225,1.541231787193965,0.01,0.75,534.7445,525.4791250000001,2025-06-23 12:33:00-04:00,525.4791250000001,525.5842208250001,TAKE_PROFIT,146.9223749999992,0.259,7.806475525002952,8.065475525002952,138.85689947499625,139,0.0
2025-06-23 12:42:00-04:00,LONG,526.37,526.475274,37,z,1.5,0.15,60,-1.3145057101580584,-0.0006015861590286825,-0.31660877963520306,0.01,0.75,521.1063,530.317775,2025-06-23 13:28:00-04:00,530.317775,530.211711445,TAKE_PROFIT,146.0676749999992,0.259,7.819489535000002,8.078489535000003,137.98918546499922,46,0.0
2025-06-23 13:33:00-04:00,LONG,531.02,531.1262039999999,37,z,1.5,0.15,60,-1.3414383351562493,-0.001433643044866744,-0.7545119980828758,0.01,0.75,525.7098,535.00265,2025-06-23 15:59:00-04:00,531.7,531.5936600000001,FORCED_EOD,25.160000000002356,0.259,7.864127999995048,8.123127999995049,17.036872000007307,146,0.0
2025-06-24 10:02:00-04:00,SHORT,537.23,537.122554,37,z,1.5,0.15,60,1.0871611874917346,7.706566414085242e-05,0.041361141944435076,0.01,0.75,542.6023,533.200775,2025-06-24 15:59:00-04:00,539.735,539.842947,FORCED_EOD,-92.68499999999983,0.259,7.969540999998117,8.228540999998117,-100.91354099999795,357,0.0
2025-06-25 09:49:00-04:00,LONG,542.705,542.813541,36,z,1.5,0.15,60,-1.201467430818425,-0.002586191670079654,-1.4029572571847666,0.01,0.75,537.27795,546.7752875,2025-06-25 15:59:00-04:00,541.17,541.0617659999999,FORCED_EOD,-55.26000000000295,0.252,7.80389999999943,8.055899999999431,-63.31590000000238,370,0.0
2025-06-26 10:06:00-04:00,LONG,543.35,543.45867,36,z,1.5,0.15,60,-1.4506449041375549,2.7447352433923215e-05,0.014916263680220254,0.01,0.75,537.9165,547.425125,2025-06-26 15:59:00-04:00,546.21,546.100758,FORCED_EOD,102.96000000000049,0.252,7.844831999998405,8.096831999998406,94.86316800000209,353,0.0
2025-06-27 10:08:00-04:00,SHORT,549.34,549.230132,36,z,1.5,0.15,60,1.4285591222143088,0.0022791730903705754,1.2476421413997514,0.01,0.75,554.8334,545.21995,2025-06-27 14:40:00-04:00,545.21995,545.3289939900001,TAKE_PROFIT,148.3217999999997,0.252,7.880831640001361,8.132831640001362,140.18896835999834,272,0.0
2025-06-27 15:09:00-04:00,LONG,545.64,545.7491279999999,36,z,1.5,0.15,60,-2.1550138422219853,0.0011462794824334908,0.6274848514789255,0.01,0.75,540.1836,549.7323,2025-06-27 15:59:00-04:00,548.21,548.100358,FORCED_EOD,92.5200000000018,0.252,7.875719999998182,8.127719999998183,84.39228000000362,50,0.0
2025-06-30 09:50:00-04:00,SHORT,549.53,549.420094,36,z,1.5,0.15,60,1.6717097057871415,0.002350403696157595,1.2954485011742918,0.01,0.75,555.0253,545.4085249999999,2025-06-30 15:59:00-04:00,551.64,551.750328,FORCED_EOD,-75.96000000000049,0.252,7.928424000000177,8.180424000000178,-84.14042400000066,369,0.0
2025-07-01 09:47:00-04:00,LONG,549.78,549.889956,36,z,1.5,0.15,60,-1.349605318837901,-0.0013164450948956932,-0.7237405717311276,0.01,0.75,544.2822,553.9033499999999,2025-07-01 15:59:00-04:00,546.98,546.8706040000001,FORCED_EOD,-100.79999999999836,0.252,7.896671999998489,8.14867199999849,-108.94867199999685,372,0.0
2025-07-02 10:41:00-04:00,SHORT,549.89,549.780022,36,z,1.5,0.15,60,1.5801372918469057,-0.004750464386579738,-2.5956062361832437,0.01,0.75,555.3889,545.765825,2025-07-02 15:59:00-04:00,550.81,550.9201619999999,FORCED_EOD,-33.11999999999853,0.252,7.925039999996443,8.177039999996444,-41.29703999999497,318,0.0
2025-07-03 09:49:00-04:00,LONG,553.95,554.06079,36,z,1.5,0.15,60,-2.194132709952497,-0.0017281642982091313,-0.9575585559947513,0.01,0.75,548.4105000000001,558.104625,2025-07-03 12:59:00-04:00,556.16,556.048768,FORCED_EOD,79.55999999999722,0.252,7.99279199999728,8.24479199999728,71.31520799999994,190,0.0
2025-07-07 09:50:00-04:00,SHORT,553.735,553.6242530000001,36,z,1.5,0.15,60,1.526721250739761,0.001629029162477914,0.9027428006787659,0.01,0.75,559.27235,549.5819875,2025-07-07 14:30:00-04:00,549.5819875,549.6919038975,TAKE_PROFIT,149.50845000000163,0.252,7.943882309998116,8.195882309998117,141.3125676900035,280,0.0
2025-07-07 14:51:00-04:00,LONG,551.43,551.5402859999999,36,z,1.5,0.15,60,-1.1417484295011078,0.0028230888997508256,1.5644429446858794,0.01,0.75,545.9156999999999,555.5657249999999,2025-07-07 15:59:00-04:00,552.06,551.949588,FORCED_EOD,22.679999999999836,0.252,7.945127999998931,8.197127999998932,14.482872000000905,68,1.7763568394002505e-15
2025-07-08 10:36:00-04:00,LONG,553.0,553.1106,36,z,1.5,0.15,60,-1.153297690388325,0.0016724665211608732,0.9254091754886531,0.01,0.75,547.47,557.1475,2025-07-08 15:59:00-04:00,552.32,552.2095360000001,FORCED_EOD,-24.4799999999982,0.252,7.958303999998407,8.210303999998407,-32.69030399999661,323,7.105427357601002e-15
2025-07-09 10:51:00-04:00,SHORT,553.77,553.6592459999999,36,z,1.5,0.15,60,1.5964306034211142,-0.0017517074499627046,-0.9723290127880091,0.01,0.75,559.3077,549.616725,2025-07-09 15:59:00-04:00,556.26,556.371252,FORCED_EOD,-89.64000000000033,0.252,7.992216000002827,8.244216000002828,-97.88421600000315,308,0.0
2025-07-10 10:01:00-04:00,LONG,553.43,553.5406859999999,36,z,1.5,0.15,60,-1.710332056286719,-0.0011314080775144623,-0.6302621836601929,0.01,0.75,547.8956999999999,557.5807249999999,2025-07-10 15:59:00-04:00,555.47,555.358906,FORCED_EOD,73.44000000000278,0.252,7.984079999998812,8.236079999998813,65.20392000000398,358,0.0
2025-07-11 09:52:00-04:00,LONG,553.78,553.890756,36,z,1.5,0.15,60,-1.788204115199696,-0.00387162083547517,-2.1445682131864032,0.01,0.75,548.2422,557.93335,2025-07-11 15:59:00-04:00,554.21,554.0991580000001,FORCED_EOD,15.480000000002292,0.252,7.977527999998983,8.229527999998984,7.250472000003309,367,-8.881784197001252e-16
2025-07-14 10:45:00-04:00,LONG,554.355,554.465871,36,z,1.5,0.15,60,-1.104943802614487,0.003962057298089156,2.195811775173979,0.01,0.75,548.81145,558.5126625,2025-07-14 15:59:00-04:00,556.18,556.068764,FORCED_EOD,65.69999999999754,0.252,7.99585199999774,8.24785199999774,57.4521479999998,314,7.105427357601002e-15
2025-07-15 10:29:00-04:00,LONG,559.76,559.871952,35,z,1.5,0.15,60,-1.3043640848131304,-0.004607662177093039,-2.582226037286432,0.01,0.75,554.1623999999999,563.9582,2025-07-15 15:59:00-04:00,556.7,556.58866,FORCED_EOD,-107.09999999999809,0.245,7.815220000000522,8.060220000000522,-115.16021999999862,330,0.0
2025-07-16 09:50:00-04:00,LONG,555.46,555.571092,35,z,1.5,0.15,60,-1.552176084572873,-0.0009242964344029106,-0.5149394080524416,0.01,0.75,549.9054,559.62595,2025-07-16 15:59:00-04:00,557.34,557.2285320000001,FORCED_EOD,65.79999999999984,0.245,7.789599999997563,8.034599999997562,57.76540000000228,369,-7.105427357601002e-15
2025-07-17 09:55:00-04:00,LONG,559.29,559.401858,35,z,1.5,0.15,60,-1.699222897428006,-0.00045367483048511844,-0.25320499639030913,0.01,0.75,553.6971,563.4846749999999,2025-07-17 15:59:00-04:00,561.8,561.68764,FORCED_EOD,87.84999999999968,0.245,7.847629999998276,8.092629999998275,79.7573700000014,364,0.0
2025-07-18 09:54:00-04:00,SHORT,562.33,562.217534,35,z,1.5,0.15,60,1.6752212794350163,0.0003248319754138487,0.18273097944927486,0.01,0.75,567.9533,558.112525,2025-07-18 15:59:00-04:00,561.26,561.372252,FORCED_EOD,37.45000000000175,0.245,7.865130000001841,8.11013000000184,29.33986999999991,365,3.552713678800501e-15
2025-07-21 09:48:00-04:00,LONG,564.89,565.002978,35,z,1.5,0.15,60,-0.8385323369753196,-0.002241154908874737,-1.2610978672238389,0.01,0.75,559.2411,569.126675,2025-07-21 15:59:00-04:00,564.16,564.0471679999999,FORCED_EOD,-25.550000000000637,0.245,7.903350000000842,8.14835000000084,-33.698350000001476,371,-7.105427357601002e-15
2025-07-22 09:51:00-04:00,SHORT,560.96,560.8478080000001,35,z,1.5,0.15,60,1.6310617704324788,0.00214155421051139,1.2071084462968429,0.01,0.75,566.5696,556.7528,2025-07-22 15:59:00-04:00,561.29,561.402258,FORCED_EOD,-11.549999999997453,0.245,7.85574999999767,8.100749999997669,-19.650749999995124,368,3.552713678800501e-15
2025-07-23 09:48:00-04:00,SHORT,560.64,560.527872,35,z,1.5,0.15,60,2.215999617825196,0.003137617647796038,1.761521299825631,0.01,0.75,566.2464,556.4352,2025-07-23 15:59:00-04:00,563.83,563.942766,FORCED_EOD,-111.65000000000191,0.245,7.8712899999982255,8.116289999998225,-119.76629000000014,371,0.0
2025-07-24 10:38:00-04:00,SHORT,564.73,564.617054,35,z,1.5,0.15,60,1.0167718264965504,-0.002954939105241,-1.6710623881003812,0.01,0.75,570.3773,560.4945250000001,2025-07-24 15:59:00-04:00,565.09,565.203018,FORCED_EOD,-12.600000000000477,0.245,7.90873999999917,8.15373999999917,-20.75373999999965,321,3.552713678800501e-15
2025-07-25 10:33:00-04:00,LONG,565.8099,565.9230619799999,35,z,1.5,0.15,60,-2.5628082000929333,7.658010856905688e-05,0.043256274325244704,0.01,0.75,560.151801,570.05347425,2025-07-25 15:59:00-04:00,566.39,566.276722,FORCED_EOD,20.303500000000554,0.245,7.925399300000322,8.170399300000321,12.133100700000233,326,-1.7763568394002505e-15
2025-07-28 10:26:00-04:00,LONG,568.47,568.583694,35,z,1.5,0.15,60,-1.4653818666442786,-0.0004202005535790345,-0.23870753047708604,0.01,0.75,562.7853,572.733525,2025-07-28 15:59:00-04:00,568.2,568.08636,FORCED_EOD,-9.449999999999363,0.245,7.956690000001458,8.201690000001458,-17.651690000000823,333,3.552713678800501e-15
2025-07-29 09:48:00-04:00,SHORT,571.13,571.015774,35,z,1.5,0.15,60,1.5084625529472617,0.0022928855578483497,1.3100860211877716,0.01,0.75,576.8413,566.846525,2025-07-29 15:36:00-04:00,566.846525,566.959894305,TAKE_PROFIT,149.92162499999836,0.245,7.96583567500079,8.210835675000789,141.71078932499756,348,0.0
2025-07-29 15:53:00-04:00,SHORT,567.23,567.1165540000001,35,z,1.5,0.15,60,3.0095735312579146,0.005560728064188196,3.1772331940352387,0.01,0.75,572.9023,562.975775,2025-07-29 15:59:00-04:00,567.33,567.4434660000001,FORCED_EOD,-3.500000000000796,0.245,7.941919999998959,8.186919999998958,-11.686919999999754,6,-1.7763568394002505e-15
2025-07-30 11:04:00-04:00,SHORT,568.63,568.516274,35,z,1.5,0.15,60,2.036891047967068,0.0011754485072072171,0.6673608899668579,0.01,0.75,574.3163,564.365275,2025-07-30 15:59:00-04:00,568.1,568.21362,FORCED_EOD,18.549999999999045,0.245,7.957110000000398,8.202110000000397,10.347889999998648,295,-1.7763568394002505e-15
2025-07-31 10:01:00-04:00,SHORT,572.75,572.63545,34,z,1.5,0.15,60,1.608276324566481,0.006151706274402726,3.5272345850856937,0.01,0.75,578.4775,568.454375,2025-07-31 11:15:00-04:00,568.454375,568.568065875,TAKE_PROFIT,146.05124999999907,0.23800000000000002,7.760189749999427,7.998189749999427,138.05306024999965,74,0.0
2025-07-31 11:24:00-04:00,LONG,568.55,568.6637099999999,35,z,1.5,0.15,60,-1.1539254673667019,0.003938682586287309,2.2583421279124423,0.01,0.75,562.8644999999999,572.814125,2025-07-31 15:59:00-04:00,565.0,564.8870000000001,FORCED_EOD,-124.24999999999841,0.245,7.9348499999969135,8.179849999996913,-132.42984999999533,275,0.0
2025-08-01 09:47:00-04:00,SHORT,554.37,554.259126,36,z,1.5,0.15,60,1.1367056606490695,0.00020821507319022242,0.11612154631814064,0.01,0.75,559.9137,550.212225,2025-08-01 15:59:00-04:00,553.85,553.96077,FORCED_EOD,18.719999999999345,0.252,7.979183999998895,8.231183999998896,10.48881600000045,372,1.7763568394002505e-15
2025-08-04 09:54:00-04:00,LONG,561.98,562.092396,35,z,1.5,0.15,60,-1.7982300476003745,-0.0017473037330313695,-0.9770922475111092,0.01,0.75,556.3602,566.19485,2025-08-04 15:59:00-04:00,564.1,563.9871800000001,FORCED_EOD,74.20000000000016,0.245,7.882559999997625,8.127559999997624,66.07244000000253,365,0.0
2025-08-05 09:47:00-04:00,SHORT,566.25,566.13675,35,z,1.5,0.15,60,0.756995133746341,0.0001320200993091946,0.07450686324614253,0.01,0.75,571.9125,562.003125,2025-08-05 10:42:00-04:00,562.003125,562.1155256249999,TAKE_PROFIT,148.6406250000016,0.245,7.8977718749985115,8.14277187499851,140.49785312500308,55,0.0
2025-08-05 10:43:00-04:00,LONG,562.01,562.122402,35,z,1.5,0.15,60,-1.4317799431091802,-0.002566722106766145,-1.448555288174589,0.01,0.75,556.3899,566.225075,2025-08-05 15:59:00-04:00,560.19,560.0779620000001,FORCED_EOD,-63.69999999999777,0.245,7.8553999999985535,8.100399999998553,-71.80039999999633,316,0.0
2025-08-06 10:13:00-04:00,LONG,562.91,563.0225819999999,35,z,1.5,0.15,60,-1.9843478922256732,-0.004279913132923247,-2.401202464095263,0.01,0.75,557.2809,567.1318249999999,2025-08-06 14:22:00-04:00,567.1318249999999,567.0183986349999,TAKE_PROFIT,147.76387499999885,0.245,7.910292774999448,8.155292774999447,139.6085822249994,249,0.0
2025-08-06 14:25:00-04:00,LONG,567.1,567.21342,35,z,1.5,0.15,60,-0.8425641758934072,-0.007587907182535623,-4.257119445689682,0.01,0.75,561.429,571.35325,2025-08-06 15:59:00-04:00,567.32,567.206536,FORCED_EOD,7.700000000000955,0.245,7.940940000001433,8.185940000001432,-0.485940000000478,94,-1.1102230246251565e-16
2025-08-07 09:59:00-04:00,LONG,572.84,572.954568,34,z,1.5,0.15,60,-0.916631553582489,-0.004746456248928659,-2.711935242387767,0.01,0.75,567.1116000000001,577.1363,2025-08-07 12:43:00-04:00,567.1116000000001,566.99817768,STOP,-194.7655999999988,0.23800000000000002,7.75167088000012,7.98967088000012,-202.75527087999893,164,0.0
2025-08-07 12:54:00-04:00,SHORT,568.47,568.356306,35,z,1.5,0.15,60,2.5164127765494766,-0.004224145093885376,-2.4135075408423745,0.01,0.75,574.1547,564.2064750000001,2025-08-07 15:59:00-04:00,569.2599,569.37375198,FORCED_EOD,-27.646499999999605,0.245,7.964109299998086,8.209109299998085,-35.85560929999769,185,-7.105427357601002e-15
2025-08-08 10:23:00-04:00,SHORT,573.25,573.13535,34,z,1.5,0.15,60,1.2681310192449857,0.0017477153571289431,0.9978580831527779,0.01,0.75,578.9825,568.950625,2025-08-08 15:59:00-04:00,574.55,574.66491,FORCED_EOD,-44.199999999998454,0.23800000000000002,7.805039999999735,8.043039999999735,-52.24303999999819,336,0.0
2025-08-11 10:18:00-04:00,LONG,575.71,575.825142,34,z,1.5,0.15,60,-1.504466947595283,0.00029047200135529864,0.1669659206270353,0.01,0.75,569.9529,580.027825,2025-08-11 15:59:00-04:00,572.76,572.645448,FORCED_EOD,-100.30000000000155,0.23800000000000002,7.809595999999829,8.047595999999828,-108.34759600000137,341,0.0
2025-08-12 09:51:00-04:00,SHORT,573.78,573.665244,34,z,1.5,0.15,60,0.8748941369262144,0.003667357880150003,2.1098309884503124,0.01,0.75,579.5178,569.47665,2025-08-12 13:47:00-04:00,579.5178,579.63370356,STOP,-195.08519999999976,0.23800000000000002,7.842425039997806,8.080425039997806,-203.16562503999756,236,0.0
2025-08-12 14:40:00-04:00,SHORT,579.42,579.304116,34,z,1.5,0.15,60,1.9577882935754045,0.00394996260636005,2.2724134874389392,0.01,0.75,585.2142,575.07435,2025-08-12 15:59:00-04:00,580.02,580.136004,FORCED_EOD,-20.400000000000773,0.23800000000000002,7.884191999997029,8.122191999997028,-28.5221919999978,79,0.0
2025-08-13 09:48:00-04:00,SHORT,582.74,582.623452,34,z,1.5,0.15,60,1.231529748583622,-0.00013349615732711887,-0.07775216691209152,0.01,0.75,588.5674,578.36945,2025-08-13 15:59:00-04:00,580.35,580.4660700000001,FORCED_EOD,81.25999999999954,0.23800000000000002,7.909012000000075,8.147012000000075,73.11298799999946,371,0.0
2025-08-14 10:13:00-04:00,SHORT,579.55,579.43409,34,z,1.5,0.15,60,1.57548923895634,0.0010523907618112623,0.608323955957303,0.01,0.75,585.3454999999999,575.2033749999999,2025-08-14 15:59:00-04:00,579.86,579.975972,FORCED_EOD,-10.54000000000201,0.23800000000000002,7.883987999997544,8.121987999997543,-18.661987999999553,346,0.0
2025-08-15 09:51:00-04:00,SHORT,577.07,576.9545860000001,34,z,1.5,0.15,60,1.183675631453802,0.001592358647927841,0.9214183316233857,0.01,0.75,582.8407000000001,572.741975,2025-08-15 15:59:00-04:00,577.23,577.345446,FORCED_EOD,-5.439999999998918,0.23800000000000002,7.849240000000236,8.087240000000236,-13.527239999999153,368,0.0
2025-08-18 09:54:00-04:00,SHORT,576.3451,576.22983098,34,z,1.5,0.15,60,1.2214068602185235,-9.21919600401183e-05,-0.05321504317430481,0.01,0.75,582.108551,572.02251175,2025-08-18 15:59:00-04:00,577.1,577.21542,FORCED_EOD,-25.6666000000007,0.23800000000000002,7.843426679999993,8.081426679999993,-33.74802668000069,365,0.0
2025-08-19 10:18:00-04:00,SHORT,574.7,574.5850600000001,34,z,1.5,0.15,60,0.9625223751986818,8.332163863897929e-05,0.04800992818377381,0.01,0.75,580.447,570.38975,2025-08-19 12:39:00-04:00,570.38975,570.5038279500001,TAKE_PROFIT,146.54849999999988,0.23800000000000002,7.786610299998529,8.024610299998528,138.52388970000135,141,0.0
2025-08-19 12:49:00-04:00,SHORT,569.93,569.816014,35,z,1.5,0.15,60,1.0179265725635103,0.0009814224899507406,0.565495638709649,0.01,0.75,575.6293,565.6555249999999,2025-08-19 15:59:00-04:00,569.28,569.3938559999999,FORCED_EOD,22.749999999999204,0.245,7.974469999996359,8.219469999996358,14.530530000002846,190,-1.7763568394002505e-15
2025-08-20 09:56:00-04:00,SHORT,562.62,562.507476,35,z,1.5,0.15,60,1.17316283108238,0.0030210796528818175,1.713949119469362,0.01,0.75,568.2462,558.40035,2025-08-20 15:59:00-04:00,565.85,565.96317,FORCED_EOD,-113.05000000000064,0.245,7.899289999999155,8.144289999999154,-121.1942899999998,363,0.0
2025-08-21 09:51:00-04:00,LONG,563.91,564.022782,35,z,1.5,0.15,60,-0.8495121960630047,-0.0011915702404422298,-0.6707468040473259,0.01,0.75,558.2709,568.139325,2025-08-21 15:59:00-04:00,563.32,563.207336,FORCED_EOD,-20.649999999997135,0.245,7.890610000001175,8.135610000001174,-28.78560999999831,368,0.0
2025-08-22 10:06:00-04:00,SHORT,570.81,570.695838,35,z,1.5,0.15,60,1.288613156411696,0.0003621253628608191,0.20400694442116674,0.01,0.75,576.5180999999999,566.528925,2025-08-22 15:59:00-04:00,571.99,572.104398,FORCED_EOD,-41.30000000000223,0.245,7.999599999996576,8.244599999996575,-49.5445999999988,353,0.0
2025-08-25 09:49:00-04:00,LONG,569.97,570.083994,35,z,1.5,0.15,60,-2.123189427111371,-0.0025168170504354117,-1.435630197824139,0.01,0.75,564.2703,574.244775,2025-08-25 15:59:00-04:00,570.35,570.23593,FORCED_EOD,13.29999999999984,0.245,7.9822399999966365,8.227239999996636,5.072760000003204,370,8.881784197001252e-16
2025-08-26 09:48:00-04:00,SHORT,569.23,569.116154,35,z,1.5,0.15,60,1.165375508186042,0.00273275546482589,1.5571513914123898,0.01,0.75,574.9223000000001,564.960775,2025-08-26 15:59:00-04:00,572.65,572.7645299999999,FORCED_EOD,-119.69999999999857,0.245,7.993159999996919,8.238159999996919,-127.93815999999549,371,0.0
2025-08-27 09:47:00-04:00,SHORT,570.8,570.68584,35,z,1.5,0.15,60,1.1065609695882663,0.0016426608114869091,0.938682094116075,0.01,0.75,576.5079999999999,566.519,2025-08-27 15:59:00-04:00,573.54,573.6547079999999,FORCED_EOD,-95.90000000000032,0.245,8.010379999997213,8.255379999997212,-104.15537999999754,372,0.0
2025-08-28 09:54:00-04:00,SHORT,573.12,573.0053760000001,34,z,1.5,0.15,60,1.5146113142614803,0.006316205913747541,3.6361134204261134,0.01,0.75,578.8512,568.8216,2025-08-28 15:59:00-04:00,577.07,577.185414,FORCED_EOD,-134.30000000000155,0.23800000000000002,7.8212919999973565,8.059291999997356,-142.3592919999989,365,0.0
2025-08-29 10:17:00-04:00,LONG,569.62,569.733924,35,z,1.5,0.15,60,-1.4589878186725849,0.00014092541542981216,0.08097433445175284,0.01,0.75,563.9238,573.89215,2025-08-29 15:59:00-04:00,570.31,570.195938,FORCED_EOD,24.14999999999793,0.245,7.97950999999955,8.22450999999955,15.925489999998382,342,-1.7763568394002505e-15
2025-09-02 09:52:00-04:00,LONG,564.62,564.732924,35,z,1.5,0.15,60,-1.475817847324921,-0.002029045968433984,-1.1367730038151649,0.01,0.75,558.9738,568.85465,2025-09-02 15:59:00-04:00,565.62,565.506876,FORCED_EOD,35.0,0.245,7.911679999999706,8.156679999999705,26.843320000000293,367,3.552713678800501e-15
2025-09-03 09:53:00-04:00,LONG,569.05,569.1638099999999,35,z,1.5,0.15,60,-1.961812272172582,-0.0011220002161670545,-0.6384069029969623,0.01,0.75,563.3594999999999,573.317875,2025-09-03 15:59:00-04:00,569.99,569.876002,FORCED_EOD,32.90000000000191,0.245,7.973279999999363,8.218279999999362,24.681720000002546,366,3.552713678800501e-15
2025-09-04 09:49:00-04:00,LONG,570.26,570.374052,35,z,1.5,0.15,60,-1.3664561310931393,-0.001636016112772708,-0.9332981118534462,0.01,0.75,564.5574,574.53695,2025-09-04 15:14:00-04:00,574.53695,574.4220426100001,TAKE_PROFIT,149.69325000000197,0.245,8.01357865,8.258578649999999,141.43467135000196,325,0.0
2025-09-04 15:31:00-04:00,SHORT,574.34,574.225132,34,z,1.5,0.15,60,0.5842273677335759,0.0016646472384490695,0.9496313101180931,0.01,0.75,580.0834,570.03245,2025-09-04 15:59:00-04:00,575.27,575.385054,FORCED_EOD,-31.6199999999983,0.23800000000000002,7.817347999999583,8.055347999999583,-39.67534799999788,28,0.0
2025-09-05 10:08:00-04:00,SHORT,578.34,578.224332,34,z,1.5,0.15,60,0.7853221911367049,0.002796648404028438,1.6219442084003504,0.01,0.75,584.1234000000001,574.0024500000001,2025-09-05 10:39:00-04:00,574.0024500000001,574.1172504900001,TAKE_PROFIT,147.4766999999988,0.23800000000000002,7.835928660000718,8.073928660000718,139.40277133999808,31,0.0
2025-09-05 11:11:00-04:00,LONG,571.69,571.804338,34,z,1.5,0.15,60,-1.633853165882075,0.0006921642474180829,0.4014275769326332,0.01,0.75,565.9731,575.9776750000001,2025-09-05 15:24:00-04:00,575.9776750000001,575.8624794650001,TAKE_PROFIT,145.7809500000012,0.23800000000000002,7.804140189999089,8.042140189999088,137.73880981000212,253,0.0
2025-09-05 15:43:00-04:00,SHORT,575.48,575.364904,34,z,1.5,0.15,60,1.2895041955612971,0.0036059449419419236,2.0913038285285666,0.01,0.75,581.2348000000001,571.1639,2025-09-05 15:59:00-04:00,576.03,576.1452059999999,FORCED_EOD,-18.699999999998454,0.23800000000000002,7.830267999997886,8.068267999997886,-26.76826799999634,16,0.0
2025-09-08 10:05:00-04:00,SHORT,580.09,579.9739820000001,34,z,1.5,0.15,60,1.324378298091725,-0.0013184589661086946,-0.7626633800209675,0.01,0.75,585.8909,575.739325,2025-09-08 15:59:00-04:00,578.82,578.9357640000001,FORCED_EOD,43.17999999999938,0.23800000000000002,7.880587999998397,8.118587999998397,35.061412000000985,354,0.0
2025-09-09 09:50:00-04:00,SHORT,579.52,579.404096,34,z,1.5,0.15,60,1.78316215893052,0.000578717099782456,0.3353434106398936,0.01,0.75,585.3152,575.1736,2025-09-09 15:59:00-04:00,580.47,580.586094,FORCED_EOD,-32.300000000001546,0.23800000000000002,7.887931999999182,8.125931999999182,-40.42593200000073,369,0.0
2025-09-10 09:50:00-04:00,SHORT,582.38,582.263524,34,z,1.5,0.15,60,1.6144161032069535,0.004778316064216066,2.78284349263879,0.01,0.75,588.2038,578.01215,2025-09-10 15:59:00-04:00,580.7,580.81614,FORCED_EOD,57.1199999999983,0.23800000000000002,7.908944000000247,8.146944000000246,48.97305599999805,369,0.0
2025-09-11 10:18:00-04:00,SHORT,583.17,583.053366,34,z,1.5,0.15,60,1.3444038598311658,0.002260294289639547,1.3184843582686199,0.01,0.75,589.0016999999999,578.7962249999999,2025-09-11 15:59:00-04:00,584.09,584.206818,FORCED_EOD,-31.280000000002474,0.23800000000000002,7.9373679999980595,8.175367999998059,-39.45536800000053,341,0.0
2025-09-12 09:49:00-04:00,LONG,584.6,584.71692,34,z,1.5,0.15,60,-1.2909968989546488,-0.0009434670784171986,-0.5521074996189554,0.01,0.75,578.754,588.9845,2025-09-12 15:59:00-04:00,586.66,586.5426679999999,FORCED_EOD,70.03999999999814,0.23800000000000002,7.9645679999989625,8.202567999998962,61.83743199999918,370,0.0
2025-09-15 09:48:00-04:00,SHORT,589.36,589.242128,33,z,1.5,0.15,60,1.6681545412456715,0.0015041256636076318,0.8855088606791242,0.01,0.75,595.2536,584.9398,2025-09-15 15:59:00-04:00,591.7,591.81834,FORCED_EOD,-77.22000000000105,0.231,7.794996000000765,8.025996000000765,-85.24599600000181,371,0.0
2025-09-16 09:52:00-04:00,LONG,591.225,591.343245,33,z,1.5,0.15,60,-1.7546842881345435,-0.0018506392909489772,-1.0965222862802193,0.01,0.75,585.31275,595.6591875,2025-09-16 15:59:00-04:00,591.17,591.0517659999999,FORCED_EOD,-1.815000000002101,0.231,7.803807000001029,8.03480700000103,-9.84980700000313,367,0.0
2025-09-17 10:58:00-04:00,LONG,588.75,588.86775,33,z,1.5,0.15,60,-1.4466030938677539,0.0038906432297513976,2.3007318739134917,0.01,0.75,582.8625,593.165625,2025-09-17 15:59:00-04:00,589.93,589.812014,FORCED_EOD,38.93999999999835,0.231,7.7792879999991555,8.010287999999155,30.929711999999192,301,0.0
2025-09-18 10:39:00-04:00,LONG,597.04,597.159408,33,z,1.5,0.15,60,-1.8038413656222625,0.0030415223502215623,1.807789639301177,0.01,0.75,591.0695999999999,601.5178,2025-09-18 15:59:00-04:00,595.38,595.260924,FORCED_EOD,-54.77999999999895,0.231,7.869971999999052,8.100971999999052,-62.880971999998,320,0.0
2025-09-19 10:10:00-04:00,LONG,597.73,597.849546,33,z,1.5,0.15,60,-1.8435608834015464,-0.001960085157502521,-1.170798066279417,0.01,0.75,591.7527,602.212975,2025-09-19 15:59:00-04:00,599.45,599.3301100000001,FORCED_EOD,56.7600000000009,0.231,7.901387999998519,8.13238799999852,48.62761200000238,349,0.0
2025-09-22 10:04:00-04:00,SHORT,599.43,599.310114,33,z,1.5,0.15,60,0.5590493885795028,0.0005412215378297793,0.3236991895606707,0.01,0.75,605.4242999999999,594.934275,2025-09-22 15:59:00-04:00,602.24,602.360448,FORCED_EOD,-92.73000000000195,0.231,7.931021999998734,8.162021999998734,-100.89202200000068,355,0.0
2025-09-23 10:48:00-04:00,SHORT,600.92,600.799816,33,z,1.5,0.15,60,1.7090164356835695,0.006067546247671623,3.6539382393195865,0.01,0.75,606.9291999999999,596.4131,2025-09-23 15:59:00-04:00,598.14,598.259628,FORCED_EOD,91.7399999999991,0.231,7.913796000000957,8.144796000000957,83.59520399999815,311,0.0
2025-09-24 10:43:00-04:00,SHORT,597.43,597.310514,33,z,1.5,0.15,60,0.5766776919012896,0.004557299704547573,2.7305972639737774,0.01,0.75,603.4042999999999,592.949275,2025-09-24 15:59:00-04:00,596.06,596.1792119999999,FORCED_EOD,45.21000000000015,0.231,7.877033999996229,8.108033999996229,37.10196600000392,316,0.0
2025-09-25 09:49:00-04:00,LONG,590.15,590.26803,33,z,1.5,0.15,60,-0.8863548168478134,-0.0021372961693736786,-1.2639114627207846,0.01,0.75,584.2484999999999,594.5761249999999,2025-09-25 11:40:00-04:00,594.5761249999999,594.4572097749999,TAKE_PROFIT,146.06212499999856,0.231,7.819192424999983,8.050192424999983,138.01193257499858,111,0.0
2025-09-25 12:33:00-04:00,SHORT,594.43,594.311114,33,z,1.5,0.15,60,1.3855880075618434,-0.002695130031107232,-1.5937920951955675,0.01,0.75,600.3743,589.971775,2025-09-25 14:02:00-04:00,589.971775,590.0897693549999,TAKE_PROFIT,147.12142499999902,0.231,7.817051714997547,8.048051714997547,139.07337328500148,89,0.0
2025-09-25 14:19:00-04:00,SHORT,591.8456,591.72723088,33,z,1.5,0.15,60,2.5802068900861554,-0.0016051030275992472,-0.949193726401063,0.01,0.75,597.764056,587.406758,2025-09-25 15:59:00-04:00,593.55,593.6687099999999,FORCED_EOD,-56.24519999999882,0.231,7.8236109599992005,8.0546109599992,-64.29981095999801,100,0.0
2025-09-26 10:13:00-04:00,SHORT,593.43,593.3113139999999,33,z,1.5,0.15,60,1.4203802422929297,-0.00035536268503750016,-0.21080292157762415,0.01,0.75,599.3643,588.9792749999999,2025-09-26 15:59:00-04:00,596.05,596.1692099999999,FORCED_EOD,-86.46000000000015,0.231,7.850567999999271,8.08156799999927,-94.54156799999942,346,0.0
2025-09-29 09:55:00-04:00,LONG,601.49,601.610298,33,z,1.5,0.15,60,-1.1653438946873722,-0.002242459588851305,-1.3437266348314552,0.01,0.75,595.4751,606.001175,2025-09-29 15:59:00-04:00,598.75,598.63025,FORCED_EOD,-90.4200000000003,0.231,7.921583999996301,8.1525839999963,-98.5725839999966,364,0.0
2025-09-30 09:50:00-04:00,LONG,597.47,597.5894940000001,33,z,1.5,0.15,60,-1.5136206649288473,-0.0007475229778541662,-0.44710769599112155,0.01,0.75,591.4953,601.9510250000001,2025-09-30 15:59:00-04:00,600.33,600.2099340000001,FORCED_EOD,94.38000000000045,0.231,7.905479999999443,8.136479999999443,86.24352000000101,369,0.0
2025-10-01 09:51:00-04:00,SHORT,596.95,596.8306100000001,33,z,1.5,0.15,60,1.6262451448990336,0.0018709608559302144,1.1165333099934287,0.01,0.75,602.9195000000001,592.472875,2025-10-01 14:00:00-04:00,602.9195000000001,603.0400839000001,STOP,-196.9935000000013,0.231,7.9191386999998485,8.150138699999848,-205.14363870000113,249,0.0
2025-10-01 15:18:00-04:00,SHORT,603.54,603.4192919999999,33,z,1.5,0.15,60,2.4479911973834168,0.001540172238007273,0.9191285864756082,0.01,0.75,609.5754,599.0134499999999,2025-10-01 15:59:00-04:00,603.27,603.3906539999999,FORCED_EOD,8.9099999999994,0.231,7.964945999999372,8.195945999999372,0.7140540000000274,41,1.1102230246251565e-16
2025-10-02 10:09:00-04:00,LONG,604.85,604.97097,33,z,1.5,0.15,60,-1.3391100979771944,-0.0015262392480480808,-0.9256641039411306,0.01,0.75,598.8015,609.386375,2025-10-02 15:59:00-04:00,605.7,605.5788600000001,FORCED_EOD,28.05000000000075,0.231,7.989629999997078,8.220629999997078,19.82937000000367,350,0.0
2025-10-03 09:54:00-04:00,LONG,607.08,607.201416,32,z,1.5,0.15,60,-1.6245979223582456,-0.004153343173375379,-2.518504233471276,0.01,0.75,601.0092000000001,611.6331,2025-10-03 15:59:00-04:00,603.155,603.034369,FORCED_EOD,-125.60000000000218,0.224,7.745503999998618,7.969503999998619,-133.5695040000008,365,0.0
2025-10-06 09:51:00-04:00,LONG,606.84,606.961368,32,z,1.5,0.15,60,-2.308468954560716,-0.0011835449875853706,-0.719678200601038,0.01,0.75,600.7716,611.3913,2025-10-06 15:59:00-04:00,607.71,607.5884580000001,FORCED_EOD,27.840000000000146,0.224,7.773119999998016,7.9971199999980165,19.84288000000213,368,0.0
2025-10-07 09:47:00-04:00,SHORT,609.12,608.9981760000001,32,z,1.5,0.15,60,1.5415017830338795,0.0014331884809691802,0.87265413417731,0.01,0.75,615.2112,604.5516,2025-10-07 11:32:00-04:00,604.5516,604.67251032,TAKE_PROFIT,146.1887999999999,0.224,7.767498239998531,7.991498239998531,138.19730176000138,105,0.0
2025-10-07 11:36:00-04:00,LONG,604.62,604.740924,33,z,1.5,0.15,60,-1.961446132581425,-0.002890590277433781,-1.7600515140265998,0.01,0.75,598.5738,609.1546500000001,2025-10-07 15:59:00-04:00,604.47,604.349106,FORCED_EOD,-4.94999999999925,0.231,7.9799939999988965,8.210993999998896,-13.160993999998146,263,0.0
2025-10-08 10:55:00-04:00,LONG,607.81,607.931562,32,z,1.5,0.15,60,-0.5126508045372777,0.0010877940692322428,0.6588442339118501,0.01,0.75,601.7319,612.368575,2025-10-08 15:59:00-04:00,611.45,611.32771,FORCED_EOD,116.4800000000032,0.224,7.8032640000019455,8.027264000001946,108.45273600000125,304,0.0
2025-10-09 09:55:00-04:00,LONG,610.01,610.1320019999999,32,z,1.5,0.15,60,-1.2102767776717216,0.0007311337794616802,0.446927456709318,0.01,0.75,603.9099,614.585075,2025-10-09 15:59:00-04:00,610.7,610.5778600000001,FORCED_EOD,22.080000000001746,0.224,7.812543999996706,8.036543999996706,14.04345600000504,364,0.0
2025-10-10 09:47:00-04:00,LONG,612.89,613.012578,32,z,1.5,0.15,60,-0.8964896763238743,-0.00027998874363095814,-0.171204717068008,0.01,0.75,606.7610999999999,617.486675,2025-10-10 11:00:00-04:00,606.7610999999999,606.63974778,STOP,-196.12480000000141,0.224,7.8057670399975905,8.02976703999759,-204.154567039999,73,0.0
2025-10-10 11:02:00-04:00,SHORT,605.71,605.5888580000001,33,z,1.5,0.15,60,1.3039968229098398,-0.001646673110659593,-1.0068912069749558,0.01,0.75,611.7671,601.167175,2025-10-10 11:21:00-04:00,601.167175,601.287408435,TAKE_PROFIT,149.91322499999978,0.231,7.965389354996546,8.196389354996546,141.71683564500324,19,0.0
2025-10-10 11:30:00-04:00,SHORT,599.5,599.3801,33,z,1.5,0.15,60,1.3468244887624947,8.759956168454333e-05,0.053564503983238865,0.01,0.75,605.495,595.00375,2025-10-10 13:02:00-04:00,595.00375,595.1227507499999,TAKE_PROFIT,148.37625000000105,0.231,7.883724749999033,8.114724749999032,140.26152525000202,92,0.0
2025-10-10 13:36:00-04:00,SHORT,597.63,597.510474,33,z,1.5,0.15,60,1.5916003807227923,0.0004975001362597722,0.3042064083188052,0.01,0.75,603.6063,593.147775,2025-10-10 15:24:00-04:00,593.147775,593.266404555,TAKE_PROFIT,147.91342499999905,0.231,7.859133314997848,8.090133314997848,139.8232916850012,108,0.0
2025-10-10 15:28:00-04:00,LONG,592.83,592.948566,33,z,1.5,0.15,60,-1.2676303038424526,-0.0007474328591662895,-0.45703277039444856,0.01,0.75,586.9017,597.2762250000001,2025-10-10 15:59:00-04:00,589.485,589.367103,FORCED_EOD,-110.3850000000009,0.231,7.803278999998611,8.03427899999861,-118.4192789999995,31,0.0
2025-10-13 09:49:00-04:00,SHORT,599.26,599.140148,33,z,1.5,0.15,60,0.630123222072155,0.0011327722180872967,0.6791762387986182,0.01,0.75,605.2526,594.76555,2025-10-13 15:59:00-04:00,602.04,602.160408,FORCED_EOD,-91.7399999999991,0.231,7.928580000001148,8.159580000001148,-99.89958000000024,370,0.0
2025-10-14 10:14:00-04:00,SHORT,594.79,594.6710419999999,33,z,1.5,0.15,60,1.1106472413688695,0.001528763670338292,0.9088347143793953,0.01,0.75,600.7379,590.329075,2025-10-14 12:21:00-04:00,600.7379,600.85804758,STOP,-196.28070000000014,0.231,7.890484140000012,8.121484140000012,-204.40218414000014,127,0.0
2025-10-14 12:33:00-04:00,SHORT,601.1252,601.0049749599999,33,z,1.5,0.15,60,1.5851550540058423,0.0040612289429591,2.41435999429973,0.01,0.75,607.136452,596.616761,2025-10-14 15:45:00-04:00,596.616761,596.7360843522,TAKE_PROFIT,148.77848699999845,0.231,7.905096942601631,8.13609694260163,140.64239005739682,192,0.0
2025-10-14 15:51:00-04:00,LONG,597.03,597.149406,33,z,1.5,0.15,60,-1.577591442170476,0.005029486989952965,2.989979720657061,0.01,0.75,591.0597,601.5077249999999,2025-10-14 15:59:00-04:00,598.05,597.93039,FORCED_EOD,33.6599999999994,0.231,7.887527999999747,8.118527999999747,25.54147199999965,8,0.0
2025-10-15 09:57:00-04:00,SHORT,603.98,603.859204,33,z,1.5,0.15,60,1.3789652693090493,0.0020493263758372933,1.2365803396564843,0.01,0.75,610.0198,599.45015,2025-10-15 13:08:00-04:00,599.45015,599.57004003,TAKE_PROFIT,149.48505000000034,0.231,7.942638990000205,8.173638990000205,141.31141101000014,191,0.0
2025-10-15 13:47:00-04:00,SHORT,600.315,600.1949370000001,33,z,1.5,0.15,60,1.4297760905987322,0.005721735381755503,3.45254204758146,0.01,0.75,606.3181500000001,595.8126375,2025-10-15 15:59:00-04:00,602.16,602.2804319999999,FORCED_EOD,-60.88499999999715,0.231,7.936334999996575,8.167334999996575,-69.05233499999372,132,0.0
2025-10-16 10:36:00-04:00,LONG,606.9158,607.0371831599999,32,z,1.5,0.15,60,-0.9282609871654197,-0.0023686491632217577,-1.434738171146705,0.01,0.75,600.846642,611.4676685,2025-10-16 12:30:00-04:00,600.846642,600.7264726715999,STOP,-194.2130560000005,0.224,7.729679628799204,7.953679628799204,-202.1667356287997,114,0.0
2025-10-16 12:41:00-04:00,LONG,598.57,598.689714,33,z,1.5,0.15,60,-1.1353415605634027,-0.005103723717770658,-3.091427530328019,0.01,0.75,592.5843000000001,603.0592750000001,2025-10-16 13:18:00-04:00,603.0592750000001,602.9386631450001,TAKE_PROFIT,148.14607500000068,0.231,7.93075321499748,8.16175321499748,139.9843217850032,37,0.0
2025-10-16 13:20:00-04:00,SHORT,602.45,602.32951,33,z,1.5,0.15,60,1.8716787931738654,-0.003913189801356647,-2.3702973264777256,0.01,0.75,608.4745,597.931625,2025-10-16 14:11:00-04:00,597.931625,598.051211325,TAKE_PROFIT,149.10637499999973,0.231,7.9225187250006,8.1535187250006,140.95285627499914,51,0.0
2025-10-16 14:20:00-04:00,LONG,596.16,596.279232,33,z,1.5,0.15,60,-2.51450493144097,-0.005591689016377041,-3.3869978709999486,0.01,0.75,590.1984,600.6311999999999,2025-10-16 15:59:00-04:00,599.97,599.850006,FORCED_EOD,125.73000000000195,0.231,7.894458000001009,8.125458000001009,117.60454200000095,99,0.0
2025-10-17 09:52:00-04:00,LONG,599.45,599.56989,33,z,1.5,0.15,60,-0.7490773648881404,-6.333250095161931e-05,-0.0378228028932881,0.01,0.75,593.4555,603.945875,2025-10-17 14:18:00-04:00,603.945875,603.825085825,TAKE_PROFIT,148.36387499999853,0.231,7.942412774998957,8.173412774998956,140.19046222499958,266,0.0
2025-10-17 14:25:00-04:00,LONG,604.58,604.700916,33,z,1.5,0.15,60,-1.4087946388088988,-0.0011532332566623303,-0.6887224332114101,0.01,0.75,598.5342,609.1143500000001,2025-10-17 15:59:00-04:00,603.88,603.759224,FORCED_EOD,-23.1000000000015,0.231,7.975835999998139,8.20683599999814,-31.30683599999964,94,0.0
2025-10-20 10:17:00-04:00,LONG,610.01,610.1320019999999,32,z,1.5,0.15,60,-1.3704482134774745,-0.00026154237567214836,-0.15914330474902272,0.01,0.75,603.9099,614.585075,2025-10-20 15:59:00-04:00,611.55,611.42769,FORCED_EOD,49.279999999998836,0.224,7.817983999997523,8.041983999997523,41.238016000001316,342,0.0
2025-10-21 09:54:00-04:00,LONG,610.68,610.8021359999999,32,z,1.5,0.15,60,-1.2248198390224094,-0.0032434073137940157,-1.9827273249953805,0.01,0.75,604.5731999999999,615.2601,2025-10-21 15:59:00-04:00,611.41,611.2877179999999,FORCED_EOD,23.360000000000582,0.224,7.821375999999873,8.045375999999873,15.314624000000709,365,0.0
2025-10-22 09:53:00-04:00,LONG,611.0,611.1222,32,z,1.5,0.15,60,-0.9511050202663687,-0.0009006067736697558,-0.5490729317031082,0.01,0.75,604.89,615.5825,2025-10-22 11:30:00-04:00,604.89,604.769022,STOP,-195.52000000000044,0.224,7.78169600000183,8.00569600000183,-203.52569600000226,97,0.0
2025-10-22 12:01:00-04:00,LONG,606.56,606.6813119999999,32,z,1.5,0.15,60,-1.5161634060758764,-0.0024704046949951706,-1.5061316303977037,0.01,0.75,600.4943999999999,611.1092,2025-10-22 13:41:00-04:00,600.4943999999999,600.3743011199999,STOP,-194.09920000000056,0.224,7.725148159999662,7.9491481599996625,-202.04834816000022,100,0.0
2025-10-22 13:54:00-04:00,SHORT,600.42,600.2999159999999,33,z,1.5,0.15,60,1.5715444163429708,-0.0008736140429281246,-0.5326162735519802,0.01,0.75,606.4241999999999,595.91685,2025-10-22 15:59:00-04:00,605.38,605.501076,FORCED_EOD,-163.6800000000012,0.231,7.958280000001196,8.189280000001196,-171.8692800000024,125,0.0
2025-10-23 11:01:00-04:00,LONG,609.14,609.2618279999999,32,z,1.5,0.15,60,-1.4148271120871814,0.0019652632779545666,1.1891611568574945,0.01,0.75,603.0486,613.70855,2025-10-23 15:59:00-04:00,610.6,610.47788,FORCED_EOD,46.720000000001164,0.224,7.8063359999978275,8.030335999997828,38.68966400000334,298,0.0
2025-10-24 09:47:00-04:00,LONG,617.19,617.313438,32,z,1.5,0.15,60,-1.8052065577566343,-0.0016741741047476694,-1.0300691014281256,0.01,0.75,611.0181,621.818925,2025-10-24 15:59:00-04:00,617.02,616.896596,FORCED_EOD,-5.440000000002328,0.224,7.898943999996845,8.122943999996846,-13.562943999999174,372,0.0
2025-10-27 09:52:00-04:00,LONG,624.85,624.97497,32,z,1.5,0.15,60,-1.8875908122080403,-0.001037340157115323,-0.6485761864332744,0.01,0.75,618.6015,629.536375,2025-10-27 15:59:00-04:00,628.08,627.954384,FORCED_EOD,103.36000000000058,0.224,8.01875199999995,8.24275199999995,95.11724800000063,367,0.0
2025-10-28 10:19:00-04:00,SHORT,630.62,630.493876,31,z,1.5,0.15,60,1.5057105325264843,0.005170173131864511,3.2612935098488833,0.01,0.75,636.9262,625.89035,2025-10-28 15:59:00-04:00,632.89,633.016578,FORCED_EOD,-70.36999999999944,0.217,7.833761999999979,8.05076199999998,-78.42076199999941,340,0.0
2025-10-29 09:50:00-04:00,SHORT,635.97,635.842806,31,z,1.5,0.15,60,1.2759416858480077,-0.0004897913037953472,-0.3113407401706354,0.01,0.75,642.3297,631.200225,2025-10-29 14:39:00-04:00,631.200225,631.3264650450001,TAKE_PROFIT,147.86302499999942,0.217,7.8564553950019445,8.073455395001945,139.78956960499747,289,0.0
2025-10-29 15:07:00-04:00,SHORT,633.58,633.453284,31,z,1.5,0.15,60,2.1913793304590765,0.0034174347420069936,2.172326568104154,0.01,0.75,639.9158,628.82815,2025-10-29 15:59:00-04:00,635.87,635.997174,FORCED_EOD,-70.98999999999887,0.217,7.870589999998629,8.08758999999863,-79.0775899999975,52,0.0
2025-10-30 09:52:00-04:00,SHORT,631.56,631.433688,31,z,1.5,0.15,60,1.7581331945433984,0.0039157782995172625,2.4717567360044086,0.01,0.75,637.8756,626.8232999999999,2025-10-30 15:21:00-04:00,626.8232999999999,626.9486646599998,TAKE_PROFIT,146.8377000000013,0.217,7.801976459997832,8.018976459997832,138.81872354000345,329,0.0
2025-10-30 15:28:00-04:00,LONG,627.43,627.555486,31,z,1.5,0.15,60,-1.7728817300886421,0.0038729742712084857,2.444737549214892,0.01,0.75,621.1556999999999,632.135725,2025-10-30 15:59:00-04:00,626.01,625.884798,FORCED_EOD,-44.01999999999873,0.217,7.771327999999016,7.988327999999016,-52.008327999997746,31,0.0
2025-10-31 10:03:00-04:00,SHORT,631.8905,631.7641219,31,z,1.5,0.15,60,1.5496490475148494,0.009865307560145049,6.251744053939433,0.01,0.75,638.209405,627.15132125,2025-10-31 13:06:00-04:00,627.15132125,627.27675151425,TAKE_PROFIT,146.91454124999848,0.217,7.806059291749875,8.023059291749876,138.8914819582486,183,0.0
2025-10-31 13:26:00-04:00,SHORT,627.29,627.164542,31,z,1.5,0.15,60,1.3355437478189212,0.008448010240635441,5.353588569593057,0.01,0.75,633.5629,622.585325,2025-10-31 15:59:00-04:00,629.19,629.315838,FORCED_EOD,-58.90000000000282,0.217,7.7901759999972455,8.007175999997246,-66.90717600000006,153,0.0
2025-11-03 09:52:00-05:00,SHORT,632.9,632.77342,31,z,1.5,0.15,60,1.3176467147120081,0.0002778074687956071,0.17652358839973203,0.01,0.75,639.2289999999999,628.15325,2025-11-03 15:59:00-05:00,632.11,632.236422,FORCED_EOD,24.489999999998872,0.217,7.843061999997644,8.060061999997645,16.42993800000123,367,0.0
2025-11-04 09:47:00-05:00,LONG,623.75,623.87475,32,z,1.5,0.15,60,-1.1929408920627738,-0.0014358182534927517,-0.894488927197358,0.01,0.75,617.5125,628.428125,2025-11-04 15:59:00-05:00,619.24,619.116152,FORCED_EOD,-144.3199999999997,0.224,7.955135999996855,8.179135999996856,-152.49913599999655,372,0.0
2025-11-05 10:10:00-05:00,SHORT,621.84,621.715632,32,z,1.5,0.15,60,1.25424956097159,0.0028545855477758284,1.7675308253272988,0.01,0.75,628.0584,617.1762,2025-11-05 15:59:00-05:00,623.29,623.4146579999999,FORCED_EOD,-46.39999999999782,0.224,7.968831999998656,8.192831999998656,-54.59283199999647,349,0.0
2025-11-06 09:52:00-05:00,SHORT,619.25,619.12615,32,z,1.5,0.15,60,1.5217685992306265,0.0007451501579938975,0.46293198715534345,0.01,0.75,625.4425,614.605625,2025-11-06 10:37:00-05:00,614.605625,614.728546125,TAKE_PROFIT,148.61999999999898,0.224,7.89667599999666,8.12067599999666,140.49932400000233,45,0.0
2025-11-06 11:07:00-05:00,SHORT,613.87,613.7472260000001,32,z,1.5,0.15,60,1.5480764819509385,-0.0013939843099219085,-0.866026692381979,0.01,0.75,620.0087,609.265975,2025-11-06 15:59:00-05:00,611.7,611.82234,FORCED_EOD,69.43999999999869,0.224,7.843647999998211,8.067647999998211,61.37235200000048,292,-7.105427357601002e-15
2025-11-07 10:25:00-05:00,LONG,604.69,604.8109380000001,33,z,1.5,0.15,60,-2.3151199676358285,-0.0029649765131871493,-1.799177397967128,0.01,0.75,598.6431,609.225175,2025-11-07 15:55:00-05:00,609.225175,609.1033299650001,TAKE_PROFIT,149.66077499999938,0.231,8.011840155000073,8.242840155000072,141.4179348449993,330,0.0
2025-11-10 09:55:00-05:00,LONG,620.72,620.844144,32,z,1.5,0.15,60,-1.322652082927118,-0.0036392853673170187,-2.254500892199303,0.01,0.75,614.5128,625.3754,2025-11-10 15:59:00-05:00,623.18,623.0553639999999,FORCED_EOD,78.71999999999753,0.224,7.960960000000341,8.184960000000341,70.53503999999718,364,0.0
2025-11-11 09:50:00-05:00,LONG,620.04,620.164008,32,z,1.5,0.15,60,-1.4708538845710295,-0.003680031592917404,-2.2850788173060437,0.01,0.75,613.8396,624.6903,2025-11-11 15:59:00-05:00,621.52,621.395696,FORCED_EOD,47.36000000000058,0.224,7.945983999998134,8.169983999998134,39.19001600000245,369,0.0
2025-11-12 10:16:00-05:00,SHORT,620.15,620.02597,32,z,1.5,0.15,60,1.5065782003198316,0.0032777568625054123,2.0446647308308457,0.01,0.75,626.3515,615.498875,2025-11-12 15:59:00-05:00,621.04,621.1642079999999,FORCED_EOD,-28.479999999999563,0.224,7.943615999996837,8.167615999996837,-36.6476159999964,343,-7.105427357601002e-15
2025-11-13 09:51:00-05:00,SHORT,614.27,614.147146,32,z,1.5,0.15,60,0.9120191652630748,0.0016102551009973976,0.9936401151724112,0.01,0.75,620.4127,609.662975,2025-11-13 12:46:00-05:00,609.662975,609.7849075949999,TAKE_PROFIT,147.4248000000007,0.224,7.833171039997978,8.057171039997979,139.36762896000272,175,0.0
2025-11-13 12:57:00-05:00,SHORT,609.79,609.668042,32,z,1.5,0.15,60,1.763895673738222,0.0014238387243491052,0.8786081616341335,0.01,0.75,615.8879,605.2165749999999,2025-11-13 15:59:00-05:00,608.41,608.5316819999999,FORCED_EOD,44.159999999999854,0.224,7.796479999997246,8.020479999997246,36.13952000000261,182,0.0
2025-11-14 10:06:00-05:00,LONG,604.5,604.6209,33,z,1.5,0.15,60,-1.2995284139864471,-0.0018277575035867827,-1.0947170791981762,0.01,0.75,598.455,609.03375,2025-11-14 10:45:00-05:00,609.03375,608.91194325,TAKE_PROFIT,149.6137500000018,0.231,8.00932275000082,8.24032275000082,141.373427250001,39,0.0
2025-11-14 10:56:00-05:00,SHORT,609.1,608.9781800000001,32,z,1.5,0.15,60,1.4891532882142862,-0.001232212206965476,-0.7380211792399223,0.01,0.75,615.191,604.53175,2025-11-14 15:59:00-05:00,608.82,608.941764,FORCED_EOD,8.959999999999127,0.224,7.794687999998132,8.018687999998132,0.9413120000009949,303,-2.220446049250313e-16
2025-11-17 09:56:00-05:00,SHORT,612.11,611.987578,32,z,1.5,0.15,60,0.8414279343475715,0.002869610328903014,1.7376638385638898,0.01,0.75,618.2311,607.519175,2025-11-17 11:01:00-05:00,607.519175,607.640678835,TAKE_PROFIT,146.90639999999985,0.224,7.805626720000873,8.029626720000874,138.876773279999,65,0.0
2025-11-17 11:15:00-05:00,LONG,606.07,606.1912140000001,32,z,1.5,0.15,60,-1.9874314403589586,0.0029060401570880816,1.759723556723202,0.01,0.75,600.0093,610.615525,2025-11-17 11:50:00-05:00,610.615525,610.493401895,TAKE_PROFIT,145.45679999999993,0.224,7.786787360000744,8.010787360000744,137.4460126399992,35,0.0
2025-11-17 12:18:00-05:00,LONG,610.05,610.1720099999999,32,z,1.5,0.15,60,-1.8323576591616575,0.0012976108067124454,0.7857552478967591,0.01,0.75,603.9495,614.625375,2025-11-17 13:58:00-05:00,603.9495,603.8287101,STOP,-195.21600000000035,0.224,7.769596799997089,7.993596799997089,-203.20959679999743,100,0.0
2025-11-17 14:19:00-05:00,LONG,602.93,603.050586,33,z,1.5,0.15,60,-1.964841147719704,-0.0014250186454755824,-0.8629057905812942,0.01,0.75,596.9006999999999,607.451975,2025-11-17 15:59:00-05:00,603.65,603.52927,FORCED_EOD,23.7600000000009,0.231,7.963427999999453,8.194427999999453,15.565572000001447,100,-1.7763568394002505e-15
2025-11-18 09:48:00-05:00,SHORT,597.39,597.270522,33,z,1.5,0.15,60,1.5427342452868864,0.0035508578433649293,2.130550214597406,0.01,0.75,603.3639,592.909575,2025-11-18 10:04:00-05:00,592.909575,593.028156915,TAKE_PROFIT,147.85402499999896,0.231,7.8559771949965125,8.086977194996512,139.76704780500245,16,0.0
2025-11-18 10:43:00-05:00,SHORT,593.93,593.811214,33,z,1.5,0.15,60,1.202437141830006,0.004385658999720538,2.631439256422368,0.01,0.75,599.8693,589.475525,2025-11-18 12:43:00-05:00,599.8693,599.9892738599999,STOP,-195.9969000000001,0.231,7.879075379998653,8.110075379998653,-204.10697537999874,120,0.0
2025-11-18 12:59:00-05:00,SHORT,600.96,600.8398080000001,33,z,1.5,0.15,60,1.5959059517498737,0.008530826501857842,5.118581209379727,0.01,0.75,606.9696,596.4528,2025-11-18 15:59:00-05:00,596.4528,596.57209056,TAKE_PROFIT,148.73760000000038,0.231,7.9029244799980916,8.133924479998091,140.6036755200023,180,0.0
2025-11-19 09:47:00-05:00,LONG,600.16,600.280032,33,z,1.5,0.15,60,-1.0665106427362216,0.00019784930059624489,0.11808835333874868,0.01,0.75,594.1583999999999,604.6612,2025-11-19 10:03:00-05:00,604.6612,604.54026776,TAKE_PROFIT,148.53960000000131,0.231,7.951819920001299,8.182819920001299,140.35678008000002,16,0.0
2025-11-19 10:06:00-05:00,SHORT,604.75,604.62905,33,z,1.5,0.15,60,1.3870370125529012,0.002891853139523559,1.726031754041287,0.01,0.75,610.7975,600.214375,2025-11-19 11:06:00-05:00,600.214375,600.334417875,TAKE_PROFIT,149.6756249999994,0.231,7.9527648749987065,8.183764874998706,141.4918601250007,60,0.0
2025-11-19 11:28:00-05:00,LONG,599.3,599.41986,33,z,1.5,0.15,60,-1.7373909926619289,-5.536927594083571e-05,-0.03304771157502273,0.01,0.75,593.3069999999999,603.7947499999999,2025-11-19 15:59:00-05:00,599.76,599.640048,FORCED_EOD,15.1800000000012,0.231,7.913796000000957,8.144796000000957,7.035204000000244,271,0.0
2025-11-20 10:45:00-05:00,SHORT,613.71,613.587258,32,z,1.5,0.15,60,1.751952506001559,0.0032071587756176433,1.959092938086087,0.01,0.75,619.8471000000001,609.107175,2025-11-20 11:04:00-05:00,609.107175,609.228996435,TAKE_PROFIT,147.29040000000168,0.224,7.8260299200010195,8.05002992000102,139.24037008000067,19,0.0
2025-11-20 11:12:00-05:00,SHORT,608.09,607.968382,32,z,1.5,0.15,60,0.9432784657897699,0.003252888789388509,1.9870271169979787,0.01,0.75,614.1709000000001,603.5293250000001,2025-11-20 11:31:00-05:00,603.5293250000001,603.6500308650001,TAKE_PROFIT,145.9415999999983,0.224,7.754363680000097,7.978363680000097,137.9632363199982,19,0.0
2025-11-20 11:33:00-05:00,LONG,603.54,603.660708,33,z,1.5,0.15,60,-1.73780667995376,0.002077064937065564,1.2687751168065233,0.01,0.75,597.5046,608.06655,2025-11-20 11:55:00-05:00,597.5046,597.38509908,STOP,-199.1681999999994,0.231,7.926894359999551,8.15789435999955,-207.32609435999893,22,0.0
2025-11-20 11:58:00-05:00,LONG,596.82,596.9393640000001,33,z,1.5,0.15,60,-1.2588142197681158,0.0015219393888471384,0.9296766756772286,0.01,0.75,590.8518,601.29615,2025-11-20 12:35:00-05:00,590.8518,590.73362964,STOP,-196.9506000000008,0.231,7.838633880001339,8.069633880001339,-205.02023388000214,37,0.0
2025-11-20 13:00:00-05:00,SHORT,591.94,591.8216120000001,33,z,1.5,0.15,60,1.4500842584922278,0.0014888702758434971,0.9094764079990227,0.01,0.75,597.8594,587.50045,2025-11-20 14:08:00-05:00,587.50045,587.61795009,TAKE_PROFIT,146.50515000000178,0.231,7.784306970000102,8.015306970000102,138.48984303000168,68,0.0
2025-11-20 14:09:00-05:00,LONG,587.85,587.96757,34,z,1.5,0.15,60,-1.3840685216746778,0.00030150441398871936,0.18417397128496305,0.01,0.75,581.9715,592.258875,2025-11-20 15:59:00-05:00,585.6728,585.5556654400001,FORCED_EOD,-74.024799999999,0.23800000000000002,7.979955039998458,8.217955039998458,-82.24275503999746,110,0.0
2025-11-21 10:15:00-05:00,LONG,585.02,585.1370039999999,34,z,1.5,0.15,60,-1.354867863313089,0.0005924370488667808,0.348690673851479,0.01,0.75,579.1698,589.40765,2025-11-21 11:53:00-05:00,589.40765,589.28976847,TAKE_PROFIT,149.18010000000027,0.23800000000000002,7.986108019997573,8.224108019997573,140.9559919800027,98,0.0
2025-11-21 12:00:00-05:00,SHORT,591.59,591.4716820000001,33,z,1.5,0.15,60,2.4174978998618992,0.0014326070968766333,0.8431895590085787,0.01,0.75,597.5059,587.1530750000001,2025-11-21 15:59:00-05:00,590.16,590.2780319999999,FORCED_EOD,47.1900000000021,0.231,7.799549999996771,8.03054999999677,39.15945000000533,239,0.0
2025-11-24 09:48:00-05:00,SHORT,599.04,598.9201919999999,33,z,1.5,0.15,60,1.949880652221114,0.00465423716853711,2.7729945050144806,0.01,0.75,605.0304,594.5472,2025-11-24 12:40:00-05:00,605.0304,605.15140608,STOP,-197.68320000000074,0.231,7.946864640002104,8.177864640002104,-205.86106464000284,172,0.0
2025-11-24 12:50:00-05:00,SHORT,605.16,605.038968,33,z,1.5,0.15,60,1.0865831102789776,0.004471907091620942,2.6643622451878173,0.01,0.75,611.2116,600.6213,2025-11-24 15:59:00-05:00,605.31,605.4310619999999,FORCED_EOD,-4.94999999999925,0.231,7.989101999998411,8.22010199999841,-13.17010199999766,189,0.0
2025-11-25 10:04:00-05:00,SHORT,599.19,599.0701620000001,33,z,1.5,0.15,60,1.7681802595826601,0.0020751609724027273,1.2509070341643564,0.01,0.75,605.1819,594.6960750000001,2025-11-25 12:04:00-05:00,605.1819,605.30293638,STOP,-197.73269999999957,0.231,7.9488545399974555,8.179854539997455,-205.91255453999702,120,0.0
2025-11-25 12:07:00-05:00,LONG,605.4,605.52108,33,z,1.5,0.15,60,-1.6177363003030325,-0.003813087571505256,-2.29852918810343,0.01,0.75,599.346,609.9404999999999,2025-11-25 15:52:00-05:00,609.9404999999999,609.8185119,TAKE_PROFIT,149.8364999999984,0.231,8.021247299998663,8.252247299998663,141.58425269999975,225,0.0
2025-11-25 15:56:00-05:00,SHORT,609.68,609.558064,32,z,1.5,0.15,60,1.0186752891111508,-0.0011486667659645032,-0.6924163265234711,0.01,0.75,615.7768,605.1074,2025-11-25 15:59:00-05:00,608.91,609.0317819999999,FORCED_EOD,24.639999999999418,0.224,7.79897599999822,8.02297599999822,16.617024000001198,3,0.0
2025-11-26 09:50:00-05:00,SHORT,613.48,613.357304,32,z,1.5,0.15,60,1.544872237610042,0.0023085564095494497,1.41512199348972,0.01,0.75,619.6148000000001,608.8789,2025-11-26 15:59:00-05:00,614.31,614.4328619999999,FORCED_EOD,-26.55999999999767,0.224,7.857855999998719,8.08185599999872,-34.64185599999639,369,-7.105427357601002e-15
2025-11-28 09:51:00-05:00,LONG,616.91,617.033382,32,z,1.5,0.15,60,-1.5822993562530892,-0.0002053028365320076,-0.12652197906959373,0.01,0.75,610.7409,621.536825,2025-11-28 12:59:00-05:00,619.18,619.056164,FORCED_EOD,72.63999999999942,0.224,7.910975999999209,8.13497599999921,64.5050240000002,188,0.0
2025-12-01 09:48:00-05:00,LONG,615.1,615.22302,32,z,1.5,0.15,60,-1.0463979914554544,-0.0035211940334871454,-2.1628582231292057,0.01,0.75,608.9490000000001,619.71325,2025-12-01 15:59:00-05:00,617.2,617.0765600000001,FORCED_EOD,67.20000000000073,0.224,7.886719999998604,8.110719999998604,59.08928000000213,371,-7.105427357601002e-15
2025-12-02 09:59:00-05:00,SHORT,622.02,621.895596,32,z,1.5,0.15,60,1.6480003214261814,-8.486991384334692e-05,-0.052542114961283914,0.01,0.75,628.2402,617.3548499999999,2025-12-02 15:59:00-05:00,622.07,622.194414,FORCED_EOD,-1.6000000000021828,0.224,7.962176000000909,8.18617600000091,-9.786176000003092,360,0.0
2025-12-03 10:09:00-05:00,SHORT,620.51,620.385898,32,z,1.5,0.15,60,1.7236473053220276,0.0033985141276208697,2.1044279181054435,0.01,0.75,626.7151,615.856175,2025-12-03 15:59:00-05:00,623.53,623.6547059999999,FORCED_EOD,-96.63999999999942,0.224,7.961855999998079,8.18585599999808,-104.8258559999975,350,0.0
2025-12-04 09:47:00-05:00,SHORT,621.97,621.8456060000001,32,z,1.5,0.15,60,1.9657110300751108,0.0008783752604467083,0.5480358924979782,0.01,0.75,628.1897,617.3052250000001,2025-12-04 15:59:00-05:00,622.86,622.984572,FORCED_EOD,-28.479999999999563,0.224,7.966911999996228,8.190911999996228,-36.67091199999579,372,-7.105427357601002e-15
2025-12-05 09:48:00-05:00,SHORT,625.82,625.694836,31,z,1.5,0.15,60,1.2847316994789513,0.004674719419739857,2.9246914577660164,0.01,0.75,632.0782,621.12635,2025-12-05 15:59:00-05:00,625.51,625.635102,FORCED_EOD,9.610000000001833,0.217,7.758246000000327,7.975246000000326,1.634754000001506,371,-4.440892098500626e-16
2025-12-08 10:37:00-05:00,LONG,625.26,625.385052,31,z,1.5,0.15,60,-1.9556837669159683,-0.004611956190084684,-2.896077889563685,0.01,0.75,619.0074,629.94945,2025-12-08 15:59:00-05:00,624.18,624.055164,FORCED_EOD,-33.48000000000127,0.217,7.746527999998193,7.963527999998193,-41.44352799999946,322,0.0
2025-12-09 09:52:00-05:00,LONG,623.08,623.204616,32,z,1.5,0.15,60,-1.1635987714277432,-0.0005461204103622669,-0.34004187351206383,0.01,0.75,616.8492,627.7531,2025-12-09 15:59:00-05:00,625.11,624.9849780000001,FORCED_EOD,64.95999999999913,0.224,7.988415999996505,8.212415999996505,56.747584000002625,367,-7.105427357601002e-15
2025-12-10 09:49:00-05:00,LONG,624.17,624.2948339999999,32,z,1.5,0.15,60,-1.1722283820566672,-0.00011431927159451347,-0.07131006380325289,0.01,0.75,617.9282999999999,628.851275,2025-12-10 15:12:00-05:00,628.851275,628.725504745,TAKE_PROFIT,149.8008000000009,0.224,8.019336159999511,8.243336159999512,141.5574638400014,323,0.0
2025-12-10 15:30:00-05:00,SHORT,628.42,628.294316,31,z,1.5,0.15,60,1.6611331067503023,0.009008474576109367,5.619305370238067,0.01,0.75,634.7042,623.7068499999999,2025-12-10 15:59:00-05:00,627.55,627.6755099999999,FORCED_EOD,26.97000000000014,0.217,7.78701399999818,8.00401399999818,18.965986000001962,29,0.0
2025-12-11 09:48:00-05:00,SHORT,621.09,620.965782,32,z,1.5,0.15,60,1.1801300172311324,0.0016649013821211835,1.0365511179850273,0.01,0.75,627.3009000000001,616.431825,2025-12-11 15:59:00-05:00,625.62,625.745124,FORCED_EOD,-144.95999999999913,0.224,7.97894400000223,8.20294400000223,-153.16294400000135,371,0.0
2025-12-12 09:51:00-05:00,SHORT,620.95,620.82581,32,z,1.5,0.15,60,0.48007948471623985,0.00023384933866461453,0.14541687275516324,0.01,0.75,627.1595000000001,616.2928750000001,2025-12-12 10:29:00-05:00,616.2928750000001,616.4161335750001,TAKE_PROFIT,149.02799999999843,0.224,7.9183544000006805,8.14235440000068,140.88564559999776,38,0.0
2025-12-12 10:33:00-05:00,LONG,617.23,617.353446,32,z,1.5,0.15,60,-1.8673051860265817,-0.0030850555143702857,-1.9184109210560791,0.01,0.75,611.0577000000001,621.859225,2025-12-12 15:59:00-05:00,613.57,613.4472860000001,FORCED_EOD,-117.11999999999898,0.224,7.877119999997376,8.101119999997376,-125.22111999999636,326,0.0
2025-12-15 11:17:00-05:00,SHORT,613.57,613.4472860000001,32,z,1.5,0.15,60,1.2849264109420777,0.0024042738431658463,1.4851199529235828,0.01,0.75,619.7057000000001,608.9682250000001,2025-12-15 15:59:00-05:00,610.49,610.612098,FORCED_EOD,98.56000000000131,0.224,7.833983999997145,8.057983999997145,90.50201600000416,282,0.0
2025-12-16 10:13:00-05:00,LONG,610.54,610.662108,32,z,1.5,0.15,60,-1.8008276465130268,-0.00033143833438899857,-0.20206138056028067,0.01,0.75,604.4345999999999,615.11905,2025-12-16 15:59:00-05:00,611.8,611.67764,FORCED_EOD,40.31999999999971,0.224,7.822975999999471,8.046975999999471,32.27302400000024,346,0.0
2025-12-17 10:20:00-05:00,LONG,610.11,610.232022,32,z,1.5,0.15,60,-1.1533077146634765,-0.002680649331564867,-1.643184427262554,0.01,0.75,604.0089,614.685825,2025-12-17 10:58:00-05:00,604.0089,603.8880982200001,STOP,-195.23519999999917,0.224,7.77036095999938,7.99436095999938,-203.22956095999854,38,0.0
2025-12-17 11:47:00-05:00,SHORT,603.83,603.709234,33,z,1.5,0.15,60,1.8731330650780114,-0.004307738308675176,-2.640557428451757,0.01,0.75,609.8683000000001,599.301275,2025-12-17 15:59:00-05:00,600.36,600.480072,FORCED_EOD,114.5100000000009,0.231,7.9476539999980105,8.17865399999801,106.3313460000029,252,0.0
2025-12-18 09:51:00-05:00,LONG,607.46,607.581492,32,z,1.5,0.15,60,-1.191114782054114,0.0008030216709422689,0.490180488376609,0.01,0.75,601.3854,612.0159500000001,2025-12-18 10:37:00-05:00,612.0159500000001,611.8935468100001,TAKE_PROFIT,145.79040000000168,0.224,7.804646079999657,8.028646079999657,137.76175392000204,46,0.0
2025-12-18 10:43:00-05:00,LONG,612.55,612.67251,32,z,1.5,0.15,60,-1.2303461244263074,-0.003238398979329973,-1.9767835049625546,0.01,0.75,606.4245,617.1441249999999,2025-12-18 15:59:00-05:00,609.15,609.02817,FORCED_EOD,-108.79999999999927,0.224,7.818879999998899,8.042879999998899,-116.84287999999817,316,0.0
2025-12-19 10:12:00-05:00,SHORT,616.26,616.136748,32,z,1.5,0.15,60,1.9049691337053396,0.0031980450919417993,1.9594422278327102,0.01,0.75,622.4226,611.63805,2025-12-19 15:59:00-05:00,617.24,617.363448,FORCED_EOD,-31.360000000000582,0.224,7.894399999997404,8.118399999997404,-39.47839999999798,347,-7.105427357601002e-15
2025-12-22 09:47:00-05:00,SHORT,619.67,619.546066,32,z,1.5,0.15,60,1.25501835848284,0.001465861243234144,0.9101239286992495,0.01,0.75,625.8666999999999,615.022475,2025-12-22 15:59:00-05:00,619.16,619.283832,FORCED_EOD,16.31999999999971,0.224,7.928511999998591,8.152511999998591,8.167488000001118,372,0.0
2025-12-23 09:47:00-05:00,LONG,620.23,620.354046,32,z,1.5,0.15,60,-1.4454802923090384,-0.001889116006446076,-1.1712519239965786,0.01,0.75,614.0277,624.8817250000001,2025-12-23 15:59:00-05:00,622.21,622.0855580000001,FORCED_EOD,63.36000000000058,0.224,7.951615999998467,8.175615999998467,55.18438400000212,372,0.0
2025-12-24 10:48:00-05:00,LONG,622.84,622.964568,32,z,1.5,0.15,60,-1.0962836352753254,-0.0006947700789394153,-0.4322998385177925,0.01,0.75,616.6116000000001,627.5113,2025-12-24 12:59:00-05:00,623.94,623.8152120000001,FORCED_EOD,35.20000000000073,0.224,7.9793919999974605,8.20339199999746,26.996608000003267,131,3.552713678800501e-15
2025-12-26 10:37:00-05:00,LONG,624.4,624.5248799999999,32,z,1.5,0.15,60,-1.1473130587758273,-0.0028909399482700535,-1.8042356217152928,0.01,0.75,618.156,629.083,2025-12-26 15:59:00-05:00,623.84,623.715232,FORCED_EOD,-17.919999999998254,0.224,7.988735999999335,8.212735999999335,-26.13273599999759,322,0.0
2025-12-29 09:51:00-05:00,LONG,620.89,621.014178,32,z,1.5,0.15,60,-1.6262203153149208,-0.001445241389291176,-0.8956738985992843,0.01,0.75,614.6811,625.5466749999999,2025-12-29 15:59:00-05:00,620.88,620.755824,FORCED_EOD,-0.31999999999970896,0.224,7.947328000002017,8.171328000002017,-8.491328000001726,368,0.0
2025-12-30 09:58:00-05:00,SHORT,621.69,621.5656620000001,32,z,1.5,0.15,60,1.2005900579598217,0.0005321967459543967,0.3301908270925651,0.01,0.75,627.9069000000001,617.027325,2025-12-30 15:59:00-05:00,619.42,619.5438839999999,FORCED_EOD,72.64000000000306,0.224,7.943103999998129,8.16710399999813,64.47289600000492,361,0.0
2025-12-31 10:52:00-05:00,SHORT,617.325,617.201535,32,z,1.5,0.15,60,2.28455562828649,0.0013237212739896816,0.8202703618532041,0.01,0.75,623.4982500000001,612.6950625000001,2025-12-31 15:59:00-05:00,614.28,614.4028559999999,FORCED_EOD,97.44000000000233,0.224,7.88227199999892,8.10627199999892,89.3337280000034,307,0.0
2026-01-02 10:11:00-05:00,SHORT,619.96,619.8360080000001,32,z,1.5,0.15,60,1.3940975466079444,-0.0014926100513172034,-0.9267466547622689,0.01,0.75,626.1596000000001,615.3103,2026-01-02 10:22:00-05:00,615.3103,615.4333620599999,TAKE_PROFIT,148.79040000000168,0.224,7.905729919995792,8.129729919995793,140.6606700800059,11,0.0
2026-01-02 10:37:00-05:00,SHORT,616.79,616.666642,32,z,1.5,0.15,60,1.4781028629960793,0.0005079021854214136,0.3153513879062757,0.01,0.75,622.9579,612.1640749999999,2026-01-02 11:00:00-05:00,612.1640749999999,612.2865078149999,TAKE_PROFIT,148.02960000000166,0.224,7.865306079998845,8.089306079998845,139.94029392000283,23,0.0
2026-01-02 11:18:00-05:00,SHORT,612.72,612.5974560000001,32,z,1.5,0.15,60,1.484597411033457,0.0024880585969493524,1.5448107022598379,0.01,0.75,618.8472,608.1246,2026-01-02 15:59:00-05:00,613.09,613.212618,FORCED_EOD,-11.840000000000146,0.224,7.845183999997971,8.069183999997971,-19.909183999998117,281,0.0
2026-01-05 09:48:00-05:00,LONG,618.27,618.393654,32,z,1.5,0.15,60,-0.43714538017577764,0.0011088160376145411,0.6870113287455979,0.01,0.75,612.0873,622.907025,2026-01-05 15:59:00-05:00,617.95,617.82641,FORCED_EOD,-10.239999999997963,0.224,7.911808000000747,8.135808000000747,-18.37580799999871,371,0.0
2026-01-06 10:12:00-05:00,SHORT,621.51,621.385698,32,z,1.5,0.15,60,1.5155427555225185,0.003265463705485294,2.0246201520379827,0.01,0.75,627.7251,616.848675,2026-01-06 15:59:00-05:00,623.47,623.594694,FORCED_EOD,-62.720000000001164,0.224,7.967871999997442,8.191871999997442,-70.91187199999861,347,1.4210854715202004e-14
2026-01-07 10:01:00-05:00,LONG,623.95,624.07479,32,z,1.5,0.15,60,-1.5317643470883868,-0.004553712499782552,-2.835642310739672,0.01,0.75,617.7105,628.629625,2026-01-07 15:59:00-05:00,624.06,623.9351879999999,FORCED_EOD,3.5199999999967986,0.224,7.9872639999994135,8.211263999999414,-4.691264000002615,358,0.0
2026-01-08 10:19:00-05:00,SHORT,620.82,620.6958360000001,32,z,1.5,0.15,60,1.2188545588084085,0.0030520228805574912,1.8994264397149436,0.01,0.75,627.0282000000001,616.16385,2026-01-08 15:59:00-05:00,620.43,620.554086,FORCED_EOD,12.480000000003201,0.224,7.943999999999505,8.167999999999505,4.312000000003696,340,0.0
2026-01-09 09:53:00-05:00,SHORT,621.14,621.015772,32,z,1.5,0.15,60,1.3745877715845218,0.005580097892528871,3.463231956019058,0.01,0.75,627.3514,616.48145,2026-01-09 13:57:00-05:00,627.3514,627.47687028,STOP,-198.76480000000083,0.224,7.990344959998765,8.214344959998765,-206.9791449599996,244,0.0
2026-01-09 14:04:00-05:00,LONG,627.22,627.345444,31,z,1.5,0.15,60,-2.0924775040080306,0.006005623144468519,3.7273299483829305,0.01,0.75,620.9478,631.92415,2026-01-09 15:59:00-05:00,626.67,626.544666,FORCED_EOD,-17.050000000002115,0.217,7.774117999999021,7.9911179999990205,-25.041118000001134,115,0.0
2026-01-12 09:56:00-05:00,SHORT,625.88,625.754824,31,z,1.5,0.15,60,1.0486148078247595,0.00242038491642034,1.5089163645948247,0.01,0.75,632.1388,621.1859,2026-01-12 15:59:00-05:00,627.19,627.3154380000001,FORCED_EOD,-40.61000000000183,0.217,7.769034000001284,7.9860340000012835,-48.596034000003115,363,0.0
2026-01-13 10:23:00-05:00,SHORT,625.21,625.084958,31,z,1.5,0.15,60,1.6426061936928626,0.0005889783364461266,0.3697605996209177,0.01,0.75,631.4621000000001,620.520925,2026-01-13 15:59:00-05:00,626.13,626.255226,FORCED_EOD,-28.51999999999873,0.217,7.75830800000017,7.97530800000017,-36.4953079999989,336,0.0
2026-01-14 10:38:00-05:00,LONG,619.01,619.133802,32,z,1.5,0.15,60,-3.241035450624514,-8.942828861571196e-05,-0.05562976121620977,0.01,0.75,612.8199,623.652575,2026-01-14 15:59:00-05:00,619.65,619.52607,FORCED_EOD,20.479999999999563,0.224,7.9274239999977,8.1514239999977,12.328576000001863,321,0.0
2026-01-15 09:55:00-05:00,SHORT,626.19,626.0647620000001,31,z,1.5,0.15,60,1.2445432110252157,-0.00026717509296839186,-0.1672845776046188,0.01,0.75,632.4519,621.4935750000001,2026-01-15 15:19:00-05:00,621.4935750000001,621.6178737150001,TAKE_PROFIT,145.58917499999927,0.217,7.735638164999273,7.952638164999272,137.636536835,324,0.0
2026-01-15 15:40:00-05:00,SHORT,621.43,621.305714,32,z,1.5,0.15,60,1.5006913056800213,-0.0012332583070111284,-0.7721718842640257,0.01,0.75,627.6442999999999,616.769275,2026-01-15 15:59:00-05:00,621.66,621.784332,FORCED_EOD,-7.360000000000582,0.224,7.9557759999988775,8.179775999998878,-15.53977599999946,19,0.0
2026-01-16 09:55:00-05:00,LONG,623.545,623.6697089999999,32,z,1.5,0.15,60,-1.5712861826348907,-0.00303992139414979,-1.9026260021704502,0.01,0.75,617.30955,628.2215874999999,2026-01-16 15:59:00-05:00,621.04,620.915792,FORCED_EOD,-80.15999999999985,0.224,7.9653439999965485,8.189343999996549,-88.3493439999964,364,0.0
2026-01-20 09:54:00-05:00,SHORT,612.91,612.787418,32,z,1.5,0.15,60,1.381685012697731,0.0044863004132196325,2.744404551778871,0.01,0.75,619.0391,608.313175,2026-01-20 14:27:00-05:00,608.313175,608.434837635,TAKE_PROFIT,147.09839999999895,0.224,7.815828319999127,8.039828319999128,139.05857167999983,273,0.0
2026-01-20 14:41:00-05:00,LONG,608.67,608.7917339999999,32,z,1.5,0.15,60,-2.93647281551697,0.005386606328235047,3.295148689171242,0.01,0.75,602.5833,613.235025,2026-01-20 15:59:00-05:00,608.04,607.9183919999999,FORCED_EOD,-20.159999999999854,0.224,7.786943999999494,8.010943999999494,-28.17094399999935,78,0.0
2026-01-21 10:09:00-05:00,SHORT,612.52,612.397496,32,z,1.5,0.15,60,1.7707444889274435,0.005128304498565668,3.1279067628100847,0.01,0.75,618.6451999999999,607.9261,2026-01-21 14:45:00-05:00,618.6451999999999,618.7689290399999,STOP,-196.0063999999984,0.224,7.8794572799961315,8.103457279996132,-204.10985727999451,276,0.0
2026-01-21 15:05:00-05:00,LONG,619.4,619.52388,32,z,1.5,0.15,60,-1.5181230458053125,0.007302224090164358,4.453845539313988,0.01,0.75,613.206,624.0455,2026-01-21 15:59:00-05:00,616.12,615.9967760000001,FORCED_EOD,-104.95999999999913,0.224,7.907327999997506,8.131327999997506,-113.09132799999664,54,0.0
2026-01-22 09:47:00-05:00,LONG,619.52,619.643904,32,z,1.5,0.15,60,-0.8816446777148249,-0.000903430017726305,-0.5612378299121019,0.01,0.75,613.3248,624.1664,2026-01-22 15:59:00-05:00,620.78,620.655844,FORCED_EOD,40.31999999999971,0.224,7.937920000000304,8.161920000000304,32.15807999999941,372,0.0
2026-01-23 09:58:00-05:00,LONG,620.65,620.77413,32,z,1.5,0.15,60,-0.9031391047946268,-0.0012868007380982234,-0.7978293256282996,0.01,0.75,614.4435,625.3048749999999,2026-01-23 11:03:00-05:00,625.3048749999999,625.1798140249999,TAKE_PROFIT,148.9559999999983,0.224,7.974111200001062,8.198111200001062,140.75788879999726,65,0.0
2026-01-23 11:09:00-05:00,LONG,624.73,624.854946,32,z,1.5,0.15,60,-1.3679681546465727,-0.007039236785782763,-4.364397199553082,0.01,0.75,618.4827,629.415475,2026-01-23 15:59:00-05:00,622.78,622.655444,FORCED_EOD,-62.400000000001455,0.224,7.984064000000217,8.208064000000217,-70.60806400000168,290,1.4210854715202004e-14
2026-01-26 09:58:00-05:00,LONG,625.6,625.7251200000001,31,z,1.5,0.15,60,-1.7574540511657437,-0.002311804613882181,-1.4388903097262755,0.01,0.75,619.344,630.292,2026-01-26 15:59:00-05:00,625.48,625.354904,FORCED_EOD,-3.720000000000141,0.217,7.756696000000716,7.973696000000715,-11.693696000000857,361,0.0
2026-01-27 10:12:00-05:00,LONG,630.74,630.866148,31,z,1.5,0.15,60,-1.1610343036710054,-0.0035585913189587317,-2.2378913227533985,0.01,0.75,624.4326,635.47055,2026-01-27 15:59:00-05:00,631.08,630.953784,FORCED_EOD,10.540000000000987,0.217,7.823283999998239,8.04028399999824,2.499716000002748,347,-4.440892098500626e-16
2026-01-28 10:35:00-05:00,SHORT,634.1,633.9731800000001,31,z,1.5,0.15,60,1.3992600488200753,0.002723555937436949,1.7306019137661224,0.01,0.75,640.441,629.34425,2026-01-28 15:59:00-05:00,632.97,633.096594,FORCED_EOD,35.02999999999986,0.217,7.855833999997117,8.072833999997117,26.957166000002744,324,0.0
2026-01-29 09:49:00-05:00,LONG,629.61,629.735922,31,z,1.5,0.15,60,-0.5120182107906447,-5.2674697691833944e-05,-0.03333360219335191,0.01,0.75,623.3139,634.332075,2026-01-29 10:14:00-05:00,623.3139,623.18923722,STOP,-195.17910000000074,0.217,7.768128179998143,7.985128179998143,-203.1642281799989,25,0.0
2026-01-29 10:25:00-05:00,LONG,624.49,624.614898,32,z,1.5,0.15,60,-1.4788405249171577,-0.001128074883016427,-0.7138683474704521,0.01,0.75,618.2451,629.173675,2026-01-29 15:54:00-05:00,629.173675,629.047840265,TAKE_PROFIT,149.8775999999998,0.224,8.023447520001355,8.247447520001355,141.63015247999846,329,0.0
2026-01-30 09:54:00-05:00,LONG,626.98,627.105396,31,z,1.5,0.15,60,-1.4546267195296867,-0.0006664761253512208,-0.4180204905815117,0.01,0.75,620.7102,631.68235,2026-01-30 13:18:00-05:00,620.7102,620.58605796,STOP,-194.363800000001,0.217,7.7356792400019,7.9526792400019,-202.3164792400029,204,0.0
2026-01-30 13:26:00-05:00,LONG,620.9055,621.0296811,32,z,1.5,0.15,60,-1.2664700010040832,-0.004704939733509957,-2.950985250254803,0.01,0.75,614.6964449999999,625.5622912499999,2026-01-30 15:59:00-05:00,621.81,621.6856379999999,FORCED_EOD,28.943999999999505,0.224,7.9533792000001995,8.1773792000002,20.766620799999306,153,0.0
2026-02-02 10:53:00-05:00,SHORT,626.31,626.1847379999999,31,z,1.5,0.15,60,1.4570610009217142,0.0023790434786779774,1.476581883563199,0.01,0.75,632.5731,621.612675,2026-02-02 15:59:00-05:00,626.24,626.365248,FORCED_EOD,2.1699999999980264,0.217,7.765809999998851,7.98280999999885,-5.812810000000824,306,-8.881784197001252e-16
2026-02-03 09:50:00-05:00,LONG,624.98,625.104996,31,z,1.5,0.15,60,-0.9809185858572765,0.0003806374701734779,0.23924587550277465,0.01,0.75,618.7302,629.66735,2026-02-03 10:13:00-05:00,618.7302,618.60645396,STOP,-193.74380000000156,0.217,7.711003240000764,7.928003240000764,-201.67180324000233,23,0.0
2026-02-03 10:36:00-05:00,SHORT,617.49,617.366502,32,z,1.5,0.15,60,1.5671929062626366,0.003290587055451627,2.0682655878335936,0.01,0.75,623.6649,612.858825,2026-02-03 13:33:00-05:00,612.858825,612.981396765,TAKE_PROFIT,148.1975999999995,0.224,7.874232480000501,8.098232480000501,140.09936751999902,177,0.0
2026-02-03 13:52:00-05:00,LONG,612.42,612.542484,32,z,1.5,0.15,60,-1.3608857888101447,-0.002892416273553456,-1.8179993245792048,0.01,0.75,606.2958,617.01315,2026-02-03 15:59:00-05:00,616.45,616.32671,FORCED_EOD,128.96000000000276,0.224,7.864767999999458,8.088767999999458,120.8712320000033,127,1.4210854715202004e-14
2026-02-04 09:58:00-05:00,LONG,611.28,611.402256,32,z,1.5,0.15,60,-1.115107792668922,-0.004405890275987929,-2.701780035041452,0.01,0.75,605.1672,615.8646,2026-02-04 11:44:00-05:00,605.1672,605.04616656,STOP,-195.60959999999977,0.224,7.785262080000393,8.009262080000394,-203.61886208000016,106,0.0
2026-02-04 12:45:00-05:00,LONG,602.06,602.1804119999999,33,z,1.5,0.15,60,-1.2345278238765989,-0.008237830527863317,-5.051602436296321,0.01,0.75,596.0394,606.5754499999999,2026-02-04 14:42:00-05:00,606.5754499999999,606.45413491,TAKE_PROFIT,149.00984999999957,0.231,7.976993969997579,8.20799396999758,140.801856030002,117,0.0
2026-02-04 15:16:00-05:00,SHORT,607.13,607.008574,32,z,1.5,0.15,60,1.489639163614422,-0.0057620700676076254,-3.5334166068583954,0.01,0.75,613.2013,602.576525,2026-02-04 15:59:00-05:00,605.62,605.741124,FORCED_EOD,48.31999999999971,0.224,7.761600000001636,7.985600000001636,40.33439999999808,43,0.0
2026-02-05 10:34:00-05:00,LONG,595.4,595.5190799999999,33,z,1.5,0.15,60,-1.4977341495996772,0.0039513447001528704,2.366183746792558,0.01,0.75,589.446,599.8655,2026-02-05 11:27:00-05:00,599.8655,599.7455269,TAKE_PROFIT,147.36150000000066,0.231,7.8887522999992825,8.119752299999282,139.24174770000138,53,0.0
2026-02-05 11:51:00-05:00,LONG,600.97,601.090194,33,z,1.5,0.15,60,-2.33768186372688,0.003866497801613459,2.3153748785400694,0.01,0.75,594.9603000000001,605.4772750000001,2026-02-05 15:59:00-05:00,597.04,596.9205919999999,FORCED_EOD,-129.6900000000021,0.231,7.906865999999695,8.137865999999695,-137.8278660000018,248,0.0
2026-02-06 11:15:00-05:00,SHORT,606.04,605.9187919999999,33,z,1.5,0.15,60,1.5147712987657056,-0.006758674505765356,-4.053041927617301,0.01,0.75,612.1003999999999,601.4947,2026-02-06 15:59:00-05:00,609.63,609.751926,FORCED_EOD,-118.47000000000105,0.231,8.023422000001801,8.254422000001801,-126.72442200000285,284,0.0
2026-02-09 10:39:00-05:00,SHORT,612.48,612.3575040000001,32,z,1.5,0.15,60,1.559136794512241,-0.0020394178841922316,-1.235656783599552,0.01,0.75,618.6048000000001,607.8864,2026-02-09 15:59:00-05:00,614.33,614.452866,FORCED_EOD,-59.20000000000073,0.224,7.851583999996365,8.075583999996365,-67.2755839999971,320,1.4210854715202004e-14
2026-02-10 10:03:00-05:00,LONG,615.9,616.0231799999999,32,z,1.5,0.15,60,-1.598313543761987,-0.001705950220815382,-1.0497564683788596,0.01,0.75,609.741,620.5192499999999,2026-02-10 15:59:00-05:00,611.48,611.357704,FORCED_EOD,-141.4399999999987,0.224,7.855231999998068,8.079231999998068,-149.51923199999675,356,0.0
2026-02-11 10:22:00-05:00,LONG,608.94,609.0617880000001,32,z,1.5,0.15,60,-2.4430284333831316,-0.0006565713054561273,-0.40536055827556083,0.01,0.75,602.8506000000001,613.50705,2026-02-11 12:43:00-05:00,613.50705,613.3843485900001,TAKE_PROFIT,146.14559999999983,0.224,7.8236611200009065,8.047661120000907,138.09793887999894,141,0.0
2026-02-11 13:15:00-05:00,LONG,611.4,611.5222799999999,32,z,1.5,0.15,60,-1.0765312223015153,0.0017912703512851288,1.1059124021799107,0.01,0.75,605.286,615.9855,2026-02-11 15:59:00-05:00,613.0,612.8774,FORCED_EOD,51.20000000000073,0.224,7.836159999998927,8.060159999998927,43.139840000001804,164,0.0
2026-02-12 10:55:00-05:00,SHORT,607.62,607.498476,32,z,1.5,0.15,60,1.1990819328204418,0.0036394803680761256,2.2371521874526934,0.01,0.75,613.6962,603.06285,2026-02-12 11:22:00-05:00,603.06285,603.18346257,TAKE_PROFIT,145.82879999999932,0.224,7.748370239998621,7.972370239998622,137.8564297600007,27,0.0
2026-02-12 11:57:00-05:00,LONG,602.87,602.990574,33,z,1.5,0.15,60,-1.3207678323032541,0.002331328974921939,1.433044607594752,0.01,0.75,596.8413,607.391525,2026-02-12 15:59:00-05:00,600.56,600.439888,FORCED_EOD,-76.23000000000195,0.231,7.94263799999942,8.17363799999942,-84.40363800000137,242,0.0
2026-02-13 09:53:00-05:00,SHORT,599.81,599.690038,33,z,1.5,0.15,60,1.044548372068988,0.005391562765250315,3.2370942842562727,0.01,0.75,605.8081,595.311425,2026-02-13 12:23:00-05:00,605.8081,605.9292616199999,STOP,-197.93730000000073,0.231,7.957079459997999,8.188079459997999,-206.12537945999873,150,0.0
2026-02-13 12:32:00-05:00,LONG,606.2,606.32124,32,z,1.5,0.15,60,-1.4949189523390807,0.010755233598425522,6.4574422524947295,0.01,0.75,600.138,610.7465000000001,2026-02-13 15:37:00-05:00,600.138,600.0179724000001,STOP,-193.98400000000038,0.224,7.720563199996832,7.944563199996832,-201.9285631999972,185,0.0
2026-02-13 15:56:00-05:00,LONG,601.36,601.480272,33,z,1.5,0.15,60,-0.2726886467459793,0.0144695125669968,8.687495345224875,0.01,0.75,595.3464,605.8702000000001,2026-02-13 15:59:00-05:00,601.78,601.659644,FORCED_EOD,13.85999999999865,0.231,7.9407240000005,8.1717240000005,5.688275999998149,3,0.0
2026-02-17 09:47:00-05:00,SHORT,598.73,598.610254,33,z,1.5,0.15,60,1.4706904715817484,-0.0002767993206545939,-0.16540697004347749,0.01,0.75,604.7173,594.2395250000001,2026-02-17 09:59:00-05:00,594.2395250000001,594.358372905,TAKE_PROFIT,148.18567499999824,0.231,7.873598864996779,8.10459886499678,140.08107613500147,12,0.0
2026-02-17 10:00:00-05:00,LONG,594.16,594.278832,33,z,1.5,0.15,60,-1.8159146903504748,-0.0038268466438431434,-2.2868087489613345,0.01,0.75,588.2184,598.6161999999999,2026-02-17 11:05:00-05:00,598.6161999999999,598.49647676,TAKE_PROFIT,147.0545999999989,0.231,7.872322919999419,8.10332291999942,138.9512770799995,65,0.0
2026-02-17 11:53:00-05:00,LONG,600.54,600.6601079999999,33,z,1.5,0.15,60,-1.6476437146360745,-0.008009698190416253,-4.7863553476470315,0.01,0.75,594.5346,605.04405,2026-02-17 15:59:00-05:00,601.2,601.0797600000001,FORCED_EOD,21.7800000000027,0.231,7.9314839999975675,8.162483999997567,13.617516000005134,246,-1.7763568394002505e-15
2026-02-18 09:48:00-05:00,SHORT,603.28,603.159344,33,z,1.5,0.15,60,0.884267525765558,0.0032068680380005297,1.9282897512497357,0.01,0.75,609.3127999999999,598.7554,2026-02-18 11:05:00-05:00,609.3127999999999,609.4346625599999,STOP,-199.08239999999842,0.231,8.003112479996503,8.234112479996503,-207.3165124799949,77,0.0
2026-02-18 11:24:00-05:00,SHORT,608.85,608.72823,32,z,1.5,0.15,60,1.5755062441575898,0.004754383018711917,2.858810509151567,0.01,0.75,614.9385,604.283625,2026-02-18 14:55:00-05:00,604.283625,604.404481725,TAKE_PROFIT,146.1239999999998,0.224,7.764055199997529,7.988055199997529,138.13594480000228,211,0.0
2026-02-18 15:01:00-05:00,SHORT,604.2119,604.09105762,33,z,1.5,0.15,60,1.2257926786114641,0.0051218382139753636,3.079761318063447,0.01,0.75,610.254019,599.68031075,2026-02-18 15:59:00-05:00,605.7,605.82114,FORCED_EOD,-49.10730000000103,0.231,7.985418539998932,8.216418539998932,-57.323718539999966,58,0.0
2026-02-19 09:53:00-05:00,LONG,603.72,603.840744,33,z,1.5,0.15,60,-1.3075659377951587,-0.0011565179467069196,-0.6978313638635427,0.01,0.75,597.6828,608.2479000000001,2026-02-19 15:59:00-05:00,603.5,603.3793000000001,FORCED_EOD,-7.2600000000009,0.231,7.967651999996292,8.198651999996292,-15.458651999997192,366,0.0
2026-02-20 09:47:00-05:00,SHORT,605.795,605.6738409999999,33,z,1.5,0.15,60,1.7256426330884111,0.0015646395195790391,0.9394565067408394,0.01,0.75,611.85295,601.2515374999999,2026-02-20 15:59:00-05:00,608.79,608.911758,FORCED_EOD,-98.83500000000015,0.231,8.016261000001123,8.247261000001123,-107.08226100000127,372,0.0
2026-02-23 10:13:00-05:00,SHORT,603.97,603.8492060000001,33,z,1.5,0.15,60,1.3606978869369273,0.0030620712355827057,1.85981020635586,0.01,0.75,610.0097000000001,599.440225,2026-02-23 11:06:00-05:00,599.440225,599.5601130450001,TAKE_PROFIT,149.4825749999991,0.231,7.942507484999055,8.173507484999055,141.30906751500004,53,0.0
2026-02-23 11:48:00-05:00,LONG,601.12,601.240224,33,z,1.5,0.15,60,-3.1267302578889336,-0.0010337706654116301,-0.6278812890510608,0.01,0.75,595.1088,605.6284,2026-02-23 15:59:00-05:00,601.46,601.3397080000001,FORCED_EOD,11.22000000000105,0.231,7.937027999998577,8.168027999998577,3.0519720000024737,251,0.0
2026-02-24 10:40:00-05:00,SHORT,607.1,606.9785800000001,32,z,1.5,0.15,60,1.6635279277635384,-0.0008872805753131537,-0.5346575290720921,0.01,0.75,613.171,602.54675,2026-02-24 15:59:00-05:00,607.8,607.9215599999999,FORCED_EOD,-22.399999999997817,0.224,7.775359999995999,7.999359999995999,-30.399359999993816,319,0.0
2026-02-25 09:53:00-05:00,LONG,615.06,615.183012,32,z,1.5,0.15,60,-1.3268579766635062,0.00010794342602436259,0.06609699805733271,0.01,0.75,608.9093999999999,619.6729499999999,2026-02-25 15:59:00-05:00,616.52,616.396696,FORCED_EOD,46.720000000001164,0.224,7.882111999999324,8.106111999999325,38.61388800000184,366,0.0
2026-02-26 10:42:00-05:00,SHORT,607.04,606.918592,32,z,1.5,0.15,60,2.0200677732843473,0.005257652162863145,3.230196335819869,0.01,0.75,613.1103999999999,602.4871999999999,2026-02-26 15:59:00-05:00,609.26,609.381852,FORCED_EOD,-71.04000000000087,0.224,7.784319999998843,8.008319999998843,-79.04831999999972,317,0.0
2026-02-27 09:53:00-05:00,LONG,604.925,605.045985,33,z,1.5,0.15,60,-1.7952580315567608,-0.0001353801422433491,-0.08167349955215286,0.01,0.75,598.8757499999999,609.4619375,2026-02-27 15:59:00-05:00,607.45,607.32851,FORCED_EOD,83.325000000003,0.231,8.001675000000432,8.232675000000432,75.09232500000257,366,0.0
2026-03-02 10:00:00-05:00,LONG,604.17,604.2908339999999,33,z,1.5,0.15,60,-1.6309679378946367,-0.006056402273675557,-3.632872339841583,0.01,0.75,598.1283,608.701275,2026-03-02 12:15:00-05:00,608.701275,608.579534745,TAKE_PROFIT,149.53207500000167,0.231,8.004950414996983,8.235950414996983,141.2961245850047,135,0.0
2026-03-02 12:37:00-05:00,SHORT,608.81,608.688238,32,z,1.5,0.15,60,2.6495456270607183,-0.008226985661183187,-4.9348750790042,0.01,0.75,614.8981,604.243925,2026-03-02 15:59:00-05:00,608.08,608.2016160000001,FORCED_EOD,23.359999999996944,0.224,7.788096000000223,8.012096000000223,15.34790399999672,202,0.0
2026-03-03 10:14:00-05:00,LONG,595.31,595.4290619999999,33,z,1.5,0.15,60,-2.2030963665013887,-0.0032612553764816243,-1.9506546783348995,0.01,0.75,589.3569,599.774825,2026-03-03 11:46:00-05:00,599.774825,599.6548700349999,TAKE_PROFIT,147.33922500000062,0.231,7.887559845000624,8.118559845000624,139.220665155,92,0.0
2026-03-03 12:25:00-05:00,SHORT,600.23,600.109954,33,z,1.5,0.15,60,2.757596298274748,-0.000967035472259444,-0.5784129270225549,0.01,0.75,606.2323,595.728275,2026-03-03 15:59:00-05:00,601.67,601.7903339999999,FORCED_EOD,-47.51999999999805,0.231,7.932539999998653,8.163539999998653,-55.683539999996704,214,0.0
2026-03-04 09:50:00-05:00,LONG,605.14,605.261028,33,z,1.5,0.15,60,-1.5670248383420362,-0.0025024270539581476,-1.516570891780816,0.01,0.75,599.0886,609.67855,2026-03-04 10:24:00-05:00,609.67855,609.55661429,TAKE_PROFIT,149.77214999999956,0.231,8.01780243000087,8.24880243000087,141.5233475699987,34,0.0
2026-03-04 10:36:00-05:00,SHORT,610.4,610.27792,32,z,1.5,0.15,60,1.1419580138653316,-0.0004943843559572269,-0.2996166950842962,0.01,0.75,616.504,605.822,2026-03-04 15:59:00-05:00,610.55,610.67211,FORCED_EOD,-4.799999999999272,0.224,7.814080000000104,8.038080000000104,-12.838079999999376,323,0.0
2026-03-05 09:52:00-05:00,SHORT,611.2,611.07776,32,z,1.5,0.15,60,1.778392689325472,0.0005956727718152508,0.3625383623822245,0.01,0.75,617.312,606.6160000000001,2026-03-05 10:30:00-05:00,606.6160000000001,606.7373232000001,TAKE_PROFIT,146.68799999999828,0.224,7.794022400001268,8.018022400001268,138.66997759999703,38,0.0
2026-03-05 10:43:00-05:00,LONG,609.01,609.131802,32,z,1.5,0.15,60,-1.946377708047382,-0.001542552932952379,-0.9388285660535303,0.01,0.75,602.9199,613.577575,2026-03-05 12:50:00-05:00,602.9199,602.79931602,STOP,-194.88320000000022,0.224,7.756351359999826,7.980351359999826,-202.86355136000003,127,0.0
2026-03-05 13:09:00-05:00,LONG,604.48,604.600896,33,z,1.5,0.15,60,-1.3332131415738706,-0.006132111415155828,-3.7321256494921045,0.01,0.75,598.4352,609.0136,2026-03-05 15:57:00-05:00,609.0136,608.89179728,TAKE_PROFIT,149.6087999999993,0.231,8.009057760000701,8.2400577600007,141.3687422399986,168,0.0
2026-03-06 09:52:00-05:00,SHORT,601.27,601.149746,33,z,1.5,0.15,60,0.9682068093189647,0.0012619662916445165,0.7575077600258737,0.01,0.75,607.2827,596.7604749999999,2026-03-06 15:59:00-05:00,599.81,599.9299619999999,FORCED_EOD,48.1800000000012,0.231,7.92712799999731,8.15812799999731,40.02187200000389,367,0.0
2026-03-09 09:48:00-04:00,SHORT,593.49,593.371302,33,z,1.5,0.15,60,1.0342889917788984,0.0031531422676129694,1.8797142314148232,0.01,0.75,599.4249,589.038825,2026-03-09 11:27:00-04:00,599.4249,599.5447849799999,STOP,-195.85169999999903,0.231,7.873238339997783,8.104238339997783,-203.9559383399968,99,0.0
2026-03-09 11:29:00-04:00,SHORT,599.2,599.0801600000001,33,z,1.5,0.15,60,1.5856042595342614,0.0020946452215448727,1.2487018023717837,0.01,0.75,605.192,594.706,2026-03-09 15:23:00-04:00,605.192,605.3130384,STOP,-197.73599999999874,0.231,7.948987199997646,8.179987199997646,-205.91598719999638,234,0.0
2026-03-09 15:28:00-04:00,SHORT,605.75,605.62885,33,z,1.5,0.15,60,1.8787071346070074,0.006872614116183465,4.097040179221608,0.01,0.75,611.8075,601.206875,2026-03-09 15:59:00-04:00,607.755,607.876551,FORCED_EOD,-66.16499999999985,0.231,8.00913299999661,8.240132999996609,-74.40513299999645,31,0.0
2026-03-10 09:49:00-04:00,SHORT,608.53,608.408294,32,z,1.5,0.15,60,1.4788104802659103,0.0009725852659713632,0.5924405889137461,0.01,0.75,614.6152999999999,603.966025,2026-03-10 15:59:00-04:00,607.65,607.77153,FORCED_EOD,28.159999999999854,0.224,7.783552000000782,8.007552000000782,20.152447999999072,370,0.0
2026-03-11 10:06:00-04:00,SHORT,611.46,611.337708,32,z,1.5,0.15,60,0.9684222078694688,0.0004607551979059327,0.2811297840022462,0.01,0.75,617.5746,606.87405,2026-03-11 11:18:00-04:00,606.87405,606.99542481,TAKE_PROFIT,146.7504000000008,0.224,7.797337920001155,8.021337920001155,138.72906207999966,72,0.0
2026-03-11 11:43:00-04:00,LONG,606.86,606.981372,32,z,1.5,0.15,60,-1.6075204438134172,0.0025580210841060526,1.5607765644673464,0.01,0.75,600.7914000000001,611.4114500000001,2026-03-11 15:59:00-04:00,607.73,607.608454,FORCED_EOD,27.840000000000146,0.224,7.77337599999737,7.99737599999737,19.842624000002775,256,0.0
2026-03-12 09:47:00-04:00,LONG,601.08,601.2002160000001,33,z,1.5,0.15,60,-1.1141541045890795,-0.0008034301655688476,-0.48435590961480557,0.01,0.75,595.0692,605.5881,2026-03-12 15:59:00-04:00,597.34,597.220532,FORCED_EOD,-123.4200000000003,0.231,7.909572000000367,8.140572000000367,-131.56057200000066,372,0.0
2026-03-13 09:54:00-04:00,SHORT,603.17,603.049366,33,z,1.5,0.15,60,1.3811620756037513,0.0017421660385304977,1.0457874296090495,0.01,0.75,609.2017,598.646225,2026-03-13 10:44:00-04:00,598.646225,598.765954245,TAKE_PROFIT,149.28457500000002,0.231,7.931987085000856,8.162987085000855,141.12158791499917,50,0.0
2026-03-13 10:59:00-04:00,LONG,596.19,596.309238,33,z,1.5,0.15,60,-1.6898241289542784,0.0010397497573769055,0.6241409843581778,0.01,0.75,590.2281,600.661425,2026-03-13 15:59:00-04:00,593.69,593.571262,FORCED_EOD,-82.5,0.231,7.853208000000109,8.084208000000109,-90.5842080000001,300,0.0
2026-03-16 10:16:00-04:00,LONG,601.97,602.0903940000001,33,z,1.5,0.15,60,-1.4735176426110004,-0.0007242590877682047,-0.43443957120700816,0.01,0.75,595.9503,606.484775,2026-03-16 15:59:00-04:00,600.31,600.189938,FORCED_EOD,-54.7800000000027,0.231,7.935047999999824,8.166047999999824,-62.94604800000253,343,0.0
2026-03-17 09:53:00-04:00,LONG,605.29,605.4110579999999,33,z,1.5,0.15,60,-1.439780066572104,-0.001137206822838418,-0.6859404113996561,0.01,0.75,599.2370999999999,609.829675,2026-03-17 15:59:00-04:00,603.4,603.27932,FORCED_EOD,-62.36999999999955,0.231,7.9773539999980585,8.208353999998058,-70.5783539999976,366,0.0
2026-03-18 10:07:00-04:00,LONG,602.09,602.210418,33,z,1.5,0.15,60,-1.520457295487808,-0.0025070642689518923,-1.507723380704988,0.01,0.75,596.0691,606.605675,2026-03-18 15:41:00-04:00,596.0691,595.94988618,STOP,-198.68969999999945,0.231,7.907850059999987,8.138850059999987,-206.82855005999943,334,0.0
2026-03-18 15:58:00-04:00,LONG,595.16,595.2790319999999,33,z,1.5,0.15,60,-3.6850302264941917,-0.00029788732575381817,-0.17914645883513458,0.01,0.75,589.2084,599.6237,2026-03-18 15:59:00-04:00,594.78,594.661044,FORCED_EOD,-12.53999999999985,0.231,7.853603999999109,8.084603999999109,-20.62460399999896,1,0.0
2026-03-19 09:51:00-04:00,LONG,590.92,591.038184,33,z,1.5,0.15,60,-1.4966397759677494,-0.001739215534855558,-1.0229196168252201,0.01,0.75,585.0107999999999,595.3519,2026-03-19 15:06:00-04:00,595.3519,595.23282962,TAKE_PROFIT,146.25270000000137,0.231,7.829394540002681,8.060394540002681,138.1923054599987,315,0.0
2026-03-19 15:21:00-04:00,SHORT,594.23,594.111154,33,z,1.5,0.15,60,1.7363686794471995,0.005612888616061221,3.301220439536337,0.01,0.75,600.1723000000001,589.773275,2026-03-19 15:59:00-04:00,592.99,593.108598,FORCED_EOD,40.9200000000003,0.231,7.835651999999413,8.066651999999413,32.853348000000885,38,0.0
2026-03-20 09:55:00-04:00,LONG,588.18,588.2976359999999,33,z,1.5,0.15,60,-2.1154395429946034,-0.002983791740347099,-1.7592734480260788,0.01,0.75,582.2982,592.5913499999999,2026-03-20 14:22:00-04:00,582.2982,582.1817403599999,STOP,-194.09939999999995,0.231,7.725156119998815,7.9561561199988144,-202.05555611999876,267,0.0
2026-03-20 14:58:00-04:00,LONG,581.36,581.476272,34,z,1.5,0.15,60,-1.4400734119796699,-0.00750180346552585,-4.423138341308686,0.01,0.75,575.5464000000001,585.7202,2026-03-20 15:59:00-04:00,582.11,581.9935780000001,FORCED_EOD,25.5,0.23800000000000002,7.911595999997417,8.149595999997416,17.350404000002584,61,0.0
2026-03-23 09:50:00-04:00,SHORT,592.42,592.301516,33,z,1.5,0.15,60,1.3192507255155972,-0.0006058383929527511,-0.35740830153861225,0.01,0.75,598.3442,587.97685,2026-03-23 11:58:00-04:00,587.97685,588.09444537,TAKE_PROFIT,146.62394999999822,0.231,7.790619209999022,8.021619209999022,138.6023307899992,128,0.0
2026-03-23 12:00:00-04:00,LONG,587.73,587.847546,34,z,1.5,0.15,60,-2.262263541856874,-0.0012252299519133034,-0.7228121578317541,0.01,0.75,581.8527,592.137975,2026-03-23 15:59:00-04:00,588.18,588.062364,FORCED_EOD,15.29999999999768,0.23800000000000002,7.996187999996437,8.234187999996436,7.065812000001244,239,8.881784197001252e-16
2026-03-24 09:48:00-04:00,LONG,583.65,583.7667299999999,34,z,1.5,0.15,60,-1.3096187016597085,-0.0012581170129085139,-0.7360361960619457,0.01,0.75,577.8135,588.027375,2026-03-24 15:59:00-04:00,583.93,583.813214,FORCED_EOD,9.519999999999072,0.23800000000000002,7.939543999996431,8.17754399999643,1.3424560000026413,371,4.440892098500626e-16
2026-03-25 10:58:00-04:00,LONG,590.75,590.86815,33,z,1.5,0.15,60,-1.4861709495036852,2.309245476734786e-05,0.013617505113984407,0.01,0.75,584.8425,595.180625,2026-03-25 15:59:00-04:00,587.74,587.6224520000001,FORCED_EOD,-99.3299999999997,0.231,7.77803399999857,8.00903399999857,-107.33903399999826,301,0.0
2026-03-26 10:03:00-04:00,LONG,583.83,583.946766,34,z,1.5,0.15,60,-2.9033269850193983,-0.0034406153061319524,-2.0004425512912576,0.01,0.75,577.9917,588.2087250000001,2026-03-26 13:20:00-04:00,577.9917,577.87610166,STOP,-198.50220000000013,0.23800000000000002,7.9003875600001265,8.138387560000126,-206.64058756000026,197,0.0
2026-03-26 13:38:00-04:00,SHORT,577.72,577.604456,34,z,1.5,0.15,60,2.590631141519933,-0.004416114596984314,-2.567617348978615,0.01,0.75,583.4972,573.3871,2026-03-26 15:59:00-04:00,573.69,573.804738,FORCED_EOD,137.01999999999907,0.23800000000000002,7.829587999999603,8.067587999999603,128.95241199999947,141,0.0
2026-03-27 09:47:00-04:00,SHORT,570.32,570.2059360000001,35,z,1.5,0.15,60,0.9924162662867823,0.0005119344163702987,0.29209953929262156,0.01,0.75,576.0232000000001,566.0426,2026-03-27 10:38:00-04:00,566.0426,566.1558085199999,TAKE_PROFIT,149.709000000002,0.245,7.954538199997501,8.1995381999975,141.5094618000045,51,0.0
2026-03-27 11:08:00-04:00,SHORT,567.31,567.1965379999999,35,z,1.5,0.15,60,1.2374040248015008,0.00192952057229576,1.1009458481405545,0.01,0.75,572.9830999999999,563.055175,2026-03-27 14:10:00-04:00,563.055175,563.167786035,TAKE_PROFIT,148.9188749999994,0.245,7.912556225000458,8.157556225000457,140.76131877499893,182,0.0
2026-03-27 14:11:00-04:00,SHORT,563.16,563.047368,35,z,1.5,0.15,60,1.5643519564664488,0.0020602697752651403,1.1755487283708135,0.01,0.75,568.7916,558.9363,2026-03-27 15:59:00-04:00,562.5,562.6125,FORCED_EOD,23.099999999998886,0.245,7.8796199999970895,8.124619999997089,14.975380000001797,108,-1.7763568394002505e-15
2026-03-30 09:49:00-04:00,LONG,564.09,564.202818,35,z,1.5,0.15,60,-1.2851370972588971,-0.0023408636440220413,-1.3267968317044279,0.01,0.75,558.4491,568.320675,2026-03-30 14:48:00-04:00,558.4491,558.33741018,STOP,-197.43149999999957,0.245,7.857773699999484,8.102773699999483,-205.53427369999906,299,0.0
2026-03-30 14:53:00-04:00,SHORT,558.065,557.953387,35,z,1.5,0.15,60,1.8026037475601313,-0.0057381392356459,-3.252365842485574,0.01,0.75,563.64565,553.8795125,2026-03-30 15:59:00-04:00,558.29,558.401658,FORCED_EOD,-7.874999999996817,0.245,7.814485000002378,8.059485000002377,-15.934484999999194,66,0.0
2026-03-31 09:59:00-04:00,SHORT,568.5,568.3863,35,z,1.5,0.15,60,1.3137878079881433,-2.6628990560446063e-05,-0.015048841435373106,0.01,0.75,574.185,564.23625,2026-03-31 10:56:00-04:00,564.23625,564.34909725,TAKE_PROFIT,149.23124999999857,0.245,7.929153749998363,8.174153749998363,141.0570962500002,57,0.0
2026-03-31 11:09:00-04:00,SHORT,566.77,566.656646,35,z,1.5,0.15,60,2.038695917007809,0.0009858813558719216,0.5571511306438879,0.01,0.75,572.4377,562.519225,2026-03-31 12:40:00-04:00,572.4377,572.55218754,STOP,-198.36949999999888,0.245,7.974453899999503,8.219453899999502,-206.5889538999984,91,0.0
2026-03-31 12:41:00-04:00,LONG,572.47,572.5844940000001,34,z,1.5,0.15,60,0.38377449355830595,-0.0012783417062814384,-0.722429248470803,0.01,0.75,566.7453,576.7635250000001,2026-03-31 15:15:00-04:00,576.7635250000001,576.6481722950001,TAKE_PROFIT,145.97985000000153,0.23800000000000002,7.814787969999998,8.052787969999997,137.92706203000154,154,0.0
2026-03-31 15:37:00-04:00,SHORT,576.905,576.789619,34,z,1.5,0.15,60,0.3300321708166394,-0.003226931994171671,-1.8236360778661265,0.01,0.75,582.67405,572.5782125,2026-03-31 15:59:00-04:00,577.14,577.2554279999999,FORCED_EOD,-7.990000000000464,0.23800000000000002,7.8475059999968835,8.085505999996883,-16.075505999997347,22,0.0
2026-04-01 09:56:00-04:00,SHORT,581.94,581.823612,34,z,1.5,0.15,60,1.5968895720013714,0.0019475600508595003,1.1322529867682078,0.01,0.75,587.7594,577.57545,2026-04-01 15:59:00-04:00,584.26,584.376852,FORCED_EOD,-78.87999999999784,0.23800000000000002,7.930160000000797,8.168160000000796,-87.04815999999863,363,0.0
2026-04-02 09:58:00-04:00,SHORT,576.55,576.4346899999999,34,z,1.5,0.15,60,1.1613017112750905,0.0027568716621391575,1.5844568503812297,0.01,0.75,582.3154999999999,572.225875,2026-04-02 10:36:00-04:00,582.3154999999999,582.4319631,STOP,-196.02699999999913,0.23800000000000002,7.880285400001867,8.118285400001866,-204.145285400001,38,0.0
2026-04-02 10:39:00-04:00,SHORT,583.375,583.258325,34,z,1.5,0.15,60,1.4805259578410768,0.004149489332268599,2.3848360039347654,0.01,0.75,589.20875,578.9996875,2026-04-02 15:59:00-04:00,585.0,585.117,FORCED_EOD,-55.25,0.23800000000000002,7.944949999998244,8.182949999998243,-63.43294999999824,320,0.0
2026-04-06 09:47:00-04:00,LONG,588.51,588.627702,33,z,1.5,0.15,60,-0.4343864559751375,-0.00019929640743721684,-0.11713247754312306,0.01,0.75,582.6249,592.923825,2026-04-06 15:59:00-04:00,588.52,588.402296,FORCED_EOD,0.32999999999969987,0.231,7.7683980000003885,7.999398000000388,-7.6693980000006885,372,0.0
2026-04-07 09:56:00-04:00,SHORT,584.48,584.363104,34,z,1.5,0.15,60,1.5154211645370892,0.0016799150969826282,0.9841614604163169,0.01,0.75,590.3248,580.0964,2026-04-07 10:07:00-04:00,580.0964,580.21241928,TAKE_PROFIT,149.04240000000004,0.23800000000000002,7.919119519997594,8.157119519997593,140.88528048000245,11,0.0
2026-04-07 10:28:00-04:00,SHORT,581.88,581.763624,34,z,1.5,0.15,60,2.1117196367047804,0.003224921335585683,1.8892879152394926,0.01,0.75,587.6988,577.5159,2026-04-07 15:45:00-04:00,587.6988,587.81633976,STOP,-197.83920000000035,0.23800000000000002,7.95313583999814,8.19113583999814,-206.0303358399985,317,0.0
2026-04-07 15:46:00-04:00,LONG,587.695,587.812539,34,z,1.5,0.15,60,-1.107415539471165,-0.0008178128985469411,-0.4791075084847307,0.01,0.75,581.8180500000001,592.1027125,2026-04-07 15:59:00-04:00,588.69,588.572262,FORCED_EOD,33.830000000000155,0.23800000000000002,7.999417999999878,8.237417999999877,25.592582000000277,13,0.0
2026-04-08 10:55:00-04:00,LONG,604.0,604.1208,33,z,1.5,0.15,60,-1.8390432836012618,0.002852819135087727,1.7353128234911992,0.01,0.75,597.96,608.53,2026-04-08 15:59:00-04:00,605.89,605.768822,FORCED_EOD,62.36999999999955,0.231,7.985274000000572,8.216274000000572,54.153725999998976,304,0.0
2026-04-09 10:00:00-04:00,SHORT,604.74,604.619052,33,z,1.5,0.15,60,1.6756984589252826,0.002568710475290223,1.5561248059307218,0.01,0.75,610.7874,600.20445,2026-04-09 15:59:00-04:00,610.04,610.1620079999999,FORCED_EOD,-174.8999999999985,0.231,8.017547999997873,8.248547999997873,-183.14854799999637,359,0.0
2026-04-10 09:56:00-04:00,LONG,612.32,612.4424640000001,32,z,1.5,0.15,60,-1.237378078299974,-0.005658424927109008,-3.4636492124442384,0.01,0.75,606.1968,616.9124,2026-04-10 15:59:00-04:00,611.02,610.897796,FORCED_EOD,-41.60000000000218,0.224,7.829376000001503,8.053376000001503,-49.65337600000368,363,0.0
2026-04-13 09:52:00-04:00,SHORT,610.31,610.1879379999999,32,z,1.5,0.15,60,0.882741060159575,0.0017511313180596814,1.067813610783105,0.01,0.75,616.4131,605.732675,2026-04-13 15:50:00-04:00,616.4131,616.5363826199999,STOP,-195.2992000000013,0.224,7.851027839999006,8.075027839999006,-203.3742278400003,358,0.0
2026-04-13 15:52:00-04:00,LONG,616.63,616.753326,32,z,1.5,0.15,60,-1.3081900971021172,-0.0018304514508023471,-1.11618183792757,0.01,0.75,610.4637,621.254725,2026-04-13 15:59:00-04:00,621.254725,621.130474055,TAKE_PROFIT,147.9912000000004,0.224,7.9224622399997315,8.146462239999732,139.84473776000067,7,0.0
2026-04-14 09:47:00-04:00,LONG,622.415,622.5394829999999,32,z,1.5,0.15,60,-1.2796280759219114,-0.005457174026177668,-3.3888504985160353,0.01,0.75,616.19085,627.0831125,2026-04-14 13:19:00-04:00,627.0831125,626.9576958775,TAKE_PROFIT,149.3796000000002,0.224,7.996787919997587,8.220787919997587,141.15881208000263,212,0.0
2026-04-14 13:40:00-04:00,SHORT,627.48,627.354504,31,z,1.5,0.15,60,1.216582162184061,-0.00130811118325533,-0.8123239636897779,0.01,0.75,633.7548,622.7739,2026-04-14 15:59:00-04:00,628.57,628.6957140000001,FORCED_EOD,-33.79000000000099,0.217,7.787510000000452,8.004510000000453,-41.79451000000144,139,0.0
2026-04-15 09:53:00-04:00,LONG,629.745,629.870949,31,z,1.5,0.15,60,-1.3431279687558368,-0.004599682741450393,-2.8932004443721553,0.01,0.75,623.44755,634.4680875,2026-04-15 12:20:00-04:00,634.4680875,634.3411938825001,TAKE_PROFIT,146.4157125000006,0.217,7.838121142498039,8.05512114249804,138.36059135750256,147,0.0
2026-04-15 12:28:00-04:00,LONG,634.045,634.1718089999999,31,z,1.5,0.15,60,-1.7971478696781482,-0.010639784843774602,-6.692424666734269,0.01,0.75,627.7045499999999,638.8003375,2026-04-15 15:59:00-04:00,637.365,637.237527,FORCED_EOD,102.92000000000155,0.217,7.882741999999666,8.099741999999667,94.82025800000189,211,0.0
2026-04-16 09:50:00-04:00,SHORT,637.885,637.757423,31,z,1.5,0.15,60,1.4224896746824978,0.006138792613048644,3.917765168062374,0.01,0.75,644.26385,633.1008625,2026-04-16 15:59:00-04:00,640.41,640.5380819999999,FORCED_EOD,-78.2749999999993,0.217,7.925428999997621,8.142428999997621,-86.41742899999691,369,0.0
2026-04-17 11:05:00-04:00,LONG,648.83,648.9597660000001,30,z,1.5,0.15,60,-2.589576934838056,-0.00534492689288993,-3.4500968600915485,0.01,0.75,642.3417000000001,653.696225,2026-04-17 15:59:00-04:00,648.73,648.6002540000001,FORCED_EOD,-3.000000000000682,0.21,7.785359999999173,7.995359999999173,-10.995359999999856,294,0.0
2026-04-20 10:02:00-04:00,LONG,647.5399,647.66940798,30,z,1.5,0.15,60,-1.9818941294148569,-0.004680890658838133,-3.033592086268868,0.01,0.75,641.064501,652.3964492499999,2026-04-20 15:59:00-04:00,646.8,646.6706399999999,FORCED_EOD,-22.197000000001026,0.21,7.766039399999727,7.976039399999727,-30.173039400000754,357,0.0
2026-04-21 09:51:00-04:00,LONG,647.35,647.47947,30,z,1.5,0.15,60,-1.1847737742563602,0.00013395900821013874,0.08674515576649355,0.01,0.75,640.8765000000001,652.2051250000001,2026-04-21 15:59:00-04:00,644.3,644.1711399999999,FORCED_EOD,-91.50000000000205,0.21,7.749900000000025,7.959900000000025,-99.45990000000207,368,0.0
2026-04-22 09:50:00-04:00,LONG,649.13,649.259826,30,z,1.5,0.15,60,-0.9452550794615229,-0.003750896839928046,-2.4375203114273063,0.01,0.75,642.6387,653.998475,2026-04-22 13:22:00-04:00,653.998475,653.867675305,TAKE_PROFIT,146.05424999999968,0.21,7.818770849997918,8.028770849997919,138.02547915000176,212,0.0
2026-04-22 13:42:00-04:00,LONG,653.8799,654.01067598,30,z,1.5,0.15,60,-1.2444492064694679,-0.007911586221963402,-5.141344306342944,0.01,0.75,647.341101,658.78399925,2026-04-22 15:59:00-04:00,655.08,654.9489840000001,FORCED_EOD,36.00300000000061,0.21,7.853759399996534,8.063759399996535,27.939240600004076,137,0.0
2026-04-23 09:47:00-04:00,SHORT,654.975,654.844005,30,z,1.5,0.15,60,0.6741234749108281,0.002601154935574662,1.6985281613809775,0.01,0.75,661.52475,650.0626875,2026-04-23 13:19:00-04:00,650.0626875,650.1927000375,TAKE_PROFIT,147.36937499999954,0.21,7.8302261249984895,8.04022612499849,139.32914887500104,212,0.0
2026-04-23 14:55:00-04:00,LONG,651.06,651.190212,30,z,1.5,0.15,60,-3.0849481759504975,0.0059446861802427056,3.881820628836749,0.01,0.75,644.5494,655.94295,2026-04-23 15:59:00-04:00,651.41,651.279718,FORCED_EOD,10.500000000000682,0.21,7.814819999999827,8.024819999999828,2.4751800000008553,64,-8.881784197001252e-16
2026-04-24 09:52:00-04:00,LONG,658.3,658.43166,30,z,1.5,0.15,60,-1.3799939421553868,-0.004344963764130582,-2.858725458972117,0.01,0.75,651.717,663.2372499999999,2026-04-24 11:44:00-04:00,663.2372499999999,663.1046025499999,TAKE_PROFIT,148.11749999999847,0.21,7.929223500001399,8.1392235000014,139.97827649999707,112,0.0
2026-04-24 11:57:00-04:00,SHORT,662.74,662.6074520000001,30,z,1.5,0.15,60,1.2871619203747144,-0.007718571755018189,-5.078357100496646,0.01,0.75,669.3674,657.76945,2026-04-24 15:59:00-04:00,663.93,664.062786,FORCED_EOD,-35.69999999999823,0.21,7.960019999998167,8.170019999998168,-43.870019999996394,242,0.0
2026-04-27 09:51:00-04:00,LONG,661.315,661.447263,30,z,1.5,0.15,60,-1.3180668278216436,-0.0014787043585512809,-0.9799373784119325,0.01,0.75,654.70185,666.2748625,2026-04-27 15:59:00-04:00,664.28,664.147144,FORCED_EOD,88.94999999999754,0.21,7.9535699999973986,8.1635699999974,80.78643000000015,368,0.0
2026-04-28 09:48:00-04:00,LONG,659.185,659.316837,30,z,1.5,0.15,60,-1.6652648884383345,-0.0007399744944759749,-0.48526047398740957,0.01,0.75,652.5931499999999,664.1288874999999,2026-04-28 15:59:00-04:00,657.57,657.438486,FORCED_EOD,-48.44999999999686,0.21,7.900530000001709,8.11053000000171,-56.56052999999857,371,0.0
2026-04-29 09:48:00-04:00,LONG,657.9,658.03158,30,z,1.5,0.15,60,-1.4115032337437812,-0.00196132858744324,-1.2891224406687343,0.01,0.75,651.321,662.83425,2026-04-29 15:59:00-04:00,661.61,661.4776780000001,FORCED_EOD,111.30000000000109,0.21,7.917059999997491,8.127059999997492,103.1729400000036,371,0.0
2026-04-30 10:39:00-04:00,SHORT,658.41,658.278318,30,z,1.5,0.15,60,1.340984466671326,0.018980462287467373,12.605684223598587,0.01,0.75,664.9941,653.4719249999999,2026-04-30 13:30:00-04:00,664.9941,665.12709882,STOP,-197.52300000000105,0.21,7.940424599999005,8.150424599999006,-205.67342460000006,171,0.0
2026-04-30 14:05:00-04:00,LONG,667.54,667.673508,29,z,1.5,0.15,60,-2.693429747789168,0.024238969013103486,16.098068880362575,0.01,0.75,660.8646,672.5465499999999,2026-04-30 15:59:00-04:00,667.6,667.46648,FORCED_EOD,1.7400000000017144,0.203,7.74381199999948,7.94681199999948,-6.206811999997766,114,0.0
2026-05-01 09:58:00-04:00,SHORT,674.2,674.0651600000001,29,z,1.5,0.15,60,1.4629781776784119,0.003491855453978233,2.3392288871744995,0.01,0.75,680.942,669.1435,2026-05-01 15:59:00-04:00,674.16,674.2948319999999,FORCED_EOD,1.160000000002242,0.203,7.820487999997113,8.023487999997112,-6.863487999994871,361,0.0
2026-05-04 09:57:00-04:00,SHORT,675.05,674.91499,29,z,1.5,0.15,60,1.9131453903968756,0.0013098166619425343,0.8832486696477417,0.01,0.75,681.8004999999999,669.987125,2026-05-04 12:07:00-04:00,669.987125,670.121122425,TAKE_PROFIT,146.82337499999892,0.203,7.801215324997884,8.004215324997883,138.81915967500103,130,0.0
2026-05-04 12:22:00-04:00,LONG,671.382,671.5162763999999,29,z,1.5,0.15,60,-1.7399274084094751,-0.00082894055153611,-0.5589794821173655,0.01,0.75,664.6681799999999,676.4173649999999,2026-05-04 15:59:00-04:00,672.88,672.745424,FORCED_EOD,43.44200000000137,0.203,7.796719600000415,7.999719600000415,35.44228040000095,217,0.0
2026-05-05 10:00:00-04:00,SHORT,680.23,680.093954,29,z,1.5,0.15,60,1.8090077761529375,0.004376173860080708,2.96840249103127,0.01,0.75,687.0323,675.128275,2026-05-05 15:59:00-04:00,681.53,681.666306,FORCED_EOD,-37.69999999999868,0.203,7.898207999998704,8.101207999998703,-45.80120799999739,359,0.0
2026-05-06 09:50:00-04:00,LONG,689.63,689.767926,28,z,1.5,0.15,60,-1.994757064111704,-0.0044195082111073165,-3.0351414590600143,0.01,0.75,682.7337,694.802225,2026-05-06 15:16:00-04:00,694.802225,694.6632645550001,TAKE_PROFIT,144.82230000000072,0.196,7.752820459998475,7.948820459998474,136.87347954000225,326,0.0
2026-05-06 15:24:00-04:00,SHORT,694.9,694.76102,28,z,1.5,0.15,60,2.5798141776452286,-0.012130916768157269,-8.33102839969979,0.01,0.75,701.8489999999999,689.6882499999999,2026-05-06 15:59:00-04:00,695.575,695.714115,FORCED_EOD,-18.90000000000191,0.196,7.786659999997028,7.982659999997027,-26.88265999999894,35,0.0
2026-05-07 09:47:00-04:00,LONG,695.99,696.129198,28,z,1.5,0.15,60,-0.6348353439404238,-0.0036957297025292926,-2.5730778907918648,0.01,0.75,689.0301000000001,701.209925,2026-05-07 10:55:00-04:00,701.209925,701.069683015,TAKE_PROFIT,146.1578999999997,0.196,7.824319579998701,8.0203195799987,138.137580420001,68,0.0
2026-05-07 11:07:00-04:00,SHORT,699.0521,698.91228958,28,z,1.5,0.15,60,0.9647106700040697,-0.004610448957852575,-3.2099328779257803,0.01,0.75,706.0426209999999,693.80920925,2026-05-07 12:15:00-04:00,693.80920925,693.9479710918499,TAKE_PROFIT,146.80094100000042,0.196,7.800023331798457,7.996023331798456,138.80491766820197,68,0.0
2026-05-07 12:18:00-04:00,LONG,695.07,695.209014,28,z,1.5,0.15,60,-1.322083843768531,-0.008169187072356202,-5.687633115386575,0.01,0.75,688.1193000000001,700.2830250000001,2026-05-07 15:59:00-04:00,694.93,694.791014,FORCED_EOD,-3.9200000000028012,0.196,7.783999999997377,7.979999999997377,-11.900000000000178,221,0.0
2026-05-08 09:49:00-04:00,LONG,704.3,704.4408599999999,28,z,1.5,0.15,60,-1.7840089246533624,-0.004471363930111603,-3.1305807420283145,0.01,0.75,697.257,709.5822499999999,2026-05-08 13:02:00-04:00,709.5822499999999,709.44033355,TAKE_PROFIT,147.90299999999934,0.196,7.9177405999976145,8.113740599997614,139.78925940000173,193,0.0
2026-05-08 13:27:00-04:00,SHORT,710.03,709.8879939999999,28,z,1.5,0.15,60,1.7064869696611595,0.008904230757776306,6.234208122749465,0.01,0.75,717.1302999999999,704.7047749999999,2026-05-08 15:59:00-04:00,711.11,711.252222,FORCED_EOD,-30.240000000001146,0.196,7.958383999999569,8.154383999999569,-38.39438400000071,152,0.0
2026-05-11 10:54:00-04:00,LONG,712.654,712.7965308,28,z,1.5,0.15,60,-1.4945576987090128,-0.008744376773391916,-6.219000761236316,0.01,0.75,705.52746,717.998905,2026-05-11 15:59:00-04:00,713.38,713.2373240000001,FORCED_EOD,20.327999999999975,0.196,7.985790399999132,8.181790399999132,12.146209600000843,305,-1.7763568394002505e-15
2026-05-12 10:01:00-04:00,LONG,705.92,706.0611839999999,28,z,1.5,0.15,60,-1.0158395502172333,-0.0003894760176241332,-0.2753595444602297,0.01,0.75,698.8607999999999,711.2144,2026-05-12 11:59:00-04:00,698.8607999999999,698.7210278399999,STOP,-197.6576000000009,0.196,7.866772479998872,8.062772479998872,-205.72037247999978,118,0.0
2026-05-12 12:45:00-04:00,LONG,697.86,697.999572,28,z,1.5,0.15,60,-2.225981245666747,-0.009296915555183048,-6.5729192975144315,0.01,0.75,690.8814,703.0939500000001,2026-05-12 14:31:00-04:00,703.0939500000001,702.9533312100001,TAKE_PROFIT,146.5506000000014,0.196,7.845342119996985,8.041342119996985,138.5092578800044,106,0.0
2026-05-12 15:01:00-04:00,LONG,702.35,702.49047,28,z,1.5,0.15,60,-1.0789010653058317,-0.004912515123533786,-3.4731481923383853,0.01,0.75,695.3265,707.617625,2026-05-12 15:59:00-04:00,707.21,707.068558,FORCED_EOD,136.08000000000038,0.196,7.893535999997766,8.089535999997766,127.99046400000262,58,0.0
2026-05-13 10:10:00-04:00,LONG,706.53,706.671306,28,z,1.5,0.15,60,-0.8930619388051277,-0.004920970815491267,-3.490690647968677,0.01,0.75,699.4647,711.828975,2026-05-13 11:43:00-04:00,711.828975,711.6866092050001,TAKE_PROFIT,148.37130000000116,0.196,7.942810259997714,8.138810259997713,140.23248974000344,93,0.0
2026-05-13 11:47:00-04:00,LONG,711.8199,711.96226398,28,z,1.5,0.15,60,-1.6263711297524672,-0.006175466728497862,-4.380567323859964,0.01,0.75,704.701701,717.15854925,2026-05-13 15:59:00-04:00,714.47,714.3271060000001,FORCED_EOD,74.20280000000184,0.196,7.987223439999525,8.183223439999525,66.01957656000232,252,0.0
2026-05-14 10:27:00-04:00,LONG,718.12,718.2636239999999,27,z,1.5,0.15,60,-2.0925607370223718,0.0011073046485978347,0.791235609701971,0.01,0.75,710.9388,723.5059,2026-05-14 15:59:00-04:00,719.73,719.586054,FORCED_EOD,43.47000000000037,0.189,7.764389999998912,7.953389999998912,35.51661000000146,332,0.0
2026-05-15 10:03:00-04:00,LONG,708.38,708.521676,28,z,1.5,0.15,60,-1.599121019606003,-0.0027311115499427333,-1.9380513780704405,0.01,0.75,701.2962,713.69285,2026-05-15 13:26:00-04:00,713.69285,713.55011143,TAKE_PROFIT,148.75980000000072,0.196,7.963607959999081,8.15960795999908,140.60019204000164,203,0.0
2026-05-15 13:37:00-04:00,LONG,714.08,714.2228160000001,28,z,1.5,0.15,60,-2.3715830839673093,-0.011142722351291202,-7.907098634923273,0.01,0.75,706.9392,719.4356,2026-05-15 15:59:00-04:00,708.9,708.7582199999999,FORCED_EOD,-145.04000000000178,0.196,7.968688000002203,8.164688000002203,-153.20468800000398,142,0.0
2026-05-18 10:02:00-04:00,LONG,707.36,707.501472,28,z,1.5,0.15,60,-1.0556822011707878,-0.00418776300782293,-2.9793421142856005,0.01,0.75,700.2864,712.6652,2026-05-18 12:28:00-04:00,700.2864,700.14634272,STOP,-198.06080000000156,0.196,7.882819839999229,8.078819839999229,-206.1396198400008,146,0.0
2026-05-18 12:41:00-04:00,LONG,701.77,701.910354,28,z,1.5,0.15,60,-1.1607306289065324,-0.002994575754959792,-2.1304609751085763,0.01,0.75,694.7523,707.033275,2026-05-18 15:59:00-04:00,705.71,705.5688580000001,FORCED_EOD,110.32000000000153,0.196,7.881887999998526,8.077887999998525,102.242112000003,198,0.0
2026-05-19 09:53:00-04:00,LONG,702.565,702.705513,28,z,1.5,0.15,60,-1.1929571999426214,0.0005551824198261114,0.3893549828483174,0.01,0.75,695.53935,707.8342375000001,2026-05-19 10:21:00-04:00,695.53935,695.40024213,STOP,-196.71820000000116,0.196,7.829384359997675,8.025384359997675,-204.74358435999883,28,0.0
2026-05-19 10:41:00-04:00,SHORT,697.82,697.6804360000001,28,z,1.5,0.15,60,1.5914210901037582,0.0037464344663072496,2.6274119555660036,0.01,0.75,704.7982000000001,692.58635,2026-05-19 13:04:00-04:00,704.7982000000001,704.9391596400001,STOP,-195.38960000000043,0.196,7.854661919998762,8.050661919998761,-203.4402619199992,143,0.0
2026-05-19 13:21:00-04:00,SHORT,705.68,705.538864,28,z,1.5,0.15,60,2.162218260010174,0.012397754093048018,8.694668922995447,0.01,0.75,712.7367999999999,700.3874,2026-05-19 15:54:00-04:00,700.3874,700.5274774799999,TAKE_PROFIT,148.1927999999998,0.196,7.873977439997361,8.069977439997361,140.12282256000245,153,0.0
2026-05-20 10:08:00-04:00,LONG,705.79,705.931158,28,z,1.5,0.15,60,-1.485930379430154,-0.002123038040564714,-1.4988266419539968,0.01,0.75,698.7321,711.0834249999999,2026-05-20 11:15:00-04:00,711.0834249999999,710.9412083149999,TAKE_PROFIT,148.21589999999878,0.196,7.93449118000035,8.13049118000035,140.08540881999843,67,0.0
2026-05-20 11:39:00-04:00,SHORT,711.205,711.062759,28,z,1.5,0.15,60,2.019399838722093,-0.000959884313052212,-0.677661047097331,0.01,0.75,718.31705,705.8709625,2026-05-20 15:59:00-04:00,713.07,713.212614,FORCED_EOD,-52.220000000000255,0.196,7.9759399999998095,8.17193999999981,-60.39194000000006,260,0.0
2026-05-21 09:52:00-04:00,SHORT,709.26,709.118148,28,z,1.5,0.15,60,1.4111384419477355,0.003232597570627372,2.2906832904978955,0.01,0.75,716.3525999999999,703.94055,2026-05-21 13:52:00-04:00,716.3525999999999,716.4958705199999,STOP,-198.59279999999853,0.196,7.983430559998851,8.17943055999885,-206.77223055999738,240,0.0
2026-05-21 14:04:00-04:00,SHORT,716.0199,715.87669602,27,z,1.5,0.15,60,0.9805341370152499,0.007100502862383812,5.031558338342393,0.01,0.75,723.180099,710.64975075,2026-05-21 15:59:00-04:00,714.45,714.59289,FORCED_EOD,42.38729999999896,0.189,7.724537459997805,7.913537459997805,34.473762540001154,115,0.0
2026-05-22 09:47:00-04:00,SHORT,719.75,719.60605,27,z,1.5,0.15,60,0.07369989835118207,-0.0002109563222236746,-0.15168392436851263,0.01,0.75,726.9475,714.351875,2026-05-22 15:59:00-04:00,717.43,717.5734859999999,FORCED_EOD,62.64000000000135,0.189,7.760771999998838,7.949771999998838,54.69022800000251,372,0.0
2026-05-26 09:49:00-04:00,SHORT,727.79,727.644442,27,z,1.5,0.15,60,1.2034831002166575,0.0015523161388906082,1.1262907361527823,0.01,0.75,735.0679,722.3315749999999,2026-05-26 15:59:00-04:00,730.21,730.356042,FORCED_EOD,-65.34000000000196,0.189,7.873199999997382,8.062199999997382,-73.40219999999934,370,0.0
2026-05-27 09:49:00-04:00,LONG,728.23,728.375646,27,z,1.5,0.15,60,-1.3157368978182373,-0.006558870525593414,-4.799715861924028,0.01,0.75,720.9477,733.691725,2026-05-27 15:59:00-04:00,729.49,729.344102,FORCED_EOD,34.019999999999754,0.189,7.87168799999813,8.06068799999813,25.959312000001624,370,0.0
2026-05-28 09:51:00-04:00,LONG,727.32,727.465464,27,z,1.5,0.15,60,-1.2674163590444654,-0.007231180653879357,-5.283823703789608,0.01,0.75,720.0468000000001,732.7749,2026-05-28 10:14:00-04:00,732.7749,732.62834502,TAKE_PROFIT,147.2822999999987,0.189,7.884512459999087,8.073512459999087,139.20878753999963,23,0.0
2026-05-28 10:41:00-04:00,SHORT,732.18,732.033564,27,z,1.5,0.15,60,1.8832169832465067,-0.0023633727584802073,-1.7269164746213619,0.01,0.75,739.5018,726.6886499999999,2026-05-28 15:59:00-04:00,735.54,735.687108,FORCED_EOD,-90.72000000000037,0.189,7.925687999999923,8.114687999999923,-98.83468800000028,318,0.0
2026-05-29 10:35:00-04:00,LONG,739.26,739.4078519999999,27,z,1.5,0.15,60,-1.2738760552912245,-0.0037091723345668327,-2.7367571694751405,0.01,0.75,731.8674,744.80445,2026-05-29 15:59:00-04:00,738.25,738.10235,FORCED_EOD,-27.269999999999754,0.189,7.978553999998439,8.16755399999844,-35.437553999998194,324,0.0
2026-06-01 09:53:00-04:00,LONG,738.43,738.577686,27,z,1.5,0.15,60,-1.9104787305941056,-0.0008316255183529204,-0.6124838780117443,0.01,0.75,731.0456999999999,743.968225,2026-06-01 13:42:00-04:00,743.968225,743.819431355,TAKE_PROFIT,149.5320750000003,0.189,8.00495041499937,8.193950414999371,141.33812458500094,229,0.0
2026-06-01 14:04:00-04:00,LONG,745.12,745.269024,26,z,1.5,0.15,60,-2.2721161806861034,0.008939087074252115,6.58354823931586,0.01,0.75,737.6688,750.7084,2026-06-01 15:59:00-04:00,742.69,742.541462,FORCED_EOD,-63.1799999999987,0.182,7.736611999999241,7.918611999999241,-71.09861199999794,115,0.0
2026-06-02 10:46:00-04:00,SHORT,744.03,743.8811939999999,26,z,1.5,0.15,60,2.2591036711522574,0.003690656555454058,2.7353485593575897,0.01,0.75,751.4703,738.4497749999999,2026-06-02 15:59:00-04:00,746.1,746.24922,FORCED_EOD,-53.8200000000013,0.182,7.748676000001296,7.930676000001297,-61.7506760000026,313,0.0
2026-06-03 09:55:00-04:00,SHORT,742.92,742.7714159999999,26,z,1.5,0.15,60,1.1041401562031337,0.00439986372921672,3.289338123962466,0.01,0.75,750.3492,737.3480999999999,2026-06-03 15:59:00-04:00,744.24,744.3888479999999,FORCED_EOD,-34.3200000000013,0.182,7.733231999998907,7.915231999998907,-42.23523200000021,364,0.0
2026-06-04 10:01:00-04:00,LONG,734.64,734.786928,27,z,1.5,0.15,60,-1.3501961392036281,-0.00022775104793699378,-0.167360580066088,0.01,0.75,727.2936,740.1498,2026-06-04 11:16:00-04:00,740.1498,740.00177004,TAKE_PROFIT,148.7646000000011,0.189,7.963864920000901,8.152864920000901,140.61173508000022,75,0.0
2026-06-04 11:51:00-04:00,LONG,737.84,737.987568,27,z,1.5,0.15,60,-1.0636024092090224,0.0034109592273806385,2.506509278648309,0.01,0.75,730.4616,743.3738000000001,2026-06-04 14:11:00-04:00,743.3738000000001,743.2251252400001,TAKE_PROFIT,149.41260000000113,0.189,7.998554519998038,8.187554519998038,141.2250454800031,140,0.0
2026-06-04 14:35:00-04:00,LONG,742.96,743.108592,26,z,1.5,0.15,60,-1.8238205365597244,0.004131181858008309,3.0357576765388785,0.01,0.75,735.5304,748.5322,2026-06-04 15:59:00-04:00,740.5,740.3519,FORCED_EOD,-63.960000000000946,0.182,7.713992000000189,7.89599200000019,-71.85599200000114,84,0.0
2026-06-05 09:51:00-04:00,LONG,726.12,726.265224,27,z,1.5,0.15,60,-1.5342294917592048,-0.004727227479706924,-3.4494578919420746,0.01,0.75,718.8588,731.5659,2026-06-05 12:08:00-04:00,718.8588,718.71502824,STOP,-196.05240000000083,0.189,7.802885519997858,7.991885519997858,-204.04428551999868,137,0.0
2026-06-05 12:14:00-04:00,LONG,719.85,719.99397,27,z,1.5,0.15,60,-1.4821982099455742,-0.0019944602046903914,-1.455357611362615,0.01,0.75,712.6515,725.248875,2026-06-05 14:14:00-04:00,712.6515,712.5089697000001,STOP,-194.35949999999912,0.189,7.735508099998469,7.924508099998469,-202.28400809999758,120,0.0
2026-06-05 14:34:00-04:00,SHORT,710.36,710.217928,28,z,1.5,0.15,60,1.0337001793447014,-0.005216201091312298,-3.806261936330543,0.01,0.75,717.4636,705.0323,2026-06-05 15:17:00-04:00,705.0323,705.1733064599999,TAKE_PROFIT,149.1756000000014,0.196,7.92619687999877,8.12219687999877,141.05340312000263,43,0.0
2026-06-05 15:53:00-04:00,SHORT,708.67,708.528266,28,z,1.5,0.15,60,2.0649060231142915,-0.002950780377983263,-2.1531844418143464,0.01,0.75,715.7566999999999,703.354975,2026-06-05 15:59:00-04:00,705.26,705.4010519999999,FORCED_EOD,95.47999999999911,0.196,7.918007999996462,8.114007999996462,87.36599200000265,6,0.0
2026-06-08 09:47:00-04:00,SHORT,718.19,718.046362,27,z,1.5,0.15,60,1.5293123240141402,0.0042681112608937925,3.0677903309925796,0.01,0.75,725.3719000000001,712.803575,2026-06-08 15:59:00-04:00,716.02,716.163204,FORCED_EOD,58.590000000001965,0.189,7.744733999999426,7.933733999999426,50.65626600000254,372,0.0
2026-06-09 09:47:00-04:00,SHORT,724.52,724.375096,27,z,1.5,0.15,60,1.74642477610082,0.0028730116009440176,2.076354214118169,0.01,0.75,731.7651999999999,719.0861,2026-06-09 10:10:00-04:00,719.0861,719.22991722,TAKE_PROFIT,146.71529999999984,0.189,7.795472939998831,7.984472939998831,138.73082706000102,23,0.0
2026-06-09 10:46:00-04:00,LONG,711.63,711.772326,28,z,1.5,0.15,60,-3.015600171948673,-0.0022539785020825077,-1.6289728032400035,0.01,0.75,704.5137,716.967225,2026-06-09 11:26:00-04:00,704.5137,704.37279726,STOP,-199.25640000000067,0.196,7.930404720000752,8.126404720000751,-207.38280472000142,40,0.0
2026-06-09 11:28:00-04:00,LONG,703.67,703.8107339999999,28,z,1.5,0.15,60,-1.7327618594047456,-0.005003729178075001,-3.616245114286585,0.01,0.75,696.6333,708.9475249999999,2026-06-09 12:06:00-04:00,696.6333,696.49397334,STOP,-197.0275999999999,0.196,7.841698479996921,8.037698479996921,-205.0652984799968,38,0.0
2026-06-09 12:43:00-04:00,LONG,688.45,688.5876900000001,29,z,1.5,0.15,60,-1.0879330072527649,-0.012904759699075057,-9.326398882118497,0.01,0.75,681.5655,693.613375,2026-06-09 13:02:00-04:00,693.613375,693.4746523250001,TAKE_PROFIT,149.73787499999924,0.203,8.015967574998854,8.218967574998853,141.51890742500038,19,0.0
2026-06-09 13:06:00-04:00,SHORT,695.82,695.6808360000001,28,z,1.5,0.15,60,1.7638434480432421,-0.009872971724766852,-7.135295395206299,0.01,0.75,702.7782000000001,690.60135,2026-06-09 13:43:00-04:00,702.7782000000001,702.9187556400001,STOP,-194.82960000000094,0.196,7.832149919998301,8.0281499199983,-202.85774991999924,37,0.0
2026-06-09 13:45:00-04:00,SHORT,701.9164,701.7760167199999,28,z,1.5,0.15,60,1.466094478383396,-0.006636659562867714,-4.7963802326801215,0.01,0.75,708.935564,696.652027,2026-06-09 15:59:00-04:00,707.88,708.021576,FORCED_EOD,-166.98080000000118,0.196,7.894859840000663,8.090859840000663,-175.07165984000184,134,0.0
2026-06-10 09:47:00-04:00,SHORT,706.57,706.4286860000001,28,z,1.5,0.15,60,1.9241895896837182,0.005792788101759823,4.074183727729746,0.01,0.75,713.6357,701.2707250000001,2026-06-10 11:00:00-04:00,701.2707250000001,701.410979145,TAKE_PROFIT,148.37969999999905,0.196,7.883908059998248,8.079908059998248,140.2997919400008,73,0.0
2026-06-10 11:06:00-04:00,LONG,702.44,702.5804880000001,28,z,1.5,0.15,60,-1.6105146473470229,0.003032633072189838,2.132911492332596,0.01,0.75,695.4156,707.7083,2026-06-10 14:50:00-04:00,695.4156,695.27651688,STOP,-196.6832000000004,0.196,7.8279913600003965,8.023991360000396,-204.7071913600008,224,0.0
2026-06-10 14:52:00-04:00,LONG,695.52,695.659104,28,z,1.5,0.15,60,-1.2598736456747806,-0.004494816128405185,-3.161294079429922,0.01,0.75,688.5648,700.7364,2026-06-10 15:59:00-04:00,693.72,693.581256,FORCED_EOD,-50.39999999999873,0.196,7.779743999998573,7.975743999998572,-58.3757439999973,67,0.0
2026-06-11 09:49:00-04:00,SHORT,701.9,701.75962,28,z,1.5,0.15,60,1.403466590604755,0.006661265930090192,4.6616871231957475,0.01,0.75,708.919,696.63575,2026-06-11 10:58:00-04:00,696.63575,696.77507715,TAKE_PROFIT,147.39899999999852,0.196,7.831800199997815,8.027800199997815,139.3711998000007,69,0.0
2026-06-11 11:03:00-04:00,LONG,696.23,696.369246,28,z,1.5,0.15,60,-1.4408078236193187,0.007954427406059185,5.566667387308371,0.01,0.75,689.2677,701.451725,2026-06-11 11:20:00-04:00,701.451725,701.311434655,TAKE_PROFIT,146.20829999999978,0.196,7.82701765999991,8.02301765999991,138.18528233999987,17,0.0
2026-06-11 11:40:00-04:00,SHORT,701.7,701.55966,28,z,1.5,0.15,60,1.2737345039642896,0.009622082513851226,6.733725784843273,0.01,0.75,708.7170000000001,696.4372500000001,2026-06-11 13:30:00-04:00,708.7170000000001,708.8587434000001,STOP,-196.47600000000148,0.196,7.898335200000929,8.094335200000929,-204.5703352000024,110,0.0
2026-06-11 13:32:00-04:00,SHORT,707.97,707.8284060000001,28,z,1.5,0.15,60,4.410477219180357,0.013802607590774438,9.659340844175745,0.01,0.75,715.0497,702.6602250000001,2026-06-11 15:26:00-04:00,715.0497,715.19270994,STOP,-198.23160000000007,0.196,7.968910319997121,8.164910319997121,-206.3965103199972,114,0.0
2026-06-12 09:48:00-04:00,SHORT,713.12,712.977376,28,z,1.5,0.15,60,1.2806216902129604,0.007463862405676175,5.344946507328814,0.01,0.75,720.2512,707.7716,2026-06-12 10:17:00-04:00,720.2512,720.39525024,STOP,-199.673600000001,0.196,8.026878719997512,8.222878719997512,-207.8964787199985,29,0.0
2026-06-12 11:14:00-04:00,LONG,722.06,722.2044119999999,27,z,1.5,0.15,60,-1.0513595741979873,0.010454036739587287,7.48624024958599,0.01,0.75,714.8394,727.4754499999999,2026-06-12 15:59:00-04:00,721.27,721.125746,FORCED_EOD,-21.329999999999018,0.189,7.793981999997868,7.982981999997868,-29.312981999996886,285,0.0
2026-06-15 10:01:00-04:00,LONG,739.71,739.857942,27,z,1.5,0.15,60,-1.224042804549071,-0.0037822890350839126,-2.7941660246681295,0.01,0.75,732.3129,745.257825,2026-06-15 15:59:00-04:00,743.84,743.691232,FORCED_EOD,111.50999999999988,0.189,8.01116999999897,8.20016999999897,103.30983000000091,358,0.0
2026-06-16 09:58:00-04:00,LONG,743.05,743.1986099999999,26,z,1.5,0.15,60,-1.660866096151575,0.000398561803229452,0.29580459912085644,0.01,0.75,735.6194999999999,748.6228749999999,2026-06-16 11:24:00-04:00,735.6194999999999,735.4723760999999,STOP,-193.19300000000135,0.182,7.6890813999989405,7.871081399998941,-201.06408140000028,86,0.0
2026-06-16 11:25:00-04:00,LONG,736.21,736.357242,27,z,1.5,0.15,60,-1.5454991275871677,-0.009255709594862174,-6.86940254711476,0.01,0.75,728.8479,741.731575,2026-06-16 15:59:00-04:00,729.76,729.614048,FORCED_EOD,-174.15000000000123,0.189,7.916237999999225,8.105237999999225,-182.25523800000045,274,0.0
2026-06-17 09:48:00-04:00,SHORT,734.22,734.073156,27,z,1.5,0.15,60,0.6669466555223794,0.00225188760391287,1.653110690032463,0.01,0.75,741.5622000000001,728.71335,2026-06-17 14:03:00-04:00,728.71335,728.85909267,TAKE_PROFIT,148.67955000000097,0.189,7.8998400899997705,8.08884008999977,140.5907099100012,255,0.0
2026-06-17 14:04:00-04:00,LONG,728.33,728.475666,27,z,1.5,0.15,60,-4.097511728639377,0.006068466794049399,4.454861473511642,0.01,0.75,721.0467,733.7924750000001,2026-06-17 14:43:00-04:00,733.7924750000001,733.6457165050001,TAKE_PROFIT,147.4868250000011,0.189,7.895461364999392,8.084461364999392,139.4023636350017,39,0.0
2026-06-17 14:56:00-04:00,SHORT,731.63,731.4836740000001,27,z,1.5,0.15,60,1.1691243959746471,0.013243125153559167,9.721778175227769,0.01,0.75,738.9463,726.142775,2026-06-17 15:21:00-04:00,726.142775,726.288003555,TAKE_PROFIT,148.1550749999991,0.189,7.871972984998592,8.060972984998592,140.09410201500052,25,0.0
2026-06-17 15:36:00-04:00,LONG,724.42,724.5648839999999,27,z,1.5,0.15,60,-2.0033620163953967,0.009593653005933463,7.04270067165578,0.01,0.75,717.1758,729.8531499999999,2026-06-17 15:59:00-04:00,722.5,722.3555,FORCED_EOD,-51.839999999998895,0.189,7.813367999998036,8.002367999998036,-59.84236799999693,23,0.0
2026-06-18 10:00:00-04:00,LONG,734.31,734.4568619999999,27,z,1.5,0.15,60,-1.6475392013653047,0.0002065180742213419,0.15212327865219777,0.01,0.75,726.9668999999999,739.817325,2026-06-18 12:39:00-04:00,739.817325,739.669361535,TAKE_PROFIT,148.697775000001,0.189,7.9602875549977625,8.149287554997763,140.54848744500325,159,0.0
2026-06-18 13:04:00-04:00,LONG,739.22,739.367844,27,z,1.5,0.15,60,-1.493385679030943,-0.001827686951346317,-1.3462924852311744,0.01,0.75,731.8278,744.76415,2026-06-18 15:59:00-04:00,739.66,739.512068,FORCED_EOD,11.879999999998404,0.189,7.9859519999981785,8.174951999998179,3.7050480000002253,175,0.0
2026-06-22 10:17:00-04:00,SHORT,743.3999,743.25122002,26,z,1.5,0.15,60,1.446760748208107,-0.0009418001923832448,-0.7003885490696575,0.01,0.75,750.833899,737.82440075,2026-06-22 10:43:00-04:00,737.82440075,737.97196563015,TAKE_PROFIT,144.96298050000019,0.182,7.702366363898818,7.884366363898819,137.07861413610138,26,0.0
2026-06-22 11:01:00-04:00,SHORT,738.2292,738.08155416,27,z,1.5,0.15,60,1.317328786892603,0.002280540107374291,1.6959692616510438,0.01,0.75,745.611492,732.692481,2026-06-22 15:59:00-04:00,738.001,738.1486001999999,FORCED_EOD,6.1614000000004125,0.189,7.97164307999833,8.16064307999833,-1.9992430799979175,298,0.0
2026-06-23 10:50:00-04:00,LONG,719.25,719.3938499999999,27,z,1.5,0.15,60,-1.8711013246852024,-0.005970240277205755,-4.264482927605286,0.01,0.75,712.0575,724.644375,2026-06-23 15:59:00-04:00,713.69,713.547262,FORCED_EOD,-150.11999999999853,0.189,7.737875999998323,7.926875999998323,-158.04687599999684,309,0.0
2026-06-24 10:39:00-04:00,SHORT,716.59,716.446682,27,z,1.5,0.15,60,1.5203504769843261,-0.002255461372524234,-1.6103768653686075,0.01,0.75,723.7559,711.2155750000001,2026-06-24 13:13:00-04:00,711.2155750000001,711.357818115,TAKE_PROFIT,145.1094749999993,0.189,7.710150104998661,7.899150104998661,137.21032489500064,154,0.0
2026-06-24 13:16:00-04:00,LONG,711.6052,711.7475210399999,28,z,1.5,0.15,60,-0.6198328941892031,-0.008961864374180341,-6.398681544521082,0.01,0.75,704.489148,716.942239,2026-06-24 15:13:00-04:00,704.489148,704.3482501704,STOP,-199.2494559999991,0.196,7.9301283487993715,8.126128348799371,-207.37558434879847,117,0.0
2026-06-24 15:14:00-04:00,LONG,704.5401,704.68100802,28,z,1.5,0.15,60,-1.577766488144646,-0.009215677503331016,-6.579901580603291,0.01,0.75,697.4946990000001,709.8241507500001,2026-06-24 15:53:00-04:00,709.8241507500001,709.6821859198501,TAKE_PROFIT,147.95342100000016,0.196,7.920439804198395,8.116439804198395,139.83698119580177,39,0.0
2026-06-25 09:55:00-04:00,LONG,708.28,708.421656,28,z,1.5,0.15,60,-1.7565586865576786,0.0009529560449058269,0.69099795772172,0.01,0.75,701.1972,713.5921,2026-06-25 10:10:00-04:00,713.5921,713.44938158,TAKE_PROFIT,148.73879999999963,0.196,7.962483759998577,8.158483759998576,140.58031624000105,15,0.0
2026-06-25 10:55:00-04:00,SHORT,716.69,716.5466620000001,27,z,1.5,0.15,60,1.7796687500211674,0.00681246771472142,4.939788464621643,0.01,0.75,723.8569000000001,711.314825,2026-06-25 11:12:00-04:00,711.314825,711.457087965,TAKE_PROFIT,145.12972500000035,0.189,7.7112260549988605,7.9002260549988605,137.2294989450015,17,0.0
2026-06-25 12:08:00-04:00,SHORT,716.1699,716.02666602,27,z,1.5,0.15,60,3.2488491500420698,0.010708666905102141,7.764961459558663,0.01,0.75,723.331599,710.7986257499999,2026-06-25 15:59:00-04:00,716.26,716.403252,FORCED_EOD,-2.4327000000001817,0.189,7.735121459998709,7.924121459998709,-10.35682145999889,231,0.0
2026-06-26 10:02:00-04:00,SHORT,710.54,710.397892,28,z,1.5,0.15,60,1.5125177157167193,-0.002107846107060095,-1.4892354315600187,0.01,0.75,717.6454,705.2109499999999,2026-06-26 15:59:00-04:00,705.2109499999999,705.3519921899999,TAKE_PROFIT,149.21340000000146,0.196,7.928205320000416,8.124205320000415,141.08919468000104,357,0.0
2026-06-29 09:58:00-04:00,LONG,713.0,713.1426,28,z,1.5,0.15,60,-1.3009293708189749,-0.0025858071473189863,-1.8448179926025432,0.01,0.75,705.87,718.3475,2026-06-29 10:15:00-04:00,705.87,705.728826,STOP,-199.63999999999987,0.196,7.945671999999831,8.141671999999831,-207.7816719999997,17,0.0
2026-06-29 10:20:00-04:00,LONG,707.8,707.94156,28,z,1.5,0.15,60,-1.2700663654869866,-0.006519092311739543,-4.650980566978205,0.01,0.75,700.722,713.1084999999999,2026-06-29 10:31:00-04:00,713.1084999999999,712.9658783,TAKE_PROFIT,148.63799999999947,0.196,7.9570875999993405,8.15308759999934,140.48491240000013,11,0.0
2026-06-29 11:01:00-04:00,SHORT,715.84,715.6968320000001,27,z,1.5,0.15,60,2.4799360605939396,0.002472680735268915,1.7641090965022386,0.01,0.75,722.9984000000001,710.4712000000001,2026-06-29 13:29:00-04:00,722.9984000000001,723.14299968,STOP,-193.27680000000078,0.189,7.769727359996978,7.958727359996978,-201.23552735999775,148,0.0
2026-06-29 13:35:00-04:00,LONG,722.64,722.784528,27,z,1.5,0.15,60,-1.1720059721214469,0.01703205124183422,12.1513449347691,0.01,0.75,715.4136,728.0598,2026-06-29 15:59:00-04:00,723.95,723.8052100000001,FORCED_EOD,35.370000000001596,0.189,7.8115859999994655,8.000585999999466,27.36941400000213,144,0.0
2026-06-30 09:47:00-04:00,SHORT,728.96,728.814208,27,z,1.5,0.15,60,1.5155099379688004,0.002508328001746874,1.8187886340666637,0.01,0.75,736.2496,723.4928,2026-06-30 12:54:00-04:00,736.2496,736.39684992,STOP,-196.81919999999866,0.189,7.912131840001734,8.101131840001734,-204.9203318400004,187,0.0
2026-06-30 12:58:00-04:00,LONG,735.9,736.0471799999999,27,z,1.5,0.15,60,-1.7586729920939588,0.002224506865693884,1.6129899283146187,0.01,0.75,728.5409999999999,741.4192499999999,2026-06-30 15:59:00-04:00,735.76,735.612848,FORCED_EOD,-3.7799999999996317,0.189,7.946963999998388,8.135963999998388,-11.91596399999802,181,0.0
2026-07-01 09:49:00-04:00,SHORT,728.36,728.214328,27,z,1.5,0.15,60,1.666552859045505,0.002865841897366046,2.089886545235231,0.01,0.75,735.6436,722.8973,2026-07-01 15:59:00-04:00,725.16,725.305032,FORCED_EOD,86.40000000000123,0.189,7.84900800000014,8.03800800000014,78.3619920000011,370,0.0
2026-07-02 10:08:00-04:00,LONG,729.45,729.59589,27,z,1.5,0.15,60,-1.2522016620076606,-0.003826283488770935,-2.776274773782461,0.01,0.75,722.1555000000001,734.920875,2026-07-02 10:28:00-04:00,722.1555000000001,722.0110689,STOP,-196.9514999999992,0.189,7.838669700000764,8.027669700000764,-204.97916969999997,20,0.0
2026-07-02 10:50:00-04:00,LONG,719.495,719.638899,27,z,1.5,0.15,60,-1.3792234506067833,-0.01981680957451449,-14.378680691076283,0.01,0.75,712.30005,724.8912125,2026-07-02 12:31:00-04:00,712.30005,712.15758999,STOP,-194.26364999999862,0.189,7.73169327000187,7.92069327000187,-202.18434327000048,101,0.0
2026-07-02 13:31:00-04:00,LONG,710.55,710.69211,28,z,1.5,0.15,60,-1.4749897420896436,-0.030804087567690763,-22.35082985736517,0.01,0.75,703.4445,715.8791249999999,2026-07-02 15:59:00-04:00,712.74,712.597452,FORCED_EOD,61.32000000000153,0.196,7.970424000001003,8.166424000001003,53.15357600000053,148,0.0
2026-07-06 09:53:00-04:00,SHORT,722.565,722.4204870000001,27,z,1.5,0.15,60,1.0970456786589302,0.0062601532077217505,4.510002175439013,0.01,0.75,729.79065,717.1457625,2026-07-06 15:59:00-04:00,722.63,722.7745259999999,FORCED_EOD,-1.7549999999984038,0.189,7.804052999996998,7.993052999996998,-9.748052999995402,366,0.0
2026-07-07 09:57:00-04:00,LONG,710.49,710.632098,28,z,1.5,0.15,60,-1.7669550042607505,-0.0067415731898837275,-4.821101235281503,0.01,0.75,703.3851,715.818675,2026-07-07 15:59:00-04:00,709.495,709.353101,FORCED_EOD,-27.860000000000127,0.196,7.951915999999983,8.147915999999983,-36.00791600000011,362,0.0
2026-07-08 10:00:00-04:00,SHORT,708.97,708.828206,28,z,1.5,0.15,60,1.7193817749562412,0.003537058558831001,2.497870754246378,0.01,0.75,716.0597,703.652725,2026-07-08 11:14:00-04:00,703.652725,703.793455545,TAKE_PROFIT,148.88369999999986,0.196,7.9106872600000315,8.106687260000031,140.77701273999983,74,0.0
2026-07-08 11:16:00-04:00,LONG,703.43,703.5706859999999,28,z,1.5,0.15,60,-1.7262940529262023,-0.0037034523084630935,-2.615378020236676,0.01,0.75,696.3956999999999,708.7057249999999,2026-07-08 12:50:00-04:00,708.7057249999999,708.563983855,TAKE_PROFIT,147.72029999999904,0.196,7.907960059998004,8.103960059998004,139.61633994000104,94,0.0
2026-07-08 13:12:00-04:00,LONG,708.61,708.751722,28,z,1.5,0.15,60,-2.8190309309576773,-0.0047640221679553195,-3.364352455010021,0.01,0.75,701.5239,713.924575,2026-07-08 15:59:00-04:00,711.3,711.15774,FORCED_EOD,75.31999999999834,0.196,7.95149599999786,8.14749599999786,67.17250400000049,167,0.0
2026-07-09 09:50:00-04:00,LONG,720.62,720.764124,27,z,1.5,0.15,60,-1.0331019784251474,1.2856847315060455e-05,0.009219002367103712,0.01,0.75,713.4138,726.02465,2026-07-09 15:59:00-04:00,723.19,723.0453620000001,FORCED_EOD,69.39000000000135,0.189,7.796574000000533,7.985574000000533,61.40442600000082,369,7.105427357601002e-15
2026-07-10 09:48:00-04:00,SHORT,722.3696,722.22512608,27,z,1.5,0.15,60,1.5671328713235437,0.001712996909903487,1.236269869877333,0.01,0.75,729.593296,716.951828,2026-07-10 15:59:00-04:00,725.54,725.6851079999999,FORCED_EOD,-85.60079999999925,0.189,7.818711839998173,8.007711839998173,-93.60851183999742,371,0.0
2026-07-13 10:28:00-04:00,SHORT,716.54,716.396692,27,z,1.5,0.15,60,2.021660460398095,0.0013386878701681596,0.960963700721436,0.01,0.75,723.7053999999999,711.16595,2026-07-13 15:22:00-04:00,711.16595,711.3081831899999,TAKE_PROFIT,145.0993500000003,0.189,7.709612129997026,7.898612129997026,137.20073787000328,294,0.0
2026-07-13 15:32:00-04:00,SHORT,711.13,710.9877740000001,28,z,1.5,0.15,60,2.6410834151964915,-0.002348875850812104,-1.6861170407469217,0.01,0.75,718.2413,705.796525,2026-07-13 15:59:00-04:00,711.77,711.9123539999999,FORCED_EOD,-17.919999999999618,0.196,7.9682399999969675,8.164239999996967,-26.084239999996587,27,0.0
2026-07-14 10:01:00-04:00,LONG,719.34,719.483868,27,z,1.5,0.15,60,-1.1342518555688939,-0.001965055057450264,-1.413188995116002,0.01,0.75,712.1466,724.73505,2026-07-14 15:59:00-04:00,719.65,719.50607,FORCED_EOD,8.369999999998527,0.189,7.770545999998717,7.959545999998717,0.41045399999980964,358,-5.551115123125783e-17
2026-07-15 09:48:00-04:00,LONG,719.99,720.133998,27,z,1.5,0.15,60,-1.5325519642744083,-0.005451549670928735,-3.9457771363214533,0.01,0.75,712.7901,725.3899250000001,2026-07-15 12:06:00-04:00,712.7901,712.64754198,STOP,-194.39729999999884,0.189,7.737012540000933,7.926012540000933,-202.32331253999976,138,0.0
2026-07-15 13:03:00-04:00,SHORT,713.4,713.25732,28,z,1.5,0.15,60,2.1297182591638664,-0.022570972130830216,-16.3366439185736,0.01,0.75,720.534,708.0495,2026-07-15 15:59:00-04:00,717.7,717.8435400000001,FORCED_EOD,-120.40000000000191,0.196,8.01415999999881,8.21015999999881,-128.61016000000072,176,0.0
2026-07-16 09:48:00-04:00,LONG,708.11,708.251622,28,z,1.5,0.15,60,-1.8876817019313734,-0.0007516053387135076,-0.535879574395949,0.01,0.75,701.0289,713.420825,2026-07-16 15:59:00-04:00,706.02,705.878796,FORCED_EOD,-58.52000000000089,0.196,7.919128000000001,8.115128,-66.63512800000089,371,0.0
2026-07-17 10:04:00-04:00,SHORT,695.065,694.9259870000001,28,z,1.5,0.15,60,1.6948387835841372,0.004703069445645311,3.257157775276255,0.01,0.75,702.01565,689.8520125,2026-07-17 13:08:00-04:00,702.01565,702.15605313,STOP,-194.6181999999999,0.196,7.823651639998843,8.019651639998843,-202.63785163999873,184,0.0
2026-07-17 13:20:00-04:00,SHORT,701.19,701.0497620000001,28,z,1.5,0.15,60,1.5834519356696348,0.007989219047395852,5.533013543464335,0.01,0.75,708.2019,695.9310750000001,2026-07-17 15:11:00-04:00,695.9310750000001,696.0702612150001,TAKE_PROFIT,147.24989999999934,0.196,7.823878019998574,8.019878019998574,139.23002198000077,111,0.0
2026-07-17 15:25:00-04:00,LONG,694.6,694.73892,28,z,1.5,0.15,60,-1.6175129173383225,0.0010554115851601161,0.7309358474185501,0.01,0.75,687.654,699.8095000000001,2026-07-17 15:59:00-04:00,695.3,695.16094,FORCED_EOD,19.59999999999809,0.196,7.783439999998791,7.979439999998791,11.6205599999993,34,-1.7763568394002505e-15
2026-07-20 10:07:00-04:00,LONG,701.29,701.430258,28,z,1.5,0.15,60,-0.7750990078571754,0.000958858305005189,0.6736389025157905,0.01,0.75,694.2771,706.549675,2026-07-20 15:59:00-04:00,696.0,695.8608,FORCED_EOD,-148.11999999999898,0.196,7.824823999999353,8.020823999999353,-156.14082399999833,352,0.0
2026-07-21 09:52:00-04:00,SHORT,704.65,704.50907,28,z,1.5,0.15,60,1.5521279835760475,0.0005707181005154228,0.4027443491717122,0.01,0.75,711.6965,699.365125,2026-07-21 15:59:00-04:00,708.94,709.0817880000001,FORCED_EOD,-120.12000000000216,0.196,7.916104000001269,8.112104000001269,-128.23210400000343,367,0.0
2026-07-22 09:47:00-04:00,SHORT,706.31,706.168738,28,z,1.5,0.15,60,1.3278082887984881,0.00466653015125933,3.2868705120395134,0.01,0.75,713.3730999999999,701.012675,2026-07-22 15:59:00-04:00,705.22,705.361044,FORCED_EOD,30.519999999997708,0.196,7.904567999998562,8.100567999998562,22.419431999999144,372,0.0
2026-07-23 10:14:00-04:00,SHORT,695.42,695.2809159999999,28,z,1.5,0.15,60,1.7722507221924493,0.0071996269078510085,4.9964690777795795,0.01,0.75,702.3742,690.20435,2026-07-23 11:07:00-04:00,690.20435,690.3423908699999,TAKE_PROFIT,146.0381999999995,0.196,7.759496359999048,7.955496359999048,138.08270364000046,53,0.0
2026-07-23 11:16:00-04:00,LONG,689.65,689.78793,28,z,1.5,0.15,60,-1.3949955912667698,0.0068201510179149855,4.73311660492277,0.01,0.75,682.7535,694.822375,2026-07-23 12:38:00-04:00,694.822375,694.683410525,TAKE_PROFIT,144.82649999999967,0.196,7.7530452999985755,7.949045299998575,136.8774547000011,82,0.0
2026-07-23 12:45:00-04:00,SHORT,693.905,693.766219,28,z,1.5,0.15,60,0.6472445109264348,0.00783142025357401,5.4349273417777795,0.01,0.75,700.8440499999999,688.7007125,2026-07-23 15:59:00-04:00,691.99,692.128398,FORCED_EOD,53.61999999999898,0.196,7.761011999998118,7.957011999998118,45.662988000000865,194,0.0
2026-07-24 09:54:00-04:00,LONG,685.88,686.017176,29,z,1.5,0.15,60,-1.925773452296524,-0.003578044722824543,-2.4696022481407454,0.01,0.75,679.0212,691.0241,2026-07-24 11:39:00-04:00,691.0241,690.88589518,TAKE_PROFIT,149.17889999999943,0.203,7.986043779996976,8.189043779996975,140.98985622000245,105,0.0
2026-07-24 11:41:00-04:00,SHORT,690.82,690.6818360000001,28,z,1.5,0.15,60,0.9203168775344892,-0.007820661850695344,-5.397899015968392,0.01,0.75,697.7282,685.63885,2026-07-24 14:28:00-04:00,685.63885,685.77597777,TAKE_PROFIT,145.07220000000007,0.196,7.708169559999078,7.904169559999078,137.168030440001,167,0.0
2026-07-24 14:34:00-04:00,LONG,684.71,684.846942,29,z,1.5,0.15,60,-1.4963848105071338,-0.011330315784623225,-7.820297257704851,0.01,0.75,677.8629000000001,689.845325,2026-07-24 15:59:00-04:00,684.22,684.083156,FORCED_EOD,-14.210000000000264,0.203,7.93979399999921,8.14279399999921,-22.352793999999474,85,0.0
2026-07-27 10:00:00-04:00,LONG,685.83,685.967166,29,z,1.5,0.15,60,-2.0411501437846398,-0.0019042514179688956,-1.316789855525485,0.01,0.75,678.9717,690.9737250000001,2026-07-27 10:30:00-04:00,678.9717,678.8359056600001,STOP,-198.89069999999958,0.203,7.915849859998275,8.118849859998274,-207.00954985999786,30,0.0
2026-07-27 10:32:00-04:00,LONG,679.18,679.315836,29,z,1.5,0.15,60,-1.3547437559114681,-0.008275115173909123,-5.722242142758091,0.01,0.75,672.3882,684.2738499999999,2026-07-27 15:59:00-04:00,682.06,681.923588,FORCED_EOD,83.51999999999987,0.203,7.895191999999724,8.098191999999724,75.42180800000014,327,0.0
2026-07-28 10:20:00-04:00,LONG,668.1,668.23362,29,z,1.5,0.15,60,-2.131225507655628,-0.0072671279062215275,-4.913595862512693,0.01,0.75,661.419,673.11075,2026-07-28 10:48:00-04:00,673.11075,672.97612785,TAKE_PROFIT,145.31175000000087,0.203,7.779022349999764,7.982022349999764,137.3297276500011,28,0.0
2026-07-28 11:35:00-04:00,SHORT,677.04,676.904592,29,z,1.5,0.15,60,1.7389615716989044,-0.0025848345052302173,-1.7477100023663752,0.01,0.75,683.8104,671.9621999999999,2026-07-28 15:59:00-04:00,675.5,675.6351,FORCED_EOD,44.659999999998945,0.203,7.844731999998544,8.047731999998543,36.6122680000004,264,0.0
2026-07-29 09:54:00-04:00,LONG,672.06,672.1944119999999,29,z,1.5,0.15,60,-1.735777682540464,-0.0017993219594627798,-1.2133907565832942,0.01,0.75,665.3394,677.1004499999999,2026-07-29 11:54:00-04:00,665.3394,665.20633212,STOP,-194.89739999999972,0.203,7.756916519999891,7.959916519999891,-202.8573165199996,120,0.0
2026-07-29 12:08:00-04:00,LONG,664.41,664.542882,30,z,1.5,0.15,60,-1.335630165158201,-0.008136608958685962,-5.487003617379401,0.01,0.75,657.7659,669.393075,2026-07-29 13:04:00-04:00,669.393075,669.259196385,TAKE_PROFIT,149.49224999999956,0.21,8.002818449998585,8.212818449998586,141.27943155000096,56,0.0
2026-07-29 13:08:00-04:00,SHORT,668.945,668.8112110000001,29,z,1.5,0.15,60,1.3166109335179232,-0.006892894129647718,-4.6482920852691905,0.01,0.75,675.63445,663.9279125,2026-07-29 14:40:00-04:00,675.63445,675.76957689,STOP,-193.994049999999,0.203,7.798560810000481,8.00156081000048,-201.99561080999948,92,0.0
2026-07-29 14:45:00-04:00,SHORT,677.03,676.894594,29,z,1.5,0.15,60,1.5982369442168662,-0.004572990128404137,-3.0838416229906898,0.01,0.75,683.8003,671.952275,2026-07-29 15:21:00-04:00,671.952275,672.086665455,TAKE_PROFIT,147.25402499999961,0.203,7.824097195000149,8.027097195000149,139.22692780499946,36,0.0
2026-07-30 10:46:00-04:00,LONG,682.33,682.4664660000001,29,z,1.5,0.15,60,-1.4618058004509713,-0.006245202737699528,-4.2119520823868015,0.01,0.75,675.5067,687.447475,2026-07-30 15:59:00-04:00,683.6,683.46328,FORCED_EOD,36.82999999999947,0.203,7.922394000000281,8.12539400000028,28.704605999999192,313,-3.552713678800501e-15
2026-07-31 09:51:00-04:00,LONG,686.59,686.727318,29,z,1.5,0.15,60,-1.635451250035234,-0.016077183313056936,-11.13560217913755,0.01,0.75,679.7241,691.739425,2026-07-31 15:59:00-04:00,687.92,687.782416,FORCED_EOD,38.56999999999789,0.203,7.972157999996625,8.175157999996625,30.394842000001265,368,-3.552713678800501e-15
2026-08-03 09:56:00-04:00,LONG,691.71,691.848342,28,z,1.5,0.15,60,-0.31498168118592473,-0.004444833618245837,-3.0531117640369985,0.01,0.75,684.7929,696.897825,2026-08-03 10:51:00-04:00,696.897825,696.758445435,TAKE_PROFIT,145.2590999999993,0.196,7.7762038199994095,7.972203819999409,137.2868961799999,55,0.0
2026-08-03 10:53:00-04:00,SHORT,697.09,696.950582,28,z,1.5,0.15,60,2.696324865428012,0.0018314374804443805,1.25799609094247,0.01,0.75,704.0609000000001,691.8618250000001,2026-08-03 15:59:00-04:00,700.06,700.2000119999999,FORCED_EOD,-83.15999999999758,0.196,7.824039999998149,8.020039999998149,-91.18003999999573,306,0.0
2026-08-04 10:21:00-04:00,LONG,714.69,714.832938,27,z,1.5,0.15,60,-1.8231181440495419,-0.002097535851671082,-1.4889987503842121,0.01,0.75,707.5431000000001,720.0501750000001,2026-08-04 12:33:00-04:00,720.0501750000001,719.9061649650001,TAKE_PROFIT,144.72472500000072,0.189,7.747596944997554,7.936596944997554,136.78812805500317,132,0.0
2026-08-04 12:43:00-04:00,SHORT,719.805,719.661039,27,z,1.5,0.15,60,0.8962384883104364,0.00454061981461985,3.2232951940023895,0.01,0.75,727.0030499999999,714.4064625,2026-08-04 15:59:00-04:00,723.68,723.8247359999999,FORCED_EOD,-104.625,0.189,7.794818999998824,7.9838189999988245,-112.60881899999882,196,0.0
2026-08-05 09:47:00-04:00,SHORT,727.53,727.384494,27,z,1.5,0.15,60,1.7367907093254888,0.00680178506156885,4.937551811894082,0.01,0.75,734.8053,722.073525,2026-08-05 10:53:00-04:00,722.073525,722.217939705,TAKE_PROFIT,147.32482499999878,0.189,7.827859034999619,8.01685903499962,139.30796596499917,66,0.0
2026-08-05 11:03:00-04:00,LONG,723.275,723.4196549999999,27,z,1.5,0.15,60,-1.295828543530061,-0.0018645267404828899,-1.3534972514513584,0.01,0.75,716.04225,728.6995625,2026-08-05 15:59:00-04:00,717.24,717.096552,FORCED_EOD,-162.94499999999914,0.189,7.778780999999412,7.9677809999994125,-170.91278099999855,296,0.0
2026-08-06 09:47:00-04:00,SHORT,714.59,714.447082,27,z,1.5,0.15,60,1.4166137739548401,0.0013798341127217529,0.9805791122056462,0.01,0.75,721.7359,709.230575,2026-08-06 15:59:00-04:00,714.57,714.7129140000001,FORCED_EOD,0.5399999999995089,0.189,7.717464000000746,7.906464000000746,-7.366464000001237,372,0.0
2026-08-07 09:58:00-04:00,LONG,719.02,719.1638039999999,27,z,1.5,0.15,60,-1.4662503539955867,-0.0050194926421749265,-3.6169962030248826,0.01,0.75,711.8298,724.41265,2026-08-07 15:59:00-04:00,722.98,722.835404,FORCED_EOD,106.92000000000098,0.189,7.786799999997584,7.975799999997584,98.9442000000034,361,0.0
2026-08-10 10:09:00-04:00,SHORT,723.49,723.3453020000001,27,z,1.5,0.15,60,1.3185850589688453,0.003131099778968107,2.2630962982425444,0.01,0.75,730.7249,718.063825,2026-08-10 15:59:00-04:00,720.805,720.9491609999999,FORCED_EOD,72.4950000000016,0.189,7.79919299999699,7.98819299999699,64.50680700000461,350,0.0
2026-08-11 09:54:00-04:00,SHORT,719.36,719.216128,27,z,1.5,0.15,60,1.1805952917790952,0.005727490564506369,4.133988139649432,0.01,0.75,726.5536,713.9648,2026-08-11 15:59:00-04:00,718.33,718.473666,FORCED_EOD,27.809999999999263,0.189,7.7635259999980235,7.952525999998024,19.85747400000124,365,0.0
2026-08-12 09:52:00-04:00,SHORT,725.42,725.274916,27,z,1.5,0.15,60,1.4609203845833305,0.0015281708781727217,1.1103689600803364,0.01,0.75,732.6741999999999,719.97935,2026-08-12 15:59:00-04:00,723.66,723.804732,FORCED_EOD,47.519999999999754,0.189,7.825031999999283,8.014031999999283,39.50596800000047,367,0.0
2026-08-13 09:48:00-04:00,SHORT,729.94,729.7940120000001,27,z,1.5,0.15,60,1.4564736711312083,0.0015845529829943547,1.148388928895315,0.01,0.75,737.2394,724.46545,2026-08-13 15:59:00-04:00,732.06,732.2064119999999,FORCED_EOD,-57.23999999999705,0.189,7.894799999998099,8.0837999999981,-65.32379999999515,371,0.0
2026-08-14 09:50:00-04:00,SHORT,733.43,733.283314,27,z,1.5,0.15,60,0.22811194698429008,-0.0005324064668815007,-0.3905707220719705,0.01,0.75,740.7642999999999,727.929275,2026-08-14 15:59:00-04:00,731.03,731.176206,FORCED_EOD,64.79999999999939,0.189,7.9080839999983255,8.097083999998326,56.70291600000106,369,7.105427357601002e-15
2026-08-17 10:36:00-04:00,SHORT,732.45,732.3035100000001,27,z,1.5,0.15,60,1.118646429381134,0.007998166952422996,5.86889494634886,0.01,0.75,739.7745,726.956625,2026-08-17 15:59:00-04:00,729.85,729.99597,FORCED_EOD,70.20000000000061,0.189,7.896420000000148,8.085420000000148,62.114580000000466,323,7.105427357601002e-15
2026-08-18 10:05:00-04:00,LONG,719.81,719.9539619999999,27,z,1.5,0.15,60,-1.6578542432082946,-0.0025293400163460267,-1.8231735771822741,0.01,0.75,712.6119,725.208575,2026-08-18 15:59:00-04:00,717.62,717.476476,FORCED_EOD,-59.129999999998404,0.189,7.762121999998499,7.951121999998499,-67.0811219999969,354,0.0
2026-08-19 09:53:00-04:00,LONG,714.26,714.4028519999999,27,z,1.5,0.15,60,-2.1437031955344086,-0.005546504066370431,-3.992706417217505,0.01,0.75,707.1174,719.61695,2026-08-19 12:18:00-04:00,719.61695,719.47302661,TAKE_PROFIT,144.63764999999955,0.189,7.742935529996998,7.9319355299969985,136.70571447000256,145,0.0
2026-08-19 12:41:00-04:00,SHORT,718.27,718.126346,27,z,1.5,0.15,60,2.490050255465469,-0.008445378139657244,-6.079489907613606,0.01,0.75,725.4526999999999,712.882975,2026-08-19 15:59:00-04:00,716.13,716.273226,FORCED_EOD,57.77999999999963,0.189,7.745759999999905,7.934759999999905,49.84523999999973,198,0.0
2026-08-20 09:48:00-04:00,LONG,712.93,713.0725859999999,28,z,1.5,0.15,60,-1.1152738352977976,0.0003634341666065304,0.2587487720862782,0.01,0.75,705.8007,718.276975,2026-08-20 15:59:00-04:00,711.0,710.8578,FORCED_EOD,-54.0399999999986,0.196,7.974007999998321,8.17000799999832,-62.21000799999692,371,0.0
2026-08-21 09:48:00-04:00,SHORT,711.64,711.497672,28,z,1.5,0.15,60,0.9212389219361706,0.0007092942652479929,0.5065354065842484,0.01,0.75,718.7564,706.3027,2026-08-21 15:59:00-04:00,713.41,713.552682,FORCED_EOD,-49.55999999999949,0.196,7.980280000001585,8.176280000001585,-57.736280000001074,371,0.0
