timestamp,strategy,net_pnl,equity,drawdown_pct
2024-08-22 09:47:00-04:00,convergence,-2.2104477599961223,99997.78955224,0.0
2024-08-22 10:08:00-04:00,convergence,-38.15140199999964,99959.63815024,-0.03815224533545436
2024-08-22 15:59:00-04:00,convergence,313.3015000000029,100272.93965024,0.0
2024-08-23 15:59:00-04:00,convergence,56.633627999999796,100329.57327824,0.0
2024-08-26 10:02:00-04:00,convergence,-93.0143219999998,100236.55895624001,-0.09270877863901683
2024-08-26 12:32:00-04:00,convergence,21.007498000003046,100257.56645424,-0.07177028830801513
2024-08-27 09:54:00-04:00,convergence,-109.88880083999801,100147.67765340001,-0.18129811469999035
2024-08-27 15:59:00-04:00,convergence,96.29617200000142,100243.97382540001,-0.0853182666317176
2024-08-28 09:47:00-04:00,convergence,-54.901307999998735,100189.07251740001,-0.14003922896227428
2024-08-28 15:32:00-04:00,convergence,-6.129731999998984,100182.94278540001,-0.1461488253651222
2024-08-29 10:22:00-04:00,convergence,-5.324675999999857,100177.61810940002,-0.1514560103017426
2024-08-29 14:01:00-04:00,convergence,-12.065171999999297,100165.55293740002,-0.16348154933850667
2024-08-29 15:59:00-04:00,convergence,20.352864000001073,100185.90580140002,-0.14319554259595302
2024-08-30 13:52:00-04:00,convergence,-94.98295799999802,100090.92284340003,-0.23786649044956754
2024-08-30 15:59:00-04:00,convergence,11.446595999997708,100102.36943940002,-0.22645749544840665
2024-09-03 15:59:00-04:00,convergence,419.8414920000017,100522.21093140003,0.0
2024-09-04 10:35:00-04:00,convergence,-163.02607200000085,100359.18485940002,-0.16217915472558353
2024-09-04 11:26:00-04:00,convergence,-59.444145999998184,100299.74071340002,-0.22131448954283428
2024-09-04 14:21:00-04:00,convergence,-52.964476000000744,100246.77623740002,-0.2740038161197833
2024-09-04 15:59:00-04:00,convergence,-9.083491999998285,100237.69274540003,-0.2830401195554333
2024-09-05 15:59:00-04:00,convergence,80.7951940000007,100318.48793940002,-0.20266465501742603
2024-09-06 09:44:00-04:00,convergence,-52.039116000000334,100266.44882340002,-0.2544334288215655
2024-09-06 15:59:00-04:00,convergence,326.4515280000011,100592.90035140002,0.0
2024-09-09 09:43:00-04:00,convergence,3.807627120000454,100596.70797852002,0.0
2024-09-09 15:56:00-04:00,convergence,-24.133823999999784,100572.57415452003,-0.02399066975943276
2024-09-10 09:39:00-04:00,convergence,-76.5225419999987,100496.05161252002,-0.10005930414889175
2024-09-10 14:52:00-04:00,convergence,18.492408000001763,100514.54402052003,-0.08167658728706062
2024-09-10 15:59:00-04:00,convergence,-12.49098399999657,100502.05303652002,-0.09409347870529272
2024-09-11 15:59:00-04:00,convergence,373.12794200000235,100875.18097852003,0.0
2024-09-12 09:34:00-04:00,convergence,-64.8598440000002,100810.32113452003,-0.06429712776804264
2024-09-12 15:59:00-04:00,convergence,190.87538399999957,101001.19651852004,0.0
2024-09-13 09:40:00-04:00,convergence,-62.42602799999976,100938.77049052004,-0.06180721630218988
2024-09-13 15:59:00-04:00,convergence,-69.16753199999665,100869.60295852003,-0.13028910996700782
2024-09-16 09:43:00-04:00,convergence,10.680347999998485,100880.28330652004,-0.11971463325964882
2024-09-16 12:19:00-04:00,convergence,-61.550075999998185,100818.73323052004,-0.1806545806282034
2024-09-16 14:53:00-04:00,convergence,-35.12107283999718,100783.61215768004,-0.21542750812868494
2024-09-17 09:44:00-04:00,convergence,-7.454495999996669,100776.15766168004,-0.22280810980167542
2024-09-17 10:42:00-04:00,convergence,-25.09550399999957,100751.06215768005,-0.24765484911273283
2024-09-17 15:59:00-04:00,convergence,114.51291800000067,100865.57507568004,-0.13427706553469365
2024-09-18 09:55:00-04:00,convergence,-29.459765999998826,100836.11530968004,-0.16344480514122184
2024-09-18 11:46:00-04:00,convergence,-90.7699379999989,100745.34537168004,-0.25331496621733285
2024-09-18 14:04:00-04:00,convergence,125.2891919999971,100870.63456368004,-0.12926773081946008
2024-09-18 15:09:00-04:00,convergence,-137.19291600000034,100733.44164768004,-0.26510069194171093
2024-09-18 15:59:00-04:00,convergence,-155.45178599999988,100577.98986168005,-0.4190115280093609
2024-09-19 15:59:00-04:00,convergence,41.81508000000256,100619.80494168005,-0.3776109491634094
2024-09-20 09:40:00-04:00,convergence,-20.509183999997582,100599.29575768004,-0.39791683137764267
2024-09-20 12:18:00-04:00,convergence,-8.999992000000157,100590.29576568004,-0.40682760898248516
2024-09-20 15:59:00-04:00,convergence,-32.379750819999195,100557.91601486005,-0.43888638841887984
2024-09-23 09:50:00-04:00,convergence,-67.24524799999764,100490.67076686004,-0.5054650531455707
2024-09-23 10:50:00-04:00,convergence,-26.046111819997655,100464.62465504005,-0.5312529771680397
2024-09-24 12:02:00-04:00,convergence,-89.62661499999737,100374.99804004005,-0.6199911486842291
2024-09-24 15:31:00-04:00,convergence,-41.864115999999534,100333.13392404006,-0.661440277450065
2024-09-25 15:59:00-04:00,convergence,-14.407481999997765,100318.72644204006,-0.6757049421239669
2024-09-26 13:20:00-04:00,convergence,-253.30615999999944,100065.42028204005,-0.9265001492416935
2024-09-27 15:59:00-04:00,convergence,108.3082400000014,100173.72852204007,-0.8192655384317571
2024-09-30 15:59:00-04:00,convergence,40.918820000000075,100214.64734204006,-0.7787523352119408
2024-10-01 15:59:00-04:00,convergence,-58.188183999999204,100156.45915804006,-0.8363637160724968
2024-10-02 15:08:00-04:00,convergence,-127.07605600000059,100029.38310204005,-0.9621801027889676
2024-10-03 10:20:00-04:00,convergence,22.596666200001245,100051.97976824007,-0.939807431000006
2024-10-04 15:59:00-04:00,convergence,-18.93970399999815,100033.04006424006,-0.9585593910290457
2024-10-07 09:57:00-04:00,convergence,-8.6527219999983,100024.38734224006,-0.9671263410239495
2024-10-07 15:59:00-04:00,convergence,-178.78689600000004,99845.60044624006,-1.1441409726943963
2024-10-08 15:59:00-04:00,convergence,201.64997200000053,100047.25041824006,-0.9444899002805984
2024-10-09 10:07:00-04:00,convergence,-53.96645360000073,99993.28396464007,-0.9979213995699121
2024-10-09 15:59:00-04:00,convergence,-21.36808000000181,99971.91588464007,-1.019077663789103
2024-10-10 15:59:00-04:00,convergence,51.250280000001766,100023.16616464006,-0.9683354134330857
2024-10-11 15:59:00-04:00,convergence,-53.364399999997914,99969.80176464007,-1.0211708271107955
2024-10-14 15:59:00-04:00,convergence,18.565840000001316,99988.36760464007,-1.0027890250728477
2024-10-15 10:11:00-04:00,convergence,-35.44064000000142,99952.92696464006,-1.037878351953736
2024-10-15 14:16:00-04:00,convergence,204.6216000000006,100157.54856464006,-0.8352851084544088
2024-10-15 15:59:00-04:00,convergence,27.874719999997723,100185.42328464007,-0.8076867027316692
2024-10-16 09:58:00-04:00,convergence,-110.10680000000073,100075.31648464006,-0.916702044921025
2024-10-16 15:59:00-04:00,convergence,1.066960000000763,100076.38344464006,-0.9156456613961028
2024-10-17 09:50:00-04:00,convergence,-69.37351999999899,100007.00992464006,-0.9843315011596632
2024-10-17 10:20:00-04:00,convergence,-54.1581599999993,99952.85176464007,-1.0379528065172394
2024-10-18 09:36:00-04:00,convergence,-8.179360000001251,99944.67240464006,-1.0460510868168238
2024-10-18 10:06:00-04:00,convergence,-26.192240000000112,99918.48016464006,-1.0719836904916735
2024-10-18 11:44:00-04:00,convergence,5.0519296000017855,99923.53209424007,-1.0669818392521346
2024-10-18 15:57:00-04:00,convergence,1.4097599999992962,99924.94185424007,-1.0655860538074213
2024-10-21 09:36:00-04:00,convergence,-22.179120000000495,99902.76273424007,-1.0875453184146733
2024-10-21 15:59:00-04:00,convergence,35.00096000000232,99937.76369424007,-1.0528913131093165
2024-10-22 15:59:00-04:00,convergence,96.21240159999863,100033.97609584007,-0.957632638047623
2024-10-23 15:59:00-04:00,convergence,183.067839999999,100217.04393584006,-0.7763794981737626
2024-10-24 09:34:00-04:00,convergence,-25.935319999998484,100191.10861584007,-0.8020577286244612
2024-10-24 10:00:00-04:00,convergence,-39.93395999999828,100151.17465584006,-0.8415958344850982
2024-10-24 10:47:00-04:00,convergence,-44.33868000000055,100106.83597584006,-0.8854949975924176
2024-10-25 15:59:00-04:00,convergence,-44.61176000000003,100062.22421584006,-0.929664533734309
2024-10-28 15:59:00-04:00,convergence,81.89557600000191,100144.11979184007,-0.8485807655979727
2024-10-29 10:04:00-04:00,convergence,5.382720000000263,100149.50251184007,-0.8432514029908522
2024-10-29 11:31:00-04:00,convergence,-22.643519999998972,100126.85899184007,-0.8656704641312296
2024-10-30 09:40:00-04:00,convergence,-61.65772079999877,100065.20127104007,-0.9267169892470895
2024-10-30 11:28:00-04:00,convergence,-40.665519999999816,100024.53575104008,-0.9669794033587253
2024-10-30 13:45:00-04:00,convergence,-64.65448000000131,99959.88127104007,-1.0309929816415875
2024-10-30 15:58:00-04:00,convergence,-57.0270400000002,99902.85423104007,-1.0874547285967817
2024-10-31 09:37:00-04:00,convergence,-34.389573600001114,99868.46465744007,-1.1215034080039543
2024-10-31 09:40:00-04:00,convergence,-38.12727999999859,99830.33737744007,-1.1592527429764465
2024-10-31 15:20:00-04:00,convergence,59.38251399999999,99889.71989144007,-1.100458871174037
2024-10-31 15:59:00-04:00,convergence,51.62506800000413,99941.34495944007,-1.04934554798628
2024-11-01 09:36:00-04:00,convergence,-9.488465999997425,99931.85649344008,-1.0587399574854328
2024-11-01 11:13:00-04:00,convergence,83.94922199999874,100015.80571544007,-0.9756229005656203
2024-11-04 09:44:00-05:00,convergence,-59.50305399999822,99956.30266144007,-1.034536117488838
2024-11-04 15:59:00-05:00,convergence,49.951612000001525,100006.25427344008,-0.985079661801358
2024-11-05 11:25:00-05:00,convergence,-124.11983999999828,99882.13443344008,-1.1079691366574718
2024-11-05 15:59:00-05:00,convergence,-20.953440000000484,99861.18099344008,-1.1287148710866224
2024-11-06 15:59:00-05:00,convergence,155.28201000000175,100016.46300344009,-0.9749721280771007
2024-11-07 15:59:00-05:00,convergence,159.44838000000183,100175.91138344009,-0.8171043151242507
2024-11-08 09:49:00-05:00,convergence,-15.674847999998898,100160.23653544008,-0.832623782754649
2024-11-08 15:59:00-05:00,convergence,-63.272897999998214,100096.96363744009,-0.8952694742721645
2024-11-11 15:59:00-05:00,convergence,37.13474000000095,100134.0983774401,-0.8585028405291739
2024-11-12 15:59:00-05:00,convergence,-11.862991999997726,100122.23538544009,-0.870248238018434
2024-11-13 11:21:00-05:00,convergence,30.73621200000107,100152.97159744009,-0.8398167054629035
2024-11-13 15:59:00-05:00,convergence,-47.960484000001465,100105.0111134401,-0.8873017706435005
2024-11-14 15:59:00-05:00,convergence,-158.38828199999548,99946.6228314401,-1.044119994050341
2024-11-15 15:59:00-05:00,convergence,222.0323047800001,100168.6551362201,-0.824288633201764
2024-11-18 10:15:00-05:00,convergence,-69.45368000000124,100099.2014562201,-0.893053838361757
2024-11-18 15:01:00-05:00,convergence,37.93732800000074,100137.1387842201,-0.8554925724483908
2024-11-18 15:59:00-05:00,convergence,-13.079199999997199,100124.0595842201,-0.8684421220090277
2024-11-19 15:59:00-05:00,convergence,212.9099999999996,100336.9695842201,-0.6576426390930368
2024-11-20 09:36:00-05:00,convergence,31.277922000001208,100368.2475062201,-0.6266747663567385
2024-11-20 15:59:00-05:00,convergence,-88.44669599999881,100279.8008102201,-0.71424471507886
2024-11-21 09:33:00-05:00,convergence,-50.68198199999919,100229.1188282201,-0.764424300813471
2024-11-21 15:59:00-05:00,convergence,-34.275462000001234,100194.8433662201,-0.7983599997769208
2024-11-22 15:59:00-05:00,convergence,-10.112621999997632,100184.7307442201,-0.8083723781928009
2024-11-25 15:57:00-05:00,convergence,163.77886200000214,100348.5096062201,-0.6462170100927978
2024-11-26 15:59:00-05:00,convergence,4.654494000000479,100353.1641002201,-0.641608654785697
2024-11-27 15:59:00-05:00,convergence,19.9302480000002,100373.09434822011,-0.62187596974137
2024-11-29 09:46:00-05:00,convergence,-50.48663100000025,100322.6077172201,-0.6718621409356307
2024-11-29 12:59:00-05:00,convergence,19.08098400000065,100341.6887012201,-0.6529703013755883
2024-12-02 12:41:00-05:00,convergence,97.55800799999822,100439.2467092201,-0.5563793585325549
2024-12-02 15:04:00-05:00,convergence,-15.694000000002385,100423.5527092201,-0.5719177883145465
2024-12-02 15:59:00-05:00,convergence,-9.998179999997015,100413.5545292201,-0.5818168591618544
2024-12-03 15:59:00-05:00,convergence,87.20002879999659,100500.7545580201,-0.49548121977760484
2024-12-04 15:59:00-05:00,convergence,87.55975199999905,100588.3143100201,-0.4087894230284994
2024-12-05 09:41:00-05:00,convergence,-26.46015999999819,100561.8541500201,-0.4349872908875674
2024-12-05 10:33:00-05:00,convergence,-16.952331999996353,100544.90181802011,-0.4517715791775401
2024-12-05 15:59:00-05:00,convergence,-38.983516000002886,100505.9183020201,-0.4903686625228443
2024-12-06 09:41:00-05:00,convergence,-19.302264920000802,100486.6160371001,-0.5094795895072224
2024-12-06 10:06:00-05:00,convergence,-11.666988000000098,100474.9490491001,-0.5210309259291224
2024-12-06 15:59:00-05:00,convergence,-32.96401199999824,100441.98503710011,-0.55366817492839
2024-12-09 15:59:00-05:00,convergence,-141.85579663999957,100300.1292404601,-0.694117794863347
2024-12-10 10:47:00-05:00,convergence,-14.882357999999536,100285.24688246011,-0.7088526282247098
2024-12-10 15:59:00-05:00,convergence,86.42271600000124,100371.66959846011,-0.623286596356798
2024-12-11 10:08:00-05:00,convergence,-110.112904000005,100261.5566944601,-0.7323079820389156
2024-12-11 11:07:00-05:00,convergence,-21.395027999999215,100240.1616664601,-0.7534909271301404
2024-12-11 15:59:00-05:00,convergence,-1.8133700000001762,100238.3482964601,-0.7552863217021977
2024-12-12 09:43:00-05:00,convergence,-10.282299999999381,100228.0659964601,-0.7654666961476653
2024-12-12 10:12:00-05:00,convergence,-38.94978899999647,100189.1162074601,-0.8040303868192544
2024-12-12 15:59:00-05:00,convergence,-30.6257139999975,100158.4904934601,-0.834352516710446
2024-12-13 15:59:00-05:00,convergence,0.02797200000317479,100158.5184654601,-0.8343248219890298
2024-12-16 15:59:00-05:00,convergence,-183.75424699999652,99974.76421846011,-1.016257564702927
2024-12-17 09:44:00-05:00,convergence,-43.339506000001606,99931.42471246011,-1.0591674583417143
2024-12-17 10:30:00-05:00,convergence,87.64552599999696,100019.0702384601,-0.9723907378462071
2024-12-17 15:59:00-05:00,convergence,1.0622699999997995,100020.13250846011,-0.9713389978306175
2024-12-18 09:47:00-05:00,convergence,-20.56833699999582,99999.56417146011,-0.9917034466777497
2024-12-18 15:59:00-05:00,convergence,-724.5519449999985,99275.01222646011,-1.7090731115679492
2024-12-19 09:40:00-05:00,convergence,55.28186799999852,99330.29409446011,-1.6543392372124432
2024-12-19 15:59:00-05:00,convergence,-219.02356400000204,99111.27053046011,-1.8711916820840613
2024-12-20 10:13:00-05:00,convergence,-117.41666819999907,98993.85386226012,-1.9874444318012108
2024-12-20 15:59:00-05:00,convergence,89.90754400000294,99083.76140626012,-1.8984281160553618
2024-12-23 09:37:00-05:00,convergence,-25.842849999992872,99057.91855626012,-1.9240147931352425
2024-12-23 10:12:00-05:00,convergence,-84.70538199999935,98973.21317426012,-2.0078805144531753
2024-12-23 15:59:00-05:00,convergence,-63.30336399999843,98909.90981026013,-2.070556369969778
2024-12-24 11:20:00-05:00,convergence,131.56892000000389,99041.47873026013,-1.9402916557533678
2024-12-24 12:59:00-05:00,convergence,-56.56360199999607,98984.91512826014,-1.9962945586393999
2024-12-26 09:43:00-05:00,convergence,9.303946000000693,98994.21907426014,-1.9870828400452623
2024-12-26 15:59:00-05:00,convergence,-42.869383999998135,98951.34969026013,-2.029527271871512
2024-12-27 15:59:00-05:00,convergence,90.19125199999947,99041.54094226014,-1.9402300604434597
2024-12-30 09:38:00-05:00,convergence,10.150560000001482,99051.69150226013,-1.9301801200963364
2024-12-30 15:59:00-05:00,convergence,22.683492000003604,99074.37499426014,-1.9077214831871636
2024-12-31 09:38:00-05:00,convergence,14.689584000002773,99089.06457826015,-1.893177512911215
2024-12-31 15:59:00-05:00,convergence,199.3983127600005,99288.46289102014,-1.6957557796712264
2025-01-02 09:34:00-05:00,convergence,-75.334772000001,99213.12811902014,-1.7703437792165433
2025-01-02 10:08:00-05:00,convergence,-207.9609479999979,99005.16717102015,-1.9762432686962206
2025-01-02 15:55:00-05:00,convergence,76.38610200000025,99081.55327302014,-1.9006143606901782
2025-01-03 12:09:00-05:00,convergence,53.058412000000395,99134.61168502015,-1.8480819018392713
2025-01-03 15:56:00-05:00,convergence,9.706643999999036,99144.31832902014,-1.838471477077419
2025-01-06 15:59:00-05:00,convergence,-59.929040000002864,99084.38928902014,-1.8978064573209497
2025-01-07 15:59:00-05:00,convergence,364.2292400000013,99448.61852902014,-1.537187719568467
2025-01-08 09:44:00-05:00,convergence,11.28592400000351,99459.90445302015,-1.5260136697660465
2025-01-08 10:18:00-05:00,convergence,-102.32047200000095,99357.58398102014,-1.627319867639898
2025-01-08 15:59:00-05:00,convergence,-42.29172000000123,99315.29226102015,-1.6691923616872772
2025-01-10 15:59:00-05:00,convergence,108.40120200000226,99423.69346302014,-1.561865710383581
2025-01-13 15:59:00-05:00,convergence,-182.45549399999888,99241.23796902015,-1.7425125742715153
2025-01-14 15:59:00-05:00,convergence,112.3333379999996,99353.57130702015,-1.6312927651285558
2025-01-15 15:59:00-05:00,convergence,79.30022399999923,99432.87153102015,-1.5527786219961426
2025-01-16 15:59:00-05:00,convergence,123.00911599999752,99555.88064702014,-1.4309888608447174
2025-01-17 10:21:00-05:00,convergence,-5.136383999998467,99550.74426302014,-1.4360743293114764
2025-01-17 11:17:00-05:00,convergence,16.13312800000002,99566.87739102014,-1.4201011244821204
2025-01-17 15:59:00-05:00,convergence,10.039600000005143,99576.91699102015,-1.4101610442196377
2025-01-21 14:30:00-05:00,convergence,-103.61087600000035,99473.30611502015,-1.5127448546807254
2025-01-21 15:12:00-05:00,convergence,-18.882807999995443,99454.42330702016,-1.5314404827038386
2025-01-21 15:59:00-05:00,convergence,-12.421667999999878,99442.00163902015,-1.5437390181946897
2025-01-22 15:59:00-05:00,convergence,38.09689459999903,99480.09853362016,-1.5060197674202525
2025-01-23 12:01:00-05:00,convergence,13.926094779997712,99494.02462840015,-1.4922317181099265
2025-01-23 14:23:00-05:00,convergence,-14.023740000000757,99480.00088840014,-1.5061164447105924
2025-01-24 15:59:00-05:00,convergence,86.96591148000199,99566.96679988015,-1.4200126019070503
2025-01-27 10:16:00-05:00,convergence,17.75512000000466,99584.72191988016,-1.4024334834292218
2025-01-27 11:04:00-05:00,convergence,-75.93931399999967,99508.78260588016,-1.477620032319349
2025-01-27 12:02:00-05:00,convergence,-13.768843999998504,99495.01376188015,-1.4912523896325358
2025-01-27 12:35:00-05:00,convergence,-64.04681399999956,99430.96694788017,-1.5546643255379133
2025-01-27 15:59:00-05:00,convergence,67.38295200000121,99498.34989988017,-1.4879493218323492
2025-01-28 09:46:00-05:00,convergence,1.4340439999976606,99499.78394388016,-1.486529493108102
2025-01-28 15:59:00-05:00,convergence,336.5306599999997,99836.31460388016,-1.1533347671047411
2025-01-29 15:59:00-05:00,convergence,18.79274800000288,99855.10735188016,-1.1347283063421254
2025-01-30 09:34:00-05:00,convergence,-26.46745599999705,99828.63989588016,-1.1609333978779945
2025-01-30 09:36:00-05:00,convergence,27.50333600000007,99856.14323188017,-1.1337026947298656
2025-01-30 09:49:00-05:00,convergence,-62.95840000000104,99793.18483188016,-1.196037005777817
2025-01-30 10:01:00-05:00,convergence,-87.66257999999827,99705.52225188016,-1.282830611221819
2025-01-30 15:55:00-05:00,convergence,-42.392803799999605,99663.12944808016,-1.324803187053858
2025-01-31 15:59:00-05:00,convergence,199.1698159999983,99862.29926408017,-1.127607685549581
2025-02-03 09:58:00-05:00,convergence,-37.52351799999966,99824.77574608017,-1.1647592434453569
2025-02-03 15:59:00-05:00,convergence,-243.6739889999944,99581.10175708016,-1.4060177605712654
2025-02-04 09:41:00-05:00,convergence,9.68703600000102,99590.78879308017,-1.3964267494407934
2025-02-04 15:59:00-05:00,convergence,95.90181599999785,99686.69060908016,-1.301475581231204
2025-02-05 09:38:00-05:00,convergence,12.947539360003324,99699.63814844016,-1.2886563871955858
2025-02-05 10:21:00-05:00,convergence,-52.27614400000076,99647.36200444018,-1.3404143324496354
2025-02-05 11:02:00-05:00,convergence,-5.169215999997656,99642.19278844017,-1.3455323074620051
2025-02-05 15:59:00-05:00,convergence,-60.70423999999836,99581.48854844017,-1.405634803365463
2025-02-06 09:45:00-05:00,convergence,-36.92200399999693,99544.56654444018,-1.442190809900712
2025-02-06 11:40:00-05:00,convergence,41.50630400000331,99586.07284844018,-1.4010959462449346
2025-02-06 15:59:00-05:00,convergence,36.67832126000202,99622.75116970018,-1.3647812068910525
2025-02-07 10:13:00-05:00,convergence,-220.4690872599966,99402.28208244019,-1.583064845956228
2025-02-07 11:09:00-05:00,convergence,-61.81792094000285,99340.46416150019,-1.6442699831930474
2025-02-07 12:14:00-05:00,convergence,-50.41307999999564,99290.05108150019,-1.694183332477739
2025-02-07 13:00:00-05:00,convergence,-42.052548000000264,99247.99853350018,-1.7358190253700445
2025-02-07 15:03:00-05:00,convergence,58.274443999998844,99306.2729775002,-1.6781222395806483
2025-02-07 15:59:00-05:00,convergence,-6.580361200002395,99299.69261630018,-1.6846373715066476
2025-02-10 15:59:00-05:00,convergence,76.47052700000712,99376.16314330019,-1.608924875381923
2025-02-11 09:44:00-05:00,convergence,-15.053884380000213,99361.10925892019,-1.6238295348304344
2025-02-11 15:59:00-05:00,convergence,-18.804805999997924,99342.30445292019,-1.642447934065483
2025-02-12 15:02:00-05:00,convergence,229.61940800000056,99571.9238609202,-1.4151046788220545
2025-02-13 15:59:00-05:00,convergence,102.09202800000106,99674.0158889202,-1.3140246604469552
2025-02-14 09:45:00-05:00,convergence,-23.917059000004414,99650.09882992019,-1.3377046363526102
2025-02-14 11:18:00-05:00,convergence,-0.06482399999809696,99650.0340059202,-1.3377688177704794
2025-02-14 15:59:00-05:00,convergence,38.96125900000153,99688.99526492019,-1.2991937707977907
2025-02-18 09:40:00-05:00,convergence,-15.647447260001954,99673.3478176602,-1.3146861093040307
2025-02-18 10:02:00-05:00,convergence,-33.372668739994864,99639.9751489202,-1.3477279641437079
2025-02-18 15:59:00-05:00,convergence,-97.76302800000211,99542.2121209202,-1.4445218946810279
2025-02-19 10:30:00-05:00,convergence,-11.539042000002254,99530.6730789202,-1.455946553395726
2025-02-19 11:37:00-05:00,convergence,-4.9025740000035825,99525.77050492019,-1.4608005295554172
2025-02-19 15:59:00-05:00,convergence,20.621284000001324,99546.39178892018,-1.440383658557054
2025-02-20 15:59:00-05:00,convergence,-6.359041999998553,99540.03274692019,-1.446679665158146
2025-02-21 09:45:00-05:00,convergence,-50.39311199999871,99489.6396349202,-1.4965732443800062
2025-02-21 15:43:00-05:00,convergence,-286.9258676600007,99202.7137672602,-1.780654896429934
2025-02-24 15:59:00-05:00,convergence,277.2604619999971,99479.97422926019,-1.5061428395859777
2025-02-25 11:35:00-05:00,convergence,265.19813616000175,99745.17236542019,-1.2435735381308488
2025-02-25 15:59:00-05:00,convergence,-36.95378399999951,99708.2185814202,-1.2801610096398797
2025-02-26 09:49:00-05:00,convergence,-52.18038400000061,99656.03819742019,-1.3318241441359513
2025-02-26 13:51:00-05:00,convergence,-159.71741999999668,99496.32077742019,-1.489958330170782
2025-02-26 15:59:00-05:00,convergence,19.659300000001018,99515.9800774202,-1.4704939072949563
2025-02-27 15:59:00-05:00,convergence,657.755832000003,100173.7359094202,-0.8192582242806501
2025-02-28 09:43:00-05:00,convergence,1.6761420000003926,100175.4120514202,-0.8175986974059524
2025-02-28 09:55:00-05:00,convergence,-26.40760199999787,100149.0044494202,-0.8437445282577172
2025-02-28 15:59:00-05:00,convergence,264.0732120000034,100413.0776614202,-0.5822889999050562
2025-03-03 15:59:00-05:00,convergence,549.9471899999995,100963.02485142021,-0.037793282075460066
2025-03-04 09:34:00-05:00,convergence,-3.370239999999085,100959.6546114202,-0.04113011383207743
2025-03-04 15:59:00-05:00,convergence,89.41119999999975,101049.06581142021,0.0
2025-03-05 12:51:00-05:00,convergence,-97.83519999999933,100951.23061142021,-0.09681949972955017
2025-03-05 15:09:00-05:00,convergence,-86.89324799999699,100864.33736342021,-0.18281064403380398
2025-03-06 12:28:00-05:00,convergence,-150.93832,100713.39904342021,-0.3321819606194265
2025-03-06 15:59:00-05:00,convergence,-42.90023999999883,100670.49880342021,-0.3746368211918871
2025-03-07 10:33:00-05:00,convergence,-153.6734400000021,100516.82536342021,-0.526714862454325
2025-03-07 11:38:00-05:00,convergence,-131.52264867999745,100385.3027147402,-0.6568720763027502
2025-03-07 15:59:00-05:00,convergence,-462.13190999999887,99923.1708047402,-1.1142062498441851
2025-03-10 15:38:00-04:00,convergence,379.31601000000137,100302.48681474022,-0.7388282026013715
2025-03-11 15:59:00-04:00,convergence,-46.025615999999346,100256.46119874022,-0.7843759923116589
2025-03-12 10:26:00-04:00,convergence,-140.56825399999983,100115.89294474022,-0.9234849022963676
2025-03-12 13:56:00-04:00,convergence,-58.53971800000195,100057.3532267402,-0.9814168757688035
2025-03-12 15:59:00-04:00,convergence,9.522414000000685,100066.87564074021,-0.9719933210594722
2025-03-13 10:09:00-04:00,convergence,89.17137347999856,100156.04701422021,-0.8837477021970352
2025-03-13 12:07:00-04:00,convergence,-171.5969639999977,99984.45005022021,-1.0535631899722842
2025-03-13 13:29:00-04:00,convergence,29.219988000002996,100013.67003822021,-1.0246465564879847
2025-03-13 15:09:00-04:00,convergence,84.64638084000192,100098.31641906021,-0.9408789529378736
2025-03-13 15:59:00-04:00,convergence,-53.513879999999304,100044.80253906021,-0.9938372653876648
2025-03-14 10:05:00-04:00,convergence,29.528520000002327,100074.33105906022,-0.9646153030044458
2025-03-14 10:33:00-04:00,convergence,3.07330799999998,100077.40436706023,-0.9615739013097979
2025-03-14 11:14:00-04:00,convergence,47.175065280000226,100124.57943234022,-0.9148885956108521
2025-03-14 14:10:00-04:00,convergence,-27.3280424199992,100097.25138992022,-0.9419329252150499
2025-03-14 15:59:00-04:00,convergence,-0.7758848200015446,100096.47550510021,-0.9427007549953403
2025-03-17 15:59:00-04:00,convergence,-81.98901199999958,100014.48649310022,-1.0238385778357784
2025-03-18 09:54:00-04:00,convergence,-7.643369999997293,100006.84312310022,-1.0314025963040652
2025-03-18 13:45:00-04:00,convergence,2.651376000000465,100009.49449910023,-1.0287787462182507
2025-03-19 10:43:00-04:00,convergence,36.16364000000093,100045.65813910023,-0.9929905479705847
2025-03-19 15:59:00-04:00,convergence,-99.99358800000036,99945.66455110023,-1.0919460278625115
2025-03-20 13:07:00-04:00,convergence,29.978461999999787,99975.64301310023,-1.0622787946632073
2025-03-20 14:34:00-04:00,convergence,-65.15448661999866,99910.48852648023,-1.1267568639029446
2025-03-20 15:59:00-04:00,convergence,-28.65145599999837,99881.83707048022,-1.1551108677425037
2025-03-21 15:54:00-04:00,convergence,-173.3811240000006,99708.45594648023,-1.3266919928204501
2025-03-21 15:59:00-04:00,convergence,15.607387999998457,99724.06333448022,-1.3112466367702358
2025-03-24 09:40:00-04:00,convergence,-56.667575999999904,99667.39575848023,-1.3673259043467834
2025-03-24 15:59:00-04:00,convergence,-97.7092800000012,99569.68647848022,-1.4640207913458991
2025-03-25 09:38:00-04:00,convergence,3.058720000001558,99572.74519848023,-1.460993826202328
2025-03-25 10:33:00-04:00,convergence,1.8472799999997005,99574.59247848022,-1.459165724195488
2025-03-25 15:59:00-04:00,convergence,-2.9741599999986468,99571.61831848022,-1.4621090072195475
2025-03-26 15:59:00-04:00,convergence,290.70984000000203,99862.32815848023,-1.1744172431585764
2025-03-27 15:59:00-04:00,convergence,-187.39074600000075,99674.93741248023,-1.359862545888757
2025-03-28 15:59:00-04:00,convergence,-435.74774333999835,99239.18966914024,-1.7910864665068749
2025-03-31 09:44:00-04:00,convergence,19.749813999999777,99258.93948314023,-1.771541690074352
2025-03-31 10:13:00-04:00,convergence,-61.97925399999919,99196.96022914023,-1.8328774911550605
2025-03-31 12:27:00-04:00,convergence,-188.41404600000084,99008.54618314024,-2.019335470243766
2025-03-31 15:59:00-04:00,convergence,-33.377063999997304,98975.16911914024,-2.052366022017782
2025-04-01 09:37:00-04:00,convergence,6.975864000002258,98982.14498314023,-2.0454625796712533
2025-04-01 15:59:00-04:00,convergence,218.19109200000193,99200.33607514024,-1.8295366923333112
2025-04-02 10:10:00-04:00,convergence,-31.101630000000473,99169.23444514023,-1.8603154330868898
2025-04-02 14:06:00-04:00,convergence,-93.36700399999964,99075.86744114023,-1.9527131244957752
2025-04-03 10:09:00-04:00,convergence,81.27344000000072,99157.14088114024,-1.8722834447680303
2025-04-03 11:47:00-04:00,convergence,-17.589064000001553,99139.55181714024,-1.8896899035598658
2025-04-03 12:28:00-04:00,convergence,7.109147000002041,99146.66096414023,-1.8826545619236912
2025-04-03 13:22:00-04:00,convergence,-55.01067657999893,99091.65028756023,-1.9370941315904333
2025-04-03 15:34:00-04:00,convergence,81.7073400000006,99173.35762756024,-1.8562350565026087
2025-04-03 15:58:00-04:00,convergence,-2.9652479999990717,99170.39237956025,-1.8591695200487868
2025-04-04 15:59:00-04:00,convergence,-661.4542998,98508.93807976024,-2.5137567688160667
2025-04-07 09:39:00-04:00,convergence,122.04390800000142,98630.98198776024,-2.3929798897623145
2025-04-07 15:59:00-04:00,convergence,849.509178000001,99480.49116576024,-1.5522901009171863
2025-04-08 09:40:00-04:00,convergence,-18.084779999999572,99462.40638576025,-1.5701871293110403
2025-04-08 10:56:00-04:00,convergence,-56.37122999999809,99406.03515576024,-1.625973127476732
2025-04-08 15:59:00-04:00,convergence,923.0564700000022,100329.09162576025,-0.7124995959919
2025-04-09 09:44:00-04:00,convergence,142.6620140000012,100471.75363976025,-0.5713186628932831
2025-04-09 14:19:00-04:00,convergence,1831.6500998399995,102303.40373960025,0.0
2025-04-09 15:19:00-04:00,convergence,-8.196832000000382,102295.20690760025,-0.00801227691393791
2025-04-09 15:59:00-04:00,convergence,195.5593559999998,102490.76626360025,0.0
2025-04-10 15:59:00-04:00,convergence,-382.15028799999834,102108.61597560025,-0.37286313873109433
2025-04-11 15:59:00-04:00,convergence,438.4480500000003,102547.06402560025,0.0
2025-04-14 15:59:00-04:00,convergence,257.5226991399996,102804.58672474025,0.0
2025-04-15 09:41:00-04:00,convergence,55.86310600000097,102860.44983074025,0.0
2025-04-15 12:12:00-04:00,convergence,3.3888300000016205,102863.83866074025,0.0
2025-04-16 15:59:00-04:00,convergence,259.3402239999998,103123.17888474025,0.0
2025-04-17 15:59:00-04:00,convergence,54.78396000000043,103177.96284474025,0.0
2025-04-21 13:09:00-04:00,convergence,368.93341079999993,103546.89625554025,0.0
2025-04-22 12:26:00-04:00,convergence,-409.23477000000025,103137.66148554024,-0.3952168387452937
2025-04-22 15:59:00-04:00,convergence,-46.10627999999741,103091.55520554025,-0.43974379384223994
2025-04-23 15:59:00-04:00,convergence,196.13597740000125,103287.69118294025,-0.25032625986231016
2025-04-24 10:05:00-04:00,convergence,10.689972000000227,103298.38115494026,-0.2400024622531305
2025-04-24 12:23:00-04:00,convergence,63.95923199999673,103362.34038694025,-0.1782340903241919
2025-04-24 15:59:00-04:00,convergence,72.51316800000164,103434.85355494026,-0.10820478899096209
2025-04-25 15:59:00-04:00,convergence,172.40361600000037,103607.25717094025,0.0
2025-04-28 15:59:00-04:00,convergence,6.045984000000755,103613.30315494025,0.0
2025-04-29 15:59:00-04:00,convergence,184.95758400000247,103798.26073894025,0.0
2025-04-30 15:59:00-04:00,convergence,490.16228039999964,104288.42301934026,0.0
2025-05-01 09:37:00-04:00,convergence,0.8127840000013639,104289.23580334026,0.0
2025-05-01 09:45:00-04:00,convergence,-32.38614599999638,104256.84965734027,-0.031054159856980235
2025-05-01 15:59:00-04:00,convergence,37.3223820000026,104294.17203934026,0.0
2025-05-02 09:41:00-04:00,convergence,-23.847895999997853,104270.32414334027,-0.022865991007625652
2025-05-02 10:05:00-04:00,convergence,-24.670028000001047,104245.65411534026,-0.04652026383765717
2025-05-02 11:13:00-04:00,convergence,-31.455979000000262,104214.19813634026,-0.07668108527659756
2025-05-02 15:59:00-04:00,convergence,35.48152159999992,104249.67965794026,-0.042660467531419055
2025-05-05 15:59:00-04:00,convergence,-67.2847720000004,104182.39488594026,-0.10717487968344708
2025-05-06 15:59:00-04:00,convergence,29.135174000003396,104211.53005994027,-0.07923930722497641
2025-05-07 15:59:00-04:00,convergence,43.45639200000242,104254.98645194028,-0.03757217362558851
2025-05-08 15:26:00-04:00,convergence,-232.1795559999973,104022.80689594027,-0.2601920491757004
2025-05-08 15:59:00-04:00,convergence,97.08744000000044,104119.89433594028,-0.16710205373148268
2025-05-09 14:22:00-04:00,convergence,111.08959919999981,104230.98393514028,-0.0605864191300709
2025-05-12 09:34:00-04:00,convergence,-10.487099999996563,104220.49683514028,-0.07064172691471082
2025-05-12 10:24:00-04:00,convergence,-37.97605500000012,104182.52078014027,-0.10705416900752551
2025-05-12 11:38:00-04:00,convergence,-37.7725919999995,104144.74818814028,-0.14327152541526722
2025-05-12 15:59:00-04:00,convergence,23.011559999999715,104167.75974814028,-0.12120743539946188
2025-05-13 15:59:00-04:00,convergence,209.34747600000256,104377.10722414029,0.0
2025-05-14 15:59:00-04:00,convergence,22.63591600000276,104399.74314014029,0.0
2025-05-15 09:54:00-04:00,convergence,-21.79801600000102,104377.94512414029,-0.020879377040938785
2025-05-15 15:59:00-04:00,convergence,60.227112000006706,104438.1722361403,0.0
2025-05-16 15:59:00-04:00,convergence,-71.64041199999694,104366.53182414029,-0.06859600322957071
2025-05-19 09:39:00-04:00,convergence,-48.76973200000172,104317.76209214028,-0.11529323179627626
2025-05-19 09:50:00-04:00,convergence,19.223896000003002,104336.9859881403,-0.09688626852949467
2025-05-19 10:31:00-04:00,convergence,-68.96239999999732,104268.02358814029,-0.16291806372796813
2025-05-19 15:59:00-04:00,convergence,84.91776399999488,104352.94135214029,-0.08160893873869757
2025-05-20 15:59:00-04:00,convergence,-26.030076000004023,104326.9112761403,-0.10653284868719082
2025-05-21 10:14:00-04:00,convergence,-69.13260199999961,104257.77867414028,-0.17272761303418482
2025-05-21 13:00:00-04:00,convergence,-32.904731999996706,104224.87394214029,-0.20423403572951138
2025-05-21 15:59:00-04:00,convergence,309.552103999999,104534.42604614029,0.0
2025-05-22 15:59:00-04:00,convergence,0.6626440000012135,104535.0886901403,0.0
2025-05-23 15:59:00-04:00,convergence,86.04447930000057,104621.13316944029,0.0
2025-05-27 12:01:00-04:00,convergence,-179.89123999999666,104441.2419294403,-0.17194541346503556
2025-05-27 15:59:00-04:00,convergence,-27.940640759997827,104413.3012886803,-0.19865191139096794
2025-05-28 14:24:00-04:00,convergence,49.5541280000003,104462.8554166803,-0.15128659761661778
2025-05-29 09:49:00-04:00,convergence,-92.96601199999638,104369.8894046803,-0.24014628512298852
2025-05-29 11:54:00-04:00,convergence,7.779359999996208,104377.6687646803,-0.2327105407716079
2025-05-29 15:59:00-04:00,convergence,-11.208783999999165,104366.4599806803,-0.24342423088414833
2025-05-30 15:59:00-04:00,convergence,-65.90522400000025,104300.5547566803,-0.30641840997917
2025-06-02 09:37:00-04:00,convergence,51.498435999999025,104352.0531926803,-0.2571946686184323
2025-06-02 10:04:00-04:00,convergence,-15.733976000000817,104336.3192166803,-0.2722336722339902
2025-06-02 11:02:00-04:00,convergence,-46.54369199999716,104289.7755246803,-0.31672152147629307
2025-06-02 15:59:00-04:00,convergence,-98.26077999999909,104191.5147446803,-0.4106421061834564
2025-06-03 09:50:00-04:00,convergence,-48.698709999995266,104142.8160346803,-0.4571897859157348
2025-06-03 10:49:00-04:00,convergence,23.861302000002148,104166.67733668031,-0.434382441665937
2025-06-03 15:59:00-04:00,convergence,21.899190000005447,104188.57652668032,-0.4134505425967938
2025-06-04 09:54:00-04:00,convergence,-9.18924599999967,104179.38728068031,-0.4222338980448104
2025-06-04 10:23:00-04:00,convergence,14.87385200000007,104194.26113268032,-0.40801702660649974
2025-06-04 15:59:00-04:00,convergence,-44.70761800000092,104149.55351468032,-0.4507499015483085
2025-06-05 11:08:00-04:00,convergence,-108.36996599999598,104041.18354868032,-0.5543331477978808
2025-06-05 15:59:00-04:00,convergence,-300.01294599999505,103741.17060268033,-0.8410944711665591
2025-06-06 14:33:00-04:00,convergence,-33.64979800000127,103707.52080468032,-0.8732579518903938
2025-06-09 09:43:00-04:00,convergence,-8.843591999997429,103698.67721268033,-0.8817109209340979
2025-06-09 10:18:00-04:00,convergence,-0.9089050000038551,103697.76830768032,-0.8825796794463381
2025-06-09 15:59:00-04:00,convergence,-3.3040260000013713,103694.46428168032,-0.885737766058381
2025-06-10 10:16:00-04:00,convergence,-7.024523999996731,103687.43975768032,-0.8924520156437188
2025-06-10 11:00:00-04:00,convergence,5.560877999999221,103693.00063568032,-0.8871367625666982
2025-06-10 15:59:00-04:00,convergence,-105.08695599999815,103587.91367968032,-0.9875820099239485
2025-06-11 09:42:00-04:00,convergence,3.4844750000004443,103591.39815468033,-0.9842514447747863
2025-06-11 15:59:00-04:00,convergence,125.77395199999991,103717.17210668033,-0.8640329495341437
2025-06-12 15:59:00-04:00,convergence,-24.81049799999913,103692.36160868032,-0.8877475636358878
2025-06-13 15:59:00-04:00,convergence,86.64334399999917,103779.00495268032,-0.804931270813225
2025-06-16 11:07:00-04:00,convergence,-114.71036000000184,103664.29459268032,-0.9145748547860877
2025-06-16 15:59:00-04:00,convergence,-8.906343999998839,103655.38824868032,-0.9230878040633383
2025-06-17 15:59:00-04:00,convergence,-131.69291600000096,103523.69533268032,-1.0489638216617303
2025-06-18 09:59:00-04:00,convergence,-76.54597000000136,103447.14936268033,-1.1221287432039428
2025-06-18 15:59:00-04:00,convergence,-110.59810599999865,103336.55125668032,-1.2278417121323937
2025-06-20 15:59:00-04:00,convergence,-234.9096699999994,103101.64158668033,-1.452375382227078
2025-06-23 12:22:00-04:00,convergence,-118.84431600000146,102982.79727068033,-1.5659703246633572
2025-06-23 15:00:00-04:00,convergence,89.95536199999948,103072.75263268032,-1.4799883062366348
2025-06-23 15:59:00-04:00,convergence,-33.283127999997404,103039.46950468032,-1.5118013128364471
2025-06-24 09:55:00-04:00,convergence,-26.046801199999763,103013.42270348032,-1.536697622416483
2025-06-24 14:09:00-04:00,convergence,13.95077600000026,103027.37347948033,-1.523363054554927
2025-06-24 15:59:00-04:00,convergence,4.692933480000207,103032.06641296032,-1.5188774087414814
2025-06-25 15:59:00-04:00,convergence,-57.73478400000209,102974.33162896032,-1.5740620375549463
2025-06-26 10:03:00-04:00,convergence,-28.595304000001352,102945.73632496032,-1.601394282134716
2025-06-26 15:59:00-04:00,convergence,-102.4185599999983,102843.31776496032,-1.6992889969951852
2025-06-27 09:39:00-04:00,convergence,22.103568000000404,102865.42133296032,-1.678161747336926
2025-06-27 15:55:00-04:00,convergence,-2.3820479999999877,102863.03928496032,-1.6804385798733668
2025-06-30 15:03:00-04:00,convergence,-32.299704000000524,102830.73958096032,-1.7113116004778162
2025-06-30 15:59:00-04:00,convergence,13.048632000004043,102843.78821296032,-1.6988393287630021
2025-07-01 09:33:00-04:00,convergence,3.35059200000246,102847.13880496033,-1.6956367329790556
2025-07-01 09:42:00-04:00,convergence,-14.649551999997177,102832.48925296034,-1.7096392117863402
2025-07-01 10:48:00-04:00,convergence,-91.31090399999907,102741.17834896033,-1.7969168976933791
2025-07-01 11:14:00-04:00,convergence,-86.23533599999523,102654.94301296034,-1.8793432042984892
2025-07-01 13:04:00-04:00,convergence,-83.3623920000005,102571.58062096033,-1.9590234653266259
2025-07-02 15:59:00-04:00,convergence,136.56527999999975,102708.14590096034,-1.8284902968712324
2025-07-03 12:59:00-04:00,convergence,62.313408000000386,102770.45930896034,-1.7689292826552183
2025-07-07 09:36:00-04:00,convergence,-32.34232800000341,102738.11698096033,-1.7998430445503755
2025-07-07 15:59:00-04:00,convergence,35.34962400000308,102773.46660496034,-1.7660548194288306
2025-07-08 15:59:00-04:00,convergence,12.310487999997301,102785.77709296033,-1.7542880877685518
2025-07-09 12:39:00-04:00,convergence,-33.80306399999477,102751.97402896034,-1.78659806470719
2025-07-09 15:59:00-04:00,convergence,47.008907999997014,102798.98293696034,-1.7416655481343968
2025-07-10 10:09:00-04:00,convergence,-35.946359999998144,102763.03657696034,-1.7760241513257724
2025-07-10 15:59:00-04:00,convergence,36.758231999999175,102799.79480896035,-1.740889536658119
2025-07-11 15:59:00-04:00,convergence,15.172056000004384,102814.96686496034,-1.7263876329409955
2025-07-14 15:59:00-04:00,convergence,-80.60651999999668,102734.36034496034,-1.8034337493020747
2025-07-15 15:59:00-04:00,convergence,-126.36246000000267,102607.99788496035,-1.9242147580446733
2025-07-16 10:52:00-04:00,convergence,28.107864000004565,102636.10574896034,-1.8973484231575632
2025-07-16 15:59:00-04:00,convergence,-87.46185600000085,102548.64389296035,-1.9809470741665725
2025-07-17 09:53:00-04:00,convergence,-59.86455999999816,102488.77933296034,-2.038167406413449
2025-07-17 12:26:00-04:00,convergence,-79.85081999999989,102408.92851296035,-2.114491202171498
2025-07-17 15:59:00-04:00,convergence,-10.2972624999968,102398.63125046036,-2.124333632843045
2025-07-18 15:59:00-04:00,convergence,6.600299999998247,102405.23155046035,-2.1180248692117987
2025-07-21 11:07:00-04:00,convergence,40.84961999999951,102446.08117046035,-2.0789795838449865
2025-07-22 15:59:00-04:00,convergence,50.335250000004415,102496.41642046036,-2.030867650361634
2025-07-23 15:59:00-04:00,convergence,-100.87006999999983,102395.54635046035,-2.127282272287634
2025-07-24 15:59:00-04:00,convergence,4.446260000001307,102399.99261046035,-2.1230324043447935
2025-07-25 10:34:00-04:00,convergence,-34.06255999999711,102365.93005046036,-2.1555904153011674
2025-07-25 15:59:00-04:00,convergence,-21.471800000001164,102344.45825046036,-2.176113802258972
2025-07-28 11:18:00-04:00,convergence,-26.751270000001565,102317.70698046035,-2.20168346413282
2025-07-28 15:59:00-04:00,convergence,-9.250010000000765,102308.45697046036,-2.210524899624633
2025-07-29 15:59:00-04:00,convergence,134.93374999999662,102443.39072046036,-2.0815511962128608
2025-07-30 10:27:00-04:00,convergence,-21.85378999999966,102421.53693046035,-2.1024397006076723
2025-07-30 15:31:00-04:00,convergence,52.36329000000115,102473.90022046036,-2.052389305994573
2025-07-31 15:59:00-04:00,convergence,245.3273400000058,102719.22756046036,-1.8178981161479868
2025-08-01 09:42:00-04:00,convergence,-109.54650000000254,102609.68106046035,-1.9226059286915453
2025-08-01 09:58:00-04:00,convergence,13.367952000000011,102623.04901246035,-1.9098284413952227
2025-08-01 10:11:00-04:00,convergence,-67.80546000000008,102555.24355246036,-1.9746389227443095
2025-08-01 15:59:00-04:00,convergence,46.12168799999831,102601.36524046035,-1.9305544375138872
2025-08-04 11:11:00-04:00,convergence,-11.609499999996268,102589.75574046036,-1.9416511439328321
2025-08-04 15:59:00-04:00,convergence,-35.087009999997,102554.66873046037,-1.9751883547592164
2025-08-05 15:59:00-04:00,convergence,-160.71817999999394,102393.95055046037,-2.128807585531367
2025-08-06 15:59:00-04:00,convergence,166.14737999999863,102560.09793046037,-1.969998963442643
2025-08-07 15:59:00-04:00,convergence,-99.8016953199969,102460.29623514037,-2.0653924009791713
2025-08-08 11:03:00-04:00,convergence,-95.05174000000306,102365.24449514037,-2.1562456895265814
2025-08-08 15:59:00-04:00,convergence,34.116552000001604,102399.36104714037,-2.1236360714059876
2025-08-11 10:28:00-04:00,convergence,-55.9971159999979,102343.36393114037,-2.1771597853092794
2025-08-11 15:59:00-04:00,convergence,-101.88630399999892,102241.47762714037,-2.2745457540073954
2025-08-12 15:59:00-04:00,convergence,-180.81172799999803,102060.66589914038,-2.4473709973615754
2025-08-13 09:46:00-04:00,convergence,-30.943739999998968,102029.72215914038,-2.4769479471255185
2025-08-13 13:14:00-04:00,convergence,-131.7288186799978,101897.99334046038,-2.602858281576459
2025-08-13 15:54:00-04:00,convergence,20.096380000004103,101918.08972046038,-2.5836495620843336
2025-08-14 09:34:00-04:00,convergence,-8.106552000001727,101909.98316846039,-2.5913980463096675
2025-08-14 09:54:00-04:00,convergence,-0.6460000000019481,101909.33716846038,-2.5920155123802746
2025-08-14 12:16:00-04:00,convergence,21.125424000003534,101930.46259246038,-2.5718232019358966
2025-08-14 15:59:00-04:00,convergence,7.519032000004983,101937.98162446039,-2.5646362868526507
2025-08-15 15:59:00-04:00,convergence,2.7894959999981093,101940.77112046038,-2.5619700033633674
2025-08-18 10:15:00-04:00,convergence,0.7626879999975809,101941.53380846039,-2.5612410034214883
2025-08-18 15:59:00-04:00,convergence,-17.094757999998308,101924.43905046038,-2.5775806830656722
2025-08-19 13:54:00-04:00,convergence,139.20579132000177,102063.64484178039,-2.444523635122453
2025-08-19 15:59:00-04:00,convergence,-5.415479999997042,102058.2293617804,-2.449699912453751
2025-08-20 15:59:00-04:00,convergence,31.37519000000214,102089.60455178039,-2.4197105699093724
2025-08-21 09:59:00-04:00,convergence,-74.63833999999747,102014.9662117804,-2.491052121791726
2025-08-21 14:06:00-04:00,convergence,1.8453750000024955,102016.8115867804,-2.4892882573179897
2025-08-22 10:03:00-04:00,convergence,181.5074800000018,102198.3190667804,-2.315797993447455
2025-08-22 15:59:00-04:00,convergence,-38.1130819999957,102160.2059847804,-2.352227614161151
2025-08-25 09:36:00-04:00,convergence,10.32605000000604,102170.53203478041,-2.3423576675383417
2025-08-25 15:59:00-04:00,convergence,14.17458000000227,102184.70661478041,-2.32880918113737
2025-08-26 10:46:00-04:00,convergence,-51.28584999999941,102133.42076478041,-2.3778297264577253
2025-08-27 09:40:00-04:00,convergence,-5.976519999995106,102127.44424478042,-2.3835422625572145
2025-08-27 10:31:00-04:00,convergence,-75.80572999999856,102051.63851478041,-2.4559996406255946
2025-08-27 15:59:00-04:00,convergence,7.775018000000329,102059.41353278041,-2.4485680464873427
2025-08-28 15:59:00-04:00,convergence,-48.87799200000194,102010.53554078042,-2.495287089303322
2025-08-29 10:15:00-04:00,convergence,141.92014799999862,102152.4556887804,-2.359635578274333
2025-08-29 11:43:00-04:00,convergence,-36.581649999999506,102115.87403878041,-2.3946014105988067
2025-09-02 10:08:00-04:00,convergence,70.61956999999768,102186.49360878041,-2.3271011189649804
2025-09-02 15:59:00-04:00,convergence,-84.09848999999906,102102.39511878042,-2.4074849644197815
2025-09-03 09:50:00-04:00,convergence,-28.50441999999998,102073.89069878041,-2.434730339361235
2025-09-03 10:12:00-04:00,convergence,16.637250000003863,102090.52794878042,-2.418827959511205
2025-09-03 10:57:00-04:00,convergence,37.267160000003976,102127.79510878042,-2.3832068962795105
2025-09-03 11:47:00-04:00,convergence,67.37192000000039,102195.16702878042,-2.3188108053951884
2025-09-04 10:47:00-04:00,convergence,-19.741453999999237,102175.42557478043,-2.3376802760288307
2025-09-04 15:59:00-04:00,convergence,-127.03787199999732,102048.38770278043,-2.4591068637090263
2025-09-05 11:16:00-04:00,convergence,225.1546639999993,102273.54236678043,-2.243897319347321
2025-09-05 15:59:00-04:00,convergence,-55.32255599999638,102218.21981078043,-2.2967762686800564
2025-09-08 15:59:00-04:00,convergence,1.4119520000011216,102219.63176278042,-2.295426682839008
2025-09-09 13:13:00-04:00,convergence,-13.226339999997379,102206.40542278043,-2.308068813161357
2025-09-09 15:59:00-04:00,convergence,-34.30715599999934,102172.09826678043,-2.34086061627099
2025-09-10 15:59:00-04:00,convergence,44.21400799999998,102216.31227478043,-2.2985995484918975
2025-09-11 15:59:00-04:00,convergence,-60.8710839999996,102155.44119078043,-2.3567819464032413
2025-09-12 09:46:00-04:00,convergence,-29.563212840001086,102125.87797794043,-2.3850393471256393
2025-09-12 09:53:00-04:00,convergence,-15.33026000000035,102110.54771794043,-2.3996924669452913
2025-09-12 15:59:00-04:00,convergence,46.874440000001016,102157.42215794043,-2.354888478898176
2025-09-15 10:57:00-04:00,convergence,-50.585237999996714,102106.83691994044,-2.4032393583692024
2025-09-15 15:59:00-04:00,convergence,42.128592000004794,102148.96551194043,-2.362971593412233
2025-09-16 14:16:00-04:00,convergence,-29.81932799999982,102119.14618394044,-2.3914737966446387
2025-09-16 15:59:00-04:00,convergence,2.028543000001486,102121.17472694044,-2.389534854732467
2025-09-17 15:59:00-04:00,convergence,27.944730000002203,102149.11945694045,-2.362824448188938
2025-09-18 15:59:00-04:00,convergence,-10.399553999999517,102138.71990294044,-2.3727646521276236
2025-09-19 09:42:00-04:00,convergence,8.718402000001214,102147.43830494044,-2.3644313434204034
2025-09-19 15:59:00-04:00,convergence,43.67662200000563,102191.11492694046,-2.322683925210667
2025-09-22 10:24:00-04:00,convergence,-14.743475999998287,102176.37145094045,-2.3367761793789743
2025-09-22 15:59:00-04:00,convergence,55.52217000000302,102231.89362094045,-2.28370643303043
2025-09-23 15:59:00-04:00,convergence,128.79616199999862,102360.68978294045,-2.160599219317305
2025-09-24 15:59:00-04:00,convergence,79.66345200000546,102440.35323494046,-2.0844545154829586
2025-09-25 15:59:00-04:00,convergence,147.06516000000056,102587.41839494045,-1.943885248505306
2025-09-26 10:22:00-04:00,convergence,-89.2524599999972,102498.16593494047,-2.0291954122323985
2025-09-29 15:59:00-04:00,convergence,-40.48096799999997,102457.68496694046,-2.067888329020484
2025-09-30 09:48:00-04:00,convergence,-46.39641600000403,102411.28855094046,-2.1122354074686323
2025-09-30 15:59:00-04:00,convergence,79.97226600000613,102491.26081694047,-2.035795530000961
2025-10-01 09:42:00-04:00,convergence,-21.003773999998323,102470.25704294047,-2.0558715637464364
2025-10-01 13:13:00-04:00,convergence,-147.08608266000044,102323.17096028046,-2.1964608292266763
2025-10-01 15:59:00-04:00,convergence,-3.0801869999984373,102320.09077328046,-2.199404963845264
2025-10-02 09:39:00-04:00,convergence,-49.89766399999446,102270.19310928047,-2.247098639576317
2025-10-02 09:47:00-04:00,convergence,-14.812248000000983,102255.38086128047,-2.261256628073738
2025-10-02 11:03:00-04:00,convergence,-60.34551599999907,102195.03534528047,-2.3189366724126415
2025-10-02 15:59:00-04:00,convergence,55.1464320000025,102250.18177728048,-2.266226067652999
2025-10-03 15:59:00-04:00,convergence,-125.24784000000166,102124.93393728047,-2.38594168934978
2025-10-06 09:48:00-04:00,convergence,0.6409600000026112,102125.57489728047,-2.3853290406615213
2025-10-06 15:59:00-04:00,convergence,18.882688000003487,102144.45758528048,-2.36728040418821
2025-10-07 09:42:00-04:00,convergence,-3.224767999998061,102141.23281728048,-2.3703627336395416
2025-10-07 09:50:00-04:00,convergence,-18.901247999999963,102122.33156928048,-2.388429110314505
2025-10-07 15:59:00-04:00,convergence,-155.8307839999996,101966.50078528048,-2.537376822195636
2025-10-08 15:59:00-04:00,convergence,-168.9783680000017,101797.52241728047,-2.6988913870649944
2025-10-09 10:01:00-04:00,convergence,30.678336000002833,101828.20075328049,-2.6695681183613984
2025-10-09 15:56:00-04:00,convergence,-58.58739199999565,101769.61336128048,-2.7255676953351293
2025-10-10 11:21:00-04:00,convergence,-346.23264,101423.38072128048,-3.056507180992629
2025-10-10 12:45:00-04:00,convergence,-60.5992859999999,101362.78143528049,-3.1144297862676584
2025-10-10 15:59:00-04:00,convergence,63.41850899999928,101426.19994428048,-3.053812483549978
2025-10-13 09:34:00-04:00,convergence,31.12804200000118,101457.32798628049,-3.0240593724365605
2025-10-13 09:40:00-04:00,convergence,-29.90090399999645,101427.4270822805,-3.0526395484432256
2025-10-13 15:59:00-04:00,convergence,-105.1785239999981,101322.2485582805,-3.153172319226416
2025-10-14 15:59:00-04:00,convergence,-154.61595599999475,101167.6326022805,-3.3009588622660346
2025-10-15 15:59:00-04:00,convergence,20.85468000000366,101188.4872822805,-3.2810253370133213
2025-10-16 09:36:00-04:00,convergence,-8.228483999999758,101180.2587982805,-3.2888903674815784
2025-10-16 15:59:00-04:00,convergence,-198.2686199999988,100981.99017828051,-3.478401428959832
2025-10-17 10:11:00-04:00,convergence,9.665831999998995,100991.65601028051,-3.4691625383961644
2025-10-17 12:51:00-04:00,convergence,-32.442597000002145,100959.2134132805,-3.50017214039261
2025-10-17 15:55:00-04:00,convergence,91.47296400000005,101050.6863772805,-3.4127395527032256
2025-10-20 09:43:00-04:00,convergence,-19.85862399999844,101030.82775328051,-3.43172101791811
2025-10-20 15:59:00-04:00,convergence,45.71891199999862,101076.5466652805,-3.388021518003548
2025-10-21 10:47:00-04:00,convergence,-33.001215999998585,101043.5454492805,-3.4195650647041553
2025-10-21 13:18:00-04:00,convergence,3.1523200000030336,101046.69776928051,-3.416551983212379
2025-10-21 15:59:00-04:00,convergence,-26.613760000001843,101020.0840092805,-3.4419902089262155
2025-10-22 15:59:00-04:00,convergence,-189.7692159999986,100830.3147932805,-3.6233772865185143
2025-10-23 15:59:00-04:00,convergence,-178.78431449999823,100651.5304787805,-3.794264667570335
2025-10-24 09:50:00-04:00,convergence,-26.037632000001235,100625.4928467805,-3.81915221295549
2025-10-24 10:27:00-04:00,convergence,12.994816640001023,100638.4876634205,-3.8067313795671187
2025-10-24 15:59:00-04:00,convergence,8.841536000001884,100647.3291994205,-3.7982803757095285
2025-10-27 09:44:00-04:00,convergence,-17.17747199999742,100630.15172742051,-3.814699115862319
2025-10-27 10:16:00-04:00,convergence,5.264090780000273,100635.4158182005,-3.809667540863537
2025-10-27 10:49:00-04:00,convergence,-39.908288000000375,100595.50753020051,-3.8478130730241977
2025-10-27 15:59:00-04:00,convergence,-68.1331640000026,100527.3743662005,-3.912936783632137
2025-10-28 14:21:00-04:00,convergence,-90.51516400000197,100436.8592022005,-3.9994538775097177
2025-10-28 15:59:00-04:00,convergence,-27.90880399999982,100408.95039820051,-4.026129944910739
2025-10-29 09:52:00-04:00,convergence,-4.692469999999404,100404.2579282005,-4.030615147716188
2025-10-29 15:59:00-04:00,convergence,-4.072593999999655,100400.1853342005,-4.034507854549519
2025-10-30 15:59:00-04:00,convergence,74.46398400000179,100474.6493182005,-3.96333295733311
2025-10-31 15:59:00-04:00,convergence,116.57612000000323,100591.2254382005,-3.851906024295404
2025-11-03 09:38:00-05:00,convergence,-52.41746599999739,100538.80797220052,-3.902008201945395
2025-11-03 09:51:00-05:00,convergence,-30.696385999999862,100508.11158620051,-3.9313487233774147
2025-11-03 10:10:00-05:00,convergence,-29.75504000000116,100478.3565462005,-3.959789478221676
2025-11-03 14:05:00-05:00,convergence,-36.26981400000081,100442.0867322005,-3.994457248395089
2025-11-03 15:59:00-05:00,convergence,-20.14274599999807,100421.94398620051,-4.013710285893135
2025-11-04 10:03:00-05:00,convergence,129.70515200000426,100551.64913820052,-3.8897342324222373
2025-11-04 11:03:00-05:00,convergence,35.430271999999135,100587.07941020052,-3.8558689215365094
2025-11-04 15:59:00-05:00,convergence,-167.22207999999756,100419.85733020052,-4.015704773944229
2025-11-05 15:59:00-05:00,convergence,-164.65081599999922,100255.20651420052,-4.173082935518291
2025-11-06 09:45:00-05:00,convergence,-52.331392000001706,100202.87512220052,-4.2231028410714355
2025-11-06 10:00:00-05:00,convergence,37.777824000002674,100240.65294620053,-4.186993669955108
2025-11-06 11:45:00-05:00,convergence,-129.6787199999979,100110.97422620053,-4.310944458931909
2025-11-06 12:12:00-05:00,convergence,62.66758400000452,100173.64181020053,-4.251044912729807
2025-11-06 15:59:00-05:00,convergence,5.543519999997603,100179.18533020053,-4.24574625094698
2025-11-07 09:44:00-05:00,convergence,-17.794326000001554,100161.39100420053,-4.26275459855413
2025-11-07 09:56:00-05:00,convergence,5.634816000001814,100167.02582020052,-4.257368673331108
2025-11-07 15:59:00-05:00,convergence,101.1128960000007,100268.13871620053,-4.160721951070656
2025-11-10 11:32:00-05:00,convergence,-78.55078400000077,100189.58793220052,-4.235803133638982
2025-11-10 11:55:00-05:00,convergence,0.19302399999849149,100189.78095620053,-4.2356186355417496
2025-11-10 15:59:00-05:00,convergence,41.72927999999791,100231.51023620053,-4.195732544906106
2025-11-11 15:59:00-05:00,convergence,3.0227840000026625,100234.53302020053,-4.192843277787284
2025-11-12 13:41:00-05:00,convergence,13.25804799999803,100247.79106820052,-4.180170840012676
2025-11-12 15:59:00-05:00,convergence,-12.972351999998704,100234.81871620052,-4.192570201028001
2025-11-13 09:44:00-05:00,convergence,103.74128000000034,100338.55999620052,-4.093411190933938
2025-11-13 10:05:00-05:00,convergence,-25.361535999998363,100313.19846020053,-4.117652503593905
2025-11-13 11:28:00-05:00,convergence,182.7967040000023,100495.99516420053,-3.9429299609657686
2025-11-13 13:16:00-05:00,convergence,41.884927999997835,100537.88009220053,-3.9028950973286403
2025-11-13 15:59:00-05:00,convergence,-34.886271999994115,100502.99382020053,-3.936240436786498
2025-11-14 09:38:00-05:00,convergence,-110.44070399999703,100392.55311620054,-4.041802956187935
2025-11-14 09:49:00-05:00,convergence,70.68184199999928,100463.23495820054,-3.974243143118872
2025-11-14 15:59:00-05:00,convergence,124.74917400000425,100587.98413220054,-3.8550041612604447
2025-11-17 12:48:00-05:00,convergence,21.751615999999718,100609.73574820053,-3.8342133178227544
2025-11-17 15:59:00-05:00,convergence,-91.80748800000022,100517.92826020054,-3.9219656535304015
2025-11-18 15:59:00-05:00,convergence,109.68388199999856,100627.61214220054,-3.8171265271730537
2025-11-19 09:45:00-05:00,convergence,-133.85915399999737,100493.75298820053,-3.9450730996721473
2025-11-19 11:26:00-05:00,convergence,62.80342199999904,100556.55641020054,-3.8850437154574813
2025-11-19 12:43:00-05:00,convergence,-11.083577999998289,100545.47283220054,-3.895637729940249
2025-11-19 15:59:00-05:00,convergence,-24.644532000001625,100520.82830020053,-3.9191937087883266
2025-11-20 14:12:00-05:00,convergence,698.9738879999987,101219.80218820054,-3.2510936157908787
2025-11-21 10:21:00-05:00,convergence,120.06614399999876,101339.86833220054,-3.136330813704291
2025-11-21 11:04:00-05:00,convergence,64.58408799999899,101404.45242020054,-3.07459941580841
2025-11-21 11:48:00-05:00,convergence,72.70274399999931,101477.15516420054,-3.0051079643229395
2025-11-21 12:37:00-05:00,convergence,-46.16366831999995,101430.99149588053,-3.0492325755955396
2025-11-21 15:59:00-05:00,convergence,-74.89084799999426,101356.10064788054,-3.12081548215678
2025-11-24 15:59:00-05:00,convergence,-255.34165799999346,101100.75898988055,-3.364878655881398
2025-11-25 09:39:00-05:00,convergence,1.7079480000005505,101102.46693788054,-3.3632461482337894
2025-11-25 09:51:00-05:00,convergence,88.53906600000539,101191.00600388055,-3.2786178677728928
2025-11-25 10:15:00-05:00,convergence,21.203226000001557,101212.20922988055,-3.2583511918560237
2025-11-25 10:47:00-05:00,convergence,-135.55673999999954,101076.65248988055,-3.3879203676940084
2025-11-25 15:59:00-05:00,convergence,231.68937000000233,101308.34185988056,-3.1664647564029536
2025-11-26 09:37:00-05:00,convergence,6.9703040000005565,101315.31216388056,-3.1598023319110435
2025-11-26 11:48:00-05:00,convergence,-104.99604159999747,101210.31612228056,-3.2601606805727323
2025-11-26 15:59:00-05:00,convergence,22.306752000002394,101232.62287428057,-3.238839221586165
2025-11-28 09:49:00-05:00,convergence,-15.155967999997142,101217.46690628056,-3.253325747912983
2025-11-28 12:59:00-05:00,convergence,-98.69139199999502,101118.77551428057,-3.3476579244151705
2025-12-01 15:59:00-05:00,convergence,100.06067264000573,101218.83618692058,-3.2520169486307093
2025-12-02 10:00:00-05:00,convergence,70.87020799999861,101289.70639492058,-3.184277089719789
2025-12-02 13:20:00-05:00,convergence,-50.10361599999835,101239.60277892058,-3.2321676205161243
2025-12-02 15:59:00-05:00,convergence,-20.02412799999895,101219.57865092058,-3.2513072793913356
2025-12-03 10:34:00-05:00,convergence,-44.64908799999632,101174.92956292059,-3.2939842096131433
2025-12-03 15:59:00-05:00,convergence,-60.51471999999723,101114.41484292058,-3.3518259841827214
2025-12-04 09:46:00-05:00,convergence,-25.149375999999233,101089.26546692058,-3.375864507985815
2025-12-04 15:23:00-05:00,convergence,5.896575999997527,101095.16204292058,-3.37022838474631
2025-12-05 15:59:00-05:00,convergence,25.499980000002424,101120.66202292059,-3.3458547431812646
2025-12-08 15:59:00-05:00,convergence,-138.18287200000012,100982.47915092058,-3.4779340543240833
2025-12-09 15:59:00-05:00,convergence,-58.455359999997945,100924.02379092059,-3.5338074311735967
2025-12-10 09:46:00-05:00,convergence,-37.0054399999952,100887.0183509206,-3.569178334622003
2025-12-10 09:59:00-05:00,convergence,-18.44070400000221,100868.57764692059,-3.586804509603436
2025-12-10 15:59:00-05:00,convergence,-125.67315199999742,100742.90449492059,-3.7069266571971404
2025-12-11 11:53:00-05:00,convergence,39.817983999999505,100782.7224789206,-3.6688674402934995
2025-12-11 13:25:00-05:00,convergence,-15.565120000000956,100767.1573589206,-3.6837450463071852
2025-12-11 15:51:00-05:00,convergence,19.61504000000257,100786.7723989206,-3.664996405945742
2025-12-12 09:42:00-05:00,convergence,3.168095999995945,100789.9404949206,-3.6619682452825764
2025-12-12 10:00:00-05:00,convergence,-35.901591680003385,100754.03890324058,-3.696284057578225
2025-12-12 15:59:00-05:00,convergence,-200.75622399999867,100553.28267924058,-3.8881728451665487
2025-12-15 15:59:00-05:00,convergence,174.64518400000287,100727.92786324059,-3.7212417685195787
2025-12-16 10:11:00-05:00,convergence,-18.911615999999253,100709.0162472406,-3.7393180552382166
2025-12-16 15:59:00-05:00,convergence,70.36064000000094,100779.37688724059,-3.6720652566224254
2025-12-17 15:59:00-05:00,convergence,-380.7831679999961,100398.5937192406,-4.036029167607113
2025-12-18 10:07:00-05:00,convergence,23.326848000002588,100421.9205672406,-4.0137326704336225
2025-12-18 15:59:00-05:00,convergence,42.228927999998795,100464.14949524059,-3.973369001334759
2025-12-19 15:59:00-05:00,convergence,-129.70035199999785,100334.44914324059,-4.097340466822463
2025-12-22 10:32:00-05:00,convergence,-5.266751999997563,100329.1823912406,-4.102374585494706
2025-12-23 15:59:00-05:00,convergence,69.26720000000402,100398.4495912406,-4.036166929448948
2025-12-24 10:06:00-05:00,convergence,2.048640000002866,100400.4982312406,-4.034208778224668
2025-12-24 12:56:00-05:00,convergence,22.51712000000241,100423.01535124061,-4.012686243228291
2025-12-26 15:59:00-05:00,convergence,-23.252159999998025,100399.7631912406,-4.034911351383396
2025-12-29 15:59:00-05:00,convergence,-7.851200000002631,100391.91199124062,-4.0424157625498
2025-12-30 13:13:00-05:00,convergence,-28.64486400000335,100363.2671272406,-4.069795378055996
2025-12-30 15:59:00-05:00,convergence,-30.23699199999994,100333.03013524061,-4.09869679699878
2025-12-31 13:05:00-05:00,convergence,-9.086271999998484,100323.94386324061,-4.1073817268258095
2026-01-02 10:33:00-05:00,convergence,-116.29043199999963,100207.65343124061,-4.218535590750849
2026-01-02 15:59:00-05:00,convergence,112.86425599999909,100320.5176872406,-4.110656568051674
2026-01-05 15:59:00-05:00,convergence,0.5045119999978633,100321.0221992406,-4.11017434043216
2026-01-06 15:59:00-05:00,convergence,-124.98105599999856,100196.04114324061,-4.229634962023376
2026-01-07 15:59:00-05:00,convergence,18.03327999999799,100214.0744232406,-4.21239821505488
2026-01-08 15:59:00-05:00,convergence,12.9502720000002,100227.0246952406,-4.200019958762214
2026-01-09 15:59:00-05:00,convergence,-198.28735999999645,100028.73733524061,-4.389548932491505
2026-01-12 15:59:00-05:00,convergence,-76.87830400000333,99951.8590312406,-4.463031508784665
2026-01-13 09:53:00-05:00,convergence,-20.09463399999619,99931.76439724061,-4.482238559397899
2026-01-13 10:18:00-05:00,convergence,-29.06076399999894,99902.70363324061,-4.5100157045306455
2026-01-13 11:16:00-05:00,convergence,-62.1504320000002,99840.5532012406,-4.569420941424185
2026-01-13 12:59:00-05:00,convergence,-95.40696399999696,99745.14623724061,-4.660613763667354
2026-01-13 15:51:00-05:00,convergence,-27.7431679999989,99717.40306924061,-4.687131511238551
2026-01-13 15:59:00-05:00,convergence,3.801344000001093,99721.20441324062,-4.683498073246772
2026-01-14 10:37:00-05:00,convergence,24.16825599999918,99745.37266924062,-4.660397333207122
2026-01-14 15:59:00-05:00,convergence,-115.33407999999856,99630.03858924062,-4.770637087361962
2026-01-15 15:59:00-05:00,convergence,-143.7327399999971,99486.30584924061,-4.908021127895368
2026-01-16 15:59:00-05:00,convergence,-145.27536200000023,99341.03048724061,-5.046879652553782
2026-01-20 15:59:00-05:00,convergence,85.09446400000358,99426.12495124062,-4.9655438254392
2026-01-21 15:59:00-05:00,convergence,-226.94655999999833,99199.17839124062,-5.182466117451123
2026-01-22 09:37:00-05:00,convergence,28.949247999999148,99228.12763924063,-5.154795562637771
2026-01-22 09:50:00-05:00,convergence,-77.59647999999818,99150.53115924062,-5.228964592975394
2026-01-22 10:01:00-05:00,convergence,40.17222400000008,99190.70338324063,-5.190566782912542
2026-01-22 15:59:00-05:00,convergence,78.56735999999925,99269.27074324063,-5.115469756508939
2026-01-23 09:37:00-05:00,convergence,0.8042239999978629,99270.07496724062,-5.114701055219218
2026-01-23 15:59:00-05:00,convergence,75.98124800000203,99346.05621524062,-5.042075911810628
2026-01-26 09:47:00-05:00,convergence,20.260032000000297,99366.31624724063,-5.022710768855054
2026-01-26 10:01:00-05:00,convergence,8.734655999998882,99375.05090324063,-5.014361924089772
2026-01-26 15:59:00-05:00,convergence,-3.9421459999977215,99371.10875724062,-5.01812994483336
2026-01-27 15:59:00-05:00,convergence,50.55932600000175,99421.66808324063,-4.969803832824882
2026-01-28 15:55:00-05:00,convergence,38.418052000001225,99460.08613524064,-4.933082712687719
2026-01-29 09:43:00-05:00,convergence,90.23188600000559,99550.31802124063,-4.846836384372899
2026-01-29 10:13:00-05:00,convergence,83.62724300000376,99633.94526424064,-4.766902970858289
2026-01-29 10:32:00-05:00,convergence,-75.40646399999407,99558.53880024064,-4.838978718573495
2026-01-29 15:21:00-05:00,convergence,-193.8037760000023,99364.73502424064,-5.02422214896735
2026-01-29 15:59:00-05:00,convergence,87.78809400000101,99452.52311824064,-4.94031166994604
2026-01-30 09:36:00-05:00,convergence,-51.38560000000167,99401.13751824063,-4.9894275592920145
2026-01-30 09:52:00-05:00,convergence,3.7785280000023094,99404.91604624064,-4.9858159295136595
2026-01-30 15:59:00-05:00,convergence,-161.40813400000266,99243.50791224065,-5.140094638900782
2026-02-02 09:35:00-05:00,convergence,-3.6922880000000298,99239.81562424064,-5.1436238379145465
2026-02-02 10:16:00-05:00,convergence,-154.77286399999667,99085.04276024064,-5.29156035830124
2026-02-02 15:59:00-05:00,convergence,9.064214000000204,99094.10697424064,-5.282896512168622
2026-02-03 09:49:00-05:00,convergence,56.498367999999445,99150.60534224064,-5.228893686651048
2026-02-03 10:05:00-05:00,convergence,-77.93932800000205,99072.66601424065,-5.303390421334441
2026-02-03 12:31:00-05:00,convergence,148.9875840000006,99221.65359824063,-5.16098364415043
2026-02-03 15:06:00-05:00,convergence,-78.16198400000015,99143.49161424064,-5.235693200080593
2026-02-03 15:41:00-05:00,convergence,91.7587200000036,99235.25033424064,-5.147987478282124
2026-02-04 09:35:00-05:00,convergence,-24.38227200000058,99210.86806224064,-5.171292781198799
2026-02-04 15:59:00-05:00,convergence,-268.8280959999991,98942.03996624064,-5.428246694673067
2026-02-05 15:59:00-05:00,convergence,24.221604000000518,98966.26157024065,-5.405094963023616
2026-02-06 09:34:00-05:00,convergence,-97.26961199999982,98868.99195824064,-5.498068159789193
2026-02-06 15:59:00-05:00,convergence,225.73867800000096,99094.73063624065,-5.282300397424766
2026-02-09 09:37:00-05:00,convergence,-10.238016000000993,99084.49262024065,-5.2920861985242595
2026-02-09 12:15:00-05:00,convergence,250.5030400000016,99334.99566024065,-5.052647920223174
2026-02-09 15:45:00-05:00,convergence,11.100416000003111,99346.09607624065,-5.042037811477728
2026-02-10 09:36:00-05:00,convergence,-5.539200000000914,99340.55687624065,-5.047332344075672
2026-02-10 09:41:00-05:00,convergence,13.356479999996896,99353.91335624065,-5.034565822059156
2026-02-10 09:55:00-05:00,convergence,-42.33056000000017,99311.58279624065,-5.07502663405538
2026-02-10 12:52:00-05:00,convergence,-15.467200000000798,99296.11559624065,-5.0898106452120455
2026-02-10 15:59:00-05:00,convergence,55.93625599999921,99352.05185224065,-5.036345103112239
2026-02-11 10:21:00-05:00,convergence,239.93299200000018,99591.98484424065,-4.807009992000976
2026-02-11 11:15:00-05:00,convergence,113.23974399999695,99705.22458824064,-4.698772066670354
2026-02-11 15:59:00-05:00,convergence,-73.33734400000124,99631.88724424064,-4.768870087766364
2026-02-12 12:32:00-05:00,convergence,359.34195200000084,99991.22919624065,-4.425400330639928
2026-02-12 15:59:00-05:00,convergence,109.95798000000434,100101.18717624065,-4.320299213237644
2026-02-13 15:59:00-05:00,convergence,-49.416245999999326,100051.77093024064,-4.367532735283309
2026-02-17 15:59:00-05:00,convergence,78.64051800000323,100130.41144824064,-4.29236578228096
2026-02-18 15:59:00-05:00,convergence,-133.27122599999984,99997.14022224065,-4.419750395659361
2026-02-19 09:46:00-05:00,convergence,16.57464600000116,100013.71486824066,-4.403907854580047
2026-02-19 10:32:00-05:00,convergence,39.32082000000309,100053.03568824065,-4.366323841858344
2026-02-19 15:59:00-05:00,convergence,7.969566000001004,100061.00525424065,-4.358706292938197
2026-02-20 10:06:00-05:00,convergence,1.357685999999484,100062.36294024065,-4.357408576158727
2026-02-20 10:46:00-05:00,convergence,-28.969760640002118,100033.39317960065,-4.385098737565308
2026-02-20 11:08:00-05:00,convergence,9.896832000004157,100043.29001160066,-4.375639050310731
2026-02-20 15:59:00-05:00,convergence,-34.581824000002435,100008.70818760066,-4.40869338928831
2026-02-23 10:44:00-05:00,convergence,123.61502719999969,100132.32321480065,-4.290538458773662
2026-02-23 15:09:00-05:00,convergence,-46.76304599999754,100085.56016880066,-4.335235973112617
2026-02-24 09:38:00-05:00,convergence,1.411674000001989,100086.97184280066,-4.333886652992258
2026-02-24 15:59:00-05:00,convergence,175.9228679999992,100262.89471080065,-4.165734327863957
2026-02-25 09:54:00-05:00,convergence,-86.32291199999766,100176.57179880067,-4.248244342222318
2026-02-25 15:59:00-05:00,convergence,31.572480000000883,100208.14427880067,-4.218066424010647
2026-02-26 15:59:00-05:00,convergence,148.4261759999992,100356.57045480066,-4.076196257340192
2026-02-27 09:52:00-05:00,convergence,-26.368781999996493,100330.20167280066,-4.101400325773774
2026-02-27 15:59:00-05:00,convergence,-102.61046399999896,100227.59120880066,-4.199478468202045
2026-03-02 15:59:00-05:00,convergence,213.87676199999987,100441.46797080066,-3.9950486789991135
2026-03-03 09:39:00-05:00,convergence,-54.988823999998665,100386.47914680066,-4.047608637330812
2026-03-03 15:59:00-05:00,convergence,210.00058200000194,100596.47972880067,-3.8468838166008545
2026-03-04 10:44:00-05:00,convergence,105.26986800000043,100701.74959680067,-3.7462637364976126
2026-03-04 11:21:00-05:00,convergence,10.130223999998794,100711.87982080066,-3.736580966207237
2026-03-04 12:09:00-05:00,convergence,-16.370175999998377,100695.50964480067,-3.7522280687610543
2026-03-04 15:17:00-05:00,convergence,-22.57404031999779,100672.93560448068,-3.7738050098972575
2026-03-04 15:59:00-05:00,convergence,26.833983999999123,100699.76958848067,-3.7481562875148033
2026-03-05 09:51:00-05:00,convergence,-4.517824000000314,100695.25176448066,-3.7524745584636587
2026-03-05 10:21:00-05:00,convergence,37.877215999999116,100733.12898048067,-3.7162703855087797
2026-03-05 15:59:00-05:00,convergence,-8.978111999998713,100724.15086848068,-3.7248519327813145
2026-03-06 09:41:00-05:00,convergence,12.304643999999593,100736.45551248066,-3.7130907869905694
2026-03-06 15:59:00-05:00,convergence,0.75972600000477,100737.21523848067,-3.712364618216646
2026-03-09 10:13:00-04:00,convergence,117.66262200000438,100854.87786048067,-3.5998991741562736
2026-03-09 15:59:00-04:00,convergence,-326.1447749999959,100528.73308548068,-3.9116380792126537
2026-03-10 15:59:00-04:00,convergence,32.64620800000028,100561.37929348068,-3.8804338597485777
2026-03-11 15:59:00-04:00,convergence,82.21900799999837,100643.59830148068,-3.801846479255533
2026-03-12 15:59:00-04:00,convergence,-78.75001200000031,100564.84828948068,-3.8771180898893642
2026-03-13 15:59:00-04:00,convergence,222.88609199999985,100787.73438148068,-3.6640769143182483
2026-03-16 15:59:00-04:00,convergence,-69.87743400000022,100717.85694748069,-3.7308678502248838
2026-03-17 09:58:00-04:00,convergence,-22.737131339999685,100695.11981614068,-3.752600678623119
2026-03-17 15:59:00-04:00,convergence,51.52217400000256,100746.64199014068,-3.70335424777386
2026-03-18 11:36:00-04:00,convergence,-52.72126200000242,100693.92072814069,-3.753746802703084
2026-03-18 15:57:00-04:00,convergence,173.37421199999983,100867.29494014068,-3.588030559007649
2026-03-19 10:00:00-04:00,convergence,40.483806000000634,100907.77874614068,-3.5493349295745102
2026-03-19 11:13:00-04:00,convergence,-38.073222000001245,100869.70552414068,-3.585726450911164
2026-03-19 15:59:00-04:00,convergence,-101.75972400000092,100767.94580014067,-3.6829914306693134
2026-03-20 15:59:00-04:00,convergence,-247.21270199999924,100520.73309814068,-3.9192847057570646
2026-03-23 10:02:00-04:00,convergence,71.81855999999937,100592.55165814068,-3.8506383837145775
2026-03-23 10:17:00-04:00,convergence,-56.82994680000309,100535.72171134068,-3.9049581421404023
2026-03-23 11:27:00-04:00,convergence,28.06428900000423,100563.78600034068,-3.8781334575381465
2026-03-23 13:36:00-04:00,convergence,58.05778799999831,100621.84378834067,-3.8226400918660697
2026-03-23 15:42:00-04:00,convergence,-17.093966999999004,100604.74982134068,-3.8389790154488512
2026-03-24 09:59:00-04:00,convergence,-19.738767999994423,100585.01105334068,-3.857845918723568
2026-03-24 15:59:00-04:00,convergence,2.3584440000041123,100587.3694973407,-3.8555916475944363
2026-03-25 09:41:00-04:00,convergence,15.402486000000517,100602.77198334069,-3.8408694920094466
2026-03-25 11:31:00-04:00,convergence,92.06880400000142,100694.8407873407,-3.7528673826737524
2026-03-25 15:59:00-04:00,convergence,55.68809400000054,100750.5288813407,-3.699639041216385
2026-03-26 15:59:00-04:00,convergence,-311.34683319999857,100439.18204814069,-3.9972336320680757
2026-03-27 15:59:00-04:00,convergence,171.39409000000217,100610.57613814069,-3.833410048048569
2026-03-30 15:59:00-04:00,convergence,-244.70838000000197,100365.8677581407,-4.067309617463167
2026-03-31 09:58:00-04:00,convergence,62.171970000002155,100428.03972814069,-4.007883793906752
2026-03-31 12:43:00-04:00,convergence,280.16422000000136,100708.2039481407,-3.740094474949307
2026-03-31 15:59:00-04:00,convergence,94.61343200000107,100802.8173801407,-3.6496601342633106
2026-04-01 15:59:00-04:00,convergence,-30.27951599999841,100772.5378641407,-3.6786021989138273
2026-04-02 14:07:00-04:00,convergence,-271.9528079999972,100500.5850561407,-3.938542805329892
2026-04-06 15:59:00-04:00,convergence,-22.192302000002663,100478.3927541407,-3.9597548695923246
2026-04-07 14:02:00-04:00,convergence,-69.72658800000266,100408.6661661407,-4.026401622392339
2026-04-08 15:59:00-04:00,convergence,44.010208000001676,100452.6763741407,-3.984335352732715
2026-04-09 10:14:00-04:00,convergence,21.814650000003546,100474.4910241407,-3.96348425951748
2026-04-09 15:59:00-04:00,convergence,222.43260600000428,100696.9236301407,-3.7508765393929444
2026-04-10 15:59:00-04:00,convergence,-66.45673600000175,100630.4668941407,-3.8143978701095316
2026-04-13 10:03:00-04:00,convergence,-81.31692799999821,100549.1499661407,-3.8921230156289455
2026-04-13 15:59:00-04:00,convergence,190.63404800000188,100739.7840141407,-3.709909305812531
2026-04-14 10:18:00-04:00,convergence,45.57081599999781,100785.35483014071,-3.666351360472553
2026-04-14 10:50:00-04:00,convergence,2.674944000000483,100788.02977414071,-3.663794569202028
2026-04-14 14:17:00-04:00,convergence,2.2432220000018632,100790.2729961407,-3.6616504306976605
2026-04-14 15:38:00-04:00,convergence,-48.29477599999895,100741.9782201407,-3.7078120182631347
2026-04-15 15:59:00-04:00,convergence,267.52479200000084,101009.5030121407,-3.452103841630483
2026-04-16 15:59:00-04:00,convergence,-93.39103399999762,100916.11197814072,-3.5413697778431286
2026-04-17 14:19:00-04:00,convergence,97.17260000000122,101013.28457814071,-3.4484893080410917
2026-04-17 15:59:00-04:00,convergence,-29.59043999999877,100983.69413814071,-3.476772733295219
2026-04-20 15:59:00-04:00,convergence,-37.977599999999676,100945.71653814071,-3.513072856271804
2026-04-21 09:50:00-04:00,convergence,-24.476340000001493,100921.24019814072,-3.5364680721889807
2026-04-21 15:59:00-04:00,convergence,138.42912000000027,101059.66931814072,-3.40415338986203
2026-04-22 15:59:00-04:00,convergence,171.06486000000316,101230.73417814072,-3.2406444936976753
2026-04-23 15:59:00-04:00,convergence,47.458980600001304,101278.19315874072,-3.1952817843078463
2026-04-24 15:59:00-04:00,convergence,157.4559600000005,101435.64911874072,-3.0447806807258337
2026-04-27 09:34:00-04:00,convergence,-14.763359999998748,101420.88575874073,-3.0588919406144943
2026-04-27 09:48:00-04:00,convergence,-33.960480599999265,101386.92527814073,-3.0913523810352617
2026-04-27 09:56:00-04:00,convergence,14.491710000002776,101401.41698814073,-3.0775007723200964
2026-04-27 15:59:00-04:00,convergence,51.83064000000358,101453.24762814073,-3.027959500466293
2026-04-28 09:47:00-04:00,convergence,-105.59729999999759,101347.65032814073,-3.1288925498426323
2026-04-28 15:59:00-04:00,convergence,-67.21265999999714,101280.43766814073,-3.1931364152681274
2026-04-29 12:30:00-04:00,convergence,7.491960000001691,101287.92962814073,-3.1859753764100773
2026-04-29 14:03:00-04:00,convergence,6.887879999998895,101294.81750814074,-3.1793917352361145
2026-04-29 15:59:00-04:00,convergence,-19.24709999999819,101275.57040814073,-3.1977886875696693
2026-04-30 15:59:00-04:00,convergence,-147.6932999999967,101127.87710814073,-3.3389583494971453
2026-05-01 10:11:00-04:00,convergence,-104.72790299999852,101023.14920514074,-3.4390604032862093
2026-05-01 15:59:00-04:00,convergence,13.432452000000215,101036.58165714073,-3.426221264965801
2026-05-04 09:54:00-04:00,convergence,29.96204600000269,101066.54370314075,-3.397582647611619
2026-05-04 10:29:00-04:00,convergence,-33.2653780000002,101033.27832514074,-3.4293786882319544
2026-05-04 10:59:00-04:00,convergence,-6.880076000002444,101026.39824914074,-3.435954870109903
2026-05-04 11:32:00-04:00,convergence,-115.32163199999982,100911.07661714074,-3.546182726095004
2026-05-04 13:26:00-04:00,convergence,39.55762399999864,100950.63424114074,-3.5083723690460866
2026-05-04 15:04:00-04:00,convergence,-36.7160299999986,100913.91821114074,-3.543466645783211
2026-05-04 15:59:00-04:00,convergence,-6.703147000000766,100907.21506414074,-3.5498737136450575
2026-05-05 09:39:00-04:00,convergence,12.220136580001938,100919.43520072073,-3.538193342567253
2026-05-05 15:59:00-04:00,convergence,-71.02616199999707,100848.40903872074,-3.606082266963595
2026-05-06 09:35:00-04:00,convergence,32.99167600000246,100881.40071472074,-3.5745478388795715
2026-05-06 15:59:00-04:00,convergence,190.27303100000253,101071.67374572075,-3.3926791998811323
2026-05-07 15:59:00-04:00,convergence,-56.989015999996894,101014.68472972076,-3.4471510013934448
2026-05-08 10:04:00-04:00,convergence,119.18690000000097,101133.87162972076,-3.333228606950467
2026-05-08 15:59:00-04:00,convergence,-151.49175999999952,100982.37986972075,-3.4780289502564954
2026-05-11 09:35:00-04:00,convergence,-9.584343999999051,100972.79552572075,-3.487189952158931
2026-05-11 15:59:00-04:00,convergence,45.02478400000146,101017.82030972076,-3.444153920493054
2026-05-12 09:55:00-04:00,convergence,-6.451088000002615,101011.36922172076,-3.450320062843615
2026-05-12 10:14:00-04:00,convergence,35.57377600000146,101046.94299772076,-3.416317586553863
2026-05-12 10:43:00-04:00,convergence,33.98425687999807,101080.92725460076,-3.3838344200554205
2026-05-12 15:56:00-04:00,convergence,55.179936000003096,101136.10719060076,-3.3310917911731353
2026-05-13 15:59:00-04:00,convergence,163.47626400000163,101299.58345460075,-3.174836301438344
2026-05-14 14:25:00-04:00,convergence,-125.11616400000028,101174.46729060076,-3.2944260632863154
2026-05-14 15:59:00-04:00,convergence,-5.532569999999431,101168.93472060075,-3.2997142587325
2026-05-15 09:35:00-04:00,convergence,-12.623855999999792,101156.31086460076,-3.3117805168751513
2026-05-15 15:59:00-04:00,convergence,-1.1342799999993949,101155.17658460076,-3.312864695535467
2026-05-18 09:33:00-04:00,convergence,-26.917688000002816,101128.25889660076,-3.3385934246980553
2026-05-18 09:38:00-04:00,convergence,26.68020824000123,101154.93910484076,-3.31309168577425
2026-05-18 15:59:00-04:00,convergence,-130.20436799999933,101024.73473684076,-3.43754490478988
2026-05-19 09:52:00-04:00,convergence,-27.382151999998403,100997.35258484076,-3.4637175824989375
2026-05-19 15:59:00-04:00,convergence,13.782384000003644,101011.13496884076,-3.450543968734232
2026-05-20 15:59:00-04:00,convergence,181.97564000000276,101193.11060884077,-3.2766062235701776
2026-05-21 09:39:00-04:00,convergence,-3.2374440000022298,101189.87316484077,-3.2797006691204444
2026-05-21 15:59:00-04:00,convergence,-164.68653599999843,101025.18662884076,-3.4371129729360406
2026-05-22 09:42:00-04:00,convergence,7.559109000003183,101032.74573784077,-3.4298877510606895
2026-05-22 15:59:00-04:00,convergence,55.500066000002185,101088.24580384078,-3.3768391323747093
2026-05-26 09:41:00-04:00,convergence,-18.420723000003285,101069.82508084076,-3.39444620892031
2026-05-26 15:59:00-04:00,convergence,-83.93009400000122,100985.89498684077,-3.474669096454952
2026-05-27 09:35:00-04:00,convergence,-3.2338439999986477,100982.66114284076,-3.477760101017835
2026-05-27 15:59:00-04:00,convergence,-46.68521399999694,100935.97592884077,-3.522383221209413
2026-05-28 11:35:00-04:00,convergence,123.79297500000163,101059.76890384077,-3.404058202879212
2026-05-28 12:01:00-04:00,convergence,-9.337922999999513,101050.43098084077,-3.4129836682389447
2026-05-28 13:05:00-04:00,convergence,-19.208825999996442,101031.22215484078,-3.4313440371415482
2026-05-28 15:59:00-04:00,convergence,-14.884181999999818,101016.33797284077,-3.44557078230201
2026-05-29 09:34:00-04:00,convergence,-20.85344999999726,100995.48452284078,-3.465503131884029
2026-05-29 15:59:00-04:00,convergence,8.041140000001711,101003.52566284078,-3.4578171703995686
2026-06-01 09:52:00-04:00,convergence,-21.12739199999934,100982.39827084079,-3.478011361917055
2026-06-01 10:09:00-04:00,convergence,-31.92242399999899,100950.47584684078,-3.5085237670429925
2026-06-01 10:11:00-04:00,convergence,-14.364701459997185,100936.11114538078,-3.5222539772068684
2026-06-01 10:30:00-04:00,convergence,11.553462000001865,100947.6646073808,-3.5112108335799586
2026-06-01 15:59:00-04:00,convergence,-114.83872200000147,100832.8258853808,-3.6209771097815424
2026-06-02 09:38:00-04:00,convergence,-39.086527999998665,100793.7393573808,-3.658337179220572
2026-06-02 09:50:00-04:00,convergence,-62.464985999999534,100731.27437138079,-3.718043076210653
2026-06-02 10:00:00-04:00,convergence,18.090384000001695,100749.3647553808,-3.700751747535491
2026-06-02 10:23:00-04:00,convergence,-15.452268000002489,100733.91248738079,-3.7155214862411357
2026-06-02 15:59:00-04:00,convergence,-79.16719200000146,100654.74529538078,-3.7911918499637154
2026-06-03 09:38:00-04:00,convergence,72.6509680000013,100727.39626338078,-3.721749887523551
2026-06-03 15:59:00-04:00,convergence,51.86594400000014,100779.26220738079,-3.672174871053402
2026-06-04 09:43:00-04:00,convergence,3.4788420000034748,100782.7410493808,-3.6688496900936673
2026-06-04 10:00:00-04:00,convergence,1.3211100000027827,100784.06215938079,-3.667586933746103
2026-06-04 10:12:00-04:00,convergence,26.031105000001467,100810.09326438079,-3.6427056270622593
2026-06-04 15:59:00-04:00,convergence,-147.3435629999989,100662.7497013808,-3.7835409999322445
2026-06-05 10:09:00-04:00,convergence,-143.85886199999655,100518.8908393808,-3.9210455916355524
2026-06-05 10:23:00-04:00,convergence,37.591397999999764,100556.4822373808,-3.8851146120512214
2026-06-05 11:29:00-04:00,convergence,129.95418600000252,100686.4364233808,-3.7609005244542804
2026-06-05 15:59:00-04:00,convergence,-423.9590219999979,100262.4774013808,-4.166133204656052
2026-06-08 15:59:00-04:00,convergence,-13.860827999998982,100248.6165733808,-4.179381797536008
2026-06-09 09:34:00-04:00,convergence,-28.499741999999664,100220.1168313808,-4.2066227011055
2026-06-09 09:35:00-04:00,convergence,-8.38071899999742,100211.73611238081,-4.214633242328003
2026-06-09 09:42:00-04:00,convergence,-21.756870000000085,100189.97924238081,-4.235429107695632
2026-06-09 10:42:00-04:00,convergence,190.13452326000012,100380.11376564081,-4.053692858526858
2026-06-09 15:59:00-04:00,convergence,-164.95561600000028,100215.1581496408,-4.211362357033299
2026-06-10 09:34:00-04:00,convergence,-36.33520799999823,100178.82294164081,-4.2460926327426485
2026-06-10 11:15:00-04:00,convergence,86.87565600000235,100265.69859764082,-4.163054289180357
2026-06-10 11:44:00-04:00,convergence,5.111176000002073,100270.80977364081,-4.158168874689849
2026-06-10 11:58:00-04:00,convergence,45.717504000000105,100316.52727764081,-4.114470720583685
2026-06-10 15:59:00-04:00,convergence,-148.2737199999975,100168.25355764081,-4.256195165261467
2026-06-11 15:59:00-04:00,convergence,-512.9591600000018,99655.29439764081,-4.746496832295821
2026-06-12 15:59:00-04:00,convergence,-178.58458799999485,99476.70980964082,-4.917193308800972
2026-06-15 15:59:00-04:00,convergence,113.57188199999868,99590.28169164082,-4.808637916062041
2026-06-16 10:02:00-04:00,convergence,-26.100048000002953,99564.18164364081,-4.83358512052191
2026-06-16 10:11:00-04:00,convergence,-22.593973999996233,99541.58766964082,-4.855181114864083
2026-06-16 10:20:00-04:00,convergence,17.3313400000027,99558.91900964083,-4.838615303086902
2026-06-16 15:59:00-04:00,convergence,-284.8757579999996,99274.04325164082,-5.110908050613006
2026-06-17 09:34:00-04:00,convergence,5.123250000001768,99279.16650164082,-5.1060110954331055
2026-06-17 09:40:00-04:00,convergence,20.515248000001144,99299.68174964083,-5.0864020094114615
2026-06-17 09:57:00-04:00,convergence,35.90152200000269,99335.58327164083,-5.0520862637180475
2026-06-17 10:01:00-04:00,convergence,12.97274400000375,99348.55601564083,-5.039686528017429
2026-06-17 15:59:00-04:00,convergence,235.76923799999994,99584.32525364083,-4.814331257186866
2026-06-18 10:02:00-04:00,convergence,46.945440000003224,99631.27069364084,-4.769459405221765
2026-06-18 10:10:00-04:00,convergence,-37.56839400000232,99593.70229964083,-4.805368396896659
2026-06-18 10:21:00-04:00,convergence,18.317880000002297,99612.02017964084,-4.787859620758351
2026-06-18 10:51:00-04:00,convergence,54.763938000000586,99666.78411764084,-4.735514615173953
2026-06-18 11:55:00-04:00,convergence,20.191086000003075,99686.97520364085,-4.716215372861887
2026-06-18 12:31:00-04:00,convergence,-35.434421459999534,99651.54078218083,-4.7500846499252685
2026-06-18 13:54:00-04:00,convergence,19.899756000001922,99671.44053818085,-4.731063869517749
2026-06-18 15:51:00-04:00,convergence,-25.732565999999828,99645.70797218084,-4.755659823719793
2026-06-18 15:59:00-04:00,convergence,-35.17992400000115,99610.52804818084,-4.789285844519064
2026-06-22 10:22:00-04:00,convergence,9.776104000003686,99620.30415218085,-4.779941552688305
2026-06-22 15:59:00-04:00,convergence,13.139328600002464,99633.44348078084,-4.7673825904576805
2026-06-23 09:36:00-04:00,convergence,3.6884700000021766,99637.13195078085,-4.763857040802211
2026-06-23 10:01:00-04:00,convergence,33.606575999998505,99670.73852678084,-4.7317348729553395
2026-06-23 10:06:00-04:00,convergence,6.055344000002798,99676.79387078085,-4.725946994525265
2026-06-23 10:23:00-04:00,convergence,29.941082999998308,99706.73495378085,-4.697328414231827
2026-06-23 10:25:00-04:00,convergence,12.256973999999865,99718.99192778085,-4.685612832849095
2026-06-23 11:37:00-04:00,convergence,-134.04738599999692,99584.94454178085,-4.813739323108868
2026-06-23 12:04:00-04:00,convergence,79.00556400000309,99663.95010578085,-4.738223448250157
2026-06-23 12:22:00-04:00,convergence,24.171209999997778,99688.12131578085,-4.715119884689189
2026-06-23 12:32:00-04:00,convergence,7.160832000001925,99695.28214778086,-4.708275347851298
2026-06-23 12:48:00-04:00,convergence,19.17575100000041,99714.45789878085,-4.689946593020345
2026-06-23 13:13:00-04:00,convergence,38.2228740000016,99752.68077278086,-4.653412029837867
2026-06-23 15:59:00-04:00,convergence,-137.79282599999786,99614.88794678086,-4.785118523378551
2026-06-24 15:57:00-04:00,convergence,-148.0051979999952,99466.88274878086,-4.926586306718561
2026-06-24 15:59:00-04:00,convergence,-43.987216000000984,99422.89553278087,-4.968630599938695
2026-06-25 09:56:00-04:00,convergence,445.68068399999976,99868.57621678086,-4.542635707225973
2026-06-25 10:04:00-04:00,convergence,96.94581567999867,99965.52203246087,-4.4499720046421
2026-06-25 15:59:00-04:00,convergence,-127.47425599999733,99838.04777646087,-4.5718157011671146
2026-06-26 15:59:00-04:00,convergence,-41.148015999997455,99796.89976046086,-4.611146202332073
2026-06-29 09:35:00-04:00,convergence,57.9627359999973,99854.86249646086,-4.5557436901970565
2026-06-29 09:38:00-04:00,convergence,31.502951999999333,99886.36544846086,-4.52563222892185
2026-06-29 09:44:00-04:00,convergence,50.13484200000217,99936.50029046087,-4.477711851383193
2026-06-29 09:49:00-04:00,convergence,18.79183799999972,99955.29212846086,-4.4597500520500155
2026-06-29 10:32:00-04:00,convergence,-123.20105399999787,99832.09107446087,-4.57750929463101
2026-06-29 10:57:00-04:00,convergence,21.482496000002723,99853.57357046087,-4.556975684117348
2026-06-29 15:59:00-04:00,convergence,-253.65851999999884,99599.91505046087,-4.799430064332466
2026-06-30 09:39:00-04:00,convergence,-62.582544000000475,99537.33250646087,-4.8592483267657745
2026-06-30 15:59:00-04:00,convergence,-212.4843299999974,99324.84817646087,-5.062347187925942
2026-07-01 09:46:00-04:00,convergence,-13.986539999997753,99310.86163646088,-5.075715940085557
2026-07-01 09:58:00-04:00,convergence,-56.6550719999988,99254.20656446088,-5.129868547960903
2026-07-01 10:00:00-04:00,convergence,13.798782000002426,99268.00534646088,-5.1166792604986355
2026-07-01 15:59:00-04:00,convergence,-144.93810600000054,99123.06724046088,-5.255215425811688
2026-07-02 09:35:00-04:00,convergence,26.661933000001873,99149.72917346087,-5.2297311549074355
2026-07-02 09:37:00-04:00,convergence,-17.761463999997922,99131.96770946088,-5.246708092034691
2026-07-02 15:59:00-04:00,convergence,-391.63332600000246,98740.33438346088,-5.621042907703067
2026-07-06 11:13:00-04:00,convergence,-98.16919253999882,98642.16519092087,-5.714875950383858
2026-07-06 13:01:00-04:00,convergence,43.95980700000242,98686.12499792088,-5.6728578555035325
2026-07-06 13:09:00-04:00,convergence,21.017799000000046,98707.14279692089,-5.652768416244669
2026-07-06 15:59:00-04:00,convergence,-25.546913999995844,98681.59588292088,-5.677186918726984
2026-07-07 09:42:00-04:00,convergence,-33.00982199999775,98648.58606092089,-5.708738691299109
2026-07-07 09:47:00-04:00,convergence,6.657784000003089,98655.24384492089,-5.702374982745873
2026-07-07 15:59:00-04:00,convergence,-106.58202799999899,98548.6618169209,-5.804249264519679
2026-07-08 09:39:00-04:00,convergence,25.903555999997845,98574.56537292089,-5.779489872974919
2026-07-08 10:13:00-04:00,convergence,75.59860000000336,98650.1639729209,-5.707230475939351
2026-07-08 10:43:00-04:00,convergence,74.06064399999642,98724.2246169209,-5.636441103126833
2026-07-08 10:53:00-04:00,convergence,11.222456000001698,98735.4470729209,-5.62571434490885
2026-07-08 15:59:00-04:00,convergence,148.38874400000023,98883.8358169209,-5.483879956860626
2026-07-09 09:35:00-04:00,convergence,-60.99891299999914,98822.83690392089,-5.542184537543394
2026-07-09 09:49:00-04:00,convergence,7.150248000001021,98829.9871519209,-5.535350117208426
2026-07-09 10:22:00-04:00,convergence,153.77823000000032,98983.7653819209,-5.388364297669512
2026-07-09 10:54:00-04:00,convergence,-0.927395999998943,98982.8379859209,-5.389250730431138
2026-07-09 11:14:00-04:00,convergence,31.99359600000067,99014.8315819209,-5.358670296984503
2026-07-09 15:59:00-04:00,convergence,60.93993312000074,99075.77151504089,-5.3004220910304545
2026-07-10 09:43:00-04:00,convergence,-35.255249999998036,99040.5162650409,-5.3341201106675395
2026-07-10 15:59:00-04:00,convergence,-113.84366399999672,98926.6726010409,-5.442935280749506
2026-07-13 10:24:00-04:00,convergence,-75.97043999999804,98850.7021610409,-5.515550093549293
2026-07-13 10:53:00-04:00,convergence,-6.306443999997818,98844.39571704091,-5.521577980849813
2026-07-13 11:09:00-04:00,convergence,24.99735599999925,98869.3930730409,-5.497684762297583
2026-07-13 11:46:00-04:00,convergence,37.697994000000755,98907.0910670409,-5.461651895076636
2026-07-13 12:11:00-04:00,convergence,-1.9786679999968229,98905.11239904091,-5.4635431649759925
2026-07-13 15:59:00-04:00,convergence,-96.18377399999852,98808.9286250409,-5.555478485389909
2026-07-14 09:41:00-04:00,convergence,38.49454799999713,98847.42317304091,-5.51868424809403
2026-07-14 09:48:00-04:00,convergence,18.13446360000372,98865.55763664091,-5.501350786822279
2026-07-14 15:59:00-04:00,convergence,29.30623200000192,98894.86386864091,-5.473339016052659
2026-07-15 15:59:00-04:00,convergence,-172.40304599999925,98722.46082264092,-5.638126990314774
2026-07-16 09:47:00-04:00,convergence,132.12141600000123,98854.58223864091,-5.511841399633955
2026-07-16 10:02:00-04:00,convergence,58.36496399999933,98912.94720264092,-5.456054425977797
2026-07-16 10:25:00-04:00,convergence,-33.91841599999779,98879.02878664092,-5.48847465979907
2026-07-16 10:58:00-04:00,convergence,-36.44020799999734,98842.58857864092,-5.523305297640646
2026-07-16 11:07:00-04:00,convergence,30.763992000000965,98873.35257064093,-5.4939001563770855
2026-07-16 15:59:00-04:00,convergence,-122.64632800000126,98750.70624264092,-5.611129175299457
2026-07-17 09:34:00-04:00,convergence,28.458416000003037,98779.16465864092,-5.583927772353558
2026-07-17 11:06:00-04:00,convergence,-23.363255999996998,98755.80140264092,-5.606259069379515
2026-07-17 15:59:00-04:00,convergence,2.4277573600042195,98758.22916000093,-5.6039385464732305
2026-07-20 09:39:00-04:00,convergence,-70.37718799999456,98687.85197200094,-5.671207162161062
2026-07-20 10:11:00-04:00,convergence,101.69857600000333,98789.55054800095,-5.574000629485387
2026-07-20 10:19:00-04:00,convergence,0.6422640000004358,98790.19281200094,-5.5733867343950365
2026-07-20 10:26:00-04:00,convergence,36.257211200000626,98826.45002320094,-5.538731010353814
2026-07-20 15:59:00-04:00,convergence,-146.61891999999906,98679.83110320094,-5.67887374782784
2026-07-21 09:49:00-04:00,convergence,-35.9487799999998,98643.88232320095,-5.713234664127398
2026-07-21 09:59:00-04:00,convergence,24.393151999997738,98668.27547520094,-5.68991896178217
2026-07-21 10:34:00-04:00,convergence,70.30878400000202,98738.58425920094,-5.622715728678074
2026-07-21 10:46:00-04:00,convergence,16.810472000001393,98755.39473120094,-5.6066477780731265
2026-07-21 11:39:00-04:00,convergence,-61.03479199999728,98694.35993920095,-5.664986652974379
2026-07-21 15:59:00-04:00,convergence,-26.61243200000317,98667.74750720094,-5.690423609346196
2026-07-22 15:58:00-04:00,convergence,-32.45698399999819,98635.29052320095,-5.721446962866383
2026-07-23 15:59:00-04:00,convergence,70.99792000000016,98706.28844320095,-5.653585033016128
2026-07-24 09:37:00-04:00,convergence,-4.286519999998832,98702.00192320095,-5.65768221670181
2026-07-24 09:44:00-04:00,convergence,-18.63737200000028,98683.36455120095,-5.675496372824373
2026-07-24 09:47:00-04:00,convergence,10.656282000000122,98694.02083320095,-5.665310780604926
2026-07-24 15:59:00-04:00,convergence,-115.75146999999598,98578.26936320095,-5.775949488572785
2026-07-27 09:33:00-04:00,convergence,22.30984000000208,98600.57920320095,-5.754625077983711
2026-07-27 09:39:00-04:00,convergence,23.29109832000304,98623.87030152096,-5.7323627514207836
2026-07-27 09:41:00-04:00,convergence,20.494740000000913,98644.36504152096,-5.712773267557325
2026-07-27 09:57:00-04:00,convergence,60.83132800000109,98705.19636952096,-5.6546288696167295
2026-07-27 15:28:00-04:00,convergence,-115.73801400000028,98589.45835552095,-5.765254715938384
2026-07-27 15:59:00-04:00,convergence,-12.753967999998533,98576.70438752096,-5.777445339011966
2026-07-28 09:35:00-04:00,convergence,16.328507999997644,98593.03289552096,-5.761838063975522
2026-07-28 15:21:00-04:00,convergence,49.08163000000056,98642.11452552096,-5.71492437788449
2026-07-28 15:38:00-04:00,convergence,39.35749499999949,98681.47202052096,-5.677305310103731
2026-07-28 15:59:00-04:00,convergence,-29.213033999997744,98652.25898652096,-5.705227999444795
2026-07-29 09:51:00-04:00,convergence,31.426255999998464,98683.68524252097,-5.675189846494266
2026-07-29 15:59:00-04:00,convergence,-305.47625599999947,98378.20898652096,-5.967173164535067
2026-07-30 15:59:00-04:00,convergence,259.3007160000028,98637.50970252097,-5.71932580507275
2026-07-31 15:59:00-04:00,convergence,-197.4986159999995,98440.01108652096,-5.908100873758104
2026-08-03 10:50:00-04:00,convergence,262.05687600000067,98702.06796252096,-5.657619094349753
2026-08-03 11:25:00-04:00,convergence,-10.382539999998786,98691.68542252097,-5.6675430357996825
2026-08-03 11:43:00-04:00,convergence,10.199784000002095,98701.88520652096,-5.657793777986275
2026-08-03 12:27:00-04:00,convergence,-43.00995999999813,98658.87524652097,-5.6989039807694315
2026-08-03 13:47:00-04:00,convergence,39.435619999998295,98698.31086652097,-5.661210238783154
2026-08-03 15:59:00-04:00,convergence,-1.877903999996848,98696.43296252096,-5.66300519544547
2026-08-04 09:34:00-04:00,convergence,28.52309600000208,98724.95605852097,-5.6357419694261
2026-08-04 10:11:00-04:00,convergence,-87.59455096000065,98637.36150756097,-5.719467454236272
2026-08-04 10:30:00-04:00,convergence,9.631170000002236,98646.99267756098,-5.71026169464618
2026-08-04 10:45:00-04:00,convergence,1.7999280000002145,98648.79260556097,-5.70854126977075
2026-08-04 15:59:00-04:00,convergence,-201.2860799999967,98447.50652556098,-5.900936509529819
2026-08-05 10:41:00-04:00,convergence,112.4028360000004,98559.90936156097,-5.793498525831097
2026-08-05 11:35:00-04:00,convergence,-43.5024809999965,98516.40688056099,-5.83507949487827
2026-08-05 12:03:00-04:00,convergence,71.80350300000256,98588.21038356099,-5.766447564765542
2026-08-05 14:03:00-04:00,convergence,-7.436447999996439,98580.77393556098,-5.773555543598041
2026-08-05 15:59:00-04:00,convergence,-109.7455499999991,98471.02838556099,-5.878453614069379
2026-08-06 09:42:00-04:00,convergence,84.7918400000016,98555.820225561,-5.7974070440014795
2026-08-06 09:53:00-04:00,convergence,-49.638176000000925,98506.18204956099,-5.8448526933614575
2026-08-06 09:58:00-04:00,convergence,-9.533052000001057,98496.64899756099,-5.8539646688402165
2026-08-06 15:59:00-04:00,convergence,12.339593999999998,98508.98859156099,-5.842170116796874
2026-08-07 13:24:00-04:00,convergence,-6.8941799999995865,98502.09441156099,-5.8487597796987645
2026-08-07 15:09:00-04:00,convergence,18.22472730000205,98520.31913886098,-5.831340041689915
2026-08-07 15:59:00-04:00,convergence,10.636542000002429,98530.95568086099,-5.821173317551331
2026-08-10 15:59:00-04:00,convergence,40.48161300000512,98571.437293861,-5.782479784252992
2026-08-11 15:59:00-04:00,convergence,79.2455939999987,98650.682887861,-5.706734481560039
2026-08-12 09:34:00-04:00,convergence,-23.411645999996757,98627.271241861,-5.729112031191508
2026-08-12 09:42:00-04:00,convergence,-35.28959400000034,98591.981647861,-5.762842877848318
2026-08-12 10:31:00-04:00,convergence,30.177765000002374,98622.159412861,-5.733998069838897
2026-08-12 10:55:00-04:00,convergence,29.784780000000033,98651.944192861,-5.705528888615474
2026-08-12 15:59:00-04:00,convergence,9.002070000000536,98660.946262861,-5.69692444157186
2026-08-13 09:41:00-04:00,convergence,104.34051720000227,98765.28678006101,-5.5971926626864015
2026-08-13 15:59:00-04:00,convergence,-73.82709899999784,98691.45968106101,-5.667758806221124
2026-08-14 09:33:00-04:00,convergence,-12.565124999998183,98678.89455606102,-5.679768927521989
2026-08-14 09:44:00-04:00,convergence,11.872871999999653,98690.76742806101,-5.668420482288883
2026-08-14 09:47:00-04:00,convergence,3.767580000005033,98694.53500806101,-5.66481931693551
2026-08-14 10:07:00-04:00,convergence,18.349307999999688,98712.88431606101,-5.647280500977281
2026-08-14 15:58:00-04:00,convergence,-61.548443999996074,98651.33587206101,-5.706110339782722
2026-08-17 15:59:00-04:00,convergence,79.12117799999973,98730.45705006101,-5.630483957613963
2026-08-18 09:36:00-04:00,convergence,15.78517199999984,98746.24222206102,-5.615396019334384
2026-08-18 09:51:00-04:00,convergence,-57.11115599999838,98689.13106606102,-5.66998456590222
2026-08-18 15:59:00-04:00,convergence,-41.966099999998654,98647.16496606101,-5.710097016158366
2026-08-19 09:37:00-04:00,convergence,64.25970299999923,98711.42466906102,-5.648675675122106
2026-08-19 09:46:00-04:00,convergence,-20.098422000000404,98691.32624706102,-5.667886346418738
2026-08-19 15:59:00-04:00,convergence,-47.891196000000186,98643.43505106102,-5.713662180181145
2026-08-20 09:53:00-04:00,convergence,62.102824000000425,98705.53787506103,-5.654302448434201
2026-08-20 15:59:00-04:00,convergence,54.54825599999995,98760.08613106102,-5.6021635981393425
2026-08-21 09:36:00-04:00,convergence,-14.760004000002114,98745.32612706101,-5.616271650263105
2026-08-21 09:42:00-04:00,convergence,-8.380805999996115,98736.94532106102,-5.6242822746428
2026-08-21 09:53:00-04:00,convergence,34.394303999999835,98771.33962506102,-5.591407172875074
2026-08-21 10:29:00-04:00,convergence,0.6602680000027286,98771.99989306102,-5.59077606902445
2026-08-21 12:32:00-04:00,convergence,61.826576000000756,98833.82646906102,-5.5316803833565515
2026-08-21 15:59:00-04:00,convergence,-14.624904000002603,98819.20156506103,-5.545659302870176
2024-08-22 11:38:00-04:00,risk_reward,-206.63770153999982,99793.36229846,0.0
2024-08-22 15:35:00-04:00,risk_reward,138.88091796249998,99932.2432164225,0.0
2024-08-22 15:59:00-04:00,risk_reward,4.331376000001325,99936.5745924225,0.0
2024-08-23 10:13:00-04:00,risk_reward,139.10152399750208,100075.67611642,0.0
2024-08-23 10:51:00-04:00,risk_reward,-205.29906302000003,99870.3770534,-0.205143818145348
2024-08-23 15:59:00-04:00,risk_reward,-68.4172739999984,99801.9597794,-0.27350935576151425
2024-08-26 10:31:00-04:00,risk_reward,139.09492166500254,99941.054701065,-0.13451961613367702
2024-08-26 15:59:00-04:00,risk_reward,-34.314335999999244,99906.74036506501,-0.16880800401334328
2024-08-27 10:33:00-04:00,risk_reward,-206.53819871999784,99700.20216634501,-0.3751900208380232
2024-08-27 15:59:00-04:00,risk_reward,-12.821069000001467,99687.38109734502,-0.38800139468783135
2024-08-28 11:11:00-04:00,risk_reward,141.26161980000037,99828.642717145,-0.24684659535810782
2024-08-28 15:59:00-04:00,risk_reward,-7.791419999998328,99820.85129714501,-0.2546321235727067
2024-08-29 14:43:00-04:00,risk_reward,-207.7865495915984,99613.0647475534,-0.4622615472799074
2024-08-29 15:59:00-04:00,risk_reward,6.075719999999689,99619.14046755341,-0.456190421671987
2024-08-30 15:59:00-04:00,risk_reward,45.893483999999134,99665.03395155341,-0.41033164181562
2024-09-03 14:04:00-04:00,risk_reward,138.93516840000152,99803.96911995341,-0.2715015346491434
2024-09-03 15:59:00-04:00,risk_reward,36.03649400000221,99840.00561395341,-0.23549229104625757
2024-09-04 15:59:00-04:00,risk_reward,-72.3064780000009,99767.69913595341,-0.3077440916894769
2024-09-05 11:25:00-04:00,risk_reward,-207.80213625999824,99559.89699969342,-0.5153890902786062
2024-09-05 15:59:00-04:00,risk_reward,-117.00084999999804,99442.89614969342,-0.6323014655333914
2024-09-06 10:25:00-04:00,risk_reward,-205.22228847999668,99237.67386121342,-0.8373685671948072
2024-09-06 10:55:00-04:00,risk_reward,141.43282692000275,99379.10668813343,-0.696042690209997
2024-09-06 15:59:00-04:00,risk_reward,53.3795679999996,99432.48625613343,-0.6427034872473203
2024-09-09 11:00:00-04:00,risk_reward,141.42345294000233,99573.90970907343,-0.501386977154028
2024-09-09 12:02:00-04:00,risk_reward,140.27978008000127,99714.18948915343,-0.3612132750879904
2024-09-09 15:59:00-04:00,risk_reward,34.60120399999936,99748.79069315342,-0.3266382361347242
2024-09-10 15:59:00-04:00,risk_reward,98.90129000000233,99847.69198315343,-0.22781173419338385
2024-09-11 11:43:00-04:00,risk_reward,-207.5445495199981,99640.14743363344,-0.43519934082674183
2024-09-11 13:02:00-04:00,risk_reward,139.30761299000017,99779.45504662344,-0.29599707070873116
2024-09-11 14:27:00-04:00,risk_reward,140.46292935750176,99919.91797598093,-0.15564035786065356
2024-09-11 15:59:00-04:00,risk_reward,-136.2383399999991,99783.67963598094,-0.29177567593885456
2024-09-12 13:24:00-04:00,risk_reward,139.4934951900003,99923.17313117093,-0.15238766418291805
2024-09-12 15:59:00-04:00,risk_reward,28.09283400000059,99951.26596517094,-0.1243160736724147
2024-09-13 15:59:00-04:00,risk_reward,-64.1285399999987,99887.13742517093,-0.18839612038167308
2024-09-16 15:59:00-04:00,risk_reward,-27.56796000000033,99859.56946517093,-0.2159432337960565
2024-09-17 13:45:00-04:00,risk_reward,-208.12714439999834,99651.44232077093,-0.4239129947576359
2024-09-17 15:59:00-04:00,risk_reward,-81.73426799999994,99569.70805277093,-0.5055854562106221
2024-09-18 14:00:00-04:00,risk_reward,141.05871443999908,99710.76676721094,-0.3646334088061032
2024-09-18 15:01:00-04:00,risk_reward,138.60285873000154,99849.36962594093,-0.22613536002075163
2024-09-18 15:59:00-04:00,risk_reward,31.679676000000182,99881.04930194093,-0.19447963984040584
2024-09-19 15:59:00-04:00,risk_reward,18.030324000003567,99899.07962594094,-0.17646295017145208
2024-09-20 15:59:00-04:00,risk_reward,-50.830159999999374,99848.24946594094,-0.22725467296816904
2024-09-23 15:59:00-04:00,risk_reward,-24.58310226000153,99823.66636368094,-0.2518191857588725
2024-09-24 15:59:00-04:00,risk_reward,-77.72784100000004,99745.93852268094,-0.32948824982753644
2024-09-25 15:59:00-04:00,risk_reward,-46.80395999999856,99699.13456268095,-0.3762568171920333
2024-09-26 10:55:00-04:00,risk_reward,-204.6422920000007,99494.49227068094,-0.5807443609603502
2024-09-26 15:59:00-04:00,risk_reward,-111.20323399999896,99383.28903668094,-0.6918635043080656
2024-09-27 15:59:00-04:00,risk_reward,87.512400000003,99470.80143668095,-0.6044172802144088
2024-09-30 15:59:00-04:00,risk_reward,-92.32420999999889,99378.47722668095,-0.6966716756707125
2024-10-01 15:59:00-04:00,risk_reward,29.139274000002366,99407.61650068095,-0.6675544364665442
2024-10-02 15:59:00-04:00,risk_reward,-38.126801999998825,99369.48969868095,-0.7056524074017023
2024-10-03 15:59:00-04:00,risk_reward,-9.826060000000405,99359.66363868096,-0.715471037044102
2024-10-04 10:08:00-04:00,risk_reward,141.46497627499886,99501.12861495595,-0.574113035015289
2024-10-04 15:59:00-04:00,risk_reward,-185.77632999999824,99315.35228495595,-0.7597488830148325
2024-10-07 15:35:00-04:00,risk_reward,140.86518358500004,99456.21746854096,-0.6189902201194419
2024-10-07 15:59:00-04:00,risk_reward,-34.017617999997775,99422.19985054096,-0.6529821143739678
2024-10-08 15:59:00-04:00,risk_reward,35.499439999998884,99457.69929054096,-0.6175095186568003
2024-10-09 14:28:00-04:00,risk_reward,138.64616320000115,99596.34545374096,-0.4789681981478
2024-10-09 15:59:00-04:00,risk_reward,19.434799999999285,99615.78025374096,-0.45954809452801726
2024-10-10 15:59:00-04:00,risk_reward,37.44752000000082,99653.22777374095,-0.4221288919273536
2024-10-11 15:59:00-04:00,risk_reward,-5.372879999999696,99647.85489374095,-0.4274977090150789
2024-10-14 15:59:00-04:00,risk_reward,-27.043759999998912,99620.81113374095,-0.4545210188236948
2024-10-15 10:31:00-04:00,risk_reward,141.10802440000063,99761.91915814095,-0.3135196987468225
2024-10-15 15:59:00-04:00,risk_reward,-106.75220000000061,99655.16695814095,-0.4201911739170838
2024-10-16 15:59:00-04:00,risk_reward,-105.11547999999928,99550.05147814096,-0.5252271667568587
2024-10-17 15:59:00-04:00,risk_reward,-127.36543999999847,99422.68603814095,-0.6524962944236434
2024-10-18 15:59:00-04:00,risk_reward,-10.191759999999958,99412.49427814096,-0.6626803475277443
2024-10-21 15:59:00-04:00,risk_reward,-31.80839919999906,99380.68587894096,-0.6944646935690413
2024-10-22 14:03:00-04:00,risk_reward,139.90969620000007,99520.59557514096,-0.5546607955296712
2024-10-22 15:59:00-04:00,risk_reward,-18.618399199997185,99501.97717594096,-0.5732651157026813
2024-10-23 13:01:00-04:00,risk_reward,139.58830340000097,99641.56547934096,-0.43378236742964704
2024-10-23 15:59:00-04:00,risk_reward,-3.894759999998114,99637.67071934097,-0.43767418225533206
2024-10-24 15:59:00-04:00,risk_reward,-83.74215999999686,99553.92855934097,-0.5213530173626468
2024-10-25 15:59:00-04:00,risk_reward,-158.2344799999985,99395.69407934097,-0.6794678422037181
2024-10-28 15:59:00-04:00,risk_reward,74.17711999999958,99469.87119934097,-0.6053468141192342
2024-10-29 13:01:00-04:00,risk_reward,140.43498520000205,99610.30618454097,-0.4650180242975921
2024-10-29 15:59:00-04:00,risk_reward,9.321279999999406,99619.62746454097,-0.4557037929461494
2024-10-30 15:59:00-04:00,risk_reward,-143.44943999999694,99476.17802454098,-0.5990447580704994
2024-10-31 15:59:00-04:00,risk_reward,121.92600500000131,99598.10402954098,-0.47721095216329834
2024-11-01 15:59:00-04:00,risk_reward,-32.08319999999938,99566.02082954097,-0.5092698912032678
2024-11-04 12:09:00-05:00,risk_reward,138.44922280000011,99704.47005234097,-0.37092536217012695
2024-11-04 15:59:00-05:00,risk_reward,-5.543086839998488,99698.92696550097,-0.37646425738933065
2024-11-05 15:59:00-05:00,risk_reward,-52.54712000000134,99646.37984550098,-0.42897164183992587
2024-11-06 13:02:00-05:00,risk_reward,138.2280340350022,99784.60787953598,-0.2908481343112945
2024-11-06 15:59:00-05:00,risk_reward,58.15258800000165,99842.76046753598,-0.2327395206534133
2024-11-07 15:59:00-05:00,risk_reward,101.326758000002,99944.08722553599,-0.13148938482407946
2024-11-08 15:59:00-05:00,risk_reward,-24.797888000000206,99919.28933753599,-0.15626852093618693
2024-11-11 15:59:00-05:00,risk_reward,-38.470136000003016,99880.81920153598,-0.19470956624598745
2024-11-12 13:00:00-05:00,risk_reward,138.36223946999868,100019.18144100597,-0.0564519547670117
2024-11-12 15:59:00-05:00,risk_reward,59.98925399999782,100079.17069500597,0.0
2024-11-13 15:59:00-05:00,risk_reward,35.03424599999905,100114.20494100597,0.0
2024-11-14 15:59:00-05:00,risk_reward,69.19126500000024,100183.39620600597,0.0
2024-11-15 15:59:00-05:00,risk_reward,-88.23935999999983,100095.15684600598,-0.08807782860400515
2024-11-18 15:59:00-05:00,risk_reward,16.924880000001593,100112.08172600597,-0.07118393137057755
2024-11-19 11:28:00-05:00,risk_reward,141.01706220000344,100253.09878820599,0.0
2024-11-19 15:59:00-05:00,risk_reward,67.1591700000009,100320.25795820598,0.0
2024-11-20 10:17:00-05:00,risk_reward,138.4499457841516,100458.70790399013,0.0
2024-11-20 15:34:00-05:00,risk_reward,-207.2132271999997,100251.49467679013,-0.20626706387467664
2024-11-20 15:59:00-05:00,risk_reward,17.622384000001002,100269.11706079013,-0.18872514603830437
2024-11-21 10:30:00-05:00,risk_reward,138.57183522000278,100407.68889601014,-0.05078604836202816
2024-11-21 15:59:00-05:00,risk_reward,-82.62579000000161,100325.06310601013,-0.1330345579476533
2024-11-22 15:59:00-05:00,risk_reward,-8.942855999998105,100316.12025001014,-0.14193657967038753
2024-11-25 12:12:00-05:00,risk_reward,140.92321288499917,100457.04346289513,-0.0016568410342143736
2024-11-25 15:59:00-05:00,risk_reward,56.187377999999704,100513.23084089514,0.0
2024-11-26 15:59:00-05:00,risk_reward,22.20800400000226,100535.43884489514,0.0
2024-11-27 12:08:00-05:00,risk_reward,139.85553786750248,100675.29438276264,0.0
2024-11-27 15:59:00-05:00,risk_reward,-90.42890999999773,100584.86547276264,-0.08982234475143347
2024-11-29 12:59:00-05:00,risk_reward,53.79792599999811,100638.66339876264,-0.03638527627317645
2024-12-02 15:59:00-05:00,risk_reward,32.36813171999355,100671.03153048264,-0.00423425856973525
2024-12-03 15:59:00-05:00,risk_reward,56.86996399999801,100727.90149448263,0.0
2024-12-04 15:59:00-05:00,risk_reward,96.68157599999911,100824.58307048264,0.0
2024-12-05 15:59:00-05:00,risk_reward,33.21435600000162,100857.79742648263,0.0
2024-12-06 15:59:00-05:00,risk_reward,69.4565900000028,100927.25401648264,0.0
2024-12-09 15:59:00-05:00,risk_reward,-146.03283187999833,100781.22118460263,-0.14469117712858637
2024-12-10 15:31:00-05:00,risk_reward,-207.62707520000268,100573.59410940263,-0.3504107097001219
2024-12-10 15:59:00-05:00,risk_reward,27.719818199999132,100601.31392760263,-0.3229455631744149
2024-12-11 15:59:00-05:00,risk_reward,61.10172600000125,100662.41565360263,-0.2624052001224175
2024-12-12 15:59:00-05:00,risk_reward,5.451099000002969,100667.86675260264,-0.2570041822772984
2024-12-13 10:42:00-05:00,risk_reward,139.76866105999912,100807.63541366263,-0.11851962483836465
2024-12-13 15:59:00-05:00,risk_reward,-56.200779999995106,100751.43463366265,-0.1742040685970503
2024-12-16 15:59:00-05:00,risk_reward,-158.41431599999837,100593.02031766264,-0.3311629768163682
2024-12-17 15:59:00-05:00,risk_reward,-29.734070240000946,100563.28624742264,-0.3606238697434039
2024-12-18 14:30:00-05:00,risk_reward,-206.26053670000098,100357.02571072264,-0.5649894186825599
2024-12-18 15:25:00-05:00,risk_reward,-203.46357867999913,100153.56213204264,-0.7665837062342362
2024-12-18 15:40:00-05:00,risk_reward,-206.4298494799988,99947.13228256264,-0.9711170124176105
2024-12-18 15:50:00-05:00,risk_reward,138.83776767000253,100085.97005023265,-0.8335547959251954
2024-12-19 15:51:00-05:00,risk_reward,-205.55662543999998,99880.41342479264,-1.037222900683532
2024-12-19 15:59:00-05:00,risk_reward,-34.68670400000352,99845.72672079265,-1.0715909257903333
2024-12-20 10:29:00-05:00,risk_reward,141.6184565171998,99987.34517730983,-0.9312735676126671
2024-12-20 11:21:00-05:00,risk_reward,139.2990281999981,100126.64420550985,-0.793254328352222
2024-12-20 15:59:00-05:00,risk_reward,-105.45151999999727,100021.19268550984,-0.8977370283202446
2024-12-23 12:02:00-05:00,risk_reward,139.48245344000097,100160.67513894984,-0.7595360490116998
2024-12-23 15:59:00-05:00,risk_reward,75.4061367599946,100236.08127570983,-0.6848226948292124
2024-12-24 12:59:00-05:00,risk_reward,-116.49161399999706,100119.58966170985,-0.800244059588584
2024-12-26 15:59:00-05:00,risk_reward,-26.592640000000515,100092.99702170985,-0.8265923836950351
2024-12-27 15:59:00-05:00,risk_reward,-133.20406000000085,99959.79296170984,-0.9585726513621329
2024-12-30 12:02:00-05:00,risk_reward,138.25512279000336,100098.04808449984,-0.8215877267872318
2024-12-30 15:59:00-05:00,risk_reward,-93.61976400000042,100004.42832049984,-0.9143473732398322
2024-12-31 12:39:00-05:00,risk_reward,-204.26931144799758,99800.15900905184,-1.1167399910104736
2024-12-31 15:59:00-05:00,risk_reward,7.349004000001141,99807.50801305185,-1.109458504883054
2025-01-02 12:37:00-05:00,risk_reward,141.49097781000015,99948.99899086184,-0.9692674542210677
2025-01-02 15:59:00-05:00,risk_reward,-141.97489799999934,99807.02409286184,-1.10993797912885
2025-01-03 15:59:00-05:00,risk_reward,86.4908119999978,99893.51490486185,-1.0242417884984367
2025-01-06 15:59:00-05:00,risk_reward,-68.67078800000347,99824.84411686184,-1.0922816739279861
2025-01-07 10:05:00-05:00,risk_reward,141.34281003500004,99966.18692689684,-0.952237429771785
2025-01-07 10:39:00-05:00,risk_reward,140.3902148250007,100106.57714172183,-0.8131370289998885
2025-01-07 15:34:00-05:00,risk_reward,139.51722742999627,100246.09436915183,-0.6749015951821646
2025-01-07 15:59:00-05:00,risk_reward,-2.775215999998105,100243.31915315184,-0.6776513143011864
2025-01-08 15:59:00-05:00,risk_reward,-21.021144000001108,100222.29800915184,-0.6984793296919256
2025-01-10 15:59:00-05:00,risk_reward,-52.26428999999687,100170.03371915185,-0.7502634493623761
2025-01-13 15:56:00-05:00,risk_reward,-203.4933373200009,99966.54038183184,-0.9518872221510155
2025-01-14 11:43:00-05:00,risk_reward,140.21419912500076,100106.75458095684,-0.8129612199612612
2025-01-14 15:59:00-05:00,risk_reward,-67.81062600000067,100038.94395495683,-0.8801488460002393
2025-01-15 15:59:00-05:00,risk_reward,74.3592360000019,100113.30319095684,-0.8064727743339439
2025-01-16 15:59:00-05:00,risk_reward,121.48941999999813,100234.79261095684,-0.6860995201679709
2025-01-17 13:20:00-05:00,risk_reward,139.88167307999728,100374.67428403684,-0.5475029889900229
2025-01-17 15:59:00-05:00,risk_reward,-65.58822799999705,100309.08605603685,-0.6124886349774594
2025-01-21 15:59:00-05:00,risk_reward,-113.09985599999793,100195.98620003684,-0.7245494030050259
2025-01-22 15:59:00-05:00,risk_reward,25.551385999996583,100221.53758603684,-0.6992327665335529
2025-01-23 15:59:00-05:00,risk_reward,124.7133100000025,100346.25089603684,-0.5756652413736574
2025-01-24 15:59:00-05:00,risk_reward,-149.83601399999768,100196.41488203684,-0.7241246594566375
2025-01-27 14:51:00-05:00,risk_reward,-203.8971046399985,99992.51777739685,-0.9261484900135453
2025-01-27 15:59:00-05:00,risk_reward,-150.61370999999824,99841.90406739684,-1.0753784591311155
2025-01-28 10:01:00-05:00,risk_reward,141.43662702000094,99983.34069441685,-0.9352412599193727
2025-01-28 12:05:00-05:00,risk_reward,138.9564545900026,100122.29714900684,-0.7975614469252545
2025-01-28 15:59:00-05:00,risk_reward,36.46065800000073,100158.75780700686,-0.7614357657548809
2025-01-29 15:59:00-05:00,risk_reward,-9.701551999998552,100149.05625500686,-0.7710481862002183
2025-01-30 10:30:00-05:00,risk_reward,-208.04195540000197,99941.01429960685,-0.9771787873221305
2025-01-30 15:02:00-05:00,risk_reward,-205.46365349999965,99735.55064610686,-1.1807547743062141
2025-01-30 15:59:00-05:00,risk_reward,-51.16616399999513,99684.38448210686,-1.2314508568446736
2025-01-31 14:07:00-05:00,risk_reward,138.65195018499972,99823.03643229186,-1.0940727506669745
2025-01-31 15:59:00-05:00,risk_reward,89.4358120000016,99912.47224429186,-1.0054586167825952
2025-02-03 10:42:00-05:00,risk_reward,-203.3667143199963,99709.10552997186,-1.2069569299010596
2025-02-03 15:59:00-05:00,risk_reward,23.201926000003674,99732.30745597187,-1.1839681681180214
2025-02-04 15:59:00-05:00,risk_reward,78.41831999999665,99810.72577597186,-1.1062703046774924
2025-02-05 11:50:00-05:00,risk_reward,140.3321438900003,99951.05791986187,-0.9672274413225823
2025-02-05 15:59:00-05:00,risk_reward,-62.2233280000036,99888.83459186186,-1.0288791018243648
2025-02-06 15:59:00-05:00,risk_reward,-78.75279800000315,99810.08179386186,-1.1069083702984095
2025-02-07 15:59:00-05:00,risk_reward,92.08524799999994,99902.16704186186,-1.015669141710096
2025-02-10 15:59:00-05:00,risk_reward,48.34490300000063,99950.51194486185,-0.967768400259128
2025-02-11 15:59:00-05:00,risk_reward,-24.355915999998487,99926.15602886186,-0.9919005499320122
2025-02-12 15:59:00-05:00,risk_reward,105.72633600000366,100031.88236486186,-0.8871455587948107
2025-02-13 15:59:00-05:00,risk_reward,103.94239799999845,100135.82476286186,-0.7841581159946487
2025-02-14 15:59:00-05:00,risk_reward,53.57918199999769,100189.40394486186,-0.7310711846973295
2025-02-18 15:59:00-05:00,risk_reward,-50.04257399999618,100139.36137086186,-0.7806540000504736
2025-02-19 15:59:00-05:00,risk_reward,-114.41324999999482,100024.94812086187,-0.8940160954675425
2025-02-20 15:59:00-05:00,risk_reward,0.30229000000044015,100025.25041086187,-0.8937165827116011
2025-02-21 13:02:00-05:00,risk_reward,139.96026237060212,100165.21067323248,-0.7550421842703714
2025-02-21 15:59:00-05:00,risk_reward,65.9399199999972,100231.15059323247,-0.6897080774004638
2025-02-24 15:59:00-05:00,risk_reward,68.19730799999827,100299.34790123247,-0.6221373219444049
2025-02-25 10:14:00-05:00,risk_reward,139.20149474000377,100438.54939597247,-0.48421472006991984
2025-02-25 13:07:00-05:00,risk_reward,-207.67993428000082,100230.86946169246,-0.6899866260865917
2025-02-25 15:59:00-05:00,risk_reward,48.16074400000169,100279.03020569247,-0.6422683517024019
2025-02-26 15:59:00-05:00,risk_reward,-84.4815239999986,100194.54868169247,-0.7259737143651135
2025-02-27 09:56:00-05:00,risk_reward,138.50526368000075,100333.05394537248,-0.5887409470321292
2025-02-27 12:16:00-05:00,risk_reward,138.2866795100018,100471.34062488248,-0.4517247556598547
2025-02-27 14:32:00-05:00,risk_reward,-207.73055304299814,100263.61007183947,-0.6575468153872333
2025-02-27 15:56:00-05:00,risk_reward,-205.38602759999813,100058.22404423948,-0.8610458896476381
2025-02-27 15:59:00-05:00,risk_reward,-2.6192399999976357,100055.60480423948,-0.86364106577278
2025-02-28 10:25:00-05:00,risk_reward,141.6048180000009,100197.20962223948,-0.7233372208104827
2025-02-28 12:58:00-05:00,risk_reward,-204.66419844000015,99992.54542379949,-0.9261210976080902
2025-02-28 15:47:00-05:00,risk_reward,-208.12444239999857,99784.42098139948,-1.1323334278930397
2025-03-03 13:32:00-05:00,risk_reward,139.7579376921005,99924.17891909159,-0.9938594953026625
2025-03-03 15:10:00-05:00,risk_reward,-204.11674373999855,99720.06217535159,-1.196100947058265
2025-03-03 15:44:00-05:00,risk_reward,141.03984999999986,99861.10202535159,-1.0563568795371459
2025-03-04 12:21:00-05:00,risk_reward,139.1203429999998,100000.22236835158,-0.918514683833227
2025-03-04 14:07:00-05:00,risk_reward,-206.16054479999983,99794.06182355159,-1.1227811595329706
2025-03-04 15:50:00-05:00,risk_reward,141.60228879999997,99935.66411235159,-0.9824798205340102
2025-03-04 15:59:00-05:00,risk_reward,-33.403279999999796,99902.26083235159,-1.0155762129064327
2025-03-05 11:43:00-05:00,risk_reward,140.38083079999998,100042.64166315159,-0.876485109945202
2025-03-05 12:21:00-05:00,risk_reward,-204.84573199999866,99837.79593115159,-1.07944885249045
2025-03-05 14:06:00-05:00,risk_reward,140.94610559400073,99978.74203674559,-0.939797668112663
2025-03-05 15:59:00-05:00,risk_reward,-6.546071999999501,99972.19596474558,-0.9462835990574736
2025-03-06 10:40:00-05:00,risk_reward,140.19363619999942,100112.3896009456,-0.8073779708739126
2025-03-06 11:58:00-05:00,risk_reward,140.6278493760012,100253.01745032158,-0.6680421187828411
2025-03-06 15:59:00-05:00,risk_reward,50.69496000000092,100303.71241032159,-0.6178129111282571
2025-03-07 10:31:00-05:00,risk_reward,-204.35114799999818,100099.36126232159,-0.8202866135898601
2025-03-07 11:41:00-05:00,risk_reward,141.02823402500266,100240.38949634659,-0.6805540553237233
2025-03-07 12:44:00-05:00,risk_reward,-205.6551422799984,100034.73435406659,-0.8843197718133577
2025-03-07 13:39:00-05:00,risk_reward,141.1955460050019,100175.9299000716,-0.7444214387209436
2025-03-07 15:59:00-05:00,risk_reward,-87.73304000000033,100088.19686007159,-0.8313484445678254
2025-03-10 10:30:00-04:00,risk_reward,139.91599709500193,100228.11285716659,-0.6927179047216181
2025-03-10 10:57:00-04:00,risk_reward,138.978457065002,100367.0913142316,-0.5550162913969259
2025-03-10 14:06:00-04:00,risk_reward,-203.58100148000014,100163.5103127516,-0.7567269229442286
2025-03-10 15:59:00-04:00,risk_reward,20.320272000002188,100183.8305847516,-0.7365933403970626
2025-03-11 11:12:00-04:00,risk_reward,-205.2646818600006,99978.5659028916,-0.9399721837632713
2025-03-11 13:07:00-04:00,risk_reward,-207.17073636000012,99771.3951665316,-1.1452395700395024
2025-03-11 14:03:00-04:00,risk_reward,139.5262902600003,99910.9214567916,-1.006995156655155
2025-03-11 14:44:00-04:00,risk_reward,140.79039114000065,100051.7118479316,-0.8674982561281741
2025-03-11 15:55:00-04:00,risk_reward,-203.9177927000002,99847.7940552316,-1.0695425846766304
2025-03-12 11:06:00-04:00,risk_reward,-203.78137093999962,99644.0126842916,-1.2714517448195517
2025-03-12 11:51:00-04:00,risk_reward,-206.80032912000163,99437.2123551716,-1.476352126916769
2025-03-12 15:59:00-04:00,risk_reward,-17.953080000000078,99419.2592751716,-1.494140265685584
2025-03-13 09:57:00-04:00,risk_reward,141.24074138999944,99560.5000165616,-1.3541971524340002
2025-03-13 10:25:00-04:00,risk_reward,140.5608256500005,99701.0608422116,-1.2149277082984744
2025-03-13 11:27:00-04:00,risk_reward,-207.96555947999892,99493.0952827316,-1.4209826153764316
2025-03-13 15:59:00-04:00,risk_reward,51.041004840000696,99544.1362875716,-1.370410542116951
2025-03-14 15:56:00-04:00,risk_reward,-208.14156299999823,99335.9947245716,-1.5766398357089595
2025-03-17 11:34:00-04:00,risk_reward,140.05284300000105,99476.0475675716,-1.437873707208992
2025-03-17 14:17:00-04:00,risk_reward,-204.72541152000107,99271.32215605161,-1.6407182347006
2025-03-17 15:59:00-04:00,risk_reward,-76.68746599999784,99194.63469005161,-1.7167011461027837
2025-03-18 15:59:00-04:00,risk_reward,-1.1308919999999207,99193.5037980516,-1.717821648202067
2025-03-19 14:52:00-04:00,risk_reward,138.78865760999977,99332.2924556616,-1.5803080905783418
2025-03-19 15:59:00-04:00,risk_reward,88.56869199999792,99420.8611476616,-1.492553110158945
2025-03-20 15:59:00-04:00,risk_reward,-120.9199059999984,99299.94124166161,-1.61236208264941
2025-03-21 12:59:00-04:00,risk_reward,-207.8007934799995,99092.1404481816,-1.8182537374903163
2025-03-21 15:59:00-04:00,risk_reward,-85.24195199999966,99006.8984961816,-1.9027125418347501
2025-03-24 15:59:00-04:00,risk_reward,-77.31335999999808,98929.5851361816,-1.9793155969296317
2025-03-25 15:59:00-04:00,risk_reward,-50.36675999999923,98879.21837618161,-2.029219619872502
2025-03-26 11:52:00-04:00,risk_reward,139.1224450000029,99018.34082118161,-1.8913753414803836
2025-03-26 15:59:00-04:00,risk_reward,76.21194800000089,99094.55276918161,-1.8158635793278588
2025-03-27 10:33:00-04:00,risk_reward,139.79856120499997,99234.3513303866,-1.6773493964470254
2025-03-27 12:58:00-04:00,risk_reward,141.11267085999944,99375.46400124661,-1.5375331770966394
2025-03-27 15:59:00-04:00,risk_reward,-64.77622799999935,99310.68777324661,-1.6017142832123632
2025-03-28 11:59:00-04:00,risk_reward,141.27653295000104,99451.96430619662,-1.4617357072303605
2025-03-28 15:59:00-04:00,risk_reward,-110.72442023999828,99341.23988595662,-1.5714428634578725
2025-03-31 13:10:00-04:00,risk_reward,140.6079162200012,99481.84780217662,-1.432126761389907
2025-03-31 15:41:00-04:00,risk_reward,-207.96694408000099,99273.88085809661,-1.6381830403470632
2025-03-31 15:59:00-04:00,risk_reward,-9.01219199999834,99264.86866609662,-1.6471124341840615
2025-04-01 11:16:00-04:00,risk_reward,139.47858834000223,99404.34725443662,-1.508915284465484
2025-04-01 14:22:00-04:00,risk_reward,-206.6117398800025,99197.73551455661,-1.7136288099580899
2025-04-01 15:40:00-04:00,risk_reward,139.1476562700005,99336.88317082662,-1.575759551920719
2025-04-01 15:59:00-04:00,risk_reward,-40.56771599999662,99296.31545482662,-1.6159545581113988
2025-04-02 11:26:00-04:00,risk_reward,140.27759550000164,99436.59305032663,-1.4769657419913207
2025-04-02 15:59:00-04:00,risk_reward,-51.12475199999825,99385.46829832662,-1.5276207929963315
2025-04-03 15:23:00-04:00,risk_reward,-204.23416654000044,99181.23413178662,-1.7299785887475605
2025-04-03 15:59:00-04:00,risk_reward,-53.12894399999664,99128.10518778663,-1.782619418539011
2025-04-04 10:29:00-04:00,risk_reward,-204.72616260000143,98923.37902518663,-1.9854646902101813
2025-04-04 10:50:00-04:00,risk_reward,140.15220337999847,99063.53122856663,-1.8466001141888122
2025-04-04 11:12:00-04:00,risk_reward,-206.96355511999786,98856.56767344663,-2.0516622226716352
2025-04-04 11:47:00-04:00,risk_reward,140.34755479999887,98996.91522824662,-1.9126040899921426
2025-04-04 12:20:00-04:00,risk_reward,-207.855058120001,98789.06017012663,-2.118549510924783
2025-04-04 13:16:00-04:00,risk_reward,139.77653403,98928.83670415662,-1.9800571528475808
2025-04-04 13:35:00-04:00,risk_reward,138.66921811309953,99067.50592226973,-1.842661937388279
2025-04-04 14:31:00-04:00,risk_reward,139.81573430999913,99207.32165657972,-1.7041307391777782
2025-04-04 15:34:00-04:00,risk_reward,139.2490718629008,99346.57072844262,-1.5661609972880797
2025-04-04 15:52:00-04:00,risk_reward,-205.8078998799997,99140.76282856263,-1.7700780679401507
2025-04-07 09:57:00-04:00,risk_reward,140.03030688000058,99280.79313544263,-1.6313342685129628
2025-04-07 10:12:00-04:00,risk_reward,139.32877808000205,99420.12191352263,-1.4932855526950894
2025-04-07 10:15:00-04:00,risk_reward,141.2259231899999,99561.34783671262,-1.3533571215035178
2025-04-07 10:20:00-04:00,risk_reward,-208.14204291999863,99353.20579379263,-1.5595868906063237
2025-04-07 11:24:00-04:00,risk_reward,139.29387556000034,99492.49966935263,-1.4215727566467717
2025-04-07 11:38:00-04:00,risk_reward,-208.21788959999935,99284.28177975264,-1.627877675599576
2025-04-07 13:00:00-04:00,risk_reward,139.00802438000028,99423.28980413263,-1.4901467666051715
2025-04-07 13:29:00-04:00,risk_reward,140.68618076500155,99563.97598489762,-1.3507531190359856
2025-04-07 13:46:00-04:00,risk_reward,138.68224670000166,99702.65823159763,-1.2133449946879704
2025-04-07 14:29:00-04:00,risk_reward,139.40413137000166,99842.06236296764,-1.0752216178771423
2025-04-07 14:56:00-04:00,risk_reward,138.8716608999988,99980.93402386764,-0.9376258195436971
2025-04-07 15:59:00-04:00,risk_reward,22.726943999999044,100003.66096786763,-0.9151076759347565
2025-04-08 11:08:00-04:00,risk_reward,-206.62119810000183,99797.03976976762,-1.119830572751379
2025-04-08 11:30:00-04:00,risk_reward,139.41908505000208,99936.45885481764,-0.981692379645227
2025-04-08 12:17:00-04:00,risk_reward,138.958907850002,100075.41776266764,-0.8440101359300622
2025-04-08 13:08:00-04:00,risk_reward,139.46619848000182,100214.88396114764,-0.7058252622415107
2025-04-08 14:36:00-04:00,risk_reward,141.50343627000018,100356.38739741764,-0.5656218675797575
2025-04-08 15:06:00-04:00,risk_reward,-206.92946150000046,100149.45793591764,-0.7706501956725842
2025-04-08 15:17:00-04:00,risk_reward,138.8699870250001,100288.32792294264,-0.6330560558356679
2025-04-08 15:36:00-04:00,risk_reward,138.829934565001,100427.15785750764,-0.4955016004827839
2025-04-09 10:00:00-04:00,risk_reward,139.9159637013019,100567.07382120893,-0.3568710937234876
2025-04-09 10:14:00-04:00,risk_reward,-207.32042629999813,100359.75339490894,-0.5622867946858179
2025-04-09 10:23:00-04:00,risk_reward,139.55184046499988,100499.30523537395,-0.4240170658351583
2025-04-09 10:52:00-04:00,risk_reward,-206.20128956000008,100293.10394581394,-0.6283239119585393
2025-04-09 12:13:00-04:00,risk_reward,139.02624055070044,100432.13018636464,-0.4905749541517679
2025-04-09 13:02:00-04:00,risk_reward,-206.43204358000054,100225.69814278465,-0.6951104342771575
2025-04-09 13:19:00-04:00,risk_reward,140.69618965000132,100366.39433243465,-0.5557068697781054
2025-04-09 13:25:00-04:00,risk_reward,141.34692510000116,100507.74125753464,-0.4156585483634401
2025-04-09 13:31:00-04:00,risk_reward,-208.2265352999986,100299.51472223464,-0.621972033585172
2025-04-09 13:48:00-04:00,risk_reward,-205.39799279999693,100094.11672943465,-0.8254829631170968
2025-04-09 14:00:00-04:00,risk_reward,-207.42326220000064,99886.69346723465,-1.0310005551900203
2025-04-09 14:08:00-04:00,risk_reward,139.25625627969987,100025.94972351435,-0.8930236948892833
2025-04-09 14:27:00-04:00,risk_reward,-204.1113387600015,99821.83838475434,-1.0952597913223339
2025-04-09 14:44:00-04:00,risk_reward,139.87657372500098,99961.71495847935,-0.9566683126498221
2025-04-09 15:50:00-04:00,risk_reward,140.88873288000025,100102.60369135934,-0.8170739738828314
2025-04-10 11:21:00-04:00,risk_reward,-207.03022207999948,99895.57346927935,-1.0222021368329282
2025-04-10 12:03:00-04:00,risk_reward,141.1862933250017,100036.75976260434,-0.8823129714129241
2025-04-10 12:23:00-04:00,risk_reward,139.2209532000009,100175.98071580435,-0.7443710898501044
2025-04-10 12:35:00-04:00,risk_reward,-203.8826601000003,99972.09805570435,-0.9463806085740711
2025-04-10 12:49:00-04:00,risk_reward,139.7274023250011,100111.82545802936,-0.8079369308116813
2025-04-10 13:02:00-04:00,risk_reward,140.8006955250013,100252.62615355435,-0.6684298205696937
2025-04-10 13:44:00-04:00,risk_reward,140.55473250000114,100393.18088605435,-0.529166413604254
2025-04-10 14:04:00-04:00,risk_reward,138.85553703999994,100532.03642309435,-0.39158659099527426
2025-04-10 15:40:00-04:00,risk_reward,-205.1269721600013,100326.90945093436,-0.5948289898487058
2025-04-10 15:59:00-04:00,risk_reward,1.52099200000179,100328.43044293435,-0.593321971734706
2025-04-11 10:03:00-04:00,risk_reward,-206.1700995199992,100122.26034341435,-0.7975979143718837
2025-04-11 12:05:00-04:00,risk_reward,138.80244026000037,100261.06278367435,-0.6600707007241913
2025-04-11 15:59:00-04:00,risk_reward,64.09185200000069,100325.15463567435,-0.5965676830065658
2025-04-14 11:26:00-04:00,risk_reward,140.8934375100024,100466.04807318436,-0.456968682832648
2025-04-14 11:51:00-04:00,risk_reward,-205.41901864000027,100260.62905454436,-0.6605004450328189
2025-04-14 14:22:00-04:00,risk_reward,-208.2081971199998,100052.42085742435,-0.8667957605538401
2025-04-14 15:59:00-04:00,risk_reward,89.85194000000074,100142.27279742436,-0.7777693217830728
2025-04-15 13:23:00-04:00,risk_reward,140.34124688465062,100282.61404430901,-0.6387174390659056
2025-04-15 15:59:00-04:00,risk_reward,-46.01085999999732,100236.60318430902,-0.6843055811870502
2025-04-16 13:31:00-04:00,risk_reward,140.1860875800021,100376.789271889,-0.545407432271694
2025-04-16 14:50:00-04:00,risk_reward,-203.95569568879637,100172.83357620022,-0.747489315580907
2025-04-16 15:59:00-04:00,risk_reward,-158.5809000000001,100014.25267620022,-0.9046132773346871
2025-04-17 10:31:00-04:00,risk_reward,138.76749193999876,100153.02016814021,-0.7671206909245609
2025-04-17 14:05:00-04:00,risk_reward,-207.45886769999805,99945.56130044021,-0.9726735613772908
2025-04-17 15:21:00-04:00,risk_reward,139.3639270408005,100084.92522748101,-0.8345900195244171
2025-04-17 15:59:00-04:00,risk_reward,42.46642399999791,100127.39165148101,-0.7925137494288692
2025-04-21 10:02:00-04:00,risk_reward,139.4925855750028,100266.88423705602,-0.6543027310727867
2025-04-21 11:44:00-04:00,risk_reward,141.55688008000106,100408.44111713603,-0.5140463836080245
2025-04-21 15:57:00-04:00,risk_reward,140.22510567500046,100548.66622281102,-0.37510957507056464
2025-04-22 12:28:00-04:00,risk_reward,141.55295906250012,100690.21918187352,-0.23485711259954023
2025-04-22 13:28:00-04:00,risk_reward,138.7456193200003,100828.96480119352,-0.09738619785797376
2025-04-22 15:59:00-04:00,risk_reward,-86.14826999999912,100742.81653119352,-0.18274299354166246
2025-04-23 11:23:00-04:00,risk_reward,140.38958608499945,100883.20611727852,-0.04364321573331331
2025-04-23 12:20:00-04:00,risk_reward,139.3544004300021,101022.56051770852,0.0
2025-04-23 12:57:00-04:00,risk_reward,141.43229254000153,101163.99281024853,0.0
2025-04-23 15:59:00-04:00,risk_reward,-139.72247999999837,101024.27033024853,-0.1381148332708415
2025-04-24 10:22:00-04:00,risk_reward,139.77462330500134,101164.04495355353,0.0
2025-04-24 14:02:00-04:00,risk_reward,140.98643876355055,101305.03139231708,0.0
2025-04-24 15:59:00-04:00,risk_reward,27.564180000000743,101332.59557231708,0.0
2025-04-25 12:43:00-04:00,risk_reward,139.05225242999958,101471.64782474708,0.0
2025-04-25 15:59:00-04:00,risk_reward,63.181776000002046,101534.82960074708,0.0
2025-04-28 11:25:00-04:00,risk_reward,140.38717233660086,101675.21677308368,0.0
2025-04-28 15:22:00-04:00,risk_reward,-204.47610623999915,101470.74066684369,-0.20110712593447433
2025-04-28 15:59:00-04:00,risk_reward,5.6316119999988645,101476.37227884369,-0.19556830125454505
2025-04-29 13:47:00-04:00,risk_reward,140.31375951809977,101616.68603836177,-0.05756637318269364
2025-04-29 15:59:00-04:00,risk_reward,-6.181475999999651,101610.50456236178,-0.06364600221736572
2025-04-30 10:29:00-04:00,risk_reward,141.2611201899996,101751.76568255178,0.0
2025-04-30 13:35:00-04:00,risk_reward,139.3503894299989,101891.11607198179,0.0
2025-04-30 15:50:00-04:00,risk_reward,140.28952097999817,102031.40559296178,0.0
2025-04-30 15:59:00-04:00,risk_reward,-7.44626483999902,102023.95932812178,-0.007298012603784709
2025-05-01 15:59:00-04:00,risk_reward,57.85107544000184,102081.81040356179,0.0
2025-05-02 12:38:00-04:00,risk_reward,-207.4421018599995,101874.36830170178,-0.20321162118885905
2025-05-02 15:59:00-04:00,risk_reward,48.6868800000004,101923.05518170178,-0.15551763946229924
2025-05-05 15:59:00-04:00,risk_reward,-51.29796999999987,101871.75721170178,-0.20576946179695632
2025-05-06 12:14:00-04:00,risk_reward,139.78691966500102,102011.54413136678,-0.06883329352920242
2025-05-06 15:59:00-04:00,risk_reward,-50.4207339999983,101961.12339736678,-0.11822576981921351
2025-05-07 14:06:00-04:00,risk_reward,-206.149013216601,101754.97438415018,-0.32017067303129476
2025-05-07 14:56:00-04:00,risk_reward,138.68679413499908,101893.66117828518,-0.1843121948296056
2025-05-07 15:43:00-04:00,risk_reward,139.9062454500013,102033.56742373518,-0.047259134253097024
2025-05-07 15:59:00-04:00,risk_reward,25.002702000000546,102058.57012573519,-0.022766326081713473
2025-05-08 12:16:00-04:00,risk_reward,-208.13718222360043,101850.43294351158,-0.22665885247871165
2025-05-08 15:59:00-04:00,risk_reward,-160.12191999999894,101690.31102351159,-0.38351531825550067
2025-05-09 10:35:00-04:00,risk_reward,139.20198179999963,101829.51300531159,-0.24715215889372644
2025-05-09 15:59:00-04:00,risk_reward,-58.710933999998495,101770.80207131158,-0.30466576858373395
2025-05-12 13:08:00-04:00,risk_reward,139.03087438500168,101909.83294569659,-0.16847022714949755
2025-05-12 15:59:00-04:00,risk_reward,21.84132600000137,101931.6742716966,-0.14707432330173242
2025-05-13 10:59:00-04:00,risk_reward,141.30927993000026,102072.98355162659,-0.008646841097648128
2025-05-13 15:59:00-04:00,risk_reward,-38.888057720004475,102034.09549390659,-0.046741833306607194
2025-05-14 15:59:00-04:00,risk_reward,-44.2430200000039,101989.85247390658,-0.09008258110987377
2025-05-15 13:03:00-04:00,risk_reward,-204.2402742799981,101785.61219962659,-0.2901576713463805
2025-05-15 15:25:00-04:00,risk_reward,140.3321955699981,101925.94439519658,-0.15268734728451916
2025-05-15 15:59:00-04:00,risk_reward,-78.82507199999752,101847.11932319659,-0.22990489631540267
2025-05-16 15:59:00-04:00,risk_reward,-81.51843599999727,101765.60088719659,-0.3097608820955666
2025-05-19 12:53:00-04:00,risk_reward,139.23968473999807,101904.84057193658,-0.17336078869054639
2025-05-19 15:59:00-04:00,risk_reward,-40.49439600000293,101864.34617593657,-0.21302936024106822
2025-05-20 15:59:00-04:00,risk_reward,-35.908100000000026,101828.43807593657,-0.2482051666438445
2025-05-21 13:26:00-04:00,risk_reward,139.84510368499795,101968.28317962158,-0.11121200093474615
2025-05-21 15:59:00-04:00,risk_reward,-99.28260000000266,101869.00057962157,-0.20846987636574665
2025-05-22 15:59:00-04:00,risk_reward,-119.06129600000229,101749.93928362157,-0.3251030899904972
2025-05-23 15:59:00-04:00,risk_reward,9.589191300000063,101759.52847492158,-0.3157094563332352
2025-05-27 13:49:00-04:00,risk_reward,-204.263990839998,101555.26448408158,-0.5158077794649274
2025-05-27 15:59:00-04:00,risk_reward,-8.948239999999638,101546.31624408158,-0.5245735330939305
2025-05-28 15:59:00-04:00,risk_reward,87.20688400000002,101633.52312808158,-0.43914510695685083
2025-05-29 11:59:00-04:00,risk_reward,140.5791147250005,101774.10224280658,-0.301432899297871
2025-05-29 15:59:00-04:00,risk_reward,-48.44133600000138,101725.66090680657,-0.34888634453801304
2025-05-30 12:30:00-04:00,risk_reward,139.39039463999924,101865.05130144657,-0.2123386147427242
2025-05-30 15:18:00-04:00,risk_reward,-203.44181675999963,101661.60948468657,-0.41163153084180504
2025-05-30 15:59:00-04:00,risk_reward,-4.433520800002649,101657.17596388658,-0.41597463641808163
2025-06-02 14:22:00-04:00,risk_reward,139.60383779000026,101796.77980167657,-0.2792178163361303
2025-06-02 15:59:00-04:00,risk_reward,-27.594916000001753,101769.18488567657,-0.30624997406424326
2025-06-03 12:35:00-04:00,risk_reward,141.14137289000277,101910.32625856657,-0.16798697467971246
2025-06-03 15:59:00-04:00,risk_reward,13.760818000004534,101924.08707656657,-0.15450678859600941
2025-06-04 15:59:00-04:00,risk_reward,-0.3133900000056965,101923.77368656656,-0.15481378746169394
2025-06-05 15:16:00-04:00,risk_reward,138.64143996500346,102062.41512653157,-0.01899973849752712
2025-06-05 15:59:00-04:00,risk_reward,1.256660000000542,102063.67178653157,-0.01776870625482818
2025-06-06 15:59:00-04:00,risk_reward,-60.98790733999691,102002.68387919158,-0.07751285371742078
2025-06-09 15:59:00-04:00,risk_reward,-38.816921999995415,101963.86695719158,-0.1155381609161732
2025-06-10 15:59:00-04:00,risk_reward,-112.48547599999516,101851.3814811916,-0.2257296588483615
2025-06-11 14:04:00-04:00,risk_reward,140.38350893000134,101991.76499012159,-0.08820906788801208
2025-06-11 15:59:00-04:00,risk_reward,-16.647558000001354,101975.1174321216,-0.10451712309803574
2025-06-12 15:59:00-04:00,risk_reward,38.84222999999919,102013.95966212159,-0.06646702401922333
2025-06-13 15:59:00-04:00,risk_reward,22.64614599999983,102036.60580812159,-0.04428271330758626
2025-06-16 15:59:00-04:00,risk_reward,6.266690000000736,102042.8724981216,-0.038143823357228435
2025-06-17 15:59:00-04:00,risk_reward,88.09255999999984,102130.96505812158,0.0
2025-06-18 15:59:00-04:00,risk_reward,-63.9946871799949,102066.97037094159,-0.06265943648292582
2025-06-20 10:51:00-04:00,risk_reward,-204.7139381799992,101862.2564327616,-0.26310201338748396
2025-06-20 15:59:00-04:00,risk_reward,-67.63622199999621,101794.6202107616,-0.32932700397825254
2025-06-23 12:33:00-04:00,risk_reward,138.85689947499625,101933.47711023659,-0.19336735707197183
2025-06-23 13:28:00-04:00,risk_reward,137.98918546499922,102071.4662957016,-0.058257319301868726
2025-06-23 15:59:00-04:00,risk_reward,17.036872000007307,102088.5031677016,-0.041575922048542324
2025-06-24 15:59:00-04:00,risk_reward,-100.91354099999795,101987.5896267016,-0.14038389957284902
2025-06-25 15:59:00-04:00,risk_reward,-63.31590000000238,101924.2737267016,-0.2023787117867215
2025-06-26 15:59:00-04:00,risk_reward,94.86316800000209,102019.1368947016,-0.10949486608330394
2025-06-27 14:40:00-04:00,risk_reward,140.18896835999834,102159.3258630616,0.0
2025-06-27 15:59:00-04:00,risk_reward,84.39228000000362,102243.7181430616,0.0
2025-06-30 15:59:00-04:00,risk_reward,-84.14042400000066,102159.5777190616,-0.08229397906115432
2025-07-01 15:59:00-04:00,risk_reward,-108.94867199999685,102050.62904706161,-0.18885179403376195
2025-07-02 15:59:00-04:00,risk_reward,-41.29703999999497,102009.33200706162,-0.22924257867072972
2025-07-03 12:59:00-04:00,risk_reward,71.31520799999994,102080.64721506162,-0.1594923687847638
2025-07-07 14:30:00-04:00,risk_reward,141.3125676900035,102221.95978275161,-0.021280877402707343
2025-07-07 15:59:00-04:00,risk_reward,14.482872000000905,102236.44265475162,-0.007115829160087017
2025-07-08 15:59:00-04:00,risk_reward,-32.69030399999661,102203.75235075162,-0.03908875091384045
2025-07-09 15:59:00-04:00,risk_reward,-97.88421600000315,102105.86813475161,-0.13482491718181944
2025-07-10 15:59:00-04:00,risk_reward,65.20392000000398,102171.07205475162,-0.07105188429115117
2025-07-11 15:59:00-04:00,risk_reward,7.250472000003309,102178.32252675162,-0.06396052246308015
2025-07-14 15:59:00-04:00,risk_reward,57.4521479999998,102235.77467475162,-0.007769150471292896
2025-07-15 15:59:00-04:00,risk_reward,-115.16021999999862,102120.61445475163,-0.12040220225336684
2025-07-16 15:59:00-04:00,risk_reward,57.76540000000228,102178.37985475163,-0.06390445251467369
2025-07-17 15:59:00-04:00,risk_reward,79.7573700000014,102258.13722475163,0.0
2025-07-18 15:59:00-04:00,risk_reward,29.33986999999991,102287.47709475162,0.0
2025-07-21 15:59:00-04:00,risk_reward,-33.698350000001476,102253.77874475163,-0.032944746470553454
2025-07-22 15:59:00-04:00,risk_reward,-19.650749999995124,102234.12799475163,-0.05215604247484906
2025-07-23 15:59:00-04:00,risk_reward,-119.76629000000014,102114.36170475163,-0.1692439728859796
2025-07-24 15:59:00-04:00,risk_reward,-20.75373999999965,102093.60796475163,-0.1895335924850361
2025-07-25 15:59:00-04:00,risk_reward,12.133100700000233,102105.74106545163,-0.17767182695458406
2025-07-28 15:59:00-04:00,risk_reward,-17.651690000000823,102088.08937545163,-0.19492876837239326
2025-07-29 15:36:00-04:00,risk_reward,141.71078932499756,102229.80016477664,-0.05638708824694527
2025-07-29 15:59:00-04:00,risk_reward,-11.686919999999754,102218.11324477663,-0.06781265111343027
2025-07-30 15:59:00-04:00,risk_reward,10.347889999998648,102228.46113477663,-0.057696173227850256
2025-07-31 11:15:00-04:00,risk_reward,138.05306024999965,102366.51419502663,0.0
2025-07-31 15:59:00-04:00,risk_reward,-132.42984999999533,102234.08434502664,-0.1293683301041959
2025-08-01 15:59:00-04:00,risk_reward,10.48881600000045,102244.57316102664,-0.1191219950770872
2025-08-04 15:59:00-04:00,risk_reward,66.07244000000253,102310.64560102664,-0.0545770210496177
2025-08-05 10:42:00-04:00,risk_reward,140.49785312500308,102451.14345415164,0.0
2025-08-05 15:59:00-04:00,risk_reward,-71.80039999999633,102379.34305415164,-0.07008257553721142
2025-08-06 14:22:00-04:00,risk_reward,139.6085822249994,102518.95163637665,0.0
2025-08-06 15:59:00-04:00,risk_reward,-0.485940000000478,102518.46569637665,-0.00047400016508492016
2025-08-07 12:43:00-04:00,risk_reward,-202.75527087999893,102315.71042549664,-0.19824745340830674
2025-08-07 15:59:00-04:00,risk_reward,-35.85560929999769,102279.85481619665,-0.23322206905513898
2025-08-08 15:59:00-04:00,risk_reward,-52.24303999999819,102227.61177619665,-0.284181466479827
2025-08-11 15:59:00-04:00,risk_reward,-108.34759600000137,102119.26418019665,-0.3898668975836239
2025-08-12 13:47:00-04:00,risk_reward,-203.16562503999756,101916.09855515666,-0.5880406223409684
2025-08-12 15:59:00-04:00,risk_reward,-28.5221919999978,101887.57636315665,-0.6158620071139764
2025-08-13 15:59:00-04:00,risk_reward,73.11298799999946,101960.68935115664,-0.5445454487284396
2025-08-14 15:59:00-04:00,risk_reward,-18.661987999999553,101942.02736315665,-0.5627489005801345
2025-08-15 15:59:00-04:00,risk_reward,-13.527239999999153,101928.50012315666,-0.5759437682451685
2025-08-18 15:59:00-04:00,risk_reward,-33.74802668000069,101894.75209647664,-0.6088625858309271
2025-08-19 12:39:00-04:00,risk_reward,138.52388970000135,102033.27598617665,-0.4737423105170113
2025-08-19 15:59:00-04:00,risk_reward,14.530530000002846,102047.80651617666,-0.4595688042841939
2025-08-20 15:59:00-04:00,risk_reward,-121.1942899999998,101926.61222617666,-0.5777852784731419
2025-08-21 15:59:00-04:00,risk_reward,-28.78560999999831,101897.82661617665,-0.6058636089091629
2025-08-22 15:59:00-04:00,risk_reward,-49.5445999999988,101848.28201617666,-0.654190868610105
2025-08-25 15:59:00-04:00,risk_reward,5.072760000003204,101853.35477617667,-0.6492427493413833
2025-08-26 15:59:00-04:00,risk_reward,-127.93815999999549,101725.41661617666,-0.7740373926321098
2025-08-27 15:59:00-04:00,risk_reward,-104.15537999999754,101621.26123617667,-0.8756336129772224
2025-08-28 15:59:00-04:00,risk_reward,-142.3592919999989,101478.90194417667,-1.0144950524747065
2025-08-29 15:59:00-04:00,risk_reward,15.925489999998382,101494.82743417667,-0.9989608612390399
2025-09-02 15:59:00-04:00,risk_reward,26.843320000000293,101521.67075417667,-0.9727770975821337
2025-09-03 15:59:00-04:00,risk_reward,24.681720000002546,101546.35247417667,-0.9487018221271626
2025-09-04 15:14:00-04:00,risk_reward,141.43467135000196,101687.78714552667,-0.8107422848002033
2025-09-04 15:59:00-04:00,risk_reward,-39.67534799999788,101648.11179752667,-0.8494427858946052
2025-09-05 10:39:00-04:00,risk_reward,139.40277133999808,101787.51456886667,-0.7134652235854966
2025-09-05 15:24:00-04:00,risk_reward,137.73880981000212,101925.25337867667,-0.5791107382815963
2025-09-05 15:59:00-04:00,risk_reward,-26.76826799999634,101898.48511067667,-0.6052212940107826
2025-09-08 15:59:00-04:00,risk_reward,35.061412000000985,101933.54652267668,-0.5710213617637572
2025-09-09 15:59:00-04:00,risk_reward,-40.42593200000073,101893.12059067668,-0.6104540045626994
2025-09-10 15:59:00-04:00,risk_reward,48.97305599999805,101942.09364667667,-0.5626842456856407
2025-09-11 15:59:00-04:00,risk_reward,-39.45536800000053,101902.63827867668,-0.6011701718195095
2025-09-12 15:59:00-04:00,risk_reward,61.83743199999918,101964.47571067668,-0.5408521223145502
2025-09-15 15:59:00-04:00,risk_reward,-85.24599600000181,101879.22971467668,-0.6240035734748739
2025-09-16 15:59:00-04:00,risk_reward,-9.84980700000313,101869.37990767667,-0.6336113648566455
2025-09-17 15:59:00-04:00,risk_reward,30.929711999999192,101900.30961967667,-0.6034416142824295
2025-09-18 15:59:00-04:00,risk_reward,-62.880971999998,101837.42864767667,-0.6647775633887298
2025-09-19 15:59:00-04:00,risk_reward,48.62761200000238,101886.05625967667,-0.6173447607470517
2025-09-22 15:59:00-04:00,risk_reward,-100.89202200000068,101785.16423767667,-0.7157578057398029
2025-09-23 15:59:00-04:00,risk_reward,83.59520399999815,101868.75944167667,-0.6342165856378812
2025-09-24 15:59:00-04:00,risk_reward,37.10196600000392,101905.86140767667,-0.59802623701668
2025-09-25 11:40:00-04:00,risk_reward,138.01193257499858,102043.87334025167,-0.46340533973662223
2025-09-25 14:02:00-04:00,risk_reward,139.07337328500148,102182.94671353667,-0.32774908197632513
2025-09-25 15:59:00-04:00,risk_reward,-64.29981095999801,102118.64690257667,-0.3904690083252227
2025-09-26 15:59:00-04:00,risk_reward,-94.54156799999942,102024.10533457667,-0.4826876337510111
2025-09-29 15:59:00-04:00,risk_reward,-98.5725839999966,101925.53275057668,-0.578838230715395
2025-09-30 15:59:00-04:00,risk_reward,86.24352000000101,102011.77627057668,-0.4947137653132261
2025-10-01 14:00:00-04:00,risk_reward,-205.14363870000113,101806.63263187668,-0.6948169027581219
2025-10-01 15:59:00-04:00,risk_reward,0.7140540000000274,101807.34668587668,-0.6941203934897389
2025-10-02 15:59:00-04:00,risk_reward,19.82937000000367,101827.17605587668,-0.6747782429083138
2025-10-03 15:59:00-04:00,risk_reward,-133.5695040000008,101693.60655187668,-0.8050658647265174
2025-10-06 15:59:00-04:00,risk_reward,19.84288000000213,101713.44943187668,-0.7857105360938421
2025-10-07 11:32:00-04:00,risk_reward,138.19730176000138,101851.64673363669,-0.6509088242599437
2025-10-07 15:59:00-04:00,risk_reward,-13.160993999998146,101838.48573963669,-0.6637464448071007
2025-10-08 15:59:00-04:00,risk_reward,108.45273600000125,101946.93847563669,-0.5579584570556517
2025-10-09 15:59:00-04:00,risk_reward,14.04345600000504,101960.98193163669,-0.5442600571248568
2025-10-10 11:00:00-04:00,risk_reward,-204.154567039999,101756.8273645967,-0.7433984249888947
2025-10-10 11:21:00-04:00,risk_reward,141.71683564500324,101898.5442002417,-0.6051636563115359
2025-10-10 13:02:00-04:00,risk_reward,140.26152525000202,102038.80572549171,-0.46834844018690536
2025-10-10 15:24:00-04:00,risk_reward,139.8232916850012,102178.6290171767,-0.33196068996786954
2025-10-10 15:59:00-04:00,risk_reward,-118.4192789999995,102060.20973817671,-0.4474703368281041
2025-10-13 15:59:00-04:00,risk_reward,-99.89958000000024,101960.3101581767,-0.5449153247112704
2025-10-14 12:21:00-04:00,risk_reward,-204.40218414000014,101755.9079740367,-0.7442952255758306
2025-10-14 15:45:00-04:00,risk_reward,140.64239005739682,101896.5503640941,-0.6071085027187229
2025-10-14 15:59:00-04:00,risk_reward,25.54147199999965,101922.0918360941,-0.5821945998819245
2025-10-15 13:08:00-04:00,risk_reward,141.31141101000014,102063.4032471041,-0.4443552943150686
2025-10-15 15:59:00-04:00,risk_reward,-69.05233499999372,101994.3509121041,-0.511710972360746
2025-10-16 12:30:00-04:00,risk_reward,-202.1667356287997,101792.1841764753,-0.7089103510140249
2025-10-16 13:18:00-04:00,risk_reward,139.9843217850032,101932.1684982603,-0.5723655273003558
2025-10-16 14:11:00-04:00,risk_reward,140.95285627499914,102073.12135453531,-0.434875966565329
2025-10-16 15:59:00-04:00,risk_reward,117.60454200000095,102190.72589653531,-0.3201610381322606
2025-10-17 14:18:00-04:00,risk_reward,140.19046222499958,102330.91635876031,-0.18341513897184303
2025-10-17 15:59:00-04:00,risk_reward,-31.30683599999964,102299.60952276031,-0.21395274738501557
2025-10-20 15:59:00-04:00,risk_reward,41.238016000001316,102340.84753876031,-0.17372797397309236
2025-10-21 15:59:00-04:00,risk_reward,15.314624000000709,102356.16216276032,-0.1587896393963617
2025-10-22 11:30:00-04:00,risk_reward,-203.52569600000226,102152.6364667603,-0.3573145879560147
2025-10-22 13:41:00-04:00,risk_reward,-202.04834816000022,101950.58811860031,-0.5543984879910369
2025-10-22 15:59:00-04:00,risk_reward,-171.8692800000024,101778.71883860031,-0.7220448375260924
2025-10-23 15:59:00-04:00,risk_reward,38.68966400000334,101817.40850260032,-0.6843058015893688
2025-10-24 15:59:00-04:00,risk_reward,-13.562943999999174,101803.84555860031,-0.6975354959858904
2025-10-27 15:59:00-04:00,risk_reward,95.11724800000063,101898.9628066003,-0.6047553353602075
2025-10-28 15:59:00-04:00,risk_reward,-78.42076199999941,101820.54204460031,-0.6812492525806513
2025-10-29 14:39:00-04:00,risk_reward,139.78956960499747,101960.33161420531,-0.5448943958700436
2025-10-29 15:59:00-04:00,risk_reward,-79.0775899999975,101881.25402420531,-0.6220290024357422
2025-10-30 15:21:00-04:00,risk_reward,138.81872354000345,102020.07274774532,-0.48662113752468983
2025-10-30 15:59:00-04:00,risk_reward,-52.008327999997746,101968.06441974532,-0.5373515899628534
2025-10-31 13:06:00-04:00,risk_reward,138.8914819582486,102106.95590170356,-0.40187275435119574
2025-10-31 15:59:00-04:00,risk_reward,-66.90717600000006,102040.04872570357,-0.4671359812297826
2025-11-03 15:59:00-05:00,risk_reward,16.42993800000123,102056.47866370357,-0.4511097365816008
2025-11-04 15:59:00-05:00,risk_reward,-152.49913599999655,101903.97952770357,-0.5998618780791998
2025-11-05 15:59:00-05:00,risk_reward,-54.59283199999647,101849.38669570358,-0.653113331716404
2025-11-06 10:37:00-05:00,risk_reward,140.49932400000233,101989.88601970358,-0.5160661596985472
2025-11-06 15:59:00-05:00,risk_reward,61.37235200000048,102051.25837170357,-0.4562017629012871
2025-11-07 15:55:00-05:00,risk_reward,141.4179348449993,102192.67630654857,-0.31825855085344523
2025-11-10 15:59:00-05:00,risk_reward,70.53503999999718,102263.21134654857,-0.24945659875176274
2025-11-11 15:59:00-05:00,risk_reward,39.19001600000245,102302.40136254858,-0.2112295047613677
2025-11-12 15:59:00-05:00,risk_reward,-36.6476159999964,102265.75374654858,-0.24697666703238363
2025-11-13 12:46:00-05:00,risk_reward,139.36762896000272,102405.12137550858,-0.11103338363409598
2025-11-13 15:59:00-05:00,risk_reward,36.13952000000261,102441.26089550859,-0.07578183314205234
2025-11-14 10:45:00-05:00,risk_reward,141.373427250001,102582.63432275859,0.0
2025-11-14 15:59:00-05:00,risk_reward,0.9413120000009949,102583.57563475858,0.0
2025-11-17 11:01:00-05:00,risk_reward,138.876773279999,102722.45240803859,0.0
2025-11-17 11:50:00-05:00,risk_reward,137.4460126399992,102859.89842067858,0.0
2025-11-17 13:58:00-05:00,risk_reward,-203.20959679999743,102656.68882387859,-0.19755959311654747
2025-11-17 15:59:00-05:00,risk_reward,15.565572000001447,102672.25439587858,-0.182426803527036
2025-11-18 10:04:00-05:00,risk_reward,139.76704780500245,102812.0214436836,-0.0465458139956354
2025-11-18 12:43:00-05:00,risk_reward,-204.10697537999874,102607.91446830358,-0.24497783513690585
2025-11-18 15:59:00-05:00,risk_reward,140.6036755200023,102748.51814382359,-0.10828347933951044
2025-11-19 10:03:00-05:00,risk_reward,140.35678008000002,102888.8749239036,0.0
2025-11-19 11:06:00-05:00,risk_reward,141.4918601250007,103030.36678402859,0.0
2025-11-19 15:59:00-05:00,risk_reward,7.035204000000244,103037.40198802859,0.0
2025-11-20 11:04:00-05:00,risk_reward,139.24037008000067,103176.6423581086,0.0
2025-11-20 11:31:00-05:00,risk_reward,137.9632363199982,103314.60559442859,0.0
2025-11-20 11:55:00-05:00,risk_reward,-207.32609435999893,103107.27950006859,-0.20067452531724594
2025-11-20 12:35:00-05:00,risk_reward,-205.02023388000214,102902.25926618859,-0.39911716825277166
2025-11-20 14:08:00-05:00,risk_reward,138.48984303000168,103040.7491092186,-0.2650704453976638
2025-11-20 15:59:00-05:00,risk_reward,-82.24275503999746,102958.5063541786,-0.34467463549916477
2025-11-21 11:53:00-05:00,risk_reward,140.9559919800027,103099.4623461586,-0.20824088427008336
2025-11-21 15:59:00-05:00,risk_reward,39.15945000000533,103138.62179615861,-0.17033777291937113
2025-11-24 12:40:00-05:00,risk_reward,-205.86106464000284,102932.7607315186,-0.3695942705419175
2025-11-24 15:59:00-05:00,risk_reward,-13.17010199999766,102919.5906295186,-0.3823418408629098
2025-11-25 12:04:00-05:00,risk_reward,-205.91255453999702,102713.67807497861,-0.5816481764533643
2025-11-25 15:52:00-05:00,risk_reward,141.58425269999975,102855.2623276786,-0.4446063207686035
2025-11-25 15:59:00-05:00,risk_reward,16.617024000001198,102871.87935167861,-0.42852241481513564
2025-11-26 15:59:00-05:00,risk_reward,-34.64185599999639,102837.23749567861,-0.4620528685207792
2025-11-28 12:59:00-05:00,risk_reward,64.5050240000002,102901.7425196786,-0.3996173361690225
2025-12-01 15:59:00-05:00,risk_reward,59.08928000000213,102960.8317996786,-0.34242379643664167
2025-12-02 15:59:00-05:00,risk_reward,-9.786176000003092,102951.04562367861,-0.35189600604697
2025-12-03 15:59:00-05:00,risk_reward,-104.8258559999975,102846.21976767862,-0.45335877154549786
2025-12-04 15:59:00-05:00,risk_reward,-36.67091199999579,102809.54885567861,-0.48885318377211995
2025-12-05 15:59:00-05:00,risk_reward,1.634754000001506,102811.18360967861,-0.48727087700088934
2025-12-08 15:59:00-05:00,risk_reward,-41.44352799999946,102769.74008167861,-0.5273847870928328
2025-12-09 15:59:00-05:00,risk_reward,56.747584000002625,102826.48766567862,-0.4724578155639758
2025-12-10 15:12:00-05:00,risk_reward,141.5574638400014,102968.04512951862,-0.33544188928177343
2025-12-10 15:59:00-05:00,risk_reward,18.965986000001962,102987.01111551862,-0.317084382237276
2025-12-11 15:59:00-05:00,risk_reward,-153.16294400000135,102833.84817151862,-0.4653334542041754
2025-12-12 10:29:00-05:00,risk_reward,140.88564559999776,102974.73381711861,-0.3289677924573242
2025-12-12 15:59:00-05:00,risk_reward,-125.22111999999636,102849.51269711863,-0.4501714879847074
2025-12-15 15:59:00-05:00,risk_reward,90.50201600000416,102940.01471311862,-0.36257301584294854
2025-12-16 15:59:00-05:00,risk_reward,32.27302400000024,102972.28773711863,-0.33133539574623505
2025-12-17 10:58:00-05:00,risk_reward,-203.22956095999854,102769.05817615862,-0.5280448152815587
2025-12-17 15:59:00-05:00,risk_reward,106.3313460000029,102875.38952215863,-0.4251248598810431
2025-12-18 10:37:00-05:00,risk_reward,137.76175392000204,103013.15127607863,-0.291782867113044
2025-12-18 15:59:00-05:00,risk_reward,-116.84287999999817,102896.30839607863,-0.40487711872223553
2025-12-19 15:59:00-05:00,risk_reward,-39.47839999999798,102856.82999607864,-0.4430889473139854
2025-12-22 15:59:00-05:00,risk_reward,8.167488000001118,102864.99748407863,-0.43518349391463707
2025-12-23 15:59:00-05:00,risk_reward,55.18438400000212,102920.18186807864,-0.3817695707984403
2025-12-24 12:59:00-05:00,risk_reward,26.996608000003267,102947.17847607864,-0.3556390853315716
2025-12-26 15:59:00-05:00,risk_reward,-26.13273599999759,102921.04574007864,-0.3809334140952969
2025-12-29 15:59:00-05:00,risk_reward,-8.491328000001726,102912.55441207864,-0.3891523178515932
2025-12-30 15:59:00-05:00,risk_reward,64.47289600000492,102977.02730807864,-0.32674788274867916
2025-12-31 15:59:00-05:00,risk_reward,89.3337280000034,103066.36103607866,-0.24028021684023848
2026-01-02 10:22:00-05:00,risk_reward,140.6606700800059,103207.02170615866,-0.10413231280411717
2026-01-02 11:00:00-05:00,risk_reward,139.94029392000283,103346.96200007865,0.0
2026-01-02 15:59:00-05:00,risk_reward,-19.909183999998117,103327.05281607866,-0.01926441146860025
2026-01-05 15:59:00-05:00,risk_reward,-18.37580799999871,103308.67700807867,-0.037045106366995206
2026-01-06 15:59:00-05:00,risk_reward,-70.91187199999861,103237.76513607867,-0.10566044892533766
2026-01-07 15:59:00-05:00,risk_reward,-4.691264000002615,103233.07387207866,-0.11019978313431267
2026-01-08 15:59:00-05:00,risk_reward,4.312000000003696,103237.38587207867,-0.10602743020148298
2026-01-09 13:57:00-05:00,risk_reward,-206.9791449599996,103030.40672711867,-0.3063034140855958
2026-01-09 15:59:00-05:00,risk_reward,-25.041118000001134,103005.36560911866,-0.3305335583640434
2026-01-12 15:59:00-05:00,risk_reward,-48.596034000003115,102956.76957511865,-0.3775557765884785
2026-01-13 15:59:00-05:00,risk_reward,-36.4953079999989,102920.27426711866,-0.41286915909504174
2026-01-14 15:59:00-05:00,risk_reward,12.328576000001863,102932.60284311866,-0.40093985245515107
2026-01-15 15:19:00-05:00,risk_reward,137.636536835,103070.23937995367,-0.26776076893753054
2026-01-15 15:59:00-05:00,risk_reward,-15.53977599999946,103054.69960395366,-0.2827972786706323
2026-01-16 15:59:00-05:00,risk_reward,-88.3493439999964,102966.35025995367,-0.36828536878006357
2026-01-20 14:27:00-05:00,risk_reward,139.05857167999983,103105.40883163367,-0.23373030398784467
2026-01-20 15:59:00-05:00,risk_reward,-28.17094399999935,103077.23788763367,-0.2609889127120901
2026-01-21 14:45:00-05:00,risk_reward,-204.10985727999451,102873.12803035368,-0.4584885327588162
2026-01-21 15:59:00-05:00,risk_reward,-113.09132799999664,102760.03670235368,-0.5679173208057331
2026-01-22 15:59:00-05:00,risk_reward,32.15807999999941,102792.19478235368,-0.5368007022059862
2026-01-23 11:03:00-05:00,risk_reward,140.75788879999726,102932.95267115367,-0.4006013538401465
2026-01-23 15:59:00-05:00,risk_reward,-70.60806400000168,102862.34460715367,-0.4689227274282226
2026-01-26 15:59:00-05:00,risk_reward,-11.693696000000857,102850.65091115367,-0.48023771509084767
2026-01-27 15:59:00-05:00,risk_reward,2.499716000002748,102853.15062715366,-0.47781895410201614
2026-01-28 15:59:00-05:00,risk_reward,26.957166000002744,102880.10779315367,-0.4517348143476374
2026-01-29 10:14:00-05:00,risk_reward,-203.1642281799989,102676.94356497367,-0.6483194301390993
2026-01-29 15:54:00-05:00,risk_reward,141.63015247999846,102818.57371745368,-0.5112760669487071
2026-01-30 13:18:00-05:00,risk_reward,-202.3164792400029,102616.25723821367,-0.7070403887290078
2026-01-30 15:59:00-05:00,risk_reward,20.766620799999306,102637.02385901367,-0.6869463091372152
2026-02-02 15:59:00-05:00,risk_reward,-5.812810000000824,102631.21104901367,-0.6925708673124253
2026-02-03 10:13:00-05:00,risk_reward,-201.67180324000233,102429.53924577366,-0.8877113913656198
2026-02-03 13:33:00-05:00,risk_reward,140.09936751999902,102569.63861329366,-0.7521492376180383
2026-02-03 15:59:00-05:00,risk_reward,120.8712320000033,102690.50984529367,-0.6351925030795624
2026-02-04 11:44:00-05:00,risk_reward,-203.61886208000016,102486.89098321367,-0.8322170291414355
2026-02-04 14:42:00-05:00,risk_reward,140.801856030002,102627.69283924367,-0.6959751374543965
2026-02-04 15:59:00-05:00,risk_reward,40.33439999999808,102668.02723924367,-0.6569469945661877
2026-02-05 11:27:00-05:00,risk_reward,139.24174770000138,102807.26898694367,-0.5222146860345722
2026-02-05 15:59:00-05:00,risk_reward,-137.8278660000018,102669.44112094367,-0.6555789023914183
2026-02-06 15:59:00-05:00,risk_reward,-126.72442200000285,102542.71669894367,-0.7781992673711824
2026-02-09 15:59:00-05:00,risk_reward,-67.2755839999971,102475.44111494366,-0.8432960856017524
2026-02-10 15:59:00-05:00,risk_reward,-149.51923199999675,102325.92188294367,-0.9879730350798366
2026-02-11 12:43:00-05:00,risk_reward,138.09793887999894,102464.01982182366,-0.8543474923378147
2026-02-11 15:59:00-05:00,risk_reward,43.139840000001804,102507.15966182367,-0.8126047655414803
2026-02-12 11:22:00-05:00,risk_reward,137.8564297600007,102645.01609158368,-0.6792129104815303
2026-02-12 15:59:00-05:00,risk_reward,-84.40363800000137,102560.61245358367,-0.7608830789766041
2026-02-13 12:23:00-05:00,risk_reward,-206.12537945999873,102354.48707412367,-0.9603329471399746
2026-02-13 15:37:00-05:00,risk_reward,-201.9285631999972,102152.55851092367,-1.1557219158063625
2026-02-13 15:59:00-05:00,risk_reward,5.688275999998149,102158.24678692367,-1.1502178585124478
2026-02-17 09:59:00-05:00,risk_reward,140.08107613500147,102298.32786305867,-1.0146734037708605
2026-02-17 11:05:00-05:00,risk_reward,138.9512770799995,102437.27914013868,-0.8802221587696835
2026-02-17 15:59:00-05:00,risk_reward,13.617516000005134,102450.89665613868,-0.8670456553326544
2026-02-18 11:05:00-05:00,risk_reward,-207.3165124799949,102243.58014365868,-1.0676480808590516
2026-02-18 14:55:00-05:00,risk_reward,138.13594480000228,102381.71608845869,-0.933985763044709
2026-02-18 15:59:00-05:00,risk_reward,-57.323718539999966,102324.39236991869,-0.9894530137801172
2026-02-19 15:59:00-05:00,risk_reward,-15.458651999997192,102308.93371791868,-1.0044110267693918
2026-02-20 15:59:00-05:00,risk_reward,-107.08226100000127,102201.85145691868,-1.1080253555582065
2026-02-23 11:06:00-05:00,risk_reward,141.30906751500004,102343.16052443368,-0.9712926787767695
2026-02-23 15:59:00-05:00,risk_reward,3.0519720000024737,102346.21249643368,-0.9683395469759493
2026-02-24 15:59:00-05:00,risk_reward,-30.399359999993816,102315.81313643369,-0.9977544029249552
2026-02-25 15:59:00-05:00,risk_reward,38.61388800000184,102354.4270244337,-0.9603910520796899
2026-02-26 15:59:00-05:00,risk_reward,-79.04831999999972,102275.3787044337,-1.0368793382084518
2026-02-27 15:59:00-05:00,risk_reward,75.09232500000257,102350.4710294337,-0.964218929477767
2026-03-02 12:15:00-05:00,risk_reward,141.2961245850047,102491.7671540187,-0.8274987764607
2026-03-02 15:59:00-05:00,risk_reward,15.34790399999672,102507.1150580187,-0.8126479248217411
2026-03-03 11:46:00-05:00,risk_reward,139.220665155,102646.3357231737,-0.6779360160624859
2026-03-03 15:59:00-05:00,risk_reward,-55.683539999996704,102590.6521831737,-0.7318162065609313
2026-03-04 10:24:00-05:00,risk_reward,141.5233475699987,102732.1755307437,-0.594876189330551
2026-03-04 15:59:00-05:00,risk_reward,-12.838079999999376,102719.3374507437,-0.6072984993351627
2026-03-05 10:30:00-05:00,risk_reward,138.66997759999703,102858.0074283437,-0.47311944373805703
2026-03-05 12:50:00-05:00,risk_reward,-202.86355136000003,102655.1438769837,-0.6694131203338394
2026-03-05 15:57:00-05:00,risk_reward,141.3687422399986,102796.5126192237,-0.5326227014341711
2026-03-06 15:59:00-05:00,risk_reward,40.02187200000389,102836.5344912237,-0.493896965113072
2026-03-09 11:27:00-04:00,risk_reward,-203.9559383399968,102632.5785528837,-0.6912476509898791
2026-03-09 15:23:00-04:00,risk_reward,-205.91598719999638,102426.66256568371,-0.8904949082046976
2026-03-09 15:59:00-04:00,risk_reward,-74.40513299999645,102352.2574326837,-0.9624903801179863
2026-03-10 15:59:00-04:00,risk_reward,20.152447999999072,102372.40988068371,-0.9429905829202778
2026-03-11 11:18:00-04:00,risk_reward,138.72906207999966,102511.1389427637,-0.8087543563344513
2026-03-11 15:59:00-04:00,risk_reward,19.842624000002775,102530.98156676372,-0.7895543492747459
2026-03-12 15:59:00-04:00,risk_reward,-131.56057200000066,102399.42099476371,-0.9168542422313464
2026-03-13 10:44:00-04:00,risk_reward,141.12158791499917,102540.54258267871,-0.7803029733949307
2026-03-13 15:59:00-04:00,risk_reward,-90.5842080000001,102449.95837467871,-0.8679535499062419
2026-03-16 15:59:00-04:00,risk_reward,-62.94604800000253,102387.01232667871,-0.9288610471193226
2026-03-17 15:59:00-04:00,risk_reward,-70.5783539999976,102316.43397267871,-0.997153672886053
2026-03-18 15:41:00-04:00,risk_reward,-206.82855005999943,102109.60542261871,-1.1972839389889356
2026-03-18 15:59:00-04:00,risk_reward,-20.62460399999896,102088.98081861871,-1.2172406010918624
2026-03-19 15:06:00-04:00,risk_reward,138.1923054599987,102227.1731240787,-1.0835237478960424
2026-03-19 15:59:00-04:00,risk_reward,32.853348000000885,102260.02647207871,-1.0517343780256594
2026-03-20 14:22:00-04:00,risk_reward,-202.05555611999876,102057.97091595871,-1.2472462268595441
2026-03-20 15:59:00-04:00,risk_reward,17.350404000002584,102075.32131995872,-1.230457727551748
2026-03-23 11:58:00-04:00,risk_reward,138.6023307899992,102213.92365074872,-1.0963441279764674
2026-03-23 15:59:00-04:00,risk_reward,7.065812000001244,102220.98946274872,-1.0895071471274331
2026-03-24 15:59:00-04:00,risk_reward,1.3424560000026413,102222.33191874872,-1.0882081674825406
2026-03-25 15:59:00-04:00,risk_reward,-107.33903399999826,102114.99288474872,-1.1920709535022445
2026-03-26 13:20:00-04:00,risk_reward,-206.64058756000026,101908.35229718871,-1.3920193443991535
2026-03-26 15:59:00-04:00,risk_reward,128.95241199999947,102037.30470918871,-1.2672431443983223
2026-03-27 10:38:00-04:00,risk_reward,141.5094618000045,102178.81417098873,-1.1303165632377654
2026-03-27 14:10:00-04:00,risk_reward,140.76131877499893,102319.57548976372,-0.9941138959790097
2026-03-27 15:59:00-04:00,risk_reward,14.975380000001797,102334.55086976373,-0.9796235038956991
2026-03-30 14:48:00-04:00,risk_reward,-205.53427369999906,102129.01659606372,-1.178501409663113
2026-03-30 15:59:00-04:00,risk_reward,-15.934484999999194,102113.08211106373,-1.1939198454754552
2026-03-31 10:56:00-04:00,risk_reward,141.0570962500002,102254.13920731372,-1.0574309796973935
2026-03-31 12:40:00-04:00,risk_reward,-206.5889538999984,102047.55025341373,-1.2573294091256737
2026-03-31 15:15:00-04:00,risk_reward,137.92706203000154,102185.47731544373,-1.1238692092700675
2026-03-31 15:59:00-04:00,risk_reward,-16.075505999997347,102169.40180944373,-1.139424099020947
2026-04-01 15:59:00-04:00,risk_reward,-87.04815999999863,102082.35364944373,-1.223653144863568
2026-04-02 10:36:00-04:00,risk_reward,-204.145285400001,101878.20836404373,-1.4211870456664277
2026-04-02 15:59:00-04:00,risk_reward,-63.43294999999824,101814.77541404373,-1.4825656762254447
2026-04-06 15:59:00-04:00,risk_reward,-7.6693980000006885,101807.10601604373,-1.4899866955293217
2026-04-07 10:07:00-04:00,risk_reward,140.88528048000245,101947.99129652373,-1.3536640811501188
2026-04-07 15:45:00-04:00,risk_reward,-206.0303358399985,101741.96096068373,-1.5530219837460724
2026-04-07 15:59:00-04:00,risk_reward,25.592582000000277,101767.55354268375,-1.5282582350061746
2026-04-08 15:59:00-04:00,risk_reward,54.153725999998976,101821.70726868373,-1.4758583144357518
2026-04-09 15:59:00-04:00,risk_reward,-183.14854799999637,101638.55872068374,-1.6530754715301743
2026-04-10 15:59:00-04:00,risk_reward,-49.65337600000368,101588.90534468374,-1.7011207890112678
2026-04-13 15:50:00-04:00,risk_reward,-203.3742278400003,101385.53111684373,-1.897908603480214
2026-04-13 15:59:00-04:00,risk_reward,139.84473776000067,101525.37585460374,-1.7625928331338137
2026-04-14 13:19:00-04:00,risk_reward,141.15881208000263,101666.53466668374,-1.6260055456624123
2026-04-14 15:59:00-04:00,risk_reward,-41.79451000000144,101624.74015668374,-1.6664465118903071
2026-04-15 12:20:00-04:00,risk_reward,138.36059135750256,101763.10074804124,-1.5325668228507894
2026-04-15 15:59:00-04:00,risk_reward,94.82025800000189,101857.92100604124,-1.440817383713977
2026-04-16 15:59:00-04:00,risk_reward,-86.41742899999691,101771.50357704125,-1.524436125211115
2026-04-17 15:59:00-04:00,risk_reward,-10.995359999999856,101760.50821704125,-1.5350753929623928
2026-04-20 15:59:00-04:00,risk_reward,-30.173039400000754,101730.33517764125,-1.5642712578587181
2026-04-21 15:59:00-04:00,risk_reward,-99.45990000000207,101630.87527764124,-1.6605100810182516
2026-04-22 13:22:00-04:00,risk_reward,138.02547915000176,101768.90075679125,-1.5269546513483445
2026-04-22 15:59:00-04:00,risk_reward,27.939240600004076,101796.83999739125,-1.4999202421511204
2026-04-23 13:19:00-04:00,risk_reward,139.32914887500104,101936.16914626626,-1.3651033629912823
2026-04-23 15:59:00-04:00,risk_reward,2.4751800000008553,101938.64432626625,-1.362708343387331
2026-04-24 11:44:00-04:00,risk_reward,139.97827649999707,102078.62260276625,-1.227263359044306
2026-04-24 15:59:00-04:00,risk_reward,-43.870019999996394,102034.75258276625,-1.269712618462271
2026-04-27 15:59:00-04:00,risk_reward,80.78643000000015,102115.53901276625,-1.1915425122138168
2026-04-28 15:59:00-04:00,risk_reward,-56.56052999999857,102058.97848276625,-1.2462712907917117
2026-04-29 15:59:00-04:00,risk_reward,103.1729400000036,102162.15142276626,-1.1464396769703789
2026-04-30 13:30:00-04:00,risk_reward,-205.67342460000006,101956.47799816626,-1.3454522271407865
2026-04-30 15:59:00-04:00,risk_reward,-6.206811999997766,101950.27118616625,-1.3514580272919297
2026-05-01 15:59:00-04:00,risk_reward,-6.863487999994871,101943.40769816627,-1.3580992365419653
2026-05-04 12:07:00-04:00,risk_reward,138.81915967500103,102082.22685784126,-1.2237758302333313
2026-05-04 15:59:00-04:00,risk_reward,35.44228040000095,102117.66913824127,-1.1894813723082098
2026-05-05 15:59:00-04:00,risk_reward,-45.80120799999739,102071.86793024126,-1.2337992768828743
2026-05-06 15:16:00-04:00,risk_reward,136.87347954000225,102208.74140978127,-1.1013585385282187
2026-05-06 15:59:00-04:00,risk_reward,-26.88265999999894,102181.85874978127,-1.12737058521033
2026-05-07 10:55:00-04:00,risk_reward,138.137580420001,102319.99633020128,-0.9937066847466647
2026-05-07 12:15:00-04:00,risk_reward,138.80491766820197,102458.80124786947,-0.8593970592077005
2026-05-07 15:59:00-04:00,risk_reward,-11.900000000000178,102446.90124786948,-0.8709116695742702
2026-05-08 13:02:00-04:00,risk_reward,139.78925940000173,102586.69050726948,-0.7356495808832686
2026-05-08 15:59:00-04:00,risk_reward,-38.39438400000071,102548.29612326948,-0.7728005365155943
2026-05-11 15:59:00-04:00,risk_reward,12.146209600000843,102560.44233286948,-0.7610476902151886
2026-05-12 11:59:00-04:00,risk_reward,-205.72037247999978,102354.72196038948,-0.9601056678264275
2026-05-12 14:31:00-04:00,risk_reward,138.5092578800044,102493.23121826949,-0.8260821269313268
2026-05-12 15:59:00-04:00,risk_reward,127.99046400000262,102621.22168226949,-0.7022367215870462
2026-05-13 11:43:00-04:00,risk_reward,140.23248974000344,102761.45417200949,-0.5665457568735488
2026-05-13 15:59:00-04:00,risk_reward,66.01957656000232,102827.4737485695,-0.5026642694235806
2026-05-14 15:59:00-04:00,risk_reward,35.51661000000146,102862.99035856948,-0.4682978891133782
2026-05-15 13:26:00-04:00,risk_reward,140.60019204000164,103003.5905506095,-0.33225113039015985
2026-05-15 15:59:00-04:00,risk_reward,-153.20468800000398,102850.38586260949,-0.4804941798567719
2026-05-18 12:28:00-04:00,risk_reward,-206.1396198400008,102644.24624276948,-0.6799578272156936
2026-05-18 15:59:00-04:00,risk_reward,102.242112000003,102746.48835476949,-0.5810268958933773
2026-05-19 10:21:00-04:00,risk_reward,-204.74358435999883,102541.7447704095,-0.7791397193354754
2026-05-19 13:04:00-04:00,risk_reward,-203.4402619199992,102338.3045084895,-0.9759914293256067
2026-05-19 15:54:00-04:00,risk_reward,140.12282256000245,102478.42733104949,-0.8404065801455363
2026-05-20 11:15:00-04:00,risk_reward,140.08540881999843,102618.51273986949,-0.7048579330359073
2026-05-20 15:59:00-04:00,risk_reward,-60.39194000000006,102558.1207998695,-0.7632940387822473
2026-05-21 13:52:00-04:00,risk_reward,-206.77223055999738,102351.3485693095,-0.9633698093306275
2026-05-21 15:59:00-04:00,risk_reward,34.473762540001154,102385.8223318495,-0.9300125031526552
2026-05-22 15:59:00-04:00,risk_reward,54.69022800000251,102440.5125598495,-0.8770934555661691
2026-05-26 15:59:00-04:00,risk_reward,-73.40219999999934,102367.1103598495,-0.9481184751501615
2026-05-27 15:59:00-04:00,risk_reward,25.959312000001624,102393.0696718495,-0.9229998732119715
2026-05-28 10:14:00-04:00,risk_reward,139.20878753999963,102532.2784593895,-0.7882994574030411
2026-05-28 15:59:00-04:00,risk_reward,-98.83468800000028,102433.4437713895,-0.8839333164805119
2026-05-29 15:59:00-04:00,risk_reward,-35.437553999998194,102398.0062173895,-0.9182232010733204
2026-06-01 13:42:00-04:00,risk_reward,141.33812458500094,102539.3443419745,-0.7814624082549626
2026-06-01 15:59:00-04:00,risk_reward,-71.09861199999794,102468.24572997451,-0.8502584431107629
2026-06-02 15:59:00-04:00,risk_reward,-61.7506760000026,102406.4950539745,-0.91000928126308
2026-06-03 15:59:00-04:00,risk_reward,-42.23523200000021,102364.25982197451,-0.9508766964077653
2026-06-04 11:16:00-04:00,risk_reward,140.61173508000022,102504.8715570545,-0.814818768473824
2026-06-04 14:11:00-04:00,risk_reward,141.2250454800031,102646.09660253451,-0.6781673926163467
2026-06-04 15:59:00-04:00,risk_reward,-71.85599200000114,102574.24061053451,-0.7476962792032027
2026-06-05 12:08:00-04:00,risk_reward,-204.04428551999868,102370.1963250145,-0.9451324510762138
2026-06-05 14:14:00-04:00,risk_reward,-202.28400809999758,102167.91231691452,-1.140865353316567
2026-06-05 15:17:00-04:00,risk_reward,141.05340312000263,102308.96572003451,-1.0043800610639697
2026-06-05 15:59:00-04:00,risk_reward,87.36599200000265,102396.33171203452,-0.9198434764278951
2026-06-08 15:59:00-04:00,risk_reward,50.65626600000254,102446.98797803452,-0.8708277482249005
2026-06-09 10:10:00-04:00,risk_reward,138.73082706000102,102585.71880509453,-0.7365898138191551
2026-06-09 11:26:00-04:00,risk_reward,-207.38280472000142,102378.33600037452,-0.937256384666052
2026-06-09 12:06:00-04:00,risk_reward,-205.0652984799968,102173.27070189452,-1.135680503296499
2026-06-09 13:02:00-04:00,risk_reward,141.51890742500038,102314.78960931953,-0.9987447824139628
2026-06-09 13:43:00-04:00,risk_reward,-202.85774991999924,102111.93185939953,-1.1950328454533476
2026-06-09 15:59:00-04:00,risk_reward,-175.07165984000184,101936.86019955952,-1.3644346899312376
2026-06-10 11:00:00-04:00,risk_reward,140.2997919400008,102077.15999149952,-1.2286786026454943
2026-06-10 14:50:00-04:00,risk_reward,-204.7071913600008,101872.45280013952,-1.4267562116997756
2026-06-10 15:59:00-04:00,risk_reward,-58.3757439999973,101814.07705613952,-1.4832414173316155
2026-06-11 10:58:00-04:00,risk_reward,139.3711998000007,101953.44825593953,-1.3483838490947253
2026-06-11 11:20:00-04:00,risk_reward,138.18528233999987,102091.63353827952,-1.2146737915703532
2026-06-11 13:30:00-04:00,risk_reward,-204.5703352000024,101887.06320307952,-1.4126189766449193
2026-06-11 15:26:00-04:00,risk_reward,-206.3965103199972,101680.66669275952,-1.6123311949100771
2026-06-12 10:17:00-04:00,risk_reward,-207.8964787199985,101472.77021403953,-1.81349480407339
2026-06-12 15:59:00-04:00,risk_reward,-29.312981999996886,101443.45723203954,-1.8418584651164305
2026-06-15 15:59:00-04:00,risk_reward,103.30983000000091,101546.76706203954,-1.7418943945713194
2026-06-16 11:24:00-04:00,risk_reward,-201.06408140000028,101345.70298063953,-1.9364468782716582
2026-06-16 15:59:00-04:00,risk_reward,-182.25523800000045,101163.44774263953,-2.112799655820996
2026-06-17 14:03:00-04:00,risk_reward,140.5907099100012,101304.03845254953,-1.976762072142546
2026-06-17 14:43:00-04:00,risk_reward,139.4023636350017,101443.44081618453,-1.8418743493327505
2026-06-17 15:21:00-04:00,risk_reward,140.09410201500052,101583.53491819954,-1.7063172905631863
2026-06-17 15:59:00-04:00,risk_reward,-59.84236799999693,101523.69255019954,-1.764221622574369
2026-06-18 12:39:00-04:00,risk_reward,140.54848744500325,101664.24103764455,-1.6282248939575306
2026-06-18 15:59:00-04:00,risk_reward,3.7050480000002253,101667.94608564454,-1.6246398364693437
2026-06-22 10:43:00-04:00,risk_reward,137.07861413610138,101805.02469978064,-1.4920006069427005
2026-06-22 15:59:00-04:00,risk_reward,-1.9992430799979175,101803.02545670065,-1.4939351031690973
2026-06-23 15:59:00-04:00,risk_reward,-158.04687599999684,101644.97858070064,-1.6468635230677764
2026-06-24 13:13:00-04:00,risk_reward,137.21032489500064,101782.18890559564,-1.5140968483251749
2026-06-24 15:13:00-04:00,risk_reward,-207.37558434879847,101574.81332124685,-1.7147564326375209
2026-06-24 15:53:00-04:00,risk_reward,139.83698119580177,101714.65030244265,-1.5794481676536964
2026-06-25 10:10:00-04:00,risk_reward,140.58031624000105,101855.23061868265,-1.4434206410391393
2026-06-25 11:12:00-04:00,risk_reward,137.2294989450015,101992.46011762765,-1.3106354132112474
2026-06-25 15:59:00-04:00,risk_reward,-10.35682145999889,101982.10329616765,-1.3206568219295667
2026-06-26 15:59:00-04:00,risk_reward,141.08919468000104,102123.19249084765,-1.184136897251098
2026-06-29 10:15:00-04:00,risk_reward,-207.7816719999997,101915.41081884765,-1.3851894177885127
2026-06-29 10:31:00-04:00,risk_reward,140.48491240000013,102055.89573124766,-1.2492542052953803
2026-06-29 13:29:00-04:00,risk_reward,-201.23552735999775,101854.66020388766,-1.443972582561115
2026-06-29 15:59:00-04:00,risk_reward,27.36941400000213,101882.02961788766,-1.4174895457399916
2026-06-30 12:54:00-04:00,risk_reward,-204.9203318400004,101677.10928604766,-1.615773392574149
2026-06-30 15:59:00-04:00,risk_reward,-11.91596399999802,101665.19332204766,-1.6273034499356687
2026-07-01 15:59:00-04:00,risk_reward,78.3619920000011,101743.55531404767,-1.5514792646055375
2026-07-02 10:28:00-04:00,risk_reward,-204.97916969999997,101538.57614434767,-1.7498200437953915
2026-07-02 12:31:00-04:00,risk_reward,-202.18434327000048,101336.39180107767,-1.9454565089193965
2026-07-02 15:59:00-04:00,risk_reward,53.15357600000053,101389.54537707767,-1.8940243478076324
2026-07-06 15:59:00-04:00,risk_reward,-9.748052999995402,101379.79732407766,-1.9034567034486138
2026-07-07 15:59:00-04:00,risk_reward,-36.00791600000011,101343.78940807768,-1.9382984784782065
2026-07-08 11:14:00-04:00,risk_reward,140.77701273999983,101484.56642081767,-1.8020806255142352
2026-07-08 12:50:00-04:00,risk_reward,139.61633994000104,101624.18276075767,-1.666985856168346
2026-07-08 15:59:00-04:00,risk_reward,67.17250400000049,101691.35526475767,-1.6019887796215215
2026-07-09 15:59:00-04:00,risk_reward,61.40442600000082,101752.75969075767,-1.5425729779263153
2026-07-10 15:59:00-04:00,risk_reward,-93.60851183999742,101659.15117891767,-1.6331499141307049
2026-07-13 15:22:00-04:00,risk_reward,137.20073787000328,101796.35191678768,-1.5003925159307485
2026-07-13 15:59:00-04:00,risk_reward,-26.084239999996587,101770.26767678768,-1.5256319999902512
2026-07-14 15:59:00-04:00,risk_reward,0.41045399999980964,101770.67813078768,-1.525234838823586
2026-07-15 12:06:00-04:00,risk_reward,-202.32331253999976,101568.35481824768,-1.7210057726028016
2026-07-15 15:59:00-04:00,risk_reward,-128.61016000000072,101439.74465824768,-1.8454508046685691
2026-07-16 15:59:00-04:00,risk_reward,-66.63512800000089,101373.10953024768,-1.9099279085044385
2026-07-17 13:08:00-04:00,risk_reward,-202.63785163999873,101170.47167860768,-2.1060031948199165
2026-07-17 15:11:00-04:00,risk_reward,139.23002198000077,101309.70170058768,-1.9712822322628276
2026-07-17 15:59:00-04:00,risk_reward,11.6205599999993,101321.32226058768,-1.9600380120408656
2026-07-20 15:59:00-04:00,risk_reward,-156.14082399999833,101165.18143658768,-2.1111221087363075
2026-07-21 15:59:00-04:00,risk_reward,-128.23210400000343,101036.94933258768,-2.235201328404035
2026-07-22 15:59:00-04:00,risk_reward,22.419431999999144,101059.36876458768,-2.213507965032624
2026-07-23 11:07:00-04:00,risk_reward,138.08270364000046,101197.45146822768,-2.0798971641269315
2026-07-23 12:38:00-04:00,risk_reward,136.8774547000011,101334.32892292769,-1.9474525793505504
2026-07-23 15:59:00-04:00,risk_reward,45.662988000000865,101379.99191092768,-1.903268418426729
2026-07-24 11:39:00-04:00,risk_reward,140.98985622000245,101520.98176714768,-1.7668446150643335
2026-07-24 14:28:00-04:00,risk_reward,137.168030440001,101658.14979758768,-1.6341188650419003
2026-07-24 15:59:00-04:00,risk_reward,-22.352793999999474,101635.79700358768,-1.6557477485305006
2026-07-27 10:30:00-04:00,risk_reward,-207.00954985999786,101428.78745372768,-1.856053152631143
2026-07-27 15:59:00-04:00,risk_reward,75.42180800000014,101504.2092617277,-1.7830739314325994
2026-07-28 10:48:00-04:00,risk_reward,137.3297276500011,101641.53898937769,-1.6501917208748385
2026-07-28 15:59:00-04:00,risk_reward,36.6122680000004,101678.15125737769,-1.614765166197818
2026-07-29 11:54:00-04:00,risk_reward,-202.8573165199996,101475.2939408577,-1.8110528098731482
2026-07-29 13:04:00-04:00,risk_reward,141.27943155000096,101616.57337240769,-1.6743488092757386
2026-07-29 14:40:00-04:00,risk_reward,-201.99561080999948,101414.57776159768,-1.8698026541694501
2026-07-29 15:21:00-04:00,risk_reward,139.22692780499946,101553.80468940269,-1.7350846855804014
2026-07-30 15:59:00-04:00,risk_reward,28.704605999999192,101582.50929540269,-1.7073096978647673
2026-07-31 15:59:00-04:00,risk_reward,30.394842000001265,101612.90413740269,-1.6778992135972448
2026-08-03 10:51:00-04:00,risk_reward,137.2868961799999,101750.19103358268,-1.545058447383052
2026-08-03 15:59:00-04:00,risk_reward,-91.18003999999573,101659.01099358269,-1.6332855594678009
2026-08-04 12:33:00-04:00,risk_reward,136.78812805500317,101795.7991216377,-1.5009274084319735
2026-08-04 15:59:00-04:00,risk_reward,-112.60881899999882,101683.1903026377,-1.6098893138626447
2026-08-05 10:53:00-04:00,risk_reward,139.30796596499917,101822.49826860269,-1.4750929315898054
2026-08-05 15:59:00-04:00,risk_reward,-170.91278099999855,101651.5854876027,-1.640470585361442
2026-08-06 15:59:00-04:00,risk_reward,-7.366464000001237,101644.2190236027,-1.647598481389967
2026-08-07 15:59:00-04:00,risk_reward,98.9442000000034,101743.1632236027,-1.551858656933447
2026-08-10 15:59:00-04:00,risk_reward,64.50680700000461,101807.6700306027,-1.4894409469673353
2026-08-11 15:59:00-04:00,risk_reward,19.85747400000124,101827.52750460271,-1.4702265708350315
2026-08-12 15:59:00-04:00,risk_reward,39.50596800000047,101867.0334726027,-1.4320000306103031
2026-08-13 15:59:00-04:00,risk_reward,-65.32379999999515,101801.70967260271,-1.4952082746997108
2026-08-14 15:59:00-04:00,risk_reward,56.70291600000106,101858.41258860272,-1.4403417213897374
2026-08-17 15:59:00-04:00,risk_reward,62.114580000000466,101920.52716860271,-1.3802387645171943
2026-08-18 15:59:00-04:00,risk_reward,-67.0811219999969,101853.44604660272,-1.445147418532533
2026-08-19 12:18:00-04:00,risk_reward,136.70571447000256,101990.15176107272,-1.312869012061435
2026-08-19 15:59:00-04:00,risk_reward,49.84523999999973,102039.99700107271,-1.2646380442271177
2026-08-20 15:59:00-04:00,risk_reward,-62.21000799999692,101977.78699307272,-1.3248333385986633
2026-08-21 15:59:00-04:00,risk_reward,-57.736280000001074,101920.05071307272,-1.3806997897091944
