symbol,lead_symbol,signal_time,entry_time,exit_time,direction,entry_z,signal_target_close,signal_target_vwap,signal_qqq_close,signal_qqq_vwap,signal_fair_target,entry_reference,entry_price,exit_reference,exit_price,shares,notional_usd,stop_usd_per_share,target_usd_per_share,gross_risk_usd,gross_reward_usd,reward_to_risk,stop_price,target_price,exit_reason,duration_bars,gross_pnl,slippage,commissions,costs,net_pnl
GOOGL,QQQ,2025-08-22 11:05:00-04:00,2025-08-22 11:06:00-04:00,2025-08-22 13:11:00-04:00,SHORT,2.5660749822,204.6300000000,203.2296166467,573.8500000000,570.2059507400,204.1651012585,204.6300000000,204.5890740000,205.8800000000,205.9211760000,97,19845.1401780000,1.2500000000,3.2500000000,121.2500000000,315.2500000000,2.6000000000,205.8800000000,201.3800000000,STOP,125,-121.2500000000,7.9638940000,0.6790000000,8.6428940000,-129.8928940000
GOOGL,QQQ,2025-08-22 13:11:00-04:00,2025-08-22 13:12:00-04:00,2025-08-22 13:21:00-04:00,SHORT,3.3954522018,205.2100000000,203.8703153493,572.0300000000,570.9145140408,204.1572243515,205.2500000000,205.2089500000,206.5000000000,206.5413000000,97,19905.2681500000,1.2500000000,3.2500000000,121.2500000000,315.2500000000,2.6000000000,206.5000000000,202.0000000000,STOP,9,-121.2500000000,7.9879500000,0.6790000000,8.6669500000,-129.9169500000
GOOGL,QQQ,2025-08-22 13:21:00-04:00,2025-08-22 13:22:00-04:00,2025-08-22 13:40:00-04:00,SHORT,3.0342371334,206.4000000000,204.1547418859,572.6000000000,570.9452672807,204.5809188830,206.4092000000,206.3679181600,207.6592000000,207.7007318400,96,19811.3201433600,1.2500000000,3.2500000000,120.0000000000,312.0000000000,2.6000000000,207.6592000000,203.1592000000,STOP,18,-120.0000000000,7.9501132800,0.6720000000,8.6221132800,-128.6221132800
GOOGL,QQQ,2025-08-25 11:38:00-04:00,2025-08-25 11:39:00-04:00,2025-08-25 15:59:00-04:00,LONG,-2.5288062345,208.7300000000,208.0884093715,572.8000000000,571.1352998983,208.9984616143,208.7000000000,208.7417400000,208.5100000000,208.4682980000,95,19830.4653000000,1.2500000000,3.2500000000,118.7500000000,308.7500000000,2.6000000000,207.4500000000,211.9500000000,FORCED_EOD,260,-18.0500000000,7.9269900000,0.6650000000,8.5919900000,-26.6419900000
GOOGL,QQQ,2025-08-26 10:55:00-04:00,2025-08-26 10:56:00-04:00,2025-08-26 15:59:00-04:00,LONG,-2.5933140896,206.2550000000,206.6400498042,571.7100000000,570.5558324647,207.2747580590,206.2600000000,206.3012520000,207.1700000000,207.1285660000,96,19804.9201920000,1.2500000000,3.2500000000,120.0000000000,312.0000000000,2.6000000000,205.0100000000,209.5100000000,FORCED_EOD,303,87.3600000000,7.9378560000,0.6720000000,8.6098560000,78.7501440000
GOOGL,QQQ,2025-08-27 15:02:00-04:00,2025-08-27 15:03:00-04:00,2025-08-27 15:59:00-04:00,SHORT,2.5706226060,207.2100000000,207.6426495321,573.5850000000,572.6341141921,208.1526444359,207.2050000000,207.1635590000,207.4200000000,207.4614840000,96,19887.7016640000,1.2500000000,3.2500000000,120.0000000000,312.0000000000,2.6000000000,208.4550000000,203.9550000000,FORCED_EOD,56,-20.6400000000,7.9608000000,0.6720000000,8.6328000000,-29.2728000000
GOOGL,QQQ,2025-08-28 13:44:00-04:00,2025-08-28 13:45:00-04:00,2025-08-28 15:59:00-04:00,LONG,-2.5683528197,211.7400000000,210.6202739768,577.0700000000,575.3213605585,211.4343423989,211.7400000000,211.7823480000,211.6400000000,211.5976720000,94,19907.5407120000,1.2500000000,3.2500000000,117.5000000000,305.5000000000,2.6000000000,210.4900000000,214.9900000000,FORCED_EOD,134,-9.4000000000,7.9595440000,0.6580000000,8.6175440000,-18.0175440000
GOOGL,QQQ,2025-08-29 13:59:00-04:00,2025-08-29 14:00:00-04:00,2025-08-29 14:12:00-04:00,SHORT,2.7316132636,212.5450000000,211.7544985489,569.9700000000,570.6950691291,211.3524025835,212.5500000000,212.5074900000,213.8000000000,213.8427600000,94,19975.7040600000,1.2500000000,3.2500000000,117.5000000000,305.5000000000,2.6000000000,213.8000000000,209.3000000000,STOP,12,-117.5000000000,8.0153800000,0.6580000000,8.6733800000,-126.1733800000
GOOGL,QQQ,2025-08-29 14:12:00-04:00,2025-08-29 14:13:00-04:00,2025-08-29 15:59:00-04:00,SHORT,3.0079229153,213.7800000000,211.8795451802,569.9000000000,570.6732194236,211.4504772351,213.8000000000,213.7572400000,213.0400000000,213.0826080000,93,19879.4233200000,1.2500000000,3.2500000000,116.2500000000,302.2500000000,2.6000000000,215.0500000000,210.5500000000,FORCED_EOD,106,70.6800000000,7.9392240000,0.6510000000,8.5902240000,62.0897760000
GOOGL,QQQ,2025-09-02 10:21:00-04:00,2025-09-02 10:22:00-04:00,2025-09-02 11:21:00-04:00,SHORT,2.7367605289,209.8600000000,208.8233449118,564.8501000000,563.0126513800,208.9596481249,209.8700000000,209.8280260000,206.6200000000,206.6613240000,95,19933.6624700000,1.2500000000,3.2500000000,118.7500000000,308.7500000000,2.6000000000,211.1200000000,206.6200000000,TAKE_PROFIT_BRACKET,59,308.7500000000,7.9133100000,0.6650000000,8.5783100000,300.1716900000
GOOGL,QQQ,2025-09-02 13:48:00-04:00,2025-09-02 13:49:00-04:00,2025-09-02 15:54:00-04:00,SHORT,2.6065568183,210.1200000000,208.1702525349,564.1600000000,562.4731988043,208.2951089126,210.1200000000,210.0779760000,211.3700000000,211.4122740000,95,19957.4077200000,1.2500000000,3.2500000000,118.7500000000,308.7500000000,2.6000000000,211.3700000000,206.8700000000,STOP,125,-118.7500000000,8.0083100000,0.6650000000,8.6733100000,-127.4233100000
GOOGL,QQQ,2025-09-02 15:55:00-04:00,2025-09-02 15:56:00-04:00,2025-09-02 15:59:00-04:00,SHORT,2.9067057670,211.5750000000,208.6639604552,565.8750000000,562.9106978227,208.8837264091,211.5750000000,211.5326850000,211.3200000000,211.3622640000,94,19884.0723900000,1.2500000000,3.2500000000,117.5000000000,305.5000000000,2.6000000000,212.8250000000,208.3250000000,FORCED_EOD,3,23.9700000000,7.9504260000,0.6580000000,8.6084260000,15.3615740000
GOOGL,QQQ,2025-09-03 13:14:00-04:00,2025-09-03 13:15:00-04:00,2025-09-03 15:56:00-04:00,SHORT,2.7419823271,230.7650000000,228.5013616528,569.8000000000,569.5621838212,228.5446410100,230.7800000000,230.7338440000,227.5300000000,227.5755060000,86,19843.1105840000,1.2500000000,3.2500000000,107.5000000000,279.5000000000,2.6000000000,232.0300000000,227.5300000000,TAKE_PROFIT_BRACKET,161,279.5000000000,7.8829320000,0.6020000000,8.4849320000,271.0150680000
GOOGL,QQQ,2025-09-03 15:56:00-04:00,2025-09-03 15:57:00-04:00,2025-09-03 15:59:00-04:00,SHORT,2.8775323711,230.3300000000,228.7693275437,569.5000000000,568.9932707650,228.8617459311,230.3400000000,230.2939320000,230.6300000000,230.6761260000,86,19805.2781520000,1.2500000000,3.2500000000,107.5000000000,279.5000000000,2.6000000000,231.5900000000,227.0900000000,FORCED_EOD,2,-24.9400000000,7.9286840000,0.6020000000,8.5306840000,-33.4706840000
GOOGL,QQQ,2025-09-04 10:25:00-04:00,2025-09-04 10:26:00-04:00,2025-09-04 14:01:00-04:00,LONG,-2.5085713555,226.7000000000,227.8382875704,571.0500000000,570.5377300576,228.4656124743,226.6700000000,226.7153340000,229.9200000000,229.8740160000,88,19950.9493920000,1.2500000000,3.2500000000,110.0000000000,286.0000000000,2.6000000000,225.4200000000,229.9200000000,TAKE_PROFIT_BRACKET,215,286.0000000000,8.0359840000,0.6160000000,8.6519840000,277.3480160000
GOOGL,QQQ,2025-09-04 14:07:00-04:00,2025-09-04 14:08:00-04:00,2025-09-04 15:32:00-04:00,SHORT,2.6972977280,230.2925000000,227.9722927010,573.3800000000,571.5409689336,230.2217361657,230.2949000000,230.2488410200,231.5449000000,231.5912089800,86,19801.4003277200,1.2500000000,3.2500000000,107.5000000000,279.5000000000,2.6000000000,231.5449000000,227.0449000000,STOP,84,-107.5000000000,7.9436445600,0.6020000000,8.5456445600,-116.0456445600
GOOGL,QQQ,2025-09-05 10:11:00-04:00,2025-09-05 10:12:00-04:00,2025-09-05 15:59:00-04:00,SHORT,2.5016833747,234.9399000000,234.3219167652,578.2000000000,579.7347563312,233.0178357435,234.9300000000,234.8830140000,235.0700000000,235.1170140000,85,19965.0561900000,1.2500000000,3.2500000000,106.2500000000,276.2500000000,2.6000000000,236.1800000000,231.6800000000,FORCED_EOD,347,-11.9000000000,7.9900000000,0.5950000000,8.5850000000,-20.4850000000
GOOGL,QQQ,2025-09-08 10:28:00-04:00,2025-09-08 10:29:00-04:00,2025-09-08 12:35:00-04:00,LONG,-2.5735902246,235.9350000000,236.7142509640,580.1600000000,579.5654817088,237.2759301379,235.9300000000,235.9771860000,234.6800000000,234.6330640000,84,19822.0836240000,1.2500000000,3.2500000000,105.0000000000,273.0000000000,2.6000000000,234.6800000000,239.1800000000,STOP,126,-105.0000000000,7.9062480000,0.5880000000,8.4942480000,-113.4942480000
GOOGL,QQQ,2025-09-08 14:47:00-04:00,2025-09-08 14:48:00-04:00,2025-09-08 15:59:00-04:00,LONG,-2.7262552484,234.2000000000,235.7370784567,578.9700000000,579.5388841954,235.2018115516,234.2050000000,234.2518410000,234.0800000000,234.0331840000,85,19911.4064850000,1.2500000000,3.2500000000,106.2500000000,276.2500000000,2.6000000000,232.9550000000,237.4550000000,FORCED_EOD,71,-10.6250000000,7.9608450000,0.5950000000,8.5558450000,-19.1808450000
GOOGL,QQQ,2025-09-09 10:34:00-04:00,2025-09-09 10:35:00-04:00,2025-09-09 11:00:00-04:00,SHORT,2.6403153799,235.7000000000,235.3621127141,577.7000000000,579.2879926246,233.5592027654,235.7000000000,235.6528600000,236.9500000000,236.9973900000,84,19794.8402400000,1.2500000000,3.2500000000,105.0000000000,273.0000000000,2.6000000000,236.9500000000,232.4500000000,STOP,25,-105.0000000000,7.9405200000,0.5880000000,8.5285200000,-113.5285200000
GOOGL,QQQ,2025-09-09 13:59:00-04:00,2025-09-09 14:00:00-04:00,2025-09-09 14:53:00-04:00,SHORT,2.8385267487,238.3954000000,236.2885312276,579.7500000000,578.9238990760,237.2307197279,238.4000000000,238.3523200000,239.6500000000,239.6979300000,83,19783.2425600000,1.2500000000,3.2500000000,103.7500000000,269.7500000000,2.6000000000,239.6500000000,235.1500000000,STOP,53,-103.7500000000,7.9356300000,0.5810000000,8.5166300000,-112.2666300000
GOOGL,QQQ,2025-09-09 15:50:00-04:00,2025-09-09 15:51:00-04:00,2025-09-09 15:59:00-04:00,LONG,-4.2862933855,239.4100000000,237.5341961281,580.3850000000,579.1404017150,238.9606410359,239.4100000000,239.4578820000,239.6400000000,239.5920720000,83,19875.0042060000,1.2500000000,3.2500000000,103.7500000000,269.7500000000,2.6000000000,238.1600000000,242.6600000000,FORCED_EOD,8,19.0900000000,7.9522300000,0.5810000000,8.5332300000,10.5567700000
GOOGL,QQQ,2025-09-10 11:20:00-04:00,2025-09-10 11:21:00-04:00,2025-09-10 13:00:00-04:00,SHORT,2.5992899513,240.3000000000,239.6610555256,582.0100000000,582.6047105750,238.7653583353,240.2800000000,240.2319440000,241.5300000000,241.5783060000,83,19939.2513520000,1.2500000000,3.2500000000,103.7500000000,269.7500000000,2.6000000000,241.5300000000,237.0300000000,STOP,99,-103.7500000000,7.9980460000,0.5810000000,8.5790460000,-112.3290460000
GOOGL,QQQ,2025-09-10 14:22:00-04:00,2025-09-10 14:23:00-04:00,2025-09-10 15:59:00-04:00,LONG,-2.9790627979,239.2101000000,240.0724495240,580.5800000000,582.2372674392,237.5705665238,239.1900000000,239.2378380000,239.1200000000,239.0721760000,83,19856.7405540000,1.2500000000,3.2500000000,103.7500000000,269.7500000000,2.6000000000,237.9400000000,242.4400000000,FORCED_EOD,96,-5.8100000000,7.9399460000,0.5810000000,8.5209460000,-14.3309460000
GOOGL,QQQ,2025-09-11 13:02:00-04:00,2025-09-11 13:03:00-04:00,2025-09-11 15:59:00-04:00,LONG,-2.5698014183,239.3050000000,238.5279423687,583.8200000000,583.5581942614,238.5493448560,239.3050000000,239.3528610000,240.3500000000,240.3019300000,83,19866.2874630000,1.2500000000,3.2500000000,103.7500000000,269.7500000000,2.6000000000,238.0550000000,242.5550000000,FORCED_EOD,176,86.7350000000,7.9622730000,0.5810000000,8.5432730000,78.1917270000
GOOGL,QQQ,2025-09-12 10:46:00-04:00,2025-09-12 10:47:00-04:00,2025-09-12 12:46:00-04:00,SHORT,2.6193572268,239.7800000000,239.3231269107,586.2500000000,585.1598848237,239.4122956249,239.7700000000,239.7220460000,241.0200000000,241.0682040000,83,19896.9298180000,1.2500000000,3.2500000000,103.7500000000,269.7500000000,2.6000000000,241.0200000000,236.5200000000,STOP,119,-103.7500000000,7.9811140000,0.5810000000,8.5621140000,-112.3121140000
GOOGL,QQQ,2025-09-12 12:57:00-04:00,2025-09-12 12:58:00-04:00,2025-09-12 15:59:00-04:00,SHORT,2.7226419950,241.3650000000,239.8116866569,586.9400000000,585.7985698518,239.9051414051,241.3650000000,241.3167270000,240.7500000000,240.7981500000,82,19787.9716140000,1.2500000000,3.2500000000,102.5000000000,266.5000000000,2.6000000000,242.6150000000,238.1150000000,FORCED_EOD,181,50.4300000000,7.9066860000,0.5740000000,8.4806860000,41.9493140000
GOOGL,QQQ,2025-09-15 14:05:00-04:00,2025-09-15 14:06:00-04:00,2025-09-15 15:32:00-04:00,SHORT,2.5223909895,249.6900000000,249.3113477017,591.0950000000,590.2215446415,249.3851377334,249.7000000000,249.6500600000,250.9500000000,251.0001900000,80,19972.0048000000,1.2500000000,3.2500000000,100.0000000000,260.0000000000,2.6000000000,250.9500000000,246.4500000000,STOP,86,-100.0000000000,8.0104000000,0.5600000000,8.5704000000,-108.5704000000
GOOGL,QQQ,2025-09-15 15:32:00-04:00,2025-09-15 15:33:00-04:00,2025-09-15 15:59:00-04:00,SHORT,2.8045761291,250.9900000000,249.3649403581,590.7300000000,590.3048225373,249.4008622576,250.9850000000,250.9348030000,251.6200000000,251.6703240000,79,19823.8494370000,1.2500000000,3.2500000000,98.7500000000,256.7500000000,2.6000000000,252.2350000000,247.7350000000,FORCED_EOD,26,-50.1650000000,7.9411590000,0.5530000000,8.4941590000,-58.6591590000
GOOGL,QQQ,2025-09-16 10:30:00-04:00,2025-09-16 10:31:00-04:00,2025-09-16 15:59:00-04:00,SHORT,2.6592732639,251.4600000000,251.0327412087,591.4700000000,591.7584306273,250.5433149343,251.4600000000,251.4097080000,251.2000000000,251.2502400000,79,19861.3669320000,1.2500000000,3.2500000000,98.7500000000,256.7500000000,2.6000000000,252.7100000000,248.2100000000,FORCED_EOD,328,20.5400000000,7.9420280000,0.5530000000,8.4950280000,12.0449720000
GOOGL,QQQ,2025-09-17 14:00:00-04:00,2025-09-17 14:01:00-04:00,2025-09-17 14:14:00-04:00,LONG,-2.6837755772,248.0800000000,249.0885701942,589.8300000000,589.1955209587,250.1615008027,248.1000000000,248.1496200000,246.8500000000,246.8006300000,80,19851.9696000000,1.2500000000,3.2500000000,100.0000000000,260.0000000000,2.6000000000,246.8500000000,251.3500000000,STOP,13,-100.0000000000,7.9192000000,0.5600000000,8.4792000000,-108.4792000000
GOOGL,QQQ,2025-09-17 14:14:00-04:00,2025-09-17 14:15:00-04:00,2025-09-17 14:23:00-04:00,SHORT,2.8281874475,246.6300000000,249.0259342018,586.2500000000,589.1800014476,244.0722945948,246.6250000000,246.5756750000,247.8750000000,247.9245750000,81,19972.6296750000,1.2500000000,3.2500000000,101.2500000000,263.2500000000,2.6000000000,247.8750000000,243.3750000000,STOP,8,-101.2500000000,8.0109000000,0.5670000000,8.5779000000,-109.8279000000
GOOGL,QQQ,2025-09-17 14:39:00-04:00,2025-09-17 14:40:00-04:00,2025-09-17 15:00:00-04:00,SHORT,2.5373385681,247.9500000000,248.8908541778,586.3500000000,588.8225870813,244.7102787434,247.9400000000,247.8904120000,249.1900000000,249.2398380000,80,19831.2329600000,1.2500000000,3.2500000000,100.0000000000,260.0000000000,2.6000000000,249.1900000000,244.6900000000,STOP,20,-100.0000000000,7.9540800000,0.5600000000,8.5140800000,-108.5140800000
GOOGL,QQQ,2025-09-18 13:17:00-04:00,2025-09-18 13:18:00-04:00,2025-09-18 15:57:00-04:00,SHORT,2.7814964731,250.9700000000,251.6064884303,597.3800000000,596.3124171404,253.2626494771,250.9635000000,250.9133073000,252.2135000000,252.2639427000,79,19822.1512767000,1.2500000000,3.2500000000,98.7500000000,256.7500000000,2.6000000000,252.2135000000,247.7135000000,STOP,159,-98.7500000000,7.9501966000,0.5530000000,8.5031966000,-107.2531966000
GOOGL,QQQ,2025-09-19 11:29:00-04:00,2025-09-19 11:30:00-04:00,2025-09-19 13:23:00-04:00,SHORT,2.5665596178,252.8300000000,253.1739918468,596.2900000000,597.1372816515,252.1324794380,252.8400000000,252.7894320000,254.0900000000,254.1408180000,79,19970.3651280000,1.2500000000,3.2500000000,98.7500000000,256.7500000000,2.6000000000,254.0900000000,249.5900000000,STOP,113,-98.7500000000,8.0094940000,0.5530000000,8.5624940000,-107.3124940000
GOOGL,QQQ,2025-09-19 13:24:00-04:00,2025-09-19 13:25:00-04:00,2025-09-19 15:27:00-04:00,SHORT,2.6253321453,254.1550000000,253.1861614138,598.1500000000,597.3640648820,254.1519438660,254.1600000000,254.1091680000,255.4100000000,255.4610820000,78,19820.5151040000,1.2500000000,3.2500000000,97.5000000000,253.5000000000,2.6000000000,255.4100000000,250.9100000000,STOP,122,-97.5000000000,7.9492920000,0.5460000000,8.4952920000,-105.9952920000
GOOGL,QQQ,2025-09-19 15:44:00-04:00,2025-09-19 15:45:00-04:00,2025-09-19 15:59:00-04:00,SHORT,2.9658571709,255.9700000000,253.7442118877,598.7400000000,597.6412838065,255.0966980312,255.9750000000,255.9238050000,254.6400000000,254.6909280000,78,19962.0567900000,1.2500000000,3.2500000000,97.5000000000,253.5000000000,2.6000000000,257.2250000000,252.7250000000,FORCED_EOD,14,104.1300000000,7.9655940000,0.5460000000,8.5115940000,95.6184060000
GOOGL,QQQ,2025-09-22 11:09:00-04:00,2025-09-22 11:10:00-04:00,2025-09-22 11:34:00-04:00,LONG,-2.8121294638,254.0700000000,254.2027521349,600.3500000000,599.2554887255,255.4690798991,254.0600000000,254.1108120000,252.8100000000,252.7594380000,78,19820.6433360000,1.2500000000,3.2500000000,97.5000000000,253.5000000000,2.6000000000,252.8100000000,257.3100000000,STOP,24,-97.5000000000,7.9071720000,0.5460000000,8.4531720000,-105.9531720000
GOOGL,QQQ,2025-09-22 11:34:00-04:00,2025-09-22 11:35:00-04:00,2025-09-22 15:59:00-04:00,LONG,-4.4917442167,251.3700000000,253.8727947296,599.8850000000,599.4187492926,254.4113905838,251.2500000000,251.3002500000,252.5400000000,252.4894920000,79,19852.7197500000,1.2500000000,3.2500000000,98.7500000000,256.7500000000,2.6000000000,250.0000000000,254.5000000000,FORCED_EOD,264,101.9100000000,7.9598820000,0.5530000000,8.5128820000,93.3971180000
GOOGL,QQQ,2025-09-23 13:07:00-04:00,2025-09-23 13:08:00-04:00,2025-09-23 15:59:00-04:00,SHORT,2.6822808066,253.4300000000,252.4688944965,600.3700000000,601.1283659359,252.0453765724,253.4300000000,253.3793140000,251.6800000000,251.7303360000,78,19763.5864920000,1.2500000000,3.2500000000,97.5000000000,253.5000000000,2.6000000000,254.6800000000,250.1800000000,FORCED_EOD,171,136.5000000000,7.8797160000,0.5460000000,8.4257160000,128.0742840000
GOOGL,QQQ,2025-09-24 10:31:00-04:00,2025-09-24 10:32:00-04:00,2025-09-24 13:51:00-04:00,SHORT,2.5529407618,249.8099000000,249.5738713280,598.0500000000,598.1891479257,249.5219119675,249.8100000000,249.7600380000,246.5600000000,246.6093120000,80,19980.8030400000,1.2500000000,3.2500000000,100.0000000000,260.0000000000,2.6000000000,251.0600000000,246.5600000000,TAKE_PROFIT_BRACKET,199,260.0000000000,7.9419200000,0.5600000000,8.5019200000,251.4980800000
GOOGL,QQQ,2025-09-24 13:51:00-04:00,2025-09-24 13:52:00-04:00,2025-09-24 15:59:00-04:00,LONG,-2.6683579533,247.6300000000,249.0879364831,595.3201000000,596.3960673688,248.6857351558,247.6500000000,247.6995300000,247.0860000000,247.0365828000,80,19815.9624000000,1.2500000000,3.2500000000,100.0000000000,260.0000000000,2.6000000000,246.4000000000,250.9000000000,FORCED_EOD,127,-45.1200000000,7.9157760000,0.5600000000,8.4757760000,-53.5957760000
GOOGL,QQQ,2025-09-25 12:17:00-04:00,2025-09-25 12:18:00-04:00,2025-09-25 13:39:00-04:00,LONG,-2.6845282890,245.7050000000,243.7630730466,594.4800000000,592.0790551340,244.9690533864,245.7050000000,245.7541410000,244.4550000000,244.4061090000,81,19906.0854210000,1.2500000000,3.2500000000,101.2500000000,263.2500000000,2.6000000000,244.4550000000,248.9550000000,STOP,81,-101.2500000000,7.9405920000,0.5670000000,8.5075920000,-109.7575920000
GOOGL,QQQ,2025-09-25 15:23:00-04:00,2025-09-25 15:24:00-04:00,2025-09-25 15:59:00-04:00,LONG,-2.5077531589,245.4600000000,244.1459786129,592.8600000000,592.2562750708,244.4496115189,245.4600000000,245.5090920000,245.7900000000,245.7408420000,81,19886.2364520000,1.2500000000,3.2500000000,101.2500000000,263.2500000000,2.6000000000,244.2100000000,248.7100000000,FORCED_EOD,35,26.7300000000,7.9582500000,0.5670000000,8.5252500000,18.2047500000
GOOGL,QQQ,2025-09-26 11:44:00-04:00,2025-09-26 11:45:00-04:00,2025-09-26 15:59:00-04:00,LONG,-2.6634349750,246.3250000000,247.2309705212,593.1800000000,593.4880989223,247.1190761963,246.3300000000,246.3792660000,246.5400000000,246.4906920000,81,19956.7205460000,1.2500000000,3.2500000000,101.2500000000,263.2500000000,2.6000000000,245.0800000000,249.5800000000,FORCED_EOD,254,17.0100000000,7.9844940000,0.5670000000,8.5514940000,8.4585060000
GOOGL,QQQ,2025-09-29 12:43:00-04:00,2025-09-29 12:44:00-04:00,2025-09-29 13:02:00-04:00,LONG,-2.9806974944,247.8790000000,248.8827907415,599.1300000000,600.2813587313,248.6770932723,247.8800000000,247.9295760000,246.6300000000,246.5806740000,80,19834.3660800000,1.2500000000,3.2500000000,100.0000000000,260.0000000000,2.6000000000,246.6300000000,251.1300000000,STOP,18,-100.0000000000,7.9121600000,0.5600000000,8.4721600000,-108.4721600000
GOOGL,QQQ,2025-09-29 13:02:00-04:00,2025-09-29 13:03:00-04:00,2025-09-29 13:03:00-04:00,LONG,-3.0170453846,247.1600000000,248.7763967729,598.2600000000,600.1965970338,248.4305106124,247.1500000000,247.1994300000,245.9000000000,245.8508200000,80,19775.9544000000,1.2500000000,3.2500000000,100.0000000000,260.0000000000,2.6000000000,245.9000000000,250.4000000000,STOP,0,-100.0000000000,7.8888000000,0.5600000000,8.4488000000,-108.4488000000
GOOGL,QQQ,2025-09-29 13:03:00-04:00,2025-09-29 13:04:00-04:00,2025-09-29 13:34:00-04:00,LONG,-5.6385836587,245.8300000000,248.7032964346,598.0300000000,600.1800168615,248.3193946290,245.9300000000,245.9791860000,244.6800000000,244.6310640000,81,19924.3140660000,1.2500000000,3.2500000000,101.2500000000,263.2500000000,2.6000000000,244.6800000000,249.1800000000,STOP,30,-101.2500000000,7.9478820000,0.5670000000,8.5148820000,-109.7648820000
GOOGL,QQQ,2025-09-29 15:01:00-04:00,2025-09-29 15:02:00-04:00,2025-09-29 15:09:00-04:00,LONG,-3.5611938377,244.5850000000,247.5306980433,598.6800000000,599.8942374456,247.3148061788,244.5900000000,244.6389180000,243.3400000000,243.2913320000,81,19815.7523580000,1.2500000000,3.2500000000,101.2500000000,263.2500000000,2.6000000000,243.3400000000,247.8400000000,STOP,7,-101.2500000000,7.9044660000,0.5670000000,8.4714660000,-109.7214660000
GOOGL,QQQ,2025-09-29 15:09:00-04:00,2025-09-29 15:10:00-04:00,2025-09-29 15:59:00-04:00,LONG,-3.0897126458,243.6300000000,247.3992053189,598.2300000000,599.8642685614,247.1087716162,243.6800000000,243.7287360000,244.0400000000,243.9911920000,82,19985.7563520000,1.2500000000,3.2500000000,102.5000000000,266.5000000000,2.6000000000,242.4300000000,246.9300000000,FORCED_EOD,49,29.5200000000,7.9986080000,0.5740000000,8.5726080000,20.9473920000
GOOGL,QQQ,2025-09-30 10:40:00-04:00,2025-09-30 10:41:00-04:00,2025-09-30 15:18:00-04:00,SHORT,2.5991845728,241.0100000000,240.6891087451,597.1300000000,597.3695377223,240.6563961957,241.0000000000,240.9518000000,242.2500000000,242.2984500000,83,19998.9994000000,1.2500000000,3.2500000000,103.7500000000,269.7500000000,2.6000000000,242.2500000000,237.7500000000,STOP,277,-103.7500000000,8.0219500000,0.5810000000,8.6029500000,-112.3529500000
GOOGL,QQQ,2025-09-30 15:18:00-04:00,2025-09-30 15:19:00-04:00,2025-09-30 15:59:00-04:00,SHORT,2.7512843516,242.2500000000,240.9342722293,598.7000000000,597.7696136480,241.0613750496,242.2600000000,242.2115480000,243.0900000000,243.1386180000,82,19861.3469360000,1.2500000000,3.2500000000,102.5000000000,266.5000000000,2.6000000000,243.5100000000,239.0100000000,FORCED_EOD,40,-68.0600000000,7.9597400000,0.5740000000,8.5337400000,-76.5937400000
GOOGL,QQQ,2025-10-01 11:32:00-04:00,2025-10-01 11:33:00-04:00,2025-10-01 11:52:00-04:00,SHORT,2.7254583027,241.2950000000,240.4367824346,600.6900000000,598.9809187592,241.0786919987,241.2950000000,241.2467410000,242.5450000000,242.5935090000,82,19782.2327620000,1.2500000000,3.2500000000,102.5000000000,266.5000000000,2.6000000000,242.5450000000,238.0450000000,STOP,19,-102.5000000000,7.9349760000,0.5740000000,8.5089760000,-111.0089760000
GOOGL,QQQ,2025-10-01 13:36:00-04:00,2025-10-01 13:37:00-04:00,2025-10-01 15:59:00-04:00,LONG,-2.6740119270,243.6800000000,241.2448180948,602.4021000000,599.8820248471,242.1930812066,243.6950000000,243.7437390000,244.8500000000,244.8010300000,82,19986.9865980000,1.2500000000,3.2500000000,102.5000000000,266.5000000000,2.6000000000,242.4450000000,246.9450000000,FORCED_EOD,142,94.7100000000,8.0121380000,0.5740000000,8.5861380000,86.1238620000
GOOGL,QQQ,2025-10-02 10:41:00-04:00,2025-10-02 10:42:00-04:00,2025-10-02 10:46:00-04:00,LONG,-2.9112545670,244.2250000000,245.3259140950,604.7900000000,604.9340027884,245.2896742186,244.2300000000,244.2788460000,242.9800000000,242.9314040000,81,19786.5865260000,1.2500000000,3.2500000000,101.2500000000,263.2500000000,2.6000000000,242.9800000000,247.4800000000,STOP,4,-101.2500000000,7.8928020000,0.5670000000,8.4598020000,-109.7098020000
GOOGL,QQQ,2025-10-02 10:46:00-04:00,2025-10-02 10:47:00-04:00,2025-10-02 15:59:00-04:00,LONG,-3.4493139021,242.3941000000,245.1172336337,603.7700000000,604.9047731665,244.8318846900,242.4100000000,242.4584820000,245.6600000000,245.6108680000,82,19881.5955240000,1.2500000000,3.2500000000,102.5000000000,266.5000000000,2.6000000000,241.1600000000,245.6600000000,TAKE_PROFIT_BRACKET,312,266.5000000000,8.0043480000,0.5740000000,8.5783480000,257.9216520000
GOOGL,QQQ,2025-10-03 11:03:00-04:00,2025-10-03 11:04:00-04:00,2025-10-03 11:57:00-04:00,SHORT,2.5067612902,243.8650000000,242.7982354676,605.8000000000,605.9892527827,242.6145663290,243.8689000000,243.8201262200,245.1189000000,245.1679237800,82,19993.2503500400,1.2500000000,3.2500000000,102.5000000000,266.5000000000,2.6000000000,245.1189000000,240.6189000000,STOP,53,-102.5000000000,8.0193999200,0.5740000000,8.5933999200,-111.0933999200
GOOGL,QQQ,2025-10-03 12:40:00-04:00,2025-10-03 12:41:00-04:00,2025-10-03 15:59:00-04:00,SHORT,2.6737117951,246.0513000000,243.4090288882,606.1950000000,606.1894661290,243.4144112222,246.0600000000,246.0107880000,245.4500000000,245.4990900000,81,19926.8738280000,1.2500000000,3.2500000000,101.2500000000,263.2500000000,2.6000000000,247.3100000000,242.8100000000,FORCED_EOD,198,49.4100000000,7.9624620000,0.5670000000,8.5294620000,40.8805380000
GOOGL,QQQ,2025-10-06 11:32:00-04:00,2025-10-06 11:33:00-04:00,2025-10-06 11:50:00-04:00,SHORT,3.1346222064,246.6300000000,245.9681279160,607.3600000000,607.0942107741,245.9896651592,246.6400000000,246.5906720000,247.8900000000,247.9395780000,81,19973.8444320000,1.2500000000,3.2500000000,101.2500000000,263.2500000000,2.6000000000,247.8900000000,243.3900000000,STOP,17,-101.2500000000,8.0113860000,0.5670000000,8.5783860000,-109.8283860000
GOOGL,QQQ,2025-10-06 11:51:00-04:00,2025-10-06 11:52:00-04:00,2025-10-06 13:07:00-04:00,SHORT,2.6482005086,248.0900000000,246.0870974938,608.3550000000,607.1571445543,246.1841981448,248.0800000000,248.0303840000,249.3300000000,249.3798660000,80,19842.4307200000,1.2500000000,3.2500000000,100.0000000000,260.0000000000,2.6000000000,249.3300000000,244.8300000000,STOP,75,-100.0000000000,7.9585600000,0.5600000000,8.5185600000,-108.5185600000
GOOGL,QQQ,2025-10-06 13:32:00-04:00,2025-10-06 13:33:00-04:00,2025-10-06 13:35:00-04:00,LONG,-3.6827374471,248.0100000000,246.8219786036,608.5700000000,607.4485503802,246.9131133718,248.0100000000,248.0596020000,246.7600000000,246.7106480000,80,19844.7681600000,1.2500000000,3.2500000000,100.0000000000,260.0000000000,2.6000000000,246.7600000000,251.2600000000,STOP,2,-100.0000000000,7.9163200000,0.5600000000,8.4763200000,-108.4763200000
GOOGL,QQQ,2025-10-06 13:35:00-04:00,2025-10-06 13:36:00-04:00,2025-10-06 14:15:00-04:00,LONG,-4.9329189096,246.6600000000,246.8314547232,608.3900000000,607.4581663613,246.9071820293,246.4850000000,246.5342970000,249.7350000000,249.6850530000,81,19969.2780570000,1.2500000000,3.2500000000,101.2500000000,263.2500000000,2.6000000000,245.2350000000,249.7350000000,TAKE_PROFIT_BRACKET,39,263.2500000000,8.0387640000,0.5670000000,8.6057640000,254.6442360000
GOOGL,QQQ,2025-10-07 11:05:00-04:00,2025-10-07 11:06:00-04:00,2025-10-07 15:59:00-04:00,SHORT,2.8477543797,247.2000000000,248.2763843982,606.1499000000,608.6323183819,246.7209703417,247.1500000000,247.1005700000,245.8200000000,245.8691640000,80,19768.0456000000,1.2500000000,3.2500000000,100.0000000000,260.0000000000,2.6000000000,248.4000000000,243.9000000000,FORCED_EOD,293,106.4000000000,7.8875200000,0.5600000000,8.4475200000,97.9524800000
GOOGL,QQQ,2025-10-08 12:42:00-04:00,2025-10-08 12:43:00-04:00,2025-10-08 15:59:00-04:00,LONG,-3.4324811636,244.3896000000,245.0232743842,609.3950000000,608.1430666318,246.1138048714,244.3800000000,244.4288760000,244.5900000000,244.5410820000,81,19798.7389560000,1.2500000000,3.2500000000,101.2500000000,263.2500000000,2.6000000000,243.1300000000,247.6300000000,FORCED_EOD,196,17.0100000000,7.9213140000,0.5670000000,8.4883140000,8.5216860000
GOOGL,QQQ,2025-10-09 11:43:00-04:00,2025-10-09 11:44:00-04:00,2025-10-09 11:55:00-04:00,SHORT,2.6223579057,240.2220000000,241.4315513272,608.7400000000,609.8739905859,240.9869067454,240.1900000000,240.1419620000,241.4400000000,241.4882880000,83,19931.7828460000,1.2500000000,3.2500000000,103.7500000000,269.7500000000,2.6000000000,241.4400000000,236.9400000000,STOP,11,-103.7500000000,7.9950580000,0.5810000000,8.5760580000,-112.3260580000
GOOGL,QQQ,2025-10-09 13:54:00-04:00,2025-10-09 13:55:00-04:00,2025-10-09 15:59:00-04:00,LONG,-3.0514345535,240.5700000000,241.3247168129,608.5400000000,609.5114985441,240.9437284601,240.5674000000,240.6155134800,241.5300000000,241.4816940000,83,19971.0876188400,1.2500000000,3.2500000000,103.7500000000,269.7500000000,2.6000000000,239.3174000000,243.8174000000,FORCED_EOD,124,79.8958000000,8.0028168400,0.5810000000,8.5838168400,71.3119831600
GOOGL,QQQ,2025-10-10 10:03:00-04:00,2025-10-10 10:04:00-04:00,2025-10-10 11:00:00-04:00,LONG,-2.5324056354,242.5000000000,242.9685054960,611.8600000000,612.2559513803,242.7994991118,242.4850000000,242.5334970000,241.2350000000,241.1867530000,82,19887.7467540000,1.2500000000,3.2500000000,102.5000000000,266.5000000000,2.6000000000,241.2350000000,245.7350000000,STOP,56,-102.5000000000,7.9330080000,0.5740000000,8.5070080000,-111.0070080000
GOOGL,QQQ,2025-10-10 11:02:00-04:00,2025-10-10 11:03:00-04:00,2025-10-10 11:30:00-04:00,SHORT,3.0431461518,240.7500000000,242.6967047630,604.3400000000,610.6912694492,239.9818475792,240.7000000000,240.6518600000,237.4500000000,237.4974900000,83,19974.1043800000,1.2500000000,3.2500000000,103.7500000000,269.7500000000,2.6000000000,241.9500000000,237.4500000000,TAKE_PROFIT_BRACKET,27,269.7500000000,7.9372900000,0.5810000000,8.5182900000,261.2317100000
GOOGL,QQQ,2025-10-10 13:01:00-04:00,2025-10-10 13:02:00-04:00,2025-10-10 13:28:00-04:00,SHORT,2.5630745161,237.3741000000,240.4101093702,595.3100000000,603.2009467653,237.0274045128,237.3500000000,237.3025300000,238.6000000000,238.6477200000,84,19933.4125200000,1.2500000000,3.2500000000,105.0000000000,273.0000000000,2.6000000000,238.6000000000,234.1000000000,STOP,26,-105.0000000000,7.9959600000,0.5880000000,8.5839600000,-113.5839600000
GOOGL,QQQ,2025-10-10 15:52:00-04:00,2025-10-10 15:53:00-04:00,2025-10-10 15:59:00-04:00,LONG,-2.5626626546,236.6700000000,239.5482484145,591.6600000000,600.2006036508,235.8819364040,236.6700000000,236.7173340000,236.5900000000,236.5426820000,84,19884.2560560000,1.2500000000,3.2500000000,105.0000000000,273.0000000000,2.6000000000,235.4200000000,239.9200000000,FORCED_EOD,6,-6.7200000000,7.9507680000,0.5880000000,8.5387680000,-15.2587680000
GOOGL,QQQ,2025-10-13 13:15:00-04:00,2025-10-13 13:16:00-04:00,2025-10-13 15:59:00-04:00,LONG,-2.9178715583,241.9300000000,241.5840378435,601.8900000000,600.2136796679,241.9696254082,241.9600000000,242.0083920000,244.1300000000,244.0811740000,82,19844.6881440000,1.2500000000,3.2500000000,102.5000000000,266.5000000000,2.6000000000,240.7100000000,245.2100000000,FORCED_EOD,163,177.9400000000,7.9718760000,0.5740000000,8.5458760000,169.3941240000
GOOGL,QQQ,2025-10-14 10:32:00-04:00,2025-10-14 10:33:00-04:00,2025-10-14 11:36:00-04:00,SHORT,2.5829570158,244.6400000000,242.3152061755,596.6700000000,593.6230062713,243.2800177700,244.6600000000,244.6110680000,245.9100000000,245.9591820000,81,19813.4965080000,1.2500000000,3.2500000000,101.2500000000,263.2500000000,2.6000000000,245.9100000000,241.4100000000,STOP,63,-101.2500000000,7.9472340000,0.5670000000,8.5142340000,-109.7642340000
GOOGL,QQQ,2025-10-14 11:43:00-04:00,2025-10-14 11:44:00-04:00,2025-10-14 15:59:00-04:00,SHORT,2.5523091740,246.2600000000,243.5077123141,598.2801000000,594.9982243109,244.5495982767,246.2500000000,246.2007500000,245.4300000000,245.4790860000,81,19942.2607500000,1.2500000000,3.2500000000,101.2500000000,263.2500000000,2.6000000000,247.5000000000,243.0000000000,FORCED_EOD,255,66.4200000000,7.9652160000,0.5670000000,8.5322160000,57.8877840000
GOOGL,QQQ,2025-10-15 10:02:00-04:00,2025-10-15 10:03:00-04:00,2025-10-15 10:16:00-04:00,SHORT,2.8276449365,248.7350000000,247.4534843852,604.8000000000,603.2977983242,247.8969548083,248.7500000000,248.7002500000,250.0000000000,250.0500000000,80,19896.0200000000,1.2500000000,3.2500000000,100.0000000000,260.0000000000,2.6000000000,250.0000000000,245.5000000000,STOP,13,-100.0000000000,7.9800000000,0.5600000000,8.5400000000,-108.5400000000
GOOGL,QQQ,2025-10-15 11:03:00-04:00,2025-10-15 11:04:00-04:00,2025-10-15 11:50:00-04:00,LONG,-2.6273211861,249.7700000000,249.4796800751,606.0550000000,604.7656687438,249.8624934873,249.7900000000,249.8399580000,248.5400000000,248.4902920000,80,19987.1966400000,1.2500000000,3.2500000000,100.0000000000,260.0000000000,2.6000000000,248.5400000000,253.0400000000,STOP,46,-100.0000000000,7.9732800000,0.5600000000,8.5332800000,-108.5332800000
GOOGL,QQQ,2025-10-15 13:37:00-04:00,2025-10-15 13:38:00-04:00,2025-10-15 14:22:00-04:00,SHORT,2.5768629367,248.4500000000,249.2999703374,599.6100000000,602.7890072501,248.3536830483,248.4500000000,248.4003100000,249.7000000000,249.7499400000,80,19872.0248000000,1.2500000000,3.2500000000,100.0000000000,260.0000000000,2.6000000000,249.7000000000,245.2000000000,STOP,44,-100.0000000000,7.9704000000,0.5600000000,8.5304000000,-108.5304000000
GOOGL,QQQ,2025-10-16 10:00:00-04:00,2025-10-16 10:01:00-04:00,2025-10-16 12:01:00-04:00,LONG,-2.6294686804,253.8300000000,254.9862574513,605.5100000000,605.7750260224,254.8815658454,253.8500000000,253.9007700000,252.6000000000,252.5494800000,78,19804.2600600000,1.2500000000,3.2500000000,97.5000000000,253.5000000000,2.6000000000,252.6000000000,257.1000000000,STOP,120,-97.5000000000,7.9006200000,0.5460000000,8.4466200000,-105.9466200000
GOOGL,QQQ,2025-10-16 12:01:00-04:00,2025-10-16 12:02:00-04:00,2025-10-16 12:30:00-04:00,LONG,-2.7611281279,252.7600000000,254.8329005877,602.9431000000,605.6903177740,253.7481849846,252.7500000000,252.8005500000,251.5000000000,251.4497000000,79,19971.2434500000,1.2500000000,3.2500000000,98.7500000000,256.7500000000,2.6000000000,251.5000000000,256.0000000000,STOP,28,-98.7500000000,7.9671500000,0.5530000000,8.5201500000,-107.2701500000
GOOGL,QQQ,2025-10-16 13:41:00-04:00,2025-10-16 13:42:00-04:00,2025-10-16 14:12:00-04:00,LONG,-2.6939460425,251.8250000000,254.1747764419,600.9100000000,603.8176143190,253.0261431366,251.9000000000,251.9503800000,250.6500000000,250.5998700000,79,19904.0800200000,1.2500000000,3.2500000000,98.7500000000,256.7500000000,2.6000000000,250.6500000000,255.1500000000,STOP,30,-98.7500000000,7.9402900000,0.5530000000,8.4932900000,-107.2432900000
GOOGL,QQQ,2025-10-16 14:28:00-04:00,2025-10-16 14:29:00-04:00,2025-10-16 14:47:00-04:00,SHORT,2.6460016127,250.9100000000,253.8563303477,596.4600000000,602.9935997125,251.2749871319,250.9300000000,250.8798140000,252.1800000000,252.2304360000,79,19819.5053060000,1.2500000000,3.2500000000,98.7500000000,256.7500000000,2.6000000000,252.1800000000,247.6800000000,STOP,18,-98.7500000000,7.9491380000,0.5530000000,8.5021380000,-107.2521380000
GOOGL,QQQ,2025-10-16 15:54:00-04:00,2025-10-16 15:55:00-04:00,2025-10-16 15:59:00-04:00,LONG,-2.6579184358,251.9600000000,253.4179568037,600.0000000000,601.9484802524,252.6481318140,251.9600000000,252.0103920000,251.3900000000,251.3397220000,79,19908.8209680000,1.2500000000,3.2500000000,98.7500000000,256.7500000000,2.6000000000,250.7100000000,255.2100000000,FORCED_EOD,4,-45.0300000000,7.9529300000,0.5530000000,8.5059300000,-53.5359300000
GOOGL,QQQ,2025-10-17 10:58:00-04:00,2025-10-17 10:59:00-04:00,2025-10-17 12:03:00-04:00,SHORT,3.3865161926,251.1300000000,250.3525281524,598.6000000000,599.8832706680,249.8365370944,251.1500000000,251.0997700000,252.4000000000,252.4504800000,79,19836.8818300000,1.2500000000,3.2500000000,98.7500000000,256.7500000000,2.6000000000,252.4000000000,247.9000000000,STOP,64,-98.7500000000,7.9560900000,0.5530000000,8.5090900000,-107.2590900000
GOOGL,QQQ,2025-10-17 12:04:00-04:00,2025-10-17 12:05:00-04:00,2025-10-17 14:15:00-04:00,SHORT,2.6314270265,252.5700000000,250.4979027015,601.9767000000,599.4444665233,251.5174269547,252.5900000000,252.5394820000,253.8400000000,253.8907680000,79,19950.6190780000,1.2500000000,3.2500000000,98.7500000000,256.7500000000,2.6000000000,253.8400000000,249.3400000000,STOP,130,-98.7500000000,8.0015940000,0.5530000000,8.5545940000,-107.3045940000
GOOGL,QQQ,2025-10-17 14:32:00-04:00,2025-10-17 14:33:00-04:00,2025-10-17 15:59:00-04:00,LONG,-2.7770683504,253.3500000000,251.3008167811,604.6100000000,600.4543885258,252.9764829083,253.2700000000,253.3206540000,253.3200000000,253.2693360000,78,19759.0110120000,1.2500000000,3.2500000000,97.5000000000,253.5000000000,2.6000000000,252.0200000000,256.5200000000,FORCED_EOD,86,3.9000000000,7.9028040000,0.5460000000,8.4488040000,-4.5488040000
GOOGL,QQQ,2025-10-20 11:10:00-04:00,2025-10-20 11:11:00-04:00,2025-10-20 15:59:00-04:00,LONG,-2.5202049412,255.7000000000,255.6114082508,611.9200000000,610.1634712382,256.3906789420,255.7000000000,255.7511400000,256.5800000000,256.5286840000,78,19948.5889200000,1.2500000000,3.2500000000,97.5000000000,253.5000000000,2.6000000000,254.4500000000,258.9500000000,FORCED_EOD,288,68.6400000000,7.9915680000,0.5460000000,8.5375680000,60.1024320000
GOOGL,QQQ,2025-10-21 11:00:00-04:00,2025-10-21 11:01:00-04:00,2025-10-21 11:03:00-04:00,LONG,-4.0383150034,251.1100000000,252.7529915125,611.2941000000,610.5240460089,252.9670003407,251.0600000000,251.1102120000,249.8100000000,249.7600380000,79,19837.7067480000,1.2500000000,3.2500000000,98.7500000000,256.7500000000,2.6000000000,249.8100000000,254.3100000000,STOP,2,-98.7500000000,7.9137460000,0.5530000000,8.4667460000,-107.2167460000
GOOGL,QQQ,2025-10-21 11:03:00-04:00,2025-10-21 11:04:00-04:00,2025-10-21 11:04:00-04:00,LONG,-4.2580441646,249.7800000000,252.4608139393,611.2300000000,610.5543894528,252.6483492374,249.7200000000,249.7699440000,248.4700000000,248.4203060000,80,19981.5955200000,1.2500000000,3.2500000000,100.0000000000,260.0000000000,2.6000000000,248.4700000000,252.9700000000,STOP,0,-100.0000000000,7.9710400000,0.5600000000,8.5310400000,-108.5310400000
GOOGL,QQQ,2025-10-21 11:04:00-04:00,2025-10-21 11:05:00-04:00,2025-10-21 11:05:00-04:00,LONG,-5.4499587876,247.7600000000,252.2438016773,611.0600000000,610.5575378575,252.3831540071,247.7250000000,247.7745450000,246.4750000000,246.4257050000,80,19821.9636000000,1.2500000000,3.2500000000,100.0000000000,260.0000000000,2.6000000000,246.4750000000,250.9750000000,STOP,0,-100.0000000000,7.9072000000,0.5600000000,8.4672000000,-108.4672000000
GOOGL,QQQ,2025-10-21 11:05:00-04:00,2025-10-21 11:06:00-04:00,2025-10-21 11:08:00-04:00,LONG,-4.5087736569,247.2300000000,251.8320536411,611.2000000000,610.5622493634,252.0086366616,247.2800000000,247.3294560000,246.0300000000,245.9807940000,80,19786.3564800000,1.2500000000,3.2500000000,100.0000000000,260.0000000000,2.6000000000,246.0300000000,250.5300000000,STOP,2,-100.0000000000,7.8929600000,0.5600000000,8.4529600000,-108.4529600000
GOOGL,QQQ,2025-10-21 11:08:00-04:00,2025-10-21 11:09:00-04:00,2025-10-21 11:15:00-04:00,LONG,-3.0450177475,246.9450000000,251.2121734336,611.2099000000,610.5855976976,251.3846007399,246.9450000000,246.9943890000,245.6950000000,245.6458610000,80,19759.5511200000,1.2500000000,3.2500000000,100.0000000000,260.0000000000,2.6000000000,245.6950000000,250.1950000000,STOP,6,-100.0000000000,7.8822400000,0.5600000000,8.4422400000,-108.4422400000
GOOGL,QQQ,2025-10-21 11:16:00-04:00,2025-10-21 11:17:00-04:00,2025-10-21 11:54:00-04:00,LONG,-2.6161340529,244.6000000000,250.1282395583,610.8400000000,610.6175699899,250.1894046729,244.6392000000,244.6881278400,247.8892000000,247.8396221600,81,19819.7383550400,1.2500000000,3.2500000000,101.2500000000,263.2500000000,2.6000000000,243.3892000000,247.8892000000,TAKE_PROFIT_BRACKET,37,263.2500000000,7.9789600800,0.5670000000,8.5459600800,254.7040399200
GOOGL,QQQ,2025-10-21 13:04:00-04:00,2025-10-21 13:05:00-04:00,2025-10-21 13:21:00-04:00,LONG,-2.5314622455,247.5600000000,248.7643765110,610.8401000000,611.0663607573,248.7025426977,247.5600000000,247.6095120000,250.8100000000,250.7598380000,80,19808.7609600000,1.2500000000,3.2500000000,100.0000000000,260.0000000000,2.6000000000,246.3100000000,250.8100000000,TAKE_PROFIT_BRACKET,16,260.0000000000,7.9739200000,0.5600000000,8.5339200000,251.4660800000
GOOGL,QQQ,2025-10-21 13:21:00-04:00,2025-10-21 13:22:00-04:00,2025-10-21 13:25:00-04:00,SHORT,3.3195350602,250.9050000000,248.8160720112,610.8800000000,611.0773959603,248.7621162960,250.9050000000,250.8548190000,252.1550000000,252.2054310000,79,19817.5307010000,1.2500000000,3.2500000000,98.7500000000,256.7500000000,2.6000000000,252.1550000000,247.6550000000,STOP,3,-98.7500000000,7.9483480000,0.5530000000,8.5013480000,-107.2513480000
GOOGL,QQQ,2025-10-21 13:25:00-04:00,2025-10-21 13:26:00-04:00,2025-10-21 15:59:00-04:00,SHORT,3.3579475975,252.3200000000,248.9216216687,610.7920000000,611.0755785529,248.8440759085,252.3100000000,252.2595380000,250.4300000000,250.4800860000,79,19928.5035020000,1.2500000000,3.2500000000,98.7500000000,256.7500000000,2.6000000000,253.5600000000,249.0600000000,FORCED_EOD,153,148.5200000000,7.9432920000,0.5530000000,8.4962920000,140.0237080000
GOOGL,QQQ,2025-10-22 11:00:00-04:00,2025-10-22 11:01:00-04:00,2025-10-22 11:31:00-04:00,SHORT,3.9358600397,255.2600000000,254.0224046816,608.6200000000,608.8326156434,253.8722861642,255.2810000000,255.2299438000,252.0310000000,252.0814062000,78,19907.9356164000,1.2500000000,3.2500000000,97.5000000000,253.5000000000,2.6000000000,256.5310000000,252.0310000000,TAKE_PROFIT_BRACKET,30,253.5000000000,7.9140672000,0.5460000000,8.4600672000,245.0399328000
GOOGL,QQQ,2025-10-22 13:24:00-04:00,2025-10-22 13:25:00-04:00,2025-10-22 14:59:00-04:00,SHORT,2.6432582522,250.2500000000,253.4578399419,601.7600000000,606.8524004159,249.8586054784,250.2800000000,250.2299440000,251.5300000000,251.5803060000,79,19768.1655760000,1.2500000000,3.2500000000,98.7500000000,256.7500000000,2.6000000000,251.5300000000,247.0300000000,STOP,94,-98.7500000000,7.9285980000,0.5530000000,8.4815980000,-107.2315980000
GOOGL,QQQ,2025-10-22 15:05:00-04:00,2025-10-22 15:06:00-04:00,2025-10-22 15:59:00-04:00,LONG,-2.8262634287,251.2834000000,253.0004710637,603.7000000000,605.6245561283,251.6399246130,251.2800000000,251.3302560000,251.6700000000,251.6196660000,79,19855.0902240000,1.2500000000,3.2500000000,98.7500000000,256.7500000000,2.6000000000,250.0300000000,254.5300000000,FORCED_EOD,53,30.8100000000,7.9466100000,0.5530000000,8.4996100000,22.3103900000
GOOGL,QQQ,2025-10-23 13:08:00-04:00,2025-10-23 13:09:00-04:00,2025-10-23 15:59:00-04:00,LONG,-2.5008488465,253.6000000000,253.7684141081,609.2800000000,608.2365416617,253.9980347793,253.5700000000,253.6207140000,253.0500000000,252.9993900000,78,19782.4156920000,1.2500000000,3.2500000000,97.5000000000,253.5000000000,2.6000000000,252.3200000000,256.8200000000,FORCED_EOD,170,-40.5600000000,7.9032720000,0.5460000000,8.4492720000,-49.0092720000
GOOGL,QQQ,2025-10-24 12:53:00-04:00,2025-10-24 12:54:00-04:00,2025-10-24 15:59:00-04:00,SHORT,3.4441472169,260.9800000000,259.5452611328,618.0345000000,617.0060121172,259.8118438714,260.9900000000,260.9378020000,259.9100000000,259.9619820000,76,19831.2729520000,1.2500000000,3.2500000000,95.0000000000,247.0000000000,2.6000000000,262.2400000000,257.7400000000,FORCED_EOD,185,82.0800000000,7.9176800000,0.5320000000,8.4496800000,73.6303200000
GOOGL,QQQ,2025-10-27 10:57:00-04:00,2025-10-27 10:58:00-04:00,2025-10-27 12:32:00-04:00,SHORT,2.9698826257,266.0144000000,265.3221065771,625.7200000000,625.3356135905,265.4797989279,266.0050000000,265.9517990000,267.2550000000,267.3084510000,75,19946.3849250000,1.2500000000,3.2500000000,93.7500000000,243.7500000000,2.6000000000,267.2550000000,262.7550000000,STOP,94,-93.7500000000,7.9989000000,0.5250000000,8.5239000000,-102.2739000000
GOOGL,QQQ,2025-10-27 13:18:00-04:00,2025-10-27 13:19:00-04:00,2025-10-27 14:17:00-04:00,SHORT,2.6222404900,267.6500000000,265.9748712803,626.6950000000,625.8741345168,266.3121647457,267.6400000000,267.5864720000,268.8900000000,268.9437780000,74,19801.3989280000,1.2500000000,3.2500000000,92.5000000000,240.5000000000,2.6000000000,268.8900000000,264.3900000000,STOP,58,-92.5000000000,7.9406440000,0.5180000000,8.4586440000,-100.9586440000
GOOGL,QQQ,2025-10-27 15:00:00-04:00,2025-10-27 15:01:00-04:00,2025-10-27 15:59:00-04:00,LONG,-2.6780155592,268.5700000000,266.6636633019,627.4100000000,626.1707673198,267.1739405909,268.5800000000,268.6337160000,269.2700000000,269.2161460000,74,19878.8949840000,1.2500000000,3.2500000000,92.5000000000,240.5000000000,2.6000000000,267.3300000000,271.8300000000,FORCED_EOD,58,51.0600000000,7.9601800000,0.5180000000,8.4781800000,42.5818200000
GOOGL,QQQ,2025-10-28 12:01:00-04:00,2025-10-28 12:02:00-04:00,2025-10-28 15:59:00-04:00,LONG,-2.5343619745,266.7100000000,267.9548385756,630.8301000000,630.3506542118,268.2516264348,266.7300000000,266.7833460000,267.4900000000,267.4365020000,74,19741.9676040000,1.2500000000,3.2500000000,92.5000000000,240.5000000000,2.6000000000,265.4800000000,269.9800000000,FORCED_EOD,237,56.2400000000,7.9064560000,0.5180000000,8.4244560000,47.8155440000
GOOGL,QQQ,2025-10-29 10:46:00-04:00,2025-10-29 10:47:00-04:00,2025-10-29 10:57:00-04:00,SHORT,2.6230653787,269.5400000000,268.9350608410,635.8300000000,636.0607830648,268.8392168159,269.5700000000,269.5160860000,270.8200000000,270.8741640000,74,19944.1903640000,1.2500000000,3.2500000000,92.5000000000,240.5000000000,2.6000000000,270.8200000000,266.3200000000,STOP,10,-92.5000000000,7.9977720000,0.5180000000,8.5157720000,-101.0157720000
GOOGL,QQQ,2025-10-29 10:57:00-04:00,2025-10-29 10:58:00-04:00,2025-10-29 11:53:00-04:00,SHORT,2.9389909423,270.8100000000,269.0985650772,635.5300000000,636.0171945562,268.8960966755,270.8200000000,270.7658360000,272.0700000000,272.1244140000,73,19765.9060280000,1.2500000000,3.2500000000,91.2500000000,237.2500000000,2.6000000000,272.0700000000,267.5700000000,STOP,55,-91.2500000000,7.9261940000,0.5110000000,8.4371940000,-99.6871940000
GOOGL,QQQ,2025-10-29 11:53:00-04:00,2025-10-29 11:54:00-04:00,2025-10-29 13:42:00-04:00,SHORT,2.8225129137,272.0700000000,269.6673321092,635.0300000000,635.7971864719,269.3477201839,272.0750000000,272.0205850000,273.3250000000,273.3796650000,73,19857.5027050000,1.2500000000,3.2500000000,91.2500000000,237.2500000000,2.6000000000,273.3250000000,268.8250000000,STOP,108,-91.2500000000,7.9628400000,0.5110000000,8.4738400000,-99.7238400000
GOOGL,QQQ,2025-10-29 13:42:00-04:00,2025-10-29 13:43:00-04:00,2025-10-29 15:49:00-04:00,SHORT,2.7206951828,273.2610000000,270.5287462591,635.2500000000,635.5287541214,270.4121963835,273.2650000000,273.2103470000,274.5150000000,274.5699030000,73,19944.3553310000,1.2500000000,3.2500000000,91.2500000000,237.2500000000,2.6000000000,274.5150000000,270.0150000000,STOP,126,-91.2500000000,7.9975880000,0.5110000000,8.5085880000,-99.7585880000
GOOGL,QQQ,2025-10-30 11:03:00-04:00,2025-10-30 11:04:00-04:00,2025-10-30 11:54:00-04:00,LONG,-2.7392440713,287.9300000000,286.5950287356,630.3400000000,630.4089296863,286.5410778656,287.9700000000,288.0275940000,286.7200000000,286.6626560000,69,19873.9039860000,1.2500000000,3.2500000000,86.2500000000,224.2500000000,2.6000000000,286.7200000000,291.2200000000,STOP,50,-86.2500000000,7.9307220000,0.4830000000,8.4137220000,-94.6637220000
GOOGL,QQQ,2025-10-30 15:21:00-04:00,2025-10-30 15:22:00-04:00,2025-10-30 15:59:00-04:00,SHORT,2.6665242925,282.6800000000,286.2798108717,626.6875000000,630.0524049423,283.6475271274,282.6800000000,282.6234640000,281.4800000000,281.5362960000,70,19783.6424800000,1.2500000000,3.2500000000,87.5000000000,227.5000000000,2.6000000000,283.9300000000,279.4300000000,FORCED_EOD,37,84.0000000000,7.8982400000,0.4900000000,8.3882400000,75.6117600000
GOOGL,QQQ,2025-10-31 11:13:00-04:00,2025-10-31 11:14:00-04:00,2025-10-31 12:17:00-04:00,SHORT,2.5985506300,282.1600000000,280.6195234544,633.3400000000,632.4375936425,280.6996049817,282.1600000000,282.1035680000,278.9100000000,278.9657820000,70,19747.2497600000,1.2500000000,3.2500000000,87.5000000000,227.5000000000,2.6000000000,283.4100000000,278.9100000000,TAKE_PROFIT_BRACKET,63,227.5000000000,7.8549800000,0.4900000000,8.3449800000,219.1550200000
GOOGL,QQQ,2025-10-31 13:47:00-04:00,2025-10-31 13:48:00-04:00,2025-10-31 15:59:00-04:00,SHORT,2.8205652839,280.8600000000,280.4448214176,628.5100000000,630.8213432378,280.2393102222,280.8600000000,280.8038280000,282.1100000000,282.1664220000,71,19937.0717880000,1.2500000000,3.2500000000,88.7500000000,230.7500000000,2.6000000000,282.1100000000,277.6100000000,STOP,131,-88.7500000000,7.9941740000,0.4970000000,8.4911740000,-97.2411740000
GOOGL,QQQ,2025-11-03 12:32:00-05:00,2025-11-03 12:33:00-05:00,2025-11-03 15:21:00-05:00,LONG,-2.7787204297,282.0500000000,281.8697914128,632.5650000000,632.2755278751,281.8956008721,282.0700000000,282.1264140000,285.3200000000,285.2629360000,70,19748.8489800000,1.2500000000,3.2500000000,87.5000000000,227.5000000000,2.6000000000,280.8200000000,285.3200000000,TAKE_PROFIT_BRACKET,168,227.5000000000,7.9434600000,0.4900000000,8.4334600000,219.0665400000
GOOGL,QQQ,2025-11-03 15:50:00-05:00,2025-11-03 15:51:00-05:00,2025-11-03 15:59:00-05:00,LONG,-2.5897795615,283.3900000000,282.6032235892,631.4300000000,632.3063558037,282.5248878354,283.4000000000,283.4566800000,283.8800000000,283.8232240000,70,19841.9676000000,1.2500000000,3.2500000000,87.5000000000,227.5000000000,2.6000000000,282.1500000000,286.6500000000,FORCED_EOD,8,33.6000000000,7.9419200000,0.4900000000,8.4319200000,25.1680800000
GOOGL,QQQ,2025-11-04 10:39:00-05:00,2025-11-04 10:40:00-05:00,2025-11-04 12:15:00-05:00,SHORT,2.5154428009,280.9232000000,279.2029358687,626.4800000000,624.5237310094,279.3778518946,280.9400000000,280.8838120000,277.6900000000,277.7455380000,71,19942.7506520000,1.2500000000,3.2500000000,88.7500000000,230.7500000000,2.6000000000,282.1900000000,277.6900000000,TAKE_PROFIT_BRACKET,95,230.7500000000,7.9325460000,0.4970000000,8.4295460000,222.3204540000
GOOGL,QQQ,2025-11-04 12:15:00-05:00,2025-11-04 12:16:00-05:00,2025-11-04 15:52:00-05:00,LONG,-2.5723757449,277.7300000000,279.1567620320,622.5720000000,624.3674716566,278.9962097685,277.7200000000,277.7755440000,276.4700000000,276.4147060000,72,19999.8391680000,1.2500000000,3.2500000000,90.0000000000,234.0000000000,2.6000000000,276.4700000000,280.9700000000,STOP,216,-90.0000000000,7.9803360000,0.5040000000,8.4843360000,-98.4843360000
GOOGL,QQQ,2025-11-04 15:52:00-05:00,2025-11-04 15:53:00-05:00,2025-11-04 15:59:00-05:00,LONG,-2.6860591271,276.4200000000,278.3611568597,618.9700000000,622.6320558270,278.0337165723,276.4400000000,276.4952880000,277.5800000000,277.5244840000,72,19907.6607360000,1.2500000000,3.2500000000,90.0000000000,234.0000000000,2.6000000000,275.1900000000,279.6900000000,FORCED_EOD,6,82.0800000000,7.9778880000,0.5040000000,8.4818880000,73.5981120000
GOOGL,QQQ,2025-11-05 13:53:00-05:00,2025-11-05 13:54:00-05:00,2025-11-05 14:10:00-05:00,SHORT,2.6062627978,284.1100000000,282.5865978153,626.4400000000,622.1754564045,283.8701127699,284.1000000000,284.0431800000,285.3500000000,285.4070700000,70,19883.0226000000,1.2500000000,3.2500000000,87.5000000000,227.5000000000,2.6000000000,285.3500000000,280.8500000000,STOP,16,-87.5000000000,7.9723000000,0.4900000000,8.4623000000,-95.9623000000
GOOGL,QQQ,2025-11-05 14:10:00-05:00,2025-11-05 14:11:00-05:00,2025-11-05 15:59:00-05:00,SHORT,6.2664249053,286.1200000000,282.7818645793,626.0800000000,622.3259438552,283.9122436291,286.0000000000,285.9428000000,284.2900000000,284.3468580000,69,19730.0532000000,1.2500000000,3.2500000000,86.2500000000,224.2500000000,2.6000000000,287.2500000000,282.7500000000,FORCED_EOD,108,117.9900000000,7.8700020000,0.4830000000,8.3530020000,109.6369980000
GOOGL,QQQ,2025-11-06 12:58:00-05:00,2025-11-06 12:59:00-05:00,2025-11-06 15:59:00-05:00,SHORT,3.2188666612,286.3200000000,284.6772639326,613.7500000000,614.9410904852,284.3335670604,286.3200000000,286.2627360000,284.7600000000,284.8169520000,69,19752.1287840000,1.2500000000,3.2500000000,86.2500000000,224.2500000000,2.6000000000,287.5700000000,283.0700000000,FORCED_EOD,180,107.6400000000,7.8809040000,0.4830000000,8.3639040000,99.2760960000
GOOGL,QQQ,2025-11-07 11:23:00-05:00,2025-11-07 11:24:00-05:00,2025-11-07 14:40:00-05:00,SHORT,3.0815049382,277.3250000000,278.5729113998,601.4887000000,604.1650640446,277.4607114221,277.3200000000,277.2645360000,278.5700000000,278.6257140000,72,19963.0465920000,1.2500000000,3.2500000000,90.0000000000,234.0000000000,2.6000000000,278.5700000000,274.0700000000,STOP,196,-90.0000000000,8.0048160000,0.5040000000,8.5088160000,-98.5088160000
GOOGL,QQQ,2025-11-07 14:56:00-05:00,2025-11-07 14:57:00-05:00,2025-11-07 15:59:00-05:00,SHORT,3.1936585057,279.3400000000,277.8477460303,608.0300000000,603.4426956726,279.7513772415,279.3100000000,279.2541380000,278.9200000000,278.9757840000,71,19827.0437980000,1.2500000000,3.2500000000,88.7500000000,230.7500000000,2.6000000000,280.5600000000,276.0600000000,FORCED_EOD,62,27.6900000000,7.9268660000,0.4970000000,8.4238660000,19.2661340000
GOOGL,QQQ,2025-11-10 12:40:00-05:00,2025-11-10 12:41:00-05:00,2025-11-10 13:32:00-05:00,SHORT,2.5180391724,287.7189000000,286.7513999479,620.3350000000,619.8157634448,286.9914238452,287.7000000000,287.6424600000,288.9500000000,289.0077900000,69,19847.3297400000,1.2500000000,3.2500000000,86.2500000000,224.2500000000,2.6000000000,288.9500000000,284.4500000000,STOP,51,-86.2500000000,7.9577700000,0.4830000000,8.4407700000,-94.6907700000
GOOGL,QQQ,2025-11-10 13:32:00-05:00,2025-11-10 13:33:00-05:00,2025-11-10 14:21:00-05:00,SHORT,2.7300055656,289.1200000000,286.9246583358,621.8200000000,619.9841116511,287.7736039565,289.1100000000,289.0521780000,290.3600000000,290.4180720000,69,19944.6002820000,1.2500000000,3.2500000000,86.2500000000,224.2500000000,2.6000000000,290.3600000000,285.8600000000,STOP,48,-86.2500000000,7.9966860000,0.4830000000,8.4796860000,-94.7296860000
GOOGL,QQQ,2025-11-10 15:13:00-05:00,2025-11-10 15:14:00-05:00,2025-11-10 15:59:00-05:00,LONG,-2.5691703859,290.1240000000,287.5739708469,623.5200000000,620.5087147231,288.9684110107,290.1200000000,290.1780240000,290.1000000000,290.0419800000,68,19732.1056320000,1.2500000000,3.2500000000,85.0000000000,221.0000000000,2.6000000000,288.8700000000,293.3700000000,FORCED_EOD,45,-1.3600000000,7.8909920000,0.4760000000,8.3669920000,-9.7269920000
GOOGL,QQQ,2025-11-11 12:10:00-05:00,2025-11-11 12:11:00-05:00,2025-11-11 15:59:00-05:00,LONG,-2.6789396069,288.9442000000,289.1428245067,619.2800000000,619.4864709981,289.0213209368,288.9500000000,289.0077900000,291.3300000000,291.2717340000,69,19941.5375100000,1.2500000000,3.2500000000,86.2500000000,224.2500000000,2.6000000000,287.7000000000,292.2000000000,FORCED_EOD,228,164.2200000000,8.0078640000,0.4830000000,8.4908640000,155.7291360000
GOOGL,QQQ,2025-11-12 12:12:00-05:00,2025-11-12 12:13:00-05:00,2025-11-12 12:48:00-05:00,SHORT,2.9880909579,285.1700000000,286.5990470055,619.0850000000,620.3216024478,285.9402758376,285.1900000000,285.1329620000,286.4400000000,286.4972880000,70,19959.3073400000,1.2500000000,3.2500000000,87.5000000000,227.5000000000,2.6000000000,286.4400000000,281.9400000000,STOP,35,-87.5000000000,8.0028200000,0.4900000000,8.4928200000,-95.9928200000
GOOGL,QQQ,2025-11-13 10:59:00-05:00,2025-11-13 11:00:00-05:00,2025-11-13 11:15:00-05:00,SHORT,2.9206746395,279.5300000000,279.6058214640,612.2901000000,614.4826041237,278.5165431453,279.5100000000,279.4540980000,280.7600000000,280.8161520000,71,19841.2409580000,1.2500000000,3.2500000000,88.7500000000,230.7500000000,2.6000000000,280.7600000000,276.2600000000,STOP,15,-88.7500000000,7.9558340000,0.4970000000,8.4528340000,-97.2028340000
GOOGL,QQQ,2025-11-13 11:15:00-05:00,2025-11-13 11:16:00-05:00,2025-11-13 13:37:00-05:00,SHORT,2.6020166611,280.7100000000,279.6199421405,611.8200000000,614.1442083545,278.4645360230,280.7250000000,280.6688550000,277.4750000000,277.5304950000,71,19927.4887050000,1.2500000000,3.2500000000,88.7500000000,230.7500000000,2.6000000000,281.9750000000,277.4750000000,TAKE_PROFIT_BRACKET,141,230.7500000000,7.9264400000,0.4970000000,8.4234400000,222.3265600000
GOOGL,QQQ,2025-11-13 13:47:00-05:00,2025-11-13 13:48:00-05:00,2025-11-13 14:36:00-05:00,SHORT,2.6204566284,278.5050000000,279.5158856770,607.4250000000,612.0597864510,277.2048630310,278.5500000000,278.4942900000,279.8000000000,279.8559600000,71,19773.0945900000,1.2500000000,3.2500000000,88.7500000000,230.7500000000,2.6000000000,279.8000000000,275.3000000000,STOP,48,-88.7500000000,7.9285700000,0.4970000000,8.4255700000,-97.1755700000
GOOGL,QQQ,2025-11-13 15:14:00-05:00,2025-11-13 15:15:00-05:00,2025-11-13 15:59:00-05:00,SHORT,2.8727876729,279.5300000000,279.4201367635,607.5800000000,611.1457569528,277.6401102896,279.5500000000,279.4940900000,278.6200000000,278.6757240000,71,19844.0803900000,1.2500000000,3.2500000000,88.7500000000,230.7500000000,2.6000000000,280.8000000000,276.3000000000,FORCED_EOD,44,66.0300000000,7.9260140000,0.4970000000,8.4230140000,57.6069860000
GOOGL,QQQ,2025-11-14 10:43:00-05:00,2025-11-14 10:44:00-05:00,2025-11-14 15:49:00-05:00,LONG,-2.6536149899,277.2500000000,274.5842790121,608.5100000000,603.4709455453,278.3718640563,277.2500000000,277.3054500000,276.0000000000,275.9448000000,72,19965.9924000000,1.2500000000,3.2500000000,90.0000000000,234.0000000000,2.6000000000,276.0000000000,280.5000000000,STOP,305,-90.0000000000,7.9668000000,0.5040000000,8.4708000000,-98.4708000000
GOOGL,QQQ,2025-11-17 11:24:00-05:00,2025-11-17 11:25:00-05:00,2025-11-17 12:46:00-05:00,LONG,-3.1288840758,287.3300000000,290.1540627296,606.0700000000,608.8768897890,288.0089567102,287.3100000000,287.3674620000,286.0600000000,286.0027880000,69,19828.3548780000,1.2500000000,3.2500000000,86.2500000000,224.2500000000,2.6000000000,286.0600000000,290.5600000000,STOP,81,-86.2500000000,7.9125060000,0.4830000000,8.3955060000,-94.6455060000
GOOGL,QQQ,2025-11-17 12:46:00-05:00,2025-11-17 12:47:00-05:00,2025-11-17 13:58:00-05:00,LONG,-3.3839769150,286.0700000000,289.8711485544,607.7200000000,609.0337516580,288.8683789927,286.0500000000,286.1072100000,284.8000000000,284.7430400000,69,19741.3974900000,1.2500000000,3.2500000000,86.2500000000,224.2500000000,2.6000000000,284.8000000000,289.3000000000,STOP,71,-86.2500000000,7.8777300000,0.4830000000,8.3607300000,-94.6107300000
GOOGL,QQQ,2025-11-17 14:01:00-05:00,2025-11-17 14:02:00-05:00,2025-11-17 15:59:00-05:00,SHORT,3.0216422294,285.1000000000,289.3993138463,603.9800000000,608.3665803244,286.0528782582,285.0950000000,285.0379810000,285.1200000000,285.1770240000,70,19952.6586700000,1.2500000000,3.2500000000,87.5000000000,227.5000000000,2.6000000000,286.3450000000,281.8450000000,FORCED_EOD,117,-1.7500000000,7.9830100000,0.4900000000,8.4730100000,-10.2230100000
GOOGL,QQQ,2025-11-18 11:16:00-05:00,2025-11-18 11:17:00-05:00,2025-11-18 11:20:00-05:00,SHORT,2.5597537795,282.4050000000,282.4767898379,594.8200000000,595.8968183479,282.1238119447,282.3700000000,282.3135260000,283.6200000000,283.6767240000,70,19761.9468200000,1.2500000000,3.2500000000,87.5000000000,227.5000000000,2.6000000000,283.6200000000,279.1200000000,STOP,3,-87.5000000000,7.9238600000,0.4900000000,8.4138600000,-95.9138600000
GOOGL,QQQ,2025-11-18 11:20:00-05:00,2025-11-18 11:21:00-05:00,2025-11-18 11:25:00-05:00,SHORT,2.9189917552,283.9050000000,282.5033137614,596.2600000000,595.8868229210,282.6256536506,283.9000000000,283.8432200000,285.1500000000,285.2070300000,70,19869.0254000000,1.2500000000,3.2500000000,87.5000000000,227.5000000000,2.6000000000,285.1500000000,280.6500000000,STOP,4,-87.5000000000,7.9667000000,0.4900000000,8.4567000000,-95.9567000000
GOOGL,QQQ,2025-11-18 11:25:00-05:00,2025-11-18 11:26:00-05:00,2025-11-18 11:30:00-05:00,SHORT,2.7283201107,285.2700000000,282.6248520104,597.0700000000,595.8953112531,283.0101143391,285.3000000000,285.2429400000,286.5500000000,286.6073100000,70,19967.0058000000,1.2500000000,3.2500000000,87.5000000000,227.5000000000,2.6000000000,286.5500000000,282.0500000000,STOP,4,-87.5000000000,8.0059000000,0.4900000000,8.4959000000,-95.9959000000
GOOGL,QQQ,2025-11-18 13:22:00-05:00,2025-11-18 13:23:00-05:00,2025-11-18 15:55:00-05:00,SHORT,3.0052684437,287.6100000000,283.7238430835,600.7000000000,596.6473297097,285.0564828309,287.6400000000,287.5824720000,284.3900000000,284.4468780000,69,19843.1905680000,1.2500000000,3.2500000000,86.2500000000,224.2500000000,2.6000000000,288.8900000000,284.3900000000,TAKE_PROFIT_BRACKET,152,224.2500000000,7.8940140000,0.4830000000,8.3770140000,215.8729860000
GOOGL,QQQ,2025-11-19 14:18:00-05:00,2025-11-19 14:19:00-05:00,2025-11-19 15:19:00-05:00,SHORT,2.5039610683,294.2300000000,297.3485601110,597.9700000000,600.2248443994,296.7445561940,294.1900000000,294.1311620000,295.4400000000,295.4990880000,67,19706.7878540000,1.2500000000,3.2500000000,83.7500000000,217.7500000000,2.6000000000,295.4400000000,290.9400000000,STOP,60,-83.7500000000,7.9010420000,0.4690000000,8.3700420000,-92.1200420000
GOOGL,QQQ,2025-11-19 15:19:00-05:00,2025-11-19 15:20:00-05:00,2025-11-19 15:59:00-05:00,SHORT,3.0135356568,295.6100000000,297.1355684873,601.3100000000,599.9730352727,297.4935941560,295.6100000000,295.5508780000,292.8000000000,292.8585600000,67,19801.9088260000,1.2500000000,3.2500000000,83.7500000000,217.7500000000,2.6000000000,296.8600000000,292.3600000000,FORCED_EOD,39,188.2700000000,7.8846940000,0.4690000000,8.3536940000,179.9163060000
GOOGL,QQQ,2025-11-20 12:11:00-05:00,2025-11-20 12:12:00-05:00,2025-11-20 12:36:00-05:00,SHORT,2.5139341073,294.6100000000,301.7146084305,593.4300000000,606.3591410711,291.7027276841,294.6000000000,294.5410800000,291.3500000000,291.4082700000,67,19734.2523600000,1.2500000000,3.2500000000,83.7500000000,217.7500000000,2.6000000000,295.8500000000,291.3500000000,TAKE_PROFIT_BRACKET,24,217.7500000000,7.8517300000,0.4690000000,8.3207300000,209.4292700000
GOOGL,QQQ,2025-11-20 13:12:00-05:00,2025-11-20 13:13:00-05:00,2025-11-20 13:33:00-05:00,LONG,-2.6219680213,295.4800000000,300.1581437528,595.7100000000,602.2619849718,295.0763485729,295.5200000000,295.5791040000,294.2700000000,294.2111460000,67,19803.7999680000,1.2500000000,3.2500000000,83.7500000000,217.7500000000,2.6000000000,294.2700000000,298.7700000000,STOP,20,-83.7500000000,7.9031860000,0.4690000000,8.3721860000,-92.1221860000
GOOGL,QQQ,2025-11-21 10:53:00-05:00,2025-11-21 10:54:00-05:00,2025-11-21 10:56:00-05:00,SHORT,2.7557516766,298.9600000000,297.9514802592,583.5900000000,585.6233459172,296.9738948412,299.0000000000,298.9402000000,300.2500000000,300.3100500000,66,19730.0532000000,1.2500000000,3.2500000000,82.5000000000,214.5000000000,2.6000000000,300.2500000000,295.7500000000,STOP,2,-82.5000000000,7.9101000000,0.4620000000,8.3721000000,-90.8721000000
GOOGL,QQQ,2025-11-21 10:56:00-05:00,2025-11-21 10:57:00-05:00,2025-11-21 11:50:00-05:00,SHORT,2.9698749454,300.2450000000,298.0035015320,584.6200000000,585.5979586276,297.5332192940,300.2500000000,300.1899500000,297.0000000000,297.0594000000,66,19812.5367000000,1.2500000000,3.2500000000,82.5000000000,214.5000000000,2.6000000000,301.5000000000,297.0000000000,TAKE_PROFIT_BRACKET,53,214.5000000000,7.8837000000,0.4620000000,8.3457000000,206.1543000000
GOOGL,QQQ,2025-11-21 13:33:00-05:00,2025-11-21 13:34:00-05:00,2025-11-21 13:48:00-05:00,SHORT,2.5654898963,297.7800000000,298.1473970951,590.0700000000,586.9639959074,299.6382605330,297.8100000000,297.7504380000,299.0600000000,299.1198120000,67,19949.2793460000,1.2500000000,3.2500000000,83.7500000000,217.7500000000,2.6000000000,299.0600000000,294.5600000000,STOP,14,-83.7500000000,7.9980580000,0.4690000000,8.4670580000,-92.2170580000
GOOGL,QQQ,2025-11-21 14:06:00-05:00,2025-11-21 14:07:00-05:00,2025-11-21 14:10:00-05:00,SHORT,2.5219089536,302.4300000000,298.3270315671,595.7500000000,587.6277991603,302.2235817969,302.4300000000,302.3695140000,303.6800000000,303.7407360000,66,19956.3879240000,1.2500000000,3.2500000000,82.5000000000,214.5000000000,2.6000000000,303.6800000000,299.1800000000,STOP,3,-82.5000000000,8.0006520000,0.4620000000,8.4626520000,-90.9626520000
GOOGL,QQQ,2025-11-21 14:10:00-05:00,2025-11-21 14:11:00-05:00,2025-11-21 15:24:00-05:00,SHORT,2.6172344434,303.4600000000,298.4600119090,595.8900000000,587.7046351660,302.3881012633,303.4550000000,303.3943090000,300.2050000000,300.2650410000,65,19720.6300850000,1.2500000000,3.2500000000,81.2500000000,211.2500000000,2.6000000000,304.7050000000,300.2050000000,TAKE_PROFIT_BRACKET,73,211.2500000000,7.8475800000,0.4550000000,8.3025800000,202.9474200000
GOOGL,QQQ,2025-11-24 13:55:00-05:00,2025-11-24 13:56:00-05:00,2025-11-24 15:54:00-05:00,LONG,-4.1554898366,316.0001000000,315.3615225659,605.2600000000,601.6087309124,318.1233861474,316.0200000000,316.0832040000,319.2700000000,319.2061460000,63,19913.2418520000,1.2500000000,3.2500000000,78.7500000000,204.7500000000,2.6000000000,314.7700000000,319.2700000000,TAKE_PROFIT_BRACKET,118,204.7500000000,8.0046540000,0.4410000000,8.4456540000,196.3043460000
GOOGL,QQQ,2025-11-25 10:40:00-05:00,2025-11-25 10:41:00-05:00,2025-11-25 10:44:00-05:00,LONG,-2.8076310388,324.0275000000,324.6981484301,602.2400000000,601.0700042482,325.6811338741,324.0250000000,324.0898050000,322.7750000000,322.7104450000,61,19769.4781050000,1.2500000000,3.2500000000,76.2500000000,198.2500000000,2.6000000000,322.7750000000,327.2750000000,STOP,3,-76.2500000000,7.8909600000,0.4270000000,8.3179600000,-84.5679600000
GOOGL,QQQ,2025-11-25 10:44:00-05:00,2025-11-25 10:45:00-05:00,2025-11-25 10:48:00-05:00,LONG,-2.8502224969,323.2925000000,324.6456026857,603.2100000000,601.1121136351,326.4077574585,323.2900000000,323.3546580000,322.0400000000,321.9755920000,61,19724.6341380000,1.2500000000,3.2500000000,76.2500000000,198.2500000000,2.6000000000,322.0400000000,326.5400000000,STOP,3,-76.2500000000,7.8730260000,0.4270000000,8.3000260000,-84.5500260000
GOOGL,QQQ,2025-11-25 12:34:00-05:00,2025-11-25 12:35:00-05:00,2025-11-25 15:59:00-05:00,LONG,-2.5848102791,321.1700000000,323.1407294148,607.9300000000,602.2647160702,327.8682562890,321.1900000000,321.2542380000,323.3900000000,323.3253220000,62,19917.7627560000,1.2500000000,3.2500000000,77.5000000000,201.5000000000,2.6000000000,319.9400000000,324.4400000000,FORCED_EOD,204,136.4000000000,7.9927920000,0.4340000000,8.4267920000,127.9732080000
GOOGL,QQQ,2025-11-26 13:09:00-05:00,2025-11-26 13:10:00-05:00,2025-11-26 15:45:00-05:00,SHORT,4.1140760355,318.8856000000,319.7170670697,614.6300000000,613.6168225939,320.4886192263,318.8000000000,318.7362400000,320.0500000000,320.1140100000,62,19761.6468800000,1.2500000000,3.2500000000,77.5000000000,201.5000000000,2.6000000000,320.0500000000,315.5500000000,STOP,155,-77.5000000000,7.9217400000,0.4340000000,8.3557400000,-85.8557400000
GOOGL,QQQ,2025-11-26 15:45:00-05:00,2025-11-26 15:46:00-05:00,2025-11-26 15:59:00-05:00,SHORT,2.6731469249,320.1601000000,319.5560937334,615.4100000000,614.0618826698,320.5814478652,320.1600000000,320.0959680000,320.0100000000,320.0740020000,62,19845.9500160000,1.2500000000,3.2500000000,77.5000000000,201.5000000000,2.6000000000,321.4100000000,316.9100000000,FORCED_EOD,13,9.3000000000,7.9381080000,0.4340000000,8.3721080000,0.9278920000
GOOGL,QQQ,2025-11-28 12:12:00-05:00,2025-11-28 12:13:00-05:00,2025-11-28 12:25:00-05:00,SHORT,2.5160550333,318.6350000000,320.3326344225,617.6587000000,616.8801566595,320.8682795614,318.6325000000,318.5687735000,319.8825000000,319.9464765000,62,19751.2639570000,1.2500000000,3.2500000000,77.5000000000,201.5000000000,2.6000000000,319.8825000000,315.3825000000,STOP,12,-77.5000000000,7.9175860000,0.4340000000,8.3515860000,-85.8515860000
GOOGL,QQQ,2025-11-28 12:25:00-05:00,2025-11-28 12:26:00-05:00,2025-11-28 12:59:00-05:00,SHORT,2.6344082509,319.9200000000,320.2893097633,617.8000000000,616.9301684525,320.8876325996,319.8900000000,319.8260220000,320.1700000000,320.2340340000,62,19829.2133640000,1.2500000000,3.2500000000,77.5000000000,201.5000000000,2.6000000000,321.1400000000,316.6400000000,FORCED_EOD,33,-17.3600000000,7.9367440000,0.4340000000,8.3707440000,-25.7307440000
GOOGL,QQQ,2025-12-01 12:45:00-05:00,2025-12-01 12:46:00-05:00,2025-12-01 14:04:00-05:00,LONG,-3.5301211765,318.2500000000,317.1857251622,619.3200000000,615.9980265357,321.7855726553,318.2800000000,318.3436560000,317.0300000000,316.9665940000,62,19737.3066720000,1.2500000000,3.2500000000,77.5000000000,201.5000000000,2.6000000000,317.0300000000,321.5300000000,STOP,78,-77.5000000000,7.8778440000,0.4340000000,8.3118440000,-85.8118440000
GOOGL,QQQ,2025-12-01 14:17:00-05:00,2025-12-01 14:18:00-05:00,2025-12-01 15:59:00-05:00,SHORT,2.5846769907,316.1300000000,317.1985490387,617.9100000000,616.4868273584,319.1676951321,316.1422000000,316.0789715600,315.0900000000,315.1530180000,63,19912.9752082800,1.2500000000,3.2500000000,78.7500000000,204.7500000000,2.6000000000,317.3922000000,312.8922000000,FORCED_EOD,101,66.2886000000,7.9535257200,0.4410000000,8.3945257200,57.8940742800
GOOGL,QQQ,2025-12-02 11:23:00-05:00,2025-12-02 11:24:00-05:00,2025-12-02 12:19:00-05:00,SHORT,2.5440173417,314.3601000000,316.5258109375,619.1200000000,621.7913105706,312.8529593515,314.3600000000,314.2971280000,315.6100000000,315.6731220000,63,19800.7190640000,1.2500000000,3.2500000000,78.7500000000,204.7500000000,2.6000000000,315.6100000000,311.1100000000,STOP,55,-78.7500000000,7.9376220000,0.4410000000,8.3786220000,-87.1286220000
GOOGL,QQQ,2025-12-02 14:48:00-05:00,2025-12-02 14:49:00-05:00,2025-12-02 15:59:00-05:00,LONG,-2.5146421533,315.9750000000,316.1027546663,622.2364000000,621.2800594019,317.4169743686,315.9800000000,316.0431960000,315.7400000000,315.6768520000,63,19910.7213480000,1.2500000000,3.2500000000,78.7500000000,204.7500000000,2.6000000000,314.7300000000,319.2300000000,FORCED_EOD,70,-15.1200000000,7.9596720000,0.4410000000,8.4006720000,-23.5206720000
GOOGL,QQQ,2025-12-03 13:17:00-05:00,2025-12-03 13:18:00-05:00,2025-12-03 15:59:00-05:00,SHORT,2.6284290072,321.0300000000,318.2306959806,622.8200000000,621.0453615216,319.2972144162,321.0301000000,320.9658939800,319.5200000000,319.5839040000,62,19899.8854267600,1.2500000000,3.2500000000,77.5000000000,201.5000000000,2.6000000000,322.2801000000,317.7801000000,FORCED_EOD,161,93.6262000000,7.9428212400,0.4340000000,8.3768212400,85.2493787600
GOOGL,QQQ,2025-12-04 12:34:00-05:00,2025-12-04 12:35:00-05:00,2025-12-04 15:59:00-05:00,LONG,-2.5047199110,316.0200000000,316.7433212389,622.2500000000,622.0345353490,316.8081607252,316.0200000000,316.0832040000,317.5800000000,317.5164840000,63,19913.2418520000,1.2500000000,3.2500000000,78.7500000000,204.7500000000,2.6000000000,314.7700000000,319.2700000000,FORCED_EOD,204,98.2800000000,7.9833600000,0.4410000000,8.4243600000,89.8556400000
GOOGL,QQQ,2025-12-05 11:27:00-05:00,2025-12-05 11:28:00-05:00,2025-12-05 11:54:00-05:00,SHORT,2.5921256504,320.3500000000,321.3406764621,625.4600000000,626.6133954258,320.6188822105,320.3200000000,320.2559360000,321.5700000000,321.6343140000,62,19855.8680320000,1.2500000000,3.2500000000,77.5000000000,201.5000000000,2.6000000000,321.5700000000,317.0700000000,STOP,26,-77.5000000000,7.9594360000,0.4340000000,8.3934360000,-85.8934360000
GOOGL,QQQ,2025-12-05 12:54:00-05:00,2025-12-05 12:55:00-05:00,2025-12-05 15:59:00-05:00,LONG,-2.6148299939,320.9053000000,321.2580477525,625.7450000000,626.1331963135,321.0149909063,320.9300000000,320.9941860000,321.2600000000,321.1957480000,62,19901.6395320000,1.2500000000,3.2500000000,77.5000000000,201.5000000000,2.6000000000,319.6800000000,324.1800000000,FORCED_EOD,184,20.4600000000,7.9631560000,0.4340000000,8.3971560000,12.0628440000
GOOGL,QQQ,2025-12-08 12:15:00-05:00,2025-12-08 12:16:00-05:00,2025-12-08 12:20:00-05:00,LONG,-2.8402085296,313.4000000000,316.7297408030,623.2100000000,625.3159634963,314.7264741622,313.4400000000,313.5026880000,312.1900000000,312.1275620000,63,19750.6693440000,1.2500000000,3.2500000000,78.7500000000,204.7500000000,2.6000000000,312.1900000000,316.6900000000,STOP,4,-78.7500000000,7.8829380000,0.4410000000,8.3239380000,-87.0739380000
GOOGL,QQQ,2025-12-08 12:20:00-05:00,2025-12-08 12:21:00-05:00,2025-12-08 15:59:00-05:00,LONG,-3.6930809227,312.0700000000,316.5493800762,623.1000000000,625.2910478063,314.4662820844,312.0950000000,312.1574190000,313.7100000000,313.6472580000,64,19978.0748160000,1.2500000000,3.2500000000,80.0000000000,208.0000000000,2.6000000000,310.8450000000,315.3450000000,FORCED_EOD,218,103.3600000000,8.0103040000,0.4480000000,8.4583040000,94.9016960000
GOOGL,QQQ,2025-12-09 10:48:00-05:00,2025-12-09 10:49:00-05:00,2025-12-09 11:01:00-05:00,SHORT,2.6941220566,313.2600000000,312.8118810812,623.5499000000,623.2082256488,313.2249831016,313.3000000000,313.2373400000,314.5500000000,314.6129100000,63,19733.9524200000,1.2500000000,3.2500000000,78.7500000000,204.7500000000,2.6000000000,314.5500000000,310.0500000000,STOP,12,-78.7500000000,7.9109100000,0.4410000000,8.3519100000,-87.1019100000
GOOGL,QQQ,2025-12-09 12:13:00-05:00,2025-12-09 12:14:00-05:00,2025-12-09 12:28:00-05:00,SHORT,2.5377690147,315.6500000000,313.3249413970,625.4650000000,623.9391211638,315.1706692980,315.6501000000,315.5869699800,316.9001000000,316.9634800200,63,19881.9791087400,1.2500000000,3.2500000000,78.7500000000,204.7500000000,2.6000000000,316.9001000000,312.4001000000,STOP,14,-78.7500000000,7.9701325200,0.4410000000,8.4111325200,-87.1611325200
GOOGL,QQQ,2025-12-09 12:28:00-05:00,2025-12-09 12:29:00-05:00,2025-12-09 15:59:00-05:00,SHORT,2.6481148003,316.8650000000,313.5076278835,625.2300000000,624.0409555417,314.9465191932,316.8500000000,316.7866300000,317.0500000000,317.1134100000,63,19957.5576900000,1.2500000000,3.2500000000,78.7500000000,204.7500000000,2.6000000000,318.1000000000,313.6000000000,FORCED_EOD,210,-12.6000000000,7.9871400000,0.4410000000,8.4281400000,-21.0281400000
GOOGL,QQQ,2025-12-10 10:36:00-05:00,2025-12-10 10:37:00-05:00,2025-12-10 14:08:00-05:00,SHORT,2.9931162003,317.3000000000,317.3583840871,622.3100000000,623.3611183296,315.2178513862,317.2400000000,317.1765520000,318.4900000000,318.5536980000,63,19982.1227760000,1.2500000000,3.2500000000,78.7500000000,204.7500000000,2.6000000000,318.4900000000,313.9900000000,STOP,211,-78.7500000000,8.0101980000,0.4410000000,8.4511980000,-87.2011980000
GOOGL,QQQ,2025-12-10 14:08:00-05:00,2025-12-10 14:09:00-05:00,2025-12-10 15:59:00-05:00,LONG,-2.8402360217,318.4200000000,317.1830459835,625.5500000000,623.3513494910,321.6580481863,318.4000000000,318.4636800000,320.1600000000,320.0959680000,62,19744.7481600000,1.2500000000,3.2500000000,77.5000000000,201.5000000000,2.6000000000,317.1500000000,321.6500000000,FORCED_EOD,110,109.1200000000,7.9181440000,0.4340000000,8.3521440000,100.7678560000
GOOGL,QQQ,2025-12-11 11:41:00-05:00,2025-12-11 11:42:00-05:00,2025-12-11 11:52:00-05:00,LONG,-2.9164246514,315.4426000000,315.9111662116,621.8532000000,621.0210144557,317.6044854371,315.4450000000,315.5080890000,314.1950000000,314.1321610000,63,19877.0096070000,1.2500000000,3.2500000000,78.7500000000,204.7500000000,2.6000000000,314.1950000000,318.6950000000,STOP,10,-78.7500000000,7.9334640000,0.4410000000,8.3744640000,-87.1244640000
GOOGL,QQQ,2025-12-11 13:22:00-05:00,2025-12-11 13:23:00-05:00,2025-12-11 13:23:00-05:00,LONG,-4.0713435947,312.6200000000,315.5117843992,623.6901000000,621.3598035433,320.2448616858,312.6290000000,312.6915258000,311.3790000000,311.3167242000,63,19699.5661254000,1.2500000000,3.2500000000,78.7500000000,204.7500000000,2.6000000000,311.3790000000,315.8790000000,STOP,0,-78.7500000000,7.8625008000,0.4410000000,8.3035008000,-87.0535008000
GOOGL,QQQ,2025-12-11 13:23:00-05:00,2025-12-11 13:24:00-05:00,2025-12-11 13:25:00-05:00,LONG,-3.9574150451,311.4189000000,315.3721293621,623.3800000000,621.3666888108,319.4595209023,311.4000000000,311.4622800000,310.1500000000,310.0879700000,64,19933.5859200000,1.2500000000,3.2500000000,80.0000000000,208.0000000000,2.6000000000,310.1500000000,314.6500000000,STOP,1,-80.0000000000,7.9558400000,0.4480000000,8.4038400000,-88.4038400000
GOOGL,QQQ,2025-12-11 13:25:00-05:00,2025-12-11 13:26:00-05:00,2025-12-11 13:45:00-05:00,LONG,-4.0047917181,309.6750000000,315.0389895337,623.4500000000,621.3793019630,319.2383609331,309.5900000000,309.6519180000,312.8400000000,312.7774320000,64,19817.7227520000,1.2500000000,3.2500000000,80.0000000000,208.0000000000,2.6000000000,308.3400000000,312.8400000000,TAKE_PROFIT_BRACKET,19,208.0000000000,7.9671040000,0.4480000000,8.4151040000,199.5848960000
GOOGL,QQQ,2025-12-11 15:26:00-05:00,2025-12-11 15:27:00-05:00,2025-12-11 15:59:00-05:00,SHORT,2.7179162399,311.9950000000,313.9432659350,624.7700000000,622.0038500087,319.5278883603,312.0000000000,311.9376000000,312.5000000000,312.5625000000,64,19964.0064000000,1.2500000000,3.2500000000,80.0000000000,208.0000000000,2.6000000000,313.2500000000,308.7500000000,FORCED_EOD,32,-32.0000000000,7.9936000000,0.4480000000,8.4416000000,-40.4416000000
GOOGL,QQQ,2025-12-12 10:08:00-05:00,2025-12-12 10:09:00-05:00,2025-12-12 10:58:00-05:00,SHORT,2.6155611082,310.9300000000,312.6103732573,618.9800000000,621.7083465359,307.1228520831,310.9300000000,310.8678140000,307.6800000000,307.7415360000,64,19895.5400960000,1.2500000000,3.2500000000,80.0000000000,208.0000000000,2.6000000000,312.1800000000,307.6800000000,TAKE_PROFIT_BRACKET,49,208.0000000000,7.9182080000,0.4480000000,8.3662080000,199.6337920000
GOOGL,QQQ,2025-12-12 10:58:00-05:00,2025-12-12 10:59:00-05:00,2025-12-12 12:01:00-05:00,SHORT,3.2842094570,307.2000000000,310.9334758890,614.1300000000,619.5058659262,300.1407666005,307.1650000000,307.1035670000,308.4150000000,308.4766830000,65,19961.7318550000,1.2500000000,3.2500000000,81.2500000000,211.2500000000,2.6000000000,308.4150000000,303.9150000000,STOP,62,-81.2500000000,8.0025400000,0.4550000000,8.4575400000,-89.7075400000
GOOGL,QQQ,2025-12-12 12:07:00-05:00,2025-12-12 12:08:00-05:00,2025-12-12 12:30:00-05:00,LONG,-2.6045654353,309.1900000000,309.2359059611,614.6800000000,616.8908957634,304.8027826386,309.1950000000,309.2568390000,307.9450000000,307.8834110000,64,19792.4376960000,1.2500000000,3.2500000000,80.0000000000,208.0000000000,2.6000000000,307.9450000000,312.4450000000,STOP,22,-80.0000000000,7.8993920000,0.4480000000,8.3473920000,-88.3473920000
GOOGL,QQQ,2025-12-12 13:12:00-05:00,2025-12-12 13:13:00-05:00,2025-12-12 15:31:00-05:00,LONG,-3.2731787193,310.1100000000,309.2374038071,616.9214000000,616.5445469089,309.9934696720,310.1400000000,310.2020280000,308.8900000000,308.8282220000,64,19852.9297920000,1.2500000000,3.2500000000,80.0000000000,208.0000000000,2.6000000000,308.8900000000,313.3900000000,STOP,138,-80.0000000000,7.9235840000,0.4480000000,8.3715840000,-88.3715840000
GOOGL,QQQ,2025-12-12 15:31:00-05:00,2025-12-12 15:32:00-05:00,2025-12-12 15:59:00-05:00,SHORT,3.6396566714,308.8000000000,309.3495323093,612.8200000000,616.2240151407,302.5141577321,308.8100000000,308.7482380000,309.2200000000,309.2818440000,64,19759.8872320000,1.2500000000,3.2500000000,80.0000000000,208.0000000000,2.6000000000,310.0600000000,305.5600000000,FORCED_EOD,27,-26.2400000000,7.9107840000,0.4480000000,8.3587840000,-34.5987840000
GOOGL,QQQ,2025-12-15 10:12:00-05:00,2025-12-15 10:13:00-05:00,2025-12-15 12:28:00-05:00,SHORT,2.6276264160,308.2200000000,308.4505214161,612.7110000000,615.2155635908,307.5479478940,308.2100000000,308.1483580000,304.9600000000,305.0209920000,64,19721.4949120000,1.2500000000,3.2500000000,80.0000000000,208.0000000000,2.6000000000,309.4600000000,304.9600000000,TAKE_PROFIT_BRACKET,135,208.0000000000,7.8485760000,0.4480000000,8.2965760000,199.7034240000
GOOGL,QQQ,2025-12-15 12:28:00-05:00,2025-12-15 12:29:00-05:00,2025-12-15 14:07:00-05:00,LONG,-3.3133326127,305.0500000000,307.7539942328,612.0000000000,613.3473255171,307.2680772385,305.0450000000,305.1060090000,308.2950000000,308.2333410000,65,19831.8905850000,1.2500000000,3.2500000000,81.2500000000,211.2500000000,2.6000000000,303.7950000000,308.2950000000,TAKE_PROFIT_BRACKET,98,211.2500000000,7.9734200000,0.4550000000,8.4284200000,202.8215800000
GOOGL,QQQ,2025-12-15 15:06:00-05:00,2025-12-15 15:07:00-05:00,2025-12-15 15:59:00-05:00,SHORT,2.7436913652,308.4200000000,307.4905458134,611.8750000000,612.9134370754,307.1160860651,308.4358000000,308.3741128400,308.2600000000,308.3216520000,64,19735.9432217600,1.2500000000,3.2500000000,80.0000000000,208.0000000000,2.6000000000,309.6858000000,305.1858000000,FORCED_EOD,52,11.2512000000,7.8937062400,0.4480000000,8.3417062400,2.9094937600
GOOGL,QQQ,2025-12-16 12:17:00-05:00,2025-12-16 12:18:00-05:00,2025-12-16 12:44:00-05:00,LONG,-2.5404879512,305.2100000000,306.9784347052,610.7800000000,609.6785505869,307.4377295336,305.1800000000,305.2410360000,303.9300000000,303.8692140000,65,19840.6673400000,1.2500000000,3.2500000000,81.2500000000,211.2500000000,2.6000000000,303.9300000000,308.4300000000,STOP,26,-81.2500000000,7.9184300000,0.4550000000,8.3734300000,-89.6234300000
GOOGL,QQQ,2025-12-16 15:54:00-05:00,2025-12-16 15:55:00-05:00,2025-12-16 15:59:00-05:00,SHORT,4.0465908081,306.8700000000,305.9384502022,613.0000000000,609.8397424554,307.2514385264,306.8800000000,306.8186240000,306.3500000000,306.4112700000,65,19943.2105600000,1.2500000000,3.2500000000,81.2500000000,211.2500000000,2.6000000000,308.1300000000,303.6300000000,FORCED_EOD,4,34.4500000000,7.9719900000,0.4550000000,8.4269900000,26.0230100000
GOOGL,QQQ,2025-12-17 11:04:00-05:00,2025-12-17 11:05:00-05:00,2025-12-17 12:24:00-05:00,SHORT,2.7532409536,298.8400000000,300.2582552857,605.1900000000,608.9342034617,299.3105217261,298.8600000000,298.8002280000,300.1100000000,300.1700220000,66,19720.8150480000,1.2500000000,3.2500000000,82.5000000000,214.5000000000,2.6000000000,300.1100000000,295.6100000000,STOP,79,-82.5000000000,7.9064040000,0.4620000000,8.3684040000,-90.8684040000
GOOGL,QQQ,2025-12-17 13:55:00-05:00,2025-12-17 13:56:00-05:00,2025-12-17 14:49:00-05:00,LONG,-3.4993795971,298.0150000000,299.7853712191,601.7900000000,606.1459121853,298.6794744156,298.0300000000,298.0896060000,296.7800000000,296.7206440000,67,19972.0036020000,1.2500000000,3.2500000000,83.7500000000,217.7500000000,2.6000000000,296.7800000000,301.2800000000,STOP,53,-83.7500000000,7.9704540000,0.4690000000,8.4394540000,-92.1894540000
GOOGL,QQQ,2025-12-17 15:39:00-05:00,2025-12-17 15:40:00-05:00,2025-12-17 15:59:00-05:00,SHORT,2.6665809976,297.4838000000,299.3437479512,601.7400000000,605.2463431714,298.4535334432,297.4600000000,297.4005080000,296.6700000000,296.7293340000,67,19925.8340360000,1.2500000000,3.2500000000,83.7500000000,217.7500000000,2.6000000000,298.7100000000,294.2100000000,FORCED_EOD,19,52.9300000000,7.9613420000,0.4690000000,8.4303420000,44.4996580000
GOOGL,QQQ,2025-12-18 11:50:00-05:00,2025-12-18 11:51:00-05:00,2025-12-18 15:59:00-05:00,SHORT,3.3649693405,303.2536000000,301.4163349737,612.3800000000,610.3306325922,301.9772344075,303.2300000000,303.1693540000,302.4000000000,302.4604800000,65,19706.0080100000,1.2500000000,3.2500000000,81.2500000000,211.2500000000,2.6000000000,304.4800000000,299.9800000000,FORCED_EOD,248,53.9500000000,7.8731900000,0.4550000000,8.3281900000,45.6218100000
GOOGL,QQQ,2025-12-19 10:08:00-05:00,2025-12-19 10:09:00-05:00,2025-12-19 10:20:00-05:00,SHORT,2.6892325274,304.8700000000,302.5336001976,616.5000000000,615.2022240348,303.2353729587,304.8600000000,304.7990280000,306.1100000000,306.1712220000,65,19811.9368200000,1.2500000000,3.2500000000,81.2500000000,211.2500000000,2.6000000000,306.1100000000,301.6100000000,STOP,11,-81.2500000000,7.9426100000,0.4550000000,8.3976100000,-89.6476100000
GOOGL,QQQ,2025-12-19 11:33:00-05:00,2025-12-19 11:34:00-05:00,2025-12-19 13:41:00-05:00,LONG,-2.5293211326,305.1800000000,303.3495724640,616.4600000000,615.3265486302,303.9640155862,305.1900000000,305.2510380000,303.9400000000,303.8792120000,65,19841.3174700000,1.2500000000,3.2500000000,81.2500000000,211.2500000000,2.6000000000,303.9400000000,308.4400000000,STOP,127,-81.2500000000,7.9186900000,0.4550000000,8.3736900000,-89.6236900000
GOOGL,QQQ,2025-12-19 13:57:00-05:00,2025-12-19 13:58:00-05:00,2025-12-19 15:55:00-05:00,SHORT,2.7420376941,304.7400000000,303.7116843525,616.4700000000,615.7326676233,304.1116048564,304.7400000000,304.6790520000,305.9900000000,306.0511980000,65,19804.1383800000,1.2500000000,3.2500000000,81.2500000000,211.2500000000,2.6000000000,305.9900000000,301.4900000000,STOP,117,-81.2500000000,7.9394900000,0.4550000000,8.3944900000,-89.6444900000
GOOGL,QQQ,2025-12-19 15:55:00-05:00,2025-12-19 15:56:00-05:00,2025-12-19 15:59:00-05:00,SHORT,4.7448391657,306.1200000000,303.9094655478,616.8400000000,616.0259468806,304.3510756793,306.1000000000,306.0387800000,307.1700000000,307.2314340000,65,19892.5207000000,1.2500000000,3.2500000000,81.2500000000,211.2500000000,2.6000000000,307.3500000000,302.8500000000,FORCED_EOD,3,-69.5500000000,7.9725100000,0.4550000000,8.4275100000,-77.9775100000
GOOGL,QQQ,2025-12-22 11:09:00-05:00,2025-12-22 11:10:00-05:00,2025-12-22 15:05:00-05:00,SHORT,2.7092158276,308.3100000000,307.2535767068,619.2300000000,619.5108429779,307.0538596048,308.3500000000,308.2883300000,309.6000000000,309.6619200000,64,19730.4531200000,1.2500000000,3.2500000000,80.0000000000,208.0000000000,2.6000000000,309.6000000000,305.1000000000,STOP,235,-80.0000000000,7.9097600000,0.4480000000,8.3577600000,-88.3577600000
GOOGL,QQQ,2025-12-22 15:05:00-05:00,2025-12-22 15:06:00-05:00,2025-12-22 15:59:00-05:00,SHORT,2.8523440106,309.5900000000,308.0619329426,619.1600000000,619.4552438588,307.8514036039,309.6000000000,309.5380800000,309.7700000000,309.8319540000,64,19810.4371200000,1.2500000000,3.2500000000,80.0000000000,208.0000000000,2.6000000000,310.8500000000,306.3500000000,FORCED_EOD,53,-10.8800000000,7.9279360000,0.4480000000,8.3759360000,-19.2559360000
GOOGL,QQQ,2025-12-23 13:29:00-05:00,2025-12-23 13:30:00-05:00,2025-12-23 15:59:00-05:00,SHORT,3.1147547419,314.1900000000,313.0259479460,621.1700000000,620.1881464492,313.7765054886,314.2000000000,314.1371600000,314.3100000000,314.3728620000,63,19790.6410800000,1.2500000000,3.2500000000,78.7500000000,204.7500000000,2.6000000000,315.4500000000,310.9500000000,FORCED_EOD,149,-6.9300000000,7.9192260000,0.4410000000,8.3602260000,-15.2902260000
GOOGL,QQQ,2025-12-24 12:22:00-05:00,2025-12-24 12:23:00-05:00,2025-12-24 12:59:00-05:00,LONG,-2.6392039050,313.2300000000,313.2122590665,623.7850000000,622.8814537983,313.9049943063,313.2600000000,313.3226520000,314.0800000000,314.0171840000,63,19739.3270760000,1.2500000000,3.2500000000,78.7500000000,204.7500000000,2.6000000000,312.0100000000,316.5100000000,FORCED_EOD,36,51.6600000000,7.9044840000,0.4410000000,8.3454840000,43.3145160000
GOOGL,QQQ,2025-12-26 13:41:00-05:00,2025-12-26 13:42:00-05:00,2025-12-26 15:59:00-05:00,SHORT,2.9520829850,313.9600000000,313.4759288832,624.1900000000,624.2686098733,313.4331210445,313.9600000000,313.8972080000,313.5500000000,313.6127100000,63,19775.5241040000,1.2500000000,3.2500000000,78.7500000000,204.7500000000,2.6000000000,315.2100000000,310.7100000000,FORCED_EOD,137,25.8300000000,7.9066260000,0.4410000000,8.3476260000,17.4823740000
GOOGL,QQQ,2025-12-29 11:24:00-05:00,2025-12-29 11:25:00-05:00,2025-12-29 15:59:00-05:00,LONG,-2.6643450964,311.8311000000,312.1490933409,620.0050000000,620.6643882196,311.7272546464,311.8400000000,311.9023680000,313.5500000000,313.4872900000,64,19961.7515520000,1.2500000000,3.2500000000,80.0000000000,208.0000000000,2.6000000000,310.5900000000,315.0900000000,FORCED_EOD,274,109.4400000000,8.0049920000,0.4480000000,8.4529920000,100.9870080000
GOOGL,QQQ,2025-12-30 12:38:00-05:00,2025-12-30 12:39:00-05:00,2025-12-30 15:59:00-05:00,LONG,-2.5922482310,313.9400000000,314.3419759138,620.7600000000,620.6559585729,314.4085410388,313.9250000000,313.9877850000,313.8600000000,313.7972280000,63,19781.2304550000,1.2500000000,3.2500000000,78.7500000000,204.7500000000,2.6000000000,312.6750000000,317.1750000000,FORCED_EOD,200,-4.0950000000,7.9100910000,0.4410000000,8.3510910000,-12.4460910000
GOOGL,QQQ,2025-12-31 11:46:00-05:00,2025-12-31 11:47:00-05:00,2025-12-31 15:59:00-05:00,LONG,-2.7377185446,313.1900000000,313.3924996603,617.3050000000,617.7750573009,313.1266609116,313.1600000000,313.2226320000,313.0000000000,312.9374000000,63,19733.0258160000,1.2500000000,3.2500000000,78.7500000000,204.7500000000,2.6000000000,311.9100000000,316.4100000000,FORCED_EOD,252,-10.0800000000,7.8896160000,0.4410000000,8.3306160000,-18.4106160000
GOOGL,QQQ,2026-01-02 10:07:00-05:00,2026-01-02 10:08:00-05:00,2026-01-02 10:13:00-05:00,LONG,-2.5286024813,318.4850000000,320.1398223671,620.5500000000,620.7754947821,320.1165644067,318.4700000000,318.5336940000,317.2200000000,317.1565560000,62,19749.0890280000,1.2500000000,3.2500000000,77.5000000000,201.5000000000,2.6000000000,317.2200000000,321.7200000000,STOP,5,-77.5000000000,7.8825560000,0.4340000000,8.3165560000,-85.8165560000
GOOGL,QQQ,2026-01-02 14:31:00-05:00,2026-01-02 14:32:00-05:00,2026-01-02 15:59:00-05:00,SHORT,2.5682968016,315.4450000000,315.8746769583,614.0856000000,615.1201811273,315.7684219566,315.4600000000,315.3969080000,315.1200000000,315.1830240000,63,19870.0052040000,1.2500000000,3.2500000000,78.7500000000,204.7500000000,2.6000000000,316.7100000000,312.2100000000,FORCED_EOD,87,21.4200000000,7.9453080000,0.4410000000,8.3863080000,13.0336920000
GOOGL,QQQ,2026-01-05 11:22:00-05:00,2026-01-05 11:23:00-05:00,2026-01-05 11:52:00-05:00,LONG,-2.7350500600,316.3200000000,317.1732572370,620.1400000000,618.9590791186,317.4679084911,316.3200000000,316.3832640000,315.0700000000,315.0069860000,63,19932.1456320000,1.2500000000,3.2500000000,78.7500000000,204.7500000000,2.6000000000,315.0700000000,319.5700000000,STOP,29,-78.7500000000,7.9555140000,0.4410000000,8.3965140000,-87.1465140000
GOOGL,QQQ,2026-01-05 11:52:00-05:00,2026-01-05 11:53:00-05:00,2026-01-05 15:59:00-05:00,LONG,-3.1757000339,314.9900000000,317.0316519794,620.2800000000,619.1196681811,317.3209617440,315.0200000000,315.0830040000,316.6900000000,316.6266620000,63,19850.2292520000,1.2500000000,3.2500000000,78.7500000000,204.7500000000,2.6000000000,313.7700000000,318.2700000000,FORCED_EOD,246,105.2100000000,7.9595460000,0.4410000000,8.4005460000,96.8094540000
GOOGL,QQQ,2026-01-06 13:10:00-05:00,2026-01-06 13:11:00-05:00,2026-01-06 15:59:00-05:00,LONG,-2.5348575800,312.9100000000,315.0749761328,622.0700000000,620.9999592449,315.3192495510,312.9150000000,312.9775830000,314.3400000000,314.2771320000,63,19717.5877290000,1.2500000000,3.2500000000,78.7500000000,204.7500000000,2.6000000000,311.6650000000,316.1650000000,FORCED_EOD,168,89.7750000000,7.9034130000,0.4410000000,8.3444130000,81.4305870000
GOOGL,QQQ,2026-01-07 11:38:00-05:00,2026-01-07 11:39:00-05:00,2026-01-07 13:30:00-05:00,LONG,-2.9449597108,318.9500000000,319.5559965914,625.6700000000,624.6935888823,319.6558913345,318.9700000000,319.0337940000,322.2200000000,322.1555560000,62,19780.0952280000,1.2500000000,3.2500000000,77.5000000000,201.5000000000,2.6000000000,317.7200000000,322.2200000000,TAKE_PROFIT_BRACKET,111,201.5000000000,7.9507560000,0.4340000000,8.3847560000,193.1152440000
GOOGL,QQQ,2026-01-07 13:30:00-05:00,2026-01-07 13:31:00-05:00,2026-01-07 13:34:00-05:00,SHORT,4.7272963607,322.4600000000,319.9157174875,626.6900000000,625.5087020432,320.0365521880,322.4550000000,322.3905090000,323.7050000000,323.7697410000,62,19988.2115580000,1.2500000000,3.2500000000,77.5000000000,201.5000000000,2.6000000000,323.7050000000,319.2050000000,STOP,3,-77.5000000000,8.0123840000,0.4340000000,8.4463840000,-85.9463840000
GOOGL,QQQ,2026-01-07 13:34:00-05:00,2026-01-07 13:35:00-05:00,2026-01-07 13:43:00-05:00,SHORT,4.3188874592,323.7350000000,320.0457026506,626.9000000000,625.5238086944,320.1865267431,323.7400000000,323.6752520000,324.9900000000,325.0549980000,61,19744.1903720000,1.2500000000,3.2500000000,76.2500000000,198.2500000000,2.6000000000,324.9900000000,320.4900000000,STOP,8,-76.2500000000,7.9145060000,0.4270000000,8.3415060000,-84.5915060000
GOOGL,QQQ,2026-01-07 13:43:00-05:00,2026-01-07 13:44:00-05:00,2026-01-07 14:27:00-05:00,SHORT,2.6971137493,325.3150000000,320.3715716166,627.3356000000,625.5657331419,320.5528523348,325.2900000000,325.2249420000,322.0400000000,322.1044080000,61,19838.7214620000,1.2500000000,3.2500000000,76.2500000000,198.2500000000,2.6000000000,326.5400000000,322.0400000000,TAKE_PROFIT_BRACKET,43,198.2500000000,7.8974260000,0.4270000000,8.3244260000,189.9255740000
GOOGL,QQQ,2026-01-08 13:06:00-05:00,2026-01-08 13:07:00-05:00,2026-01-08 14:35:00-05:00,LONG,-2.9018618504,326.3900000000,325.7930967912,619.8700000000,619.9586395857,325.7837806326,326.4000000000,326.4652800000,325.1500000000,325.0849700000,61,19914.3820800000,1.2500000000,3.2500000000,76.2500000000,198.2500000000,2.6000000000,325.1500000000,329.6500000000,STOP,88,-76.2500000000,7.9489100000,0.4270000000,8.3759100000,-84.6259100000
GOOGL,QQQ,2026-01-08 14:35:00-05:00,2026-01-08 14:36:00-05:00,2026-01-08 15:59:00-05:00,LONG,-3.1857982176,325.0900000000,325.8087275343,619.1600000000,619.8645109003,325.7346675435,325.0800000000,325.1450160000,325.4000000000,325.3349200000,61,19833.8459760000,1.2500000000,3.2500000000,76.2500000000,198.2500000000,2.6000000000,323.8300000000,328.3300000000,FORCED_EOD,83,19.5200000000,7.9358560000,0.4270000000,8.3628560000,11.1571440000
GOOGL,QQQ,2026-01-09 10:09:00-05:00,2026-01-09 10:10:00-05:00,2026-01-09 11:24:00-05:00,LONG,-2.5527913804,327.4750000000,328.3686804833,619.7069000000,621.3661124063,328.1933141807,327.5050000000,327.5705010000,330.7550000000,330.6888490000,61,19981.8005610000,1.2500000000,3.2500000000,76.2500000000,198.2500000000,2.6000000000,326.2550000000,330.7550000000,TAKE_PROFIT_BRACKET,74,198.2500000000,8.0307720000,0.4270000000,8.4577720000,189.7922280000
GOOGL,QQQ,2026-01-09 11:24:00-05:00,2026-01-09 11:25:00-05:00,2026-01-09 15:59:00-05:00,SHORT,2.5214690066,330.6800000000,328.8284855694,625.3840000000,622.6506650234,329.1171862651,330.6900000000,330.6238620000,328.4800000000,328.5456960000,60,19837.4317200000,1.2500000000,3.2500000000,75.0000000000,195.0000000000,2.6000000000,331.9400000000,327.4400000000,FORCED_EOD,274,132.6000000000,7.9100400000,0.4200000000,8.3300400000,124.2699600000
GOOGL,QQQ,2026-01-12 10:23:00-05:00,2026-01-12 10:24:00-05:00,2026-01-12 10:24:00-05:00,SHORT,2.9911192064,330.9650000000,327.4921651562,626.3400000000,625.2739542614,327.6038351289,330.9600000000,330.8938080000,332.2100000000,332.2764420000,60,19853.6284800000,1.2500000000,3.2500000000,75.0000000000,195.0000000000,2.6000000000,332.2100000000,327.7100000000,STOP,0,-75.0000000000,7.9580400000,0.4200000000,8.3780400000,-83.3780400000
GOOGL,QQQ,2026-01-12 10:24:00-05:00,2026-01-12 10:25:00-05:00,2026-01-12 10:25:00-05:00,SHORT,3.1894384795,331.9400000000,327.8319865986,626.4100000000,625.3039379572,327.9479630046,332.0200000000,331.9535960000,333.2700000000,333.3366540000,60,19917.2157600000,1.2500000000,3.2500000000,75.0000000000,195.0000000000,2.6000000000,333.2700000000,328.7700000000,STOP,0,-75.0000000000,7.9834800000,0.4200000000,8.4034800000,-83.4034800000
GOOGL,QQQ,2026-01-12 10:25:00-05:00,2026-01-12 10:26:00-05:00,2026-01-12 10:30:00-05:00,SHORT,3.6706051764,333.5700000000,328.1522267998,626.7150000000,625.3175622586,328.2988954157,333.5500000000,333.4832900000,330.3000000000,330.3660600000,59,19675.5141100000,1.2500000000,3.2500000000,73.7500000000,191.7500000000,2.6000000000,334.8000000000,330.3000000000,TAKE_PROFIT_BRACKET,4,191.7500000000,7.8334300000,0.4130000000,8.2464300000,183.5035700000
GOOGL,QQQ,2026-01-12 12:43:00-05:00,2026-01-12 12:44:00-05:00,2026-01-12 15:59:00-05:00,LONG,-2.5308303251,329.4250000000,328.8332299856,627.3800000000,625.9208899597,328.9865413306,329.4300000000,329.4958860000,331.8600000000,331.7936280000,60,19769.7531600000,1.2500000000,3.2500000000,75.0000000000,195.0000000000,2.6000000000,328.1800000000,332.6800000000,FORCED_EOD,195,145.8000000000,7.9354800000,0.4200000000,8.3554800000,137.4445200000
GOOGL,QQQ,2026-01-13 10:26:00-05:00,2026-01-13 10:27:00-05:00,2026-01-13 10:41:00-05:00,LONG,-2.5363765530,335.6100000000,337.7707890250,624.3450000000,627.2176847775,337.4613879901,335.6200000000,335.6871240000,334.3700000000,334.3031260000,59,19805.5403160000,1.2500000000,3.2500000000,73.7500000000,191.7500000000,2.6000000000,334.3700000000,338.8700000000,STOP,14,-73.7500000000,7.9058820000,0.4130000000,8.3188820000,-82.0688820000
GOOGL,QQQ,2026-01-13 12:50:00-05:00,2026-01-13 12:51:00-05:00,2026-01-13 13:51:00-05:00,LONG,-2.5122696231,338.2600000000,337.6764592782,626.6100000000,626.9202500022,337.6430374444,338.2200000000,338.2876440000,336.9700000000,336.9026060000,59,19958.9709960000,1.2500000000,3.2500000000,73.7500000000,191.7500000000,2.6000000000,336.9700000000,341.4700000000,STOP,60,-73.7500000000,7.9672420000,0.4130000000,8.3802420000,-82.1302420000
GOOGL,QQQ,2026-01-13 15:10:00-05:00,2026-01-13 15:11:00-05:00,2026-01-13 15:59:00-05:00,LONG,-2.5753886854,335.7000000000,337.5910421966,624.6600000000,626.4111714996,337.4022908338,335.6800000000,335.7471360000,336.0000000000,335.9328000000,59,19809.0810240000,1.2500000000,3.2500000000,73.7500000000,191.7500000000,2.6000000000,334.4300000000,338.9300000000,FORCED_EOD,48,18.8800000000,7.9258240000,0.4130000000,8.3388240000,10.5411760000
GOOGL,QQQ,2026-01-14 11:25:00-05:00,2026-01-14 11:26:00-05:00,2026-01-14 13:52:00-05:00,SHORT,2.7135067205,333.9000000000,332.8491696388,618.0300000000,618.8534687554,332.7605894158,333.9000000000,333.8332200000,335.1500000000,335.2170300000,59,19696.1599800000,1.2500000000,3.2500000000,73.7500000000,191.7500000000,2.6000000000,335.1500000000,330.6500000000,STOP,146,-73.7500000000,7.8947900000,0.4130000000,8.3077900000,-82.0577900000
GOOGL,QQQ,2026-01-14 13:56:00-05:00,2026-01-14 13:57:00-05:00,2026-01-14 15:59:00-05:00,SHORT,2.6439080933,335.5550000000,333.0206820775,616.6500000000,617.7739170803,332.8995090651,335.5500000000,335.4828900000,335.8100000000,335.8771620000,59,19793.4905100000,1.2500000000,3.2500000000,73.7500000000,191.7500000000,2.6000000000,336.8000000000,332.3000000000,FORCED_EOD,122,-15.3400000000,7.9220480000,0.4130000000,8.3350480000,-23.6750480000
GOOGL,QQQ,2026-01-15 13:09:00-05:00,2026-01-15 13:10:00-05:00,2026-01-15 15:59:00-05:00,SHORT,2.9001497625,333.1850000000,333.2111070000,625.9001000000,625.7444650482,333.2414400885,333.1800000000,333.1133640000,332.7400000000,332.8065480000,60,19986.8018400000,1.2500000000,3.2500000000,75.0000000000,195.0000000000,2.6000000000,334.4300000000,329.9300000000,FORCED_EOD,169,26.4000000000,7.9910400000,0.4200000000,8.4110400000,17.9889600000
GOOGL,QQQ,2026-01-16 11:31:00-05:00,2026-01-16 11:32:00-05:00,2026-01-16 15:59:00-05:00,SHORT,2.5154443422,330.1900000000,331.4693772607,622.2851000000,621.9293223520,331.5116988791,330.1900000000,330.1239620000,329.9800000000,330.0459960000,60,19807.4377200000,1.2500000000,3.2500000000,75.0000000000,195.0000000000,2.6000000000,331.4400000000,326.9400000000,FORCED_EOD,267,12.6000000000,7.9220400000,0.4200000000,8.3420400000,4.2579600000
GOOGL,QQQ,2026-01-20 13:58:00-05:00,2026-01-20 13:59:00-05:00,2026-01-20 14:45:00-05:00,LONG,-2.7848485058,323.6750000000,324.2677455208,609.4300000000,612.4343224866,323.9496036911,323.6901000000,323.7548380200,322.4401000000,322.3756119800,61,19749.0451192200,1.2500000000,3.2500000000,76.2500000000,198.2500000000,2.6000000000,322.4401000000,326.9401000000,STOP,46,-76.2500000000,7.8827884400,0.4270000000,8.3097884400,-84.5597884400
GOOGL,QQQ,2026-01-21 14:28:00-05:00,2026-01-21 14:29:00-05:00,2026-01-21 14:45:00-05:00,SHORT,2.7492331393,328.5600000000,326.9262051843,614.5300000000,611.7556994946,328.0683607864,328.5500000000,328.4842900000,329.8000000000,329.8659600000,60,19709.0574000000,1.2500000000,3.2500000000,75.0000000000,195.0000000000,2.6000000000,329.8000000000,325.3000000000,STOP,16,-75.0000000000,7.9002000000,0.4200000000,8.3202000000,-83.3202000000
GOOGL,QQQ,2026-01-21 14:45:00-05:00,2026-01-21 14:46:00-05:00,2026-01-21 15:30:00-05:00,SHORT,5.9302713492,331.8300000000,327.1062136849,618.9100000000,612.3107056302,329.8221182586,331.9000000000,331.8336200000,328.6500000000,328.7157300000,60,19910.0172000000,1.2500000000,3.2500000000,75.0000000000,195.0000000000,2.6000000000,333.1500000000,328.6500000000,TAKE_PROFIT_BRACKET,44,195.0000000000,7.9266000000,0.4200000000,8.3466000000,186.6534000000
GOOGL,QQQ,2026-01-22 11:19:00-05:00,2026-01-22 11:20:00-05:00,2026-01-22 15:59:00-05:00,SHORT,2.7611152605,331.9121000000,332.1335036955,620.5500000000,619.7587098580,332.5563761877,331.8950000000,331.8286210000,330.5000000000,330.5661000000,60,19909.7172600000,1.2500000000,3.2500000000,75.0000000000,195.0000000000,2.6000000000,333.1450000000,328.6450000000,FORCED_EOD,279,83.7000000000,7.9487400000,0.4200000000,8.3687400000,75.3312600000
GOOGL,QQQ,2026-01-23 11:41:00-05:00,2026-01-23 11:42:00-05:00,2026-01-23 11:51:00-05:00,LONG,-2.5522348265,329.8700000000,331.2525338813,624.7800000000,622.3947232822,332.7423314161,329.8650000000,329.9309730000,328.6000000000,328.5342800000,60,19795.8583800000,1.2500000000,3.2500000000,75.0000000000,195.0000000000,2.6000000000,328.6150000000,333.1150000000,STOP,9,-75.9000000000,7.9015800000,0.4200000000,8.3215800000,-84.2215800000
GOOGL,QQQ,2026-01-23 11:51:00-05:00,2026-01-23 11:52:00-05:00,2026-01-23 15:59:00-05:00,LONG,-4.2460790708,328.0850000000,331.1022214527,624.6400000000,622.4989418320,332.4386542297,328.0500000000,328.1156100000,327.9200000000,327.8544160000,60,19686.9366000000,1.2500000000,3.2500000000,75.0000000000,195.0000000000,2.6000000000,326.8000000000,331.3000000000,FORCED_EOD,247,-7.8000000000,7.8716400000,0.4200000000,8.2916400000,-16.0916400000
GOOGL,QQQ,2026-01-26 13:07:00-05:00,2026-01-26 13:08:00-05:00,2026-01-26 15:50:00-05:00,LONG,-2.7905270526,334.8000000000,332.4190206584,626.5189000000,625.8357680734,332.8469715241,334.8000000000,334.8669600000,333.5500000000,333.4832900000,59,19757.1506400000,1.2500000000,3.2500000000,73.7500000000,191.7500000000,2.6000000000,333.5500000000,338.0500000000,STOP,162,-73.7500000000,7.8865300000,0.4130000000,8.2995300000,-82.0495300000
GOOGL,QQQ,2026-01-27 11:18:00-05:00,2026-01-27 11:19:00-05:00,2026-01-27 12:58:00-05:00,LONG,-2.6816342145,336.1300000000,336.4491217281,631.7400000000,630.0733748705,337.5395355738,336.1150000000,336.1822230000,334.8650000000,334.7980270000,59,19834.7511570000,1.2500000000,3.2500000000,73.7500000000,191.7500000000,2.6000000000,334.8650000000,339.3650000000,STOP,99,-73.7500000000,7.9175640000,0.4130000000,8.3305640000,-82.0805640000
GOOGL,QQQ,2026-01-27 13:44:00-05:00,2026-01-27 13:45:00-05:00,2026-01-27 15:59:00-05:00,SHORT,2.9159744283,335.3450000000,336.0018891662,631.2600000000,630.4912379934,336.5038614471,335.3300000000,335.2629340000,334.6000000000,334.6669200000,59,19780.5131060000,1.2500000000,3.2500000000,73.7500000000,191.7500000000,2.6000000000,336.5800000000,332.0800000000,FORCED_EOD,134,43.0700000000,7.9051740000,0.4130000000,8.3181740000,34.7518260000
GOOGL,QQQ,2026-01-28 12:18:00-05:00,2026-01-28 12:19:00-05:00,2026-01-28 14:54:00-05:00,LONG,-2.6244959787,333.1250000000,334.8601418647,633.1600000000,634.4745464240,333.7331853111,333.1000000000,333.1666200000,336.3500000000,336.2827300000,60,19989.9972000000,1.2500000000,3.2500000000,75.0000000000,195.0000000000,2.6000000000,331.8500000000,336.3500000000,TAKE_PROFIT_BRACKET,155,195.0000000000,8.0334000000,0.4200000000,8.4534000000,186.5466000000
GOOGL,QQQ,2026-01-28 14:56:00-05:00,2026-01-28 14:57:00-05:00,2026-01-28 15:59:00-05:00,SHORT,2.5995362557,336.3700000000,334.5983614484,633.7600000000,633.9384534593,334.4453641799,336.3600000000,336.2927280000,336.1400000000,336.2072280000,59,19841.2709520000,1.2500000000,3.2500000000,73.7500000000,191.7500000000,2.6000000000,337.6100000000,333.1100000000,FORCED_EOD,62,12.9800000000,7.9355000000,0.4130000000,8.3485000000,4.6315000000
GOOGL,QQQ,2026-01-29 11:10:00-05:00,2026-01-29 11:11:00-05:00,2026-01-29 11:37:00-05:00,SHORT,2.7137226612,329.6100000000,331.7282661230,619.4500000000,624.5436076906,330.2029695081,329.6400000000,329.5740720000,330.8900000000,330.9561780000,60,19774.4443200000,1.2500000000,3.2500000000,75.0000000000,195.0000000000,2.6000000000,330.8900000000,326.3900000000,STOP,26,-75.0000000000,7.9263600000,0.4200000000,8.3463600000,-83.3463600000
GOOGL,QQQ,2026-01-29 14:39:00-05:00,2026-01-29 14:40:00-05:00,2026-01-29 15:55:00-05:00,LONG,-2.6408860932,335.6100000000,332.4634402427,625.9100000000,624.3308440513,332.9375328976,335.6600000000,335.7271320000,338.9100000000,338.8422180000,59,19807.9007880000,1.2500000000,3.2500000000,73.7500000000,191.7500000000,2.6000000000,334.4100000000,338.9100000000,TAKE_PROFIT_BRACKET,75,191.7500000000,7.9599260000,0.4130000000,8.3729260000,183.3770740000
GOOGL,QQQ,2026-01-30 12:06:00-05:00,2026-01-30 12:07:00-05:00,2026-01-30 15:59:00-05:00,LONG,-2.8096576579,336.7300000000,337.5216945135,622.4950000000,625.9666896914,337.1473069920,336.7150000000,336.7823430000,338.2300000000,338.1623540000,59,19870.1582370000,1.2500000000,3.2500000000,73.7500000000,191.7500000000,2.6000000000,335.4650000000,339.9650000000,FORCED_EOD,232,89.3850000000,7.9643510000,0.4130000000,8.3773510000,81.0076490000
GOOGL,QQQ,2026-02-02 14:21:00-05:00,2026-02-02 14:22:00-05:00,2026-02-02 15:59:00-05:00,SHORT,2.5279542863,344.3700000000,341.2461816401,628.2200000000,625.7314410611,341.6809105524,344.3899000000,344.3210220200,343.8000000000,343.8687600000,58,19970.6192771600,1.2500000000,3.2500000000,72.5000000000,188.5000000000,2.6000000000,345.6399000000,341.1399000000,FORCED_EOD,97,34.2142000000,7.9830028400,0.4060000000,8.3890028400,25.8251971600
GOOGL,QQQ,2026-02-03 12:12:00-05:00,2026-02-03 12:13:00-05:00,2026-02-03 12:36:00-05:00,LONG,-2.7710993884,341.6000000000,344.2825385334,615.4250000000,620.4974747858,343.2111318396,341.6100000000,341.6783220000,340.3600000000,340.2919280000,58,19817.3426760000,1.2500000000,3.2500000000,72.5000000000,188.5000000000,2.6000000000,340.3600000000,344.8600000000,STOP,23,-72.5000000000,7.9108520000,0.4060000000,8.3168520000,-80.8168520000
GOOGL,QQQ,2026-02-03 15:29:00-05:00,2026-02-03 15:30:00-05:00,2026-02-03 15:59:00-05:00,SHORT,2.5951350058,339.4400000000,342.4419906168,613.6850000000,617.4970455127,341.6372244936,339.4600000000,339.3921080000,339.7400000000,339.8079480000,58,19684.7422640000,1.2500000000,3.2500000000,72.5000000000,188.5000000000,2.6000000000,340.7100000000,336.2100000000,FORCED_EOD,29,-16.2400000000,7.8787200000,0.4060000000,8.2847200000,-24.5247200000
GOOGL,QQQ,2026-02-04 12:00:00-05:00,2026-02-04 12:01:00-05:00,2026-02-04 12:43:00-05:00,SHORT,2.5734144975,332.4750000000,335.9827184961,606.2500000000,609.9229627800,334.0866905547,332.5000000000,332.4335000000,329.2500000000,329.3158500000,60,19946.0100000000,1.2500000000,3.2500000000,75.0000000000,195.0000000000,2.6000000000,333.7500000000,329.2500000000,TAKE_PROFIT_BRACKET,42,195.0000000000,7.9410000000,0.4200000000,8.3610000000,186.6390000000
GOOGL,QQQ,2026-02-04 14:15:00-05:00,2026-02-04 14:16:00-05:00,2026-02-04 14:43:00-05:00,LONG,-3.0856893553,329.9600000000,334.2769048026,603.6200000000,607.4004463199,332.3272371266,329.9500000000,330.0159900000,333.2000000000,333.1333600000,60,19800.9594000000,1.2500000000,3.2500000000,75.0000000000,195.0000000000,2.6000000000,328.7000000000,333.2000000000,TAKE_PROFIT_BRACKET,27,195.0000000000,7.9578000000,0.4200000000,8.3778000000,186.6222000000
GOOGL,QQQ,2026-02-05 12:47:00-05:00,2026-02-05 12:48:00-05:00,2026-02-05 14:02:00-05:00,SHORT,2.6740385137,324.7300000000,318.8889468548,602.3500000000,599.0299527857,321.2549892656,324.7450000000,324.6800510000,325.9950000000,326.0601990000,61,19805.4831110000,1.2500000000,3.2500000000,76.2500000000,198.2500000000,2.6000000000,325.9950000000,321.4950000000,STOP,74,-76.2500000000,7.9390280000,0.4270000000,8.3660280000,-84.6160280000
GOOGL,QQQ,2026-02-05 14:04:00-05:00,2026-02-05 14:05:00-05:00,2026-02-05 14:12:00-05:00,SHORT,2.6432981458,327.4026000000,319.7431423077,599.1300000000,599.1597262146,319.7219056791,327.4210000000,327.3555158000,328.6710000000,328.7367342000,61,19968.6864638000,1.2500000000,3.2500000000,76.2500000000,198.2500000000,2.6000000000,328.6710000000,324.1710000000,STOP,7,-76.2500000000,8.0043224000,0.4270000000,8.4313224000,-84.6813224000
GOOGL,QQQ,2026-02-05 15:16:00-05:00,2026-02-05 15:17:00-05:00,2026-02-05 15:58:00-05:00,SHORT,2.8255129779,331.0650000000,321.1035945279,598.6600000000,599.2389246399,320.6883016120,331.0880000000,331.0217824000,332.3380000000,332.4044676000,60,19861.3069440000,1.2500000000,3.2500000000,75.0000000000,195.0000000000,2.6000000000,332.3380000000,327.8380000000,STOP,41,-75.0000000000,7.9611120000,0.4200000000,8.3811120000,-83.3811120000
GOOGL,QQQ,2026-02-06 11:04:00-05:00,2026-02-06 11:05:00-05:00,2026-02-06 12:55:00-05:00,LONG,-2.7497676292,321.2845000000,324.0845558189,604.9800000000,602.7226674356,325.6219719148,321.3400000000,321.4042680000,324.5900000000,324.5250820000,62,19927.0646160000,1.2500000000,3.2500000000,77.5000000000,201.5000000000,2.6000000000,320.0900000000,324.5900000000,TAKE_PROFIT_BRACKET,110,201.5000000000,8.0095320000,0.4340000000,8.4435320000,193.0564680000
GOOGL,QQQ,2026-02-06 12:55:00-05:00,2026-02-06 12:56:00-05:00,2026-02-06 15:59:00-05:00,SHORT,2.9860139767,324.5400000000,323.3292727530,608.0350000000,604.1634386249,325.9536834554,324.5600000000,324.4950880000,322.9200000000,322.9845840000,61,19794.2003680000,1.2500000000,3.2500000000,76.2500000000,198.2500000000,2.6000000000,325.8100000000,321.3100000000,FORCED_EOD,183,100.0400000000,7.8992560000,0.4270000000,8.3262560000,91.7137440000
GOOGL,QQQ,2026-02-09 11:51:00-05:00,2026-02-09 11:52:00-05:00,2026-02-09 15:22:00-05:00,SHORT,2.7978655059,327.2800000000,322.5818862988,615.6800000000,610.8369002343,323.0934127823,327.2800000000,327.2145440000,324.0300000000,324.0948060000,61,19960.0871840000,1.2500000000,3.2500000000,76.2500000000,198.2500000000,2.6000000000,328.5300000000,324.0300000000,TAKE_PROFIT_BRACKET,210,198.2500000000,7.9459820000,0.4270000000,8.3729820000,189.8770180000
GOOGL,QQQ,2026-02-09 15:22:00-05:00,2026-02-09 15:23:00-05:00,2026-02-09 15:59:00-05:00,LONG,-3.0800144504,324.0100000000,323.7191540432,615.4400000000,612.8097012459,323.9970471921,324.0000000000,324.0648000000,324.1200000000,324.0551760000,61,19767.9528000000,1.2500000000,3.2500000000,76.2500000000,198.2500000000,2.6000000000,322.7500000000,327.2500000000,FORCED_EOD,36,7.3200000000,7.9070640000,0.4270000000,8.3340640000,-1.0140640000
GOOGL,QQQ,2026-02-10 11:46:00-05:00,2026-02-10 11:47:00-05:00,2026-02-10 15:21:00-05:00,SHORT,2.5302508263,318.8000000000,318.0288281150,614.9000000000,615.0932437084,318.0088451057,318.8200000000,318.7562360000,320.0700000000,320.1340140000,62,19762.8866320000,1.2500000000,3.2500000000,77.5000000000,201.5000000000,2.6000000000,320.0700000000,315.5700000000,STOP,214,-77.5000000000,7.9222360000,0.4340000000,8.3562360000,-85.8562360000
GOOGL,QQQ,2026-02-10 15:22:00-05:00,2026-02-10 15:23:00-05:00,2026-02-10 15:59:00-05:00,SHORT,2.5445575714,320.1600000000,318.3952583606,612.8000000000,614.5612934120,318.2127582660,320.1750000000,320.1109650000,318.5400000000,318.6037080000,62,19846.8798300000,1.2500000000,3.2500000000,77.5000000000,201.5000000000,2.6000000000,321.4250000000,316.9250000000,FORCED_EOD,36,101.3700000000,7.9200660000,0.4340000000,8.3540660000,93.0159340000
GOOGL,QQQ,2026-02-12 10:06:00-05:00,2026-02-12 10:07:00-05:00,2026-02-12 11:37:00-05:00,SHORT,3.0189255079,312.3300000000,311.0115138543,612.0400000000,613.4175460532,310.8718267240,312.3400000000,312.2775320000,313.5900000000,313.6527180000,64,19985.7620480000,1.2500000000,3.2500000000,80.0000000000,208.0000000000,2.6000000000,313.5900000000,309.0900000000,STOP,90,-80.0000000000,8.0119040000,0.4480000000,8.4599040000,-88.4599040000
GOOGL,QQQ,2026-02-12 11:37:00-05:00,2026-02-12 11:38:00-05:00,2026-02-12 11:42:00-05:00,SHORT,3.4907886493,313.8500000000,311.0991601739,604.0100000000,608.8726684489,310.6022510009,313.8300000000,313.7672340000,315.0800000000,315.1430160000,63,19767.3357420000,1.2500000000,3.2500000000,78.7500000000,204.7500000000,2.6000000000,315.0800000000,310.5800000000,STOP,4,-78.7500000000,7.9242660000,0.4410000000,8.3652660000,-87.1152660000
GOOGL,QQQ,2026-02-12 11:42:00-05:00,2026-02-12 11:43:00-05:00,2026-02-12 12:57:00-05:00,SHORT,3.1348695703,315.4600000000,311.3044418165,604.0400000000,608.6102749752,310.8369022568,315.4700000000,315.4069060000,312.2200000000,312.2824440000,63,19870.6350780000,1.2500000000,3.2500000000,78.7500000000,204.7500000000,2.6000000000,316.7200000000,312.2200000000,TAKE_PROFIT_BRACKET,74,204.7500000000,7.9088940000,0.4410000000,8.3498940000,196.4001060000
GOOGL,QQQ,2026-02-12 12:57:00-05:00,2026-02-12 12:58:00-05:00,2026-02-12 14:03:00-05:00,LONG,-2.7941314953,312.3801000000,312.1675135298,602.2900000000,607.2695242028,311.6555676386,312.3900000000,312.4524780000,311.1400000000,311.0777720000,64,19996.9585920000,1.2500000000,3.2500000000,80.0000000000,208.0000000000,2.6000000000,311.1400000000,315.6400000000,STOP,65,-80.0000000000,7.9811840000,0.4480000000,8.4291840000,-88.4291840000
GOOGL,QQQ,2026-02-12 15:07:00-05:00,2026-02-12 15:08:00-05:00,2026-02-12 15:28:00-05:00,LONG,-2.8841505052,309.5000000000,311.9956326817,603.3800000000,606.2751991346,311.6976526598,309.5000000000,309.5619000000,308.2500000000,308.1883500000,64,19811.9616000000,1.2500000000,3.2500000000,80.0000000000,208.0000000000,2.6000000000,308.2500000000,312.7500000000,STOP,20,-80.0000000000,7.9072000000,0.4480000000,8.3552000000,-88.3552000000
GOOGL,QQQ,2026-02-12 15:28:00-05:00,2026-02-12 15:29:00-05:00,2026-02-12 15:59:00-05:00,LONG,-2.6240654522,308.1200000000,311.8370178417,601.9400000000,606.1150852314,311.4074142368,308.1400000000,308.2016280000,309.0900000000,309.0281820000,64,19724.9041920000,1.2500000000,3.2500000000,80.0000000000,208.0000000000,2.6000000000,306.8900000000,311.3900000000,FORCED_EOD,30,60.8000000000,7.9005440000,0.4480000000,8.3485440000,52.4514560000
GOOGL,QQQ,2026-02-13 10:49:00-05:00,2026-02-13 10:50:00-05:00,2026-02-13 15:59:00-05:00,LONG,-2.5635819668,304.8400000000,306.1553203593,600.2275000000,600.7920109553,306.0977869604,304.8900000000,304.9509780000,305.7400000000,305.6788520000,65,19821.8135700000,1.2500000000,3.2500000000,81.2500000000,211.2500000000,2.6000000000,303.6400000000,308.1400000000,FORCED_EOD,309,55.2500000000,7.9381900000,0.4550000000,8.3931900000,46.8568100000
GOOGL,QQQ,2026-02-17 11:01:00-05:00,2026-02-17 11:02:00-05:00,2026-02-17 11:11:00-05:00,SHORT,2.5076356727,300.3100000000,299.2837312157,598.2300000000,596.8491475718,299.4222140027,300.2900000000,300.2299420000,301.5400000000,301.6003080000,66,19815.1761720000,1.2500000000,3.2500000000,82.5000000000,214.5000000000,2.6000000000,301.5400000000,297.0400000000,STOP,9,-82.5000000000,7.9441560000,0.4620000000,8.4061560000,-90.9061560000
GOOGL,QQQ,2026-02-17 13:22:00-05:00,2026-02-17 13:23:00-05:00,2026-02-17 14:40:00-05:00,SHORT,3.0143546327,302.0999000000,299.9552450991,601.2250000000,598.2131485070,300.2572848169,302.1000000000,302.0395800000,303.3500000000,303.4106700000,66,19934.6122800000,1.2500000000,3.2500000000,82.5000000000,214.5000000000,2.6000000000,303.3500000000,298.8500000000,STOP,77,-82.5000000000,7.9919400000,0.4620000000,8.4539400000,-90.9539400000
GOOGL,QQQ,2026-02-17 15:01:00-05:00,2026-02-17 15:02:00-05:00,2026-02-17 15:59:00-05:00,LONG,-3.0258812248,302.1800000000,300.2897946397,602.6665000000,599.0667540361,300.6506782872,302.1400000000,302.2004280000,302.0300000000,301.9695940000,66,19945.2282480000,1.2500000000,3.2500000000,82.5000000000,214.5000000000,2.6000000000,300.8900000000,305.3900000000,FORCED_EOD,57,-7.2600000000,7.9750440000,0.4620000000,8.4370440000,-15.6970440000
GOOGL,QQQ,2026-02-18 12:58:00-05:00,2026-02-18 12:59:00-05:00,2026-02-18 15:11:00-05:00,SHORT,2.8390786135,304.8400000000,303.4681785219,609.1400000000,606.5191856556,303.7304402192,304.8500000000,304.7890300000,301.6000000000,301.6603200000,65,19811.2869500000,1.2500000000,3.2500000000,81.2500000000,211.2500000000,2.6000000000,306.1000000000,301.6000000000,TAKE_PROFIT_BRACKET,132,211.2500000000,7.8838500000,0.4550000000,8.3388500000,202.9111500000
GOOGL,QQQ,2026-02-18 15:54:00-05:00,2026-02-18 15:55:00-05:00,2026-02-18 15:59:00-05:00,SHORT,3.1009460470,303.8350000000,303.3001226637,606.4401000000,606.2753746797,303.3166040225,303.8200000000,303.7592360000,303.2600000000,303.3206520000,65,19744.3503400000,1.2500000000,3.2500000000,81.2500000000,211.2500000000,2.6000000000,305.0700000000,300.5700000000,FORCED_EOD,4,36.4000000000,7.8920400000,0.4550000000,8.3470400000,28.0529600000
GOOGL,QQQ,2026-02-19 11:18:00-05:00,2026-02-19 11:19:00-05:00,2026-02-19 15:59:00-05:00,SHORT,2.7253898020,304.8110000000,302.5024451537,605.5700000000,603.7588701034,302.6839319191,304.7900000000,304.7290420000,302.8600000000,302.9205720000,65,19807.3877300000,1.2500000000,3.2500000000,81.2500000000,211.2500000000,2.6000000000,306.0400000000,301.5400000000,FORCED_EOD,280,125.4500000000,7.8994500000,0.4550000000,8.3544500000,117.0955500000
GOOGL,QQQ,2026-02-20 10:43:00-05:00,2026-02-20 10:44:00-05:00,2026-02-20 10:53:00-05:00,SHORT,2.6252115225,314.1100000000,309.2950577867,608.1100000000,605.0671735740,309.6061409908,314.1200000000,314.0571760000,315.3700000000,315.4330740000,63,19785.6020880000,1.2500000000,3.2500000000,78.7500000000,204.7500000000,2.6000000000,315.3700000000,310.8700000000,STOP,9,-78.7500000000,7.9315740000,0.4410000000,8.3725740000,-87.1225740000
GOOGL,QQQ,2026-02-20 12:15:00-05:00,2026-02-20 12:16:00-05:00,2026-02-20 15:59:00-05:00,LONG,-2.9271492098,313.6900000000,311.9721555393,605.6400000000,606.6115244764,311.8722271426,313.6800000000,313.7427360000,315.0300000000,314.9669940000,63,19765.7923680000,1.2500000000,3.2500000000,78.7500000000,204.7500000000,2.6000000000,312.4300000000,316.9300000000,FORCED_EOD,223,85.0500000000,7.9217460000,0.4410000000,8.3627460000,76.6872540000
GOOGL,QQQ,2026-02-23 10:52:00-05:00,2026-02-23 10:53:00-05:00,2026-02-23 14:51:00-05:00,SHORT,3.2967445442,313.9950000000,316.4499684897,601.7300000000,604.8136108906,311.8710540985,313.9900000000,313.9272020000,310.7400000000,310.8021480000,63,19777.4137260000,1.2500000000,3.2500000000,78.7500000000,204.7500000000,2.6000000000,315.2400000000,310.7400000000,TAKE_PROFIT_BRACKET,238,204.7500000000,7.8715980000,0.4410000000,8.3125980000,196.4374020000
GOOGL,QQQ,2026-02-23 14:53:00-05:00,2026-02-23 14:54:00-05:00,2026-02-23 15:59:00-05:00,LONG,-2.5903536159,310.6800000000,314.7514100490,599.8400000000,602.2286133119,311.2084064046,310.6400000000,310.7021280000,311.5600000000,311.4976880000,64,19884.9361920000,1.2500000000,3.2500000000,80.0000000000,208.0000000000,2.6000000000,309.3900000000,313.8900000000,FORCED_EOD,65,58.8800000000,7.9641600000,0.4480000000,8.4121600000,50.4678400000
GOOGL,QQQ,2026-02-24 10:58:00-05:00,2026-02-24 10:59:00-05:00,2026-02-24 12:11:00-05:00,SHORT,2.5514582907,310.2400000000,308.2985482344,606.5500000000,604.6383256150,310.0794306798,310.2600000000,310.1979480000,311.5100000000,311.5723020000,64,19852.6686720000,1.2500000000,3.2500000000,80.0000000000,208.0000000000,2.6000000000,311.5100000000,307.0100000000,STOP,72,-80.0000000000,7.9586560000,0.4480000000,8.4066560000,-88.4066560000
GOOGL,QQQ,2026-02-24 14:38:00-05:00,2026-02-24 14:39:00-05:00,2026-02-24 15:59:00-05:00,SHORT,2.7682806225,310.7900000000,309.5086340340,607.3900000000,606.1715958593,310.6452508496,310.8100000000,310.7478380000,310.9600000000,311.0221920000,64,19887.8616320000,1.2500000000,3.2500000000,80.0000000000,208.0000000000,2.6000000000,312.0600000000,307.5600000000,FORCED_EOD,80,-9.6000000000,7.9586560000,0.4480000000,8.4066560000,-18.0066560000
GOOGL,QQQ,2026-02-25 12:30:00-05:00,2026-02-25 12:31:00-05:00,2026-02-25 15:59:00-05:00,LONG,-2.6088991001,310.4850000000,311.2418617742,615.0000000000,614.4232771421,311.5771314611,310.4850000000,310.5470970000,313.0000000000,312.9374000000,64,19875.0142080000,1.2500000000,3.2500000000,80.0000000000,208.0000000000,2.6000000000,309.2350000000,313.7350000000,FORCED_EOD,208,160.9600000000,7.9806080000,0.4480000000,8.4286080000,152.5313920000
GOOGL,QQQ,2026-02-26 11:03:00-05:00,2026-02-26 11:04:00-05:00,2026-02-26 11:22:00-05:00,SHORT,2.5511272862,305.1400000000,305.7624711005,607.5000000000,609.2777572506,304.9447103174,305.1350000000,305.0739730000,306.3850000000,306.4462770000,65,19829.8082450000,1.2500000000,3.2500000000,81.2500000000,211.2500000000,2.6000000000,306.3850000000,301.8850000000,STOP,18,-81.2500000000,7.9497600000,0.4550000000,8.4047600000,-89.6547600000
GOOGL,QQQ,2026-02-26 11:26:00-05:00,2026-02-26 11:27:00-05:00,2026-02-26 15:59:00-05:00,SHORT,2.5042668801,307.1700000000,305.7600224634,608.9400000000,609.1772396190,305.6508761137,307.1815000000,307.1200637000,307.4150000000,307.4764830000,65,19962.8041405000,1.2500000000,3.2500000000,81.2500000000,211.2500000000,2.6000000000,308.4315000000,303.9315000000,FORCED_EOD,272,-15.1775000000,7.9897545000,0.4550000000,8.4447545000,-23.6222545000
GOOGL,QQQ,2026-02-27 13:52:00-05:00,2026-02-27 13:53:00-05:00,2026-02-27 14:03:00-05:00,SHORT,2.9059821585,306.6800000000,307.6949429744,605.3500000000,605.9795183318,307.3367617399,306.7000000000,306.6386600000,307.9500000000,308.0115900000,65,19931.5129000000,1.2500000000,3.2500000000,81.2500000000,211.2500000000,2.6000000000,307.9500000000,303.4500000000,STOP,10,-81.2500000000,7.9904500000,0.4550000000,8.4454500000,-89.6954500000
GOOGL,QQQ,2026-02-27 14:03:00-05:00,2026-02-27 14:04:00-05:00,2026-02-27 15:50:00-05:00,SHORT,2.7495927548,307.9726000000,307.6594627499,606.0000000000,605.9664398329,307.6785559118,307.9800000000,307.9184040000,309.2300000000,309.2918460000,64,19706.7778560000,1.2500000000,3.2500000000,80.0000000000,208.0000000000,2.6000000000,309.2300000000,304.7300000000,STOP,106,-80.0000000000,7.9002880000,0.4480000000,8.3482880000,-88.3482880000
GOOGL,QQQ,2026-02-27 15:50:00-05:00,2026-02-27 15:51:00-05:00,2026-02-27 15:54:00-05:00,SHORT,6.1167260288,309.2700000000,307.6896096866,606.4600000000,605.9595158981,307.9743779205,309.2800000000,309.2181440000,310.5300000000,310.5921060000,64,19789.9612160000,1.2500000000,3.2500000000,80.0000000000,208.0000000000,2.6000000000,310.5300000000,306.0300000000,STOP,3,-80.0000000000,7.9335680000,0.4480000000,8.3815680000,-88.3815680000
GOOGL,QQQ,2026-02-27 15:54:00-05:00,2026-02-27 15:55:00-05:00,2026-02-27 15:57:00-05:00,SHORT,5.0369790462,311.0700000000,307.8232196280,607.0700000000,605.9751876892,308.4464064215,311.0200000000,310.9577960000,312.2700000000,312.3324540000,64,19901.2989440000,1.2500000000,3.2500000000,80.0000000000,208.0000000000,2.6000000000,312.2700000000,307.7700000000,STOP,2,-80.0000000000,7.9781120000,0.4480000000,8.4261120000,-88.4261120000
GOOGL,QQQ,2026-02-27 15:57:00-05:00,2026-02-27 15:58:00-05:00,2026-02-27 15:59:00-05:00,SHORT,3.6585323532,312.1000000000,308.1319330405,607.4600000000,605.9967017843,308.9656743605,312.1000000000,312.0375800000,311.6900000000,311.7523380000,64,19970.4051200000,1.2500000000,3.2500000000,80.0000000000,208.0000000000,2.6000000000,313.3500000000,308.8500000000,FORCED_EOD,1,26.2400000000,7.9845120000,0.4480000000,8.4325120000,17.8074880000
GOOGL,QQQ,2026-03-02 11:32:00-05:00,2026-03-02 11:33:00-05:00,2026-03-02 11:37:00-05:00,SHORT,2.9888921603,305.5750000000,304.6957988715,604.4900000000,604.4729161425,304.7010522989,305.5800000000,305.5188840000,306.8300000000,306.8913660000,65,19858.7274600000,1.2500000000,3.2500000000,81.2500000000,211.2500000000,2.6000000000,306.8300000000,302.3300000000,STOP,4,-81.2500000000,7.9613300000,0.4550000000,8.4163300000,-89.6663300000
GOOGL,QQQ,2026-03-02 11:37:00-05:00,2026-03-02 11:38:00-05:00,2026-03-02 12:30:00-05:00,SHORT,3.6365510503,306.9200000000,304.7429399827,606.0300000000,604.4950395795,305.2150087538,306.9100000000,306.8486180000,308.1600000000,308.2216320000,65,19945.1601700000,1.2500000000,3.2500000000,81.2500000000,211.2500000000,2.6000000000,308.1600000000,303.6600000000,STOP,52,-81.2500000000,7.9959100000,0.4550000000,8.4509100000,-89.7009100000
GOOGL,QQQ,2026-03-02 12:41:00-05:00,2026-03-02 12:42:00-05:00,2026-03-02 13:38:00-05:00,LONG,-2.7956609005,307.5600000000,305.2708447122,608.6700000000,605.2688789644,306.3173134283,307.5800000000,307.6415160000,306.3300000000,306.2687340000,65,19996.6985400000,1.2500000000,3.2500000000,81.2500000000,211.2500000000,2.6000000000,306.3300000000,310.8300000000,STOP,56,-81.2500000000,7.9808300000,0.4550000000,8.4358300000,-89.6858300000
GOOGL,QQQ,2026-03-02 15:03:00-05:00,2026-03-02 15:04:00-05:00,2026-03-02 15:11:00-05:00,LONG,-3.1300716711,306.6400000000,305.7749747555,609.2700000000,606.2082055559,306.7171318816,306.6400000000,306.7013280000,305.3900000000,305.3289220000,65,19935.5863200000,1.2500000000,3.2500000000,81.2500000000,211.2500000000,2.6000000000,305.3900000000,309.8900000000,STOP,7,-81.2500000000,7.9563900000,0.4550000000,8.4113900000,-89.6613900000
GOOGL,QQQ,2026-03-02 15:11:00-05:00,2026-03-02 15:12:00-05:00,2026-03-02 15:59:00-05:00,LONG,-2.5611122156,305.7250000000,305.7883408250,607.3800000000,606.2926763052,306.1228935955,305.7100000000,305.7711420000,306.2600000000,306.1987480000,65,19875.1242300000,1.2500000000,3.2500000000,81.2500000000,211.2500000000,2.6000000000,304.4600000000,308.9600000000,FORCED_EOD,47,35.7500000000,7.9556100000,0.4550000000,8.4106100000,27.3393900000
GOOGL,QQQ,2026-03-03 12:59:00-05:00,2026-03-03 13:00:00-05:00,2026-03-03 15:57:00-05:00,LONG,-2.5706074720,300.3700000000,299.4866980604,598.8700000000,596.5620101714,300.1756720831,300.3900000000,300.4500780000,303.6400000000,303.5792720000,66,19829.7051480000,1.2500000000,3.2500000000,82.5000000000,214.5000000000,2.6000000000,299.1400000000,303.6400000000,TAKE_PROFIT_BRACKET,177,214.5000000000,7.9731960000,0.4620000000,8.4351960000,206.0648040000
GOOGL,QQQ,2026-03-03 15:57:00-05:00,2026-03-03 15:58:00-05:00,2026-03-03 15:59:00-05:00,SHORT,3.1282943119,303.8470000000,300.5304827539,601.7600000000,598.4044784840,301.5325589240,303.8600000000,303.7992280000,303.5400000000,303.6007080000,65,19746.9498200000,1.2500000000,3.2500000000,81.2500000000,211.2500000000,2.6000000000,305.1100000000,300.6100000000,FORCED_EOD,1,20.8000000000,7.8962000000,0.4550000000,8.3512000000,12.4488000000
GOOGL,QQQ,2026-03-04 11:28:00-05:00,2026-03-04 11:29:00-05:00,2026-03-04 15:59:00-05:00,SHORT,2.5411428371,304.9600000000,303.2844000416,610.2800000000,608.1360782398,303.9835489406,304.9200000000,304.8590160000,303.0200000000,303.0806040000,65,19815.8360400000,1.2500000000,3.2500000000,81.2500000000,211.2500000000,2.6000000000,306.1700000000,301.6700000000,FORCED_EOD,270,123.5000000000,7.9032200000,0.4550000000,8.3582200000,115.1417800000
GOOGL,QQQ,2026-03-05 11:19:00-05:00,2026-03-05 11:20:00-05:00,2026-03-05 15:59:00-05:00,LONG,-2.5663436008,298.3200000000,300.1947538731,606.4000000000,609.4124996443,299.6831401970,298.3400000000,298.3996680000,300.8000000000,300.7398400000,67,19992.7777560000,1.2500000000,3.2500000000,83.7500000000,217.7500000000,2.6000000000,297.0900000000,301.5900000000,FORCED_EOD,279,164.8200000000,8.0284760000,0.4690000000,8.4974760000,156.3225240000
GOOGL,QQQ,2026-03-06 13:13:00-05:00,2026-03-06 13:14:00-05:00,2026-03-06 15:59:00-05:00,SHORT,2.7765094272,299.9600000000,298.6067090419,605.3100000000,602.7341951610,298.8619302032,299.9400000000,299.8800120000,298.4800000000,298.5396960000,66,19792.0807920000,1.2500000000,3.2500000000,82.5000000000,214.5000000000,2.6000000000,301.1900000000,296.6900000000,FORCED_EOD,165,96.3600000000,7.8991440000,0.4620000000,8.3611440000,87.9988560000
GOOGL,QQQ,2026-03-09 10:19:00-04:00,2026-03-09 10:20:00-04:00,2026-03-09 10:44:00-04:00,SHORT,2.8183909746,297.6100000000,295.7684396477,593.2600000000,593.3933311230,295.7551482485,297.6100000000,297.5504780000,298.8600000000,298.9197720000,67,19935.8820260000,1.2500000000,3.2500000000,83.7500000000,217.7500000000,2.6000000000,298.8600000000,294.3600000000,STOP,24,-83.7500000000,7.9926980000,0.4690000000,8.4616980000,-92.2116980000
GOOGL,QQQ,2026-03-09 12:26:00-04:00,2026-03-09 12:27:00-04:00,2026-03-09 14:46:00-04:00,SHORT,4.4817305728,301.4000000000,297.6266622074,601.2900000000,595.6420106081,298.1910925871,301.4400000000,301.3797120000,302.6900000000,302.7505380000,66,19891.0609920000,1.2500000000,3.2500000000,82.5000000000,214.5000000000,2.6000000000,302.6900000000,298.1900000000,STOP,139,-82.5000000000,7.9745160000,0.4620000000,8.4365160000,-90.9365160000
GOOGL,QQQ,2026-03-09 14:46:00-04:00,2026-03-09 14:47:00-04:00,2026-03-09 15:19:00-04:00,SHORT,3.3527407068,302.8650000000,298.7197070358,600.7300000000,596.9653213791,299.0964738779,302.8600000000,302.7994280000,304.1100000000,304.1708220000,66,19984.7622480000,1.2500000000,3.2500000000,82.5000000000,214.5000000000,2.6000000000,304.1100000000,299.6100000000,STOP,32,-82.5000000000,8.0120040000,0.4620000000,8.4740040000,-90.9740040000
GOOGL,QQQ,2026-03-09 15:19:00-04:00,2026-03-09 15:20:00-04:00,2026-03-09 15:33:00-04:00,SHORT,3.0523213935,304.1200000000,299.0342213636,602.9050000000,597.2407484833,299.6014315033,304.0900000000,304.0291820000,305.3400000000,305.4010680000,65,19761.8968300000,1.2500000000,3.2500000000,81.2500000000,211.2500000000,2.6000000000,305.3400000000,300.8400000000,STOP,13,-81.2500000000,7.9225900000,0.4550000000,8.3775900000,-89.6275900000
GOOGL,QQQ,2026-03-10 11:00:00-04:00,2026-03-10 11:01:00-04:00,2026-03-10 15:59:00-04:00,SHORT,2.6137880951,309.2800000000,307.1854287853,611.9900000000,608.5775414866,308.4800740975,309.2800000000,309.2181440000,307.0400000000,307.1014080000,64,19789.9612160000,1.2500000000,3.2500000000,80.0000000000,208.0000000000,2.6000000000,310.5300000000,306.0300000000,FORCED_EOD,298,143.3600000000,7.8888960000,0.4480000000,8.3368960000,135.0231040000
GOOGL,QQQ,2026-03-11 12:21:00-04:00,2026-03-11 12:22:00-04:00,2026-03-11 15:59:00-04:00,LONG,-2.6652830612,308.3900000000,309.0953459212,606.1600000000,608.5911971974,308.2064249103,308.3800000000,308.4416760000,308.7100000000,308.6482580000,64,19740.2672640000,1.2500000000,3.2500000000,80.0000000000,208.0000000000,2.6000000000,307.1300000000,311.6300000000,FORCED_EOD,217,21.1200000000,7.8987520000,0.4480000000,8.3467520000,12.7732480000
GOOGL,QQQ,2026-03-12 13:17:00-04:00,2026-03-12 13:18:00-04:00,2026-03-12 15:59:00-04:00,SHORT,2.5229566645,303.8700000000,303.6809453957,599.8900000000,600.2327238406,303.4647502937,303.8417000000,303.7809316600,303.4900000000,303.5506980000,65,19745.7605579000,1.2500000000,3.2500000000,81.2500000000,211.2500000000,2.6000000000,305.0917000000,300.5917000000,FORCED_EOD,161,22.8605000000,7.8953121000,0.4550000000,8.3503121000,14.5101879000
GOOGL,QQQ,2026-03-13 11:37:00-04:00,2026-03-13 11:38:00-04:00,2026-03-13 12:13:00-04:00,LONG,-2.5625594214,303.6500000000,305.8202632688,595.4000000000,599.3214489589,303.2734253632,303.7000000000,303.7607400000,302.4500000000,302.3895100000,65,19744.4481000000,1.2500000000,3.2500000000,81.2500000000,211.2500000000,2.6000000000,302.4500000000,306.9500000000,STOP,35,-81.2500000000,7.8799500000,0.4550000000,8.3349500000,-89.5849500000
GOOGL,QQQ,2026-03-13 14:20:00-04:00,2026-03-13 14:21:00-04:00,2026-03-13 15:59:00-04:00,SHORT,2.6618054998,301.7700000000,303.9043342630,593.3800000000,597.1049900600,301.4913215339,301.7700000000,301.7096460000,302.2300000000,302.2904460000,66,19912.8366360000,1.2500000000,3.2500000000,82.5000000000,214.5000000000,2.6000000000,303.0200000000,298.5200000000,FORCED_EOD,98,-30.3600000000,7.9728000000,0.4620000000,8.4348000000,-38.7948000000
GOOGL,QQQ,2026-03-16 10:59:00-04:00,2026-03-16 11:00:00-04:00,2026-03-16 15:59:00-04:00,LONG,-2.5684866831,304.1700000000,304.8313854805,600.9400000000,600.9359794104,304.8342845690,304.1600000000,304.2208320000,305.5800000000,305.5188840000,65,19774.3540800000,1.2500000000,3.2500000000,81.2500000000,211.2500000000,2.6000000000,302.9100000000,307.4100000000,FORCED_EOD,299,92.3000000000,7.9266200000,0.4550000000,8.3816200000,83.9183800000
GOOGL,QQQ,2026-03-17 11:45:00-04:00,2026-03-17 11:46:00-04:00,2026-03-17 12:11:00-04:00,SHORT,3.2257228172,307.2950000000,306.8215346331,603.1800000000,604.3227093084,306.2301911161,307.2800000000,307.2185440000,308.5300000000,308.5917060000,65,19969.2053600000,1.2500000000,3.2500000000,81.2500000000,211.2500000000,2.6000000000,308.5300000000,304.0300000000,STOP,25,-81.2500000000,8.0055300000,0.4550000000,8.4605300000,-89.7105300000
GOOGL,QQQ,2026-03-17 14:08:00-04:00,2026-03-17 14:09:00-04:00,2026-03-17 15:15:00-04:00,SHORT,2.5478898671,309.2500000000,307.4430161445,604.3400000000,603.9711484776,307.6343920114,309.2500000000,309.1881500000,310.5000000000,310.5621000000,64,19788.0416000000,1.2500000000,3.2500000000,80.0000000000,208.0000000000,2.6000000000,310.5000000000,306.0000000000,STOP,66,-80.0000000000,7.9328000000,0.4480000000,8.3808000000,-88.3808000000
GOOGL,QQQ,2026-03-18 10:40:00-04:00,2026-03-18 10:41:00-04:00,2026-03-18 15:44:00-04:00,SHORT,2.5348937556,310.4700000000,310.6248150180,599.4200000000,601.3090885463,309.4950448325,310.4400000000,310.3779120000,307.1900000000,307.2514380000,64,19864.1863680000,1.2500000000,3.2500000000,80.0000000000,208.0000000000,2.6000000000,311.6900000000,307.1900000000,TAKE_PROFIT_BRACKET,303,208.0000000000,7.9056640000,0.4480000000,8.3536640000,199.6463360000
GOOGL,QQQ,2026-03-18 15:55:00-04:00,2026-03-18 15:56:00-04:00,2026-03-18 15:59:00-04:00,SHORT,3.1437385447,307.9650000000,309.6814041932,595.4742000000,599.4798068353,307.2858372935,307.9600000000,307.8984080000,307.7300000000,307.7915460000,64,19705.4981120000,1.2500000000,3.2500000000,80.0000000000,208.0000000000,2.6000000000,309.2100000000,304.7100000000,FORCED_EOD,3,14.7200000000,7.8808320000,0.4480000000,8.3288320000,6.3911680000
GOOGL,QQQ,2026-03-19 11:58:00-04:00,2026-03-19 11:59:00-04:00,2026-03-19 14:58:00-04:00,SHORT,2.5091538536,305.2500000000,304.3632397282,590.5300000000,590.2591695908,304.5184578676,305.2300000000,305.1689540000,306.4800000000,306.5412960000,65,19835.9820100000,1.2500000000,3.2500000000,81.2500000000,211.2500000000,2.6000000000,306.4800000000,301.9800000000,STOP,179,-81.2500000000,7.9522300000,0.4550000000,8.4072300000,-89.6572300000
GOOGL,QQQ,2026-03-19 15:05:00-04:00,2026-03-19 15:06:00-04:00,2026-03-19 15:59:00-04:00,LONG,-3.4326368854,306.8800000000,305.0144214337,593.9650000000,590.3604470400,307.0843250496,306.8850000000,306.9463770000,307.0800000000,307.0185840000,65,19951.5145050000,1.2500000000,3.2500000000,81.2500000000,211.2500000000,2.6000000000,305.6350000000,310.1350000000,FORCED_EOD,53,12.6750000000,7.9815450000,0.4550000000,8.4365450000,4.2384550000
GOOGL,QQQ,2026-03-20 12:31:00-04:00,2026-03-20 12:32:00-04:00,2026-03-20 14:46:00-04:00,SHORT,2.5165406697,301.9300000000,302.9597141602,585.7400000000,586.8639460982,302.3559512285,301.9500000000,301.8896100000,298.7000000000,298.7597400000,66,19924.7142600000,1.2500000000,3.2500000000,82.5000000000,214.5000000000,2.6000000000,303.2000000000,298.7000000000,TAKE_PROFIT_BRACKET,134,214.5000000000,7.9285800000,0.4620000000,8.3905800000,206.1094200000
GOOGL,QQQ,2026-03-20 15:21:00-04:00,2026-03-20 15:22:00-04:00,2026-03-20 15:50:00-04:00,SHORT,2.7028985488,299.4300000000,301.9872405876,581.0600000000,585.5375154190,299.5842920648,299.4300000000,299.3701140000,300.6800000000,300.7401360000,66,19758.4275240000,1.2500000000,3.2500000000,82.5000000000,214.5000000000,2.6000000000,300.6800000000,296.1800000000,STOP,28,-82.5000000000,7.9214520000,0.4620000000,8.3834520000,-90.8834520000
GOOGL,QQQ,2026-03-20 15:50:00-04:00,2026-03-20 15:51:00-04:00,2026-03-20 15:53:00-04:00,SHORT,3.8496286099,300.3300000000,301.5801070580,580.1500000000,584.7825057697,299.0941261041,300.3400000000,300.2799320000,301.5900000000,301.6503180000,66,19818.4755120000,1.2500000000,3.2500000000,82.5000000000,214.5000000000,2.6000000000,301.5900000000,297.0900000000,STOP,2,-82.5000000000,7.9454760000,0.4620000000,8.4074760000,-90.9074760000
GOOGL,QQQ,2026-03-20 15:53:00-04:00,2026-03-20 15:54:00-04:00,2026-03-20 15:59:00-04:00,SHORT,2.8976464948,300.8800000000,301.5483302539,580.9400000000,584.6886566047,299.5365458944,300.8700000000,300.8098260000,300.9700000000,301.0301940000,66,19853.4485160000,1.2500000000,3.2500000000,82.5000000000,214.5000000000,2.6000000000,302.1200000000,297.6200000000,FORCED_EOD,5,-6.6000000000,7.9442880000,0.4620000000,8.4062880000,-15.0062880000
GOOGL,QQQ,2026-03-23 11:22:00-04:00,2026-03-23 11:23:00-04:00,2026-03-23 12:25:00-04:00,SHORT,2.7405800401,304.9900000000,303.8047763476,594.2032000000,592.6468662042,304.7167513853,304.9700000000,304.9090060000,301.7200000000,301.7803440000,65,19819.0853900000,1.2500000000,3.2500000000,81.2500000000,211.2500000000,2.6000000000,306.2200000000,301.7200000000,TAKE_PROFIT_BRACKET,62,211.2500000000,7.8869700000,0.4550000000,8.3419700000,202.9080300000
GOOGL,QQQ,2026-03-23 13:34:00-04:00,2026-03-23 13:35:00-04:00,2026-03-23 15:59:00-04:00,LONG,-2.5834289873,302.2800000000,303.6149873447,588.7700000000,590.5739104205,302.5548905694,302.3100000000,302.3704620000,302.0200000000,301.9595960000,66,19956.4504920000,1.2500000000,3.2500000000,82.5000000000,214.5000000000,2.6000000000,301.0600000000,305.5600000000,FORCED_EOD,144,-19.1400000000,7.9771560000,0.4620000000,8.4391560000,-27.5791560000
GOOGL,QQQ,2026-03-24 12:10:00-04:00,2026-03-24 12:11:00-04:00,2026-03-24 13:04:00-04:00,LONG,-2.5882926807,294.0800000000,296.4834723059,585.8700000000,584.9501313229,296.9440046897,294.0800000000,294.1388160000,292.8300000000,292.7714340000,67,19707.3006720000,1.2500000000,3.2500000000,83.7500000000,217.7500000000,2.6000000000,292.8300000000,297.3300000000,STOP,53,-83.7500000000,7.8645940000,0.4690000000,8.3335940000,-92.0835940000
GOOGL,QQQ,2026-03-24 14:49:00-04:00,2026-03-24 14:50:00-04:00,2026-03-24 15:35:00-04:00,LONG,-3.3303092560,292.3150000000,295.0057744770,585.4100000000,584.8120462938,295.3037183557,292.3300000000,292.3884660000,291.0800000000,291.0217840000,68,19882.4156880000,1.2500000000,3.2500000000,85.0000000000,221.0000000000,2.6000000000,291.0800000000,295.5800000000,STOP,45,-85.0000000000,7.9343760000,0.4760000000,8.4103760000,-93.4103760000
GOOGL,QQQ,2026-03-25 13:15:00-04:00,2026-03-25 13:16:00-04:00,2026-03-25 15:59:00-04:00,LONG,-2.7307004597,290.4000000000,291.6012207587,588.3800000000,588.7789463131,291.4451080014,290.4000000000,290.4580800000,290.9200000000,290.8618160000,68,19751.1494400000,1.2500000000,3.2500000000,85.0000000000,221.0000000000,2.6000000000,289.1500000000,293.6500000000,FORCED_EOD,163,35.3600000000,7.9059520000,0.4760000000,8.3819520000,26.9780480000
GOOGL,QQQ,2026-03-26 10:35:00-04:00,2026-03-26 10:36:00-04:00,2026-03-26 12:31:00-04:00,SHORT,2.5690936042,287.3999000000,286.2143069183,583.1500000000,582.9832348340,286.3034632125,287.3700000000,287.3125260000,284.1200000000,284.1768240000,69,19824.5642940000,1.2500000000,3.2500000000,86.2500000000,224.2500000000,2.6000000000,288.6200000000,284.1200000000,TAKE_PROFIT_BRACKET,115,224.2500000000,7.8865620000,0.4830000000,8.3695620000,215.8804380000
GOOGL,QQQ,2026-03-26 13:51:00-04:00,2026-03-26 13:52:00-04:00,2026-03-26 14:06:00-04:00,SHORT,2.6142305011,282.8750000000,285.4376032836,576.1700000000,581.1226367112,282.7885465418,282.8400000000,282.7834320000,279.5900000000,279.6459180000,70,19794.8402400000,1.2500000000,3.2500000000,87.5000000000,227.5000000000,2.6000000000,284.0900000000,279.5900000000,TAKE_PROFIT_BRACKET,14,227.5000000000,7.8740200000,0.4900000000,8.3640200000,219.1359800000
GOOGL,QQQ,2026-03-26 14:06:00-04:00,2026-03-26 14:07:00-04:00,2026-03-26 14:13:00-04:00,LONG,-5.1180588880,280.3400000000,284.9021003377,575.9600000000,580.8492566982,282.2906218802,280.5400000000,280.5961080000,279.2900000000,279.2341420000,71,19922.3236680000,1.2500000000,3.2500000000,88.7500000000,230.7500000000,2.6000000000,279.2900000000,283.7900000000,STOP,6,-88.7500000000,7.9495860000,0.4970000000,8.4465860000,-97.1965860000
GOOGL,QQQ,2026-03-26 14:13:00-04:00,2026-03-26 14:14:00-04:00,2026-03-26 15:59:00-04:00,LONG,-3.1715465712,279.8300000000,284.5854586366,576.0600000000,580.7761145703,282.0689426097,279.8300000000,279.8859660000,280.9300000000,280.8738140000,71,19871.9035860000,1.2500000000,3.2500000000,88.7500000000,230.7500000000,2.6000000000,278.5800000000,283.0800000000,FORCED_EOD,105,78.1000000000,7.9627920000,0.4970000000,8.4597920000,69.6402080000
GOOGL,QQQ,2026-03-27 11:14:00-04:00,2026-03-27 11:15:00-04:00,2026-03-27 12:37:00-04:00,LONG,-2.8212013130,277.7200000000,277.7384982855,566.9650000000,567.9679400684,277.2247545292,277.7200000000,277.7755440000,276.4700000000,276.4147060000,72,19999.8391680000,1.2500000000,3.2500000000,90.0000000000,234.0000000000,2.6000000000,276.4700000000,280.9700000000,STOP,82,-90.0000000000,7.9803360000,0.5040000000,8.4843360000,-98.4843360000
GOOGL,QQQ,2026-03-27 12:45:00-04:00,2026-03-27 12:46:00-04:00,2026-03-27 15:59:00-04:00,SHORT,3.7315468620,276.9900000000,277.6246937689,566.5450000000,567.8864205746,276.9377504794,277.0000000000,276.9446000000,274.2300000000,274.2848460000,72,19940.0112000000,1.2500000000,3.2500000000,90.0000000000,234.0000000000,2.6000000000,278.2500000000,273.7500000000,FORCED_EOD,193,199.4400000000,7.9377120000,0.5040000000,8.4417120000,190.9982880000
GOOGL,QQQ,2026-03-30 10:01:00-04:00,2026-03-30 10:02:00-04:00,2026-03-30 15:59:00-04:00,SHORT,2.5633801538,274.9500000000,275.0646372527,562.8500000000,564.8136716219,274.0387785452,274.9000000000,274.8450200000,273.4900000000,273.5446980000,72,19788.8414400000,1.2500000000,3.2500000000,90.0000000000,234.0000000000,2.6000000000,276.1500000000,271.6500000000,FORCED_EOD,357,101.5200000000,7.8968160000,0.5040000000,8.4008160000,93.1191840000
GOOGL,QQQ,2026-03-31 11:13:00-04:00,2026-03-31 11:14:00-04:00,2026-03-31 12:47:00-04:00,LONG,-2.7135754778,281.8700000000,280.3855425313,567.8800000000,566.8622922432,280.9051206672,281.8800000000,281.9363760000,285.1300000000,285.0729740000,70,19735.5463200000,1.2500000000,3.2500000000,87.5000000000,227.5000000000,2.6000000000,280.6300000000,285.1300000000,TAKE_PROFIT_BRACKET,93,227.5000000000,7.9381400000,0.4900000000,8.4281400000,219.0718600000
GOOGL,QQQ,2026-03-31 13:06:00-04:00,2026-03-31 13:07:00-04:00,2026-03-31 13:19:00-04:00,SHORT,2.6829932977,286.1900000000,281.5056776485,574.0500000000,568.6767773596,284.2510814828,286.2250000000,286.1677550000,287.4750000000,287.5324950000,69,19745.5750950000,1.2500000000,3.2500000000,86.2500000000,224.2500000000,2.6000000000,287.4750000000,282.9750000000,STOP,12,-86.2500000000,7.9170600000,0.4830000000,8.4000600000,-94.6500600000
GOOGL,QQQ,2026-03-31 14:37:00-04:00,2026-03-31 14:38:00-04:00,2026-03-31 15:59:00-04:00,LONG,-2.6100943874,286.8750000000,282.8458183429,575.7900000000,570.1872774221,285.7144916571,286.8850000000,286.9423770000,287.5600000000,287.5024880000,69,19799.0240130000,1.2500000000,3.2500000000,86.2500000000,224.2500000000,2.6000000000,285.6350000000,290.1350000000,FORCED_EOD,81,46.5750000000,7.9273410000,0.4830000000,8.4103410000,38.1646590000
GOOGL,QQQ,2026-04-01 10:39:00-04:00,2026-04-01 10:40:00-04:00,2026-04-01 10:46:00-04:00,LONG,-2.5516378491,295.8300000000,294.6797288576,584.4350000000,582.7541396862,295.8709411230,295.8100000000,295.8691620000,294.5600000000,294.5010880000,67,19823.2338540000,1.2500000000,3.2500000000,83.7500000000,217.7500000000,2.6000000000,294.5600000000,299.0600000000,STOP,6,-83.7500000000,7.9109580000,0.4690000000,8.3799580000,-92.1299580000
GOOGL,QQQ,2026-04-01 10:46:00-04:00,2026-04-01 10:47:00-04:00,2026-04-01 11:49:00-04:00,LONG,-2.5894839065,294.5750000000,294.7062341496,583.8000000000,582.8386883404,295.3874704779,294.5601000000,294.6190120200,297.8101000000,297.7505379800,67,19739.4738053400,1.2500000000,3.2500000000,83.7500000000,217.7500000000,2.6000000000,293.3101000000,297.8101000000,TAKE_PROFIT_BRACKET,62,217.7500000000,7.9377606800,0.4690000000,8.4067606800,209.3432393200
GOOGL,QQQ,2026-04-01 12:45:00-04:00,2026-04-01 12:46:00-04:00,2026-04-01 14:34:00-04:00,SHORT,2.5923458355,299.4700000000,295.7145778142,587.1403000000,584.4362774759,297.6320916769,299.4650000000,299.4051070000,296.2150000000,296.2742430000,66,19760.7370620000,1.2500000000,3.2500000000,82.5000000000,214.5000000000,2.6000000000,300.7150000000,296.2150000000,TAKE_PROFIT_BRACKET,108,214.5000000000,7.8629760000,0.4620000000,8.3249760000,206.1750240000
GOOGL,QQQ,2026-04-01 14:40:00-04:00,2026-04-01 14:41:00-04:00,2026-04-01 15:59:00-04:00,LONG,-2.9195457991,296.4300000000,296.6827736271,583.7700000000,584.6938359891,296.0257948648,296.4300000000,296.4892860000,297.4800000000,297.4205040000,67,19864.7821620000,1.2500000000,3.2500000000,83.7500000000,217.7500000000,2.6000000000,295.1800000000,299.6800000000,FORCED_EOD,78,70.3500000000,7.9583940000,0.4690000000,8.4273940000,61.9226060000
GOOGL,QQQ,2026-04-02 10:36:00-04:00,2026-04-02 10:37:00-04:00,2026-04-02 10:51:00-04:00,LONG,-3.6534154958,297.1900000000,292.7889909096,584.1345000000,576.6318253195,298.5856340868,297.1200000000,297.1794240000,295.8700000000,295.8108260000,67,19911.0214080000,1.2500000000,3.2500000000,83.7500000000,217.7500000000,2.6000000000,295.8700000000,300.3700000000,STOP,14,-83.7500000000,7.9460660000,0.4690000000,8.4150660000,-92.1650660000
GOOGL,QQQ,2026-04-02 12:08:00-04:00,2026-04-02 12:09:00-04:00,2026-04-02 12:46:00-04:00,SHORT,2.5533666128,294.8700000000,294.2092528233,581.6699000000,579.4830587117,295.8986710107,294.9000000000,294.8410200000,296.1500000000,296.2092300000,67,19754.3483400000,1.2500000000,3.2500000000,83.7500000000,217.7500000000,2.6000000000,296.1500000000,291.6500000000,STOP,37,-83.7500000000,7.9200700000,0.4690000000,8.3890700000,-92.1390700000
GOOGL,QQQ,2026-04-02 13:48:00-04:00,2026-04-02 13:49:00-04:00,2026-04-02 15:59:00-04:00,SHORT,2.5749189884,295.2300000000,294.5925226913,581.4700000000,580.1013987262,295.6500681965,295.2155000000,295.1564569000,295.8200000000,295.8791640000,67,19775.4826123000,1.2500000000,3.2500000000,83.7500000000,217.7500000000,2.6000000000,296.4655000000,291.9655000000,FORCED_EOD,130,-40.5015000000,7.9198757000,0.4690000000,8.3888757000,-48.8903757000
GOOGL,QQQ,2026-04-06 10:38:00-04:00,2026-04-06 10:39:00-04:00,2026-04-06 12:38:00-04:00,SHORT,3.0647281087,297.9000000000,297.4367754666,586.9799000000,587.9580806938,296.7093022185,297.8850000000,297.8254230000,299.1350000000,299.1948270000,67,19954.3033410000,1.2500000000,3.2500000000,83.7500000000,217.7500000000,2.6000000000,299.1350000000,294.6350000000,STOP,119,-83.7500000000,8.0000680000,0.4690000000,8.4690680000,-92.2190680000
GOOGL,QQQ,2026-04-06 13:12:00-04:00,2026-04-06 13:13:00-04:00,2026-04-06 13:31:00-04:00,SHORT,2.6796083315,298.1300000000,297.8793042692,585.2200000000,587.5116149311,296.1711969374,298.1400000000,298.0803720000,299.3900000000,299.4498780000,67,19971.3849240000,1.2500000000,3.2500000000,83.7500000000,217.7500000000,2.6000000000,299.3900000000,294.8900000000,STOP,18,-83.7500000000,8.0069020000,0.4690000000,8.4759020000,-92.2259020000
GOOGL,QQQ,2026-04-06 14:56:00-04:00,2026-04-06 14:57:00-04:00,2026-04-06 15:59:00-04:00,LONG,-2.5558289889,300.1300000000,298.2943888774,588.1700000000,587.3508995756,298.9059420681,300.1400000000,300.2000280000,300.0290000000,299.9689942000,66,19813.2018480000,1.2500000000,3.2500000000,82.5000000000,214.5000000000,2.6000000000,298.8900000000,303.3900000000,FORCED_EOD,62,-7.3260000000,7.9222308000,0.4620000000,8.3842308000,-15.7102308000
GOOGL,QQQ,2026-04-07 12:02:00-04:00,2026-04-07 12:03:00-04:00,2026-04-07 15:59:00-04:00,LONG,-2.5622211366,302.5200000000,300.5330281513,584.3600000000,582.0111397276,302.3156107164,302.5200000000,302.5805040000,305.4500000000,305.3889100000,66,19970.3132640000,1.2500000000,3.2500000000,82.5000000000,214.5000000000,2.6000000000,301.2700000000,305.7700000000,FORCED_EOD,236,193.3800000000,8.0252040000,0.4620000000,8.4872040000,184.8927960000
GOOGL,QQQ,2026-04-08 14:13:00-04:00,2026-04-08 14:14:00-04:00,2026-04-08 15:59:00-04:00,SHORT,3.1089872991,319.1750000000,317.6547589293,606.9200000000,605.9697468238,318.3399282498,319.1850000000,319.1211630000,317.2500000000,317.3134500000,62,19785.5121060000,1.2500000000,3.2500000000,77.5000000000,201.5000000000,2.6000000000,320.4350000000,315.9350000000,FORCED_EOD,105,119.9700000000,7.8917940000,0.4340000000,8.3257940000,111.6442060000
GOOGL,QQQ,2026-04-09 15:11:00-04:00,2026-04-09 15:12:00-04:00,2026-04-09 15:59:00-04:00,LONG,-2.6413133167,318.8100000000,315.4478902496,609.4100000000,607.0270809574,316.8980567785,318.8100000000,318.8737620000,318.4500000000,318.3863100000,62,19770.1732440000,1.2500000000,3.2500000000,77.5000000000,201.5000000000,2.6000000000,317.5600000000,322.0600000000,FORCED_EOD,47,-22.3200000000,7.9020240000,0.4340000000,8.3360240000,-30.6560240000
GOOGL,QQQ,2026-04-10 10:18:00-04:00,2026-04-10 10:19:00-04:00,2026-04-10 11:54:00-04:00,LONG,-2.5536113506,319.0994000000,320.2443001098,612.0250000000,611.9304539673,320.3006510736,319.0850000000,319.1488170000,317.8350000000,317.7714330000,62,19787.2266540000,1.2500000000,3.2500000000,77.5000000000,201.5000000000,2.6000000000,317.8350000000,322.3350000000,STOP,95,-77.5000000000,7.8978080000,0.4340000000,8.3318080000,-85.8318080000
GOOGL,QQQ,2026-04-10 13:50:00-04:00,2026-04-10 13:51:00-04:00,2026-04-10 15:59:00-04:00,LONG,-2.8449962554,316.6700000000,318.8232314447,610.6050000000,611.6448242095,318.2059413958,316.6800000000,316.7433360000,317.2500000000,317.1865500000,63,19954.8301680000,1.2500000000,3.2500000000,78.7500000000,204.7500000000,2.6000000000,315.4300000000,319.9300000000,FORCED_EOD,128,35.9100000000,7.9875180000,0.4410000000,8.4285180000,27.4814820000
GOOGL,QQQ,2026-04-13 11:30:00-04:00,2026-04-13 11:31:00-04:00,2026-04-13 12:50:00-04:00,SHORT,2.6712176112,318.8300000000,317.8597777008,611.7100000000,610.8707844750,318.3460757992,318.8400000000,318.7762320000,320.0900000000,320.1540180000,62,19764.1263840000,1.2500000000,3.2500000000,77.5000000000,201.5000000000,2.6000000000,320.0900000000,315.5900000000,STOP,79,-77.5000000000,7.9227320000,0.4340000000,8.3567320000,-85.8567320000
GOOGL,QQQ,2026-04-13 14:56:00-04:00,2026-04-13 14:57:00-04:00,2026-04-13 15:56:00-04:00,SHORT,2.5150342640,320.2900000000,318.4159693905,615.1000000000,612.2784693184,320.0500499814,320.2800000000,320.2159440000,321.5300000000,321.5943060000,62,19853.3885280000,1.2500000000,3.2500000000,77.5000000000,201.5000000000,2.6000000000,321.5300000000,317.0300000000,STOP,59,-77.5000000000,7.9584440000,0.4340000000,8.3924440000,-85.8924440000
GOOGL,QQQ,2026-04-14 11:13:00-04:00,2026-04-14 11:14:00-04:00,2026-04-14 11:20:00-04:00,SHORT,2.6901658172,328.5700000000,326.6158989827,623.4834000000,622.6101734560,327.1338609662,328.5900000000,328.5242820000,329.8400000000,329.9059680000,60,19711.4569200000,1.2500000000,3.2500000000,75.0000000000,195.0000000000,2.6000000000,329.8400000000,325.3400000000,STOP,6,-75.0000000000,7.9011600000,0.4200000000,8.3211600000,-83.3211600000
GOOGL,QQQ,2026-04-14 11:20:00-04:00,2026-04-14 11:21:00-04:00,2026-04-14 11:33:00-04:00,SHORT,2.8145974832,329.9850000000,326.7575757467,624.0500000000,622.6550850658,327.5852809738,329.9891000000,329.9231021800,331.2391000000,331.3053478200,60,19795.3861308000,1.2500000000,3.2500000000,75.0000000000,195.0000000000,2.6000000000,331.2391000000,326.7391000000,STOP,12,-75.0000000000,7.9347384000,0.4200000000,8.3547384000,-83.3547384000
GOOGL,QQQ,2026-04-14 12:39:00-04:00,2026-04-14 12:40:00-04:00,2026-04-14 15:59:00-04:00,LONG,-2.5621929824,332.2300000000,328.5274849914,626.5600000000,623.7199153581,330.2189508215,332.2200000000,332.2864440000,332.9300000000,332.8634140000,60,19937.1866400000,1.2500000000,3.2500000000,75.0000000000,195.0000000000,2.6000000000,330.9700000000,335.4700000000,FORCED_EOD,199,42.6000000000,7.9818000000,0.4200000000,8.4018000000,34.1982000000
GOOGL,QQQ,2026-04-15 11:01:00-04:00,2026-04-15 11:02:00-04:00,2026-04-15 14:49:00-04:00,LONG,-2.6860967404,333.6950000000,332.9540255793,632.6750000000,630.4772109758,334.9033765685,333.6800000000,333.7467360000,336.9300000000,336.8626140000,59,19691.0574240000,1.2500000000,3.2500000000,73.7500000000,191.7500000000,2.6000000000,332.4300000000,336.9300000000,TAKE_PROFIT_BRACKET,227,191.7500000000,7.9131980000,0.4130000000,8.3261980000,183.4238020000
GOOGL,QQQ,2026-04-15 15:14:00-04:00,2026-04-15 15:15:00-04:00,2026-04-15 15:59:00-04:00,LONG,-2.7351221180,335.7950000000,334.1316721990,635.8500000000,632.4762346575,337.1251598513,335.8100000000,335.8771620000,337.1500000000,337.0825700000,59,19816.7525580000,1.2500000000,3.2500000000,73.7500000000,191.7500000000,2.6000000000,334.5600000000,339.0600000000,FORCED_EOD,44,79.0600000000,7.9409280000,0.4130000000,8.3539280000,70.7060720000
GOOGL,QQQ,2026-04-16 11:02:00-04:00,2026-04-16 11:03:00-04:00,2026-04-16 13:20:00-04:00,LONG,-2.6340330902,337.1800000000,337.0695612013,638.9100000000,637.3143115342,338.9282580203,337.2400000000,337.3074480000,335.9900000000,335.9228020000,59,19901.1394320000,1.2500000000,3.2500000000,73.7500000000,191.7500000000,2.6000000000,335.9900000000,340.4900000000,STOP,137,-73.7500000000,7.9441140000,0.4130000000,8.3571140000,-82.1071140000
GOOGL,QQQ,2026-04-16 14:10:00-04:00,2026-04-16 14:11:00-04:00,2026-04-16 15:59:00-04:00,SHORT,3.0156972916,335.3201000000,336.9443221998,638.1922000000,639.0790093751,335.9145801439,335.3200000000,335.2529360000,335.9900000000,336.0571980000,59,19779.9232240000,1.2500000000,3.2500000000,73.7500000000,191.7500000000,2.6000000000,336.5700000000,332.0700000000,FORCED_EOD,108,-39.5300000000,7.9214580000,0.4130000000,8.3344580000,-47.8644580000
GOOGL,QQQ,2026-04-17 10:42:00-04:00,2026-04-17 10:43:00-04:00,2026-04-17 14:18:00-04:00,LONG,-2.8025515368,337.6300000000,337.3783809458,648.9500000000,646.4128234758,340.4099495073,337.6330000000,337.7005266000,340.8830000000,340.8148234000,59,19924.3310694000,1.2500000000,3.2500000000,73.7500000000,191.7500000000,2.6000000000,336.3830000000,340.8830000000,TAKE_PROFIT_BRACKET,215,191.7500000000,8.0064888000,0.4130000000,8.4194888000,183.3305112000
GOOGL,QQQ,2026-04-20 13:07:00-04:00,2026-04-20 13:08:00-04:00,2026-04-20 15:51:00-04:00,LONG,-2.6258182928,338.5200000000,338.8083121076,645.3200000000,645.6407268505,338.3529896575,338.5300000000,338.5977060000,337.2800000000,337.2125440000,59,19977.2646540000,1.2500000000,3.2500000000,73.7500000000,191.7500000000,2.6000000000,337.2800000000,341.7800000000,STOP,163,-73.7500000000,7.9745580000,0.4130000000,8.3875580000,-82.1375580000
GOOGL,QQQ,2026-04-20 15:55:00-04:00,2026-04-20 15:56:00-04:00,2026-04-20 15:59:00-04:00,LONG,-3.5330275903,336.9400000000,338.6182745267,646.3000000000,645.7845410830,339.3494765942,336.9600000000,337.0273920000,337.3500000000,337.2825300000,59,19884.6161280000,1.2500000000,3.2500000000,73.7500000000,191.7500000000,2.6000000000,335.7100000000,340.2100000000,FORCED_EOD,3,23.0100000000,7.9568580000,0.4130000000,8.3698580000,14.6401420000
GOOGL,QQQ,2026-04-21 10:58:00-04:00,2026-04-21 10:59:00-04:00,2026-04-21 12:54:00-04:00,SHORT,2.8398312268,337.2400000000,337.8076878457,647.0500000000,648.2476656501,336.4805043180,337.2400000000,337.1725520000,333.9900000000,334.0567980000,59,19893.1805680000,1.2500000000,3.2500000000,73.7500000000,191.7500000000,2.6000000000,338.4900000000,333.9900000000,TAKE_PROFIT_BRACKET,115,191.7500000000,7.9205140000,0.4130000000,8.3335140000,183.4164860000
GOOGL,QQQ,2026-04-21 13:06:00-04:00,2026-04-21 13:07:00-04:00,2026-04-21 15:59:00-04:00,SHORT,2.9330675996,333.6150000000,336.8064605610,644.5100000000,647.3229398234,333.6941231104,333.6968000000,333.6300606400,332.2800000000,332.3464560000,59,19684.1735777600,1.2500000000,3.2500000000,73.7500000000,191.7500000000,2.6000000000,334.9468000000,330.4468000000,FORCED_EOD,172,83.5912000000,7.8585262400,0.4130000000,8.2715262400,75.3196737600
GOOGL,QQQ,2026-04-22 12:14:00-04:00,2026-04-22 12:15:00-04:00,2026-04-22 15:31:00-04:00,SHORT,2.9918376937,338.1200000000,337.1760443160,652.9800000000,651.4497376073,338.5038313101,338.1500000000,338.0823700000,339.4000000000,339.4678800000,59,19946.8598300000,1.2500000000,3.2500000000,73.7500000000,191.7500000000,2.6000000000,339.4000000000,334.9000000000,STOP,196,-73.7500000000,7.9950900000,0.4130000000,8.4080900000,-82.1580900000
GOOGL,QQQ,2026-04-23 10:53:00-04:00,2026-04-23 10:54:00-04:00,2026-04-23 13:16:00-04:00,LONG,-2.6199673029,339.9800000000,339.8927212635,654.9118000000,653.8081266828,340.9212682652,339.9800000000,340.0479960000,338.7300000000,338.6622540000,58,19722.7837680000,1.2500000000,3.2500000000,72.5000000000,188.5000000000,2.6000000000,338.7300000000,343.2300000000,STOP,142,-72.5000000000,7.8730360000,0.4060000000,8.2790360000,-80.7790360000
GOOGL,QQQ,2026-04-23 13:16:00-04:00,2026-04-23 13:17:00-04:00,2026-04-23 14:05:00-04:00,SHORT,2.5020163763,338.6300000000,340.0692678766,650.7850000000,654.3572684732,336.7412274285,338.6400000000,338.5722720000,339.8900000000,339.9579780000,59,19975.7640480000,1.2500000000,3.2500000000,73.7500000000,191.7500000000,2.6000000000,339.8900000000,335.3900000000,STOP,48,-73.7500000000,8.0066540000,0.4130000000,8.4196540000,-82.1696540000
GOOGL,QQQ,2026-04-23 15:57:00-04:00,2026-04-23 15:58:00-04:00,2026-04-23 15:59:00-04:00,LONG,-2.5895623095,338.8600000000,339.5875875006,651.3701000000,652.0976138593,338.9084268475,338.8600000000,338.9277720000,339.0000000000,338.9322000000,59,19996.7385480000,1.2500000000,3.2500000000,73.7500000000,191.7500000000,2.6000000000,337.6100000000,342.1100000000,FORCED_EOD,1,8.2600000000,7.9987480000,0.4130000000,8.4117480000,-0.1517480000
GOOGL,QQQ,2026-04-24 13:26:00-04:00,2026-04-24 13:27:00-04:00,2026-04-24 15:59:00-04:00,LONG,-2.9009441381,342.8200000000,340.3511913155,662.8699000000,660.4649127322,342.1449100713,342.8200000000,342.8885640000,344.2900000000,344.2211420000,58,19887.5367120000,1.2500000000,3.2500000000,72.5000000000,188.5000000000,2.6000000000,341.5700000000,346.0700000000,FORCED_EOD,152,85.2600000000,7.9704760000,0.4060000000,8.3764760000,76.8835240000
GOOGL,QQQ,2026-04-27 11:48:00-04:00,2026-04-27 11:49:00-04:00,2026-04-27 15:59:00-04:00,LONG,-2.5879553463,350.0750000000,348.6028247156,662.5400000000,662.4009927672,348.6913707775,350.0750000000,350.1450150000,350.3400000000,350.2699320000,57,19958.2658550000,1.2500000000,3.2500000000,71.2500000000,185.2500000000,2.6000000000,348.8250000000,353.3250000000,FORCED_EOD,250,15.1050000000,7.9847310000,0.3990000000,8.3837310000,6.7212690000
GOOGL,QQQ,2026-04-28 10:19:00-04:00,2026-04-28 10:20:00-04:00,2026-04-28 13:06:00-04:00,SHORT,2.6076290846,351.6950000000,348.5976763123,658.0700000000,657.8120938498,348.7276256747,351.6800000000,351.6096640000,348.4300000000,348.4996860000,56,19690.1411840000,1.2500000000,3.2500000000,70.0000000000,182.0000000000,2.6000000000,352.9300000000,348.4300000000,TAKE_PROFIT_BRACKET,166,182.0000000000,7.8412320000,0.3920000000,8.2332320000,173.7667680000
GOOGL,QQQ,2026-04-28 14:09:00-04:00,2026-04-28 14:10:00-04:00,2026-04-28 15:59:00-04:00,SHORT,2.6985294439,349.9200000000,349.6378053242,656.8200000000,656.2348010837,349.9342560109,349.8800000000,349.8100240000,349.8300000000,349.8999660000,57,19939.1713680000,1.2500000000,3.2500000000,71.2500000000,185.2500000000,2.6000000000,351.1300000000,346.6300000000,FORCED_EOD,109,2.8500000000,7.9766940000,0.3990000000,8.3756940000,-5.5256940000
GOOGL,QQQ,2026-04-29 10:52:00-04:00,2026-04-29 10:53:00-04:00,2026-04-29 10:59:00-04:00,LONG,-2.6389175663,353.3600000000,350.9613259721,660.7500000000,658.8737343812,351.6370686364,353.3150000000,353.3856630000,352.0650000000,351.9945870000,56,19789.5971280000,1.2500000000,3.2500000000,70.0000000000,182.0000000000,2.6000000000,352.0650000000,356.5650000000,STOP,6,-70.0000000000,7.9002560000,0.3920000000,8.2922560000,-78.2922560000
GOOGL,QQQ,2026-04-29 10:59:00-04:00,2026-04-29 11:00:00-04:00,2026-04-29 11:54:00-04:00,LONG,-2.9308370771,352.0796000000,351.0672197014,660.9100000000,658.9904317417,351.7586440719,352.1000000000,352.1704200000,350.8500000000,350.7798300000,56,19721.5435200000,1.2500000000,3.2500000000,70.0000000000,182.0000000000,2.6000000000,350.8500000000,355.3500000000,STOP,54,-70.0000000000,7.8730400000,0.3920000000,8.2650400000,-78.2650400000
GOOGL,QQQ,2026-04-29 12:03:00-04:00,2026-04-29 12:04:00-04:00,2026-04-29 12:28:00-04:00,LONG,-2.7423849902,350.5500000000,351.2858809652,659.5500000000,659.3084765514,351.3728893865,350.5500000000,350.6201100000,349.3000000000,349.2301400000,57,19985.3462700000,1.2500000000,3.2500000000,71.2500000000,185.2500000000,2.6000000000,349.3000000000,353.8000000000,STOP,24,-71.2500000000,7.9782900000,0.3990000000,8.3772900000,-79.6272900000
GOOGL,QQQ,2026-04-29 14:13:00-04:00,2026-04-29 14:14:00-04:00,2026-04-29 14:52:00-04:00,SHORT,2.8695654430,349.2100000000,350.6416766027,658.3300000000,659.0980437219,350.3654093511,349.2150000000,349.1451570000,350.4650000000,350.5350930000,57,19901.2739490000,1.2500000000,3.2500000000,71.2500000000,185.2500000000,2.6000000000,350.4650000000,345.9650000000,STOP,38,-71.2500000000,7.9763520000,0.3990000000,8.3753520000,-79.6253520000
GOOGL,QQQ,2026-04-29 15:53:00-04:00,2026-04-29 15:54:00-04:00,2026-04-29 15:59:00-04:00,LONG,-2.6467303580,350.2500000000,350.6335044443,660.5400000000,659.3673856178,351.0551146540,350.2700000000,350.3400540000,349.9900000000,349.9200020000,57,19969.3830780000,1.2500000000,3.2500000000,71.2500000000,185.2500000000,2.6000000000,349.0200000000,353.5200000000,FORCED_EOD,5,-15.9600000000,7.9829640000,0.3990000000,8.3819640000,-24.3419640000
GOOGL,QQQ,2026-04-30 11:03:00-04:00,2026-04-30 11:04:00-04:00,2026-04-30 11:08:00-04:00,SHORT,2.5904357595,373.8900000000,371.0025923235,662.6900000000,660.5226504924,371.6333186378,373.9200000000,373.8452160000,375.1700000000,375.2450340000,53,19813.7964480000,1.2500000000,3.2500000000,66.2500000000,172.2500000000,2.6000000000,375.1700000000,370.6700000000,STOP,4,-66.2500000000,7.9403540000,0.3710000000,8.3113540000,-74.5613540000
GOOGL,QQQ,2026-04-30 11:08:00-04:00,2026-04-30 11:09:00-04:00,2026-04-30 11:12:00-04:00,SHORT,2.5396064278,375.2599000000,371.1267698924,663.0601000000,660.5857690629,371.8470038991,375.2599000000,375.1848480200,376.5099000000,376.5852019800,53,19884.7969450600,1.2500000000,3.2500000000,66.2500000000,172.2500000000,2.6000000000,376.5099000000,372.0099000000,STOP,3,-66.2500000000,7.9687598800,0.3710000000,8.3397598800,-74.5897598800
GOOGL,QQQ,2026-04-30 11:12:00-04:00,2026-04-30 11:13:00-04:00,2026-04-30 11:42:00-04:00,SHORT,2.6918584590,377.2899000000,371.3095878944,662.9700000000,660.6357101107,371.9893417457,377.2800000000,377.2045440000,374.0300000000,374.1048060000,53,19991.8408320000,1.2500000000,3.2500000000,66.2500000000,172.2500000000,2.6000000000,378.5300000000,374.0300000000,TAKE_PROFIT_BRACKET,29,172.2500000000,7.9638860000,0.3710000000,8.3348860000,163.9151140000
GOOGL,QQQ,2026-04-30 13:03:00-04:00,2026-04-30 13:04:00-04:00,2026-04-30 13:10:00-04:00,SHORT,2.7006521745,380.4150000000,373.0364153407,663.4100000000,661.3725003185,373.6318380785,380.3900000000,380.3139220000,381.6400000000,381.7163280000,52,19776.3239440000,1.2500000000,3.2500000000,65.0000000000,169.0000000000,2.6000000000,381.6400000000,377.1400000000,STOP,6,-65.0000000000,7.9251120000,0.3640000000,8.2891120000,-73.2891120000
GOOGL,QQQ,2026-04-30 13:10:00-04:00,2026-04-30 13:11:00-04:00,2026-04-30 13:13:00-04:00,SHORT,2.5732358848,381.8800000000,373.1864691308,664.2100000000,661.4306207973,373.9989481696,381.8500000000,381.7736300000,383.1000000000,383.1766200000,52,19852.2287600000,1.2500000000,3.2500000000,65.0000000000,169.0000000000,2.6000000000,383.1000000000,378.6000000000,STOP,2,-65.0000000000,7.9554800000,0.3640000000,8.3194800000,-73.3194800000
GOOGL,QQQ,2026-04-30 13:13:00-04:00,2026-04-30 13:14:00-04:00,2026-04-30 13:59:00-04:00,SHORT,2.9571626415,383.3500000000,373.3171475908,664.4700000000,661.4581477960,374.1978556991,383.3300000000,383.2533340000,384.5800000000,384.6569160000,52,19929.1733680000,1.2500000000,3.2500000000,65.0000000000,169.0000000000,2.6000000000,384.5800000000,380.0800000000,STOP,45,-65.0000000000,7.9862640000,0.3640000000,8.3502640000,-73.3502640000
GOOGL,QQQ,2026-04-30 14:42:00-04:00,2026-04-30 14:43:00-04:00,2026-04-30 15:01:00-04:00,LONG,-3.1286177744,382.4100000000,375.2919907630,667.5150000000,662.5025108136,376.7631442516,382.4200000000,382.4964840000,381.1700000000,381.0937660000,52,19889.8171680000,1.2500000000,3.2500000000,65.0000000000,169.0000000000,2.6000000000,381.1700000000,385.6700000000,STOP,18,-65.0000000000,7.9413360000,0.3640000000,8.3053360000,-73.3053360000
GOOGL,QQQ,2026-04-30 15:57:00-04:00,2026-04-30 15:58:00-04:00,2026-04-30 15:59:00-04:00,SHORT,3.1796064381,385.0600000000,376.3310191035,667.9800000000,663.5744807561,377.6255136138,385.0200000000,384.9429960000,385.1000000000,385.1770200000,51,19632.0927960000,1.2500000000,3.2500000000,63.7500000000,165.7500000000,2.6000000000,386.2700000000,381.7700000000,FORCED_EOD,1,-4.0800000000,7.8552240000,0.3570000000,8.2122240000,-12.2922240000
GOOGL,QQQ,2026-05-01 14:48:00-04:00,2026-05-01 14:49:00-04:00,2026-05-01 15:59:00-04:00,LONG,-3.1431373008,382.9600000000,383.8014175730,673.2300000000,674.0339213196,383.2374140588,382.9500000000,383.0265900000,385.6900000000,385.6128620000,52,19917.3826800000,1.2500000000,3.2500000000,65.0000000000,169.0000000000,2.6000000000,381.7000000000,386.2000000000,FORCED_EOD,70,142.4800000000,7.9938560000,0.3640000000,8.3578560000,134.1221440000
GOOGL,QQQ,2026-05-04 11:19:00-04:00,2026-05-04 11:20:00-04:00,2026-05-04 11:26:00-04:00,SHORT,3.0695443499,380.3600000000,382.9013676726,672.9600000000,675.2546198592,380.0950549497,380.3800000000,380.3039240000,381.6300000000,381.7063260000,52,19775.8040480000,1.2500000000,3.2500000000,65.0000000000,169.0000000000,2.6000000000,381.6300000000,377.1300000000,STOP,6,-65.0000000000,7.9249040000,0.3640000000,8.2889040000,-73.2889040000
GOOGL,QQQ,2026-05-04 13:20:00-04:00,2026-05-04 13:21:00-04:00,2026-05-04 15:03:00-04:00,LONG,-2.8543136738,383.8400000000,382.7022140676,673.0500000000,673.3045901043,382.3901118299,383.8200000000,383.8967640000,382.5700000000,382.4934860000,52,19962.6317280000,1.2500000000,3.2500000000,65.0000000000,169.0000000000,2.6000000000,382.5700000000,387.0700000000,STOP,102,-65.0000000000,7.9704560000,0.3640000000,8.3344560000,-73.3344560000
GOOGL,QQQ,2026-05-04 15:03:00-04:00,2026-05-04 15:04:00-04:00,2026-05-04 15:59:00-04:00,LONG,-2.6171075918,382.3100000000,382.8948000355,672.1800000000,673.2147061140,381.6255451224,382.3150000000,382.3914630000,383.2400000000,383.1633520000,52,19884.3560760000,1.2500000000,3.2500000000,65.0000000000,169.0000000000,2.6000000000,381.0650000000,385.5650000000,FORCED_EOD,55,48.1000000000,7.9617720000,0.3640000000,8.3257720000,39.7742280000
GOOGL,QQQ,2026-05-05 11:59:00-04:00,2026-05-05 12:00:00-04:00,2026-05-05 13:02:00-04:00,LONG,-2.6259047015,387.3300000000,388.7035131110,681.3100000000,680.4286950237,389.9390056044,387.3500000000,387.4274700000,386.1000000000,386.0227800000,51,19758.8009700000,1.2500000000,3.2500000000,63.7500000000,165.7500000000,2.6000000000,386.1000000000,390.6000000000,STOP,62,-63.7500000000,7.8891900000,0.3570000000,8.2461900000,-71.9961900000
GOOGL,QQQ,2026-05-05 13:18:00-04:00,2026-05-05 13:19:00-04:00,2026-05-05 15:34:00-04:00,LONG,-3.0277695687,384.5400000000,388.3255794950,681.4300000000,680.6118526673,389.4711084028,384.5900000000,384.6669180000,387.8400000000,387.7624320000,51,19618.0128180000,1.2500000000,3.2500000000,63.7500000000,165.7500000000,2.6000000000,383.3400000000,387.8400000000,TAKE_PROFIT_BRACKET,135,165.7500000000,7.8787860000,0.3570000000,8.2357860000,157.5142140000
GOOGL,QQQ,2026-05-05 15:54:00-04:00,2026-05-05 15:55:00-04:00,2026-05-05 15:59:00-04:00,SHORT,2.6897703544,387.8300000000,387.7765189208,681.1000000000,681.0974462742,387.7800869184,387.8700000000,387.7924260000,388.4100000000,388.4876820000,51,19777.4137260000,1.2500000000,3.2500000000,63.7500000000,165.7500000000,2.6000000000,389.1200000000,384.6200000000,FORCED_EOD,4,-27.5400000000,7.9180560000,0.3570000000,8.2750560000,-35.8150560000
GOOGL,QQQ,2026-05-06 11:18:00-04:00,2026-05-06 11:19:00-04:00,2026-05-06 12:13:00-04:00,LONG,-2.5439655596,395.3000000000,395.2682396773,692.0800000000,689.5578809674,398.9796443636,395.3099000000,395.3889619800,398.5599000000,398.4801880200,50,19769.4480990000,1.2500000000,3.2500000000,62.5000000000,162.5000000000,2.6000000000,394.0599000000,398.5599000000,TAKE_PROFIT_BRACKET,54,162.5000000000,7.9386980000,0.3500000000,8.2886980000,154.2113020000
GOOGL,QQQ,2026-05-06 13:23:00-04:00,2026-05-06 13:24:00-04:00,2026-05-06 13:30:00-04:00,LONG,-2.6927265667,398.8200000000,396.1843261480,692.5500000000,690.3685239809,399.3981220297,398.8200000000,398.8997640000,397.5700000000,397.4904860000,50,19944.9882000000,1.2500000000,3.2500000000,62.5000000000,162.5000000000,2.6000000000,397.5700000000,402.0700000000,STOP,6,-62.5000000000,7.9639000000,0.3500000000,8.3139000000,-70.8139000000
GOOGL,QQQ,2026-05-06 13:30:00-04:00,2026-05-06 13:31:00-04:00,2026-05-06 14:07:00-04:00,LONG,-3.1080284058,397.5600000000,396.2091799178,692.5000000000,690.3923524059,399.3142978397,397.5600000000,397.6395120000,396.3100000000,396.2307380000,50,19881.9756000000,1.2500000000,3.2500000000,62.5000000000,162.5000000000,2.6000000000,396.3100000000,400.8100000000,STOP,36,-62.5000000000,7.9387000000,0.3500000000,8.2887000000,-70.7887000000
GOOGL,QQQ,2026-05-07 10:16:00-04:00,2026-05-07 10:17:00-04:00,2026-05-07 12:01:00-04:00,LONG,-2.8658775028,395.9800000000,397.4741595048,698.9300000000,697.2068249783,398.4569072433,395.9900000000,396.0691980000,394.7400000000,394.6610520000,50,19803.4599000000,1.2500000000,3.2500000000,62.5000000000,162.5000000000,2.6000000000,394.7400000000,399.2400000000,STOP,104,-62.5000000000,7.9073000000,0.3500000000,8.2573000000,-70.7573000000
GOOGL,QQQ,2026-05-07 13:19:00-04:00,2026-05-07 13:20:00-04:00,2026-05-07 14:18:00-04:00,SHORT,4.0222469671,396.0600000000,396.1908047572,693.5300000000,697.4273816910,393.9759577581,396.0750000000,395.9957850000,397.3250000000,397.4044650000,50,19799.7892500000,1.2500000000,3.2500000000,62.5000000000,162.5000000000,2.6000000000,397.3250000000,392.8250000000,STOP,58,-62.5000000000,7.9340000000,0.3500000000,8.2840000000,-70.7840000000
GOOGL,QQQ,2026-05-07 15:04:00-04:00,2026-05-07 15:05:00-04:00,2026-05-07 15:59:00-04:00,LONG,-2.9210452065,394.8300000000,396.2047074341,693.6200000000,696.4415390482,394.5989260376,394.8300000000,394.9089660000,398.0800000000,398.0003840000,50,19745.4483000000,1.2500000000,3.2500000000,62.5000000000,162.5000000000,2.6000000000,393.5800000000,398.0800000000,TAKE_PROFIT_BRACKET,54,162.5000000000,7.9291000000,0.3500000000,8.2791000000,154.2209000000
GOOGL,QQQ,2026-05-08 12:29:00-04:00,2026-05-08 12:30:00-04:00,2026-05-08 12:56:00-04:00,LONG,-2.5195254504,398.5125000000,399.1782937615,708.6150000000,705.7057738121,401.1172125606,398.5300000000,398.6097060000,397.2800000000,397.2005440000,50,19930.4853000000,1.2500000000,3.2500000000,62.5000000000,162.5000000000,2.6000000000,397.2800000000,401.7800000000,STOP,26,-62.5000000000,7.9581000000,0.3500000000,8.3081000000,-70.8081000000
GOOGL,QQQ,2026-05-08 12:56:00-04:00,2026-05-08 12:57:00-04:00,2026-05-08 15:33:00-04:00,LONG,-2.7233675684,397.2100000000,399.1021432390,708.6700000000,706.0025982103,400.8788063504,397.1900000000,397.2694380000,400.4400000000,400.3599120000,50,19863.4719000000,1.2500000000,3.2500000000,62.5000000000,162.5000000000,2.6000000000,395.9400000000,400.4400000000,TAKE_PROFIT_BRACKET,156,162.5000000000,7.9763000000,0.3500000000,8.3263000000,154.1737000000
GOOGL,QQQ,2026-05-08 15:33:00-04:00,2026-05-08 15:34:00-04:00,2026-05-08 15:50:00-04:00,SHORT,2.9582618122,400.0750000000,398.9876483396,709.3600000000,707.1766152484,400.4390937932,400.0980000000,400.0179804000,401.3480000000,401.4282696000,49,19600.8810396000,1.2500000000,3.2500000000,61.2500000000,159.2500000000,2.6000000000,401.3480000000,396.8480000000,STOP,16,-61.2500000000,7.8541708000,0.3430000000,8.1971708000,-69.4471708000
GOOGL,QQQ,2026-05-11 11:25:00-04:00,2026-05-11 11:26:00-04:00,2026-05-11 14:39:00-04:00,LONG,-2.5444053508,393.1200000000,394.4623739099,712.7700000000,711.7280679786,394.9087580741,393.1200000000,393.1986240000,391.8700000000,391.7916260000,50,19659.9312000000,1.2500000000,3.2500000000,62.5000000000,162.5000000000,2.6000000000,391.8700000000,396.3700000000,STOP,193,-62.5000000000,7.8499000000,0.3500000000,8.1999000000,-70.6999000000
GOOGL,QQQ,2026-05-11 14:39:00-04:00,2026-05-11 14:40:00-04:00,2026-05-11 15:22:00-04:00,LONG,-2.5199116264,391.6100000000,394.0381636065,713.8300000000,712.5874212131,394.5692950011,391.6350000000,391.7133270000,390.3850000000,390.3069230000,51,19977.3796770000,1.2500000000,3.2500000000,63.7500000000,165.7500000000,2.6000000000,390.3850000000,394.8850000000,STOP,42,-63.7500000000,7.9766040000,0.3570000000,8.3336040000,-72.0836040000
GOOGL,QQQ,2026-05-11 15:35:00-04:00,2026-05-11 15:36:00-04:00,2026-05-11 15:59:00-04:00,SHORT,2.6297433923,391.0100000000,393.5782595575,712.1400000000,712.6274977196,393.3701370660,391.0200000000,390.9417960000,388.6500000000,388.7277300000,51,19938.0315960000,1.2500000000,3.2500000000,63.7500000000,165.7500000000,2.6000000000,392.2700000000,387.7700000000,FORCED_EOD,23,120.8700000000,7.9526340000,0.3570000000,8.3096340000,112.5603660000
GOOGL,QQQ,2026-05-12 10:35:00-04:00,2026-05-12 10:36:00-04:00,2026-05-12 11:45:00-04:00,SHORT,2.5004827639,386.7426000000,386.5597388679,703.4800000000,706.9709869966,384.1508635056,386.7600000000,386.6826480000,388.0100000000,388.0876020000,51,19720.8150480000,1.2500000000,3.2500000000,63.7500000000,165.7500000000,2.6000000000,388.0100000000,383.5100000000,STOP,69,-63.7500000000,7.9026540000,0.3570000000,8.2596540000,-72.0096540000
GOOGL,QQQ,2026-05-12 12:05:00-04:00,2026-05-12 12:06:00-04:00,2026-05-12 12:33:00-04:00,LONG,-2.6456530906,386.1200000000,386.7760697039,700.0900000000,704.0354697961,384.0407074479,386.1292000000,386.2064258400,384.8792000000,384.8022241600,51,19696.5277178400,1.2500000000,3.2500000000,63.7500000000,165.7500000000,2.6000000000,384.8792000000,389.3792000000,STOP,27,-63.7500000000,7.8642856800,0.3570000000,8.2212856800,-71.9712856800
GOOGL,QQQ,2026-05-12 13:03:00-04:00,2026-05-12 13:04:00-04:00,2026-05-12 15:38:00-04:00,LONG,-2.8146384793,383.3500000000,386.3927420526,697.9150000000,703.0008888212,382.8650471391,383.3900000000,383.4666780000,386.6400000000,386.5626720000,52,19940.2672560000,1.2500000000,3.2500000000,65.0000000000,169.0000000000,2.6000000000,382.1400000000,386.6400000000,TAKE_PROFIT_BRACKET,154,169.0000000000,8.0083120000,0.3640000000,8.3723120000,160.6276880000
GOOGL,QQQ,2026-05-13 12:55:00-04:00,2026-05-13 12:56:00-04:00,2026-05-13 13:16:00-04:00,SHORT,2.7017127829,400.9600000000,394.1145052269,713.9700000000,709.8080789502,395.9243769732,400.9700000000,400.8898060000,402.2200000000,402.3004440000,49,19643.6004940000,1.2500000000,3.2500000000,61.2500000000,159.2500000000,2.6000000000,402.2200000000,397.7200000000,STOP,20,-61.2500000000,7.8712620000,0.3430000000,8.2142620000,-69.4642620000
GOOGL,QQQ,2026-05-13 14:43:00-04:00,2026-05-13 14:44:00-04:00,2026-05-13 15:59:00-04:00,LONG,-2.5949990390,402.3300000000,396.1815703135,715.5750000000,711.0891293776,398.1390148043,402.3300000000,402.4104660000,402.6400000000,402.5594720000,49,19718.1128340000,1.2500000000,3.2500000000,61.2500000000,159.2500000000,2.6000000000,401.0800000000,405.5800000000,FORCED_EOD,75,15.1900000000,7.8887060000,0.3430000000,8.2317060000,6.9582940000
GOOGL,QQQ,2026-05-14 11:36:00-04:00,2026-05-14 11:37:00-04:00,2026-05-14 11:54:00-04:00,SHORT,2.8444809816,398.8550000000,398.0485917547,721.1800000000,718.7612503364,399.0167001372,398.8700000000,398.7902260000,400.1200000000,400.2000240000,50,19939.5113000000,1.2500000000,3.2500000000,62.5000000000,162.5000000000,2.6000000000,400.1200000000,395.6200000000,STOP,17,-62.5000000000,7.9899000000,0.3500000000,8.3399000000,-70.8399000000
GOOGL,QQQ,2026-05-14 11:56:00-04:00,2026-05-14 11:57:00-04:00,2026-05-14 13:46:00-04:00,SHORT,2.8144637798,401.4500000000,398.2745493594,721.5400000000,718.9102914156,399.3274735426,401.4300000000,401.3497140000,402.6800000000,402.7605360000,49,19666.1359860000,1.2500000000,3.2500000000,61.2500000000,159.2500000000,2.6000000000,402.6800000000,398.1800000000,STOP,109,-61.2500000000,7.8802780000,0.3430000000,8.2232780000,-69.4732780000
GOOGL,QQQ,2026-05-14 15:51:00-04:00,2026-05-14 15:52:00-04:00,2026-05-14 15:59:00-04:00,LONG,-2.6930668606,400.0050000000,399.3907031754,719.8990000000,719.5095801250,399.5469319786,400.0300000000,400.1100060000,401.0800000000,400.9997840000,49,19605.3902940000,1.2500000000,3.2500000000,61.2500000000,159.2500000000,2.6000000000,398.7800000000,403.2800000000,FORCED_EOD,7,51.4500000000,7.8508780000,0.3430000000,8.1938780000,43.2561220000
GOOGL,QQQ,2026-05-15 15:01:00-04:00,2026-05-15 15:02:00-04:00,2026-05-15 15:59:00-04:00,SHORT,2.5871998538,396.4800000000,396.7756505841,712.3500000000,710.9358432054,397.3712845779,396.5000000000,396.4207000000,396.8400000000,396.9193680000,50,19821.0350000000,1.2500000000,3.2500000000,62.5000000000,162.5000000000,2.6000000000,397.7500000000,393.2500000000,FORCED_EOD,57,-17.0000000000,7.9334000000,0.3500000000,8.2834000000,-25.2834000000
GOOGL,QQQ,2026-05-18 10:35:00-04:00,2026-05-18 10:36:00-04:00,2026-05-18 12:00:00-04:00,LONG,-2.6179134600,402.2700000000,403.6439924320,703.0400000000,708.3769373477,400.6868616504,402.2900000000,402.3704580000,401.0400000000,400.9597920000,49,19716.1524420000,1.2500000000,3.2500000000,61.2500000000,159.2500000000,2.6000000000,401.0400000000,405.5400000000,STOP,84,-61.2500000000,7.8726340000,0.3430000000,8.2156340000,-69.4656340000
GOOGL,QQQ,2026-05-18 15:38:00-04:00,2026-05-18 15:39:00-04:00,2026-05-18 15:56:00-04:00,LONG,-2.6699301431,397.3100000000,402.3360017124,703.3300000000,704.3199698724,401.7860998138,397.3000000000,397.3794600000,396.0500000000,395.9707900000,50,19868.9730000000,1.2500000000,3.2500000000,62.5000000000,162.5000000000,2.6000000000,396.0500000000,400.5500000000,STOP,17,-62.5000000000,7.9335000000,0.3500000000,8.2835000000,-70.7835000000
GOOGL,QQQ,2026-05-18 15:56:00-04:00,2026-05-18 15:57:00-04:00,2026-05-18 15:59:00-04:00,LONG,-2.7840453743,396.0100000000,402.0565634478,705.3100000000,704.3647976620,402.5812001244,396.0300000000,396.1092060000,396.9700000000,396.8906060000,50,19805.4603000000,1.2500000000,3.2500000000,62.5000000000,162.5000000000,2.6000000000,394.7800000000,399.2800000000,FORCED_EOD,2,47.0000000000,7.9300000000,0.3500000000,8.2800000000,38.7200000000
GOOGL,QQQ,2026-05-19 10:00:00-04:00,2026-05-19 10:01:00-04:00,2026-05-19 10:10:00-04:00,SHORT,2.9074011450,391.7600000000,391.5089922818,701.4500000000,702.4239379331,390.7951254018,391.8000000000,391.7216400000,393.0500000000,393.1286100000,51,19977.8036400000,1.2500000000,3.2500000000,63.7500000000,165.7500000000,2.6000000000,393.0500000000,388.5500000000,STOP,9,-63.7500000000,8.0054700000,0.3570000000,8.3624700000,-72.1124700000
GOOGL,QQQ,2026-05-19 12:37:00-04:00,2026-05-19 12:38:00-04:00,2026-05-19 13:03:00-04:00,LONG,-2.5590402220,387.4100000000,389.9138074353,701.7900000000,699.3281063466,391.7189039773,387.4100000000,387.4874820000,390.6600000000,390.5818680000,51,19761.8615820000,1.2500000000,3.2500000000,63.7500000000,165.7500000000,2.6000000000,386.1600000000,390.6600000000,TAKE_PROFIT_BRACKET,25,165.7500000000,7.9363140000,0.3570000000,8.2933140000,157.4566860000
GOOGL,QQQ,2026-05-19 13:06:00-04:00,2026-05-19 13:07:00-04:00,2026-05-19 13:21:00-04:00,SHORT,2.5008291426,392.0700000000,389.8285648790,704.7200000000,699.7512509459,393.4687255488,392.0400000000,391.9615920000,393.2900000000,393.3686580000,51,19990.0411920000,1.2500000000,3.2500000000,63.7500000000,165.7500000000,2.6000000000,393.2900000000,388.7900000000,STOP,14,-63.7500000000,8.0103660000,0.3570000000,8.3673660000,-72.1173660000
GOOGL,QQQ,2026-05-19 14:51:00-04:00,2026-05-19 14:52:00-04:00,2026-05-19 15:51:00-04:00,LONG,-2.7027440142,389.1300000000,390.1435118409,703.7800000000,700.8903254208,392.2587865414,389.0900000000,389.1678180000,387.8400000000,387.7624320000,51,19847.5587180000,1.2500000000,3.2500000000,63.7500000000,165.7500000000,2.6000000000,387.8400000000,392.3400000000,STOP,59,-63.7500000000,7.9246860000,0.3570000000,8.2816860000,-72.0316860000
GOOGL,QQQ,2026-05-20 11:48:00-04:00,2026-05-20 11:49:00-04:00,2026-05-20 14:39:00-04:00,SHORT,2.5585922520,386.3750000000,386.6023476236,711.6300000000,708.0295316302,389.6772285632,386.3600000000,386.2827280000,387.6100000000,387.6875220000,51,19700.4191280000,1.2500000000,3.2500000000,63.7500000000,165.7500000000,2.6000000000,387.6100000000,383.1100000000,STOP,170,-63.7500000000,7.8944940000,0.3570000000,8.2514940000,-72.0014940000
GOOGL,QQQ,2026-05-21 10:04:00-04:00,2026-05-21 10:05:00-04:00,2026-05-21 10:30:00-04:00,LONG,-3.0981180303,383.6200000000,385.3655507499,711.1200000000,709.6753757131,385.7586663825,383.6400000000,383.7167280000,386.8900000000,386.8126220000,52,19953.2698560000,1.2500000000,3.2500000000,65.0000000000,169.0000000000,2.6000000000,382.3900000000,386.8900000000,TAKE_PROFIT_BRACKET,25,169.0000000000,8.0135120000,0.3640000000,8.3775120000,160.6224880000
GOOGL,QQQ,2026-05-21 11:39:00-04:00,2026-05-21 11:40:00-04:00,2026-05-21 13:52:00-04:00,SHORT,2.9102549357,390.4300000000,386.3627542436,709.8548000000,709.2538479318,386.5268077952,390.4300000000,390.3519140000,391.6800000000,391.7583360000,51,19907.9476140000,1.2500000000,3.2500000000,63.7500000000,165.7500000000,2.6000000000,391.6800000000,387.1800000000,STOP,132,-63.7500000000,7.9775220000,0.3570000000,8.3345220000,-72.0845220000
GOOGL,QQQ,2026-05-21 14:57:00-04:00,2026-05-21 14:58:00-04:00,2026-05-21 15:53:00-04:00,LONG,-2.5757384436,388.4800000000,387.9617907191,711.4050000000,711.1964854396,388.0187924430,388.4850000000,388.5626970000,387.2350000000,387.1575530000,51,19816.6975470000,1.2500000000,3.2500000000,63.7500000000,165.7500000000,2.6000000000,387.2350000000,391.7350000000,STOP,55,-63.7500000000,7.9123440000,0.3570000000,8.2693440000,-72.0193440000
GOOGL,QQQ,2026-05-21 15:53:00-04:00,2026-05-21 15:54:00-04:00,2026-05-21 15:59:00-04:00,LONG,-3.5776478708,387.2000000000,388.0310750418,714.1700000000,711.4702411421,388.7689571708,387.1800000000,387.2574360000,387.6500000000,387.5724700000,51,19750.1292360000,1.2500000000,3.2500000000,63.7500000000,165.7500000000,2.6000000000,385.9300000000,390.4300000000,FORCED_EOD,5,23.9700000000,7.9032660000,0.3570000000,8.2602660000,15.7097340000
