symbol,lead_symbol,signal_time,entry_time,exit_time,direction,entry_z,signal_target_close,signal_target_vwap,signal_qqq_close,signal_qqq_vwap,signal_fair_target,entry_reference,entry_price,exit_reference,exit_price,shares,notional_usd,stop_usd_per_share,target_usd_per_share,gross_risk_usd,gross_reward_usd,reward_to_risk,stop_price,target_price,exit_reason,duration_bars,gross_pnl,slippage,commissions,costs,net_pnl
TSLA,QQQ,2025-08-22 10:02:00-04:00,2025-08-22 10:03:00-04:00,2025-08-22 15:59:00-04:00,SHORT,3.3385734057,333.5178000000,325.7282145031,570.3800000000,566.4827970359,330.0513676089,333.5000000000,333.4333000000,340.0100000000,340.0780020000,59,19672.5647000000,19.7500000000,7.0000000000,1165.2500000000,413.0000000000,0.3544303797,353.2500000000,326.5000000000,FORCED_EOD,356,-384.0900000000,7.9474180000,0.4130000000,8.3604180000,-392.4504180000
TSLA,QQQ,2025-08-25 11:00:00-04:00,2025-08-25 11:01:00-04:00,2025-08-25 13:16:00-04:00,LONG,-2.5073519520,340.6000000000,339.3569055962,572.3321000000,570.8326584234,342.0623455340,340.6050000000,340.6731210000,347.6050000000,347.5354790000,58,19759.0410180000,19.7500000000,7.0000000000,1145.5000000000,406.0000000000,0.3544303797,320.8550000000,347.6050000000,TAKE_PROFIT_BRACKET,135,406.0000000000,7.9832360000,0.4060000000,8.3892360000,397.6107640000
TSLA,QQQ,2025-08-25 14:17:00-04:00,2025-08-25 14:18:00-04:00,2025-08-25 15:59:00-04:00,LONG,-3.0291239571,346.5585000000,342.9850972643,572.2200000000,571.6414855030,344.0385770978,346.5350000000,346.6043070000,346.5800000000,346.5106840000,57,19756.4454990000,19.7500000000,7.0000000000,1125.7500000000,399.0000000000,0.3544303797,326.7850000000,353.5350000000,FORCED_EOD,101,2.5650000000,7.9015110000,0.3990000000,8.3005110000,-5.7355110000
TSLA,QQQ,2025-08-26 15:12:00-04:00,2025-08-26 15:13:00-04:00,2025-08-26 15:59:00-04:00,SHORT,2.5685523339,348.7700000000,346.5079040918,571.5800000000,570.9187475680,347.7123850343,348.7900000000,348.7202420000,351.6800000000,351.7503360000,57,19877.0537940000,19.7500000000,7.0000000000,1125.7500000000,399.0000000000,0.3544303797,368.5400000000,341.7900000000,FORCED_EOD,46,-164.7300000000,7.9853580000,0.3990000000,8.3843580000,-173.1143580000
TSLA,QQQ,2025-08-27 11:03:00-04:00,2025-08-27 11:04:00-04:00,2025-08-27 15:59:00-04:00,SHORT,2.5015664775,352.6400000000,352.1732347270,572.9300000000,572.0832292884,353.9105034898,352.6700000000,352.5994660000,349.4800000000,349.5498960000,56,19745.5700960000,19.7500000000,7.0000000000,1106.0000000000,392.0000000000,0.3544303797,372.4200000000,345.6700000000,FORCED_EOD,295,178.6400000000,7.8640800000,0.3920000000,8.2560800000,170.3839200000
TSLA,QQQ,2025-08-28 12:56:00-04:00,2025-08-28 12:57:00-04:00,2025-08-28 15:59:00-04:00,SHORT,2.5945109483,343.8850000000,345.9888110296,576.5801000000,575.1840515212,348.6954717103,343.8890000000,343.8202222000,345.9000000000,345.9691800000,58,19941.5728876000,19.7500000000,7.0000000000,1145.5000000000,406.0000000000,0.3544303797,363.6390000000,336.8890000000,FORCED_EOD,182,-116.6380000000,8.0015524000,0.4060000000,8.4075524000,-125.0455524000
TSLA,QQQ,2025-08-29 10:18:00-04:00,2025-08-29 10:19:00-04:00,2025-08-29 15:59:00-04:00,LONG,-2.9985568225,337.5600000000,343.2370165822,569.9800000000,571.9450741093,340.0076018128,337.5650000000,337.6325130000,334.0000000000,333.9332000000,59,19920.3182670000,19.7500000000,7.0000000000,1165.2500000000,413.0000000000,0.3544303797,317.8150000000,344.5650000000,FORCED_EOD,340,-210.3350000000,7.9244670000,0.4130000000,8.3374670000,-218.6724670000
TSLA,QQQ,2025-09-02 11:58:00-04:00,2025-09-02 11:59:00-04:00,2025-09-02 15:59:00-04:00,SHORT,2.6160653534,328.1200000000,330.1290952035,559.9599000000,562.7158214991,327.5101498138,328.0800000000,328.0143840000,329.3700000000,329.4358740000,60,19680.8630400000,19.7500000000,7.0000000000,1185.0000000000,420.0000000000,0.3544303797,347.8300000000,321.0800000000,FORCED_EOD,240,-77.4000000000,7.8894000000,0.4200000000,8.3094000000,-85.7094000000
TSLA,QQQ,2025-09-03 13:47:00-04:00,2025-09-03 13:48:00-04:00,2025-09-03 15:59:00-04:00,LONG,-3.2346479451,340.4100000000,337.8105853012,568.2800000000,569.4990552013,336.5813798710,340.4000000000,340.4680800000,334.0400000000,333.9731920000,58,19747.1486400000,19.7500000000,7.0000000000,1145.5000000000,406.0000000000,0.3544303797,320.6500000000,347.4000000000,FORCED_EOD,131,-368.8800000000,7.8235040000,0.4060000000,8.2295040000,-377.1095040000
TSLA,QQQ,2025-09-04 10:46:00-04:00,2025-09-04 10:47:00-04:00,2025-09-04 15:59:00-04:00,LONG,-2.6870710571,332.8286000000,334.1237450761,571.4100000000,570.6943877921,334.8316540772,332.8200000000,332.8865640000,338.5645000000,338.4967871000,60,19973.1938400000,19.7500000000,7.0000000000,1185.0000000000,420.0000000000,0.3544303797,313.0700000000,339.8200000000,FORCED_EOD,312,344.6700000000,8.0566140000,0.4200000000,8.4766140000,336.1933860000
TSLA,QQQ,2025-09-05 11:59:00-04:00,2025-09-05 12:00:00-04:00,2025-09-05 15:59:00-04:00,LONG,-2.9316321542,346.9600000000,350.0247220356,574.2700000000,576.4441066924,347.6019986766,346.9450000000,347.0143890000,350.8000000000,350.7298400000,57,19779.8201730000,19.7500000000,7.0000000000,1125.7500000000,399.0000000000,0.3544303797,327.1950000000,353.9450000000,FORCED_EOD,239,219.7350000000,7.9542930000,0.3990000000,8.3532930000,211.3817070000
TSLA,QQQ,2025-09-08 13:01:00-04:00,2025-09-08 13:02:00-04:00,2025-09-08 15:59:00-04:00,LONG,-2.5429831446,345.0200000000,350.7962156321,578.9000000000,579.7534175910,349.6140671917,345.0300000000,345.0990060000,346.4000000000,346.3307200000,57,19670.6433420000,19.7500000000,7.0000000000,1125.7500000000,399.0000000000,0.3544303797,325.2800000000,352.0300000000,FORCED_EOD,177,78.0900000000,7.8823020000,0.3990000000,8.2813020000,69.8086980000
TSLA,QQQ,2025-09-09 10:00:00-04:00,2025-09-09 10:01:00-04:00,2025-09-09 15:59:00-04:00,LONG,-2.5308720195,346.7600000000,349.0203801565,578.4900000000,579.5199882879,348.3027192572,346.7200000000,346.7893440000,347.0400000000,346.9705920000,57,19766.9926080000,19.7500000000,7.0000000000,1125.7500000000,399.0000000000,0.3544303797,326.9700000000,353.7200000000,FORCED_EOD,358,18.2400000000,7.9088640000,0.3990000000,8.3078640000,9.9321360000
TSLA,QQQ,2025-09-10 10:47:00-04:00,2025-09-10 10:48:00-04:00,2025-09-10 15:59:00-04:00,SHORT,2.5604871759,353.1200000000,349.5269655909,583.3301000000,582.5381675166,349.6219985942,353.0700000000,352.9993860000,347.7900000000,347.8595580000,56,19767.9656160000,19.7500000000,7.0000000000,1106.0000000000,392.0000000000,0.3544303797,372.8200000000,346.0700000000,FORCED_EOD,311,295.6800000000,7.8496320000,0.3920000000,8.2416320000,287.4383680000
TSLA,QQQ,2025-09-11 11:13:00-04:00,2025-09-11 11:14:00-04:00,2025-09-11 15:59:00-04:00,SHORT,2.5936941435,362.3900000000,355.5070909434,584.1200000000,583.1677151468,355.6231961424,362.3950000000,362.3225210000,368.7950000000,368.8687590000,55,19927.7386550000,19.7500000000,7.0000000000,1086.2500000000,385.0000000000,0.3544303797,382.1450000000,355.3950000000,FORCED_EOD,285,-352.0000000000,8.0430900000,0.3850000000,8.4280900000,-360.4280900000
TSLA,QQQ,2025-09-12 10:43:00-04:00,2025-09-12 10:44:00-04:00,2025-09-12 12:47:00-04:00,LONG,-2.6853082694,387.1220000000,384.3762981658,585.9650000000,585.1339519188,386.3801947237,387.1300000000,387.2074260000,394.1300000000,394.0511740000,51,19747.5787260000,19.7500000000,7.0000000000,1007.2500000000,357.0000000000,0.3544303797,367.3800000000,394.1300000000,TAKE_PROFIT_BRACKET,123,357.0000000000,7.9688520000,0.3570000000,8.3258520000,348.6741480000
TSLA,QQQ,2025-09-12 12:48:00-04:00,2025-09-12 12:49:00-04:00,2025-09-12 15:59:00-04:00,SHORT,2.5220428574,394.2574000000,386.5516336611,586.6500000000,585.7397882104,388.7565549484,394.2550000000,394.1761490000,396.0000000000,396.0792000000,50,19708.8074500000,19.7500000000,7.0000000000,987.5000000000,350.0000000000,0.3544303797,414.0050000000,387.2550000000,FORCED_EOD,190,-87.2500000000,7.9025500000,0.3500000000,8.2525500000,-95.5025500000
TSLA,QQQ,2025-09-15 13:59:00-04:00,2025-09-15 14:00:00-04:00,2025-09-15 15:59:00-04:00,LONG,-2.7096464869,416.2751000000,419.5361353587,591.1000000000,590.2067895038,422.0758152560,416.2700000000,416.3532540000,410.1400000000,410.0579720000,48,19984.9561920000,19.7500000000,7.0000000000,948.0000000000,336.0000000000,0.3544303797,396.5200000000,423.2700000000,FORCED_EOD,119,-294.2400000000,7.9335360000,0.3360000000,8.2695360000,-302.5095360000
TSLA,QQQ,2025-09-16 12:52:00-04:00,2025-09-16 12:53:00-04:00,2025-09-16 15:59:00-04:00,LONG,-2.5794112621,419.1100000000,417.4492737579,591.0300000000,591.4281839519,416.3250689530,419.1700000000,419.2538340000,421.5650000000,421.4806870000,47,19704.9301980000,19.7500000000,7.0000000000,928.2500000000,329.0000000000,0.3544303797,399.4200000000,426.1700000000,FORCED_EOD,186,112.5650000000,7.9029090000,0.3290000000,8.2319090000,104.3330910000
TSLA,QQQ,2025-09-17 11:05:00-04:00,2025-09-17 11:06:00-04:00,2025-09-17 15:59:00-04:00,SHORT,2.5553070075,415.3800000000,414.1639186401,588.3000000000,589.8469889864,410.1214849432,415.3900000000,415.3069220000,425.5900000000,425.6751180000,48,19934.7322560000,19.7500000000,7.0000000000,948.0000000000,336.0000000000,0.3544303797,435.1400000000,408.3900000000,FORCED_EOD,293,-489.6000000000,8.0734080000,0.3360000000,8.4094080000,-498.0094080000
TSLA,QQQ,2025-09-18 15:16:00-04:00,2025-09-18 15:17:00-04:00,2025-09-18 15:59:00-04:00,LONG,-3.5447459025,421.2900000000,425.9856260681,596.3100000000,596.3505237582,425.8862655997,421.2626000000,421.3468525200,416.6400000000,416.5566720000,47,19803.3020684400,19.7500000000,7.0000000000,928.2500000000,329.0000000000,0.3544303797,401.5126000000,428.2626000000,FORCED_EOD,42,-217.2622000000,7.8762844400,0.3290000000,8.2052844400,-225.4674844400
TSLA,QQQ,2025-09-19 12:19:00-04:00,2025-09-19 12:20:00-04:00,2025-09-19 15:59:00-04:00,LONG,-2.5482087900,422.4300000000,425.3765141205,598.2150000000,597.1776701684,425.5242945114,422.4400000000,422.5244880000,425.8700000000,425.7848260000,47,19858.6509360000,19.7500000000,7.0000000000,928.2500000000,329.0000000000,0.3544303797,402.6900000000,429.4400000000,FORCED_EOD,219,161.2100000000,7.9741140000,0.3290000000,8.3031140000,152.9068860000
TSLA,QQQ,2025-09-22 12:14:00-04:00,2025-09-22 12:15:00-04:00,2025-09-22 15:59:00-04:00,LONG,-3.3668524174,439.0350000000,440.2398067600,601.1499000000,599.6758147620,440.4562407012,439.0316000000,439.1194063200,434.0000000000,433.9132000000,45,19760.3732844000,19.7500000000,7.0000000000,888.7500000000,315.0000000000,0.3544303797,419.2816000000,446.0316000000,FORCED_EOD,224,-226.4220000000,7.8572844000,0.3150000000,8.1722844000,-234.5942844000
TSLA,QQQ,2025-09-23 10:23:00-04:00,2025-09-23 10:24:00-04:00,2025-09-23 15:59:00-04:00,LONG,-2.5293258221,432.2000000000,436.2489530956,601.0200000000,601.3824508620,436.1963679865,432.2300000000,432.3164460000,425.8300000000,425.7448340000,46,19886.5565160000,19.7500000000,7.0000000000,908.5000000000,322.0000000000,0.3544303797,412.4800000000,439.2300000000,FORCED_EOD,335,-294.4000000000,7.8941520000,0.3220000000,8.2161520000,-302.6161520000
TSLA,QQQ,2025-09-24 11:45:00-04:00,2025-09-24 11:46:00-04:00,2025-09-24 15:35:00-04:00,LONG,-3.4629704903,437.0501000000,437.0096797369,596.4600000000,597.8988601037,436.2454464954,437.0500000000,437.1374100000,444.0500000000,443.9611900000,45,19671.1834500000,19.7500000000,7.0000000000,888.7500000000,315.0000000000,0.3544303797,417.3000000000,444.0500000000,TAKE_PROFIT_BRACKET,229,315.0000000000,7.9299000000,0.3150000000,8.2449000000,306.7551000000
TSLA,QQQ,2025-09-25 11:07:00-04:00,2025-09-25 11:08:00-04:00,2025-09-25 15:59:00-04:00,LONG,-2.6368180560,426.5500000000,428.1769359858,592.4884000000,591.4098609225,428.3331070570,426.5650000000,426.6503130000,423.2100000000,423.1253580000,46,19625.9143980000,19.7500000000,7.0000000000,908.5000000000,322.0000000000,0.3544303797,406.8150000000,433.5650000000,FORCED_EOD,291,-154.3300000000,7.8179300000,0.3220000000,8.1399300000,-162.4699300000
TSLA,QQQ,2025-09-26 12:20:00-04:00,2025-09-26 12:21:00-04:00,2025-09-26 14:00:00-04:00,LONG,-3.1180183247,429.3000000000,427.3281538046,593.9200000000,593.4295806498,428.3843926905,429.3500000000,429.4358700000,436.3500000000,436.2627300000,46,19754.0500200000,19.7500000000,7.0000000000,908.5000000000,322.0000000000,0.3544303797,409.6000000000,436.3500000000,TAKE_PROFIT_BRACKET,99,322.0000000000,7.9644400000,0.3220000000,8.2864400000,313.7135600000
TSLA,QQQ,2025-09-26 14:01:00-04:00,2025-09-26 14:02:00-04:00,2025-09-26 15:59:00-04:00,SHORT,2.7239821076,437.6646000000,428.7326187627,595.5700000000,593.8543484146,432.4371897444,437.6600000000,437.5724680000,440.4199000000,440.5079839800,45,19690.7610600000,19.7500000000,7.0000000000,888.7500000000,315.0000000000,0.3544303797,457.4100000000,430.6600000000,FORCED_EOD,117,-124.1955000000,7.9027191000,0.3150000000,8.2177191000,-132.4132191000
TSLA,QQQ,2025-09-29 11:12:00-04:00,2025-09-29 11:13:00-04:00,2025-09-29 15:59:00-04:00,SHORT,2.5152317485,442.9100000000,445.4681487476,600.1600000000,600.8774891211,443.3404701022,442.8900000000,442.8014220000,443.2200000000,443.3086440000,45,19926.0639900000,19.7500000000,7.0000000000,888.7500000000,315.0000000000,0.3544303797,462.6400000000,435.8900000000,FORCED_EOD,286,-14.8500000000,7.9749900000,0.3150000000,8.2899900000,-23.1399900000
TSLA,QQQ,2025-09-30 10:48:00-04:00,2025-09-30 10:49:00-04:00,2025-09-30 15:59:00-04:00,LONG,-2.9466876743,438.6528000000,438.9805255765,598.6900000000,597.4441159235,442.4052087839,438.6600000000,438.7477320000,444.5400000000,444.4510920000,45,19743.6479400000,19.7500000000,7.0000000000,888.7500000000,315.0000000000,0.3544303797,418.9100000000,445.6600000000,FORCED_EOD,310,264.6000000000,7.9488000000,0.3150000000,8.2638000000,256.3362000000
TSLA,QQQ,2025-10-01 11:46:00-04:00,2025-10-01 11:47:00-04:00,2025-10-01 13:38:00-04:00,LONG,-2.5330139777,452.6900000000,451.4510944450,601.3000000000,599.1104115028,456.5146276729,452.7300000000,452.8205460000,459.7300000000,459.6380540000,44,19924.1040240000,19.7500000000,7.0000000000,869.0000000000,308.0000000000,0.3544303797,432.9800000000,459.7300000000,TAKE_PROFIT_BRACKET,111,308.0000000000,8.0296480000,0.3080000000,8.3376480000,299.6623520000
TSLA,QQQ,2025-10-01 13:38:00-04:00,2025-10-01 13:39:00-04:00,2025-10-01 15:59:00-04:00,SHORT,2.9449851714,459.9900000000,453.0125193314,602.3501000000,599.8880813137,458.7183467782,459.9600000000,459.8680080000,459.4700000000,459.5618940000,43,19774.3243440000,19.7500000000,7.0000000000,849.2500000000,301.0000000000,0.3544303797,479.7100000000,452.9600000000,FORCED_EOD,140,21.0700000000,7.9070980000,0.3010000000,8.2080980000,12.8619020000
TSLA,QQQ,2025-10-02 11:39:00-04:00,2025-10-02 11:40:00-04:00,2025-10-02 15:59:00-04:00,LONG,-2.8168332696,446.4300000000,456.5614680338,603.5956000000,604.5727565476,453.6097503255,446.3801000000,446.4693760200,435.9700000000,435.8828060000,44,19644.6525448800,19.7500000000,7.0000000000,869.0000000000,308.0000000000,0.3544303797,426.6301000000,453.3801000000,FORCED_EOD,259,-458.0444000000,7.7646808800,0.3080000000,8.0726808800,-466.1170808800
TSLA,QQQ,2025-10-03 10:26:00-04:00,2025-10-03 10:27:00-04:00,2025-10-03 15:59:00-04:00,LONG,-2.5407829323,429.4550000000,436.9195881730,605.5700000000,606.0341784026,435.5809928017,429.4301000000,429.5159860200,429.8400000000,429.7540320000,46,19757.7353569200,19.7500000000,7.0000000000,908.5000000000,322.0000000000,0.3544303797,409.6801000000,436.4301000000,FORCED_EOD,332,18.8554000000,7.9052849200,0.3220000000,8.2272849200,10.6281150800
TSLA,QQQ,2025-10-06 12:03:00-04:00,2025-10-06 12:04:00-04:00,2025-10-06 15:08:00-04:00,LONG,-3.2106575516,445.4492000000,443.8546922521,608.1820000000,607.2329639413,445.1579463490,445.5099000000,445.5990019800,452.5099000000,452.4193980200,44,19606.3560871200,19.7500000000,7.0000000000,869.0000000000,308.0000000000,0.3544303797,425.7599000000,452.5099000000,TAKE_PROFIT_BRACKET,184,308.0000000000,7.9025742400,0.3080000000,8.2105742400,299.7894257600
TSLA,QQQ,2025-10-06 15:08:00-04:00,2025-10-06 15:09:00-04:00,2025-10-06 15:59:00-04:00,SHORT,2.9349753613,452.5083000000,445.6013283001,608.9200000000,607.7238938860,447.2490003865,452.5399000000,452.4493920200,453.3600000000,453.4506720000,44,19907.7732488800,19.7500000000,7.0000000000,869.0000000000,308.0000000000,0.3544303797,472.2899000000,445.5399000000,FORCED_EOD,50,-36.0844000000,7.9719191200,0.3080000000,8.2799191200,-44.3643191200
TSLA,QQQ,2025-10-07 11:28:00-04:00,2025-10-07 11:29:00-04:00,2025-10-07 11:50:00-04:00,SHORT,2.5155300747,444.1499000000,447.0950413287,605.1650000000,607.7646752481,439.4453574308,444.0800000000,443.9911840000,437.0800000000,437.1674160000,45,19979.6032800000,19.7500000000,7.0000000000,888.7500000000,315.0000000000,0.3544303797,463.8300000000,437.0800000000,TAKE_PROFIT_BRACKET,21,315.0000000000,7.9304400000,0.3150000000,8.2454400000,306.7545600000
TSLA,QQQ,2025-10-07 12:49:00-04:00,2025-10-07 12:50:00-04:00,2025-10-07 15:10:00-04:00,SHORT,2.5168384390,444.6502000000,445.4043475708,604.2200000000,606.3020448746,439.2862627197,444.5800000000,444.4910840000,437.5800000000,437.6675160000,44,19557.6076960000,19.7500000000,7.0000000000,869.0000000000,308.0000000000,0.3544303797,464.3300000000,437.5800000000,TAKE_PROFIT_BRACKET,140,308.0000000000,7.7630080000,0.3080000000,8.0710080000,299.9289920000
TSLA,QQQ,2025-10-08 11:47:00-04:00,2025-10-08 11:48:00-04:00,2025-10-08 14:19:00-04:00,LONG,-2.8457310031,432.4500000000,432.0235485874,609.2400000000,607.8355910614,436.0163238856,432.3700000000,432.4564740000,439.3700000000,439.2821260000,46,19892.9978040000,19.7500000000,7.0000000000,908.5000000000,322.0000000000,0.3544303797,412.6200000000,439.3700000000,TAKE_PROFIT_BRACKET,151,322.0000000000,8.0200080000,0.3220000000,8.3420080000,313.6579920000
TSLA,QQQ,2025-10-08 14:19:00-04:00,2025-10-08 14:20:00-04:00,2025-10-08 15:59:00-04:00,SHORT,2.9674972479,439.4350000000,433.1261998252,610.5300000000,608.5903427725,438.6479198056,439.4740000000,439.3861052000,438.6000000000,438.6877200000,45,19772.3747340000,19.7500000000,7.0000000000,888.7500000000,315.0000000000,0.3544303797,459.2240000000,432.4740000000,FORCED_EOD,99,39.3300000000,7.9026660000,0.3150000000,8.2176660000,31.1123340000
TSLA,QQQ,2025-10-09 10:20:00-04:00,2025-10-09 10:21:00-04:00,2025-10-09 15:59:00-04:00,SHORT,2.6278278278,432.5300000000,430.7768057952,609.9100000000,610.4340350548,429.4473408788,432.5350000000,432.4484930000,435.5300000000,435.6171060000,46,19892.6306780000,19.7500000000,7.0000000000,908.5000000000,322.0000000000,0.3544303797,452.2850000000,425.5350000000,FORCED_EOD,338,-137.7700000000,7.9861980000,0.3220000000,8.3081980000,-146.0781980000
TSLA,QQQ,2025-10-10 10:36:00-04:00,2025-10-10 10:37:00-04:00,2025-10-10 11:01:00-04:00,SHORT,2.6586213426,437.7300000000,437.9593344186,611.6350000000,612.1431133758,436.5446615218,437.7585000000,437.6709483000,430.7585000000,430.8446517000,45,19695.1926735000,19.7500000000,7.0000000000,888.7500000000,315.0000000000,0.3544303797,457.5085000000,430.7585000000,TAKE_PROFIT_BRACKET,24,315.0000000000,7.8166530000,0.3150000000,8.1316530000,306.8683470000
TSLA,QQQ,2025-10-10 11:01:00-04:00,2025-10-10 11:02:00-04:00,2025-10-10 11:22:00-04:00,SHORT,3.3216545656,430.5600000000,437.6499556478,605.7000000000,611.0373301175,422.7735573725,430.5601000000,430.4739879800,423.5601000000,423.6448120200,46,19801.8034470800,19.7500000000,7.0000000000,908.5000000000,322.0000000000,0.3544303797,450.3101000000,423.5601000000,TAKE_PROFIT_BRACKET,20,322.0000000000,7.8579058400,0.3220000000,8.1799058400,313.8200941600
TSLA,QQQ,2025-10-10 15:35:00-04:00,2025-10-10 15:36:00-04:00,2025-10-10 15:59:00-04:00,SHORT,2.9818942189,413.5000000000,425.7076250733,591.6150000000,600.8498270841,400.2458402823,413.5700000000,413.4872860000,413.2700000000,413.3526540000,48,19847.3897280000,19.7500000000,7.0000000000,948.0000000000,336.0000000000,0.3544303797,433.3200000000,406.5700000000,FORCED_EOD,23,14.4000000000,7.9376640000,0.3360000000,8.2736640000,6.1263360000
TSLA,QQQ,2025-10-13 10:36:00-04:00,2025-10-13 10:37:00-04:00,2025-10-13 15:59:00-04:00,SHORT,2.6596259194,427.3800000000,423.5336961299,600.5800000000,599.7074743052,424.6627318516,427.4400000000,427.3545120000,435.9000000000,435.9871800000,46,19658.3075520000,19.7500000000,7.0000000000,908.5000000000,322.0000000000,0.3544303797,447.1900000000,420.4400000000,FORCED_EOD,322,-389.1600000000,7.9427280000,0.3220000000,8.2647280000,-397.4247280000
TSLA,QQQ,2025-10-14 11:35:00-04:00,2025-10-14 11:36:00-04:00,2025-10-14 15:59:00-04:00,SHORT,2.7727223059,426.1000000000,422.3516928706,597.7252000000,594.7667622515,426.1652097675,426.1400000000,426.0547720000,429.2500000000,429.3358500000,46,19598.5195120000,19.7500000000,7.0000000000,908.5000000000,322.0000000000,0.3544303797,445.8900000000,419.1400000000,FORCED_EOD,263,-143.0600000000,7.8695880000,0.3220000000,8.1915880000,-151.2515880000
TSLA,QQQ,2025-10-15 10:26:00-04:00,2025-10-15 10:27:00-04:00,2025-10-15 11:41:00-04:00,SHORT,2.9789031884,440.3750000000,434.8744376680,606.6400000000,604.2259465397,437.9231300977,440.3860000000,440.2979228000,433.3860000000,433.4726772000,45,19813.4065260000,19.7500000000,7.0000000000,888.7500000000,315.0000000000,0.3544303797,460.1360000000,433.3860000000,TAKE_PROFIT_BRACKET,74,315.0000000000,7.8639480000,0.3150000000,8.1789480000,306.8210520000
TSLA,QQQ,2025-10-15 13:02:00-04:00,2025-10-15 13:03:00-04:00,2025-10-15 15:59:00-04:00,SHORT,2.7169498576,432.1000000000,435.3297785897,600.2700000000,604.0162853349,430.5920213989,432.1150000000,432.0285770000,435.1900000000,435.2770380000,46,19873.3145420000,19.7500000000,7.0000000000,908.5000000000,322.0000000000,0.3544303797,451.8650000000,425.1150000000,FORCED_EOD,176,-141.4500000000,7.9792060000,0.3220000000,8.3012060000,-149.7512060000
TSLA,QQQ,2025-10-16 12:00:00-04:00,2025-10-16 12:01:00-04:00,2025-10-16 15:59:00-04:00,LONG,-2.6309287921,431.3800000000,435.6737534151,602.8200000000,605.7091898317,431.8697583187,431.3800000000,431.4662760000,428.5850000000,428.4992830000,46,19847.4486960000,19.7500000000,7.0000000000,908.5000000000,322.0000000000,0.3544303797,411.6300000000,438.3800000000,FORCED_EOD,238,-128.5700000000,7.9116780000,0.3220000000,8.2336780000,-136.8036780000
TSLA,QQQ,2025-10-17 10:17:00-04:00,2025-10-17 10:18:00-04:00,2025-10-17 11:25:00-04:00,SHORT,2.8672667295,438.4000000000,431.3577303128,601.9699000000,599.5184647729,434.6100405645,438.4585000000,438.3708083000,431.4585000000,431.5447917000,45,19726.6863735000,19.7500000000,7.0000000000,888.7500000000,315.0000000000,0.3544303797,458.2085000000,431.4585000000,TAKE_PROFIT_BRACKET,67,315.0000000000,7.8292530000,0.3150000000,8.1442530000,306.8557470000
TSLA,QQQ,2025-10-17 12:00:00-04:00,2025-10-17 12:01:00-04:00,2025-10-17 15:59:00-04:00,LONG,-2.5410643611,435.7800000000,433.9985353476,601.2800000000,599.4005625984,436.5077366634,435.7350000000,435.8221470000,439.2700000000,439.1821460000,45,19611.9966150000,19.7500000000,7.0000000000,888.7500000000,315.0000000000,0.3544303797,415.9850000000,442.7350000000,FORCED_EOD,238,159.0750000000,7.8750450000,0.3150000000,8.1900450000,150.8849550000
TSLA,QQQ,2025-10-20 10:30:00-04:00,2025-10-20 10:31:00-04:00,2025-10-20 15:59:00-04:00,LONG,-2.7361228958,443.5049000000,445.8726335351,610.9400000000,609.5912812436,448.4803807299,443.5049000000,443.5936009800,447.3500000000,447.2605300000,45,19961.7120441000,19.7500000000,7.0000000000,888.7500000000,315.0000000000,0.3544303797,423.7549000000,450.5049000000,FORCED_EOD,328,173.0295000000,8.0176941000,0.3150000000,8.3326941000,164.6968059000
TSLA,QQQ,2025-10-21 13:03:00-04:00,2025-10-21 13:04:00-04:00,2025-10-21 15:59:00-04:00,SHORT,2.7790632214,446.0300000000,445.8385829843,610.4800000000,611.0678621656,444.9030795730,446.0400000000,445.9507920000,442.5000000000,442.5885000000,44,19621.8348480000,19.7500000000,7.0000000000,869.0000000000,308.0000000000,0.3544303797,465.7900000000,439.0400000000,FORCED_EOD,175,155.7600000000,7.8191520000,0.3080000000,8.1271520000,147.6328480000
TSLA,QQQ,2025-10-22 10:37:00-04:00,2025-10-22 10:38:00-04:00,2025-10-22 15:59:00-04:00,SHORT,3.2125784148,435.6850000000,439.3568135444,607.3600000000,609.4208671370,435.6723263286,435.6624000000,435.5752675200,438.7200000000,438.8077440000,45,19600.8870384000,19.7500000000,7.0000000000,888.7500000000,315.0000000000,0.3544303797,455.4124000000,428.6624000000,FORCED_EOD,321,-137.5920000000,7.8694416000,0.3150000000,8.1844416000,-145.7764416000
TSLA,QQQ,2025-10-23 12:28:00-04:00,2025-10-23 12:29:00-04:00,2025-10-23 15:59:00-04:00,SHORT,2.5442990399,435.8700000000,424.7709410956,609.1900000000,608.0249878536,426.1658455133,435.8550000000,435.7678290000,448.9950000000,449.0847990000,45,19609.5523050000,19.7500000000,7.0000000000,888.7500000000,315.0000000000,0.3544303797,455.6050000000,428.8550000000,FORCED_EOD,210,-591.3000000000,7.9636500000,0.3150000000,8.2786500000,-599.5786500000
TSLA,QQQ,2025-10-24 11:47:00-04:00,2025-10-24 11:48:00-04:00,2025-10-24 15:59:00-04:00,LONG,-2.6084379096,438.8885000000,441.8308788159,617.3500000000,616.8671538877,442.4027325085,438.8700000000,438.9577740000,433.6500000000,433.5632700000,45,19753.0998300000,19.7500000000,7.0000000000,888.7500000000,315.0000000000,0.3544303797,419.1200000000,445.8700000000,FORCED_EOD,251,-234.9000000000,7.8526800000,0.3150000000,8.1676800000,-243.0676800000
TSLA,QQQ,2025-10-27 11:16:00-04:00,2025-10-27 11:17:00-04:00,2025-10-27 15:59:00-04:00,SHORT,2.5397197915,451.3605000000,446.3783225609,626.3600000000,625.4308747558,446.7850921599,451.3550000000,451.2647290000,452.3500000000,452.4404700000,44,19855.6480760000,19.7500000000,7.0000000000,869.0000000000,308.0000000000,0.3544303797,471.1050000000,444.3550000000,FORCED_EOD,282,-43.7800000000,7.9526040000,0.3080000000,8.2606040000,-52.0406040000
TSLA,QQQ,2025-10-28 11:29:00-04:00,2025-10-28 11:30:00-04:00,2025-10-28 15:59:00-04:00,SHORT,2.7613371912,464.4100000000,460.2961622778,630.1550000000,630.3856876150,460.0636446294,464.3700000000,464.2771260000,460.5500000000,460.6421100000,43,19963.9164180000,19.7500000000,7.0000000000,849.2500000000,301.0000000000,0.3544303797,484.1200000000,457.3700000000,FORCED_EOD,269,164.2600000000,7.9543120000,0.3010000000,8.2553120000,156.0046880000
TSLA,QQQ,2025-10-29 12:43:00-04:00,2025-10-29 12:44:00-04:00,2025-10-29 14:42:00-04:00,SHORT,2.5811529657,459.9725000000,460.7272005419,635.2850000000,635.6140820638,460.4163412807,459.9950000000,459.9030010000,452.9950000000,453.0855990000,43,19775.8290430000,19.7500000000,7.0000000000,849.2500000000,301.0000000000,0.3544303797,479.7450000000,452.9950000000,TAKE_PROFIT_BRACKET,118,301.0000000000,7.8517140000,0.3010000000,8.1527140000,292.8472860000
TSLA,QQQ,2025-10-29 14:42:00-04:00,2025-10-29 14:43:00-04:00,2025-10-29 14:55:00-04:00,LONG,-3.4123282828,453.2450000000,460.3356791446,630.7300000000,635.0529939310,456.2519347563,453.0900000000,453.1806180000,460.0900000000,459.9979820000,44,19939.9471920000,19.7500000000,7.0000000000,869.0000000000,308.0000000000,0.3544303797,433.3400000000,460.0900000000,TAKE_PROFIT_BRACKET,12,308.0000000000,8.0359840000,0.3080000000,8.3439840000,299.6560160000
TSLA,QQQ,2025-10-30 10:56:00-04:00,2025-10-30 10:57:00-04:00,2025-10-30 15:59:00-04:00,SHORT,3.1399330381,442.9700000000,448.3374321569,628.7100000000,630.4442436020,445.2676262657,442.9860000000,442.8974028000,440.0100000000,440.0980020000,45,19930.3831260000,19.7500000000,7.0000000000,888.7500000000,315.0000000000,0.3544303797,462.7360000000,435.9860000000,FORCED_EOD,302,133.9200000000,7.9469640000,0.3150000000,8.2619640000,125.6580360000
TSLA,QQQ,2025-10-31 12:29:00-04:00,2025-10-31 12:30:00-04:00,2025-10-31 13:06:00-04:00,SHORT,2.7934204457,453.8799000000,452.7650204149,629.4800000000,631.8858231353,448.9837666484,453.8400000000,453.7492320000,446.8400000000,446.9293680000,44,19964.9662080000,19.7500000000,7.0000000000,869.0000000000,308.0000000000,0.3544303797,473.5900000000,446.8400000000,TAKE_PROFIT_BRACKET,36,308.0000000000,7.9259840000,0.3080000000,8.2339840000,299.7660160000
TSLA,QQQ,2025-10-31 13:08:00-04:00,2025-10-31 13:09:00-04:00,2025-10-31 15:27:00-04:00,LONG,-2.5496869629,447.0300000000,452.4492744360,627.5245000000,631.3857987238,446.3798660455,447.0100000000,447.0994020000,454.0100000000,453.9191980000,44,19672.3736880000,19.7500000000,7.0000000000,869.0000000000,308.0000000000,0.3544303797,427.2600000000,454.0100000000,TAKE_PROFIT_BRACKET,138,308.0000000000,7.9289760000,0.3080000000,8.2369760000,299.7630240000
TSLA,QQQ,2025-10-31 15:54:00-04:00,2025-10-31 15:55:00-04:00,2025-10-31 15:59:00-04:00,SHORT,4.0224904392,455.5700000000,451.7262928413,630.1100000000,630.6175766717,450.9287595434,455.5400000000,455.4488920000,456.5100000000,456.6013020000,43,19584.3023560000,19.7500000000,7.0000000000,849.2500000000,301.0000000000,0.3544303797,475.2900000000,448.5400000000,FORCED_EOD,4,-41.7100000000,7.8436300000,0.3010000000,8.1446300000,-49.8546300000
TSLA,QQQ,2025-11-03 11:50:00-05:00,2025-11-03 11:51:00-05:00,2025-11-03 15:59:00-05:00,LONG,-2.6598542511,465.4080000000,467.9965070273,630.9600000000,632.3057648539,465.2636068118,465.4000000000,465.4930800000,468.3600000000,468.2663280000,42,19550.7093600000,19.7500000000,7.0000000000,829.5000000000,294.0000000000,0.3544303797,445.6500000000,472.4000000000,FORCED_EOD,248,124.3200000000,7.8435840000,0.2940000000,8.1375840000,116.1824160000
TSLA,QQQ,2025-11-04 10:15:00-05:00,2025-11-04 10:16:00-05:00,2025-11-04 11:06:00-05:00,SHORT,2.6571693176,459.8900000000,453.7914835676,625.9900000000,624.1205718805,458.0642372716,459.8700000000,459.7780260000,452.8700000000,452.9605740000,43,19770.4551180000,19.7500000000,7.0000000000,849.2500000000,301.0000000000,0.3544303797,479.6200000000,452.8700000000,TAKE_PROFIT_BRACKET,50,301.0000000000,7.8495640000,0.3010000000,8.1505640000,292.8494360000
TSLA,QQQ,2025-11-04 13:00:00-05:00,2025-11-04 13:01:00-05:00,2025-11-04 14:50:00-05:00,SHORT,2.8421295047,450.8700000000,453.4903142731,621.6400000000,623.9728492745,448.1606451505,450.8650000000,450.7748270000,443.8650000000,443.9537730000,44,19834.0923880000,19.7500000000,7.0000000000,869.0000000000,308.0000000000,0.3544303797,470.6150000000,443.8650000000,TAKE_PROFIT_BRACKET,109,308.0000000000,7.8736240000,0.3080000000,8.1816240000,299.8183760000
TSLA,QQQ,2025-11-04 15:24:00-05:00,2025-11-04 15:25:00-05:00,2025-11-04 15:59:00-05:00,SHORT,2.5205210347,447.7000000000,451.5422631485,619.6399000000,622.8441212940,444.2400789663,447.7200000000,447.6304560000,444.2300000000,444.3188460000,44,19695.7400640000,19.7500000000,7.0000000000,869.0000000000,308.0000000000,0.3544303797,467.4700000000,440.7200000000,FORCED_EOD,34,153.5600000000,7.8491600000,0.3080000000,8.1571600000,145.4028400000
TSLA,QQQ,2025-11-05 10:52:00-05:00,2025-11-05 10:53:00-05:00,2025-11-05 15:59:00-05:00,SHORT,2.7380868144,446.5923000000,445.9410390632,622.2800000000,620.7551504530,449.3191353003,446.6100000000,446.5206780000,462.2500000000,462.3424500000,44,19646.9098320000,19.7500000000,7.0000000000,869.0000000000,308.0000000000,0.3544303797,466.3600000000,439.6100000000,FORCED_EOD,306,-688.1600000000,7.9979680000,0.3080000000,8.3059680000,-696.4659680000
TSLA,QQQ,2025-11-06 10:18:00-05:00,2025-11-06 10:19:00-05:00,2025-11-06 15:59:00-05:00,LONG,-2.6118019810,453.7700000000,459.6150401621,617.5899000000,618.5943415586,456.9683296707,453.7600000000,453.8507520000,446.1100000000,446.0207780000,44,19969.4330880000,19.7500000000,7.0000000000,869.0000000000,308.0000000000,0.3544303797,434.0100000000,460.7600000000,FORCED_EOD,340,-336.6000000000,7.9188560000,0.3080000000,8.2268560000,-344.8268560000
TSLA,QQQ,2025-11-07 11:51:00-05:00,2025-11-07 11:52:00-05:00,2025-11-07 13:57:00-05:00,LONG,-2.9079924423,425.3200000000,429.6777791537,600.8300000000,603.6768278418,423.2952189753,425.2700000000,425.3550540000,432.2700000000,432.1835460000,47,19991.6875380000,19.7500000000,7.0000000000,928.2500000000,329.0000000000,0.3544303797,405.5200000000,432.2700000000,TAKE_PROFIT_BRACKET,125,329.0000000000,8.0608760000,0.3290000000,8.3898760000,320.6101240000
TSLA,QQQ,2025-11-07 14:33:00-05:00,2025-11-07 14:34:00-05:00,2025-11-07 15:59:00-05:00,LONG,-2.6117538106,432.8600000000,429.2035769493,605.7500000000,603.1063585397,435.1296541459,432.9200000000,433.0065840000,429.3800000000,429.2941240000,46,19918.3028640000,19.7500000000,7.0000000000,908.5000000000,322.0000000000,0.3544303797,413.1700000000,439.9200000000,FORCED_EOD,85,-162.8400000000,7.9331600000,0.3220000000,8.2551600000,-171.0951600000
TSLA,QQQ,2025-11-10 10:57:00-05:00,2025-11-10 10:58:00-05:00,2025-11-10 15:59:00-05:00,SHORT,2.5469091672,445.7528000000,440.8876087675,618.9299000000,620.7107602192,437.2538660595,445.7000000000,445.6108600000,445.2600000000,445.3490520000,44,19606.8778400000,19.7500000000,7.0000000000,869.0000000000,308.0000000000,0.3544303797,465.4500000000,438.7000000000,FORCED_EOD,301,19.3600000000,7.8404480000,0.3080000000,8.1484480000,11.2115520000
TSLA,QQQ,2025-11-11 12:06:00-05:00,2025-11-11 12:07:00-05:00,2025-11-11 15:59:00-05:00,LONG,-2.7374879167,434.1750000000,436.3309767146,619.7050000000,619.4880126694,436.6668470343,434.2088000000,434.2956417600,439.4000000000,439.3121200000,46,19977.5995209600,19.7500000000,7.0000000000,908.5000000000,322.0000000000,0.3544303797,414.4588000000,441.2088000000,FORCED_EOD,232,238.7952000000,8.0372009600,0.3220000000,8.3592009600,230.4359990400
TSLA,QQQ,2025-11-12 13:32:00-05:00,2025-11-12 13:33:00-05:00,2025-11-12 15:59:00-05:00,LONG,-2.5361529990,430.7784000000,432.2056008457,620.6952000000,620.3094037628,432.7783078850,430.7500000000,430.8361500000,430.5700000000,430.4838860000,46,19818.4629000000,19.7500000000,7.0000000000,908.5000000000,322.0000000000,0.3544303797,411.0000000000,437.7500000000,FORCED_EOD,146,-8.2800000000,7.9241440000,0.3220000000,8.2461440000,-16.5261440000
TSLA,QQQ,2025-11-13 11:52:00-05:00,2025-11-13 11:53:00-05:00,2025-11-13 15:59:00-05:00,LONG,-2.7910179856,402.9001000000,411.5684882330,610.5700000000,613.4782080581,407.9036516437,402.9700000000,403.0505940000,401.9400000000,401.8596120000,49,19749.4791060000,19.7500000000,7.0000000000,967.7500000000,343.0000000000,0.3544303797,383.2200000000,409.9700000000,FORCED_EOD,246,-50.4700000000,7.8881180000,0.3430000000,8.2311180000,-58.7011180000
TSLA,QQQ,2025-11-14 11:40:00-05:00,2025-11-14 11:41:00-05:00,2025-11-14 15:47:00-05:00,SHORT,2.7829799281,411.3377000000,398.0574536795,612.4700000000,605.3706334514,409.5209592306,411.3800000000,411.2977240000,404.3800000000,404.4608760000,48,19742.2907520000,19.7500000000,7.0000000000,948.0000000000,336.0000000000,0.3544303797,431.1300000000,404.3800000000,TAKE_PROFIT_BRACKET,246,336.0000000000,7.8312960000,0.3360000000,8.1672960000,327.8327040000
TSLA,QQQ,2025-11-17 13:18:00-05:00,2025-11-17 13:19:00-05:00,2025-11-17 15:59:00-05:00,LONG,-3.1361961016,411.6900000000,415.2508502826,606.2691000000,608.7226962149,411.1704643441,411.7300000000,411.8123460000,408.9100000000,408.8282180000,48,19766.9926080000,19.7500000000,7.0000000000,948.0000000000,336.0000000000,0.3544303797,391.9800000000,418.7300000000,FORCED_EOD,160,-135.3600000000,7.8781440000,0.3360000000,8.2141440000,-143.5741440000
TSLA,QQQ,2025-11-18 11:01:00-05:00,2025-11-18 11:02:00-05:00,2025-11-18 15:59:00-05:00,SHORT,2.5518758220,397.0649000000,399.3746632798,591.7300000000,596.1430969418,391.4438445572,397.0350000000,396.9555930000,401.2600000000,401.3402520000,50,19847.7796500000,19.7500000000,7.0000000000,987.5000000000,350.0000000000,0.3544303797,416.7850000000,390.0350000000,FORCED_EOD,297,-211.2500000000,7.9829500000,0.3500000000,8.3329500000,-219.5829500000
TSLA,QQQ,2025-11-19 10:58:00-05:00,2025-11-19 10:59:00-05:00,2025-11-19 15:59:00-05:00,SHORT,2.6940777467,404.3700000000,407.0310153553,600.6000000000,602.6909132749,403.3213136616,404.3400000000,404.2591320000,404.0900000000,404.1708180000,49,19808.6974680000,19.7500000000,7.0000000000,967.7500000000,343.0000000000,0.3544303797,424.0900000000,397.3400000000,FORCED_EOD,300,12.2500000000,7.9226140000,0.3430000000,8.2656140000,3.9843860000
TSLA,QQQ,2025-11-20 11:18:00-05:00,2025-11-20 11:19:00-05:00,2025-11-20 11:54:00-05:00,SHORT,2.8812669156,419.2000000000,423.2973572762,605.1600000000,611.1977560131,412.4787494062,419.2400000000,419.1561520000,412.2400000000,412.3224480000,47,19700.3391440000,19.7500000000,7.0000000000,928.2500000000,329.0000000000,0.3544303797,438.9900000000,412.2400000000,TAKE_PROFIT_BRACKET,35,329.0000000000,7.8159120000,0.3290000000,8.1449120000,320.8550880000
TSLA,QQQ,2025-11-20 13:03:00-05:00,2025-11-20 13:04:00-05:00,2025-11-20 15:59:00-05:00,LONG,-3.0175083518,403.0700000000,416.8015998082,593.0900000000,602.6303767740,399.7299340633,403.0700000000,403.1506140000,395.0800000000,395.0009840000,49,19754.3800860000,19.7500000000,7.0000000000,967.7500000000,343.0000000000,0.3544303797,383.3200000000,410.0700000000,FORCED_EOD,175,-391.5100000000,7.8218700000,0.3430000000,8.1648700000,-399.6748700000
TSLA,QQQ,2025-11-21 10:20:00-05:00,2025-11-21 10:21:00-05:00,2025-11-21 11:58:00-05:00,LONG,-2.7482485779,391.5400000000,397.5676086336,584.6750000000,586.8990806747,395.9086915093,391.5450000000,391.6233090000,398.5450000000,398.4652910000,51,19972.7887590000,19.7500000000,7.0000000000,1007.2500000000,357.0000000000,0.3544303797,371.7950000000,398.5450000000,TAKE_PROFIT_BRACKET,97,357.0000000000,8.0589180000,0.3570000000,8.4159180000,348.5840820000
TSLA,QQQ,2025-11-21 12:58:00-05:00,2025-11-21 12:59:00-05:00,2025-11-21 15:59:00-05:00,LONG,-2.6410182178,398.0500000000,394.4141623153,590.6800000000,586.7697907027,397.3082477517,398.0500000000,398.1296100000,391.2000000000,391.1217600000,50,19906.4805000000,19.7500000000,7.0000000000,987.5000000000,350.0000000000,0.3544303797,378.3000000000,405.0500000000,FORCED_EOD,180,-342.5000000000,7.8925000000,0.3500000000,8.2425000000,-350.7425000000
TSLA,QQQ,2025-11-24 13:18:00-05:00,2025-11-24 13:19:00-05:00,2025-11-24 15:59:00-05:00,LONG,-2.9729426768,418.4150000000,414.5598681147,605.1300000000,601.3233715947,416.1965354307,418.4000000000,418.4836800000,417.5200000000,417.4364960000,47,19668.7329600000,19.7500000000,7.0000000000,928.2500000000,329.0000000000,0.3544303797,398.6500000000,425.4000000000,FORCED_EOD,160,-41.3600000000,7.8576480000,0.3290000000,8.1866480000,-49.5466480000
TSLA,QQQ,2025-11-25 10:22:00-05:00,2025-11-25 10:23:00-05:00,2025-11-25 11:41:00-05:00,LONG,-2.8390604940,406.9450000000,410.9562791629,600.2100000000,600.9968172222,410.0540487168,406.9100000000,406.9913820000,413.9100000000,413.8272180000,49,19942.5777180000,19.7500000000,7.0000000000,967.7500000000,343.0000000000,0.3544303797,387.1600000000,413.9100000000,TAKE_PROFIT_BRACKET,78,343.0000000000,8.0440360000,0.3430000000,8.3870360000,334.6129640000
TSLA,QQQ,2025-11-25 11:44:00-05:00,2025-11-25 11:45:00-05:00,2025-11-25 15:59:00-05:00,SHORT,2.5083835282,414.6500000000,410.7851574712,603.8600000000,601.5230160276,413.4614796944,414.6400000000,414.5570720000,419.3100000000,419.3938620000,48,19898.7394560000,19.7500000000,7.0000000000,948.0000000000,336.0000000000,0.3544303797,434.3900000000,407.6400000000,FORCED_EOD,254,-224.1600000000,8.0059200000,0.3360000000,8.3419200000,-232.5019200000
TSLA,QQQ,2025-11-26 12:02:00-05:00,2025-11-26 12:03:00-05:00,2025-11-26 15:59:00-05:00,SHORT,2.6247567833,421.3499000000,419.9838995125,615.6600000000,613.1582649394,422.7934455868,421.3400000000,421.2557320000,426.5000000000,426.5853000000,47,19799.0194040000,19.7500000000,7.0000000000,928.2500000000,329.0000000000,0.3544303797,441.0900000000,414.3400000000,FORCED_EOD,236,-242.5200000000,7.9696960000,0.3290000000,8.2986960000,-250.8186960000
TSLA,QQQ,2025-11-28 10:49:00-05:00,2025-11-28 10:50:00-05:00,2025-11-28 12:59:00-05:00,SHORT,2.7161400999,429.6850000000,429.1475289415,617.0800000000,616.5256366273,429.7818132252,429.6600000000,429.5740680000,430.1800000000,430.2660360000,46,19760.4071280000,19.7500000000,7.0000000000,908.5000000000,322.0000000000,0.3544303797,449.4100000000,422.6600000000,FORCED_EOD,129,-23.9200000000,7.9105280000,0.3220000000,8.2325280000,-32.1525280000
TSLA,QQQ,2025-12-01 10:52:00-05:00,2025-12-01 10:53:00-05:00,2025-12-01 15:59:00-05:00,LONG,-2.7125028543,428.7550000000,428.6424460554,617.2700000000,615.1936277574,433.6323335938,428.7800000000,428.8657560000,430.2600000000,430.1739480000,46,19727.8247760000,19.7500000000,7.0000000000,908.5000000000,322.0000000000,0.3544303797,409.0300000000,435.7800000000,FORCED_EOD,306,68.0800000000,7.9031680000,0.3220000000,8.2251680000,59.8548320000
TSLA,QQQ,2025-12-02 10:09:00-05:00,2025-12-02 10:10:00-05:00,2025-12-02 11:05:00-05:00,SHORT,3.6985037391,435.3700000000,430.9704190137,622.9600000000,621.6179299838,433.2914176981,435.3800000000,435.2929240000,428.3800000000,428.4656760000,45,19588.1815800000,19.7500000000,7.0000000000,888.7500000000,315.0000000000,0.3544303797,455.1300000000,428.3800000000,TAKE_PROFIT_BRACKET,55,315.0000000000,7.7738400000,0.3150000000,8.0888400000,306.9111600000
TSLA,QQQ,2025-12-02 14:31:00-05:00,2025-12-02 14:32:00-05:00,2025-12-02 15:59:00-05:00,SHORT,2.5420789601,427.6943000000,428.3047339873,622.0700000000,621.2583128033,429.7006045502,427.7050000000,427.6194590000,429.0100000000,429.0958020000,46,19670.4951140000,19.7500000000,7.0000000000,908.5000000000,322.0000000000,0.3544303797,447.4550000000,420.7050000000,FORCED_EOD,87,-60.0300000000,7.8817780000,0.3220000000,8.2037780000,-68.2337780000
TSLA,QQQ,2025-12-03 13:27:00-05:00,2025-12-03 13:28:00-05:00,2025-12-03 15:59:00-05:00,SHORT,3.6715523328,442.6900000000,439.7803620792,622.6700000000,621.0797221954,440.6056036625,442.7000000000,442.6114600000,446.8800000000,446.9693760000,45,19917.5157000000,19.7500000000,7.0000000000,888.7500000000,315.0000000000,0.3544303797,462.4500000000,435.7000000000,FORCED_EOD,151,-188.1000000000,8.0062200000,0.3150000000,8.3212200000,-196.4212200000
TSLA,QQQ,2025-12-04 13:07:00-05:00,2025-12-04 13:08:00-05:00,2025-12-04 15:55:00-05:00,LONG,-2.6253391331,446.6355000000,449.8982238777,621.6400000000,622.0615328982,449.8372501983,446.6500000000,446.7393300000,453.6500000000,453.5592700000,44,19656.5305200000,19.7500000000,7.0000000000,869.0000000000,308.0000000000,0.3544303797,426.9000000000,453.6500000000,TAKE_PROFIT_BRACKET,167,308.0000000000,7.9226400000,0.3080000000,8.2306400000,299.7693600000
TSLA,QQQ,2025-12-04 15:55:00-05:00,2025-12-04 15:56:00-05:00,2025-12-04 15:59:00-05:00,SHORT,3.1794954652,454.1750000000,449.8460152204,622.3600000000,621.9534440481,449.9048259165,454.1900000000,454.0991620000,454.5400000000,454.6309080000,44,19980.3631280000,19.7500000000,7.0000000000,869.0000000000,308.0000000000,0.3544303797,473.9400000000,447.1900000000,FORCED_EOD,3,-15.4000000000,7.9968240000,0.3080000000,8.3048240000,-23.7048240000
TSLA,QQQ,2025-12-05 10:39:00-05:00,2025-12-05 10:40:00-05:00,2025-12-05 15:59:00-05:00,SHORT,2.9853789384,457.9550000000,455.6665048827,628.2199000000,626.9588873464,455.8498027799,457.9550000000,457.8634090000,454.9400000000,455.0309880000,43,19688.1265870000,19.7500000000,7.0000000000,849.2500000000,301.0000000000,0.3544303797,477.7050000000,450.9550000000,FORCED_EOD,319,129.6450000000,7.8508970000,0.3010000000,8.1518970000,121.4931030000
TSLA,QQQ,2025-12-08 11:01:00-05:00,2025-12-08 11:02:00-05:00,2025-12-08 15:59:00-05:00,LONG,-2.6482971992,439.1700000000,444.4925585733,623.3600000000,626.1822457345,444.0918869682,439.1600000000,439.2478320000,439.5800000000,439.4920840000,45,19766.1524400000,19.7500000000,7.0000000000,888.7500000000,315.0000000000,0.3544303797,419.4100000000,446.1600000000,FORCED_EOD,297,18.9000000000,7.9086600000,0.3150000000,8.2236600000,10.6763400000
TSLA,QQQ,2025-12-09 10:56:00-05:00,2025-12-09 10:57:00-05:00,2025-12-09 15:59:00-05:00,SHORT,2.5362410872,447.9164000000,443.1622210394,624.4356000000,623.2920796618,444.1469947611,447.9290000000,447.8394142000,445.2100000000,445.2990420000,44,19704.9342248000,19.7500000000,7.0000000000,869.0000000000,308.0000000000,0.3544303797,467.6790000000,440.9290000000,FORCED_EOD,302,119.6360000000,7.8596232000,0.3080000000,8.1676232000,111.4683768000
TSLA,QQQ,2025-12-10 10:36:00-05:00,2025-12-10 10:37:00-05:00,2025-12-10 15:59:00-05:00,SHORT,2.8440361349,444.4300000000,445.8959260230,622.3100000000,623.3611183296,442.8884276908,444.4000000000,444.3111200000,451.4350000000,451.5252870000,45,19994.0004000000,19.7500000000,7.0000000000,888.7500000000,315.0000000000,0.3544303797,464.1500000000,437.4000000000,FORCED_EOD,322,-316.5750000000,8.0625150000,0.3150000000,8.3775150000,-324.9525150000
TSLA,QQQ,2025-12-11 12:16:00-05:00,2025-12-11 12:17:00-05:00,2025-12-11 15:59:00-05:00,LONG,-2.6535839780,443.8300000000,443.6308043905,622.4177000000,621.0352256966,447.1265026149,443.7900000000,443.8787580000,446.9400000000,446.8506120000,45,19974.5441100000,19.7500000000,7.0000000000,888.7500000000,315.0000000000,0.3544303797,424.0400000000,450.7900000000,FORCED_EOD,222,141.7500000000,8.0165700000,0.3150000000,8.3315700000,133.4184300000
TSLA,QQQ,2025-12-12 10:40:00-05:00,2025-12-12 10:41:00-05:00,2025-12-12 13:16:00-05:00,LONG,-2.6099994718,447.8350000000,456.0357671160,616.8700000000,620.1170757308,446.4841341761,447.7900000000,447.8795580000,454.7900000000,454.6990420000,44,19706.7005520000,19.7500000000,7.0000000000,869.0000000000,308.0000000000,0.3544303797,428.0400000000,454.7900000000,TAKE_PROFIT_BRACKET,155,308.0000000000,7.9427040000,0.3080000000,8.2507040000,299.7492960000
TSLA,QQQ,2025-12-12 15:13:00-05:00,2025-12-12 15:14:00-05:00,2025-12-12 15:59:00-05:00,SHORT,2.8076966558,453.2200000000,452.4015524464,614.1300000000,616.2999309618,446.0301083719,453.2100000000,453.1193580000,459.1300000000,459.2218260000,44,19937.2517520000,19.7500000000,7.0000000000,869.0000000000,308.0000000000,0.3544303797,472.9600000000,446.2100000000,FORCED_EOD,45,-260.4800000000,8.0285920000,0.3080000000,8.3365920000,-268.8165920000
TSLA,QQQ,2025-12-15 10:04:00-05:00,2025-12-15 10:05:00-05:00,2025-12-15 11:26:00-05:00,LONG,-2.6515315444,473.2500000000,476.9859774843,612.7400000000,615.5173758131,476.5555203212,473.1850000000,473.2796370000,480.1850000000,480.0889630000,42,19877.7447540000,19.7500000000,7.0000000000,829.5000000000,294.0000000000,0.3544303797,453.4350000000,480.1850000000,TAKE_PROFIT_BRACKET,81,294.0000000000,8.0083080000,0.2940000000,8.3023080000,285.6976920000
TSLA,QQQ,2025-12-15 14:59:00-05:00,2025-12-15 15:00:00-05:00,2025-12-15 15:59:00-05:00,SHORT,2.7542247155,478.8100000000,476.8822354216,612.1200000000,612.9316224367,476.7559412942,478.7900000000,478.6942420000,475.0700000000,475.1650140000,41,19626.4639220000,19.7500000000,7.0000000000,809.7500000000,287.0000000000,0.3544303797,498.5400000000,471.7900000000,FORCED_EOD,59,152.5200000000,7.8216520000,0.2870000000,8.1086520000,144.4113480000
TSLA,QQQ,2025-12-16 11:50:00-05:00,2025-12-16 11:51:00-05:00,2025-12-16 15:59:00-05:00,SHORT,2.6788531423,478.4300000000,474.9648678768,610.1900000000,609.5841404576,475.0592804372,478.3050000000,478.2093390000,489.8000000000,489.8979600000,41,19606.5828990000,19.7500000000,7.0000000000,809.7500000000,287.0000000000,0.3544303797,498.0550000000,471.3050000000,FORCED_EOD,248,-471.2950000000,7.9384610000,0.2870000000,8.2254610000,-479.5204610000
TSLA,QQQ,2025-12-17 10:53:00-05:00,2025-12-17 10:54:00-05:00,2025-12-17 15:59:00-05:00,LONG,-2.7475746450,479.2000000000,489.5033537937,604.5900000000,609.5742905528,488.7028518764,479.2300000000,479.3258460000,467.2000000000,467.1065600000,41,19652.3596860000,19.7500000000,7.0000000000,809.7500000000,287.0000000000,0.3544303797,459.4800000000,486.2300000000,FORCED_EOD,305,-493.2300000000,7.7607260000,0.2870000000,8.0477260000,-501.2777260000
TSLA,QQQ,2025-12-18 11:01:00-05:00,2025-12-18 11:02:00-05:00,2025-12-18 15:59:00-05:00,SHORT,2.5944183781,487.1454000000,480.9007081132,611.8100000000,609.7393514263,483.4505569683,487.1625000000,487.0650675000,483.3950000000,483.4916790000,41,19969.6677675000,19.7500000000,7.0000000000,809.7500000000,287.0000000000,0.3544303797,506.9125000000,480.1625000000,FORCED_EOD,297,154.4675000000,7.9585715000,0.2870000000,8.2455715000,146.2219285000
TSLA,QQQ,2025-12-19 13:14:00-05:00,2025-12-19 13:15:00-05:00,2025-12-19 15:59:00-05:00,SHORT,2.5980927526,480.9432000000,481.3047790273,617.1800000000,615.6371472420,483.0017184882,480.9500000000,480.8538100000,480.9100000000,481.0061820000,41,19715.0062100000,19.7500000000,7.0000000000,809.7500000000,287.0000000000,0.3544303797,500.7000000000,473.9500000000,FORCED_EOD,164,1.6400000000,7.8872520000,0.2870000000,8.1742520000,-6.5342520000
TSLA,QQQ,2025-12-22 10:00:00-05:00,2025-12-22 10:01:00-05:00,2025-12-22 15:59:00-05:00,LONG,-2.7520865503,491.6100000000,494.6963074382,620.1727000000,620.1169355076,494.7623790959,491.6800000000,491.7783360000,488.7700000000,488.6722460000,40,19671.1334400000,19.7500000000,7.0000000000,790.0000000000,280.0000000000,0.3544303797,471.9300000000,498.6800000000,FORCED_EOD,358,-116.4000000000,7.8436000000,0.2800000000,8.1236000000,-124.5236000000
TSLA,QQQ,2025-12-23 11:28:00-05:00,2025-12-23 11:29:00-05:00,2025-12-23 15:59:00-05:00,LONG,-3.3010166404,486.2500000000,487.8389563510,620.7300000000,619.6194085236,489.4711083271,486.1600000000,486.2572320000,485.6100000000,485.5128780000,41,19936.5465120000,19.7500000000,7.0000000000,809.7500000000,287.0000000000,0.3544303797,466.4100000000,493.1600000000,FORCED_EOD,270,-22.5500000000,7.9685140000,0.2870000000,8.2555140000,-30.8055140000
TSLA,QQQ,2025-12-24 12:46:00-05:00,2025-12-24 12:47:00-05:00,2025-12-24 12:59:00-05:00,SHORT,2.5436027302,482.6386000000,481.1919156308,623.7162000000,623.0002993171,482.2318839868,482.6200000000,482.5234760000,485.4000000000,485.4970800000,41,19783.4625160000,19.7500000000,7.0000000000,809.7500000000,287.0000000000,0.3544303797,502.3700000000,475.6200000000,FORCED_EOD,12,-113.9800000000,7.9377640000,0.2870000000,8.2247640000,-122.2047640000
TSLA,QQQ,2025-12-26 12:28:00-05:00,2025-12-26 12:29:00-05:00,2025-12-26 15:59:00-05:00,SHORT,2.5833191563,479.5400000000,479.8447755137,624.1700000000,624.3188035010,479.7106618224,479.5689000000,479.4729862200,475.2000000000,475.2950400000,41,19658.3924350200,19.7500000000,7.0000000000,809.7500000000,287.0000000000,0.3544303797,499.3189000000,472.5689000000,FORCED_EOD,210,179.1249000000,7.8291049800,0.2870000000,8.1161049800,171.0087950200
TSLA,QQQ,2025-12-29 11:35:00-05:00,2025-12-29 11:36:00-05:00,2025-12-29 14:17:00-05:00,SHORT,3.6097102994,469.1600000000,465.3728670794,619.9700000000,620.6341477858,465.2146515995,469.1450000000,469.0511710000,462.1450000000,462.2374290000,42,19700.1491820000,19.7500000000,7.0000000000,829.5000000000,294.0000000000,0.3544303797,488.8950000000,462.1450000000,TAKE_PROFIT_BRACKET,161,294.0000000000,7.8228360000,0.2940000000,8.1168360000,285.8831640000
TSLA,QQQ,2025-12-29 14:57:00-05:00,2025-12-29 14:58:00-05:00,2025-12-29 15:59:00-05:00,SHORT,2.7889077184,464.1900000000,465.1714237975,621.6220000000,620.3365811234,465.4776548033,464.1800000000,464.0871640000,459.6200000000,459.7119240000,43,19955.7480520000,19.7500000000,7.0000000000,849.2500000000,301.0000000000,0.3544303797,483.9300000000,457.1800000000,FORCED_EOD,61,196.0800000000,7.9446800000,0.3010000000,8.2456800000,187.8343200000
TSLA,QQQ,2025-12-30 13:52:00-05:00,2025-12-30 13:53:00-05:00,2025-12-30 15:59:00-05:00,LONG,-2.5484362662,458.5820000000,459.5491775291,620.7636000000,620.6644828584,459.8427287289,458.5850000000,458.6767170000,454.4300000000,454.3391140000,43,19723.0988310000,19.7500000000,7.0000000000,849.2500000000,301.0000000000,0.3544303797,438.8350000000,465.5850000000,FORCED_EOD,126,-178.6650000000,7.8519290000,0.3010000000,8.1529290000,-186.8179290000
TSLA,QQQ,2025-12-31 11:26:00-05:00,2025-12-31 11:27:00-05:00,2025-12-31 15:59:00-05:00,LONG,-2.6961533286,453.6100000000,454.3372600640,617.4699000000,617.8083263386,453.6783633980,453.5950000000,453.6857190000,449.5500000000,449.4600900000,44,19962.1716360000,19.7500000000,7.0000000000,869.0000000000,308.0000000000,0.3544303797,433.8450000000,460.5950000000,FORCED_EOD,272,-177.9800000000,7.9476760000,0.3080000000,8.2556760000,-186.2356760000
TSLA,QQQ,2026-01-02 11:28:00-05:00,2026-01-02 11:29:00-05:00,2026-01-02 13:32:00-05:00,SHORT,2.5963905421,444.7200000000,448.7184028397,613.2400000000,616.7889403441,445.9023510894,444.7500000000,444.6610500000,437.7500000000,437.8375500000,44,19565.0862000000,19.7500000000,7.0000000000,869.0000000000,308.0000000000,0.3544303797,464.5000000000,437.7500000000,TAKE_PROFIT_BRACKET,123,308.0000000000,7.7660000000,0.3080000000,8.0740000000,299.9260000000
TSLA,QQQ,2026-01-02 13:35:00-05:00,2026-01-02 13:36:00-05:00,2026-01-02 15:59:00-05:00,LONG,-2.5871401553,437.0400000000,446.1535057741,611.5761000000,615.6724292817,442.9158245020,437.0497000000,437.1371099400,438.1000000000,438.0123800000,45,19671.1699473000,19.7500000000,7.0000000000,888.7500000000,315.0000000000,0.3544303797,417.2997000000,444.0497000000,FORCED_EOD,143,47.2635000000,7.8763473000,0.3150000000,8.1913473000,39.0721527000
TSLA,QQQ,2026-01-05 11:18:00-05:00,2026-01-05 11:19:00-05:00,2026-01-05 15:59:00-05:00,LONG,-2.6293158881,454.0000000000,453.0937366220,620.0200000000,618.9301623172,453.2533018389,454.0200000000,454.1108040000,451.6900000000,451.5996620000,44,19980.8753760000,19.7500000000,7.0000000000,869.0000000000,308.0000000000,0.3544303797,434.2700000000,461.0200000000,FORCED_EOD,280,-102.5200000000,7.9702480000,0.3080000000,8.2782480000,-110.7982480000
TSLA,QQQ,2026-01-06 12:37:00-05:00,2026-01-06 12:38:00-05:00,2026-01-06 15:59:00-05:00,LONG,-2.5495927778,430.9900000000,436.0104284728,622.3600000000,620.8855995539,439.3750200716,431.0050000000,431.0912010000,432.9500000000,432.8634100000,46,19830.1952460000,19.7500000000,7.0000000000,908.5000000000,322.0000000000,0.3544303797,411.2550000000,438.0050000000,FORCED_EOD,201,89.4700000000,7.9483860000,0.3220000000,8.2703860000,81.1996140000
TSLA,QQQ,2026-01-07 13:46:00-05:00,2026-01-07 13:47:00-05:00,2026-01-07 15:59:00-05:00,LONG,-2.7641949743,436.1400000000,435.6968713100,627.2550000000,625.5773588144,436.1803250826,436.1999000000,436.2871399800,431.3400000000,431.2537320000,45,19632.9212991000,19.7500000000,7.0000000000,888.7500000000,315.0000000000,0.3544303797,416.4499000000,443.1999000000,FORCED_EOD,132,-218.6955000000,7.8078591000,0.3150000000,8.1228591000,-226.8183591000
TSLA,QQQ,2026-01-08 11:44:00-05:00,2026-01-08 11:45:00-05:00,2026-01-08 15:59:00-05:00,SHORT,2.7218507707,435.5200000000,431.3508027246,619.6800000000,619.9397879533,431.2743821311,435.5800000000,435.4928840000,435.8500000000,435.9371700000,45,19597.1797800000,19.7500000000,7.0000000000,888.7500000000,315.0000000000,0.3544303797,455.3300000000,428.5800000000,FORCED_EOD,254,-12.1500000000,7.8428700000,0.3150000000,8.1578700000,-20.3078700000
TSLA,QQQ,2026-01-09 12:41:00-05:00,2026-01-09 12:42:00-05:00,2026-01-09 15:59:00-05:00,SHORT,2.7382568095,445.5800000000,440.0389759893,626.1350000000,623.3435227684,440.4330953593,445.6050000000,445.5158790000,445.0600000000,445.1490120000,44,19602.6986760000,19.7500000000,7.0000000000,869.0000000000,308.0000000000,0.3544303797,465.3550000000,438.6050000000,FORCED_EOD,197,23.9800000000,7.8378520000,0.3080000000,8.1458520000,15.8341480000
TSLA,QQQ,2026-01-12 11:36:00-05:00,2026-01-12 11:37:00-05:00,2026-01-12 15:59:00-05:00,SHORT,3.6137636978,450.9650000000,446.8781895123,627.1500000000,625.6740800516,447.0890201845,450.9700000000,450.8798060000,448.9300000000,449.0197860000,44,19838.7114640000,19.7500000000,7.0000000000,869.0000000000,308.0000000000,0.3544303797,470.7200000000,443.9700000000,FORCED_EOD,262,89.7600000000,7.9191200000,0.3080000000,8.2271200000,81.5328800000
TSLA,QQQ,2026-01-13 12:14:00-05:00,2026-01-13 12:15:00-05:00,2026-01-13 15:59:00-05:00,LONG,-2.5654273386,449.6000000000,449.3525345565,628.2600000000,626.8517422861,449.5544337075,449.6397000000,449.7296279400,447.1700000000,447.0805660000,44,19788.1036293600,19.7500000000,7.0000000000,869.0000000000,308.0000000000,0.3544303797,429.8897000000,456.6397000000,FORCED_EOD,224,-108.6668000000,7.8919253600,0.3080000000,8.1999253600,-116.8667253600
TSLA,QQQ,2026-01-14 10:08:00-05:00,2026-01-14 10:09:00-05:00,2026-01-14 15:59:00-05:00,SHORT,2.7192252091,440.8600000000,439.8060368041,618.3000000000,619.9625864632,438.6431235988,440.8700000000,440.7818260000,439.2600000000,439.3478520000,45,19835.1821700000,19.7500000000,7.0000000000,888.7500000000,315.0000000000,0.3544303797,460.6200000000,433.8700000000,FORCED_EOD,350,72.4500000000,7.9211700000,0.3150000000,8.2361700000,64.2138300000
TSLA,QQQ,2026-01-15 10:22:00-05:00,2026-01-15 10:23:00-05:00,2026-01-15 15:30:00-05:00,SHORT,2.9116747988,445.1300000000,442.5699928057,625.5500000000,625.7323900099,442.3651444039,445.1350000000,445.0459730000,438.1350000000,438.2226270000,44,19582.0228120000,19.7500000000,7.0000000000,869.0000000000,308.0000000000,0.3544303797,464.8850000000,438.1350000000,TAKE_PROFIT_BRACKET,307,308.0000000000,7.7727760000,0.3080000000,8.0807760000,299.9192240000
TSLA,QQQ,2026-01-16 10:24:00-05:00,2026-01-16 10:25:00-05:00,2026-01-16 15:59:00-05:00,LONG,-2.5561340593,438.0500000000,442.8848832932,622.1400000000,623.5416313110,441.0866122045,438.0700000000,438.1576140000,437.4700000000,437.3825060000,45,19717.0926300000,19.7500000000,7.0000000000,888.7500000000,315.0000000000,0.3544303797,418.3200000000,445.0700000000,FORCED_EOD,334,-27.0000000000,7.8798600000,0.3150000000,8.1948600000,-35.1948600000
TSLA,QQQ,2026-01-20 11:04:00-05:00,2026-01-20 11:05:00-05:00,2026-01-20 15:59:00-05:00,LONG,-2.5538737429,425.6090000000,426.0371906178,613.8400000000,612.4529732661,427.5061432055,425.6024000000,425.6875204800,419.2500000000,419.1661500000,46,19581.6259420800,19.7500000000,7.0000000000,908.5000000000,322.0000000000,0.3544303797,405.8524000000,432.6024000000,FORCED_EOD,294,-292.2104000000,7.7726420800,0.3220000000,8.0946420800,-300.3050420800
TSLA,QQQ,2026-01-21 11:45:00-05:00,2026-01-21 11:46:00-05:00,2026-01-21 15:59:00-05:00,SHORT,2.6175830646,424.1800000000,425.5670290588,611.6500000000,612.7845927415,424.2012292344,424.1600000000,424.0751680000,431.4600000000,431.5462920000,47,19931.5328960000,19.7500000000,7.0000000000,928.2500000000,329.0000000000,0.3544303797,443.9100000000,417.1600000000,FORCED_EOD,253,-343.1000000000,8.0428280000,0.3290000000,8.3718280000,-351.4718280000
TSLA,QQQ,2026-01-22 12:49:00-05:00,2026-01-22 12:50:00-05:00,2026-01-22 15:59:00-05:00,SHORT,3.4639558130,441.0600000000,436.4171419932,621.8800000000,620.1442899156,438.7911348167,440.9500000000,440.8618100000,449.3700000000,449.4598740000,45,19838.7814500000,19.7500000000,7.0000000000,888.7500000000,315.0000000000,0.3544303797,460.7000000000,433.9500000000,FORCED_EOD,189,-378.9000000000,8.0128800000,0.3150000000,8.3278800000,-387.2278800000
TSLA,QQQ,2026-01-23 12:46:00-05:00,2026-01-23 12:47:00-05:00,2026-01-23 15:59:00-05:00,SHORT,2.6915603167,446.4450000000,448.2954334659,622.2800000000,622.6921162225,447.6185858186,446.4450000000,446.3557110000,449.0700000000,449.1598140000,44,19639.6512840000,19.7500000000,7.0000000000,869.0000000000,308.0000000000,0.3544303797,466.1950000000,439.4450000000,FORCED_EOD,192,-115.5000000000,7.8805320000,0.3080000000,8.1885320000,-123.6885320000
TSLA,QQQ,2026-01-26 13:15:00-05:00,2026-01-26 13:16:00-05:00,2026-01-26 15:59:00-05:00,SHORT,2.6669384967,438.5430000000,439.2956089273,626.3050000000,625.8446206341,440.0349352927,438.5200000000,438.4322960000,435.2000000000,435.2870400000,45,19729.4533200000,19.7500000000,7.0000000000,888.7500000000,315.0000000000,0.3544303797,458.2700000000,431.5200000000,FORCED_EOD,163,149.4000000000,7.8634800000,0.3150000000,8.1784800000,141.2215200000
TSLA,QQQ,2026-01-27 11:52:00-05:00,2026-01-27 11:53:00-05:00,2026-01-27 15:59:00-05:00,SHORT,3.1467285444,435.7650000000,434.5242381726,631.4600000000,630.2711818704,436.2354774455,435.7700000000,435.6828460000,430.9100000000,430.9961820000,45,19605.7280700000,19.7500000000,7.0000000000,888.7500000000,315.0000000000,0.3544303797,455.5200000000,428.7700000000,FORCED_EOD,246,218.7000000000,7.8001200000,0.3150000000,8.1151200000,210.5848800000
TSLA,QQQ,2026-01-28 12:53:00-05:00,2026-01-28 12:54:00-05:00,2026-01-28 15:59:00-05:00,LONG,-2.9203183241,433.7000000000,434.5137526863,633.1700000000,634.2967579713,431.4262903694,433.7000000000,433.7867400000,431.4600000000,431.3737080000,46,19954.1900400000,19.7500000000,7.0000000000,908.5000000000,322.0000000000,0.3544303797,413.9500000000,440.7000000000,FORCED_EOD,185,-103.0400000000,7.9594720000,0.3220000000,8.2814720000,-111.3214720000
TSLA,QQQ,2026-01-29 13:11:00-05:00,2026-01-29 13:12:00-05:00,2026-01-29 15:59:00-05:00,LONG,-2.5216953557,420.5000000000,423.5230310323,625.7700000000,624.0329502461,427.0242067263,420.5500000000,420.6341100000,416.4400000000,416.3567120000,47,19769.8031700000,19.7500000000,7.0000000000,928.2500000000,329.0000000000,0.3544303797,400.8000000000,427.5500000000,FORCED_EOD,167,-193.1700000000,7.8677060000,0.3290000000,8.1967060000,-201.3667060000
TSLA,QQQ,2026-01-30 10:27:00-05:00,2026-01-30 10:28:00-05:00,2026-01-30 15:59:00-05:00,SHORT,2.5955451242,435.3007000000,428.0224974282,625.9100000000,626.6705176782,427.1703556450,435.3200000000,435.2329360000,430.6200000000,430.7061240000,45,19585.4821200000,19.7500000000,7.0000000000,888.7500000000,315.0000000000,0.3544303797,455.0700000000,428.3200000000,FORCED_EOD,331,211.5000000000,7.7934600000,0.3150000000,8.1084600000,203.3915400000
TSLA,QQQ,2026-02-02 12:15:00-05:00,2026-02-02 12:16:00-05:00,2026-02-02 15:59:00-05:00,SHORT,2.9487376617,421.3100000000,418.9605791541,627.3600000000,625.1556857973,419.2560321992,421.3500000000,421.2657300000,421.7850000000,421.8693570000,47,19799.4893100000,19.7500000000,7.0000000000,928.2500000000,329.0000000000,0.3544303797,441.1000000000,414.3500000000,FORCED_EOD,223,-20.4450000000,7.9254690000,0.3290000000,8.2544690000,-28.6994690000
TSLA,QQQ,2026-02-03 10:34:00-05:00,2026-02-03 10:35:00-05:00,2026-02-03 12:45:00-05:00,SHORT,2.5561375435,425.1200000000,422.3868424905,617.8100000000,622.0301186832,421.8137118488,425.1400000000,425.0549720000,418.1400000000,418.2236280000,47,19977.5836840000,19.7500000000,7.0000000000,928.2500000000,329.0000000000,0.3544303797,444.8900000000,418.1400000000,TAKE_PROFIT_BRACKET,130,329.0000000000,7.9268320000,0.3290000000,8.2558320000,320.7441680000
TSLA,QQQ,2026-02-03 14:01:00-05:00,2026-02-03 14:02:00-05:00,2026-02-03 15:59:00-05:00,LONG,-2.7882546858,415.3100000000,422.3075358729,611.5300000000,618.6882173940,421.3303169559,415.3350000000,415.4180670000,421.8100000000,421.7256380000,48,19940.0672160000,19.7500000000,7.0000000000,948.0000000000,336.0000000000,0.3544303797,395.5850000000,422.3350000000,FORCED_EOD,117,310.8000000000,8.0365920000,0.3360000000,8.3725920000,302.4274080000
TSLA,QQQ,2026-02-04 11:02:00-05:00,2026-02-04 11:03:00-05:00,2026-02-04 15:59:00-05:00,LONG,-2.8252183524,409.7100000000,417.2512388305,607.6800000000,611.2694730300,416.7612055033,409.7300000000,409.8119460000,405.8300000000,405.7488340000,48,19670.9734080000,19.7500000000,7.0000000000,948.0000000000,336.0000000000,0.3544303797,389.9800000000,416.7300000000,FORCED_EOD,296,-187.2000000000,7.8293760000,0.3360000000,8.1653760000,-195.3653760000
TSLA,QQQ,2026-02-05 12:24:00-05:00,2026-02-05 12:25:00-05:00,2026-02-05 15:59:00-05:00,SHORT,2.6442779181,399.7000000000,394.2264173699,601.6300000000,598.8647690334,394.5904818978,399.7000000000,399.6200600000,397.0000000000,397.0794000000,50,19981.0030000000,19.7500000000,7.0000000000,987.5000000000,350.0000000000,0.3544303797,419.4500000000,392.7000000000,FORCED_EOD,214,135.0000000000,7.9670000000,0.3500000000,8.3170000000,126.6830000000
TSLA,QQQ,2026-02-06 13:24:00-05:00,2026-02-06 13:25:00-05:00,2026-02-06 15:59:00-05:00,LONG,-2.5798487750,411.8450000000,409.2141920841,608.3000000000,604.4607170588,409.7340237366,411.8537000000,411.9360707400,411.0300000000,410.9477940000,48,19772.9313955200,19.7500000000,7.0000000000,948.0000000000,336.0000000000,0.3544303797,392.1037000000,418.8537000000,FORCED_EOD,154,-39.5376000000,7.8996835200,0.3360000000,8.2356835200,-47.7732835200
TSLA,QQQ,2026-02-09 10:56:00-05:00,2026-02-09 10:57:00-05:00,2026-02-09 15:59:00-05:00,SHORT,2.5942426723,418.2350000000,412.3468042596,613.8199000000,609.8660099864,415.5309585984,418.2350000000,418.1513530000,417.1600000000,417.2434320000,47,19653.1135910000,19.7500000000,7.0000000000,928.2500000000,329.0000000000,0.3544303797,437.9850000000,411.2350000000,FORCED_EOD,302,50.5250000000,7.8527130000,0.3290000000,8.1817130000,42.3432870000
TSLA,QQQ,2026-02-10 15:50:00-05:00,2026-02-10 15:51:00-05:00,2026-02-10 15:59:00-05:00,SHORT,3.8740159012,425.7700000000,423.7473206444,611.8800000000,614.3824096745,421.1364533758,425.7300000000,425.6448540000,425.1200000000,425.2050240000,46,19579.6632840000,19.7500000000,7.0000000000,908.5000000000,322.0000000000,0.3544303797,445.4800000000,418.7300000000,FORCED_EOD,8,28.0600000000,7.8278200000,0.3220000000,8.1498200000,19.9101800000
TSLA,QQQ,2026-02-11 11:28:00-05:00,2026-02-11 11:29:00-05:00,2026-02-11 15:59:00-05:00,SHORT,2.6609428714,426.7450000000,427.6336244433,611.3300000000,612.2029860524,426.5849250596,426.7899000000,426.7045420200,428.1100000000,428.1956220000,46,19628.4089329200,19.7500000000,7.0000000000,908.5000000000,322.0000000000,0.3544303797,446.5399000000,419.7899000000,FORCED_EOD,270,-60.7246000000,7.8650790800,0.3220000000,8.1870790800,-68.9116790800
TSLA,QQQ,2026-02-12 11:29:00-05:00,2026-02-12 11:30:00-05:00,2026-02-12 15:59:00-05:00,LONG,-2.9634938181,419.4100000000,428.5244206114,601.9400000000,609.5495834073,421.1935536331,419.4050000000,419.4888810000,416.8500000000,416.7666300000,47,19715.9774070000,19.7500000000,7.0000000000,928.2500000000,329.0000000000,0.3544303797,399.6550000000,426.4050000000,FORCED_EOD,269,-120.0850000000,7.8607970000,0.3290000000,8.1897970000,-128.2747970000
TSLA,QQQ,2026-02-13 10:36:00-05:00,2026-02-13 10:37:00-05:00,2026-02-13 13:43:00-05:00,LONG,-3.4082405867,416.2100000000,414.7212332114,604.7100000000,600.6697507556,418.4760546955,416.2100000000,416.2932420000,423.2100000000,423.1253580000,48,19982.0756160000,19.7500000000,7.0000000000,948.0000000000,336.0000000000,0.3544303797,396.4600000000,423.2100000000,TAKE_PROFIT_BRACKET,186,336.0000000000,8.0584320000,0.3360000000,8.3944320000,327.6055680000
TSLA,QQQ,2026-02-13 13:43:00-05:00,2026-02-13 13:44:00-05:00,2026-02-13 15:59:00-05:00,SHORT,3.4326146193,423.2200000000,416.8936884208,605.4800000000,602.4743383395,419.6932336305,423.2200000000,423.1353560000,417.4750000000,417.5584950000,47,19887.3617320000,19.7500000000,7.0000000000,928.2500000000,329.0000000000,0.3544303797,442.9700000000,416.2200000000,FORCED_EOD,135,270.0150000000,7.9025330000,0.3290000000,8.2315330000,261.7834670000
TSLA,QQQ,2026-02-17 13:15:00-05:00,2026-02-17 13:16:00-05:00,2026-02-17 15:59:00-05:00,SHORT,2.7366533893,405.6900000000,405.7221429992,598.5868000000,598.1781615580,406.0882990034,405.6350000000,405.5538730000,410.6700000000,410.7521340000,49,19872.1397770000,19.7500000000,7.0000000000,967.7500000000,343.0000000000,0.3544303797,425.3850000000,398.6350000000,FORCED_EOD,163,-246.7150000000,7.9997890000,0.3430000000,8.3427890000,-255.0577890000
TSLA,QQQ,2026-02-18 10:28:00-05:00,2026-02-18 10:29:00-05:00,2026-02-18 15:59:00-05:00,LONG,-2.5273931866,412.9400000000,412.8699994653,608.0150000000,604.4619516140,415.7381151177,412.9900000000,413.0725980000,411.1200000000,411.0377760000,48,19827.4847040000,19.7500000000,7.0000000000,948.0000000000,336.0000000000,0.3544303797,393.2400000000,419.9900000000,FORCED_EOD,330,-89.7600000000,7.9114560000,0.3360000000,8.2474560000,-98.0074560000
TSLA,QQQ,2026-02-19 10:55:00-05:00,2026-02-19 10:56:00-05:00,2026-02-19 15:59:00-05:00,SHORT,2.9100170192,411.8301000000,408.4125868573,604.3300000000,603.6410908626,408.9343869490,411.8500000000,411.7676300000,411.6801000000,411.7624360200,48,19764.8462400000,19.7500000000,7.0000000000,948.0000000000,336.0000000000,0.3544303797,431.6000000000,404.8500000000,FORCED_EOD,303,8.1552000000,7.9058889600,0.3360000000,8.2418889600,-0.0866889600
TSLA,QQQ,2026-02-20 12:23:00-05:00,2026-02-20 12:24:00-05:00,2026-02-20 15:59:00-05:00,LONG,-3.0548599738,406.8393000000,410.1674552516,605.0550000000,606.5563233636,409.1565994525,406.8000000000,406.8813600000,411.7800000000,411.6976440000,49,19937.1866400000,19.7500000000,7.0000000000,967.7500000000,343.0000000000,0.3544303797,387.0500000000,413.8000000000,FORCED_EOD,215,244.0200000000,8.0220840000,0.3430000000,8.3650840000,235.6549160000
TSLA,QQQ,2026-02-23 11:06:00-05:00,2026-02-23 11:07:00-05:00,2026-02-23 15:59:00-05:00,LONG,-2.5697458146,399.4000000000,403.3191316216,599.7200000000,604.1668730802,401.8235088345,399.4000000000,399.4798800000,399.8500000000,399.7700300000,50,19973.9940000000,19.7500000000,7.0000000000,987.5000000000,350.0000000000,0.3544303797,379.6500000000,406.4000000000,FORCED_EOD,292,22.5000000000,7.9925000000,0.3500000000,8.3425000000,14.1575000000
TSLA,QQQ,2026-02-24 13:01:00-05:00,2026-02-24 13:02:00-05:00,2026-02-24 15:59:00-05:00,SHORT,3.1403287303,405.4983000000,403.7838915319,608.3700000000,605.7864618771,405.9466822419,405.4850000000,405.4039030000,409.3600000000,409.4418720000,49,19864.7912470000,19.7500000000,7.0000000000,967.7500000000,343.0000000000,0.3544303797,425.2350000000,398.4850000000,FORCED_EOD,177,-189.8750000000,7.9854810000,0.3430000000,8.3284810000,-198.2034810000
TSLA,QQQ,2026-02-25 12:02:00-05:00,2026-02-25 12:03:00-05:00,2026-02-25 15:59:00-05:00,SHORT,2.8662257294,416.2200000000,415.6556516397,615.2000000000,614.3672467820,416.5669474561,416.2100000000,416.1267580000,417.3900000000,417.4734780000,48,19974.0843840000,19.7500000000,7.0000000000,948.0000000000,336.0000000000,0.3544303797,435.9600000000,409.2100000000,FORCED_EOD,236,-56.6400000000,8.0025600000,0.3360000000,8.3385600000,-64.9785600000
TSLA,QQQ,2026-02-26 14:07:00-05:00,2026-02-26 14:08:00-05:00,2026-02-26 15:59:00-05:00,LONG,-2.8133698808,408.0100000000,408.3051086343,608.3200000000,608.3764173610,408.2413529970,407.9800000000,408.0615960000,408.5000000000,408.4183000000,49,19995.0182040000,19.7500000000,7.0000000000,967.7500000000,343.0000000000,0.3544303797,388.2300000000,414.9800000000,FORCED_EOD,111,25.4800000000,8.0015040000,0.3430000000,8.3445040000,17.1354960000
TSLA,QQQ,2026-02-27 10:56:00-05:00,2026-02-27 10:57:00-05:00,2026-02-27 15:59:00-05:00,LONG,-2.5657768974,403.0100000000,404.3632032365,606.4600000000,605.4823736758,405.5011400476,403.0101000000,403.0907020200,402.4100000000,402.3295180000,49,19751.4443989800,19.7500000000,7.0000000000,967.7500000000,343.0000000000,0.3544303797,383.2601000000,410.0101000000,FORCED_EOD,302,-29.4049000000,7.8931169800,0.3430000000,8.2361169800,-37.6410169800
TSLA,QQQ,2026-03-02 11:43:00-05:00,2026-03-02 11:44:00-05:00,2026-03-02 15:59:00-05:00,LONG,-2.5399225486,403.0700000000,397.9367338245,607.6700000000,604.5884124606,401.8280901192,403.0850000000,403.1656170000,403.2350000000,403.1543530000,49,19755.1152330000,19.7500000000,7.0000000000,967.7500000000,343.0000000000,0.3544303797,383.3350000000,410.0850000000,FORCED_EOD,255,7.3500000000,7.9019360000,0.3430000000,8.2449360000,-0.8949360000
TSLA,QQQ,2026-03-03 10:38:00-05:00,2026-03-03 10:39:00-05:00,2026-03-03 13:22:00-05:00,LONG,-2.5695749610,386.7400000000,390.9023260606,593.7700000000,595.4843537569,388.8363952535,386.7600000000,386.8373520000,393.7600000000,393.6812480000,51,19728.7049520000,19.7500000000,7.0000000000,1007.2500000000,357.0000000000,0.3544303797,367.0100000000,393.7600000000,TAKE_PROFIT_BRACKET,163,357.0000000000,7.9613040000,0.3570000000,8.3183040000,348.6816960000
TSLA,QQQ,2026-03-03 15:50:00-05:00,2026-03-03 15:51:00-05:00,2026-03-03 15:59:00-05:00,SHORT,3.2898560057,392.6200000000,391.2421248630,601.5400000000,598.3351683739,395.0891384938,392.6600000000,392.5814680000,392.3500000000,392.4284700000,50,19629.0734000000,19.7500000000,7.0000000000,987.5000000000,350.0000000000,0.3544303797,412.4100000000,385.6600000000,FORCED_EOD,8,15.5000000000,7.8501000000,0.3500000000,8.2001000000,7.2999000000
TSLA,QQQ,2026-03-04 12:38:00-05:00,2026-03-04 12:39:00-05:00,2026-03-04 15:59:00-05:00,LONG,-2.5871264565,404.4000000000,403.2380331794,611.3100000000,608.8083063899,406.1399833461,404.3804000000,404.4612760800,406.0600000000,405.9787880000,49,19818.6025279200,19.7500000000,7.0000000000,967.7500000000,343.0000000000,0.3544303797,384.6304000000,411.3804000000,FORCED_EOD,200,82.3004000000,7.9423159200,0.3430000000,8.2853159200,74.0150840800
TSLA,QQQ,2026-03-05 10:24:00-05:00,2026-03-05 10:25:00-05:00,2026-03-05 15:59:00-05:00,SHORT,2.5597171823,403.8799000000,404.8359767321,608.3200000000,610.4563917902,401.6053794000,403.8200000000,403.7392360000,405.4013000000,405.4823802600,49,19783.2225640000,19.7500000000,7.0000000000,967.7500000000,343.0000000000,0.3544303797,423.5700000000,396.8200000000,FORCED_EOD,334,-77.4837000000,7.9303687400,0.3430000000,8.2733687400,-85.7570687400
TSLA,QQQ,2026-03-06 10:30:00-05:00,2026-03-06 10:31:00-05:00,2026-03-06 15:59:00-05:00,LONG,-2.6764984368,396.9105000000,396.5528296969,603.8500000000,601.1089696339,400.9963950007,396.9250000000,397.0043850000,396.5600000000,396.4806880000,50,19850.2192500000,19.7500000000,7.0000000000,987.5000000000,350.0000000000,0.3544303797,377.1750000000,403.9250000000,FORCED_EOD,328,-18.2500000000,7.9348500000,0.3500000000,8.2848500000,-26.5348500000
TSLA,QQQ,2026-03-09 10:45:00-04:00,2026-03-09 10:46:00-04:00,2026-03-09 14:41:00-04:00,LONG,-2.6972183485,385.8300000000,385.5965693517,597.2100000000,593.7076598369,390.3177875365,385.8200000000,385.8971640000,392.8200000000,392.7414360000,51,19680.7553640000,19.7500000000,7.0000000000,1007.2500000000,357.0000000000,0.3544303797,366.0700000000,392.8200000000,TAKE_PROFIT_BRACKET,235,357.0000000000,7.9421280000,0.3570000000,8.2991280000,348.7008720000
TSLA,QQQ,2026-03-09 14:50:00-04:00,2026-03-09 14:51:00-04:00,2026-03-09 15:59:00-04:00,SHORT,2.6097879677,393.1256000000,387.6591902765,600.3300000000,596.9909214035,392.1595189916,393.1200000000,393.0413760000,398.6400000000,398.7197280000,50,19652.0688000000,19.7500000000,7.0000000000,987.5000000000,350.0000000000,0.3544303797,412.8700000000,386.1200000000,FORCED_EOD,68,-276.0000000000,7.9176000000,0.3500000000,8.2676000000,-284.2676000000
TSLA,QQQ,2026-03-10 12:20:00-04:00,2026-03-10 12:21:00-04:00,2026-03-10 15:59:00-04:00,SHORT,2.5047955330,402.9750000000,403.3994295939,611.1800000000,609.5313620108,405.1809529374,402.9800000000,402.8994040000,399.2350000000,399.3148470000,49,19742.0707960000,19.7500000000,7.0000000000,967.7500000000,343.0000000000,0.3544303797,422.7300000000,395.9800000000,FORCED_EOD,218,183.5050000000,7.8617070000,0.3430000000,8.2047070000,175.3002930000
TSLA,QQQ,2026-03-11 10:48:00-04:00,2026-03-11 10:49:00-04:00,2026-03-11 15:59:00-04:00,LONG,-2.6729151856,410.4500000000,410.8833231092,609.1200000000,609.7675403513,410.2478792458,410.4547000000,410.5367909400,407.8600000000,407.7784280000,48,19705.7659651200,19.7500000000,7.0000000000,948.0000000000,336.0000000000,0.3544303797,390.7047000000,417.4547000000,FORCED_EOD,310,-124.5456000000,7.8558211200,0.3360000000,8.1918211200,-132.7374211200
TSLA,QQQ,2026-03-12 10:37:00-04:00,2026-03-12 10:38:00-04:00,2026-03-12 15:59:00-04:00,LONG,-2.7104363781,396.7099000000,401.8148923696,598.2350000000,601.1527702364,399.8422066979,396.7100000000,396.7893420000,395.0000000000,394.9210000000,50,19839.4671000000,19.7500000000,7.0000000000,987.5000000000,350.0000000000,0.3544303797,376.9600000000,403.7100000000,FORCED_EOD,321,-85.5000000000,7.9171000000,0.3500000000,8.2671000000,-93.7671000000
TSLA,QQQ,2026-03-13 11:16:00-04:00,2026-03-13 11:17:00-04:00,2026-03-13 15:59:00-04:00,SHORT,2.6862061509,395.8100000000,396.2321475202,597.2800000000,599.8114150266,393.9588192829,395.7918000000,395.7126416400,391.1700000000,391.2482340000,50,19785.6320820000,19.7500000000,7.0000000000,987.5000000000,350.0000000000,0.3544303797,415.5418000000,388.7918000000,FORCED_EOD,282,231.0900000000,7.8696180000,0.3500000000,8.2196180000,222.8703820000
TSLA,QQQ,2026-03-16 10:01:00-04:00,2026-03-16 10:02:00-04:00,2026-03-16 15:50:00-04:00,SHORT,2.6877998425,401.6000000000,399.2535612993,601.6300000000,600.8967669862,399.9008975365,401.5900000000,401.5096820000,394.5900000000,394.6689180000,49,19673.9744180000,19.7500000000,7.0000000000,967.7500000000,343.0000000000,0.3544303797,421.3400000000,394.5900000000,TAKE_PROFIT_BRACKET,348,343.0000000000,7.8025640000,0.3430000000,8.1455640000,334.8544360000
TSLA,QQQ,2026-03-16 15:50:00-04:00,2026-03-16 15:51:00-04:00,2026-03-16 15:59:00-04:00,LONG,-3.2329783402,394.5141000000,398.9906194277,599.9400000000,600.9601738487,398.0906450260,394.4900000000,394.5688980000,395.4900000000,395.4109020000,50,19728.4449000000,19.7500000000,7.0000000000,987.5000000000,350.0000000000,0.3544303797,374.7400000000,401.4900000000,FORCED_EOD,8,50.0000000000,7.8998000000,0.3500000000,8.2498000000,41.7502000000
TSLA,QQQ,2026-03-17 12:28:00-04:00,2026-03-17 12:29:00-04:00,2026-03-17 15:59:00-04:00,LONG,-2.8076122814,396.7800000000,397.3064334236,603.3500000000,604.0504315805,396.5396919535,396.7750000000,396.8543550000,399.2200000000,399.1401560000,50,19842.7177500000,19.7500000000,7.0000000000,987.5000000000,350.0000000000,0.3544303797,377.0250000000,403.7750000000,FORCED_EOD,210,122.2500000000,7.9599500000,0.3500000000,8.3099500000,113.9400500000
TSLA,QQQ,2026-03-18 11:00:00-04:00,2026-03-18 11:01:00-04:00,2026-03-18 15:59:00-04:00,LONG,-3.1661072127,398.7850000000,400.1628641087,600.9600000000,601.0424725483,400.0726873775,398.7850000000,398.8647570000,392.8500000000,392.7714300000,50,19943.2378500000,19.7500000000,7.0000000000,987.5000000000,350.0000000000,0.3544303797,379.0350000000,405.7850000000,FORCED_EOD,298,-296.7500000000,7.9163500000,0.3500000000,8.2663500000,-305.0163500000
TSLA,QQQ,2026-03-19 10:20:00-04:00,2026-03-19 10:21:00-04:00,2026-03-19 15:59:00-04:00,LONG,-3.1022997708,381.7300000000,382.6368609225,590.9700000000,589.9132024097,383.6077816270,381.7120000000,381.7883424000,380.2400000000,380.1639520000,52,19852.9938048000,19.7500000000,7.0000000000,1027.0000000000,364.0000000000,0.3544303797,361.9620000000,388.7120000000,FORCED_EOD,338,-76.5440000000,7.9243008000,0.3640000000,8.2883008000,-84.8323008000
TSLA,QQQ,2026-03-20 10:22:00-04:00,2026-03-20 10:23:00-04:00,2026-03-20 15:35:00-04:00,SHORT,2.5532503478,372.3300000000,373.7901806009,585.6800000000,587.6358034159,372.1921868205,372.3400000000,372.2655320000,365.3400000000,365.4130680000,53,19730.0731960000,19.7500000000,7.0000000000,1046.7500000000,371.0000000000,0.3544303797,392.0900000000,365.3400000000,TAKE_PROFIT_BRACKET,312,371.0000000000,7.8194080000,0.3710000000,8.1904080000,362.8095920000
TSLA,QQQ,2026-03-23 11:43:00-04:00,2026-03-23 11:44:00-04:00,2026-03-23 15:59:00-04:00,LONG,-2.9921389618,380.7450000000,381.6643215151,591.1500000000,592.6355573484,380.3544577921,380.7500000000,380.8261500000,380.8500000000,380.7738300000,52,19802.9598000000,19.7500000000,7.0000000000,1027.0000000000,364.0000000000,0.3544303797,361.0000000000,387.7500000000,FORCED_EOD,255,5.2000000000,7.9206400000,0.3640000000,8.2846400000,-3.0846400000
TSLA,QQQ,2026-03-24 11:15:00-04:00,2026-03-24 11:16:00-04:00,2026-03-24 15:59:00-04:00,LONG,-2.7055508526,384.9250000000,384.1593236049,586.5200000000,584.4661683032,386.8082569794,384.9100000000,384.9869820000,383.1100000000,383.0333780000,51,19634.3360820000,19.7500000000,7.0000000000,1007.2500000000,357.0000000000,0.3544303797,365.1600000000,391.9100000000,FORCED_EOD,283,-91.8000000000,7.8338040000,0.3570000000,8.1908040000,-99.9908040000
TSLA,QQQ,2026-03-25 11:12:00-04:00,2026-03-25 11:13:00-04:00,2026-03-25 15:59:00-04:00,SHORT,2.6673112239,391.8005000000,393.1987447620,588.2100000000,589.5379217321,391.4580296476,391.8200000000,391.7416360000,385.9400000000,386.0171880000,51,19978.8234360000,19.7500000000,7.0000000000,1007.2500000000,357.0000000000,0.3544303797,411.5700000000,384.8200000000,FORCED_EOD,286,299.8800000000,7.9331520000,0.3570000000,8.2901520000,291.5898480000
TSLA,QQQ,2026-03-26 11:31:00-04:00,2026-03-26 11:32:00-04:00,2026-03-26 15:40:00-04:00,SHORT,2.6159609331,379.5119000000,381.4965048580,580.2100000000,582.3812879025,378.7135594665,379.5100000000,379.4340980000,372.5100000000,372.5845020000,52,19730.5730960000,19.7500000000,7.0000000000,1027.0000000000,364.0000000000,0.3544303797,399.2600000000,372.5100000000,TAKE_PROFIT_BRACKET,248,364.0000000000,7.8210080000,0.3640000000,8.1850080000,355.8149920000
TSLA,QQQ,2026-03-26 15:51:00-04:00,2026-03-26 15:52:00-04:00,2026-03-26 15:59:00-04:00,SHORT,3.1989226718,373.4201000000,378.4217078183,574.2000000000,579.3374479798,371.8557816084,373.4200000000,373.3453160000,372.2400000000,372.3144480000,53,19787.3017480000,19.7500000000,7.0000000000,1046.7500000000,371.0000000000,0.3544303797,393.1700000000,366.4200000000,FORCED_EOD,7,62.5400000000,7.9039960000,0.3710000000,8.2749960000,54.2650040000
TSLA,QQQ,2026-03-27 10:41:00-04:00,2026-03-27 10:42:00-04:00,2026-03-27 15:59:00-04:00,SHORT,2.7708276666,364.1699000000,364.3047954555,566.1300000000,568.1856742294,361.8379530469,364.1500000000,364.0771700000,361.7600000000,361.8323520000,54,19660.1671800000,19.7500000000,7.0000000000,1066.5000000000,378.0000000000,0.3544303797,383.9000000000,357.1500000000,FORCED_EOD,317,129.0600000000,7.8398280000,0.3780000000,8.2178280000,120.8421720000
TSLA,QQQ,2026-03-30 11:21:00-04:00,2026-03-30 11:22:00-04:00,2026-03-30 15:59:00-04:00,LONG,-2.5445801249,361.7900000000,363.5910104579,562.7200000000,563.8714599212,362.2597805484,361.7900000000,361.8623580000,355.2800000000,355.2089440000,55,19902.4296900000,19.7500000000,7.0000000000,1086.2500000000,385.0000000000,0.3544303797,342.0400000000,368.7900000000,FORCED_EOD,277,-358.0500000000,7.8877700000,0.3850000000,8.2727700000,-366.3227700000
TSLA,QQQ,2026-03-31 12:37:00-04:00,2026-03-31 12:38:00-04:00,2026-03-31 15:59:00-04:00,SHORT,2.5369465149,365.8300000000,364.1053643112,568.7300000000,567.0325928468,365.6972275141,365.8350000000,365.7618330000,371.7500000000,371.8243500000,54,19751.1389820000,19.7500000000,7.0000000000,1066.5000000000,378.0000000000,0.3544303797,385.5850000000,358.8350000000,FORCED_EOD,201,-319.4100000000,7.9659180000,0.3780000000,8.3439180000,-327.7539180000
TSLA,QQQ,2026-04-01 10:11:00-04:00,2026-04-01 10:12:00-04:00,2026-04-01 15:59:00-04:00,SHORT,2.9949254950,377.1130000000,375.7747402289,582.5800000000,582.3245940437,376.0093563966,377.0800000000,377.0045840000,381.2600000000,381.3362520000,53,19981.2429520000,19.7500000000,7.0000000000,1046.7500000000,371.0000000000,0.3544303797,396.8300000000,370.0800000000,FORCED_EOD,347,-221.5400000000,8.0384040000,0.3710000000,8.4094040000,-229.9494040000
TSLA,QQQ,2026-04-02 12:06:00-04:00,2026-04-02 12:07:00-04:00,2026-04-02 14:22:00-04:00,SHORT,2.8556834937,366.1600000000,366.6998430032,582.5500000000,579.4739759299,369.5858335963,366.1515000000,366.0782697000,359.1515000000,359.2233303000,54,19768.2265638000,19.7500000000,7.0000000000,1066.5000000000,378.0000000000,0.3544303797,385.9015000000,359.1515000000,TAKE_PROFIT_BRACKET,135,378.0000000000,7.8332724000,0.3780000000,8.2112724000,369.7887276000
TSLA,QQQ,2026-04-06 11:56:00-04:00,2026-04-06 11:57:00-04:00,2026-04-06 13:12:00-04:00,SHORT,2.5524981674,354.1300000000,358.7094874496,587.3200000000,587.6164255288,358.4226513168,354.1300000000,354.0591740000,347.1300000000,347.1994260000,56,19827.3137440000,19.7500000000,7.0000000000,1106.0000000000,392.0000000000,0.3544303797,373.8800000000,347.1300000000,TAKE_PROFIT_BRACKET,75,392.0000000000,7.8541120000,0.3920000000,8.2461120000,383.7538880000
TSLA,QQQ,2026-04-06 14:07:00-04:00,2026-04-06 14:08:00-04:00,2026-04-06 15:59:00-04:00,SHORT,2.6923030790,347.9900000000,355.1163585266,586.2100000000,587.3121280079,354.0600201267,347.9900000000,347.9204020000,352.7900000000,352.8605580000,57,19831.4629140000,19.7500000000,7.0000000000,1125.7500000000,399.0000000000,0.3544303797,367.7400000000,340.9900000000,FORCED_EOD,111,-273.6000000000,7.9888920000,0.3990000000,8.3878920000,-281.9878920000
TSLA,QQQ,2026-04-07 10:38:00-04:00,2026-04-07 10:39:00-04:00,2026-04-07 15:59:00-04:00,LONG,-2.5107373849,339.9800000000,343.3474786749,582.3000000000,582.8071157009,342.7229006560,339.9550000000,340.0229910000,346.5600000000,346.4906880000,58,19721.3334780000,19.7500000000,7.0000000000,1145.5000000000,406.0000000000,0.3544303797,320.2050000000,346.9550000000,FORCED_EOD,320,383.0900000000,7.9635740000,0.4060000000,8.3695740000,374.7204260000
TSLA,QQQ,2026-04-08 13:19:00-04:00,2026-04-08 13:20:00-04:00,2026-04-08 14:51:00-04:00,SHORT,2.7397819050,347.7850000000,350.3463368319,606.6200000000,605.9164446591,351.3762588609,347.7850000000,347.7154430000,340.7850000000,340.8531570000,57,19819.7802510000,19.7500000000,7.0000000000,1125.7500000000,399.0000000000,0.3544303797,367.5350000000,340.7850000000,TAKE_PROFIT_BRACKET,91,399.0000000000,7.8496980000,0.3990000000,8.2486980000,390.7513020000
TSLA,QQQ,2026-04-09 11:28:00-04:00,2026-04-09 11:29:00-04:00,2026-04-09 12:02:00-04:00,LONG,-2.6371245338,340.0138000000,340.8852201606,605.4900000000,604.8189908956,341.2853668036,340.0300000000,340.0980060000,347.0300000000,346.9605940000,58,19725.6843480000,19.7500000000,7.0000000000,1145.5000000000,406.0000000000,0.3544303797,320.2800000000,347.0300000000,TAKE_PROFIT_BRACKET,33,406.0000000000,7.9698960000,0.4060000000,8.3758960000,397.6241040000
TSLA,QQQ,2026-04-09 14:02:00-04:00,2026-04-09 14:03:00-04:00,2026-04-09 15:59:00-04:00,LONG,-3.7380699756,346.4187000000,343.2309398730,608.6600000000,606.8043128355,344.3415216596,346.4295000000,346.4987859000,345.5900000000,345.5208820000,57,19750.4307963000,19.7500000000,7.0000000000,1125.7500000000,399.0000000000,0.3544303797,326.6795000000,353.4295000000,FORCED_EOD,116,-47.8515000000,7.8890223000,0.3990000000,8.2880223000,-56.1395223000
TSLA,QQQ,2026-04-10 11:43:00-04:00,2026-04-10 11:44:00-04:00,2026-04-10 15:59:00-04:00,LONG,-2.8662373758,343.7950000000,346.6123524858,611.4200000000,612.2226909314,346.2835738148,343.8000000000,343.8687600000,348.8950000000,348.8252210000,58,19944.3880800000,19.7500000000,7.0000000000,1145.5000000000,406.0000000000,0.3544303797,324.0500000000,350.8000000000,FORCED_EOD,255,295.5100000000,8.0352620000,0.4060000000,8.4412620000,287.0687380000
TSLA,QQQ,2026-04-13 12:06:00-04:00,2026-04-13 12:07:00-04:00,2026-04-13 15:59:00-04:00,SHORT,3.4001267525,351.9400000000,351.6349894546,612.1200000000,610.9963863908,351.7643197971,352.0050000000,351.9345990000,352.4050000000,352.4754810000,56,19708.3375440000,19.7500000000,7.0000000000,1106.0000000000,392.0000000000,0.3544303797,371.7550000000,345.0050000000,FORCED_EOD,232,-22.4000000000,7.8893920000,0.3920000000,8.2813920000,-30.6813920000
TSLA,QQQ,2026-04-14 10:23:00-04:00,2026-04-14 10:24:00-04:00,2026-04-14 15:59:00-04:00,SHORT,2.6687565699,362.0800000000,359.2529034718,623.2900000000,622.1280635080,359.3870974048,362.0754000000,362.0029849200,364.1600000000,364.2328320000,55,19910.1641706000,19.7500000000,7.0000000000,1086.2500000000,385.0000000000,0.3544303797,381.8254000000,355.0754000000,FORCED_EOD,335,-114.6530000000,7.9885894000,0.3850000000,8.3735894000,-123.0265894000
TSLA,QQQ,2026-04-15 10:58:00-04:00,2026-04-15 10:59:00-04:00,2026-04-15 15:59:00-04:00,SHORT,2.5711841390,381.7350000000,373.2512838235,632.7000000000,630.4171216064,373.5216087440,381.7400000000,381.6636520000,392.0300000000,392.1084060000,52,19846.5099040000,19.7500000000,7.0000000000,1027.0000000000,364.0000000000,0.3544303797,401.4900000000,374.7400000000,FORCED_EOD,300,-535.0800000000,8.0472080000,0.3640000000,8.4112080000,-543.4912080000
TSLA,QQQ,2026-04-16 10:47:00-04:00,2026-04-16 10:48:00-04:00,2026-04-16 15:59:00-04:00,LONG,-2.6118802746,385.0699000000,386.0220638969,638.4600000000,637.1931432892,388.1501751534,385.0700000000,385.1470140000,388.7900000000,388.7122420000,51,19642.4977140000,19.7500000000,7.0000000000,1007.2500000000,357.0000000000,0.3544303797,365.3200000000,392.0700000000,FORCED_EOD,311,189.7200000000,7.8933720000,0.3570000000,8.2503720000,181.4696280000
TSLA,QQQ,2026-04-17 10:54:00-04:00,2026-04-17 10:55:00-04:00,2026-04-17 15:59:00-04:00,SHORT,2.6639855123,405.8000000000,397.2390190810,648.9850000000,646.6447982765,401.7804920956,405.7900000000,405.7088420000,400.6600000000,400.7401320000,49,19879.7332580000,19.7500000000,7.0000000000,967.7500000000,343.0000000000,0.3544303797,425.5400000000,398.7900000000,FORCED_EOD,304,251.3700000000,7.9032100000,0.3430000000,8.2462100000,243.1237900000
TSLA,QQQ,2026-04-20 11:05:00-04:00,2026-04-20 11:06:00-04:00,2026-04-20 15:59:00-04:00,SHORT,2.6000603532,389.8050000000,395.9937566426,643.0752000000,646.1337149519,388.4959103145,389.8050000000,389.7270390000,392.4600000000,392.5384920000,51,19876.0789890000,19.7500000000,7.0000000000,1007.2500000000,357.0000000000,0.3544303797,409.5550000000,382.8050000000,FORCED_EOD,293,-135.4050000000,7.9791030000,0.3570000000,8.3361030000,-143.7411030000
TSLA,QQQ,2026-04-21 10:51:00-04:00,2026-04-21 10:52:00-04:00,2026-04-21 15:59:00-04:00,SHORT,2.9248578721,391.5700000000,391.7689189901,647.9000000000,648.2930245135,390.9007927847,391.5700000000,391.4916860000,386.4800000000,386.5572960000,51,19966.0759860000,19.7500000000,7.0000000000,1007.2500000000,357.0000000000,0.3544303797,411.3200000000,384.5700000000,FORCED_EOD,307,259.5900000000,7.9361100000,0.3570000000,8.2931100000,251.2968900000
TSLA,QQQ,2026-04-22 10:00:00-04:00,2026-04-22 10:01:00-04:00,2026-04-22 15:59:00-04:00,LONG,-2.6562792538,391.3200000000,389.5649088724,650.3000000000,649.4422032019,391.6230906773,391.2650000000,391.3432530000,387.2000000000,387.1225600000,51,19958.5059030000,19.7500000000,7.0000000000,1007.2500000000,357.0000000000,0.3544303797,371.5150000000,398.2650000000,FORCED_EOD,358,-207.3150000000,7.9403430000,0.3570000000,8.2973430000,-215.6123430000
TSLA,QQQ,2026-04-23 11:47:00-04:00,2026-04-23 11:48:00-04:00,2026-04-23 13:40:00-04:00,SHORT,2.7746336729,378.8450000000,375.6111482039,655.5750000000,654.4843803359,376.6572824021,378.8229000000,378.7471354200,371.8229000000,371.8972645800,52,19694.8510418400,19.7500000000,7.0000000000,1027.0000000000,364.0000000000,0.3544303797,398.5729000000,371.8229000000,TAKE_PROFIT_BRACKET,112,364.0000000000,7.8067163200,0.3640000000,8.1707163200,355.8292836800
TSLA,QQQ,2026-04-23 14:17:00-04:00,2026-04-23 14:18:00-04:00,2026-04-23 15:59:00-04:00,LONG,-2.5616607405,373.2800000000,375.7248337566,651.1200000000,652.3818427473,374.5101921320,373.2751000000,373.3497550200,373.6300000000,373.5552740000,53,19787.5370160600,19.7500000000,7.0000000000,1046.7500000000,371.0000000000,0.3544303797,353.5251000000,380.2751000000,FORCED_EOD,101,18.8097000000,7.9171940600,0.3710000000,8.2881940600,10.5215059400
TSLA,QQQ,2026-04-24 10:00:00-04:00,2026-04-24 10:01:00-04:00,2026-04-24 15:59:00-04:00,LONG,-2.6996983584,374.3298000000,378.4978614927,657.6800000000,658.4679299308,377.6041142005,374.3000000000,374.3748600000,376.1600000000,376.0847680000,53,19841.8675800000,19.7500000000,7.0000000000,1046.7500000000,371.0000000000,0.3544303797,354.5500000000,381.3000000000,FORCED_EOD,358,98.5800000000,7.9548760000,0.3710000000,8.3258760000,90.2541240000
TSLA,QQQ,2026-04-27 12:05:00-04:00,2026-04-27 12:06:00-04:00,2026-04-27 15:59:00-04:00,SHORT,2.7112792660,369.8000000000,367.0537253277,662.2100000000,662.3931928690,366.9222181637,369.7900000000,369.7160420000,378.7000000000,378.7757400000,54,19964.6662680000,19.7500000000,7.0000000000,1066.5000000000,378.0000000000,0.3544303797,389.5400000000,362.7900000000,FORCED_EOD,233,-481.1400000000,8.0836920000,0.3780000000,8.4616920000,-489.6016920000
TSLA,QQQ,2026-04-28 12:42:00-04:00,2026-04-28 12:43:00-04:00,2026-04-28 15:59:00-04:00,SHORT,3.2872172034,375.8150000000,377.0304751376,654.5650000000,656.2983264569,375.9286174758,375.8452000000,375.7700309600,375.9400000000,376.0151880000,53,19915.8116408800,19.7500000000,7.0000000000,1046.7500000000,371.0000000000,0.3544303797,395.5952000000,368.8452000000,FORCED_EOD,196,-5.0244000000,7.9689231200,0.3710000000,8.3399231200,-13.3643231200
TSLA,QQQ,2026-04-29 10:02:00-04:00,2026-04-29 10:03:00-04:00,2026-04-29 15:59:00-04:00,LONG,-2.5047902357,372.0100000000,374.2598325210,658.5800000000,658.0157895604,374.5116879654,372.0750000000,372.1494150000,372.7900000000,372.7154420000,53,19723.9189950000,19.7500000000,7.0000000000,1046.7500000000,371.0000000000,0.3544303797,352.3250000000,379.0750000000,FORCED_EOD,356,37.8950000000,7.8955690000,0.3710000000,8.2665690000,29.6284310000
TSLA,QQQ,2026-04-30 10:31:00-04:00,2026-04-30 10:32:00-04:00,2026-04-30 15:59:00-04:00,SHORT,3.1139858462,371.9000000000,370.3275273435,659.8300000000,660.5442074216,369.9980447171,371.9100000000,371.8356180000,381.5400000000,381.6163080000,53,19707.2877540000,19.7500000000,7.0000000000,1046.7500000000,371.0000000000,0.3544303797,391.6600000000,364.9100000000,FORCED_EOD,327,-510.3900000000,7.9865700000,0.3710000000,8.3575700000,-518.7475700000
TSLA,QQQ,2026-05-01 13:40:00-04:00,2026-05-01 13:41:00-04:00,2026-05-01 15:59:00-04:00,SHORT,2.6727492807,396.1400000000,390.0671286091,675.0400000000,673.9684619111,390.4148184519,396.1450000000,396.0657710000,390.7300000000,390.8081460000,50,19803.2885500000,19.7500000000,7.0000000000,987.5000000000,350.0000000000,0.3544303797,415.8950000000,389.1450000000,FORCED_EOD,138,270.7500000000,7.8687500000,0.3500000000,8.2187500000,262.5312500000
TSLA,QQQ,2026-05-04 11:39:00-04:00,2026-05-04 11:40:00-04:00,2026-05-04 13:17:00-04:00,LONG,-2.7527025071,386.1000000000,390.6220052213,671.8000000000,674.5262945987,388.5498386983,386.0900000000,386.1672180000,393.0900000000,393.0113820000,51,19694.5281180000,19.7500000000,7.0000000000,1007.2500000000,357.0000000000,0.3544303797,366.3400000000,393.0900000000,TAKE_PROFIT_BRACKET,97,357.0000000000,7.9476360000,0.3570000000,8.3046360000,348.6953640000
TSLA,QQQ,2026-05-04 14:58:00-04:00,2026-05-04 14:59:00-04:00,2026-05-04 15:59:00-04:00,SHORT,2.6254145899,392.5500000000,390.4885330887,672.3697000000,673.2216559942,389.8399562743,392.5599000000,392.4813880200,392.5750000000,392.6535150000,50,19624.0694010000,19.7500000000,7.0000000000,987.5000000000,350.0000000000,0.3544303797,412.3099000000,385.5599000000,FORCED_EOD,60,-0.7550000000,7.8513490000,0.3500000000,8.2013490000,-8.9563490000
TSLA,QQQ,2026-05-05 11:30:00-04:00,2026-05-05 11:31:00-04:00,2026-05-05 15:59:00-04:00,SHORT,2.6004976634,394.1900000000,396.6997520816,681.3100000000,680.2886965382,397.4586937181,394.2500000000,394.1711500000,389.3500000000,389.4278700000,50,19708.5575000000,19.7500000000,7.0000000000,987.5000000000,350.0000000000,0.3544303797,414.0000000000,387.2500000000,FORCED_EOD,268,245.0000000000,7.8360000000,0.3500000000,8.1860000000,236.8140000000
TSLA,QQQ,2026-05-06 11:49:00-04:00,2026-05-06 11:50:00-04:00,2026-05-06 15:59:00-04:00,SHORT,2.6476799632,394.7000000000,391.1818616521,691.8400000000,689.9031015804,391.4110180925,394.7150000000,394.6360570000,398.5100000000,398.5897020000,50,19731.8028500000,19.7500000000,7.0000000000,987.5000000000,350.0000000000,0.3544303797,414.4650000000,387.7150000000,FORCED_EOD,249,-189.7500000000,7.9322500000,0.3500000000,8.2822500000,-198.0322500000
TSLA,QQQ,2026-05-07 10:44:00-04:00,2026-05-07 10:45:00-04:00,2026-05-07 11:26:00-04:00,SHORT,2.5539807897,415.2400000000,411.4764019860,700.1500000000,697.9089090805,412.1669326744,415.2800000000,415.1969440000,408.2800000000,408.3616560000,48,19929.4533120000,19.7500000000,7.0000000000,948.0000000000,336.0000000000,0.3544303797,435.0300000000,408.2800000000,TAKE_PROFIT_BRACKET,41,336.0000000000,7.9061760000,0.3360000000,8.2421760000,327.7578240000
TSLA,QQQ,2026-05-07 12:00:00-04:00,2026-05-07 12:01:00-04:00,2026-05-07 15:59:00-04:00,LONG,-2.9231880924,406.5751000000,411.2291653215,697.0400000000,698.4568361318,410.7932107096,406.5500000000,406.6313100000,411.8250000000,411.7426350000,49,19924.9341900000,19.7500000000,7.0000000000,967.7500000000,343.0000000000,0.3544303797,386.8000000000,413.5500000000,FORCED_EOD,238,258.4750000000,8.0200750000,0.3430000000,8.3630750000,250.1119250000
TSLA,QQQ,2026-05-08 14:11:00-04:00,2026-05-08 14:12:00-04:00,2026-05-08 15:59:00-04:00,LONG,-2.9137773805,425.9800000000,426.1653689116,709.3200000000,706.7070228269,426.4805095130,425.9700000000,426.0551940000,428.3200000000,428.2343360000,46,19598.5389240000,19.7500000000,7.0000000000,908.5000000000,322.0000000000,0.3544303797,406.2200000000,432.9700000000,FORCED_EOD,107,108.1000000000,7.8594680000,0.3220000000,8.1814680000,99.9185320000
TSLA,QQQ,2026-05-11 11:00:00-04:00,2026-05-11 11:01:00-04:00,2026-05-11 14:01:00-04:00,SHORT,2.7446403662,423.7900000000,420.7155153842,712.1800000000,711.6539786687,420.8631759457,423.7950000000,423.7102410000,443.5450000000,443.6337090000,47,19914.3813270000,19.7500000000,7.0000000000,928.2500000000,329.0000000000,0.3544303797,443.5450000000,416.7950000000,STOP,180,-928.2500000000,8.1529960000,0.3290000000,8.4819960000,-936.7319960000
TSLA,QQQ,2026-05-11 14:02:00-04:00,2026-05-11 14:03:00-04:00,2026-05-11 15:59:00-04:00,SHORT,2.6517602809,444.2000000000,431.4972304221,713.7800000000,712.4323449448,431.8848044277,444.2300000000,444.1411540000,445.0400000000,445.1290080000,45,19986.3519300000,19.7500000000,7.0000000000,888.7500000000,315.0000000000,0.3544303797,463.9800000000,437.2300000000,FORCED_EOD,116,-36.4500000000,8.0034300000,0.3150000000,8.3184300000,-44.7684300000
TSLA,QQQ,2026-05-12 13:20:00-04:00,2026-05-12 13:21:00-04:00,2026-05-12 15:59:00-04:00,SHORT,2.5672858407,427.4200000000,433.2648260816,700.2100000000,702.7181430836,432.9555441348,427.4400000000,427.3545120000,433.4500000000,433.5366900000,46,19658.3075520000,19.7500000000,7.0000000000,908.5000000000,322.0000000000,0.3544303797,447.1900000000,420.4400000000,FORCED_EOD,158,-276.4600000000,7.9201880000,0.3220000000,8.2421880000,-284.7021880000
TSLA,QQQ,2026-05-13 10:10:00-04:00,2026-05-13 10:11:00-04:00,2026-05-13 15:59:00-04:00,SHORT,2.5665837491,438.2200000000,435.2118740797,706.6550000000,707.6469004082,434.4911647746,438.2493000000,438.1616501400,445.1700000000,445.2590340000,45,19717.2742563000,19.7500000000,7.0000000000,888.7500000000,315.0000000000,0.3544303797,457.9993000000,431.2493000000,FORCED_EOD,348,-311.4315000000,7.9507737000,0.3150000000,8.2657737000,-319.6972737000
TSLA,QQQ,2026-05-14 10:00:00-04:00,2026-05-14 10:01:00-04:00,2026-05-14 15:59:00-04:00,SHORT,2.7963322245,445.1350000000,444.3112980963,717.4900000000,717.3962467118,444.4017416221,445.1500000000,445.0609700000,443.1800000000,443.2686360000,44,19582.6826800000,19.7500000000,7.0000000000,869.0000000000,308.0000000000,0.3544303797,464.9000000000,438.1500000000,FORCED_EOD,358,86.6800000000,7.8173040000,0.3080000000,8.1253040000,78.5546960000
TSLA,QQQ,2026-05-15 10:24:00-04:00,2026-05-15 10:25:00-04:00,2026-05-15 15:59:00-04:00,LONG,-2.6386723005,427.5140000000,428.4504464772,711.6300000000,709.0818559468,431.3006726084,427.5100000000,427.5955020000,422.2100000000,422.1255580000,46,19669.3930920000,19.7500000000,7.0000000000,908.5000000000,322.0000000000,0.3544303797,407.7600000000,434.5100000000,FORCED_EOD,334,-243.8000000000,7.8174240000,0.3220000000,8.1394240000,-251.9394240000
TSLA,QQQ,2026-05-18 11:52:00-04:00,2026-05-18 11:53:00-04:00,2026-05-18 15:59:00-04:00,SHORT,2.5386828703,411.0752000000,413.4618285303,703.0500000000,706.4822281198,407.8992512917,411.0300000000,410.9477940000,410.0700000000,410.1520140000,48,19725.4941120000,19.7500000000,7.0000000000,948.0000000000,336.0000000000,0.3544303797,430.7800000000,404.0300000000,FORCED_EOD,246,46.0800000000,7.8825600000,0.3360000000,8.2185600000,37.8614400000
TSLA,QQQ,2026-05-19 10:14:00-04:00,2026-05-19 10:15:00-04:00,2026-05-19 15:59:00-04:00,SHORT,2.6786439101,397.3550000000,400.4157373076,697.0400000000,701.2615469454,394.4087240650,397.3050000000,397.2255390000,404.2100000000,404.2908420000,50,19861.2769500000,19.7500000000,7.0000000000,987.5000000000,350.0000000000,0.3544303797,417.0550000000,390.3050000000,FORCED_EOD,344,-345.2500000000,8.0151500000,0.3500000000,8.3651500000,-353.6151500000
TSLA,QQQ,2026-05-20 12:07:00-04:00,2026-05-20 12:08:00-04:00,2026-05-20 15:59:00-04:00,SHORT,2.5717131931,414.2350000000,410.6328760237,711.4300000000,708.3048297792,415.1288016651,414.2100000000,414.1271580000,417.2700000000,417.3534540000,48,19878.1035840000,19.7500000000,7.0000000000,948.0000000000,336.0000000000,0.3544303797,433.9600000000,407.2100000000,FORCED_EOD,231,-146.8800000000,7.9822080000,0.3360000000,8.3182080000,-155.1982080000
TSLA,QQQ,2026-05-21 12:46:00-04:00,2026-05-21 12:47:00-04:00,2026-05-21 15:59:00-04:00,SHORT,2.5565419415,418.3600000000,418.3345641230,709.5800000000,709.4281712775,418.5420923231,418.4100000000,418.3263180000,417.8300000000,417.9135660000,47,19661.3369460000,19.7500000000,7.0000000000,928.2500000000,329.0000000000,0.3544303797,438.1600000000,411.4100000000,FORCED_EOD,192,27.2600000000,7.8606560000,0.3290000000,8.1896560000,19.0703440000
