portfolio_symbol,symbol,lead_symbol,signal_time,entry_time,exit_time,direction,entry_z,signal_target_close,signal_target_vwap,signal_qqq_close,signal_qqq_vwap,signal_fair_target,entry_reference,entry_price,exit_reference,exit_price,shares,notional_usd,stop_usd_per_share,target_usd_per_share,gross_risk_usd,gross_reward_usd,reward_to_risk,stop_price,target_price,exit_reason,duration_bars,gross_pnl,slippage,commissions,costs,net_pnl,portfolio_gross_pnl,portfolio_slippage,portfolio_commissions,portfolio_costs,portfolio_net_pnl
NVDA,NVDA,QQQ,2025-08-22 10:00:00-04:00,2025-08-22 10:01:00-04:00,2025-08-22 10:08:00-04:00,LONG,-3.8630347323,175.7150000000,173.4805398330,569.3700000000,565.6508213340,177.1508523346,175.7200000000,175.7551440000,176.9700000000,176.9346060000,113,19860.3312720000,5.2500000000,1.2500000000,593.2500000000,141.2500000000,0.2380952381,170.4700000000,176.9700000000,TAKE_PROFIT_BRACKET,7,141.2500000000,7.9707940000,0.7910000000,8.7617940000,132.4882060000,35.3125000000,1.9926985000,0.1977500000,2.1904485000,33.1220515000
NVDA,NVDA,QQQ,2025-08-22 12:56:00-04:00,2025-08-22 12:57:00-04:00,2025-08-22 15:59:00-04:00,SHORT,2.9933425246,176.9650000000,176.2867099032,570.7300000000,570.8724329871,176.1451811303,176.9700000000,176.9346060000,178.0200000000,178.0556040000,113,19993.6104780000,5.2500000000,1.2500000000,593.2500000000,141.2500000000,0.2380952381,182.2200000000,175.7200000000,FORCED_EOD,182,-118.6500000000,8.0227740000,0.7910000000,8.8137740000,-127.4637740000,-29.6625000000,2.0056935000,0.1977500000,2.2034435000,-31.8659435000
NVDA,NVDA,QQQ,2025-08-25 11:02:00-04:00,2025-08-25 11:03:00-04:00,2025-08-25 15:59:00-04:00,SHORT,2.6512405667,180.2950000000,178.4907445458,572.3535000000,570.8527353299,179.2377336748,180.2900000000,180.2539420000,179.0400000000,179.0758080000,110,19827.9336200000,5.2500000000,1.2500000000,577.5000000000,137.5000000000,0.2380952381,185.5400000000,179.0400000000,TAKE_PROFIT_BRACKET,296,137.5000000000,7.9052600000,0.7700000000,8.6752600000,128.8247400000,34.3750000000,1.9763150000,0.1925000000,2.1688150000,32.2061850000
NVDA,NVDA,QQQ,2025-08-26 13:35:00-04:00,2025-08-26 13:36:00-04:00,2025-08-26 15:59:00-04:00,SHORT,2.7338644824,181.5950000000,180.7505659863,571.1200000000,570.8223222661,180.8952837242,181.6000000000,181.5636800000,181.7000000000,181.7363400000,110,19972.0048000000,5.2500000000,1.2500000000,577.5000000000,137.5000000000,0.2380952381,186.8500000000,180.3500000000,FORCED_EOD,143,-11.0000000000,7.9926000000,0.7700000000,8.7626000000,-19.7626000000,-2.7500000000,1.9981500000,0.1925000000,2.1906500000,-4.9406500000
NVDA,NVDA,QQQ,2025-08-27 12:20:00-04:00,2025-08-27 12:21:00-04:00,2025-08-27 15:59:00-04:00,LONG,-2.6000943297,181.5900000000,181.0922860972,572.6100000000,572.3575849027,181.1589014161,181.5946000000,181.6309189200,181.6000000000,181.5636800000,110,19979.4010812000,5.2500000000,1.2500000000,577.5000000000,137.5000000000,0.2380952381,176.3446000000,182.8446000000,FORCED_EOD,218,0.5940000000,7.9902812000,0.7700000000,8.7602812000,-8.1662812000,0.1485000000,1.9975703000,0.1925000000,2.1900703000,-2.0415703000
NVDA,NVDA,QQQ,2025-08-28 11:54:00-04:00,2025-08-28 11:55:00-04:00,2025-08-28 12:53:00-04:00,LONG,-2.6146474324,178.6950000000,179.5831745208,575.2400000000,574.9347668339,179.6584996275,178.6900000000,178.7257380000,179.9400000000,179.9040120000,111,19838.5569180000,5.2500000000,1.2500000000,582.7500000000,138.7500000000,0.2380952381,173.4400000000,179.9400000000,TAKE_PROFIT_BRACKET,58,138.7500000000,7.9615860000,0.7770000000,8.7385860000,130.0114140000,34.6875000000,1.9903965000,0.1942500000,2.1846465000,32.5028535000
NVDA,NVDA,QQQ,2025-08-28 13:09:00-04:00,2025-08-28 13:10:00-04:00,2025-08-28 13:29:00-04:00,LONG,-2.5411680565,178.7150000000,179.5349854051,576.4100000000,575.2211120629,179.8281531287,178.7150000000,178.7507430000,179.9650000000,179.9290070000,111,19841.3324730000,5.2500000000,1.2500000000,582.7500000000,138.7500000000,0.2380952381,173.4650000000,179.9650000000,TAKE_PROFIT_BRACKET,19,138.7500000000,7.9626960000,0.7770000000,8.7396960000,130.0103040000,34.6875000000,1.9906740000,0.1942500000,2.1849240000,32.5025760000
NVDA,NVDA,QQQ,2025-08-28 14:24:00-04:00,2025-08-28 14:25:00-04:00,2025-08-28 15:59:00-04:00,SHORT,3.2565388979,180.6800000000,179.5814682517,577.2200000000,575.4426491033,180.0196896799,180.6817000000,180.6455636600,180.2000000000,180.2360400000,110,19871.0120026000,5.2500000000,1.2500000000,577.5000000000,137.5000000000,0.2380952381,185.9317000000,179.4317000000,FORCED_EOD,94,52.9870000000,7.9393974000,0.7700000000,8.7093974000,44.2776026000,13.2467500000,1.9848493500,0.1925000000,2.1773493500,11.0694006500
NVDA,NVDA,QQQ,2025-08-29 10:50:00-04:00,2025-08-29 10:51:00-04:00,2025-08-29 11:21:00-04:00,LONG,-2.6093495340,173.5999000000,175.0686612512,569.2700000000,571.4858511130,174.7438504305,173.5942000000,173.6289188400,174.8442000000,174.8092311600,115,19967.3256666000,5.2500000000,1.2500000000,603.7500000000,143.7500000000,0.2380952381,168.3442000000,174.8442000000,TAKE_PROFIT_BRACKET,30,143.7500000000,8.0140832000,0.8050000000,8.8190832000,134.9309168000,35.9375000000,2.0035208000,0.2012500000,2.2047708000,33.7327292000
NVDA,NVDA,QQQ,2025-08-29 13:05:00-04:00,2025-08-29 13:06:00-04:00,2025-08-29 15:59:00-04:00,LONG,-3.2425928835,173.6601000000,174.7565185928,569.2493000000,570.8863741420,174.5167241908,173.6600000000,173.6947320000,174.2800000000,174.2451440000,115,19974.8941800000,5.2500000000,1.2500000000,603.7500000000,143.7500000000,0.2380952381,168.4100000000,174.9100000000,FORCED_EOD,173,71.3000000000,8.0026200000,0.8050000000,8.8076200000,62.4923800000,17.8250000000,2.0006550000,0.2012500000,2.2019050000,15.6230950000
NVDA,NVDA,QQQ,2025-09-02 12:08:00-04:00,2025-09-02 12:09:00-04:00,2025-09-02 12:42:00-04:00,LONG,-2.5711063911,167.2600000000,169.5876989519,559.9900000000,562.6263565751,168.2502751874,167.2500000000,167.2834500000,168.5000000000,168.4663000000,119,19906.7305500000,5.2500000000,1.2500000000,624.7500000000,148.7500000000,0.2380952381,162.0000000000,168.5000000000,TAKE_PROFIT_BRACKET,33,148.7500000000,7.9908500000,0.8330000000,8.8238500000,139.9261500000,37.1875000000,1.9977125000,0.2082500000,2.2059625000,34.9815375000
NVDA,NVDA,QQQ,2025-09-02 15:31:00-04:00,2025-09-02 15:32:00-04:00,2025-09-02 15:59:00-04:00,SHORT,2.6818945216,170.5850000000,169.3928758935,564.7100000000,562.7049708649,170.4087167816,170.5801000000,170.5459839800,170.7500000000,170.7841500000,117,19953.8801256600,5.2500000000,1.2500000000,614.2500000000,146.2500000000,0.2380952381,175.8301000000,169.3301000000,FORCED_EOD,27,-19.8783000000,7.9871243400,0.8190000000,8.8061243400,-28.6844243400,-4.9695750000,1.9967810850,0.2047500000,2.2015310850,-7.1711060850
NVDA,NVDA,QQQ,2025-09-03 11:03:00-04:00,2025-09-03 11:04:00-04:00,2025-09-03 15:59:00-04:00,LONG,-2.5312683527,171.5881000000,171.1109569771,571.3200000000,569.5748970395,172.0859498621,171.5850000000,171.6193170000,170.6200000000,170.5858760000,116,19907.8407720000,5.2500000000,1.2500000000,609.0000000000,145.0000000000,0.2380952381,166.3350000000,172.8350000000,FORCED_EOD,295,-111.9400000000,7.9391560000,0.8120000000,8.7511560000,-120.6911560000,-27.9850000000,1.9847890000,0.2030000000,2.1877890000,-30.1727890000
NVDA,NVDA,QQQ,2025-09-04 11:10:00-04:00,2025-09-04 11:11:00-04:00,2025-09-04 15:57:00-04:00,LONG,-2.7735306417,170.3651000000,170.5262297498,571.8300000000,570.8328093708,170.9632581658,170.3677000000,170.4017735400,171.6177000000,171.5833764600,117,19937.0075041800,5.2500000000,1.2500000000,614.2500000000,146.2500000000,0.2380952381,165.1177000000,171.6177000000,TAKE_PROFIT_BRACKET,286,146.2500000000,8.0024583600,0.8190000000,8.8214583600,137.4285416400,36.5625000000,2.0006145900,0.2047500000,2.2053645900,34.3571354100
NVDA,NVDA,QQQ,2025-09-04 15:57:00-04:00,2025-09-04 15:58:00-04:00,2025-09-04 15:59:00-04:00,SHORT,3.8921117054,171.6750000000,170.6517873646,575.4800000000,572.3468986021,172.0222751904,171.6600000000,171.6256680000,171.6400000000,171.6743280000,116,19908.5774880000,5.2500000000,1.2500000000,609.0000000000,145.0000000000,0.2380952381,176.9100000000,170.4100000000,FORCED_EOD,1,2.3200000000,7.9645600000,0.8120000000,8.7765600000,-6.4565600000,0.5800000000,1.9911400000,0.2030000000,2.1941400000,-1.6141400000
NVDA,NVDA,QQQ,2025-09-05 13:37:00-04:00,2025-09-05 13:38:00-04:00,2025-09-05 15:59:00-04:00,LONG,-2.5870456062,166.1300000000,166.2629484054,574.2600000000,576.0690611021,165.4664552730,166.1310000000,166.1642262000,167.0400000000,167.0065920000,120,19939.7071440000,5.2500000000,1.2500000000,630.0000000000,150.0000000000,0.2380952381,160.8810000000,167.3810000000,FORCED_EOD,141,109.0800000000,7.9961040000,0.8400000000,8.8361040000,100.2438960000,27.2700000000,1.9990260000,0.2100000000,2.2090260000,25.0609740000
NVDA,NVDA,QQQ,2025-09-08 11:48:00-04:00,2025-09-08 11:49:00-04:00,2025-09-08 15:59:00-04:00,LONG,-2.7496112006,169.3600000000,169.7910409862,579.7401000000,579.8338574006,169.7487785676,169.3600000000,169.3938720000,168.3700000000,168.3363260000,118,19988.4768960000,5.2500000000,1.2500000000,619.5000000000,147.5000000000,0.2380952381,164.1100000000,170.6100000000,FORCED_EOD,250,-116.8200000000,7.9704280000,0.8260000000,8.7964280000,-125.6164280000,-29.2050000000,1.9926070000,0.2065000000,2.1991070000,-31.4041070000
NVDA,NVDA,QQQ,2025-09-09 10:50:00-04:00,2025-09-09 10:51:00-04:00,2025-09-09 11:53:00-04:00,LONG,-2.6304935855,166.8400000000,168.2323273287,577.5490000000,578.8664730260,167.5991966805,166.8500000000,166.8833700000,168.1000000000,168.0663800000,119,19859.1210300000,5.2500000000,1.2500000000,624.7500000000,148.7500000000,0.2380952381,161.6000000000,168.1000000000,TAKE_PROFIT_BRACKET,62,148.7500000000,7.9718100000,0.8330000000,8.8048100000,139.9451900000,37.1875000000,1.9929525000,0.2082500000,2.2012025000,34.9862975000
NVDA,NVDA,QQQ,2025-09-09 12:56:00-04:00,2025-09-09 12:57:00-04:00,2025-09-09 15:17:00-04:00,LONG,-2.6656533466,168.3400000000,168.1280090900,579.3520000000,578.7604446240,168.4121653204,168.3450000000,168.3786690000,169.5950000000,169.5610810000,118,19868.6829420000,5.2500000000,1.2500000000,619.5000000000,147.5000000000,0.2380952381,163.0950000000,169.5950000000,TAKE_PROFIT_BRACKET,140,147.5000000000,7.9753840000,0.8260000000,8.8013840000,138.6986160000,36.8750000000,1.9938460000,0.2065000000,2.2003460000,34.6746540000
NVDA,NVDA,QQQ,2025-09-10 11:40:00-04:00,2025-09-10 11:41:00-04:00,2025-09-10 15:59:00-04:00,LONG,-2.7974791555,178.1200000000,177.7607295794,582.4900000000,582.5606832129,177.7161146374,178.1250000000,178.1606250000,177.3000000000,177.2645400000,112,19953.9900000000,5.2500000000,1.2500000000,588.0000000000,140.0000000000,0.2380952381,172.8750000000,179.3750000000,FORCED_EOD,258,-92.4000000000,7.9615200000,0.7840000000,8.7455200000,-101.1455200000,-23.1000000000,1.9903800000,0.1960000000,2.1863800000,-25.2863800000
NVDA,NVDA,QQQ,2025-09-11 12:24:00-04:00,2025-09-11 12:25:00-04:00,2025-09-11 15:59:00-04:00,LONG,-2.5735176173,177.4551000000,178.0893442237,584.5600000000,583.5056536166,178.1537027624,177.4581000000,177.4935916200,177.0900000000,177.0545820000,112,19879.2822614400,5.2500000000,1.2500000000,588.0000000000,140.0000000000,0.2380952381,172.2081000000,178.7081000000,FORCED_EOD,214,-41.2272000000,7.9418774400,0.7840000000,8.7258774400,-49.9530774400,-10.3068000000,1.9854693600,0.1960000000,2.1814693600,-12.4882693600
NVDA,NVDA,QQQ,2025-09-12 11:29:00-04:00,2025-09-12 11:30:00-04:00,2025-09-12 15:59:00-04:00,LONG,-2.6060411698,177.6750000000,177.7512962662,586.1350000000,585.5185054651,177.7887272617,177.6650000000,177.7005330000,177.7900000000,177.7544420000,112,19902.4596960000,5.2500000000,1.2500000000,588.0000000000,140.0000000000,0.2380952381,172.4150000000,178.9150000000,FORCED_EOD,269,14.0000000000,7.9621920000,0.7840000000,8.7461920000,5.2538080000,3.5000000000,1.9905480000,0.1960000000,2.1865480000,1.3134520000
NVDA,NVDA,QQQ,2025-09-15 11:13:00-04:00,2025-09-15 11:14:00-04:00,2025-09-15 15:59:00-04:00,SHORT,3.3371765605,175.8100000000,175.4279117239,590.4300000000,589.8341372203,175.4633559128,175.8150000000,175.7798370000,177.7900000000,177.8255580000,113,19863.1215810000,5.2500000000,1.2500000000,593.2500000000,141.2500000000,0.2380952381,181.0650000000,174.5650000000,FORCED_EOD,285,-223.1750000000,7.9914730000,0.7910000000,8.7824730000,-231.9574730000,-55.7937500000,1.9978682500,0.1977500000,2.1956182500,-57.9893682500
NVDA,NVDA,QQQ,2025-09-16 11:03:00-04:00,2025-09-16 11:04:00-04:00,2025-09-16 15:59:00-04:00,LONG,-2.8311343805,176.0738000000,176.4395754408,590.8000000000,591.6741537456,176.3874402192,176.0600000000,176.0952120000,174.8600000000,174.8250280000,113,19898.7589560000,5.2500000000,1.2500000000,593.2500000000,141.2500000000,0.2380952381,170.8100000000,177.3100000000,FORCED_EOD,295,-135.6000000000,7.9307920000,0.7910000000,8.7217920000,-144.3217920000,-33.9000000000,1.9826980000,0.1977500000,2.1804480000,-36.0804480000
NVDA,NVDA,QQQ,2025-09-17 11:16:00-04:00,2025-09-17 11:17:00-04:00,2025-09-17 12:03:00-04:00,SHORT,2.8150470174,170.6000000000,170.7792662301,589.0300000000,589.7696252708,170.7364316535,170.6050000000,170.5708790000,169.3550000000,169.3888710000,117,19956.7928430000,5.2500000000,1.2500000000,614.2500000000,146.2500000000,0.2380952381,175.8550000000,169.3550000000,TAKE_PROFIT_BRACKET,46,146.2500000000,7.9550640000,0.8190000000,8.7740640000,137.4759360000,36.5625000000,1.9887660000,0.2047500000,2.1935160000,34.3689840000
NVDA,NVDA,QQQ,2025-09-17 13:42:00-04:00,2025-09-17 13:43:00-04:00,2025-09-17 14:11:00-04:00,SHORT,2.5341014922,171.0426000000,170.4579359347,589.2757000000,589.1905838634,170.4628609017,171.0483000000,171.0140903400,169.7983000000,169.8322596600,116,19837.6344794400,5.2500000000,1.2500000000,609.0000000000,145.0000000000,0.2380952381,176.2983000000,169.7983000000,TAKE_PROFIT_BRACKET,28,145.0000000000,7.9076411200,0.8120000000,8.7196411200,136.2803588800,36.2500000000,1.9769102800,0.2030000000,2.1799102800,34.0700897200
NVDA,NVDA,QQQ,2025-09-17 14:13:00-04:00,2025-09-17 14:14:00-04:00,2025-09-17 15:02:00-04:00,LONG,-2.9582088795,169.1250000000,170.4789896870,586.9600000000,589.2333682343,170.3474419707,169.1300000000,169.1638260000,170.3800000000,170.3459240000,118,19961.3314680000,5.2500000000,1.2500000000,619.5000000000,147.5000000000,0.2380952381,163.8800000000,170.3800000000,TAKE_PROFIT_BRACKET,48,147.5000000000,8.0124360000,0.8260000000,8.8384360000,138.6615640000,36.8750000000,2.0031090000,0.2065000000,2.2096090000,34.6653910000
NVDA,NVDA,QQQ,2025-09-18 11:52:00-04:00,2025-09-18 11:53:00-04:00,2025-09-18 15:59:00-04:00,SHORT,2.5354555862,175.5350000000,174.9952296556,596.1891000000,596.1300963923,175.0391482211,175.5200000000,175.4848960000,174.2700000000,174.3048540000,113,19829.7932480000,5.2500000000,1.2500000000,593.2500000000,141.2500000000,0.2380952381,180.7700000000,174.2700000000,TAKE_PROFIT_BRACKET,246,141.2500000000,7.9052540000,0.7910000000,8.6962540000,132.5537460000,35.3125000000,1.9763135000,0.1977500000,2.1740635000,33.1384365000
NVDA,NVDA,QQQ,2025-09-19 13:27:00-04:00,2025-09-19 13:28:00-04:00,2025-09-19 15:59:00-04:00,SHORT,2.6183695317,175.7500000000,176.5027506965,597.9399000000,597.3663865284,177.1679942310,175.7500000000,175.7148500000,176.5100000000,176.5453020000,113,19855.7780500000,5.2500000000,1.2500000000,593.2500000000,141.2500000000,0.2380952381,181.0000000000,174.5000000000,FORCED_EOD,151,-85.8800000000,7.9610760000,0.7910000000,8.7520760000,-94.6320760000,-21.4700000000,1.9902690000,0.1977500000,2.1880190000,-23.6580190000
NVDA,NVDA,QQQ,2025-09-22 11:34:00-04:00,2025-09-22 11:35:00-04:00,2025-09-22 12:16:00-04:00,SHORT,3.0241910770,175.5200000000,175.5017669301,599.8850000000,599.4187492926,176.0091114580,175.5300000000,175.4948940000,180.7800000000,180.8161560000,113,19830.9230220000,5.2500000000,1.2500000000,593.2500000000,141.2500000000,0.2380952381,180.7800000000,174.2800000000,STOP,41,-593.2500000000,8.0526060000,0.7910000000,8.8436060000,-602.0936060000,-148.3125000000,2.0131515000,0.1977500000,2.2109015000,-150.5234015000
NVDA,NVDA,QQQ,2025-09-22 13:15:00-04:00,2025-09-22 13:16:00-04:00,2025-09-22 15:12:00-04:00,LONG,-2.6801439714,182.7000000000,179.7019081856,601.6300000000,600.0729251797,181.4348757933,182.7000000000,182.7365400000,183.9500000000,183.9132100000,109,19918.2828600000,5.2500000000,1.2500000000,572.2500000000,136.2500000000,0.2380952381,177.4500000000,183.9500000000,TAKE_PROFIT_BRACKET,116,136.2500000000,7.9929700000,0.7630000000,8.7559700000,127.4940300000,34.0625000000,1.9982425000,0.1907500000,2.1889925000,31.8735075000
NVDA,NVDA,QQQ,2025-09-23 11:42:00-04:00,2025-09-23 11:43:00-04:00,2025-09-23 13:25:00-04:00,SHORT,2.6397940729,179.9981000000,180.2888688751,600.6500000000,601.2849061279,179.5273895400,179.9950000000,179.9590010000,178.7450000000,178.7807490000,111,19975.4491110000,5.2500000000,1.2500000000,582.7500000000,138.7500000000,0.2380952381,185.2450000000,178.7450000000,TAKE_PROFIT_BRACKET,102,138.7500000000,7.9640280000,0.7770000000,8.7410280000,130.0089720000,34.6875000000,1.9910070000,0.1942500000,2.1852570000,32.5022430000
NVDA,NVDA,QQQ,2025-09-23 13:41:00-04:00,2025-09-23 13:42:00-04:00,2025-09-23 15:59:00-04:00,SHORT,2.9577803268,177.4300000000,179.9103184234,597.0800000000,600.6713900069,175.6076122818,177.4200000000,177.3845160000,178.4400000000,178.4756880000,112,19867.0657920000,5.2500000000,1.2500000000,588.0000000000,140.0000000000,0.2380952381,182.6700000000,176.1700000000,FORCED_EOD,137,-114.2400000000,7.9712640000,0.7840000000,8.7552640000,-122.9952640000,-28.5600000000,1.9928160000,0.1960000000,2.1888160000,-30.7488160000
NVDA,NVDA,QQQ,2025-09-24 11:11:00-04:00,2025-09-24 11:12:00-04:00,2025-09-24 11:48:00-04:00,SHORT,2.6142590967,178.1150000000,178.5853152787,597.0700000000,598.0419594271,177.4243420193,178.1100000000,178.0743780000,176.8600000000,176.8953720000,112,19944.3303360000,5.2500000000,1.2500000000,588.0000000000,140.0000000000,0.2380952381,183.3600000000,176.8600000000,TAKE_PROFIT_BRACKET,36,140.0000000000,7.9513280000,0.7840000000,8.7353280000,131.2646720000,35.0000000000,1.9878320000,0.1960000000,2.1838320000,32.8161680000
NVDA,NVDA,QQQ,2025-09-24 11:52:00-04:00,2025-09-24 11:53:00-04:00,2025-09-24 12:12:00-04:00,SHORT,2.6840354884,176.7100000000,178.3777015361,595.3900000000,597.7105515981,175.6075670001,176.7100000000,176.6746580000,175.4600000000,175.4950920000,113,19964.2363540000,5.2500000000,1.2500000000,593.2500000000,141.2500000000,0.2380952381,181.9600000000,175.4600000000,TAKE_PROFIT_BRACKET,19,141.2500000000,7.9590420000,0.7910000000,8.7500420000,132.4999580000,35.3125000000,1.9897605000,0.1977500000,2.1875105000,33.1249895000
NVDA,NVDA,QQQ,2025-09-24 15:45:00-04:00,2025-09-24 15:46:00-04:00,2025-09-24 15:59:00-04:00,SHORT,2.5078535098,176.7299000000,177.4671401709,595.1300000000,596.2289228435,176.1587655730,176.7300000000,176.6946540000,176.8800000000,176.9153760000,113,19966.4959020000,5.2500000000,1.2500000000,593.2500000000,141.2500000000,0.2380952381,181.9800000000,175.4800000000,FORCED_EOD,13,-16.9500000000,7.9915860000,0.7910000000,8.7825860000,-25.7325860000,-4.2375000000,1.9978965000,0.1977500000,2.1956465000,-6.4331465000
NVDA,NVDA,QQQ,2025-09-25 11:08:00-04:00,2025-09-25 11:09:00-04:00,2025-09-25 14:00:00-04:00,SHORT,2.9042580445,177.4500000000,176.0078830709,592.4800000000,591.4156319158,177.1119586438,177.4401000000,177.4046119800,176.1901000000,176.2253380200,112,19869.3165417600,5.2500000000,1.2500000000,588.0000000000,140.0000000000,0.2380952381,182.6901000000,176.1901000000,TAKE_PROFIT_BRACKET,171,140.0000000000,7.9213164800,0.7840000000,8.7053164800,131.2946835200,35.0000000000,1.9803291200,0.1960000000,2.1763291200,32.8236708800
NVDA,NVDA,QQQ,2025-09-25 14:01:00-04:00,2025-09-25 14:02:00-04:00,2025-09-25 15:59:00-04:00,SHORT,2.6688204017,175.9830000000,177.3910569699,590.0800000000,592.2458077410,175.1299700084,175.9900000000,175.9548020000,177.6800000000,177.7155360000,113,19882.8926260000,5.2500000000,1.2500000000,593.2500000000,141.2500000000,0.2380952381,181.2400000000,174.7400000000,FORCED_EOD,117,-190.9700000000,7.9929420000,0.7910000000,8.7839420000,-199.7539420000,-47.7425000000,1.9982355000,0.1977500000,2.1959855000,-49.9384855000
NVDA,NVDA,QQQ,2025-09-26 10:15:00-04:00,2025-09-26 10:16:00-04:00,2025-09-26 10:27:00-04:00,SHORT,2.5506409070,176.3800000000,177.1704802683,592.7456000000,594.5527803946,175.6438988826,176.3800000000,176.3447240000,175.1300000000,175.1650260000,113,19926.9538120000,5.2500000000,1.2500000000,593.2500000000,141.2500000000,0.2380952381,181.6300000000,175.1300000000,TAKE_PROFIT_BRACKET,11,141.2500000000,7.9441260000,0.7910000000,8.7351260000,132.5148740000,35.3125000000,1.9860315000,0.1977500000,2.1837815000,33.1287185000
NVDA,NVDA,QQQ,2025-09-26 12:20:00-04:00,2025-09-26 12:21:00-04:00,2025-09-26 14:17:00-04:00,LONG,-3.2483545644,176.4050000000,176.5112873293,593.9200000000,593.4295806498,176.9247995959,176.4100000000,176.4452820000,177.6600000000,177.6244680000,113,19938.3168660000,5.2500000000,1.2500000000,593.2500000000,141.2500000000,0.2380952381,171.1600000000,177.6600000000,TAKE_PROFIT_BRACKET,116,141.2500000000,8.0019820000,0.7910000000,8.7929820000,132.4570180000,35.3125000000,2.0004955000,0.1977500000,2.1982455000,33.1142545000
NVDA,NVDA,QQQ,2025-09-26 14:40:00-04:00,2025-09-26 14:41:00-04:00,2025-09-26 15:59:00-04:00,LONG,-2.7879952999,177.5050000000,176.7317253544,596.0700000000,593.9901138633,178.4859789232,177.5050000000,177.5405010000,178.7550000000,178.7192490000,112,19884.5361120000,5.2500000000,1.2500000000,588.0000000000,140.0000000000,0.2380952381,172.2550000000,178.7550000000,TAKE_PROFIT_BRACKET,78,140.0000000000,7.9802240000,0.7840000000,8.7642240000,131.2357760000,35.0000000000,1.9950560000,0.1960000000,2.1910560000,32.8089440000
NVDA,NVDA,QQQ,2025-09-29 10:56:00-04:00,2025-09-29 10:57:00-04:00,2025-09-29 11:53:00-04:00,SHORT,2.5245886353,183.1800000000,182.9778541729,600.8400000000,600.8821035869,182.9292126828,183.1800000000,183.1433640000,181.9300000000,181.9663860000,109,19962.6266760000,5.2500000000,1.2500000000,572.2500000000,136.2500000000,0.2380952381,188.4300000000,181.9300000000,TAKE_PROFIT_BRACKET,56,136.2500000000,7.9593980000,0.7630000000,8.7223980000,127.5276020000,34.0625000000,1.9898495000,0.1907500000,2.1805995000,31.8819005000
NVDA,NVDA,QQQ,2025-09-29 12:10:00-04:00,2025-09-29 12:11:00-04:00,2025-09-29 15:59:00-04:00,LONG,-2.9209753717,181.8450000000,182.8493461266,599.2600000000,600.4354450583,181.4913205849,181.8500000000,181.8863700000,181.8300000000,181.7936340000,109,19825.6143300000,5.2500000000,1.2500000000,572.2500000000,136.2500000000,0.2380952381,176.6000000000,183.1000000000,FORCED_EOD,228,-2.1800000000,7.9282240000,0.7630000000,8.6912240000,-10.8712240000,-0.5450000000,1.9820560000,0.1907500000,2.1728060000,-2.7178060000
NVDA,NVDA,QQQ,2025-09-30 10:03:00-04:00,2025-09-30 10:04:00-04:00,2025-09-30 10:06:00-04:00,SHORT,2.6088810728,184.9000000000,183.0414168568,598.1500000000,597.3869986737,183.6859498764,184.8950000000,184.8580210000,183.6450000000,183.6817290000,108,19964.6662680000,5.2500000000,1.2500000000,567.0000000000,135.0000000000,0.2380952381,190.1450000000,183.6450000000,TAKE_PROFIT_BRACKET,2,135.0000000000,7.9604640000,0.7560000000,8.7164640000,126.2835360000,33.7500000000,1.9901160000,0.1890000000,2.1791160000,31.5708840000
NVDA,NVDA,QQQ,2025-09-30 10:31:00-04:00,2025-09-30 10:32:00-04:00,2025-09-30 15:59:00-04:00,SHORT,2.5333283088,185.8050000000,183.7560333657,597.9700000000,597.3611978779,184.2723391990,185.8001000000,185.7629399800,186.5800000000,186.6173160000,107,19876.6345778600,5.2500000000,1.2500000000,561.7500000000,133.7500000000,0.2380952381,191.0501000000,184.5501000000,FORCED_EOD,327,-83.4493000000,7.9689341400,0.7490000000,8.7179341400,-92.1672341400,-20.8623250000,1.9922335350,0.1872500000,2.1794835350,-23.0418085350
NVDA,NVDA,QQQ,2025-10-01 10:29:00-04:00,2025-10-01 10:30:00-04:00,2025-10-01 15:59:00-04:00,SHORT,2.6060448446,186.6550000000,185.0795259806,600.1200000000,598.2098183136,186.3178224403,186.6550000000,186.6176690000,187.1700000000,187.2074340000,107,19968.0905830000,5.2500000000,1.2500000000,561.7500000000,133.7500000000,0.2380952381,191.9050000000,185.4050000000,FORCED_EOD,329,-55.1050000000,7.9998550000,0.7490000000,8.7488550000,-63.8538550000,-13.7762500000,1.9999637500,0.1872500000,2.1872137500,-15.9634637500
NVDA,NVDA,QQQ,2025-10-02 13:59:00-04:00,2025-10-02 14:00:00-04:00,2025-10-02 15:59:00-04:00,LONG,-3.2013855772,188.7600000000,189.5254604927,605.1900000000,604.6322966040,189.6227577404,188.7600000000,188.7977520000,188.9200000000,188.8822160000,105,19823.7639600000,5.2500000000,1.2500000000,551.2500000000,131.2500000000,0.2380952381,183.5100000000,190.0100000000,FORCED_EOD,119,16.8000000000,7.9312800000,0.7350000000,8.6662800000,8.1337200000,4.2000000000,1.9828200000,0.1837500000,2.1665700000,2.0334300000
NVDA,NVDA,QQQ,2025-10-03 12:37:00-04:00,2025-10-03 12:38:00-04:00,2025-10-03 15:59:00-04:00,LONG,-2.5323329939,188.1762000000,189.1517816767,606.4950000000,606.1834253884,189.1712262509,188.1701000000,188.2077340200,187.6210000000,187.5834758000,106,19950.0198061200,5.2500000000,1.2500000000,556.5000000000,132.5000000000,0.2380952381,182.9201000000,189.4201000000,FORCED_EOD,201,-58.2046000000,7.9667713200,0.7420000000,8.7087713200,-66.9133713200,-14.5511500000,1.9916928300,0.1855000000,2.1771928300,-16.7283428300
NVDA,NVDA,QQQ,2025-10-06 13:32:00-04:00,2025-10-06 13:33:00-04:00,2025-10-06 15:59:00-04:00,LONG,-2.7303203250,185.8601000000,185.7490772824,608.5700000000,607.4485503802,186.4665395587,185.8600000000,185.8971720000,185.5300000000,185.4928940000,107,19890.9974040000,5.2500000000,1.2500000000,561.7500000000,133.7500000000,0.2380952381,180.6100000000,187.1100000000,FORCED_EOD,146,-35.3100000000,7.9477460000,0.7490000000,8.6967460000,-44.0067460000,-8.8275000000,1.9869365000,0.1872500000,2.1741865000,-11.0016865000
NVDA,NVDA,QQQ,2025-10-07 11:02:00-04:00,2025-10-07 11:03:00-04:00,2025-10-07 15:59:00-04:00,LONG,-2.6583275881,187.0100000000,187.8757499126,607.5000000000,608.7577223394,187.7981178698,187.0250000000,187.0624050000,184.9500000000,184.9130100000,106,19828.6149300000,5.2500000000,1.2500000000,556.5000000000,132.5000000000,0.2380952381,181.7750000000,188.2750000000,FORCED_EOD,296,-219.9500000000,7.8858700000,0.7420000000,8.6278700000,-228.5778700000,-54.9875000000,1.9714675000,0.1855000000,2.1569675000,-57.1444675000
NVDA,NVDA,QQQ,2025-10-08 13:11:00-04:00,2025-10-08 13:12:00-04:00,2025-10-08 15:57:00-04:00,LONG,-2.5526300343,187.8550000000,188.3291071916,609.2741000000,608.2123788501,188.3948582362,187.8500000000,187.8875700000,189.1000000000,189.0621800000,106,19916.0824200000,5.2500000000,1.2500000000,556.5000000000,132.5000000000,0.2380952381,182.6000000000,189.1000000000,TAKE_PROFIT_BRACKET,165,132.5000000000,7.9913400000,0.7420000000,8.7333400000,123.7666600000,33.1250000000,1.9978350000,0.1855000000,2.1833350000,30.9416650000
NVDA,NVDA,QQQ,2025-10-08 15:57:00-04:00,2025-10-08 15:58:00-04:00,2025-10-08 15:59:00-04:00,SHORT,2.8068909375,189.0250000000,188.3848127469,611.6400000000,609.1847916548,188.5366628819,189.0300000000,188.9921940000,189.0600000000,189.0978120000,105,19844.1803700000,5.2500000000,1.2500000000,551.2500000000,131.2500000000,0.2380952381,194.2800000000,187.7800000000,FORCED_EOD,1,-3.1500000000,7.9398900000,0.7350000000,8.6748900000,-11.8248900000,-0.7875000000,1.9849725000,0.1837500000,2.1687225000,-2.9562225000
NVDA,NVDA,QQQ,2025-10-09 14:27:00-04:00,2025-10-09 14:28:00-04:00,2025-10-09 15:59:00-04:00,LONG,-2.5067637303,192.7200000000,193.4265772445,609.0000000000,609.4453670697,193.2776249694,192.7200000000,192.7585440000,192.5400000000,192.5014920000,103,19854.1300320000,5.2500000000,1.2500000000,540.7500000000,128.7500000000,0.2380952381,187.4700000000,193.9700000000,FORCED_EOD,91,-18.5400000000,7.9363560000,0.7210000000,8.6573560000,-27.1973560000,-4.6350000000,1.9840890000,0.1802500000,2.1643390000,-6.7993390000
NVDA,NVDA,QQQ,2025-10-10 10:59:00-04:00,2025-10-10 11:00:00-04:00,2025-10-10 11:24:00-04:00,LONG,-2.5707491789,194.1512000000,194.1469019664,608.5200000000,611.6284169880,193.4293742812,194.1500000000,194.1888300000,188.9000000000,188.8622200000,102,19807.2606600000,5.2500000000,1.2500000000,535.5000000000,127.5000000000,0.2380952381,188.9000000000,195.4000000000,STOP,24,-535.5000000000,7.8142200000,0.7140000000,8.5282200000,-544.0282200000,-133.8750000000,1.9535550000,0.1785000000,2.1320550000,-136.0070550000
NVDA,NVDA,QQQ,2025-10-10 11:24:00-04:00,2025-10-10 11:25:00-04:00,2025-10-10 11:44:00-04:00,LONG,-2.5030769423,188.5000000000,193.2002695478,599.5700000000,608.0181327015,191.2481405942,188.5050000000,188.5427010000,189.7550000000,189.7170490000,106,19985.5263060000,5.2500000000,1.2500000000,556.5000000000,132.5000000000,0.2380952381,183.2550000000,189.7550000000,TAKE_PROFIT_BRACKET,19,132.5000000000,8.0191120000,0.7420000000,8.7611120000,123.7388880000,33.1250000000,2.0047780000,0.1855000000,2.1902780000,30.9347220000
NVDA,NVDA,QQQ,2025-10-10 12:46:00-04:00,2025-10-10 12:47:00-04:00,2025-10-10 15:59:00-04:00,LONG,-3.0384316220,188.1900000000,191.5671821473,597.4500000000,603.6370804298,190.1393158529,188.1703000000,188.2079340600,182.9203000000,182.8837159400,106,19950.0410103600,5.2500000000,1.2500000000,556.5000000000,132.5000000000,0.2380952381,182.9203000000,189.4203000000,STOP,192,-556.5000000000,7.8671207200,0.7420000000,8.6091207200,-565.1091207200,-139.1250000000,1.9667801800,0.1855000000,2.1522801800,-141.2772801800
NVDA,NVDA,QQQ,2025-10-13 10:24:00-04:00,2025-10-13 10:25:00-04:00,2025-10-13 13:03:00-04:00,LONG,-2.8725418684,188.1383000000,188.8247271119,599.9100000000,599.7012547920,188.9120928699,188.1400000000,188.1776280000,189.3900000000,189.3521220000,106,19946.8285680000,5.2500000000,1.2500000000,556.5000000000,132.5000000000,0.2380952381,182.8900000000,189.3900000000,TAKE_PROFIT_BRACKET,158,132.5000000000,8.0036360000,0.7420000000,8.7456360000,123.7543640000,33.1250000000,2.0009090000,0.1855000000,2.1864090000,30.9385910000
NVDA,NVDA,QQQ,2025-10-13 14:01:00-04:00,2025-10-13 14:02:00-04:00,2025-10-13 15:59:00-04:00,LONG,-3.2862114936,188.2000000000,188.3668378968,602.0399000000,600.3199443931,189.0842021628,188.1900000000,188.2276380000,188.3200000000,188.2823360000,106,19952.1296280000,5.2500000000,1.2500000000,556.5000000000,132.5000000000,0.2380952381,182.9400000000,189.4400000000,FORCED_EOD,117,13.7800000000,7.9820120000,0.7420000000,8.7240120000,5.0559880000,3.4450000000,1.9955030000,0.1855000000,2.1810030000,1.2639970000
NVDA,NVDA,QQQ,2025-10-14 10:46:00-04:00,2025-10-14 10:47:00-04:00,2025-10-14 11:47:00-04:00,LONG,-2.5205728247,181.7258000000,181.5498374354,597.5300000000,593.9814567334,183.0986454613,181.7250000000,181.7613450000,182.9750000000,182.9384050000,110,19993.7479500000,5.2500000000,1.2500000000,577.5000000000,137.5000000000,0.2380952381,176.4750000000,182.9750000000,TAKE_PROFIT_BRACKET,60,137.5000000000,8.0234000000,0.7700000000,8.7934000000,128.7066000000,34.3750000000,2.0058500000,0.1925000000,2.1983500000,32.1766500000
NVDA,NVDA,QQQ,2025-10-14 11:47:00-04:00,2025-10-14 11:48:00-04:00,2025-10-14 14:04:00-04:00,SHORT,2.7583093200,182.8850000000,181.5942441963,599.1100000000,595.1168994770,183.3341852994,182.8900000000,182.8534220000,181.6400000000,181.6763280000,109,19931.0229980000,5.2500000000,1.2500000000,572.2500000000,136.2500000000,0.2380952381,188.1400000000,181.6400000000,TAKE_PROFIT_BRACKET,136,136.2500000000,7.9467540000,0.7630000000,8.7097540000,127.5402460000,34.0625000000,1.9866885000,0.1907500000,2.1774385000,31.8850615000
NVDA,NVDA,QQQ,2025-10-14 15:37:00-04:00,2025-10-14 15:38:00-04:00,2025-10-14 15:59:00-04:00,SHORT,4.0612786986,181.0400000000,182.0588320646,598.7500000000,597.9241600616,182.4179077851,180.9800000000,180.9438040000,180.0700000000,180.1060140000,110,19903.8184400000,5.2500000000,1.2500000000,577.5000000000,137.5000000000,0.2380952381,186.2300000000,179.7300000000,FORCED_EOD,21,100.1000000000,7.9431000000,0.7700000000,8.7131000000,91.3869000000,25.0250000000,1.9857750000,0.1925000000,2.1782750000,22.8467250000
NVDA,NVDA,QQQ,2025-10-15 10:31:00-04:00,2025-10-15 10:32:00-04:00,2025-10-15 15:59:00-04:00,LONG,-2.6022159113,182.1100000000,182.5420273308,606.6900000000,604.3434669388,183.6255459784,182.1182000000,182.1546236400,179.8750000000,179.8390250000,109,19854.8539767600,5.2500000000,1.2500000000,572.2500000000,136.2500000000,0.2380952381,176.8682000000,183.3682000000,FORCED_EOD,327,-244.5088000000,7.8914517600,0.7630000000,8.6544517600,-253.1632517600,-61.1272000000,1.9728629400,0.1907500000,2.1636129400,-63.2908129400
NVDA,NVDA,QQQ,2025-10-16 11:30:00-04:00,2025-10-16 11:31:00-04:00,2025-10-16 12:30:00-04:00,SHORT,2.5739566627,182.0201000000,182.3092296962,604.1300000000,606.1302803224,181.4553163613,182.0288000000,181.9923942400,180.7788000000,180.8149557600,109,19837.1709721600,5.2500000000,1.2500000000,572.2500000000,136.2500000000,0.2380952381,187.2788000000,180.7788000000,TAKE_PROFIT_BRACKET,59,136.2500000000,7.9092056800,0.7630000000,8.6722056800,127.5777943200,34.0625000000,1.9773014200,0.1907500000,2.1680514200,31.8944485800
NVDA,NVDA,QQQ,2025-10-16 12:44:00-04:00,2025-10-16 12:45:00-04:00,2025-10-16 15:59:00-04:00,SHORT,2.5349417673,180.5300000000,182.0142403961,599.2700000000,604.5085524143,179.7755477683,180.5200000000,180.4838960000,181.8110000000,181.8473622000,110,19853.2285600000,5.2500000000,1.2500000000,577.5000000000,137.5000000000,0.2380952381,185.7700000000,179.2700000000,FORCED_EOD,194,-142.0100000000,7.9712820000,0.7700000000,8.7412820000,-150.7512820000,-35.5025000000,1.9928205000,0.1925000000,2.1853205000,-37.6878205000
NVDA,NVDA,QQQ,2025-10-17 13:02:00-04:00,2025-10-17 13:03:00-04:00,2025-10-17 15:59:00-04:00,SHORT,2.6537707959,182.4850000000,181.8234129162,601.6600000000,600.0091233887,182.5158233949,182.4899000000,182.4534020200,183.2350000000,183.2716470000,109,19887.4208201800,5.2500000000,1.2500000000,572.2500000000,136.2500000000,0.2380952381,187.7399000000,181.2399000000,FORCED_EOD,176,-81.2159000000,7.9728028200,0.7630000000,8.7358028200,-89.9517028200,-20.3039750000,1.9932007050,0.1907500000,2.1839507050,-22.4879257050
NVDA,NVDA,QQQ,2025-10-20 10:22:00-04:00,2025-10-20 10:23:00-04:00,2025-10-20 15:16:00-04:00,SHORT,2.6542495918,184.0700000000,182.8473990281,610.2900000000,609.4285055232,183.3251341359,184.0786000000,184.0417842800,182.8286000000,182.8651657200,108,19876.5127022400,5.2500000000,1.2500000000,567.0000000000,135.0000000000,0.2380952381,189.3286000000,182.8286000000,TAKE_PROFIT_BRACKET,293,135.0000000000,7.9251955200,0.7560000000,8.6811955200,126.3188044800,33.7500000000,1.9812988800,0.1890000000,2.1702988800,31.5797011200
NVDA,NVDA,QQQ,2025-10-20 15:53:00-04:00,2025-10-20 15:54:00-04:00,2025-10-20 15:59:00-04:00,LONG,-2.7944014998,182.6300000000,183.4358314618,612.1900000000,611.2197360099,183.9740335207,182.6300000000,182.6665260000,182.5700000000,182.5334860000,109,19910.6513340000,5.2500000000,1.2500000000,572.2500000000,136.2500000000,0.2380952381,177.3800000000,183.8800000000,FORCED_EOD,5,-6.5400000000,7.9613600000,0.7630000000,8.7243600000,-15.2643600000,-1.6350000000,1.9903400000,0.1907500000,2.1810900000,-3.8160900000
NVDA,NVDA,QQQ,2025-10-21 10:05:00-04:00,2025-10-21 10:06:00-04:00,2025-10-21 11:06:00-04:00,LONG,-2.6208308375,180.2897000000,181.4794914719,610.1650000000,610.4597269549,181.3629001939,180.2807000000,180.3167561400,181.5307000000,181.4943938600,110,19834.8431754000,5.2500000000,1.2500000000,577.5000000000,137.5000000000,0.2380952381,175.0307000000,181.5307000000,TAKE_PROFIT_BRACKET,60,137.5000000000,7.9598508000,0.7700000000,8.7298508000,128.7701492000,34.3750000000,1.9899627000,0.1925000000,2.1824627000,32.1925373000
NVDA,NVDA,QQQ,2025-10-21 11:06:00-04:00,2025-10-21 11:07:00-04:00,2025-10-21 15:59:00-04:00,SHORT,2.5413342209,181.6250000000,180.9959029524,611.3500000000,610.5670074365,181.3047679672,181.6258000000,181.5894748400,181.1600000000,181.1962320000,110,19974.8422324000,5.2500000000,1.2500000000,577.5000000000,137.5000000000,0.2380952381,186.8758000000,180.3758000000,FORCED_EOD,292,51.2380000000,7.9812876000,0.7700000000,8.7512876000,42.4867124000,12.8095000000,1.9953219000,0.1925000000,2.1878219000,10.6216781000
NVDA,NVDA,QQQ,2025-10-22 10:29:00-04:00,2025-10-22 10:30:00-04:00,2025-10-22 15:59:00-04:00,LONG,-2.5175224730,180.4050000000,181.9248824016,607.4200000000,609.8556424528,181.7795680236,180.4200000000,180.4560840000,180.2900000000,180.2539420000,110,19850.1692400000,5.2500000000,1.2500000000,577.5000000000,137.5000000000,0.2380952381,175.1700000000,181.6700000000,FORCED_EOD,329,-14.3000000000,7.9356200000,0.7700000000,8.7056200000,-23.0056200000,-3.5750000000,1.9839050000,0.1925000000,2.1764050000,-5.7514050000
NVDA,NVDA,QQQ,2025-10-23 11:44:00-04:00,2025-10-23 11:45:00-04:00,2025-10-23 14:22:00-04:00,LONG,-2.5043690121,181.4600000000,181.3137964011,607.5900000000,607.7700492141,181.3030537175,181.4650000000,181.5012930000,182.7150000000,182.6784570000,110,19965.1422300000,5.2500000000,1.2500000000,577.5000000000,137.5000000000,0.2380952381,176.2150000000,182.7150000000,TAKE_PROFIT_BRACKET,157,137.5000000000,8.0119600000,0.7700000000,8.7819600000,128.7180400000,34.3750000000,2.0029900000,0.1925000000,2.1954900000,32.1795100000
NVDA,NVDA,QQQ,2025-10-23 15:36:00-04:00,2025-10-23 15:37:00-04:00,2025-10-23 15:59:00-04:00,LONG,-2.9106701753,182.5300000000,181.7758509108,610.7500000000,608.9810115759,181.8814566259,182.5400000000,182.5765080000,182.2000000000,182.1635600000,109,19900.8393720000,5.2500000000,1.2500000000,572.2500000000,136.2500000000,0.2380952381,177.2900000000,183.7900000000,FORCED_EOD,22,-37.0600000000,7.9513320000,0.7630000000,8.7143320000,-45.7743320000,-9.2650000000,1.9878330000,0.1907500000,2.1785830000,-11.4435830000
NVDA,NVDA,QQQ,2025-10-24 10:04:00-04:00,2025-10-24 10:05:00-04:00,2025-10-24 15:02:00-04:00,LONG,-2.5067923876,185.0100000000,185.2030545656,617.1400000000,616.6712941680,185.2649389920,185.0300000000,185.0670060000,186.2800000000,186.2427440000,108,19987.2366480000,5.2500000000,1.2500000000,567.0000000000,135.0000000000,0.2380952381,179.7800000000,186.2800000000,TAKE_PROFIT_BRACKET,297,135.0000000000,8.0202960000,0.7560000000,8.7762960000,126.2237040000,33.7500000000,2.0050740000,0.1890000000,2.1940740000,31.5559260000
NVDA,NVDA,QQQ,2025-10-24 15:02:00-04:00,2025-10-24 15:03:00-04:00,2025-10-24 15:59:00-04:00,SHORT,3.5135777836,186.2450000000,185.1704660628,618.1000000000,617.2305212150,185.2851413710,186.2400000000,186.2027520000,186.2700000000,186.3072540000,107,19923.6944640000,5.2500000000,1.2500000000,561.7500000000,133.7500000000,0.2380952381,191.4900000000,184.9900000000,FORCED_EOD,56,-3.2100000000,7.9717140000,0.7490000000,8.7207140000,-11.9307140000,-0.8025000000,1.9929285000,0.1872500000,2.1801785000,-2.9826785000
NVDA,NVDA,QQQ,2025-10-27 10:06:00-04:00,2025-10-27 10:07:00-04:00,2025-10-27 13:00:00-04:00,LONG,-2.8626326919,190.3300000000,190.6116271468,625.7600000000,625.0560463572,190.7692870772,190.3400000000,190.3780680000,191.5900000000,191.5516820000,105,19989.6971400000,5.2500000000,1.2500000000,551.2500000000,131.2500000000,0.2380952381,185.0900000000,191.5900000000,TAKE_PROFIT_BRACKET,173,131.2500000000,8.0205300000,0.7350000000,8.7555300000,122.4944700000,32.8125000000,2.0051325000,0.1837500000,2.1888825000,30.6236175000
NVDA,NVDA,QQQ,2025-10-27 13:06:00-04:00,2025-10-27 13:07:00-04:00,2025-10-27 14:31:00-04:00,SHORT,2.7362946480,191.6403000000,190.5335439389,626.8750000000,625.8308699884,190.7670057683,191.6500000000,191.6116700000,190.4000000000,190.4380800000,104,19927.6136800000,5.2500000000,1.2500000000,546.0000000000,130.0000000000,0.2380952381,196.9000000000,190.4000000000,TAKE_PROFIT_BRACKET,84,130.0000000000,7.9466400000,0.7280000000,8.6746400000,121.3253600000,32.5000000000,1.9866600000,0.1820000000,2.1686600000,30.3313400000
NVDA,NVDA,QQQ,2025-10-27 14:31:00-04:00,2025-10-27 14:32:00-04:00,2025-10-27 15:50:00-04:00,LONG,-2.8096175673,190.4293000000,190.6402292417,627.2800000000,626.0730860704,190.9101353159,190.4293000000,190.4673858600,191.6793000000,191.6409641400,105,19999.0755153000,5.2500000000,1.2500000000,551.2500000000,131.2500000000,0.2380952381,185.1793000000,191.6793000000,TAKE_PROFIT_BRACKET,78,131.2500000000,8.0242806000,0.7350000000,8.7592806000,122.4907194000,32.8125000000,2.0060701500,0.1837500000,2.1898201500,30.6226798500
NVDA,NVDA,QQQ,2025-10-27 15:50:00-04:00,2025-10-27 15:51:00-04:00,2025-10-27 15:59:00-04:00,SHORT,3.9184727766,191.6250000000,190.6531171995,628.0600000000,626.4077684318,191.0224386502,191.6300000000,191.5916740000,191.4300000000,191.4682860000,104,19925.5340960000,5.2500000000,1.2500000000,546.0000000000,130.0000000000,0.2380952381,196.8800000000,190.3800000000,FORCED_EOD,8,20.8000000000,7.9676480000,0.7280000000,8.6956480000,12.1043520000,5.2000000000,1.9919120000,0.1820000000,2.1739120000,3.0260880000
NVDA,NVDA,QQQ,2025-10-28 12:01:00-04:00,2025-10-28 12:02:00-04:00,2025-10-28 14:19:00-04:00,SHORT,2.5159050679,193.6150000000,193.4684628427,630.8301000000,630.3506542118,193.6652048125,193.6200000000,193.5812760000,198.8700000000,198.9097740000,103,19938.8714280000,5.2500000000,1.2500000000,540.7500000000,128.7500000000,0.2380952381,198.8700000000,192.3700000000,STOP,137,-540.7500000000,8.0852940000,0.7210000000,8.8062940000,-549.5562940000,-135.1875000000,2.0213235000,0.1802500000,2.2015735000,-137.3890735000
NVDA,NVDA,QQQ,2025-10-28 15:08:00-04:00,2025-10-28 15:09:00-04:00,2025-10-28 15:59:00-04:00,SHORT,2.6003632480,201.2800000000,195.9896987069,634.0807000000,631.4682869834,197.0737580926,201.2800000000,201.2397440000,201.0300000000,201.0702060000,99,19922.7346560000,5.2500000000,1.2500000000,519.7500000000,123.7500000000,0.2380952381,206.5300000000,200.0300000000,FORCED_EOD,50,24.7500000000,7.9657380000,0.6930000000,8.6587380000,16.0912620000,6.1875000000,1.9914345000,0.1732500000,2.1646845000,4.0228155000
NVDA,NVDA,QQQ,2025-10-29 11:45:00-04:00,2025-10-29 11:46:00-04:00,2025-10-29 15:59:00-04:00,LONG,-3.5850227465,207.2200000000,209.8603939183,634.8200000000,635.8553873147,209.4402065594,207.2300000000,207.2714460000,207.0500000000,207.0085900000,96,19898.0588160000,5.2500000000,1.2500000000,504.0000000000,120.0000000000,0.2380952381,201.9800000000,208.4800000000,FORCED_EOD,253,-17.2800000000,7.9541760000,0.6720000000,8.6261760000,-25.9061760000,-4.3200000000,1.9885440000,0.1680000000,2.1565440000,-6.4765440000
NVDA,NVDA,QQQ,2025-10-30 13:14:00-04:00,2025-10-30 13:15:00-04:00,2025-10-30 13:46:00-04:00,LONG,-2.5217796589,202.5201000000,203.1561290390,629.4130000000,630.3153334448,203.0979630513,202.5300000000,202.5705060000,203.7800000000,203.7392440000,98,19851.9095880000,5.2500000000,1.2500000000,514.5000000000,122.5000000000,0.2380952381,197.2800000000,203.7800000000,TAKE_PROFIT_BRACKET,31,122.5000000000,7.9636760000,0.6860000000,8.6496760000,113.8503240000,30.6250000000,1.9909190000,0.1715000000,2.1624190000,28.4625810000
NVDA,NVDA,QQQ,2025-10-30 13:46:00-04:00,2025-10-30 13:47:00-04:00,2025-10-30 15:11:00-04:00,SHORT,2.9584409184,203.9499000000,203.1527715785,630.7650000000,630.3059190294,203.1823646915,203.9499000000,203.9091100200,202.6999000000,202.7404399800,98,19983.0927819600,5.2500000000,1.2500000000,514.5000000000,122.5000000000,0.2380952381,209.1999000000,202.6999000000,TAKE_PROFIT_BRACKET,84,122.5000000000,7.9703360800,0.6860000000,8.6563360800,113.8436639200,30.6250000000,1.9925840200,0.1715000000,2.1640840200,28.4609159800
NVDA,NVDA,QQQ,2025-10-30 15:11:00-04:00,2025-10-30 15:12:00-04:00,2025-10-30 15:59:00-04:00,LONG,-2.8397378095,202.6899000000,203.2508536120,627.9200000000,630.1494787631,203.1070326688,202.6750000000,202.7155350000,202.7800000000,202.7394440000,98,19866.1224300000,5.2500000000,1.2500000000,514.5000000000,122.5000000000,0.2380952381,197.4250000000,203.9250000000,FORCED_EOD,47,10.2900000000,7.9469180000,0.6860000000,8.6329180000,1.6570820000,2.5725000000,1.9867295000,0.1715000000,2.1582295000,0.4142705000
NVDA,NVDA,QQQ,2025-10-31 11:20:00-04:00,2025-10-31 11:21:00-04:00,2025-10-31 15:59:00-04:00,LONG,-2.7322507000,205.4700000000,206.1225966139,633.4300000000,632.4815504226,206.6280162355,205.4700000000,205.5110940000,202.4100000000,202.3695180000,97,19934.5761180000,5.2500000000,1.2500000000,509.2500000000,121.2500000000,0.2380952381,200.2200000000,206.7200000000,FORCED_EOD,278,-296.8200000000,7.9128720000,0.6790000000,8.5918720000,-305.4118720000,-74.2050000000,1.9782180000,0.1697500000,2.1479680000,-76.3529680000
NVDA,NVDA,QQQ,2025-11-03 10:23:00-05:00,2025-11-03 10:24:00-05:00,2025-11-03 10:49:00-05:00,SHORT,2.6144716348,208.4101000000,208.0665760709,631.9600000000,633.4017155631,207.2687259490,208.4100000000,208.3683180000,207.1600000000,207.2014320000,95,19794.9902100000,5.2500000000,1.2500000000,498.7500000000,118.7500000000,0.2380952381,213.6600000000,207.1600000000,TAKE_PROFIT_BRACKET,25,118.7500000000,7.8958300000,0.6650000000,8.5608300000,110.1891700000,29.6875000000,1.9739575000,0.1662500000,2.1402075000,27.5472925000
NVDA,NVDA,QQQ,2025-11-03 11:55:00-05:00,2025-11-03 11:56:00-05:00,2025-11-03 14:28:00-05:00,SHORT,2.6300244516,208.8550000000,208.0359902050,631.6951000000,632.2856584471,207.7086444805,208.8515000000,208.8097297000,207.6015000000,207.6430203000,95,19836.9243215000,5.2500000000,1.2500000000,498.7500000000,118.7500000000,0.2380952381,214.1015000000,207.6015000000,TAKE_PROFIT_BRACKET,152,118.7500000000,7.9126070000,0.6650000000,8.5776070000,110.1723930000,29.6875000000,1.9781517500,0.1662500000,2.1444017500,27.5430982500
NVDA,NVDA,QQQ,2025-11-03 15:27:00-05:00,2025-11-03 15:28:00-05:00,2025-11-03 15:59:00-05:00,LONG,-2.5629658995,206.9593000000,208.7146778764,631.8900000000,632.3405541994,208.4641433169,206.9550000000,206.9963910000,207.0200000000,206.9785960000,96,19871.6535360000,5.2500000000,1.2500000000,504.0000000000,120.0000000000,0.2380952381,201.7050000000,208.2050000000,FORCED_EOD,31,6.2400000000,7.9483200000,0.6720000000,8.6203200000,-2.3803200000,1.5600000000,1.9870800000,0.1680000000,2.1550800000,-0.5950800000
NVDA,NVDA,QQQ,2025-11-04 12:31:00-05:00,2025-11-04 12:32:00-05:00,2025-11-04 13:30:00-05:00,SHORT,2.7561715159,201.0050000000,201.8453165286,622.2450000000,624.1374460389,200.4248563636,201.0100000000,200.9697980000,199.7600000000,199.7999520000,99,19896.0100020000,5.2500000000,1.2500000000,519.7500000000,123.7500000000,0.2380952381,206.2600000000,199.7600000000,TAKE_PROFIT_BRACKET,58,123.7500000000,7.9352460000,0.6930000000,8.6282460000,115.1217540000,30.9375000000,1.9838115000,0.1732500000,2.1570615000,28.7804385000
NVDA,NVDA,QQQ,2025-11-04 15:22:00-05:00,2025-11-04 15:23:00-05:00,2025-11-04 15:55:00-05:00,SHORT,2.5556722555,199.3150000000,201.1407799914,619.5600000000,622.8646798050,198.6639116128,199.3150000000,199.2751370000,198.0650000000,198.1046130000,100,19927.5137000000,5.2500000000,1.2500000000,525.0000000000,125.0000000000,0.2380952381,204.5650000000,198.0650000000,TAKE_PROFIT_BRACKET,32,125.0000000000,7.9476000000,0.7000000000,8.6476000000,116.3524000000,31.2500000000,1.9869000000,0.1750000000,2.1619000000,29.0881000000
NVDA,NVDA,QQQ,2025-11-05 10:48:00-05:00,2025-11-05 10:49:00-05:00,2025-11-05 15:05:00-05:00,SHORT,2.5159960751,201.6901000000,199.6833848855,622.7650000000,620.7109497151,201.0749710914,201.7000000000,201.6596600000,200.4500000000,200.4900900000,99,19964.3063400000,5.2500000000,1.2500000000,519.7500000000,123.7500000000,0.2380952381,206.9500000000,200.4500000000,TAKE_PROFIT_BRACKET,256,123.7500000000,7.9625700000,0.6930000000,8.6555700000,115.0944300000,30.9375000000,1.9906425000,0.1732500000,2.1638925000,28.7736075000
NVDA,NVDA,QQQ,2025-11-05 15:05:00-05:00,2025-11-05 15:06:00-05:00,2025-11-05 15:59:00-05:00,LONG,-3.1662019416,200.4300000000,200.7792265708,626.0600000000,622.7468594478,203.0287660102,200.4399000000,200.4799879800,195.1899000000,195.1508620200,99,19847.5188100200,5.2500000000,1.2500000000,519.7500000000,123.7500000000,0.2380952381,195.1899000000,201.6899000000,STOP,53,-519.7500000000,7.8334700400,0.6930000000,8.5264700400,-528.2764700400,-129.9375000000,1.9583675100,0.1732500000,2.1316175100,-132.0691175100
NVDA,NVDA,QQQ,2025-11-06 10:48:00-05:00,2025-11-06 10:49:00-05:00,2025-11-06 10:50:00-05:00,LONG,-3.0932192787,189.4995000000,193.5645066949,613.2218000000,617.6823997562,191.7028405233,189.4700000000,189.5078940000,190.7200000000,190.6818560000,105,19898.3288700000,5.2500000000,1.2500000000,551.2500000000,131.2500000000,0.2380952381,184.2200000000,190.7200000000,TAKE_PROFIT_BRACKET,1,131.2500000000,7.9839900000,0.7350000000,8.7189900000,122.5310100000,32.8125000000,1.9959975000,0.1837500000,2.1797475000,30.6327525000
NVDA,NVDA,QQQ,2025-11-06 11:39:00-05:00,2025-11-06 11:40:00-05:00,2025-11-06 13:36:00-05:00,LONG,-2.8776224351,188.5500000000,192.5731432327,611.6800000000,616.2343901122,190.6776245540,188.5300000000,188.5677060000,189.7800000000,189.7420440000,106,19988.1768360000,5.2500000000,1.2500000000,556.5000000000,132.5000000000,0.2380952381,183.2800000000,189.7800000000,TAKE_PROFIT_BRACKET,116,132.5000000000,8.0201720000,0.7420000000,8.7621720000,123.7378280000,33.1250000000,2.0050430000,0.1855000000,2.1905430000,30.9344570000
NVDA,NVDA,QQQ,2025-11-06 13:53:00-05:00,2025-11-06 13:54:00-05:00,2025-11-06 14:26:00-05:00,LONG,-2.5294490814,188.7800000000,190.8963267836,613.8600000000,614.7109125920,190.5443940589,188.7900000000,188.8277580000,190.0400000000,190.0019920000,105,19826.9145900000,5.2500000000,1.2500000000,551.2500000000,131.2500000000,0.2380952381,183.5400000000,190.0400000000,TAKE_PROFIT_BRACKET,32,131.2500000000,7.9554300000,0.7350000000,8.6904300000,122.5595700000,32.8125000000,1.9888575000,0.1837500000,2.1726075000,30.6398925000
NVDA,NVDA,QQQ,2025-11-06 15:41:00-05:00,2025-11-06 15:42:00-05:00,2025-11-06 15:59:00-05:00,LONG,-2.7807809260,188.6600000000,190.6703868542,613.3900000000,614.7154460048,190.1228426139,188.6600000000,188.6977320000,188.1700000000,188.1323660000,105,19813.2618600000,5.2500000000,1.2500000000,551.2500000000,131.2500000000,0.2380952381,183.4100000000,189.9100000000,FORCED_EOD,17,-51.4500000000,7.9134300000,0.7350000000,8.6484300000,-60.0984300000,-12.8625000000,1.9783575000,0.1837500000,2.1621075000,-15.0246075000
NVDA,NVDA,QQQ,2025-11-07 11:06:00-05:00,2025-11-07 11:07:00-05:00,2025-11-07 11:23:00-05:00,LONG,-3.4358641283,179.6000000000,182.5791669424,601.2200000000,604.6350037022,181.0189134449,179.6000000000,179.6359200000,180.8500000000,180.8138300000,111,19939.5871200000,5.2500000000,1.2500000000,582.7500000000,138.7500000000,0.2380952381,174.3500000000,180.8500000000,TAKE_PROFIT_BRACKET,16,138.7500000000,8.0019900000,0.7770000000,8.7789900000,129.9710100000,34.6875000000,2.0004975000,0.1942500000,2.1947475000,32.4927525000
NVDA,NVDA,QQQ,2025-11-07 15:26:00-05:00,2025-11-07 15:27:00-05:00,2025-11-07 15:33:00-05:00,LONG,-2.5451318178,185.7110000000,182.9919115762,606.5300000000,603.8141460336,184.2372318975,185.7450000000,185.7821490000,186.9950000000,186.9576010000,107,19878.6899430000,5.2500000000,1.2500000000,561.7500000000,133.7500000000,0.2380952381,180.4950000000,186.9950000000,TAKE_PROFIT_BRACKET,6,133.7500000000,7.9766360000,0.7490000000,8.7256360000,125.0243640000,33.4375000000,1.9941590000,0.1872500000,2.1814090000,31.2560910000
NVDA,NVDA,QQQ,2025-11-10 10:05:00-05:00,2025-11-10 10:06:00-05:00,2025-11-10 11:00:00-05:00,SHORT,2.6364434773,195.6800000000,194.8059705182,621.3900000000,620.5095076284,195.2497840496,195.6800000000,195.6408640000,194.4300000000,194.4688860000,102,19955.3681280000,5.2500000000,1.2500000000,535.5000000000,127.5000000000,0.2380952381,200.9300000000,194.4300000000,TAKE_PROFIT_BRACKET,54,127.5000000000,7.9582440000,0.7140000000,8.6722440000,118.8277560000,31.8750000000,1.9895610000,0.1785000000,2.1680610000,29.7069390000
NVDA,NVDA,QQQ,2025-11-10 13:46:00-05:00,2025-11-10 13:47:00-05:00,2025-11-10 15:59:00-05:00,SHORT,2.8677755820,197.7100000000,195.5023742575,622.1456000000,620.0593385889,196.5584829741,197.7000000000,197.6604600000,199.0300000000,199.0698060000,101,19963.7064600000,5.2500000000,1.2500000000,530.2500000000,126.2500000000,0.2380952381,202.9500000000,196.4500000000,FORCED_EOD,132,-134.3300000000,8.0139460000,0.7070000000,8.7209460000,-143.0509460000,-33.5825000000,2.0034865000,0.1767500000,2.1802365000,-35.7627365000
NVDA,NVDA,QQQ,2025-11-11 10:42:00-05:00,2025-11-11 10:43:00-05:00,2025-11-11 10:53:00-05:00,SHORT,2.8888379311,192.9000000000,193.4573726570,618.8641000000,620.0777017761,192.6991173714,192.9100000000,192.8714180000,191.6600000000,191.6983320000,103,19865.7560540000,5.2500000000,1.2500000000,540.7500000000,128.7500000000,0.2380952381,198.1600000000,191.6600000000,TAKE_PROFIT_BRACKET,10,128.7500000000,7.9221420000,0.7210000000,8.6431420000,120.1068580000,32.1875000000,1.9805355000,0.1802500000,2.1607855000,30.0267145000
NVDA,NVDA,QQQ,2025-11-11 11:47:00-05:00,2025-11-11 11:48:00-05:00,2025-11-11 12:53:00-05:00,LONG,-3.0144461654,192.1700000000,193.1399043286,618.8800000000,619.5596473289,192.7156047755,192.1699000000,192.2083339800,193.4199000000,193.3812160200,104,19989.6667339200,5.2500000000,1.2500000000,546.0000000000,130.0000000000,0.2380952381,186.9199000000,193.4199000000,TAKE_PROFIT_BRACKET,65,130.0000000000,8.0202678400,0.7280000000,8.7482678400,121.2517321600,32.5000000000,2.0050669600,0.1820000000,2.1870669600,30.3129330400
NVDA,NVDA,QQQ,2025-11-11 15:20:00-05:00,2025-11-11 15:21:00-05:00,2025-11-11 15:55:00-05:00,SHORT,2.5351247821,194.1000000000,193.2384077332,622.0400000000,620.2676686158,194.3441637366,194.1000000000,194.0611800000,192.8500000000,192.8885700000,103,19988.3015400000,5.2500000000,1.2500000000,540.7500000000,128.7500000000,0.2380952381,199.3500000000,192.8500000000,TAKE_PROFIT_BRACKET,34,128.7500000000,7.9711700000,0.7210000000,8.6921700000,120.0578300000,32.1875000000,1.9927925000,0.1802500000,2.1730425000,30.0144575000
NVDA,NVDA,QQQ,2025-11-12 11:55:00-05:00,2025-11-12 11:56:00-05:00,2025-11-12 13:40:00-05:00,LONG,-2.8717705185,191.9200000000,192.7747755927,618.8100000000,620.4044904381,191.7110981571,191.9100000000,191.9483820000,193.1600000000,193.1213680000,104,19962.6317280000,5.2500000000,1.2500000000,546.0000000000,130.0000000000,0.2380952381,186.6600000000,193.1600000000,TAKE_PROFIT_BRACKET,104,130.0000000000,8.0094560000,0.7280000000,8.7374560000,121.2625440000,32.5000000000,2.0023640000,0.1820000000,2.1843640000,30.3156360000
NVDA,NVDA,QQQ,2025-11-12 13:57:00-05:00,2025-11-12 13:58:00-05:00,2025-11-12 15:59:00-05:00,LONG,-2.5516472180,192.4650000000,192.6761404824,620.9800000000,620.3562944146,193.0920311086,192.4650000000,192.5034930000,193.7150000000,193.6762570000,103,19827.8597790000,5.2500000000,1.2500000000,540.7500000000,128.7500000000,0.2380952381,187.2150000000,193.7150000000,TAKE_PROFIT_BRACKET,121,128.7500000000,7.9553080000,0.7210000000,8.6763080000,120.0736920000,32.1875000000,1.9888270000,0.1802500000,2.1690770000,30.0184230000
NVDA,NVDA,QQQ,2025-11-13 10:46:00-05:00,2025-11-13 10:47:00-05:00,2025-11-13 11:07:00-05:00,SHORT,2.6469014799,186.7839000000,188.4868219111,612.1701000000,615.1129335865,186.3598325920,186.7800000000,186.7426440000,185.5300000000,185.5671060000,107,19981.4629080000,5.2500000000,1.2500000000,561.7500000000,133.7500000000,0.2380952381,192.0300000000,185.5300000000,TAKE_PROFIT_BRACKET,20,133.7500000000,7.9674340000,0.7490000000,8.7164340000,125.0335660000,33.4375000000,1.9918585000,0.1872500000,2.1791085000,31.2583915000
NVDA,NVDA,QQQ,2025-11-13 11:44:00-05:00,2025-11-13 11:45:00-05:00,2025-11-13 13:28:00-05:00,SHORT,2.6588520091,185.8250000000,187.6327129620,610.2900000000,613.6059284095,185.2410629373,185.8200000000,185.7828360000,184.5700000000,184.6069140000,107,19878.7634520000,5.2500000000,1.2500000000,561.7500000000,133.7500000000,0.2380952381,191.0700000000,184.5700000000,TAKE_PROFIT_BRACKET,103,133.7500000000,7.9263460000,0.7490000000,8.6753460000,125.0746540000,33.4375000000,1.9815865000,0.1872500000,2.1688365000,31.2686635000
NVDA,NVDA,QQQ,2025-11-13 14:38:00-05:00,2025-11-13 14:39:00-05:00,2025-11-13 15:59:00-05:00,SHORT,3.2524184203,185.9700000000,186.7071408273,608.0700000000,611.4853393070,184.2474404501,185.9825000000,185.9453035000,186.9637000000,187.0010927400,107,19896.1474745000,5.2500000000,1.2500000000,561.7500000000,133.7500000000,0.2380952381,191.2325000000,184.7325000000,FORCED_EOD,80,-104.9884000000,7.9810486800,0.7490000000,8.7300486800,-113.7184486800,-26.2471000000,1.9952621700,0.1872500000,2.1825121700,-28.4296121700
NVDA,NVDA,QQQ,2025-11-14 12:09:00-05:00,2025-11-14 12:10:00-05:00,2025-11-14 15:59:00-05:00,LONG,-2.5521917186,189.8800000000,186.8850821268,612.5699000000,605.9322045666,191.4956912088,189.8700000000,189.9079740000,190.2800000000,190.2419440000,105,19940.3372700000,5.2500000000,1.2500000000,551.2500000000,131.2500000000,0.2380952381,184.6200000000,191.1200000000,FORCED_EOD,229,43.0500000000,7.9831500000,0.7350000000,8.7181500000,34.3318500000,10.7625000000,1.9957875000,0.1837500000,2.1795375000,8.5829625000
NVDA,NVDA,QQQ,2025-11-17 11:12:00-05:00,2025-11-17 11:13:00-05:00,2025-11-17 14:03:00-05:00,SHORT,2.6694013799,186.4400000000,187.1665651745,606.2200000000,609.1739800127,185.0911598909,186.4600000000,186.4227080000,185.2100000000,185.2470420000,107,19947.2297560000,5.2500000000,1.2500000000,561.7500000000,133.7500000000,0.2380952381,191.7100000000,185.2100000000,TAKE_PROFIT_BRACKET,170,133.7500000000,7.9537380000,0.7490000000,8.7027380000,125.0472620000,33.4375000000,1.9884345000,0.1872500000,2.1756845000,31.2618155000
NVDA,NVDA,QQQ,2025-11-17 14:46:00-05:00,2025-11-17 14:47:00-05:00,2025-11-17 15:59:00-05:00,SHORT,2.5501502956,184.8006000000,186.8910058015,601.1600000000,607.6497724900,182.3267184968,184.8200000000,184.7830360000,186.5900000000,186.6273180000,108,19956.5678880000,5.2500000000,1.2500000000,567.0000000000,135.0000000000,0.2380952381,190.0700000000,183.5700000000,FORCED_EOD,72,-191.1600000000,8.0224560000,0.7560000000,8.7784560000,-199.9384560000,-47.7900000000,2.0056140000,0.1890000000,2.1946140000,-49.9846140000
NVDA,NVDA,QQQ,2025-11-18 10:03:00-05:00,2025-11-18 10:04:00-05:00,2025-11-18 15:59:00-05:00,SHORT,2.9770352298,180.3700000000,181.9896653262,593.4400000000,597.9473212250,179.3071987854,180.3650000000,180.3289270000,181.3700000000,181.4062740000,110,19836.1819700000,5.2500000000,1.2500000000,577.5000000000,137.5000000000,0.2380952381,185.6150000000,179.1150000000,FORCED_EOD,355,-110.5500000000,7.9581700000,0.7700000000,8.7281700000,-119.2781700000,-27.6375000000,1.9895425000,0.1925000000,2.1820425000,-29.8195425000
NVDA,NVDA,QQQ,2025-11-19 10:56:00-05:00,2025-11-19 10:57:00-05:00,2025-11-19 11:36:00-05:00,SHORT,2.5182392833,186.0200000000,186.2080726809,601.1300000000,602.7358608230,184.9928148104,186.0100000000,185.9727980000,184.7600000000,184.7969520000,107,19899.0893860000,5.2500000000,1.2500000000,561.7500000000,133.7500000000,0.2380952381,191.2600000000,184.7600000000,TAKE_PROFIT_BRACKET,39,133.7500000000,7.9344780000,0.7490000000,8.6834780000,125.0665220000,33.4375000000,1.9836195000,0.1872500000,2.1708695000,31.2666305000
NVDA,NVDA,QQQ,2025-11-19 11:59:00-05:00,2025-11-19 12:00:00-05:00,2025-11-19 15:16:00-05:00,LONG,-2.6746078600,185.1450000000,185.9874798748,599.6000000000,601.6720164219,184.4185405248,185.1400000000,185.1770280000,186.3900000000,186.3527220000,108,19999.1190240000,5.2500000000,1.2500000000,567.0000000000,135.0000000000,0.2380952381,179.8900000000,186.3900000000,TAKE_PROFIT_BRACKET,196,135.0000000000,8.0250480000,0.7560000000,8.7810480000,126.2189520000,33.7500000000,2.0062620000,0.1890000000,2.1952620000,31.5547380000
NVDA,NVDA,QQQ,2025-11-19 15:18:00-05:00,2025-11-19 15:19:00-05:00,2025-11-19 15:59:00-05:00,LONG,-2.6595848761,186.8265000000,185.4738340160,601.0200000000,599.9673036280,186.2709972459,186.8230000000,186.8603646000,186.7750000000,186.7376450000,107,19994.0590122000,5.2500000000,1.2500000000,561.7500000000,133.7500000000,0.2380952381,181.5730000000,188.0730000000,FORCED_EOD,40,-5.1360000000,7.9949972000,0.7490000000,8.7439972000,-13.8799972000,-1.2840000000,1.9987493000,0.1872500000,2.1859993000,-3.4699993000
NVDA,NVDA,QQQ,2025-11-20 13:06:00-05:00,2025-11-20 13:07:00-05:00,2025-11-20 15:59:00-05:00,LONG,-2.6975548944,185.0400000000,189.8582289510,594.3100000000,602.4774061173,182.8461878877,185.0400000000,185.0770080000,180.9100000000,180.8738180000,108,19988.3168640000,5.2500000000,1.2500000000,567.0000000000,135.0000000000,0.2380952381,179.7900000000,186.2900000000,FORCED_EOD,172,-446.0400000000,7.9045200000,0.7560000000,8.6605200000,-454.7005200000,-111.5100000000,1.9761300000,0.1890000000,2.1651300000,-113.6751300000
NVDA,NVDA,QQQ,2025-11-21 12:00:00-05:00,2025-11-21 12:01:00-05:00,2025-11-21 12:34:00-05:00,LONG,-2.8876119281,180.4400000000,177.6293949187,591.0401000000,585.9846992323,181.1319634555,180.4400000000,180.4760880000,181.6900000000,181.6536620000,110,19852.3696800000,5.2500000000,1.2500000000,577.5000000000,137.5000000000,0.2380952381,175.1900000000,181.6900000000,TAKE_PROFIT_BRACKET,33,137.5000000000,7.9668600000,0.7700000000,8.7368600000,128.7631400000,34.3750000000,1.9917150000,0.1925000000,2.1842150000,32.1907850000
NVDA,NVDA,QQQ,2025-11-21 13:36:00-05:00,2025-11-21 13:37:00-05:00,2025-11-21 13:48:00-05:00,LONG,-2.8032813714,180.2100000000,178.2378082687,591.1100000000,587.0022456794,181.0886100626,180.2200000000,180.2560440000,181.4700000000,181.4337060000,110,19828.1648400000,5.2500000000,1.2500000000,577.5000000000,137.5000000000,0.2380952381,174.9700000000,181.4700000000,TAKE_PROFIT_BRACKET,11,137.5000000000,7.9571800000,0.7700000000,8.7271800000,128.7728200000,34.3750000000,1.9892950000,0.1925000000,2.1817950000,32.1932050000
NVDA,NVDA,QQQ,2025-11-21 14:12:00-05:00,2025-11-21 14:13:00-05:00,2025-11-21 14:24:00-05:00,LONG,-2.5412082973,182.6390000000,178.7931486966,595.5400000000,587.7430310580,184.2143018975,182.6300000000,182.6665260000,183.8800000000,183.8432240000,109,19910.6513340000,5.2500000000,1.2500000000,572.2500000000,136.2500000000,0.2380952381,177.3800000000,183.8800000000,TAKE_PROFIT_BRACKET,11,136.2500000000,7.9899180000,0.7630000000,8.7529180000,127.4970820000,34.0625000000,1.9974795000,0.1907500000,2.1882295000,31.8742705000
NVDA,NVDA,QQQ,2025-11-21 15:55:00-05:00,2025-11-21 15:56:00-05:00,2025-11-21 15:59:00-05:00,SHORT,2.5408259466,178.9100000000,179.3459394106,589.6650000000,588.9785099655,179.8237203590,178.9000000000,178.8642200000,178.9400000000,178.9757880000,111,19853.9284200000,5.2500000000,1.2500000000,582.7500000000,138.7500000000,0.2380952381,184.1500000000,177.6500000000,FORCED_EOD,3,-4.4400000000,7.9440480000,0.7770000000,8.7210480000,-13.1610480000,-1.1100000000,1.9860120000,0.1942500000,2.1802620000,-3.2902620000
NVDA,NVDA,QQQ,2025-11-24 11:08:00-05:00,2025-11-24 11:09:00-05:00,2025-11-24 15:59:00-05:00,SHORT,3.1260773684,180.0850000000,178.7108060610,603.0550000000,599.6689640832,180.1506329691,180.0841000000,180.0480831800,182.5500000000,182.5865100000,111,19985.3372329800,5.2500000000,1.2500000000,582.7500000000,138.7500000000,0.2380952381,185.3341000000,178.8341000000,FORCED_EOD,290,-273.7149000000,8.0504770200,0.7770000000,8.8274770200,-282.5423770200,-68.4287250000,2.0126192550,0.1942500000,2.2068692550,-70.6355942550
NVDA,NVDA,QQQ,2025-11-25 10:02:00-05:00,2025-11-25 10:03:00-05:00,2025-11-25 10:20:00-05:00,LONG,-2.5594071747,170.3000000000,172.4215909864,599.8499000000,601.1263820420,171.9922930294,170.3000000000,170.3340600000,171.5500000000,171.5156900000,117,19929.0850200000,5.2500000000,1.2500000000,614.2500000000,146.2500000000,0.2380952381,165.0500000000,171.5500000000,TAKE_PROFIT_BRACKET,17,146.2500000000,7.9992900000,0.8190000000,8.8182900000,137.4317100000,36.5625000000,1.9998225000,0.2047500000,2.2045725000,34.3579275000
NVDA,NVDA,QQQ,2025-11-25 11:27:00-05:00,2025-11-25 11:28:00-05:00,2025-11-25 15:59:00-05:00,SHORT,2.6366317673,174.6350000000,172.0683489869,603.4300000000,601.4009091353,172.7490504118,174.6350000000,174.6000730000,177.7900000000,177.8255580000,114,19904.4083220000,5.2500000000,1.2500000000,598.5000000000,142.5000000000,0.2380952381,179.8850000000,173.3850000000,FORCED_EOD,271,-359.6700000000,8.0352900000,0.7980000000,8.8332900000,-368.5032900000,-89.9175000000,2.0088225000,0.1995000000,2.2083225000,-92.1258225000
NVDA,NVDA,QQQ,2025-11-26 13:32:00-05:00,2025-11-26 13:33:00-05:00,2025-11-26 15:59:00-05:00,LONG,-2.7495839248,180.3001000000,180.6597853922,614.8250000000,613.7132429229,180.9929904488,180.3000000000,180.3360600000,180.1750000000,180.1389650000,110,19836.9666000000,5.2500000000,1.2500000000,577.5000000000,137.5000000000,0.2380952381,175.0500000000,181.5500000000,FORCED_EOD,146,-13.7500000000,7.9304500000,0.7700000000,8.7004500000,-22.4504500000,-3.4375000000,1.9826125000,0.1925000000,2.1751125000,-5.6126125000
NVDA,NVDA,QQQ,2025-11-28 12:21:00-05:00,2025-11-28 12:22:00-05:00,2025-11-28 12:59:00-05:00,SHORT,2.6083520141,177.2750000000,177.6604088745,617.6900000000,616.9107721891,177.8929327905,177.2750000000,177.2395450000,176.9900000000,177.0253980000,112,19850.8290400000,5.2500000000,1.2500000000,588.0000000000,140.0000000000,0.2380952381,182.5250000000,176.0250000000,FORCED_EOD,37,31.9200000000,7.9355360000,0.7840000000,8.7195360000,23.2004640000,7.9800000000,1.9838840000,0.1960000000,2.1798840000,5.8001160000
NVDA,NVDA,QQQ,2025-12-01 13:02:00-05:00,2025-12-01 13:03:00-05:00,2025-12-01 15:59:00-05:00,LONG,-2.7778917068,179.4100000000,178.4130860082,618.7205000000,616.1286477624,179.8095958739,179.4100000000,179.4458820000,179.9300000000,179.8940140000,111,19918.4929020000,5.2500000000,1.2500000000,582.7500000000,138.7500000000,0.2380952381,174.1600000000,180.6600000000,FORCED_EOD,176,57.7200000000,7.9773480000,0.7770000000,8.7543480000,48.9656520000,14.4300000000,1.9943370000,0.1942500000,2.1885870000,12.2414130000
NVDA,NVDA,QQQ,2025-12-02 10:10:00-05:00,2025-12-02 10:11:00-05:00,2025-12-02 15:59:00-05:00,LONG,-2.6072683860,184.0600000000,184.5455743766,622.6600000000,621.6458884894,184.7041071451,184.0618000000,184.0986123600,181.3100000000,181.2737380000,108,19882.6501348800,5.2500000000,1.2500000000,567.0000000000,135.0000000000,0.2380952381,178.8118000000,185.3118000000,FORCED_EOD,348,-297.1944000000,7.8920308800,0.7560000000,8.6480308800,-305.8424308800,-74.2986000000,1.9730077200,0.1890000000,2.1620077200,-76.4606077200
NVDA,NVDA,QQQ,2025-12-03 10:03:00-05:00,2025-12-03 10:04:00-05:00,2025-12-03 15:34:00-05:00,SHORT,3.0991756563,180.9150000000,180.0138089748,621.3200000000,619.5201899844,180.1184030338,180.9200000000,180.8838160000,179.6700000000,179.7059340000,110,19897.2197600000,5.2500000000,1.2500000000,577.5000000000,137.5000000000,0.2380952381,186.1700000000,179.6700000000,TAKE_PROFIT_BRACKET,330,137.5000000000,7.9329800000,0.7700000000,8.7029800000,128.7970200000,34.3750000000,1.9832450000,0.1925000000,2.1757450000,32.1992550000
NVDA,NVDA,QQQ,2025-12-04 13:05:00-05:00,2025-12-04 13:06:00-05:00,2025-12-04 15:59:00-05:00,LONG,-2.6160323056,183.1300000000,182.2796832721,622.1200000000,622.0622509090,182.2830676556,183.1300000000,183.1666260000,183.4000000000,183.3633200000,109,19965.1622340000,5.2500000000,1.2500000000,572.2500000000,136.2500000000,0.2380952381,177.8800000000,184.3800000000,FORCED_EOD,173,29.4300000000,7.9903540000,0.7630000000,8.7533540000,20.6766460000,7.3575000000,1.9975885000,0.1907500000,2.1883385000,5.1691615000
NVDA,NVDA,QQQ,2025-12-05 13:50:00-05:00,2025-12-05 13:51:00-05:00,2025-12-05 15:59:00-05:00,LONG,-2.9004843033,181.7897000000,182.3093917503,625.5900000000,626.0711557923,182.2813696256,181.7845000000,181.8208569000,182.3500000000,182.3135300000,109,19818.4734021000,5.2500000000,1.2500000000,572.2500000000,136.2500000000,0.2380952381,176.5345000000,183.0345000000,FORCED_EOD,128,61.6395000000,7.9381321000,0.7630000000,8.7011321000,52.9383679000,15.4098750000,1.9845330250,0.1907500000,2.1752830250,13.2345919750
NVDA,NVDA,QQQ,2025-12-08 12:02:00-05:00,2025-12-08 12:03:00-05:00,2025-12-08 12:56:00-05:00,LONG,-2.5049928224,183.0150000000,183.8862062833,622.7440000000,625.4221984335,183.7287178696,183.0100000000,183.0466020000,184.2600000000,184.2231480000,109,19952.0796180000,5.2500000000,1.2500000000,572.2500000000,136.2500000000,0.2380952381,177.7600000000,184.2600000000,TAKE_PROFIT_BRACKET,53,136.2500000000,8.0064860000,0.7630000000,8.7694860000,127.4805140000,34.0625000000,2.0016215000,0.1907500000,2.1923715000,31.8701285000
NVDA,NVDA,QQQ,2025-12-08 12:56:00-05:00,2025-12-08 12:57:00-05:00,2025-12-08 15:59:00-05:00,SHORT,5.9100427418,184.5600000000,183.8208851945,624.1200000000,625.1005312150,183.7632169934,184.5750000000,184.5380850000,185.5800000000,185.6171160000,108,19930.1131800000,5.2500000000,1.2500000000,567.0000000000,135.0000000000,0.2380952381,189.8250000000,183.3250000000,FORCED_EOD,182,-108.5400000000,7.9953480000,0.7560000000,8.7513480000,-117.2913480000,-27.1350000000,1.9988370000,0.1890000000,2.1878370000,-29.3228370000
NVDA,NVDA,QQQ,2025-12-09 10:51:00-05:00,2025-12-09 10:52:00-05:00,2025-12-09 15:01:00-05:00,SHORT,2.5218592983,185.3000000000,184.4834638370,624.4690000000,623.2331539048,184.5566284839,185.3000000000,185.2629400000,184.0500000000,184.0868100000,107,19823.1345800000,5.2500000000,1.2500000000,561.7500000000,133.7500000000,0.2380952381,190.5500000000,184.0500000000,TAKE_PROFIT_BRACKET,249,133.7500000000,7.9040900000,0.7490000000,8.6530900000,125.0969100000,33.4375000000,1.9760225000,0.1872500000,2.1632725000,31.2742275000
NVDA,NVDA,QQQ,2025-12-09 15:01:00-05:00,2025-12-09 15:02:00-05:00,2025-12-09 15:59:00-05:00,LONG,-2.7488751049,184.0872000000,184.6573893448,625.0100000000,624.4476845530,184.6906461588,184.0801000000,184.1169160200,184.9700000000,184.9330060000,108,19884.6269301600,5.2500000000,1.2500000000,567.0000000000,135.0000000000,0.2380952381,178.8301000000,185.3301000000,FORCED_EOD,57,96.1092000000,7.9714821600,0.7560000000,8.7274821600,87.3817178400,24.0273000000,1.9928705400,0.1890000000,2.1818705400,21.8454294600
NVDA,NVDA,QQQ,2025-12-10 10:36:00-05:00,2025-12-10 10:37:00-05:00,2025-12-10 14:58:00-05:00,LONG,-2.9343913501,183.0950000000,184.3457714804,622.3100000000,623.3611183296,184.2836023095,183.0900000000,183.1266180000,184.3400000000,184.3031320000,109,19960.8013620000,5.2500000000,1.2500000000,572.2500000000,136.2500000000,0.2380952381,177.8400000000,184.3400000000,TAKE_PROFIT_BRACKET,261,136.2500000000,8.0099740000,0.7630000000,8.7729740000,127.4770260000,34.0625000000,2.0024935000,0.1907500000,2.1932435000,31.8692565000
NVDA,NVDA,QQQ,2025-12-10 14:58:00-05:00,2025-12-10 14:59:00-05:00,2025-12-10 15:59:00-05:00,SHORT,2.8291233441,184.3750000000,183.3706681820,628.2000000000,624.1065980656,183.6112071702,184.3900000000,184.3531220000,183.7400000000,183.7767480000,108,19910.1371760000,5.2500000000,1.2500000000,567.0000000000,135.0000000000,0.2380952381,189.6400000000,183.1400000000,FORCED_EOD,60,70.2000000000,7.9516080000,0.7560000000,8.7076080000,61.4923920000,17.5500000000,1.9879020000,0.1890000000,2.1769020000,15.3730980000
NVDA,NVDA,QQQ,2025-12-11 11:41:00-05:00,2025-12-11 11:42:00-05:00,2025-12-11 15:59:00-05:00,SHORT,2.5735947822,177.6900000000,177.9341297504,621.8532000000,621.0210144557,177.9818170934,177.6960000000,177.6604608000,180.9355000000,180.9716871000,112,19897.9716096000,5.2500000000,1.2500000000,588.0000000000,140.0000000000,0.2380952381,182.9460000000,176.4460000000,FORCED_EOD,257,-362.8240000000,8.0333456000,0.7840000000,8.8173456000,-371.6413456000,-90.7060000000,2.0083364000,0.1960000000,2.2043364000,-92.9103364000
NVDA,NVDA,QQQ,2025-12-12 10:58:00-05:00,2025-12-12 10:59:00-05:00,2025-12-12 15:59:00-05:00,LONG,-4.3986168076,177.6500000000,180.4855615962,614.1300000000,619.5058659262,180.1723228574,177.6300000000,177.6655260000,174.9900000000,174.9550020000,112,19898.5389120000,5.2500000000,1.2500000000,588.0000000000,140.0000000000,0.2380952381,172.3800000000,178.8800000000,FORCED_EOD,300,-295.6800000000,7.8986880000,0.7840000000,8.6826880000,-304.3626880000,-73.9200000000,1.9746720000,0.1960000000,2.1706720000,-76.0906720000
NVDA,NVDA,QQQ,2025-12-15 11:45:00-05:00,2025-12-15 11:46:00-05:00,2025-12-15 14:46:00-05:00,SHORT,2.6221601795,177.5900000000,177.1021726631,611.9200000000,613.4918873549,176.4725475703,177.5950000000,177.5594810000,176.3450000000,176.3802690000,112,19886.6618720000,5.2500000000,1.2500000000,588.0000000000,140.0000000000,0.2380952381,182.8450000000,176.3450000000,TAKE_PROFIT_BRACKET,180,140.0000000000,7.9282560000,0.7840000000,8.7122560000,131.2877440000,35.0000000000,1.9820640000,0.1960000000,2.1780640000,32.8219360000
NVDA,NVDA,QQQ,2025-12-15 15:04:00-05:00,2025-12-15 15:05:00-05:00,2025-12-15 15:59:00-05:00,LONG,-2.5061258857,176.2100000000,177.1457483429,611.5582000000,612.9186926376,176.6001543181,176.2050000000,176.2402410000,176.2800000000,176.2447440000,113,19915.1472330000,5.2500000000,1.2500000000,593.2500000000,141.2500000000,0.2380952381,170.9550000000,177.4550000000,FORCED_EOD,54,8.4750000000,7.9661610000,0.7910000000,8.7571610000,-0.2821610000,2.1187500000,1.9915402500,0.1977500000,2.1892902500,-0.0705402500
NVDA,NVDA,QQQ,2025-12-16 12:37:00-05:00,2025-12-16 12:38:00-05:00,2025-12-16 15:59:00-05:00,SHORT,2.7682602946,176.7500000000,176.4116772872,609.4000000000,609.6865254311,176.3128516565,176.7416000000,176.7062516800,177.5150000000,177.5505030000,113,19967.8064398400,5.2500000000,1.2500000000,593.2500000000,141.2500000000,0.2380952381,181.9916000000,175.4916000000,FORCED_EOD,201,-87.3942000000,8.0061991600,0.7910000000,8.7971991600,-96.1913991600,-21.8485500000,2.0015497900,0.1977500000,2.1992997900,-24.0478497900
NVDA,NVDA,QQQ,2025-12-17 10:57:00-05:00,2025-12-17 10:58:00-05:00,2025-12-17 13:06:00-05:00,LONG,-3.9286489809,171.3228000000,173.7734449919,604.3100000000,609.2986832570,171.8188352791,171.3250000000,171.3592650000,172.5750000000,172.5404850000,116,19877.6747400000,5.2500000000,1.2500000000,609.0000000000,145.0000000000,0.2380952381,166.0750000000,172.5750000000,TAKE_PROFIT_BRACKET,128,145.0000000000,7.9784800000,0.8120000000,8.7904800000,136.2095200000,36.2500000000,1.9946200000,0.2030000000,2.1976200000,34.0523800000
NVDA,NVDA,QQQ,2025-12-17 14:18:00-05:00,2025-12-17 14:19:00-05:00,2025-12-17 15:59:00-05:00,LONG,-2.5062214116,171.0400000000,172.4879335425,601.9800000000,605.9311558247,170.9427483277,171.0350000000,171.0692070000,170.9200000000,170.8858160000,116,19844.0280120000,5.2500000000,1.2500000000,609.0000000000,145.0000000000,0.2380952381,165.7850000000,172.2850000000,FORCED_EOD,100,-13.3400000000,7.9333560000,0.8120000000,8.7453560000,-22.0853560000,-3.3350000000,1.9833390000,0.2030000000,2.1863390000,-5.5213390000
NVDA,NVDA,QQQ,2025-12-18 11:07:00-05:00,2025-12-18 11:08:00-05:00,2025-12-18 15:59:00-05:00,LONG,-2.9121707602,175.2900000000,174.1163535722,612.4500000000,609.8378406978,175.5708821857,175.3000000000,175.3350600000,174.0100000000,173.9751980000,114,19988.1968400000,5.2500000000,1.2500000000,598.5000000000,142.5000000000,0.2380952381,170.0500000000,176.5500000000,FORCED_EOD,291,-147.0600000000,7.9642680000,0.7980000000,8.7622680000,-155.8222680000,-36.7650000000,1.9910670000,0.1995000000,2.1905670000,-38.9555670000
NVDA,NVDA,QQQ,2025-12-19 11:39:00-05:00,2025-12-19 11:40:00-05:00,2025-12-19 15:59:00-05:00,SHORT,2.8417917545,180.0300000000,178.5890623113,616.2900000000,615.3466227950,179.0434892903,180.0350000000,179.9989930000,180.9900000000,181.0261980000,111,19979.8882230000,5.2500000000,1.2500000000,582.7500000000,138.7500000000,0.2380952381,185.2850000000,178.7850000000,FORCED_EOD,259,-106.0050000000,8.0147550000,0.7770000000,8.7917550000,-114.7967550000,-26.5012500000,2.0036887500,0.1942500000,2.1979387500,-28.6991887500
NVDA,NVDA,QQQ,2025-12-22 10:56:00-05:00,2025-12-22 10:57:00-05:00,2025-12-22 15:59:00-05:00,SHORT,2.5568104120,183.8677000000,183.2449877914,619.1200000000,619.5957563423,182.9818736805,183.8601000000,183.8233279800,183.6000000000,183.6367200000,108,19852.9194218400,5.2500000000,1.2500000000,567.0000000000,135.0000000000,0.2380952381,189.1101000000,182.6101000000,FORCED_EOD,302,28.0908000000,7.9371381600,0.7560000000,8.6931381600,19.3976618400,7.0227000000,1.9842845400,0.1890000000,2.1732845400,4.8494154600
NVDA,NVDA,QQQ,2025-12-23 10:06:00-05:00,2025-12-23 10:07:00-05:00,2025-12-23 15:59:00-05:00,SHORT,2.6774941539,184.1300000000,184.1267222641,618.1000000000,619.6136727546,183.2248675962,184.1250000000,184.0881750000,189.2200000000,189.2578440000,108,19881.5229000000,5.2500000000,1.2500000000,567.0000000000,135.0000000000,0.2380952381,189.3750000000,182.8750000000,FORCED_EOD,352,-550.2600000000,8.0642520000,0.7560000000,8.8202520000,-559.0802520000,-137.5650000000,2.0160630000,0.1890000000,2.2050630000,-139.7700630000
NVDA,NVDA,QQQ,2025-12-24 10:24:00-05:00,2025-12-24 10:25:00-05:00,2025-12-24 11:31:00-05:00,LONG,-2.8460725317,186.8551000000,187.8878249783,622.3150000000,622.3482454817,187.8673274807,186.8600000000,186.8973720000,188.1100000000,188.0723780000,107,19998.0188040000,5.2500000000,1.2500000000,561.7500000000,133.7500000000,0.2380952381,181.6100000000,188.1100000000,TAKE_PROFIT_BRACKET,66,133.7500000000,8.0243580000,0.7490000000,8.7733580000,124.9766420000,33.4375000000,2.0060895000,0.1872500000,2.1933395000,31.2441605000
NVDA,NVDA,QQQ,2025-12-24 12:48:00-05:00,2025-12-24 12:49:00-05:00,2025-12-24 12:59:00-05:00,SHORT,2.6261218433,188.3900000000,187.8270616342,623.9600000000,623.0184902301,188.4067373478,188.3900000000,188.3523220000,188.6200000000,188.6577240000,106,19965.3461320000,5.2500000000,1.2500000000,556.5000000000,132.5000000000,0.2380952381,193.6400000000,187.1400000000,FORCED_EOD,10,-24.3800000000,7.9926120000,0.7420000000,8.7346120000,-33.1146120000,-6.0950000000,1.9981530000,0.1855000000,2.1836530000,-8.2786530000
NVDA,NVDA,QQQ,2025-12-26 10:11:00-05:00,2025-12-26 10:12:00-05:00,2025-12-26 10:28:00-05:00,LONG,-2.5472364880,190.3556000000,191.3008001320,623.3600000000,624.5152156344,190.7414867952,190.3600000000,190.3980720000,191.6100000000,191.5716780000,105,19991.7975600000,5.2500000000,1.2500000000,551.2500000000,131.2500000000,0.2380952381,185.1100000000,191.6100000000,TAKE_PROFIT_BRACKET,16,131.2500000000,8.0213700000,0.7350000000,8.7563700000,122.4936300000,32.8125000000,2.0053425000,0.1837500000,2.1890925000,30.6234075000
NVDA,NVDA,QQQ,2025-12-26 12:57:00-05:00,2025-12-26 12:58:00-05:00,2025-12-26 15:59:00-05:00,SHORT,2.6394845439,191.1850000000,191.2527283239,624.0900000000,624.2968119481,191.1525876516,191.1800000000,191.1417640000,189.9300000000,189.9679860000,104,19878.7434560000,5.2500000000,1.2500000000,546.0000000000,130.0000000000,0.2380952381,196.4300000000,189.9300000000,TAKE_PROFIT_BRACKET,181,130.0000000000,7.9270880000,0.7280000000,8.6550880000,121.3449120000,32.5000000000,1.9817720000,0.1820000000,2.1637720000,30.3362280000
NVDA,NVDA,QQQ,2025-12-29 12:46:00-05:00,2025-12-29 12:47:00-05:00,2025-12-29 15:58:00-05:00,LONG,-2.5555192711,187.0950000000,187.1052177220,619.6061000000,620.3785602950,186.4815441691,187.1000000000,187.1374200000,188.3500000000,188.3123300000,106,19836.5665200000,5.2500000000,1.2500000000,556.5000000000,132.5000000000,0.2380952381,181.8500000000,188.3500000000,TAKE_PROFIT_BRACKET,191,132.5000000000,7.9595400000,0.7420000000,8.7015400000,123.7984600000,33.1250000000,1.9898850000,0.1855000000,2.1753850000,30.9496150000
NVDA,NVDA,QQQ,2025-12-30 14:04:00-05:00,2025-12-30 14:05:00-05:00,2025-12-30 15:59:00-05:00,SHORT,3.1472354661,188.0700000000,187.7966217956,620.4350000000,620.6651405445,187.5589703583,188.0700000000,188.0323860000,187.5500000000,187.5875100000,106,19931.4329160000,5.2500000000,1.2500000000,556.5000000000,132.5000000000,0.2380952381,193.3200000000,186.8200000000,FORCED_EOD,114,55.1200000000,7.9631440000,0.7420000000,8.7051440000,46.4148560000,13.7800000000,1.9907860000,0.1855000000,2.1762860000,11.6037140000
NVDA,NVDA,QQQ,2025-12-31 11:29:00-05:00,2025-12-31 11:30:00-05:00,2025-12-31 15:59:00-05:00,LONG,-2.6690646324,188.8460000000,188.9061319078,617.7200000000,617.8012415489,188.8216434581,188.8500000000,188.8877700000,186.4900000000,186.4527020000,105,19833.2158500000,5.2500000000,1.2500000000,551.2500000000,131.2500000000,0.2380952381,183.6000000000,190.1000000000,FORCED_EOD,269,-247.8000000000,7.8821400000,0.7350000000,8.6171400000,-256.4171400000,-61.9500000000,1.9705350000,0.1837500000,2.1542850000,-64.1042850000
NVDA,NVDA,QQQ,2026-01-02 10:57:00-05:00,2026-01-02 10:58:00-05:00,2026-01-02 15:59:00-05:00,LONG,-2.8648440145,189.2600000000,191.1836499292,613.0600000000,618.3319594280,189.7013780161,189.2600000000,189.2978520000,188.8099000000,188.7721380200,105,19876.2744600000,5.2500000000,1.2500000000,551.2500000000,131.2500000000,0.2380952381,184.0100000000,190.5100000000,FORCED_EOD,301,-47.2605000000,7.9394679000,0.7350000000,8.6744679000,-55.9349679000,-11.8151250000,1.9848669750,0.1837500000,2.1686169750,-13.9837419750
NVDA,NVDA,QQQ,2026-01-05 11:00:00-05:00,2026-01-05 11:01:00-05:00,2026-01-05 12:01:00-05:00,SHORT,2.5081956658,190.1200000000,190.6900007601,619.5200000000,618.7981286087,191.2040915881,190.1200000000,190.0819760000,188.8700000000,188.9077740000,105,19958.6074800000,5.2500000000,1.2500000000,551.2500000000,131.2500000000,0.2380952381,195.3700000000,188.8700000000,TAKE_PROFIT_BRACKET,60,131.2500000000,7.9587900000,0.7350000000,8.6937900000,122.5562100000,32.8125000000,1.9896975000,0.1837500000,2.1734475000,30.6390525000
NVDA,NVDA,QQQ,2026-01-05 12:01:00-05:00,2026-01-05 12:02:00-05:00,2026-01-05 15:59:00-05:00,LONG,-3.8728112324,188.7300000000,190.5292281806,619.7100000000,619.1591227444,190.9209838317,188.7250000000,188.7627450000,188.1100000000,188.0723780000,105,19820.0882250000,5.2500000000,1.2500000000,551.2500000000,131.2500000000,0.2380952381,183.4750000000,189.9750000000,FORCED_EOD,237,-64.5750000000,7.9135350000,0.7350000000,8.6485350000,-73.2235350000,-16.1437500000,1.9783837500,0.1837500000,2.1621337500,-18.3058837500
NVDA,NVDA,QQQ,2026-01-06 13:34:00-05:00,2026-01-06 13:35:00-05:00,2026-01-06 15:59:00-05:00,LONG,-2.5064572702,187.5699000000,189.8495519251,622.0100000000,621.0640358298,189.9199238864,187.5500000000,187.5875100000,187.2700000000,187.2325460000,106,19884.2760600000,5.2500000000,1.2500000000,556.5000000000,132.5000000000,0.2380952381,182.3000000000,188.8000000000,FORCED_EOD,144,-29.6800000000,7.9461840000,0.7420000000,8.6881840000,-38.3681840000,-7.4200000000,1.9865460000,0.1855000000,2.1720460000,-9.5920460000
NVDA,NVDA,QQQ,2026-01-07 10:38:00-05:00,2026-01-07 10:39:00-05:00,2026-01-07 10:48:00-05:00,LONG,-3.0673896029,189.0300000000,189.4748116773,624.0500000000,624.2245938044,189.4642125664,189.0100000000,189.0478020000,190.2600000000,190.2219480000,105,19850.0192100000,5.2500000000,1.2500000000,551.2500000000,131.2500000000,0.2380952381,183.7600000000,190.2600000000,TAKE_PROFIT_BRACKET,9,131.2500000000,7.9646700000,0.7350000000,8.6996700000,122.5503300000,32.8125000000,1.9911675000,0.1837500000,2.1749175000,30.6375825000
NVDA,NVDA,QQQ,2026-01-07 14:26:00-05:00,2026-01-07 14:27:00-05:00,2026-01-07 15:59:00-05:00,LONG,-2.5105333747,189.2450000000,189.6618547582,625.5300000000,625.6601376812,189.6539648024,189.2450000000,189.2828490000,189.2400000000,189.2021520000,105,19874.6991450000,5.2500000000,1.2500000000,551.2500000000,131.2500000000,0.2380952381,183.9950000000,190.4950000000,FORCED_EOD,92,-0.5250000000,7.9481850000,0.7350000000,8.6831850000,-9.2081850000,-0.1312500000,1.9870462500,0.1837500000,2.1707962500,-2.3020462500
NVDA,NVDA,QQQ,2026-01-08 12:02:00-05:00,2026-01-08 12:03:00-05:00,2026-01-08 15:59:00-05:00,LONG,-2.5084275575,184.3800000000,186.0658618703,619.6300000000,619.9361096958,186.0474868915,184.3810000000,184.4178762000,185.0900000000,185.0529820000,108,19917.1306296000,5.2500000000,1.2500000000,567.0000000000,135.0000000000,0.2380952381,179.1310000000,185.6310000000,FORCED_EOD,236,76.5720000000,7.9805736000,0.7560000000,8.7365736000,67.8354264000,19.1430000000,1.9951434000,0.1890000000,2.1841434000,16.9588566000
NVDA,NVDA,QQQ,2026-01-09 12:15:00-05:00,2026-01-09 12:16:00-05:00,2026-01-09 14:10:00-05:00,LONG,-2.6622499599,184.9850000000,184.8996581532,625.9100000000,623.1726806256,185.1949532499,184.9800000000,185.0169960000,186.2300000000,186.1927540000,108,19981.8355680000,5.2500000000,1.2500000000,567.0000000000,135.0000000000,0.2380952381,179.7300000000,186.2300000000,TAKE_PROFIT_BRACKET,114,135.0000000000,8.0181360000,0.7560000000,8.7741360000,126.2258640000,33.7500000000,2.0045340000,0.1890000000,2.1935340000,31.5564660000
NVDA,NVDA,QQQ,2026-01-09 14:10:00-05:00,2026-01-09 14:11:00-05:00,2026-01-09 15:52:00-05:00,SHORT,3.7007503537,186.2400000000,184.9807857985,627.0800000000,623.9432232457,185.3189037436,186.2400000000,186.2027520000,184.9900000000,185.0269980000,107,19923.6944640000,5.2500000000,1.2500000000,561.7500000000,133.7500000000,0.2380952381,191.4900000000,184.9900000000,TAKE_PROFIT_BRACKET,101,133.7500000000,7.9443220000,0.7490000000,8.6933220000,125.0566780000,33.4375000000,1.9860805000,0.1872500000,2.1733305000,31.2641695000
NVDA,NVDA,QQQ,2026-01-12 12:10:00-05:00,2026-01-12 12:11:00-05:00,2026-01-12 15:59:00-05:00,SHORT,2.5539626983,185.8000000000,184.8002527092,627.4700000000,625.8156815693,185.1970500558,185.7950000000,185.7578410000,184.5450000000,184.5819090000,107,19876.0889870000,5.2500000000,1.2500000000,561.7500000000,133.7500000000,0.2380952381,191.0450000000,184.5450000000,TAKE_PROFIT_BRACKET,228,133.7500000000,7.9252760000,0.7490000000,8.6742760000,125.0757240000,33.4375000000,1.9813190000,0.1872500000,2.1685690000,31.2689310000
NVDA,NVDA,QQQ,2026-01-13 11:00:00-05:00,2026-01-13 11:01:00-05:00,2026-01-13 15:59:00-05:00,SHORT,2.5862796538,184.9250000000,184.2633604400,625.9950000000,626.5850421224,184.1264401949,184.9250000000,184.8880150000,185.8100000000,185.8471620000,108,19967.9056200000,5.2500000000,1.2500000000,567.0000000000,135.0000000000,0.2380952381,190.1750000000,183.6750000000,FORCED_EOD,298,-95.5800000000,8.0078760000,0.7560000000,8.7638760000,-104.3438760000,-23.8950000000,2.0019690000,0.1890000000,2.1909690000,-26.0859690000
NVDA,NVDA,QQQ,2026-01-14 14:59:00-05:00,2026-01-14 15:00:00-05:00,2026-01-14 15:08:00-05:00,LONG,-4.9156919661,181.3501000000,181.9757828161,616.4500000000,617.6660482493,181.6516756814,181.3600000000,181.3962720000,182.6100000000,182.5734780000,110,19953.5899200000,5.2500000000,1.2500000000,577.5000000000,137.5000000000,0.2380952381,176.1100000000,182.6100000000,TAKE_PROFIT_BRACKET,8,137.5000000000,8.0073400000,0.7700000000,8.7773400000,128.7226600000,34.3750000000,2.0018350000,0.1925000000,2.1943350000,32.1806650000
NVDA,NVDA,QQQ,2026-01-14 15:58:00-05:00,2026-01-14 15:59:00-05:00,2026-01-14 15:59:00-05:00,SHORT,2.5501794128,183.0650000000,182.0264867263,619.3200000000,617.7768982906,182.4378025272,183.0600000000,183.0233880000,183.2100000000,183.2466420000,109,19949.5492920000,5.2500000000,1.2500000000,572.2500000000,136.2500000000,0.2380952381,188.3100000000,181.8100000000,FORCED_EOD,0,-16.3500000000,7.9846860000,0.7630000000,8.7476860000,-25.0976860000,-4.0875000000,1.9961715000,0.1907500000,2.1869215000,-6.2744215000
NVDA,NVDA,QQQ,2026-01-15 11:44:00-05:00,2026-01-15 11:45:00-05:00,2026-01-15 15:50:00-05:00,SHORT,2.5300681982,188.1437000000,187.7856571077,626.4200000000,625.6959924458,187.9758135512,188.1450000000,188.1073710000,186.8950000000,186.9323790000,106,19939.3813260000,5.2500000000,1.2500000000,556.5000000000,132.5000000000,0.2380952381,193.3950000000,186.8950000000,TAKE_PROFIT_BRACKET,245,132.5000000000,7.9508480000,0.7420000000,8.6928480000,123.8071520000,33.1250000000,1.9877120000,0.1855000000,2.1732120000,30.9517880000
NVDA,NVDA,QQQ,2026-01-16 10:01:00-05:00,2026-01-16 10:02:00-05:00,2026-01-16 15:59:00-05:00,LONG,-2.5780846681,188.4801000000,189.5442884676,621.8800000000,624.3719542121,188.9007878661,188.4800000000,188.5176960000,186.2200000000,186.1827560000,106,19982.8757760000,5.2500000000,1.2500000000,556.5000000000,132.5000000000,0.2380952381,183.2300000000,189.7300000000,FORCED_EOD,357,-239.5600000000,7.9436400000,0.7420000000,8.6856400000,-248.2456400000,-59.8900000000,1.9859100000,0.1855000000,2.1714100000,-62.0614100000
NVDA,NVDA,QQQ,2026-01-20 10:08:00-05:00,2026-01-20 10:09:00-05:00,2026-01-20 13:32:00-05:00,SHORT,2.5605710171,180.4600000000,180.6086118477,611.2500000000,612.0087721875,180.1339054474,180.4600000000,180.4239080000,179.2100000000,179.2458420000,110,19846.6298800000,5.2500000000,1.2500000000,577.5000000000,137.5000000000,0.2380952381,185.7100000000,179.2100000000,TAKE_PROFIT_BRACKET,203,137.5000000000,7.9127400000,0.7700000000,8.6827400000,128.8172600000,34.3750000000,1.9781850000,0.1925000000,2.1706850000,32.2043150000
NVDA,NVDA,QQQ,2026-01-20 13:50:00-05:00,2026-01-20 13:51:00-05:00,2026-01-20 15:54:00-05:00,SHORT,2.8782149225,179.4600000000,180.3028905345,609.4800000000,612.5109370185,178.4114241411,179.4700000000,179.4341060000,178.2200000000,178.2556440000,111,19917.1857660000,5.2500000000,1.2500000000,582.7500000000,138.7500000000,0.2380952381,184.7200000000,178.2200000000,TAKE_PROFIT_BRACKET,123,138.7500000000,7.9407180000,0.7770000000,8.7177180000,130.0322820000,34.6875000000,1.9851795000,0.1942500000,2.1794295000,32.5080705000
NVDA,NVDA,QQQ,2026-01-20 15:55:00-05:00,2026-01-20 15:56:00-05:00,2026-01-20 15:59:00-05:00,LONG,-2.5706434876,178.2950000000,179.9925037042,607.8000000000,611.2798228675,177.8202808881,178.3000000000,178.3356600000,178.2100000000,178.1743580000,112,19973.5939200000,5.2500000000,1.2500000000,588.0000000000,140.0000000000,0.2380952381,173.0500000000,179.5500000000,FORCED_EOD,3,-10.0800000000,7.9858240000,0.7840000000,8.7698240000,-18.8498240000,-2.5200000000,1.9964560000,0.1960000000,2.1924560000,-4.7124560000
NVDA,NVDA,QQQ,2026-01-21 10:55:00-05:00,2026-01-21 10:56:00-05:00,2026-01-21 11:37:00-05:00,SHORT,2.8186692780,183.1110000000,180.4106499892,616.1337000000,611.9725984583,183.3650772711,183.1000000000,183.0633800000,181.8500000000,181.8863700000,109,19953.9084200000,5.2500000000,1.2500000000,572.2500000000,136.2500000000,0.2380952381,188.3500000000,181.8500000000,TAKE_PROFIT_BRACKET,41,136.2500000000,7.9559100000,0.7630000000,8.7189100000,127.5310900000,34.0625000000,1.9889775000,0.1907500000,2.1797275000,31.8827725000
NVDA,NVDA,QQQ,2026-01-21 14:29:00-05:00,2026-01-21 14:30:00-05:00,2026-01-21 14:43:00-05:00,LONG,-2.6624091636,182.9800000000,180.8675130355,615.0800000000,611.7985865086,183.2039165658,182.9800000000,183.0165960000,184.2300000000,184.1931540000,109,19948.8089640000,5.2500000000,1.2500000000,572.2500000000,136.2500000000,0.2380952381,177.7300000000,184.2300000000,TAKE_PROFIT_BRACKET,13,136.2500000000,8.0051780000,0.7630000000,8.7681780000,127.4818220000,34.0625000000,2.0012945000,0.1907500000,2.1920445000,31.8704555000
NVDA,NVDA,QQQ,2026-01-21 15:31:00-05:00,2026-01-21 15:32:00-05:00,2026-01-21 15:59:00-05:00,SHORT,2.6765542375,184.0350000000,181.6525353995,616.0900000000,613.4523430884,183.5336434228,184.0350000000,183.9981930000,183.3400000000,183.3766680000,108,19871.8048440000,5.2500000000,1.2500000000,567.0000000000,135.0000000000,0.2380952381,189.2850000000,182.7850000000,FORCED_EOD,27,75.0600000000,7.9353000000,0.7560000000,8.6913000000,66.3687000000,18.7650000000,1.9838250000,0.1890000000,2.1728250000,16.5921750000
NVDA,NVDA,QQQ,2026-01-22 12:03:00-05:00,2026-01-22 12:04:00-05:00,2026-01-22 15:59:00-05:00,LONG,-2.5655759467,185.5300000000,185.0259883740,621.0900000000,620.0081963222,185.7178505666,185.5300000000,185.5671060000,184.8500000000,184.8130300000,107,19855.6803420000,5.2500000000,1.2500000000,561.7500000000,133.7500000000,0.2380952381,180.2800000000,186.7800000000,FORCED_EOD,235,-72.7600000000,7.9261320000,0.7490000000,8.6751320000,-81.4351320000,-18.1900000000,1.9815330000,0.1872500000,2.1687830000,-20.3587830000
NVDA,NVDA,QQQ,2026-01-23 13:45:00-05:00,2026-01-23 13:46:00-05:00,2026-01-23 15:59:00-05:00,SHORT,2.5031705401,187.9800000000,187.8059804543,622.5500000000,622.6783408239,187.7257250797,187.9850000000,187.9474030000,187.6700000000,187.7075340000,106,19922.4247180000,5.2500000000,1.2500000000,556.5000000000,132.5000000000,0.2380952381,193.2350000000,186.7350000000,FORCED_EOD,133,33.3900000000,7.9638860000,0.7420000000,8.7058860000,24.6841140000,8.3475000000,1.9909715000,0.1855000000,2.1764715000,6.1710285000
NVDA,NVDA,QQQ,2026-01-26 11:00:00-05:00,2026-01-26 11:01:00-05:00,2026-01-26 15:59:00-05:00,LONG,-5.2848944200,186.4300000000,187.6427457428,626.5600000000,625.0642764605,188.5621898431,186.4500000000,186.4872900000,186.3800000000,186.3427240000,107,19954.1400300000,5.2500000000,1.2500000000,561.7500000000,133.7500000000,0.2380952381,181.2000000000,187.7000000000,FORCED_EOD,298,-7.4900000000,7.9785620000,0.7490000000,8.7275620000,-16.2175620000,-1.8725000000,1.9946405000,0.1872500000,2.1818905000,-4.0543905000
NVDA,NVDA,QQQ,2026-01-27 10:05:00-05:00,2026-01-27 10:06:00-05:00,2026-01-27 15:59:00-05:00,SHORT,2.8107122504,188.0555000000,186.8496802243,629.9000000000,629.1307055780,187.3003636371,188.0600000000,188.0223880000,188.5330000000,188.5707066000,106,19930.3731280000,5.2500000000,1.2500000000,556.5000000000,132.5000000000,0.2380952381,193.3100000000,186.8100000000,FORCED_EOD,353,-50.1380000000,7.9837716000,0.7420000000,8.7257716000,-58.8637716000,-12.5345000000,1.9959429000,0.1855000000,2.1814429000,-14.7159429000
NVDA,NVDA,QQQ,2026-01-28 11:16:00-05:00,2026-01-28 11:17:00-05:00,2026-01-28 11:44:00-05:00,SHORT,2.6472869238,191.8045000000,191.5110247827,633.5800000000,634.9507287848,190.5928634635,191.8050000000,191.7666390000,190.5550000000,190.5931110000,104,19943.7304560000,5.2500000000,1.2500000000,546.0000000000,130.0000000000,0.2380952381,197.0550000000,190.5550000000,TAKE_PROFIT_BRACKET,27,130.0000000000,7.9530880000,0.7280000000,8.6810880000,121.3189120000,32.5000000000,1.9882720000,0.1820000000,2.1702720000,30.3297280000
NVDA,NVDA,QQQ,2026-01-28 14:03:00-05:00,2026-01-28 14:04:00-05:00,2026-01-28 15:59:00-05:00,SHORT,2.7037172881,191.7450000000,191.3815074183,632.6199000000,634.1293284684,190.3698152840,191.7500000000,191.7116500000,191.5300000000,191.5683060000,104,19938.0116000000,5.2500000000,1.2500000000,546.0000000000,130.0000000000,0.2380952381,197.0000000000,190.5000000000,FORCED_EOD,115,22.8800000000,7.9722240000,0.7280000000,8.7002240000,14.1797760000,5.7200000000,1.9930560000,0.1820000000,2.1750560000,3.5449440000
NVDA,NVDA,QQQ,2026-01-29 12:16:00-05:00,2026-01-29 12:17:00-05:00,2026-01-29 15:59:00-05:00,SHORT,2.5726592132,189.0433000000,188.9675487735,624.6500000000,623.8724596277,189.0146513170,189.0600000000,189.0221880000,192.4300000000,192.4684860000,105,19847.3297400000,5.2500000000,1.2500000000,551.2500000000,131.2500000000,0.2380952381,194.3100000000,187.8100000000,FORCED_EOD,222,-353.8500000000,8.0112900000,0.7350000000,8.7462900000,-362.5962900000,-88.4625000000,2.0028225000,0.1837500000,2.1865725000,-90.6490725000
NVDA,NVDA,QQQ,2026-01-30 10:18:00-05:00,2026-01-30 10:19:00-05:00,2026-01-30 10:28:00-05:00,SHORT,2.5186711677,193.1300000000,192.1930280391,627.4200000000,626.6989775240,192.2552176879,193.1294000000,193.0907741200,191.8794000000,191.9177758800,103,19888.3497343600,5.2500000000,1.2500000000,540.7500000000,128.7500000000,0.2380952381,198.3794000000,191.8794000000,TAKE_PROFIT_BRACKET,9,128.7500000000,7.9311812800,0.7210000000,8.6521812800,120.0978187200,32.1875000000,1.9827953200,0.1802500000,2.1630453200,30.0244546800
NVDA,NVDA,QQQ,2026-01-30 10:47:00-05:00,2026-01-30 10:48:00-05:00,2026-01-30 11:16:00-05:00,SHORT,2.7419868004,194.0550000000,192.4055484921,627.6800000000,626.5154536576,192.5061334963,194.0550000000,194.0161890000,192.8050000000,192.8435610000,103,19983.6674670000,5.2500000000,1.2500000000,540.7500000000,128.7500000000,0.2380952381,199.3050000000,192.8050000000,TAKE_PROFIT_BRACKET,28,128.7500000000,7.9693160000,0.7210000000,8.6903160000,120.0596840000,32.1875000000,1.9923290000,0.1802500000,2.1725790000,30.0149210000
NVDA,NVDA,QQQ,2026-01-30 15:17:00-05:00,2026-01-30 15:18:00-05:00,2026-01-30 15:50:00-05:00,LONG,-2.6770463458,189.9701000000,192.1625673671,620.0800000000,624.2577228571,191.8008784898,189.9800000000,190.0179960000,191.2300000000,191.1917540000,105,19951.8895800000,5.2500000000,1.2500000000,551.2500000000,131.2500000000,0.2380952381,184.7300000000,191.2300000000,TAKE_PROFIT_BRACKET,32,131.2500000000,8.0054100000,0.7350000000,8.7404100000,122.5095900000,32.8125000000,2.0013525000,0.1837500000,2.1851025000,30.6273975000
NVDA,NVDA,QQQ,2026-02-02 10:13:00-05:00,2026-02-02 10:14:00-05:00,2026-02-02 15:00:00-05:00,SHORT,2.5226657031,188.5500000000,187.3593077650,626.4950000000,623.1118001692,187.9729237185,188.5550000000,188.5172890000,187.3050000000,187.3424610000,106,19982.8326340000,5.2500000000,1.2500000000,556.5000000000,132.5000000000,0.2380952381,193.8050000000,187.3050000000,TAKE_PROFIT_BRACKET,286,132.5000000000,7.9682320000,0.7420000000,8.7102320000,123.7897680000,33.1250000000,1.9920580000,0.1855000000,2.1775580000,30.9474420000
NVDA,NVDA,QQQ,2026-02-02 15:00:00-05:00,2026-02-02 15:01:00-05:00,2026-02-02 15:59:00-05:00,LONG,-2.5105411066,187.3764000000,188.6290794266,626.4200000000,625.8721375954,188.7286782530,187.3650000000,187.4024730000,185.6900000000,185.6528620000,106,19864.6621380000,5.2500000000,1.2500000000,556.5000000000,132.5000000000,0.2380952381,182.1150000000,188.6150000000,FORCED_EOD,58,-177.5500000000,7.9087660000,0.7420000000,8.6507660000,-186.2007660000,-44.3875000000,1.9771915000,0.1855000000,2.1626915000,-46.5501915000
NVDA,NVDA,QQQ,2026-02-03 14:02:00-05:00,2026-02-03 14:03:00-05:00,2026-02-03 14:19:00-05:00,LONG,-2.5548681786,178.2000000000,180.7574682137,611.3350000000,618.6723401753,180.3287181477,178.1900000000,178.2256380000,179.4400000000,179.4041120000,112,19961.2714560000,5.2500000000,1.2500000000,588.0000000000,140.0000000000,0.2380952381,172.9400000000,179.4400000000,TAKE_PROFIT_BRACKET,16,140.0000000000,8.0109120000,0.7840000000,8.7949120000,131.2050880000,35.0000000000,2.0027280000,0.1960000000,2.1987280000,32.8012720000
NVDA,NVDA,QQQ,2026-02-03 14:43:00-05:00,2026-02-03 14:44:00-05:00,2026-02-03 15:18:00-05:00,LONG,-2.5062879994,177.1450000000,180.4610288629,612.2500000000,617.9724141298,180.1268156463,177.1450000000,177.1804290000,178.3950000000,178.3593210000,112,19844.2080480000,5.2500000000,1.2500000000,588.0000000000,140.0000000000,0.2380952381,171.8950000000,178.3950000000,TAKE_PROFIT_BRACKET,34,140.0000000000,7.9640960000,0.7840000000,8.7480960000,131.2519040000,35.0000000000,1.9910240000,0.1960000000,2.1870240000,32.8129760000
NVDA,NVDA,QQQ,2026-02-04 11:04:00-05:00,2026-02-04 11:05:00-05:00,2026-02-04 14:48:00-05:00,LONG,-2.8710310318,174.6400000000,177.3746680405,607.4700000000,611.1861692215,176.9891966233,174.6600000000,174.6949320000,175.9100000000,175.8748180000,114,19915.2222480000,5.2500000000,1.2500000000,598.5000000000,142.5000000000,0.2380952381,169.4100000000,175.9100000000,TAKE_PROFIT_BRACKET,223,142.5000000000,7.9929960000,0.7980000000,8.7909960000,133.7090040000,35.6250000000,1.9982490000,0.1995000000,2.1977490000,33.4272510000
NVDA,NVDA,QQQ,2026-02-04 15:13:00-05:00,2026-02-04 15:14:00-05:00,2026-02-04 15:40:00-05:00,LONG,-2.7143073176,174.3800000000,175.2864178174,606.5400000000,607.2420569981,175.2139846600,174.3900000000,174.4248780000,175.6400000000,175.6048720000,114,19884.4360920000,5.2500000000,1.2500000000,598.5000000000,142.5000000000,0.2380952381,169.1400000000,175.6400000000,TAKE_PROFIT_BRACKET,26,142.5000000000,7.9806840000,0.7980000000,8.7786840000,133.7213160000,35.6250000000,1.9951710000,0.1995000000,2.1946710000,33.4303290000
NVDA,NVDA,QQQ,2026-02-05 11:29:00-05:00,2026-02-05 11:30:00-05:00,2026-02-05 14:01:00-05:00,SHORT,2.5151848119,174.2550000000,173.5716156059,600.4500000000,598.5153691266,173.6838255920,174.2700000000,174.2351460000,173.0200000000,173.0546040000,114,19862.8066440000,5.2500000000,1.2500000000,598.5000000000,142.5000000000,0.2380952381,179.5200000000,173.0200000000,TAKE_PROFIT_BRACKET,151,142.5000000000,7.9182120000,0.7980000000,8.7162120000,133.7837880000,35.6250000000,1.9795530000,0.1995000000,2.1790530000,33.4459470000
NVDA,NVDA,QQQ,2026-02-06 14:18:00-05:00,2026-02-06 14:19:00-05:00,2026-02-06 15:09:00-05:00,LONG,-2.7726928159,184.1800000000,182.1582070012,607.7700000000,604.8025043812,182.3369607852,184.1850000000,184.2218370000,185.4350000000,185.3979130000,108,19895.9583960000,5.2500000000,1.2500000000,567.0000000000,135.0000000000,0.2380952381,178.9350000000,185.4350000000,TAKE_PROFIT_BRACKET,50,135.0000000000,7.9837920000,0.7560000000,8.7397920000,126.2602080000,33.7500000000,1.9959480000,0.1890000000,2.1849480000,31.5650520000
NVDA,NVDA,QQQ,2026-02-06 15:41:00-05:00,2026-02-06 15:42:00-05:00,2026-02-06 15:59:00-05:00,SHORT,2.6063931229,185.9150000000,182.6213228714,609.2100000000,605.3193722535,182.8560788097,185.9101000000,185.8729179800,185.4100000000,185.4470820000,107,19888.4022238600,5.2500000000,1.2500000000,561.7500000000,133.7500000000,0.2380952381,191.1601000000,184.6601000000,FORCED_EOD,17,53.5107000000,7.9462501400,0.7490000000,8.6952501400,44.8154498600,13.3776750000,1.9865625350,0.1872500000,2.1738125350,11.2038624650
NVDA,NVDA,QQQ,2026-02-09 13:34:00-05:00,2026-02-09 13:35:00-05:00,2026-02-09 15:59:00-05:00,LONG,-2.5859877726,190.9400000000,190.9761548986,614.9300000000,612.0373607859,192.9599457868,190.9550000000,190.9931910000,189.7900000000,189.7520420000,104,19863.2918640000,5.2500000000,1.2500000000,546.0000000000,130.0000000000,0.2380952381,185.7050000000,192.2050000000,FORCED_EOD,144,-121.1600000000,7.9194960000,0.7280000000,8.6474960000,-129.8074960000,-30.2900000000,1.9798740000,0.1820000000,2.1618740000,-32.4518740000
NVDA,NVDA,QQQ,2026-02-10 12:03:00-05:00,2026-02-10 12:04:00-05:00,2026-02-10 15:59:00-05:00,SHORT,2.5736605939,189.2900000000,189.6088427728,613.7000000000,615.0428988105,188.5034997569,189.2800000000,189.2421440000,188.6100000000,188.6477220000,105,19870.4251200000,5.2500000000,1.2500000000,551.2500000000,131.2500000000,0.2380952381,194.5300000000,188.0300000000,FORCED_EOD,235,70.3500000000,7.9356900000,0.7350000000,8.6706900000,61.6793100000,17.5875000000,1.9839225000,0.1837500000,2.1676725000,15.4198275000
NVDA,NVDA,QQQ,2026-02-11 10:12:00-05:00,2026-02-11 10:13:00-05:00,2026-02-11 15:59:00-05:00,SHORT,2.5455488704,189.9399000000,191.8722100962,610.5500000000,614.8364776088,188.3060036635,189.9220000000,189.8840156000,190.0400000000,190.0780080000,105,19937.8216380000,5.2500000000,1.2500000000,551.2500000000,131.2500000000,0.2380952381,195.1720000000,188.6720000000,FORCED_EOD,346,-12.3900000000,7.9792020000,0.7350000000,8.7142020000,-21.1042020000,-3.0975000000,1.9948005000,0.1837500000,2.1785505000,-5.2760505000
NVDA,NVDA,QQQ,2026-02-12 10:50:00-05:00,2026-02-12 10:51:00-05:00,2026-02-12 11:14:00-05:00,SHORT,2.6807451680,190.1800000000,191.5745704842,608.4000000000,612.1935907690,188.4420688693,190.1534000000,190.1153693200,188.9034000000,188.9411806800,105,19962.1137786000,5.2500000000,1.2500000000,551.2500000000,131.2500000000,0.2380952381,195.4034000000,188.9034000000,TAKE_PROFIT_BRACKET,23,131.2500000000,7.9601928000,0.7350000000,8.6951928000,122.5548072000,32.8125000000,1.9900482000,0.1837500000,2.1737982000,30.6387018000
NVDA,NVDA,QQQ,2026-02-12 12:57:00-05:00,2026-02-12 12:58:00-05:00,2026-02-12 14:55:00-05:00,SHORT,2.6410282432,189.7101000000,190.3594173894,602.2900000000,607.2695242028,186.2406006452,189.7101000000,189.6721579800,188.4601000000,188.4977920200,105,19915.5765879000,5.2500000000,1.2500000000,551.2500000000,131.2500000000,0.2380952381,194.9601000000,188.4601000000,TAKE_PROFIT_BRACKET,117,131.2500000000,7.9415742000,0.7350000000,8.6765742000,122.5734258000,32.8125000000,1.9853935500,0.1837500000,2.1691435500,30.6433564500
NVDA,NVDA,QQQ,2026-02-13 11:54:00-05:00,2026-02-13 11:55:00-05:00,2026-02-13 12:32:00-05:00,LONG,-2.6830153160,183.6700000000,183.8554302373,604.3100000000,601.3423788859,185.9036165204,183.6735000000,183.7102347000,184.9235000000,184.8865153000,108,19840.7053476000,5.2500000000,1.2500000000,567.0000000000,135.0000000000,0.2380952381,178.4235000000,184.9235000000,TAKE_PROFIT_BRACKET,37,135.0000000000,7.9616952000,0.7560000000,8.7176952000,126.2823048000,33.7500000000,1.9904238000,0.1890000000,2.1794238000,31.5705762000
NVDA,NVDA,QQQ,2026-02-13 13:37:00-05:00,2026-02-13 13:38:00-05:00,2026-02-13 14:56:00-05:00,SHORT,2.8225553438,184.6800000000,183.9371557844,605.9900000000,602.4291199881,186.3914532614,184.6600000000,184.6230680000,183.4100000000,183.4466820000,108,19939.2913440000,5.2500000000,1.2500000000,567.0000000000,135.0000000000,0.2380952381,189.9100000000,183.4100000000,TAKE_PROFIT_BRACKET,78,135.0000000000,7.9503120000,0.7560000000,8.7063120000,126.2936880000,33.7500000000,1.9875780000,0.1890000000,2.1765780000,31.5734220000
NVDA,NVDA,QQQ,2026-02-13 15:25:00-05:00,2026-02-13 15:26:00-05:00,2026-02-13 15:59:00-05:00,SHORT,2.9723773919,182.4729000000,183.8574452042,601.5500000000,602.8303357320,182.9759573368,182.4800000000,182.4435040000,182.7800000000,182.8165560000,109,19886.3419360000,5.2500000000,1.2500000000,572.2500000000,136.2500000000,0.2380952381,187.7300000000,181.2300000000,FORCED_EOD,33,-32.7000000000,7.9626680000,0.7630000000,8.7256680000,-41.4256680000,-8.1750000000,1.9906670000,0.1907500000,2.1814170000,-10.3564170000
NVDA,NVDA,QQQ,2026-02-17 10:51:00-05:00,2026-02-17 10:52:00-05:00,2026-02-17 14:32:00-05:00,SHORT,2.6661939517,181.4250000000,180.7846522959,596.7500000000,596.8580235254,180.7509697570,181.4250000000,181.3887150000,186.6750000000,186.7123350000,110,19952.7586500000,5.2500000000,1.2500000000,577.5000000000,137.5000000000,0.2380952381,186.6750000000,180.1750000000,STOP,220,-577.5000000000,8.0982000000,0.7700000000,8.8682000000,-586.3682000000,-144.3750000000,2.0245500000,0.1925000000,2.2170500000,-146.5920500000
NVDA,NVDA,QQQ,2026-02-17 14:32:00-05:00,2026-02-17 14:33:00-05:00,2026-02-17 15:22:00-05:00,SHORT,2.9148033225,186.7658000000,182.8897559388,603.1900000000,598.8355253096,184.2587877707,186.7550000000,186.7176490000,185.5050000000,185.5421010000,107,19978.7884430000,5.2500000000,1.2500000000,561.7500000000,133.7500000000,0.2380952381,192.0050000000,185.5050000000,TAKE_PROFIT_BRACKET,49,133.7500000000,7.9663640000,0.7490000000,8.7153640000,125.0346360000,33.4375000000,1.9915910000,0.1872500000,2.1788410000,31.2586590000
NVDA,NVDA,QQQ,2026-02-17 15:54:00-05:00,2026-02-17 15:55:00-05:00,2026-02-17 15:59:00-05:00,LONG,-2.5449844537,184.5950000000,183.3846328496,600.7400000000,599.3648916894,183.8177491197,184.5800000000,184.6169160000,185.0299000000,184.9928940200,108,19938.6269280000,5.2500000000,1.2500000000,567.0000000000,135.0000000000,0.2380952381,179.3300000000,185.8300000000,FORCED_EOD,4,48.5892000000,7.9835738400,0.7560000000,8.7395738400,39.8496261600,12.1473000000,1.9958934600,0.1890000000,2.1848934600,9.9624065400
NVDA,NVDA,QQQ,2026-02-18 11:50:00-05:00,2026-02-18 11:51:00-05:00,2026-02-18 15:59:00-05:00,LONG,-2.5537076012,189.0750000000,189.1307343977,608.8900000000,606.0349999575,189.6825769563,189.0750000000,189.1128150000,187.8400000000,187.8024320000,105,19856.8455750000,5.2500000000,1.2500000000,551.2500000000,131.2500000000,0.2380952381,183.8250000000,190.3250000000,FORCED_EOD,248,-129.6750000000,7.9152150000,0.7350000000,8.6502150000,-138.3252150000,-32.4187500000,1.9788037500,0.1837500000,2.1625537500,-34.5813037500
NVDA,NVDA,QQQ,2026-02-19 11:06:00-05:00,2026-02-19 11:07:00-05:00,2026-02-19 15:59:00-05:00,LONG,-2.5668684924,187.0385000000,187.2585290718,603.6180000000,603.7012056729,187.2359829034,187.0300000000,187.0674060000,187.8900000000,187.8524220000,106,19829.1450360000,5.2500000000,1.2500000000,556.5000000000,132.5000000000,0.2380952381,181.7800000000,188.2800000000,FORCED_EOD,292,91.1600000000,7.9483040000,0.7420000000,8.6903040000,82.4696960000,22.7900000000,1.9870760000,0.1855000000,2.1725760000,20.6174240000
NVDA,NVDA,QQQ,2026-02-20 10:44:00-05:00,2026-02-20 10:45:00-05:00,2026-02-20 12:24:00-05:00,SHORT,2.5495800271,189.2085000000,187.6969903966,608.4600000000,605.1185601060,188.5401171161,189.2000000000,189.1621600000,187.9500000000,187.9875900000,105,19862.0268000000,5.2500000000,1.2500000000,551.2500000000,131.2500000000,0.2380952381,194.4500000000,187.9500000000,TAKE_PROFIT_BRACKET,99,131.2500000000,7.9201500000,0.7350000000,8.6551500000,122.5948500000,32.8125000000,1.9800375000,0.1837500000,2.1637875000,30.6487125000
NVDA,NVDA,QQQ,2026-02-20 12:24:00-05:00,2026-02-20 12:25:00-05:00,2026-02-20 13:31:00-05:00,LONG,-2.5956144142,187.8601000000,188.5325015318,604.2500000000,606.5437313532,187.9525268619,187.8650000000,187.9025730000,189.1150000000,189.0771770000,106,19917.6727380000,5.2500000000,1.2500000000,556.5000000000,132.5000000000,0.2380952381,182.6150000000,189.1150000000,TAKE_PROFIT_BRACKET,66,132.5000000000,7.9919760000,0.7420000000,8.7339760000,123.7660240000,33.1250000000,1.9979940000,0.1855000000,2.1834940000,30.9415060000
NVDA,NVDA,QQQ,2026-02-20 13:31:00-05:00,2026-02-20 13:32:00-05:00,2026-02-20 15:59:00-05:00,SHORT,2.5528530092,189.1150000000,188.5140507720,607.3999000000,606.5201417027,188.7364863401,189.1150000000,189.0771770000,189.8100000000,189.8479620000,105,19853.1035850000,5.2500000000,1.2500000000,551.2500000000,131.2500000000,0.2380952381,194.3650000000,187.8650000000,FORCED_EOD,147,-72.9750000000,7.9574250000,0.7350000000,8.6924250000,-81.6674250000,-18.2437500000,1.9893562500,0.1837500000,2.1731062500,-20.4168562500
NVDA,NVDA,QQQ,2026-02-23 10:11:00-05:00,2026-02-23 10:12:00-05:00,2026-02-23 15:59:00-05:00,LONG,-3.1696911484,191.4200000000,192.7976241256,604.1200000000,605.4150624386,192.4272867014,191.4200000000,191.4582840000,191.6400000000,191.6016720000,104,19911.6615360000,5.2500000000,1.2500000000,546.0000000000,130.0000000000,0.2380952381,186.1700000000,192.6700000000,FORCED_EOD,347,22.8800000000,7.9676480000,0.7280000000,8.6956480000,14.1843520000,5.7200000000,1.9919120000,0.1820000000,2.1739120000,3.5460880000
NVDA,NVDA,QQQ,2026-02-24 13:26:00-05:00,2026-02-24 13:27:00-05:00,2026-02-24 15:59:00-05:00,LONG,-2.8488582204,192.9600000000,191.5514851645,607.7200000000,605.9314911210,191.7025759464,192.9593000000,192.9978918600,192.8050000000,192.7664390000,103,19878.7828615800,5.2500000000,1.2500000000,540.7500000000,128.7500000000,0.2380952381,187.7093000000,194.2093000000,FORCED_EOD,152,-15.8929000000,7.9467445800,0.7210000000,8.6677445800,-24.5606445800,-3.9732250000,1.9866861450,0.1802500000,2.1669361450,-6.1401611450
NVDA,NVDA,QQQ,2026-02-25 13:02:00-05:00,2026-02-25 13:03:00-05:00,2026-02-25 15:59:00-05:00,LONG,-2.8052809895,196.8600000000,196.0248553696,615.7300000000,614.5057968311,196.1029585382,196.8500000000,196.8893700000,195.8800000000,195.8408240000,101,19885.8263700000,5.2500000000,1.2500000000,530.2500000000,126.2500000000,0.2380952381,191.6000000000,198.1000000000,FORCED_EOD,176,-97.9700000000,7.9331460000,0.7070000000,8.6401460000,-106.6101460000,-24.4925000000,1.9832865000,0.1767500000,2.1600365000,-26.6525365000
NVDA,NVDA,QQQ,2026-02-26 10:18:00-05:00,2026-02-26 10:19:00-05:00,2026-02-26 11:05:00-05:00,LONG,-2.5495374509,185.9800000000,189.6978181832,606.5800000000,611.9832382354,189.3065884510,185.9700000000,186.0071940000,187.2200000000,187.1825560000,107,19902.7697580000,5.2500000000,1.2500000000,561.7500000000,133.7500000000,0.2380952381,180.7200000000,187.2200000000,TAKE_PROFIT_BRACKET,46,133.7500000000,7.9862660000,0.7490000000,8.7352660000,125.0147340000,33.4375000000,1.9965665000,0.1872500000,2.1838165000,31.2536835000
NVDA,NVDA,QQQ,2026-02-26 11:58:00-05:00,2026-02-26 11:59:00-05:00,2026-02-26 12:09:00-05:00,LONG,-2.5248957792,185.9400000000,188.1621480139,606.3200000000,609.0270579975,187.9667823839,185.9400000000,185.9771880000,187.1900000000,187.1525620000,107,19899.5591160000,5.2500000000,1.2500000000,561.7500000000,133.7500000000,0.2380952381,180.6900000000,187.1900000000,TAKE_PROFIT_BRACKET,10,133.7500000000,7.9849820000,0.7490000000,8.7339820000,125.0160180000,33.4375000000,1.9962455000,0.1872500000,2.1834955000,31.2540045000
NVDA,NVDA,QQQ,2026-02-26 13:08:00-05:00,2026-02-26 13:09:00-05:00,2026-02-26 14:10:00-05:00,LONG,-2.6348663761,185.4100000000,187.9540321998,604.9100000000,608.6352162043,187.6853115874,185.4050000000,185.4420810000,186.6550000000,186.6176690000,107,19842.3026670000,5.2500000000,1.2500000000,561.7500000000,133.7500000000,0.2380952381,180.1550000000,186.6550000000,TAKE_PROFIT_BRACKET,61,133.7500000000,7.9620840000,0.7490000000,8.7110840000,125.0389160000,33.4375000000,1.9905210000,0.1872500000,2.1777710000,31.2597290000
NVDA,NVDA,QQQ,2026-02-26 14:10:00-05:00,2026-02-26 14:11:00-05:00,2026-02-26 14:25:00-05:00,SHORT,2.9176025136,186.6220000000,187.6355177818,608.9400000000,608.3782332301,187.6759895665,186.6250000000,186.5876750000,185.3750000000,185.4120750000,107,19964.8812250000,5.2500000000,1.2500000000,561.7500000000,133.7500000000,0.2380952381,191.8750000000,185.3750000000,TAKE_PROFIT_BRACKET,14,133.7500000000,7.9608000000,0.7490000000,8.7098000000,125.0402000000,33.4375000000,1.9902000000,0.1872500000,2.1774500000,31.2600500000
NVDA,NVDA,QQQ,2026-02-26 15:14:00-05:00,2026-02-26 15:15:00-05:00,2026-02-26 15:59:00-05:00,LONG,-2.8020642062,184.3800000000,187.3955239539,608.1600000000,608.4304004298,187.3760698777,184.3750000000,184.4118750000,184.8700000000,184.8330260000,108,19916.4825000000,5.2500000000,1.2500000000,567.0000000000,135.0000000000,0.2380952381,179.1250000000,185.6250000000,FORCED_EOD,44,53.4600000000,7.9756920000,0.7560000000,8.7316920000,44.7283080000,13.3650000000,1.9939230000,0.1890000000,2.1829230000,11.1820770000
NVDA,NVDA,QQQ,2026-02-27 11:36:00-05:00,2026-02-27 11:37:00-05:00,2026-02-27 15:59:00-05:00,LONG,-2.5901502775,180.9100000000,181.0917710005,607.0501000000,605.8604164806,181.6086073337,180.9150000000,180.9511830000,177.1500000000,177.1145700000,110,19904.6301300000,5.2500000000,1.2500000000,577.5000000000,137.5000000000,0.2380952381,175.6650000000,182.1650000000,FORCED_EOD,262,-414.1500000000,7.8774300000,0.7700000000,8.6474300000,-422.7974300000,-103.5375000000,1.9693575000,0.1925000000,2.1618575000,-105.6993575000
NVDA,NVDA,QQQ,2026-03-02 11:01:00-05:00,2026-03-02 11:02:00-05:00,2026-03-02 11:18:00-05:00,LONG,-2.6065766824,180.2600000000,179.6549353400,605.2900000000,604.2030364729,180.1527715914,180.2600000000,180.2960520000,181.5100000000,181.4736980000,110,19832.5657200000,5.2500000000,1.2500000000,577.5000000000,137.5000000000,0.2380952381,175.0100000000,181.5100000000,TAKE_PROFIT_BRACKET,16,137.5000000000,7.9589400000,0.7700000000,8.7289400000,128.7710600000,34.3750000000,1.9897350000,0.1925000000,2.1822350000,32.1927650000
NVDA,NVDA,QQQ,2026-03-02 13:36:00-05:00,2026-03-02 13:37:00-05:00,2026-03-02 15:59:00-05:00,SHORT,2.8710319594,182.5350000000,180.7128716402,607.9200000000,605.6539142866,181.7543642413,182.5380000000,182.5014924000,182.3500000000,182.3864700000,109,19892.6626716000,5.2500000000,1.2500000000,572.2500000000,136.2500000000,0.2380952381,187.7880000000,181.2880000000,FORCED_EOD,142,20.4920000000,7.9545584000,0.7630000000,8.7175584000,11.7744416000,5.1230000000,1.9886396000,0.1907500000,2.1793896000,2.9436104000
NVDA,NVDA,QQQ,2026-03-03 13:22:00-05:00,2026-03-03 13:23:00-05:00,2026-03-03 15:59:00-05:00,LONG,-2.6860293148,180.2837000000,179.0707767033,601.5400000000,596.7813198888,183.0039605960,180.2800000000,180.3160560000,180.0500000000,180.0139900000,110,19834.7661600000,5.2500000000,1.2500000000,577.5000000000,137.5000000000,0.2380952381,175.0300000000,181.5300000000,FORCED_EOD,156,-25.3000000000,7.9272600000,0.7700000000,8.6972600000,-33.9972600000,-6.3250000000,1.9818150000,0.1925000000,2.1743150000,-8.4993150000
NVDA,NVDA,QQQ,2026-03-04 12:42:00-05:00,2026-03-04 12:43:00-05:00,2026-03-04 15:59:00-05:00,SHORT,2.6490282293,183.0300000000,182.1872341313,611.3700000000,608.8336888070,183.9724861709,183.0250000000,182.9883950000,182.9000000000,182.9365800000,109,19945.7350550000,5.2500000000,1.2500000000,572.2500000000,136.2500000000,0.2380952381,188.2750000000,181.7750000000,FORCED_EOD,196,13.6250000000,7.9771650000,0.7630000000,8.7401650000,4.8848350000,3.4062500000,1.9942912500,0.1907500000,2.1850412500,1.2212087500
NVDA,NVDA,QQQ,2026-03-05 10:18:00-05:00,2026-03-05 10:19:00-05:00,2026-03-05 10:30:00-05:00,SHORT,2.5872094975,182.4650000000,181.8718003370,610.7900000000,610.5413572512,182.0424737077,182.4500000000,182.4135100000,181.2000000000,181.2362400000,109,19883.0725900000,5.2500000000,1.2500000000,572.2500000000,136.2500000000,0.2380952381,187.7000000000,181.2000000000,TAKE_PROFIT_BRACKET,11,136.2500000000,7.9275700000,0.7630000000,8.6905700000,127.5594300000,34.0625000000,1.9818925000,0.1907500000,2.1726425000,31.8898575000
NVDA,NVDA,QQQ,2026-03-05 14:52:00-05:00,2026-03-05 14:53:00-05:00,2026-03-05 15:10:00-05:00,LONG,-2.8732073317,180.3350000000,181.2495199906,604.4200000000,607.1072378945,179.4008590778,180.3400000000,180.3760680000,181.5900000000,181.5536820000,110,19841.3674800000,5.2500000000,1.2500000000,577.5000000000,137.5000000000,0.2380952381,175.0900000000,181.5900000000,TAKE_PROFIT_BRACKET,17,137.5000000000,7.9624600000,0.7700000000,8.7324600000,128.7675400000,34.3750000000,1.9906150000,0.1925000000,2.1831150000,32.1918850000
NVDA,NVDA,QQQ,2026-03-05 15:26:00-05:00,2026-03-05 15:27:00-05:00,2026-03-05 15:59:00-05:00,LONG,-2.7133230127,182.2000000000,181.2592348101,607.4600000000,606.9407501081,181.6165651966,182.1900000000,182.2264380000,183.3300000000,183.2933340000,109,19862.6817420000,5.2500000000,1.2500000000,572.2500000000,136.2500000000,0.2380952381,176.9400000000,183.4400000000,FORCED_EOD,32,124.2600000000,7.9683360000,0.7630000000,8.7313360000,115.5286640000,31.0650000000,1.9920840000,0.1907500000,2.1828340000,28.8821660000
NVDA,NVDA,QQQ,2026-03-06 11:55:00-05:00,2026-03-06 11:56:00-05:00,2026-03-06 12:32:00-05:00,SHORT,2.6097887795,182.2300000000,181.5900966505,604.6900000000,602.4635498342,182.5869819512,182.2200000000,182.1835560000,180.9700000000,181.0061940000,109,19858.0076040000,5.2500000000,1.2500000000,572.2500000000,136.2500000000,0.2380952381,187.4700000000,180.9700000000,TAKE_PROFIT_BRACKET,36,136.2500000000,7.9175420000,0.7630000000,8.6805420000,127.5694580000,34.0625000000,1.9793855000,0.1907500000,2.1701355000,31.8923645000
NVDA,NVDA,QQQ,2026-03-06 14:12:00-05:00,2026-03-06 14:13:00-05:00,2026-03-06 15:59:00-05:00,LONG,-2.6110195207,180.6300000000,181.4959190556,603.8500000000,602.9085418634,181.9169240721,180.6377000000,180.6738275400,177.6900000000,177.6544620000,110,19874.1210294000,5.2500000000,1.2500000000,577.5000000000,137.5000000000,0.2380952381,175.3877000000,181.8877000000,FORCED_EOD,106,-324.2470000000,7.8832094000,0.7700000000,8.6532094000,-332.9002094000,-81.0617500000,1.9708023500,0.1925000000,2.1633023500,-83.2250523500
NVDA,NVDA,QQQ,2026-03-09 10:48:00-04:00,2026-03-09 10:49:00-04:00,2026-03-09 12:26:00-04:00,LONG,-2.7073521232,179.0200000000,177.3323077532,597.4800000000,593.8210324798,179.1072804686,179.0150000000,179.0508030000,180.2650000000,180.2289470000,111,19874.6391330000,5.2500000000,1.2500000000,582.7500000000,138.7500000000,0.2380952381,173.7650000000,180.2650000000,TAKE_PROFIT_BRACKET,97,138.7500000000,7.9760160000,0.7770000000,8.7530160000,129.9969840000,34.6875000000,1.9940040000,0.1942500000,2.1882540000,32.4992460000
NVDA,NVDA,QQQ,2026-03-09 14:52:00-04:00,2026-03-09 14:53:00-04:00,2026-03-09 15:21:00-04:00,LONG,-2.8369855748,180.0750000000,178.6927187706,600.5950000000,597.0058230260,180.4378335613,180.0800000000,180.1160160000,181.3300000000,181.2937340000,111,19992.8777760000,5.2500000000,1.2500000000,582.7500000000,138.7500000000,0.2380952381,174.8300000000,181.3300000000,TAKE_PROFIT_BRACKET,28,138.7500000000,8.0233020000,0.7770000000,8.8003020000,129.9496980000,34.6875000000,2.0058255000,0.1942500000,2.2000755000,32.4874245000
NVDA,NVDA,QQQ,2026-03-09 15:26:00-04:00,2026-03-09 15:27:00-04:00,2026-03-09 15:38:00-04:00,LONG,-2.8027835547,181.5100000000,178.8872366064,605.4550000000,597.7391455155,182.6382837501,181.5000000000,181.5363000000,182.7500000000,182.7134500000,110,19968.9930000000,5.2500000000,1.2500000000,577.5000000000,137.5000000000,0.2380952381,176.2500000000,182.7500000000,TAKE_PROFIT_BRACKET,11,137.5000000000,8.0135000000,0.7700000000,8.7835000000,128.7165000000,34.3750000000,2.0033750000,0.1925000000,2.1958750000,32.1791250000
NVDA,NVDA,QQQ,2026-03-10 12:19:00-04:00,2026-03-10 12:20:00-04:00,2026-03-10 15:59:00-04:00,LONG,-2.5650023790,185.3199000000,184.4581524283,611.3000000000,609.5229878314,185.3283104244,185.3200000000,185.3570640000,184.7600000000,184.7230480000,107,19833.2058480000,5.2500000000,1.2500000000,561.7500000000,133.7500000000,0.2380952381,180.0700000000,186.5700000000,FORCED_EOD,219,-59.9200000000,7.9197120000,0.7490000000,8.6687120000,-68.5887120000,-14.9800000000,1.9799280000,0.1872500000,2.1671780000,-17.1471780000
NVDA,NVDA,QQQ,2026-03-11 10:43:00-04:00,2026-03-11 10:44:00-04:00,2026-03-11 15:59:00-04:00,LONG,-2.8518838911,185.9300000000,186.4744553755,608.9252000000,609.8016426984,186.0303290977,185.9400000000,185.9771880000,186.0100000000,185.9727980000,107,19899.5591160000,5.2500000000,1.2500000000,561.7500000000,133.7500000000,0.2380952381,180.6900000000,187.1900000000,FORCED_EOD,315,7.4900000000,7.9597300000,0.7490000000,8.7087300000,-1.2187300000,1.8725000000,1.9899325000,0.1872500000,2.1771825000,-0.3046825000
NVDA,NVDA,QQQ,2026-03-12 12:07:00-04:00,2026-03-12 12:08:00-04:00,2026-03-12 13:55:00-04:00,SHORT,2.5771250526,184.5650000000,183.0895099310,599.7300000000,600.2637214729,182.7505222027,184.5600000000,184.5230880000,183.3100000000,183.3466620000,108,19928.4935040000,5.2500000000,1.2500000000,567.0000000000,135.0000000000,0.2380952381,189.8100000000,183.3100000000,TAKE_PROFIT_BRACKET,107,135.0000000000,7.9459920000,0.7560000000,8.7019920000,126.2980080000,33.7500000000,1.9864980000,0.1890000000,2.1754980000,31.5745020000
NVDA,NVDA,QQQ,2026-03-12 15:02:00-04:00,2026-03-12 15:03:00-04:00,2026-03-12 15:59:00-04:00,SHORT,3.0892697526,183.1000000000,183.3868269241,598.0700000000,600.0671885977,182.1158570149,183.1000000000,183.0633800000,183.0100000000,183.0466020000,109,19953.9084200000,5.2500000000,1.2500000000,572.2500000000,136.2500000000,0.2380952381,188.3500000000,181.8500000000,FORCED_EOD,56,9.8100000000,7.9811980000,0.7630000000,8.7441980000,1.0658020000,2.4525000000,1.9952995000,0.1907500000,2.1860495000,0.2664505000
NVDA,NVDA,QQQ,2026-03-13 10:56:00-04:00,2026-03-13 10:57:00-04:00,2026-03-13 11:46:00-04:00,SHORT,2.8978479158,182.1550000000,184.3264971975,596.1600000000,600.5298263281,181.9452413098,182.1500000000,182.1135700000,180.9000000000,180.9361800000,109,19850.3791300000,5.2500000000,1.2500000000,572.2500000000,136.2500000000,0.2380952381,187.4000000000,180.9000000000,TAKE_PROFIT_BRACKET,49,136.2500000000,7.9144900000,0.7630000000,8.6774900000,127.5725100000,34.0625000000,1.9786225000,0.1907500000,2.1693725000,31.8931275000
NVDA,NVDA,QQQ,2026-03-13 14:01:00-04:00,2026-03-13 14:02:00-04:00,2026-03-13 15:59:00-04:00,LONG,-2.5086613100,180.3820000000,182.7862253284,593.2200000000,597.2916682246,180.5740573963,180.3700000000,180.4060740000,180.2600000000,180.2239480000,110,19844.6681400000,5.2500000000,1.2500000000,577.5000000000,137.5000000000,0.2380952381,175.1200000000,181.6200000000,FORCED_EOD,117,-12.1000000000,7.9338600000,0.7700000000,8.7038600000,-20.8038600000,-3.0250000000,1.9834650000,0.1925000000,2.1759650000,-5.2009650000
NVDA,NVDA,QQQ,2026-03-16 12:10:00-04:00,2026-03-16 12:11:00-04:00,2026-03-16 14:11:00-04:00,LONG,-3.3899690058,184.0650000000,184.2014334070,600.9801000000,600.9599116776,184.2111990180,184.0700000000,184.1068140000,185.3200000000,185.2829360000,108,19883.5359120000,5.2500000000,1.2500000000,567.0000000000,135.0000000000,0.2380952381,178.8200000000,185.3200000000,TAKE_PROFIT_BRACKET,120,135.0000000000,7.9788240000,0.7560000000,8.7348240000,126.2651760000,33.7500000000,1.9947060000,0.1890000000,2.1837060000,31.5662940000
NVDA,NVDA,QQQ,2026-03-16 14:11:00-04:00,2026-03-16 14:12:00-04:00,2026-03-16 14:54:00-04:00,SHORT,3.9507361461,185.3150000000,184.3003534260,601.1000000000,600.8463244423,184.4231519275,185.3150000000,185.2779370000,184.0650000000,184.1018130000,107,19824.7392590000,5.2500000000,1.2500000000,561.7500000000,133.7500000000,0.2380952381,190.5650000000,184.0650000000,TAKE_PROFIT_BRACKET,42,133.7500000000,7.9047320000,0.7490000000,8.6537320000,125.0962680000,33.4375000000,1.9761830000,0.1872500000,2.1634330000,31.2740670000
NVDA,NVDA,QQQ,2026-03-16 15:09:00-04:00,2026-03-16 15:10:00-04:00,2026-03-16 15:12:00-04:00,SHORT,3.3454865336,187.5800000000,184.4715540716,603.1100000000,600.9513830332,185.5172787033,187.5700000000,187.5324860000,186.3200000000,186.3572640000,106,19878.4435160000,5.2500000000,1.2500000000,556.5000000000,132.5000000000,0.2380952381,192.8200000000,186.3200000000,TAKE_PROFIT_BRACKET,2,132.5000000000,7.9264680000,0.7420000000,8.6684680000,123.8315320000,33.1250000000,1.9816170000,0.1855000000,2.1671170000,30.9578830000
NVDA,NVDA,QQQ,2026-03-17 12:18:00-04:00,2026-03-17 12:19:00-04:00,2026-03-17 15:59:00-04:00,SHORT,5.2060029307,182.9700000000,182.9677915029,603.4400000000,604.0684401477,182.7206021348,182.9740000000,182.9374052000,181.9600000000,181.9963920000,109,19940.1771668000,5.2500000000,1.2500000000,572.2500000000,136.2500000000,0.2380952381,188.2240000000,181.7240000000,FORCED_EOD,220,110.5260000000,7.9555612000,0.7630000000,8.7185612000,101.8074388000,27.6315000000,1.9888903000,0.1907500000,2.1796403000,25.4518597000
NVDA,NVDA,QQQ,2026-03-18 12:28:00-04:00,2026-03-18 12:29:00-04:00,2026-03-18 14:51:00-04:00,SHORT,2.7772454352,182.7927000000,182.3381659111,600.5500000000,600.9284346776,182.2180594548,182.8000000000,182.7634400000,181.5500000000,181.5863100000,109,19921.2149600000,5.2500000000,1.2500000000,572.2500000000,136.2500000000,0.2380952381,188.0500000000,181.5500000000,TAKE_PROFIT_BRACKET,142,136.2500000000,7.9428300000,0.7630000000,8.7058300000,127.5441700000,34.0625000000,1.9857075000,0.1907500000,2.1764575000,31.8860425000
NVDA,NVDA,QQQ,2026-03-19 14:21:00-04:00,2026-03-19 14:22:00-04:00,2026-03-19 15:51:00-04:00,SHORT,3.0843175279,179.2300000000,177.7989883239,591.3800000000,590.2090468149,178.1011658301,179.2360000000,179.2001528000,177.9860000000,178.0215972000,111,19891.2169608000,5.2500000000,1.2500000000,582.7500000000,138.7500000000,0.2380952381,184.4860000000,177.9860000000,TAKE_PROFIT_BRACKET,89,138.7500000000,7.9303284000,0.7770000000,8.7073284000,130.0426716000,34.6875000000,1.9825821000,0.1942500000,2.1768321000,32.5106679000
NVDA,NVDA,QQQ,2026-03-20 12:14:00-04:00,2026-03-20 12:15:00-04:00,2026-03-20 13:28:00-04:00,SHORT,3.2405720593,176.3723000000,176.3358039681,587.4801000000,586.8566605276,176.5075796971,176.3700000000,176.3347260000,175.1200000000,175.1550240000,113,19925.8240380000,5.2500000000,1.2500000000,593.2500000000,141.2500000000,0.2380952381,181.6200000000,175.1200000000,TAKE_PROFIT_BRACKET,73,141.2500000000,7.9436740000,0.7910000000,8.7346740000,132.5153260000,35.3125000000,1.9859185000,0.1977500000,2.1836685000,33.1288315000
NVDA,NVDA,QQQ,2026-03-20 13:28:00-04:00,2026-03-20 13:29:00-04:00,2026-03-20 15:59:00-04:00,LONG,-2.6253376616,175.1076000000,176.2460815915,584.9900000000,586.7002441935,175.7749737138,175.1050000000,175.1400210000,173.0000000000,172.9654000000,114,19965.9623940000,5.2500000000,1.2500000000,598.5000000000,142.5000000000,0.2380952381,169.8550000000,176.3550000000,FORCED_EOD,150,-239.9700000000,7.9367940000,0.7980000000,8.7347940000,-248.7047940000,-59.9925000000,1.9841985000,0.1995000000,2.1836985000,-62.1761985000
NVDA,NVDA,QQQ,2026-03-23 11:51:00-04:00,2026-03-23 11:52:00-04:00,2026-03-23 15:59:00-04:00,LONG,-2.5986873796,176.1002000000,177.3334102643,590.5200000000,592.5447563304,176.6445056045,176.1100000000,176.1452220000,175.5100000000,175.4748980000,113,19904.4100860000,5.2500000000,1.2500000000,593.2500000000,141.2500000000,0.2380952381,170.8600000000,177.3600000000,FORCED_EOD,247,-67.8000000000,7.9466120000,0.7910000000,8.7376120000,-76.5376120000,-16.9500000000,1.9866530000,0.1977500000,2.1844030000,-19.1344030000
NVDA,NVDA,QQQ,2026-03-24 10:07:00-04:00,2026-03-24 10:08:00-04:00,2026-03-24 11:21:00-04:00,LONG,-2.5043858945,174.7850000000,174.9269713769,585.0600000000,584.0597020949,175.2608629085,174.7650000000,174.7999530000,176.0150000000,175.9797970000,114,19927.1946420000,5.2500000000,1.2500000000,598.5000000000,142.5000000000,0.2380952381,169.5150000000,176.0150000000,TAKE_PROFIT_BRACKET,73,142.5000000000,7.9977840000,0.7980000000,8.7957840000,133.7042160000,35.6250000000,1.9994460000,0.1995000000,2.1989460000,33.4260540000
NVDA,NVDA,QQQ,2026-03-24 13:06:00-04:00,2026-03-24 13:07:00-04:00,2026-03-24 15:59:00-04:00,SHORT,2.6576112536,174.8600000000,175.0460009422,583.8000000000,585.0322802590,174.6350799145,174.8500000000,174.8150300000,175.3100000000,175.3450620000,114,19928.9134200000,5.2500000000,1.2500000000,598.5000000000,142.5000000000,0.2380952381,180.1000000000,173.6000000000,FORCED_EOD,172,-52.4400000000,7.9836480000,0.7980000000,8.7816480000,-61.2216480000,-13.1100000000,1.9959120000,0.1995000000,2.1954120000,-15.3054120000
NVDA,NVDA,QQQ,2026-03-25 11:30:00-04:00,2026-03-25 11:31:00-04:00,2026-03-25 15:59:00-04:00,LONG,-2.7678585110,179.7850000000,179.5538410558,589.2200000000,589.0142962849,179.6347453842,179.7800000000,179.8159560000,178.6700000000,178.6342660000,111,19959.5711160000,5.2500000000,1.2500000000,582.7500000000,138.7500000000,0.2380952381,174.5300000000,181.0300000000,FORCED_EOD,268,-123.2100000000,7.9575900000,0.7770000000,8.7345900000,-131.9445900000,-30.8025000000,1.9893975000,0.1942500000,2.1836475000,-32.9861475000
NVDA,NVDA,QQQ,2026-03-26 11:04:00-04:00,2026-03-26 11:05:00-04:00,2026-03-26 13:50:00-04:00,SHORT,3.6929007417,173.8650000000,174.9812001560,581.1400000000,582.5738661276,174.2707644218,173.8600000000,173.8252280000,172.6100000000,172.6445220000,115,19989.9012200000,5.2500000000,1.2500000000,603.7500000000,143.7500000000,0.2380952381,179.1100000000,172.6100000000,TAKE_PROFIT_BRACKET,165,143.7500000000,7.9688100000,0.8050000000,8.7738100000,134.9761900000,35.9375000000,1.9922025000,0.2012500000,2.1934525000,33.7440475000
NVDA,NVDA,QQQ,2026-03-26 15:11:00-04:00,2026-03-26 15:12:00-04:00,2026-03-26 15:59:00-04:00,LONG,-2.6874035918,171.5975000000,173.9975279030,574.8100000000,580.0470732110,171.4060692536,171.6250000000,171.6593250000,171.2200000000,171.1857560000,116,19912.4817000000,5.2500000000,1.2500000000,609.0000000000,145.0000000000,0.2380952381,166.3750000000,172.8750000000,FORCED_EOD,47,-46.9800000000,7.9540040000,0.8120000000,8.7660040000,-55.7460040000,-11.7450000000,1.9885010000,0.2030000000,2.1915010000,-13.9365010000
NVDA,NVDA,QQQ,2026-03-27 12:08:00-04:00,2026-03-27 12:09:00-04:00,2026-03-27 13:26:00-04:00,SHORT,2.6528683979,169.3200000000,169.1050526095,567.3450000000,568.0422906046,168.7390324823,169.3200000000,169.2861360000,168.0700000000,168.1036140000,118,19975.7640480000,5.2500000000,1.2500000000,619.5000000000,147.5000000000,0.2380952381,174.5700000000,168.0700000000,TAKE_PROFIT_BRACKET,77,147.5000000000,7.9624040000,0.8260000000,8.7884040000,138.7115960000,36.8750000000,1.9906010000,0.2065000000,2.1971010000,34.6778990000
NVDA,NVDA,QQQ,2026-03-27 13:40:00-04:00,2026-03-27 13:41:00-04:00,2026-03-27 15:59:00-04:00,SHORT,2.7262102101,168.0700000000,169.0165957616,564.2600000000,567.5599372107,167.2838352788,168.0800000000,168.0463840000,167.4600000000,167.4934920000,119,19997.5196960000,5.2500000000,1.2500000000,624.7500000000,148.7500000000,0.2380952381,173.3300000000,166.8300000000,FORCED_EOD,138,73.7800000000,7.9858520000,0.8330000000,8.8188520000,64.9611480000,18.4450000000,1.9964630000,0.2082500000,2.2047130000,16.2402870000
NVDA,NVDA,QQQ,2026-03-30 10:15:00-04:00,2026-03-30 10:16:00-04:00,2026-03-30 10:32:00-04:00,SHORT,2.5845696096,167.8800000000,167.4984585470,563.3400000000,564.4938578732,166.9453423900,167.8950000000,167.8614210000,166.6450000000,166.6783290000,119,19975.5090990000,5.2500000000,1.2500000000,624.7500000000,148.7500000000,0.2380952381,173.1450000000,166.6450000000,TAKE_PROFIT_BRACKET,16,148.7500000000,7.9620520000,0.8330000000,8.7950520000,139.9549480000,37.1875000000,1.9905130000,0.2082500000,2.1987630000,34.9887370000
NVDA,NVDA,QQQ,2026-03-30 13:20:00-04:00,2026-03-30 13:21:00-04:00,2026-03-30 15:07:00-04:00,SHORT,2.6763117346,166.2000000000,167.2344908536,560.5900000000,563.4515989164,165.8623761049,166.1950000000,166.1617610000,164.9450000000,164.9779890000,120,19939.4113200000,5.2500000000,1.2500000000,630.0000000000,150.0000000000,0.2380952381,171.4450000000,164.9450000000,TAKE_PROFIT_BRACKET,106,150.0000000000,7.9473600000,0.8400000000,8.7873600000,141.2126400000,37.5000000000,1.9868400000,0.2100000000,2.1968400000,35.3031600000
NVDA,NVDA,QQQ,2026-03-30 15:45:00-04:00,2026-03-30 15:46:00-04:00,2026-03-30 15:59:00-04:00,LONG,-3.2824745778,164.6650000000,166.6764054067,557.1100000000,561.6954498243,164.4782034061,164.6500000000,164.6829300000,165.0600000000,165.0269880000,121,19926.6345300000,5.2500000000,1.2500000000,635.2500000000,151.2500000000,0.2380952381,159.4000000000,165.9000000000,FORCED_EOD,13,49.6100000000,7.9789820000,0.8470000000,8.8259820000,40.7840180000,12.4025000000,1.9947455000,0.2117500000,2.2064955000,10.1960045000
NVDA,NVDA,QQQ,2026-03-31 12:38:00-04:00,2026-03-31 12:39:00-04:00,2026-03-31 12:41:00-04:00,LONG,-2.5448493436,171.6900000000,169.8907727014,569.8800000000,567.0745819794,171.4336805702,171.6900000000,171.7243380000,172.9400000000,172.9054120000,116,19920.0232080000,5.2500000000,1.2500000000,609.0000000000,145.0000000000,0.2380952381,166.4400000000,172.9400000000,TAKE_PROFIT_BRACKET,2,145.0000000000,7.9954160000,0.8120000000,8.8074160000,136.1925840000,36.2500000000,1.9988540000,0.2030000000,2.2018540000,34.0481460000
NVDA,NVDA,QQQ,2026-03-31 12:41:00-04:00,2026-03-31 12:42:00-04:00,2026-03-31 15:40:00-04:00,LONG,-5.4548017334,173.3100000000,170.0097749728,574.7901000000,567.3565616776,174.0988605205,173.3000000000,173.3346600000,174.5500000000,174.5150900000,115,19933.4859000000,5.2500000000,1.2500000000,603.7500000000,143.7500000000,0.2380952381,168.0500000000,174.5500000000,TAKE_PROFIT_BRACKET,178,143.7500000000,8.0005500000,0.8050000000,8.8055500000,134.9444500000,35.9375000000,2.0001375000,0.2012500000,2.2013875000,33.7361125000
NVDA,NVDA,QQQ,2026-03-31 15:48:00-04:00,2026-03-31 15:49:00-04:00,2026-03-31 15:59:00-04:00,LONG,-2.8795999078,174.3409000000,171.5599478751,577.8150000000,571.4960496908,175.0422016214,174.3450000000,174.3798690000,174.3100000000,174.2751380000,114,19879.3050660000,5.2500000000,1.2500000000,598.5000000000,142.5000000000,0.2380952381,169.0950000000,175.5950000000,FORCED_EOD,10,-3.9900000000,7.9493340000,0.7980000000,8.7473340000,-12.7373340000,-0.9975000000,1.9873335000,0.1995000000,2.1868335000,-3.1843335000
NVDA,NVDA,QQQ,2026-04-01 10:01:00-04:00,2026-04-01 10:02:00-04:00,2026-04-01 11:00:00-04:00,LONG,-2.5066743761,175.6300000000,175.8029488927,582.8700000000,582.1604315200,176.1531928953,175.6250000000,175.6601250000,176.8750000000,176.8396250000,113,19849.5941250000,5.2500000000,1.2500000000,593.2500000000,141.2500000000,0.2380952381,170.3750000000,176.8750000000,TAKE_PROFIT_BRACKET,58,141.2500000000,7.9665000000,0.7910000000,8.7575000000,132.4925000000,35.3125000000,1.9916250000,0.1977500000,2.1893750000,33.1231250000
NVDA,NVDA,QQQ,2026-04-01 12:42:00-04:00,2026-04-01 12:43:00-04:00,2026-04-01 15:59:00-04:00,LONG,-2.6987969478,176.8800000000,176.2864091250,587.0200000000,584.4103050473,177.5731278826,176.8900000000,176.9253780000,175.8000000000,175.7648400000,113,19992.5677140000,5.2500000000,1.2500000000,593.2500000000,141.2500000000,0.2380952381,171.6400000000,178.1400000000,FORCED_EOD,196,-123.1700000000,7.9707940000,0.7910000000,8.7617940000,-131.9317940000,-30.7925000000,1.9926985000,0.1977500000,2.1904485000,-32.9829485000
NVDA,NVDA,QQQ,2026-04-02 10:36:00-04:00,2026-04-02 10:37:00-04:00,2026-04-02 15:11:00-04:00,LONG,-2.8701715490,176.2080000000,173.5099409515,584.1345000000,576.6318253195,176.9689098451,176.2070000000,176.2422414000,177.4570000000,177.4215086000,113,19915.3732782000,5.2500000000,1.2500000000,593.2500000000,141.2500000000,0.2380952381,170.9570000000,177.4570000000,TAKE_PROFIT_BRACKET,274,141.2500000000,7.9928064000,0.7910000000,8.7838064000,132.4661936000,35.3125000000,1.9982016000,0.1977500000,2.1959516000,33.1165484000
NVDA,NVDA,QQQ,2026-04-02 15:50:00-04:00,2026-04-02 15:51:00-04:00,2026-04-02 15:59:00-04:00,LONG,-3.0053111785,177.2500000000,175.4015304152,584.2100000000,580.5691734878,177.0868574132,177.2550000000,177.2904510000,177.4000000000,177.3645200000,112,19856.5305120000,5.2500000000,1.2500000000,588.0000000000,140.0000000000,0.2380952381,172.0050000000,178.5050000000,FORCED_EOD,8,16.2400000000,7.9442720000,0.7840000000,8.7282720000,7.5117280000,4.0600000000,1.9860680000,0.1960000000,2.1820680000,1.8779320000
NVDA,NVDA,QQQ,2026-04-06 10:47:00-04:00,2026-04-06 10:48:00-04:00,2026-04-06 15:59:00-04:00,SHORT,2.8560374091,176.5500000000,176.7504745571,586.7850000000,587.9010852954,176.2631500281,176.5700000000,176.5346860000,177.6400000000,177.6755280000,113,19948.4195180000,5.2500000000,1.2500000000,593.2500000000,141.2500000000,0.2380952381,181.8200000000,175.3200000000,FORCED_EOD,311,-120.9100000000,8.0051460000,0.7910000000,8.7961460000,-129.7061460000,-30.2275000000,2.0012865000,0.1977500000,2.1990365000,-32.4265365000
NVDA,NVDA,QQQ,2026-04-07 10:33:00-04:00,2026-04-07 10:34:00-04:00,2026-04-07 15:18:00-04:00,LONG,-2.8691611437,175.0650000000,175.5757302509,583.0800000000,582.8254209803,175.7003248085,175.0650000000,175.1000130000,176.3150000000,176.2797370000,114,19961.4014820000,5.2500000000,1.2500000000,598.5000000000,142.5000000000,0.2380952381,169.8150000000,176.3150000000,TAKE_PROFIT_BRACKET,284,142.5000000000,8.0114640000,0.7980000000,8.8094640000,133.6905360000,35.6250000000,2.0028660000,0.1995000000,2.2023660000,33.4226340000
NVDA,NVDA,QQQ,2026-04-07 15:45:00-04:00,2026-04-07 15:46:00-04:00,2026-04-07 15:59:00-04:00,LONG,-2.6829596929,177.2800000000,175.4426591949,587.8100000000,583.2456958098,177.6731924615,177.2700000000,177.3054540000,178.0950000000,178.0593810000,112,19858.2108480000,5.2500000000,1.2500000000,588.0000000000,140.0000000000,0.2380952381,172.0200000000,178.5200000000,FORCED_EOD,13,92.4000000000,7.9601760000,0.7840000000,8.7441760000,83.6558240000,23.1000000000,1.9900440000,0.1960000000,2.1860440000,20.9139560000
NVDA,NVDA,QQQ,2026-04-08 10:06:00-04:00,2026-04-08 10:07:00-04:00,2026-04-08 15:59:00-04:00,LONG,-2.5588025985,181.8700000000,183.5720358576,605.8800000000,606.9328772147,183.0715225219,181.8600000000,181.8963720000,182.1200000000,182.0835760000,109,19826.7045480000,5.2500000000,1.2500000000,572.2500000000,136.2500000000,0.2380952381,176.6100000000,183.1100000000,FORCED_EOD,352,28.3400000000,7.9347640000,0.7630000000,8.6977640000,19.6422360000,7.0850000000,1.9836910000,0.1907500000,2.1744410000,4.9105590000
NVDA,NVDA,QQQ,2026-04-09 10:48:00-04:00,2026-04-09 10:49:00-04:00,2026-04-09 15:59:00-04:00,SHORT,2.7350370953,182.4400000000,181.6278315050,604.2699000000,604.6328162537,181.5593848859,182.4450000000,182.4085110000,183.8600000000,183.8967720000,109,19882.5276990000,5.2500000000,1.2500000000,572.2500000000,136.2500000000,0.2380952381,187.6950000000,181.1950000000,FORCED_EOD,310,-154.2350000000,7.9854490000,0.7630000000,8.7484490000,-162.9834490000,-38.5587500000,1.9963622500,0.1907500000,2.1871122500,-40.7458622500
NVDA,NVDA,QQQ,2026-04-10 11:22:00-04:00,2026-04-10 11:23:00-04:00,2026-04-10 11:40:00-04:00,SHORT,2.6713514388,189.8150000000,187.4252992332,613.2600000000,612.2111017741,187.6279779347,189.8101000000,189.7721379800,188.5601000000,188.5978120200,105,19926.0744879000,5.2500000000,1.2500000000,551.2500000000,131.2500000000,0.2380952381,195.0601000000,188.5601000000,TAKE_PROFIT_BRACKET,17,131.2500000000,7.9457742000,0.7350000000,8.6807742000,122.5692258000,32.8125000000,1.9864435500,0.1837500000,2.1701935500,30.6423064500
NVDA,NVDA,QQQ,2026-04-10 13:30:00-04:00,2026-04-10 13:31:00-04:00,2026-04-10 15:06:00-04:00,LONG,-2.5490919823,188.0400000000,187.8531364077,609.8700000000,611.6993583011,187.4985460260,188.0500000000,188.0876100000,189.3000000000,189.2621400000,106,19937.2866600000,5.2500000000,1.2500000000,556.5000000000,132.5000000000,0.2380952381,182.8000000000,189.3000000000,TAKE_PROFIT_BRACKET,95,132.5000000000,7.9998200000,0.7420000000,8.7418200000,123.7581800000,33.1250000000,1.9999550000,0.1855000000,2.1854550000,30.9395450000
NVDA,NVDA,QQQ,2026-04-10 15:06:00-04:00,2026-04-10 15:07:00-04:00,2026-04-10 15:59:00-04:00,SHORT,2.8455713764,189.3000000000,187.9710968763,610.9300000000,611.4989135422,187.8607171258,189.2950000000,189.2571410000,188.6400000000,188.6777280000,105,19871.9998050000,5.2500000000,1.2500000000,551.2500000000,131.2500000000,0.2380952381,194.5450000000,188.0450000000,FORCED_EOD,52,68.7750000000,7.9366350000,0.7350000000,8.6716350000,60.1033650000,17.1937500000,1.9841587500,0.1837500000,2.1679087500,15.0258412500
NVDA,NVDA,QQQ,2026-04-13 11:29:00-04:00,2026-04-13 11:30:00-04:00,2026-04-13 15:59:00-04:00,LONG,-3.0844628479,188.6108000000,187.8098268874,611.7999000000,610.8676149424,187.9293724133,188.6200000000,188.6577240000,189.2100000000,189.1721580000,106,19997.7187440000,5.2500000000,1.2500000000,556.5000000000,132.5000000000,0.2380952381,183.3700000000,189.8700000000,FORCED_EOD,269,62.5400000000,8.0099960000,0.7420000000,8.7519960000,53.7880040000,15.6350000000,2.0024990000,0.1855000000,2.1879990000,13.4470010000
NVDA,NVDA,QQQ,2026-04-14 11:46:00-04:00,2026-04-14 11:47:00-04:00,2026-04-14 15:59:00-04:00,SHORT,2.5120389115,194.1900000000,192.6632853672,625.6263000000,623.1083931727,192.9269780249,194.1900000000,194.1511620000,196.4900000000,196.5292980000,103,19997.5696860000,5.2500000000,1.2500000000,540.7500000000,128.7500000000,0.2380952381,199.4400000000,192.9400000000,FORCED_EOD,252,-236.9000000000,8.0480080000,0.7210000000,8.7690080000,-245.6690080000,-59.2250000000,2.0120020000,0.1802500000,2.1922520000,-61.4172520000
NVDA,NVDA,QQQ,2026-04-15 11:48:00-04:00,2026-04-15 11:49:00-04:00,2026-04-15 12:30:00-04:00,SHORT,3.1972796496,200.3150000000,198.8253032895,633.6900000000,631.1133225578,199.1402090296,200.3000000000,200.2599400000,199.0500000000,199.0898100000,99,19825.7340600000,5.2500000000,1.2500000000,519.7500000000,123.7500000000,0.2380952381,205.5500000000,199.0500000000,TAKE_PROFIT_BRACKET,41,123.7500000000,7.9071300000,0.6930000000,8.6001300000,115.1498700000,30.9375000000,1.9767825000,0.1732500000,2.1500325000,28.7874675000
NVDA,NVDA,QQQ,2026-04-15 12:30:00-04:00,2026-04-15 12:31:00-04:00,2026-04-15 15:59:00-04:00,LONG,-2.9980153553,198.7800000000,198.9302919046,633.3300000000,631.5654569932,199.1459029549,198.7900000000,198.8297580000,198.8677000000,198.8279264600,100,19882.9758000000,5.2500000000,1.2500000000,525.0000000000,125.0000000000,0.2380952381,193.5400000000,200.0400000000,FORCED_EOD,208,7.7700000000,7.9531540000,0.7000000000,8.6531540000,-0.8831540000,1.9425000000,1.9882885000,0.1750000000,2.1632885000,-0.2207885000
NVDA,NVDA,QQQ,2026-04-16 10:57:00-04:00,2026-04-16 10:58:00-04:00,2026-04-16 14:28:00-04:00,SHORT,2.5553695319,198.6300000000,197.2004022799,638.2600000000,637.2830654288,197.3845926144,198.6300000000,198.5902740000,197.3800000000,197.4194760000,100,19859.0274000000,5.2500000000,1.2500000000,525.0000000000,125.0000000000,0.2380952381,203.8800000000,197.3800000000,TAKE_PROFIT_BRACKET,210,125.0000000000,7.9202000000,0.7000000000,8.6202000000,116.3798000000,31.2500000000,1.9800500000,0.1750000000,2.1550500000,29.0949500000
NVDA,NVDA,QQQ,2026-04-16 15:35:00-04:00,2026-04-16 15:36:00-04:00,2026-04-16 15:59:00-04:00,SHORT,2.9838584891,198.5850000000,198.0445211884,639.9700000000,639.0408462499,198.2199689120,198.5800000000,198.5402840000,198.2400000000,198.2796480000,100,19854.0284000000,5.2500000000,1.2500000000,525.0000000000,125.0000000000,0.2380952381,203.8300000000,197.3300000000,FORCED_EOD,23,34.0000000000,7.9364000000,0.7000000000,8.6364000000,25.3636000000,8.5000000000,1.9841000000,0.1750000000,2.1591000000,6.3409000000
NVDA,NVDA,QQQ,2026-04-17 10:25:00-04:00,2026-04-17 10:26:00-04:00,2026-04-17 11:40:00-04:00,LONG,-2.7557833940,199.9850000000,200.5832914898,646.5900000000,646.1092405168,200.7320781834,199.9900000000,200.0299980000,201.2400000000,201.1997520000,99,19802.9698020000,5.2500000000,1.2500000000,519.7500000000,123.7500000000,0.2380952381,194.7400000000,201.2400000000,TAKE_PROFIT_BRACKET,74,123.7500000000,7.9443540000,0.6930000000,8.6373540000,115.1126460000,30.9375000000,1.9860885000,0.1732500000,2.1593385000,28.7781615000
NVDA,NVDA,QQQ,2026-04-17 11:45:00-04:00,2026-04-17 11:46:00-04:00,2026-04-17 13:20:00-04:00,SHORT,2.6568011286,201.1800000000,200.5945125628,648.8800000000,647.2987810954,201.0830003262,201.1900000000,201.1497620000,199.9400000000,199.9799880000,99,19913.8264380000,5.2500000000,1.2500000000,519.7500000000,123.7500000000,0.2380952381,206.4400000000,199.9400000000,TAKE_PROFIT_BRACKET,94,123.7500000000,7.9423740000,0.6930000000,8.6353740000,115.1146260000,30.9375000000,1.9855935000,0.1732500000,2.1588435000,28.7786565000
NVDA,NVDA,QQQ,2026-04-17 13:40:00-04:00,2026-04-17 13:41:00-04:00,2026-04-17 15:59:00-04:00,SHORT,2.6247574451,200.2900000000,200.5871638986,647.8000000000,647.8722385737,200.5648677237,200.3000000000,200.2599400000,201.6700000000,201.7103340000,99,19825.7340600000,5.2500000000,1.2500000000,519.7500000000,123.7500000000,0.2380952381,205.5500000000,199.0500000000,FORCED_EOD,138,-135.6300000000,7.9590060000,0.6930000000,8.6520060000,-144.2820060000,-33.9075000000,1.9897515000,0.1732500000,2.1630015000,-36.0705015000
NVDA,NVDA,QQQ,2026-04-20 10:51:00-04:00,2026-04-20 10:52:00-04:00,2026-04-20 15:59:00-04:00,SHORT,2.7553948133,198.8500000000,199.5148406037,644.7300000000,646.4458698648,197.9349799121,198.8000000000,198.7602400000,202.1200000000,202.1604240000,100,19876.0240000000,5.2500000000,1.2500000000,525.0000000000,125.0000000000,0.2380952381,204.0500000000,197.5500000000,FORCED_EOD,307,-332.0000000000,8.0184000000,0.7000000000,8.7184000000,-340.7184000000,-83.0000000000,2.0046000000,0.1750000000,2.1796000000,-85.1796000000
NVDA,NVDA,QQQ,2026-04-21 11:02:00-04:00,2026-04-21 11:03:00-04:00,2026-04-21 12:44:00-04:00,SHORT,2.5886361587,201.0000000000,201.7280755431,645.6150000000,648.1085054190,200.5245317584,200.9900000000,200.9498020000,199.7400000000,199.7799480000,99,19894.0303980000,5.2500000000,1.2500000000,519.7500000000,123.7500000000,0.2380952381,206.2400000000,199.7400000000,TAKE_PROFIT_BRACKET,101,123.7500000000,7.9344540000,0.6930000000,8.6274540000,115.1225460000,30.9375000000,1.9836135000,0.1732500000,2.1568635000,28.7806365000
NVDA,NVDA,QQQ,2026-04-21 13:41:00-04:00,2026-04-21 13:42:00-04:00,2026-04-21 15:59:00-04:00,LONG,-2.5357464368,200.1500000000,201.0751187365,646.3900000000,646.9259597085,200.8167923013,200.1600000000,200.2000320000,199.9100000000,199.8700180000,99,19819.8031680000,5.2500000000,1.2500000000,519.7500000000,123.7500000000,0.2380952381,194.9100000000,201.4100000000,FORCED_EOD,137,-24.7500000000,7.9213860000,0.6930000000,8.6143860000,-33.3643860000,-6.1875000000,1.9803465000,0.1732500000,2.1535965000,-8.3410965000
NVDA,NVDA,QQQ,2026-04-22 10:45:00-04:00,2026-04-22 10:46:00-04:00,2026-04-22 15:59:00-04:00,SHORT,3.0333259903,201.2400000000,200.2282797984,652.4900000000,650.8648719955,200.7983258965,201.2312000000,201.1909537600,202.4200000000,202.4604840000,99,19917.9044222400,5.2500000000,1.2500000000,519.7500000000,123.7500000000,0.2380952381,206.4812000000,199.9812000000,FORCED_EOD,313,-117.6912000000,7.9922937600,0.6930000000,8.6852937600,-126.3764937600,-29.4228000000,1.9980734400,0.1732500000,2.1713234400,-31.5941234400
NVDA,NVDA,QQQ,2026-04-23 13:42:00-04:00,2026-04-23 13:43:00-04:00,2026-04-23 14:35:00-04:00,LONG,-2.6408889977,198.2400000000,201.7837390750,647.8800000000,653.4267821751,200.0032236010,198.2300000000,198.2696460000,199.4800000000,199.4401040000,100,19826.9646000000,5.2500000000,1.2500000000,525.0000000000,125.0000000000,0.2380952381,192.9800000000,199.4800000000,TAKE_PROFIT_BRACKET,52,125.0000000000,7.9542000000,0.7000000000,8.6542000000,116.3458000000,31.2500000000,1.9885500000,0.1750000000,2.1635500000,29.0864500000
NVDA,NVDA,QQQ,2026-04-23 15:22:00-04:00,2026-04-23 15:23:00-04:00,2026-04-23 15:59:00-04:00,SHORT,2.7988449017,199.1400000000,201.0895016746,650.9450000000,652.2355835262,200.6758960526,199.1400000000,199.1001720000,199.7100000000,199.7499420000,100,19910.0172000000,5.2500000000,1.2500000000,525.0000000000,125.0000000000,0.2380952381,204.3900000000,197.8900000000,FORCED_EOD,36,-57.0000000000,7.9770000000,0.7000000000,8.6770000000,-65.6770000000,-14.2500000000,1.9942500000,0.1750000000,2.1692500000,-16.4192500000
NVDA,NVDA,QQQ,2026-04-24 10:33:00-04:00,2026-04-24 10:34:00-04:00,2026-04-24 10:57:00-04:00,SHORT,2.7073001792,203.0600000000,202.1807011613,657.6500000000,658.5468165933,201.8592093001,203.0700000000,203.0293860000,208.3200000000,208.3616640000,98,19896.8798280000,5.2500000000,1.2500000000,514.5000000000,122.5000000000,0.2380952381,208.3200000000,201.8200000000,STOP,23,-514.5000000000,8.0632440000,0.6860000000,8.7492440000,-523.2492440000,-128.6250000000,2.0158110000,0.1715000000,2.1873110000,-130.8123110000
NVDA,NVDA,QQQ,2026-04-27 12:33:00-04:00,2026-04-27 12:34:00-04:00,2026-04-27 15:59:00-04:00,SHORT,2.8289714736,212.2200000000,210.0074600402,662.8800000000,662.4164374304,210.2504256186,212.2200000000,212.1775560000,216.6300000000,216.6733260000,94,19944.6902640000,5.2500000000,1.2500000000,493.5000000000,117.5000000000,0.2380952381,217.4700000000,210.9700000000,FORCED_EOD,205,-414.5400000000,8.0623800000,0.6580000000,8.7203800000,-423.2603800000,-103.6350000000,2.0155950000,0.1645000000,2.1800950000,-105.8150950000
NVDA,NVDA,QQQ,2026-04-28 10:50:00-04:00,2026-04-28 10:51:00-04:00,2026-04-28 11:00:00-04:00,LONG,-2.7101073661,208.8500000000,211.3098929080,654.1900000000,657.3332280018,209.8769916477,208.8350000000,208.8767670000,210.0850000000,210.0429830000,95,19843.2928650000,5.2500000000,1.2500000000,498.7500000000,118.7500000000,0.2380952381,203.5850000000,210.0850000000,TAKE_PROFIT_BRACKET,9,118.7500000000,7.9594800000,0.6650000000,8.6244800000,110.1255200000,29.6875000000,1.9898700000,0.1662500000,2.1561200000,27.5313800000
NVDA,NVDA,QQQ,2026-04-28 11:53:00-04:00,2026-04-28 11:54:00-04:00,2026-04-28 15:59:00-04:00,SHORT,2.6195529453,209.6002000000,210.6902302443,654.4397000000,656.5078618184,209.7490016362,209.6100000000,209.5680780000,213.1500000000,213.1926300000,95,19908.9674100000,5.2500000000,1.2500000000,498.7500000000,118.7500000000,0.2380952381,214.8600000000,208.3600000000,FORCED_EOD,245,-336.3000000000,8.0324400000,0.6650000000,8.6974400000,-344.9974400000,-84.0750000000,2.0081100000,0.1662500000,2.1743600000,-86.2493600000
NVDA,NVDA,QQQ,2026-04-29 12:08:00-04:00,2026-04-29 12:09:00-04:00,2026-04-29 12:19:00-04:00,SHORT,2.6896672409,211.1900000000,210.9686602571,659.9900000000,659.3204979462,211.2792624981,211.1983000000,211.1560603400,209.9483000000,209.9902896600,94,19848.6696719600,5.2500000000,1.2500000000,493.5000000000,117.5000000000,0.2380952381,216.4483000000,209.9483000000,TAKE_PROFIT_BRACKET,10,117.5000000000,7.9175560800,0.6580000000,8.5755560800,108.9244439200,29.3750000000,1.9793890200,0.1645000000,2.1438890200,27.2311109800
NVDA,NVDA,QQQ,2026-04-29 12:29:00-04:00,2026-04-29 12:30:00-04:00,2026-04-29 15:59:00-04:00,LONG,-2.6942782128,209.6700000000,210.9066414608,658.4600000000,659.3136559627,210.5107169696,209.6600000000,209.7019320000,209.3500000000,209.3081300000,95,19921.6835400000,5.2500000000,1.2500000000,498.7500000000,118.7500000000,0.2380952381,204.4100000000,210.9100000000,FORCED_EOD,209,-29.4500000000,7.9611900000,0.6650000000,8.6261900000,-38.0761900000,-7.3625000000,1.9902975000,0.1662500000,2.1565475000,-9.5190475000
NVDA,NVDA,QQQ,2026-04-30 12:25:00-04:00,2026-04-30 12:26:00-04:00,2026-04-30 13:10:00-04:00,LONG,-3.1278123511,199.6750000000,202.3027471067,663.4000000000,661.1150804495,203.5025048818,199.6700000000,199.7099340000,200.9200000000,200.8798160000,100,19970.9934000000,5.2500000000,1.2500000000,525.0000000000,125.0000000000,0.2380952381,194.4200000000,200.9200000000,TAKE_PROFIT_BRACKET,44,125.0000000000,8.0118000000,0.7000000000,8.7118000000,116.2882000000,31.2500000000,2.0029500000,0.1750000000,2.1779500000,29.0720500000
NVDA,NVDA,QQQ,2026-04-30 14:07:00-04:00,2026-04-30 14:08:00-04:00,2026-04-30 14:45:00-04:00,LONG,-3.0754010748,200.6500000000,201.9259849670,667.2801000000,662.1200126658,204.6262754791,200.6500000000,200.6901300000,201.9000000000,201.8596200000,99,19868.3228700000,5.2500000000,1.2500000000,519.7500000000,123.7500000000,0.2380952381,195.4000000000,201.9000000000,TAKE_PROFIT_BRACKET,37,123.7500000000,7.9704900000,0.6930000000,8.6634900000,115.0865100000,30.9375000000,1.9926225000,0.1732500000,2.1658725000,28.7716275000
NVDA,NVDA,QQQ,2026-04-30 14:45:00-04:00,2026-04-30 14:46:00-04:00,2026-04-30 15:30:00-04:00,SHORT,2.8021438848,201.8350000000,201.8560201556,667.6000000000,662.5212391674,204.5112223943,201.8400000000,201.7996320000,200.5900000000,200.6301180000,99,19978.1635680000,5.2500000000,1.2500000000,519.7500000000,123.7500000000,0.2380952381,207.0900000000,200.5900000000,TAKE_PROFIT_BRACKET,44,123.7500000000,7.9681140000,0.6930000000,8.6611140000,115.0888860000,30.9375000000,1.9920285000,0.1732500000,2.1652785000,28.7722215000
NVDA,NVDA,QQQ,2026-05-01 10:45:00-04:00,2026-05-01 10:46:00-04:00,2026-05-01 14:45:00-04:00,SHORT,2.6560810854,199.6850000000,200.0754909375,673.8200000000,673.4576426608,200.1800147382,199.6900000000,199.6500620000,198.4400000000,198.4796880000,100,19965.0062000000,5.2500000000,1.2500000000,525.0000000000,125.0000000000,0.2380952381,204.9400000000,198.4400000000,TAKE_PROFIT_BRACKET,239,125.0000000000,7.9626000000,0.7000000000,8.6626000000,116.3374000000,31.2500000000,1.9906500000,0.1750000000,2.1656500000,29.0843500000
NVDA,NVDA,QQQ,2026-05-01 15:21:00-04:00,2026-05-01 15:22:00-04:00,2026-05-01 15:59:00-04:00,SHORT,2.5031456079,199.5001000000,199.6234757558,674.9400000000,674.0465734302,199.8803822587,199.5050000000,199.4650990000,198.2550000000,198.2946510000,100,19946.5099000000,5.2500000000,1.2500000000,525.0000000000,125.0000000000,0.2380952381,204.7550000000,198.2550000000,TAKE_PROFIT_BRACKET,37,125.0000000000,7.9552000000,0.7000000000,8.6552000000,116.3448000000,31.2500000000,1.9888000000,0.1750000000,2.1638000000,29.0862000000
NVDA,NVDA,QQQ,2026-05-04 11:15:00-04:00,2026-05-04 11:16:00-04:00,2026-05-04 13:55:00-04:00,LONG,-2.5804239785,196.8300000000,198.7130407168,674.7500000000,675.3094582338,198.6801160641,196.8350000000,196.8743670000,198.0850000000,198.0453830000,101,19884.3110670000,5.2500000000,1.2500000000,530.2500000000,126.2500000000,0.2380952381,191.5850000000,198.0850000000,TAKE_PROFIT_BRACKET,159,126.2500000000,7.9773840000,0.7070000000,8.6843840000,117.5656160000,31.5625000000,1.9943460000,0.1767500000,2.1710960000,29.3914040000
NVDA,NVDA,QQQ,2026-05-04 13:56:00-04:00,2026-05-04 13:57:00-04:00,2026-05-04 15:59:00-04:00,SHORT,2.6357576417,198.2999000000,197.5622923754,673.2050000000,673.2823359426,197.5577538140,198.2901000000,198.2504419800,198.5600000000,198.5997120000,100,19825.0441980000,5.2500000000,1.2500000000,525.0000000000,125.0000000000,0.2380952381,203.5401000000,197.0401000000,FORCED_EOD,122,-26.9900000000,7.9370020000,0.7000000000,8.6370020000,-35.6270020000,-6.7475000000,1.9842505000,0.1750000000,2.1592505000,-8.9067505000
NVDA,NVDA,QQQ,2026-05-05 10:00:00-04:00,2026-05-05 10:01:00-04:00,2026-05-05 15:59:00-04:00,LONG,-2.6818339265,198.3001000000,199.3159122139,679.9800000000,679.5498030616,199.3411480671,198.3200000000,198.3596640000,196.5000000000,196.4607000000,100,19835.9664000000,5.2500000000,1.2500000000,525.0000000000,125.0000000000,0.2380952381,193.0700000000,199.5700000000,FORCED_EOD,358,-182.0000000000,7.8964000000,0.7000000000,8.5964000000,-190.5964000000,-45.5000000000,1.9741000000,0.1750000000,2.1491000000,-47.6491000000
NVDA,NVDA,QQQ,2026-05-06 11:13:00-04:00,2026-05-06 11:14:00-04:00,2026-05-06 11:19:00-04:00,LONG,-2.5551657075,203.6299000000,203.2343678493,691.0700000000,689.4899111273,203.3275173960,203.5900000000,203.6307180000,204.8400000000,204.7990320000,98,19955.8103640000,5.2500000000,1.2500000000,514.5000000000,122.5000000000,0.2380952381,198.3400000000,204.8400000000,TAKE_PROFIT_BRACKET,5,122.5000000000,8.0052280000,0.6860000000,8.6912280000,113.8087720000,30.6250000000,2.0013070000,0.1715000000,2.1728070000,28.4521930000
NVDA,NVDA,QQQ,2026-05-06 11:25:00-04:00,2026-05-06 11:26:00-04:00,2026-05-06 11:43:00-04:00,SHORT,2.9104290987,206.7351000000,203.4024693272,692.3700000000,689.6599001175,203.5623281237,206.7400000000,206.6986520000,205.4900000000,205.5310980000,96,19843.0705920000,5.2500000000,1.2500000000,504.0000000000,120.0000000000,0.2380952381,211.9900000000,205.4900000000,TAKE_PROFIT_BRACKET,17,120.0000000000,7.9148160000,0.6720000000,8.5868160000,111.4131840000,30.0000000000,1.9787040000,0.1680000000,2.1467040000,27.8532960000
NVDA,NVDA,QQQ,2026-05-06 12:46:00-04:00,2026-05-06 12:47:00-04:00,2026-05-06 13:36:00-04:00,LONG,-2.8774241787,204.3630000000,203.9149196244,691.6300000000,690.2506416134,203.9964180650,204.3833000000,204.4241766600,205.6333000000,205.5921733400,97,19829.1451360200,5.2500000000,1.2500000000,509.2500000000,121.2500000000,0.2380952381,199.1333000000,205.6333000000,TAKE_PROFIT_BRACKET,49,121.2500000000,7.9543220400,0.6790000000,8.6333220400,112.6166779600,30.3125000000,1.9885805100,0.1697500000,2.1583305100,28.1541694900
NVDA,NVDA,QQQ,2026-05-06 14:18:00-04:00,2026-05-06 14:19:00-04:00,2026-05-06 15:59:00-04:00,SHORT,3.1955783578,206.7500000000,204.1382944653,693.6000000000,690.6508233669,204.3126343394,206.7500000000,206.7086500000,207.6500000000,207.6915300000,96,19844.0304000000,5.2500000000,1.2500000000,504.0000000000,120.0000000000,0.2380952381,212.0000000000,205.5000000000,FORCED_EOD,100,-86.4000000000,7.9564800000,0.6720000000,8.6284800000,-95.0284800000,-21.6000000000,1.9891200000,0.1680000000,2.1571200000,-23.7571200000
NVDA,NVDA,QQQ,2026-05-07 10:11:00-04:00,2026-05-07 10:12:00-04:00,2026-05-07 11:07:00-04:00,SHORT,2.5485138124,212.9700000000,209.0906262918,698.5850000000,697.0158405412,210.1782365683,212.9867000000,212.9441026600,211.7367000000,211.7790473400,93,19803.8015473800,5.2500000000,1.2500000000,488.2500000000,116.2500000000,0.2380952381,218.2367000000,211.7367000000,TAKE_PROFIT_BRACKET,55,116.2500000000,7.8998552400,0.6510000000,8.5508552400,107.6991447600,29.0625000000,1.9749638100,0.1627500000,2.1377138100,26.9247861900
NVDA,NVDA,QQQ,2026-05-07 11:43:00-04:00,2026-05-07 11:44:00-04:00,2026-05-07 12:00:00-04:00,SHORT,2.5303235440,213.4950000000,211.1124310934,699.6900000000,698.4911970639,211.9496036356,213.4970000000,213.4543006000,212.2470000000,212.2894494000,93,19851.2499558000,5.2500000000,1.2500000000,488.2500000000,116.2500000000,0.2380952381,218.7470000000,212.2470000000,TAKE_PROFIT_BRACKET,16,116.2500000000,7.9188384000,0.6510000000,8.5698384000,107.6801616000,29.0625000000,1.9797096000,0.1627500000,2.1424596000,26.9200404000
NVDA,NVDA,QQQ,2026-05-07 15:32:00-04:00,2026-05-07 15:33:00-04:00,2026-05-07 15:59:00-04:00,LONG,-2.8807003500,212.0600000000,211.6849967129,693.7400000000,696.2112306941,209.9488890615,212.0700000000,212.1124140000,211.5200000000,211.4776960000,94,19938.5669160000,5.2500000000,1.2500000000,493.5000000000,117.5000000000,0.2380952381,206.8200000000,213.3200000000,FORCED_EOD,26,-51.7000000000,7.9634920000,0.6580000000,8.6214920000,-60.3214920000,-12.9250000000,1.9908730000,0.1645000000,2.1553730000,-15.0803730000
NVDA,NVDA,QQQ,2026-05-08 11:12:00-04:00,2026-05-08 11:13:00-04:00,2026-05-08 11:18:00-04:00,SHORT,2.5915597544,216.6600000000,215.8703841329,706.7400000000,704.6835954513,216.6922711688,216.6600000000,216.6166680000,215.4100000000,215.4530820000,92,19928.7334560000,5.2500000000,1.2500000000,483.0000000000,115.0000000000,0.2380952381,221.9100000000,215.4100000000,TAKE_PROFIT_BRACKET,5,115.0000000000,7.9500880000,0.6440000000,8.5940880000,106.4059120000,28.7500000000,1.9875220000,0.1610000000,2.1485220000,26.6014780000
NVDA,NVDA,QQQ,2026-05-08 14:05:00-04:00,2026-05-08 14:06:00-04:00,2026-05-08 15:59:00-04:00,SHORT,3.2520803155,215.7200000000,215.8465601529,709.7500000000,706.6807260166,217.0696608535,215.7250000000,215.6818550000,215.1900000000,215.2330380000,92,19842.7306600000,5.2500000000,1.2500000000,483.0000000000,115.0000000000,0.2380952381,220.9750000000,214.4750000000,FORCED_EOD,113,49.2200000000,7.9288360000,0.6440000000,8.5728360000,40.6471640000,12.3050000000,1.9822090000,0.1610000000,2.1432090000,10.1617910000
NVDA,NVDA,QQQ,2026-05-11 10:51:00-04:00,2026-05-11 10:52:00-04:00,2026-05-11 13:12:00-04:00,SHORT,3.2231450780,221.2401000000,218.2484113514,712.2600000000,711.6064487531,218.4375350533,221.2400000000,221.1957520000,219.9900000000,220.0339980000,90,19907.6176800000,5.2500000000,1.2500000000,472.5000000000,112.5000000000,0.2380952381,226.4900000000,219.9900000000,TAKE_PROFIT_BRACKET,140,112.5000000000,7.9421400000,0.6300000000,8.5721400000,103.9278600000,28.1250000000,1.9855350000,0.1575000000,2.1430350000,25.9819650000
NVDA,NVDA,QQQ,2026-05-11 14:29:00-04:00,2026-05-11 14:30:00-04:00,2026-05-11 14:59:00-04:00,SHORT,2.9439591527,221.4289000000,219.6880794396,714.3691000000,712.5438457472,220.2190535726,221.4100000000,221.3657180000,220.1600000000,220.2040320000,90,19922.9146200000,5.2500000000,1.2500000000,472.5000000000,112.5000000000,0.2380952381,226.6600000000,220.1600000000,TAKE_PROFIT_BRACKET,29,112.5000000000,7.9482600000,0.6300000000,8.5782600000,103.9217400000,28.1250000000,1.9870650000,0.1575000000,2.1445650000,25.9804350000
NVDA,NVDA,QQQ,2026-05-11 15:15:00-04:00,2026-05-11 15:16:00-04:00,2026-05-11 15:59:00-04:00,LONG,-2.7454999131,219.6599000000,219.7646719124,712.7250000000,712.6382629002,219.7899095521,219.6500000000,219.6939300000,219.4900000000,219.4461020000,91,19992.1476300000,5.2500000000,1.2500000000,477.7500000000,113.7500000000,0.2380952381,214.4000000000,220.9000000000,FORCED_EOD,43,-14.5600000000,7.9923480000,0.6370000000,8.6293480000,-23.1893480000,-3.6400000000,1.9980870000,0.1592500000,2.1573370000,-5.7973370000
NVDA,NVDA,QQQ,2026-05-12 11:24:00-04:00,2026-05-12 11:25:00-04:00,2026-05-12 11:34:00-04:00,LONG,-3.4403747538,215.4800000000,219.7605512709,700.1100000000,705.3988317064,218.7325605484,215.5100000000,215.5531020000,216.7600000000,216.7166480000,92,19830.8853840000,5.2500000000,1.2500000000,483.0000000000,115.0000000000,0.2380952381,210.2600000000,216.7600000000,TAKE_PROFIT_BRACKET,9,115.0000000000,7.9537680000,0.6440000000,8.5977680000,106.4022320000,28.7500000000,1.9884420000,0.1610000000,2.1494420000,26.6005580000
NVDA,NVDA,QQQ,2026-05-12 12:53:00-04:00,2026-05-12 12:54:00-04:00,2026-05-12 13:20:00-04:00,LONG,-2.5559610517,216.3840000000,219.0466393957,696.8800000000,703.2232799363,217.8138988495,216.3600000000,216.4032720000,217.6100000000,217.5664780000,92,19909.1010240000,5.2500000000,1.2500000000,483.0000000000,115.0000000000,0.2380952381,211.1100000000,217.6100000000,TAKE_PROFIT_BRACKET,26,115.0000000000,7.9850480000,0.6440000000,8.6290480000,106.3709520000,28.7500000000,1.9962620000,0.1610000000,2.1572620000,26.5927380000
NVDA,NVDA,QQQ,2026-05-12 14:31:00-04:00,2026-05-12 14:32:00-04:00,2026-05-12 15:59:00-04:00,SHORT,2.6618036366,219.4750000000,218.7447114170,702.9000000000,702.4677814375,218.8286823569,219.4900000000,219.4461020000,220.9100000000,220.9541820000,91,19969.5952820000,5.2500000000,1.2500000000,477.7500000000,113.7500000000,0.2380952381,224.7400000000,218.2400000000,FORCED_EOD,87,-129.2200000000,8.0152800000,0.6370000000,8.6522800000,-137.8722800000,-32.3050000000,2.0038200000,0.1592500000,2.1630700000,-34.4680700000
NVDA,NVDA,QQQ,2026-05-13 10:58:00-04:00,2026-05-13 10:59:00-04:00,2026-05-13 15:53:00-04:00,SHORT,2.5048448796,226.3601000000,224.5777830907,710.5900000000,708.1891849598,225.2389920934,226.4100000000,226.3647180000,225.1600000000,225.2050320000,88,19920.0951840000,5.2500000000,1.2500000000,462.0000000000,110.0000000000,0.2380952381,231.6600000000,225.1600000000,TAKE_PROFIT_BRACKET,294,110.0000000000,7.9476320000,0.6160000000,8.5636320000,101.4363680000,27.5000000000,1.9869080000,0.1540000000,2.1409080000,25.3590920000
NVDA,NVDA,QQQ,2026-05-14 10:22:00-04:00,2026-05-14 10:23:00-04:00,2026-05-14 15:59:00-04:00,SHORT,2.5734110928,233.7550000000,231.6428554763,719.0800000000,717.4377095828,231.7903470584,233.7800000000,233.7332440000,235.7500000000,235.7971500000,85,19867.3257400000,5.2500000000,1.2500000000,446.2500000000,106.2500000000,0.2380952381,239.0300000000,232.5300000000,FORCED_EOD,336,-167.4500000000,7.9820100000,0.5950000000,8.5770100000,-176.0270100000,-41.8625000000,1.9955025000,0.1487500000,2.1442525000,-44.0067525000
NVDA,NVDA,QQQ,2026-05-15 11:37:00-04:00,2026-05-15 11:38:00-04:00,2026-05-15 11:49:00-04:00,SHORT,2.6628690865,228.9900000000,227.1243144041,712.4100000000,709.7667309050,227.4148156516,228.9800000000,228.9342040000,227.7300000000,227.7755460000,87,19917.2757480000,5.2500000000,1.2500000000,456.7500000000,108.7500000000,0.2380952381,234.2300000000,227.7300000000,TAKE_PROFIT_BRACKET,11,108.7500000000,7.9467540000,0.6090000000,8.5557540000,100.1942460000,27.1875000000,1.9866885000,0.1522500000,2.1389385000,25.0485615000
NVDA,NVDA,QQQ,2026-05-15 13:22:00-04:00,2026-05-15 13:23:00-04:00,2026-05-15 15:09:00-04:00,SHORT,2.5806451967,228.8700000000,227.3335432132,712.7400000000,710.0986392645,227.6239663360,228.8700000000,228.8242260000,227.6200000000,227.6655240000,87,19907.7076620000,5.2500000000,1.2500000000,456.7500000000,108.7500000000,0.2380952381,234.1200000000,227.6200000000,TAKE_PROFIT_BRACKET,106,108.7500000000,7.9429260000,0.6090000000,8.5519260000,100.1980740000,27.1875000000,1.9857315000,0.1522500000,2.1379815000,25.0495185000
NVDA,NVDA,QQQ,2026-05-15 15:54:00-04:00,2026-05-15 15:55:00-04:00,2026-05-15 15:59:00-04:00,LONG,-2.6646452446,225.2500000000,227.7653569842,709.0000000000,710.9083598969,227.5553697169,225.2600000000,225.3050520000,225.3000000000,225.2549400000,88,19826.8445760000,5.2500000000,1.2500000000,462.0000000000,110.0000000000,0.2380952381,220.0100000000,226.5100000000,FORCED_EOD,4,3.5200000000,7.9298560000,0.6160000000,8.5458560000,-5.0258560000,0.8800000000,1.9824640000,0.1540000000,2.1364640000,-1.2564640000
NVDA,NVDA,QQQ,2026-05-18 10:03:00-04:00,2026-05-18 10:04:00-04:00,2026-05-18 10:25:00-04:00,SHORT,2.8560960292,224.9600000000,226.3136857722,707.0250000000,709.0419211396,224.5927760469,224.9450000000,224.9000110000,223.6950000000,223.7397390000,88,19791.2009680000,5.2500000000,1.2500000000,462.0000000000,110.0000000000,0.2380952381,230.1950000000,223.6950000000,TAKE_PROFIT_BRACKET,21,110.0000000000,7.8960640000,0.6160000000,8.5120640000,101.4879360000,27.5000000000,1.9740160000,0.1540000000,2.1280160000,25.3719840000
NVDA,NVDA,QQQ,2026-05-18 11:09:00-04:00,2026-05-18 11:10:00-04:00,2026-05-18 12:26:00-04:00,SHORT,2.7031177580,222.5650000000,224.5817659255,703.8100000000,707.2927914373,221.6255714914,222.5900000000,222.5454820000,221.3400000000,221.3842680000,89,19806.5478980000,5.2500000000,1.2500000000,467.2500000000,111.2500000000,0.2380952381,227.8400000000,221.3400000000,TAKE_PROFIT_BRACKET,76,111.2500000000,7.9019540000,0.6230000000,8.5249540000,102.7250460000,27.8125000000,1.9754885000,0.1557500000,2.1312385000,25.6812615000
NVDA,NVDA,QQQ,2026-05-18 14:16:00-04:00,2026-05-18 14:17:00-04:00,2026-05-18 14:50:00-04:00,SHORT,3.5515591408,219.8599000000,223.3904003264,700.5550000000,705.1047770153,219.5371144719,219.8450000000,219.8010310000,218.5950000000,218.6387190000,90,19782.0927900000,5.2500000000,1.2500000000,472.5000000000,112.5000000000,0.2380952381,225.0950000000,218.5950000000,TAKE_PROFIT_BRACKET,33,112.5000000000,7.8919200000,0.6300000000,8.5219200000,103.9780800000,28.1250000000,1.9729800000,0.1575000000,2.1304800000,25.9945200000
NVDA,NVDA,QQQ,2026-05-18 15:01:00-04:00,2026-05-18 15:02:00-04:00,2026-05-18 15:59:00-04:00,LONG,-3.4237704280,221.3999000000,222.9238118491,704.2700000000,704.5331182746,222.7012573765,221.3800000000,221.4242760000,222.3600000000,222.3155280000,90,19928.1848400000,5.2500000000,1.2500000000,472.5000000000,112.5000000000,0.2380952381,216.1300000000,222.6300000000,FORCED_EOD,57,88.2000000000,7.9873200000,0.6300000000,8.6173200000,79.5826800000,22.0500000000,1.9968300000,0.1575000000,2.1543300000,19.8956700000
NVDA,NVDA,QQQ,2026-05-19 10:20:00-04:00,2026-05-19 10:21:00-04:00,2026-05-19 13:16:00-04:00,SHORT,2.5699765941,218.8300000000,220.6652752118,696.0000000000,700.5137501388,216.7780375273,218.8500000000,218.8062300000,224.1000000000,224.1448200000,91,19911.3669300000,5.2500000000,1.2500000000,477.7500000000,113.7500000000,0.2380952381,224.1000000000,217.6000000000,STOP,175,-477.7500000000,8.0616900000,0.6370000000,8.6986900000,-486.4486900000,-119.4375000000,2.0154225000,0.1592500000,2.1746725000,-121.6121725000
NVDA,NVDA,QQQ,2026-05-19 14:29:00-04:00,2026-05-19 14:30:00-04:00,2026-05-19 15:24:00-04:00,SHORT,2.6562601667,222.6500000000,221.2459951561,704.0100000000,700.7867499853,224.0280762134,222.6400000000,222.5954720000,221.3900000000,221.4342780000,89,19810.9970080000,5.2500000000,1.2500000000,467.2500000000,111.2500000000,0.2380952381,227.8900000000,221.3900000000,TAKE_PROFIT_BRACKET,54,111.2500000000,7.9037340000,0.6230000000,8.5267340000,102.7232660000,27.8125000000,1.9759335000,0.1557500000,2.1316835000,25.6808165000
NVDA,NVDA,QQQ,2026-05-20 11:15:00-04:00,2026-05-20 11:16:00-04:00,2026-05-20 15:59:00-04:00,LONG,-2.8711956730,225.6100000000,223.1852587589,711.7100000000,707.1974861102,227.5857618773,225.6000000000,225.6451200000,223.4350000000,223.3903130000,88,19856.7705600000,5.2500000000,1.2500000000,462.0000000000,110.0000000000,0.2380952381,220.3500000000,226.8500000000,FORCED_EOD,283,-190.5200000000,7.9030160000,0.6160000000,8.5190160000,-199.0390160000,-47.6300000000,1.9757540000,0.1540000000,2.1297540000,-49.7597540000
NVDA,NVDA,QQQ,2026-05-21 12:29:00-04:00,2026-05-21 12:30:00-04:00,2026-05-21 15:59:00-04:00,SHORT,2.7014445672,219.5350000000,221.3436451429,709.7100000000,709.4129405495,221.5428723473,219.5400000000,219.4960920000,219.5000000000,219.5439000000,91,19974.1443720000,5.2500000000,1.2500000000,477.7500000000,113.7500000000,0.2380952381,224.7900000000,218.2900000000,FORCED_EOD,209,3.6400000000,7.9905280000,0.6370000000,8.6275280000,-4.9875280000,0.9100000000,1.9976320000,0.1592500000,2.1568820000,-1.2468820000
NVDA,NVDA,QQQ,2026-05-22 11:24:00-04:00,2026-05-22 11:25:00-04:00,2026-05-22 12:07:00-04:00,SHORT,2.6308598923,217.9700000000,217.6500911110,720.4800000000,718.9315188678,218.3783462514,217.9750000000,217.9314050000,216.7250000000,216.7683450000,91,19831.7578550000,5.2500000000,1.2500000000,477.7500000000,113.7500000000,0.2380952381,223.2250000000,216.7250000000,TAKE_PROFIT_BRACKET,42,113.7500000000,7.9115400000,0.6370000000,8.5485400000,105.2014600000,28.4375000000,1.9778850000,0.1592500000,2.1371350000,26.3003650000
NVDA,NVDA,QQQ,2026-05-22 13:07:00-04:00,2026-05-22 13:08:00-04:00,2026-05-22 13:49:00-04:00,SHORT,2.7284360712,217.7100000000,217.5442803626,721.0500000000,719.3991212948,218.3198115074,217.7199000000,217.6763560200,216.4699000000,216.5131939800,91,19808.5483978200,5.2500000000,1.2500000000,477.7500000000,113.7500000000,0.2380952381,222.9699000000,216.4699000000,TAKE_PROFIT_BRACKET,41,113.7500000000,7.9022543600,0.6370000000,8.5392543600,105.2107456400,28.4375000000,1.9755635900,0.1592500000,2.1348135900,26.3026864100
NVDA,NVDA,QQQ,2026-05-22 15:01:00-04:00,2026-05-22 15:02:00-04:00,2026-05-22 15:16:00-04:00,SHORT,2.7648887766,216.1300000000,217.2725900000,719.5400000000,719.7248719994,217.1858906423,216.1400000000,216.0967720000,214.8900000000,214.9329780000,92,19880.9030240000,5.2500000000,1.2500000000,483.0000000000,115.0000000000,0.2380952381,221.3900000000,214.8900000000,TAKE_PROFIT_BRACKET,14,115.0000000000,7.9309520000,0.6440000000,8.5749520000,106.4250480000,28.7500000000,1.9827380000,0.1610000000,2.1437380000,26.6062620000
NVDA,NVDA,QQQ,2026-05-22 15:28:00-04:00,2026-05-22 15:29:00-04:00,2026-05-22 15:59:00-04:00,SHORT,2.6786670476,215.5600000000,217.0902622590,717.8100000000,719.6214673651,216.2413299574,215.5600000000,215.5168880000,215.2500000000,215.2930500000,92,19827.5536960000,5.2500000000,1.2500000000,483.0000000000,115.0000000000,0.2380952381,220.8100000000,214.3100000000,FORCED_EOD,30,28.5200000000,7.9269040000,0.6440000000,8.5709040000,19.9490960000,7.1300000000,1.9817260000,0.1610000000,2.1427260000,4.9872740000
NVDA,NVDA,QQQ,2026-05-26 11:10:00-04:00,2026-05-26 11:11:00-04:00,2026-05-26 15:59:00-04:00,LONG,-2.5918500838,213.6402000000,216.0092839157,728.6900000000,728.1418169995,216.1674062509,213.6500000000,213.6927300000,214.8400000000,214.7970320000,93,19873.4238900000,5.2500000000,1.2500000000,488.2500000000,116.2500000000,0.2380952381,208.4000000000,214.9000000000,FORCED_EOD,288,110.6700000000,7.9699140000,0.6510000000,8.6209140000,102.0490860000,27.6675000000,1.9924785000,0.1627500000,2.1552285000,25.5122715000
NVDA,NVDA,QQQ,2026-05-27 12:06:00-04:00,2026-05-27 12:07:00-04:00,2026-05-27 15:59:00-04:00,SHORT,2.9068826343,210.5450000000,210.6404270685,726.9500000000,728.4969608353,210.2660173295,210.5401000000,210.4979919800,212.5800000000,212.6225160000,95,19997.3092381000,5.2500000000,1.2500000000,498.7500000000,118.7500000000,0.2380952381,215.7901000000,209.2901000000,FORCED_EOD,232,-193.7905000000,8.0392819000,0.6650000000,8.7042819000,-202.4947819000,-48.4476250000,2.0098204750,0.1662500000,2.1760704750,-50.6236954750
NVDA,NVDA,QQQ,2026-05-28 12:43:00-04:00,2026-05-28 12:44:00-04:00,2026-05-28 15:59:00-04:00,SHORT,2.7395705009,213.5900000000,212.7642412832,735.6500000000,731.7253977700,214.1332884665,213.5900000000,213.5472820000,212.3400000000,212.3824680000,93,19859.8972260000,5.2500000000,1.2500000000,488.2500000000,116.2500000000,0.2380952381,218.8400000000,212.3400000000,TAKE_PROFIT_BRACKET,195,116.2500000000,7.9222980000,0.6510000000,8.5732980000,107.6767020000,29.0625000000,1.9805745000,0.1627500000,2.1433245000,26.9191755000
NVDA,NVDA,QQQ,2026-05-29 12:12:00-04:00,2026-05-29 12:13:00-04:00,2026-05-29 13:59:00-04:00,SHORT,2.8385670041,216.7500000000,215.5333841824,739.2700000000,738.4896803960,215.7323951373,216.7400000000,216.6966520000,215.4900000000,215.5330980000,92,19936.0919840000,5.2500000000,1.2500000000,483.0000000000,115.0000000000,0.2380952381,221.9900000000,215.4900000000,TAKE_PROFIT_BRACKET,106,115.0000000000,7.9530320000,0.6440000000,8.5970320000,106.4029680000,28.7500000000,1.9882580000,0.1610000000,2.1492580000,26.6007420000
NVDA,NVDA,QQQ,2026-05-29 14:00:00-04:00,2026-05-29 14:01:00-04:00,2026-05-29 14:27:00-04:00,LONG,-2.5597497966,215.3700000000,215.7534005299,736.0800000000,738.3927656301,215.1628783836,215.3700000000,215.4130740000,216.6200000000,216.5766760000,92,19818.0028080000,5.2500000000,1.2500000000,483.0000000000,115.0000000000,0.2380952381,210.1200000000,216.6200000000,TAKE_PROFIT_BRACKET,26,115.0000000000,7.9486160000,0.6440000000,8.5926160000,106.4073840000,28.7500000000,1.9871540000,0.1610000000,2.1481540000,26.6018460000
NVDA,NVDA,QQQ,2026-05-29 14:28:00-04:00,2026-05-29 14:29:00-04:00,2026-05-29 15:50:00-04:00,SHORT,2.7917038910,216.9450000000,215.7687792845,737.9300000000,738.2726597022,215.6812669639,216.9300000000,216.8866140000,215.6800000000,215.7231360000,92,19953.5684880000,5.2500000000,1.2500000000,483.0000000000,115.0000000000,0.2380952381,222.1800000000,215.6800000000,TAKE_PROFIT_BRACKET,81,115.0000000000,7.9600240000,0.6440000000,8.6040240000,106.3959760000,28.7500000000,1.9900060000,0.1610000000,2.1510060000,26.5989940000
NVDA,NVDA,QQQ,2026-05-29 15:50:00-04:00,2026-05-29 15:51:00-04:00,2026-05-29 15:59:00-04:00,LONG,-6.0472545986,213.8800000000,215.9752838953,738.9150000000,738.1992117870,216.1582831696,213.8700000000,213.9127740000,211.1500000000,211.1077700000,93,19893.8879820000,5.2500000000,1.2500000000,488.2500000000,116.2500000000,0.2380952381,208.6200000000,215.1200000000,FORCED_EOD,8,-252.9600000000,7.9053720000,0.6510000000,8.5563720000,-261.5163720000,-63.2400000000,1.9763430000,0.1627500000,2.1390930000,-65.3790930000
NVDA,NVDA,QQQ,2026-06-01 10:23:00-04:00,2026-06-01 10:24:00-04:00,2026-06-01 10:36:00-04:00,SHORT,2.5843501912,222.1300000000,219.4518505873,738.8100000000,738.0555151176,219.6319308962,222.1200000000,222.0755760000,220.8700000000,220.9141740000,90,19986.8018400000,5.2500000000,1.2500000000,472.5000000000,112.5000000000,0.2380952381,227.3700000000,220.8700000000,TAKE_PROFIT_BRACKET,12,112.5000000000,7.9738200000,0.6300000000,8.6038200000,103.8961800000,28.1250000000,1.9934550000,0.1575000000,2.1509550000,25.9740450000
NVDA,NVDA,QQQ,2026-06-01 12:15:00-04:00,2026-06-01 12:16:00-04:00,2026-06-01 15:59:00-04:00,SHORT,3.0081114178,220.7699000000,219.7807821020,740.2700000000,739.1826031676,220.0403144572,220.7550000000,220.7108490000,224.4300000000,224.4748860000,90,19863.9764100000,5.2500000000,1.2500000000,472.5000000000,112.5000000000,0.2380952381,226.0050000000,219.5050000000,FORCED_EOD,223,-330.7500000000,8.0133300000,0.6300000000,8.6433300000,-339.3933300000,-82.6875000000,2.0033325000,0.1575000000,2.1608325000,-84.8483325000
NVDA,NVDA,QQQ,2026-06-02 12:22:00-04:00,2026-06-02 12:23:00-04:00,2026-06-02 12:33:00-04:00,LONG,-2.9160369080,224.2200000000,227.6894909557,744.9250000000,743.3146225251,227.8451940401,224.2050000000,224.2498410000,225.4550000000,225.4099090000,89,19958.2358490000,5.2500000000,1.2500000000,467.2500000000,111.2500000000,0.2380952381,218.9550000000,225.4550000000,TAKE_PROFIT_BRACKET,10,111.2500000000,8.0039480000,0.6230000000,8.6269480000,102.6230520000,27.8125000000,2.0009870000,0.1557500000,2.1567370000,25.6557630000
NVDA,NVDA,QQQ,2026-06-02 13:35:00-04:00,2026-06-02 13:36:00-04:00,2026-06-02 15:59:00-04:00,LONG,-2.5133003331,223.4700000000,227.2353414100,744.1950000000,743.6524590873,227.2876698239,223.4700000000,223.5146940000,222.8100000000,222.7654380000,89,19892.8077660000,5.2500000000,1.2500000000,467.2500000000,111.2500000000,0.2380952381,218.2200000000,224.7200000000,FORCED_EOD,143,-58.7400000000,7.9437840000,0.6230000000,8.5667840000,-67.3067840000,-14.6850000000,1.9859460000,0.1557500000,2.1416960000,-16.8266960000
NVDA,NVDA,QQQ,2026-06-03 11:07:00-04:00,2026-06-03 11:08:00-04:00,2026-06-03 12:34:00-04:00,SHORT,2.5025047707,216.6500000000,217.2571652400,745.4100000000,745.0438779504,217.6842146580,216.6450000000,216.6016710000,215.3950000000,215.4380790000,92,19927.3537320000,5.2500000000,1.2500000000,483.0000000000,115.0000000000,0.2380952381,221.8950000000,215.3950000000,TAKE_PROFIT_BRACKET,86,115.0000000000,7.9495360000,0.6440000000,8.5935360000,106.4064640000,28.7500000000,1.9873840000,0.1610000000,2.1483840000,26.6016160000
NVDA,NVDA,QQQ,2026-06-03 15:36:00-04:00,2026-06-03 15:37:00-04:00,2026-06-03 15:59:00-04:00,LONG,-2.8984262410,215.4600000000,216.6680692552,745.1500000000,744.4280466908,217.5085761668,215.4500000000,215.4930900000,214.9000000000,214.8570200000,92,19825.3642800000,5.2500000000,1.2500000000,483.0000000000,115.0000000000,0.2380952381,210.2000000000,216.7000000000,FORCED_EOD,22,-50.6000000000,7.9184400000,0.6440000000,8.5624400000,-59.1624400000,-12.6500000000,1.9796100000,0.1610000000,2.1406100000,-14.7906100000
NVDA,NVDA,QQQ,2026-06-04 13:16:00-04:00,2026-06-04 13:17:00-04:00,2026-06-04 15:59:00-04:00,SHORT,2.5169677189,219.3530000000,215.3225737562,740.6500000000,737.1246007088,219.4418124747,219.3502000000,219.3063299600,218.7150000000,218.7587430000,91,19956.8760263600,5.2500000000,1.2500000000,477.7500000000,113.7500000000,0.2380952381,224.6002000000,218.1002000000,FORCED_EOD,162,57.8032000000,7.9727866400,0.6370000000,8.6097866400,49.1934133600,14.4508000000,1.9931966600,0.1592500000,2.1524466600,12.2983533400
NVDA,NVDA,QQQ,2026-06-05 11:41:00-04:00,2026-06-05 11:42:00-04:00,2026-06-05 14:17:00-04:00,SHORT,2.5289982286,207.5542000000,211.3789358602,719.9900000000,725.5772070396,206.8480477414,207.5550000000,207.5134890000,206.3050000000,206.3462610000,96,19921.2949440000,5.2500000000,1.2500000000,504.0000000000,120.0000000000,0.2380952381,212.8050000000,206.3050000000,TAKE_PROFIT_BRACKET,155,120.0000000000,7.9461120000,0.6720000000,8.6181120000,111.3818880000,30.0000000000,1.9865280000,0.1680000000,2.1545280000,27.8454720000
NVDA,NVDA,QQQ,2026-06-05 14:17:00-04:00,2026-06-05 14:18:00-04:00,2026-06-05 14:38:00-04:00,SHORT,2.5898721962,206.4301000000,209.8573329546,711.9000000000,720.8841507198,202.5770845349,206.4450000000,206.4037110000,205.1950000000,205.2360390000,96,19814.7562560000,5.2500000000,1.2500000000,504.0000000000,120.0000000000,0.2380952381,211.6950000000,205.1950000000,TAKE_PROFIT_BRACKET,20,120.0000000000,7.9034880000,0.6720000000,8.5754880000,111.4245120000,30.0000000000,1.9758720000,0.1680000000,2.1438720000,27.8561280000
NVDA,NVDA,QQQ,2026-06-05 15:12:00-04:00,2026-06-05 15:13:00-04:00,2026-06-05 15:59:00-04:00,SHORT,2.5084843993,205.0100000000,209.1773698519,706.5000000000,718.2150606405,199.6797402432,205.0100000000,204.9689980000,205.1100000000,205.1510220000,97,19881.9928060000,5.2500000000,1.2500000000,509.2500000000,121.2500000000,0.2380952381,210.2600000000,203.7600000000,FORCED_EOD,46,-9.7000000000,7.9563280000,0.6790000000,8.6353280000,-18.3353280000,-2.4250000000,1.9890820000,0.1697500000,2.1588320000,-4.5838320000
NVDA,NVDA,QQQ,2026-06-08 10:51:00-04:00,2026-06-08 10:52:00-04:00,2026-06-08 12:19:00-04:00,LONG,-2.7192299653,208.3600000000,208.1268610615,720.5087000000,716.7977209455,209.8270735452,208.3500000000,208.3916700000,209.6000000000,209.5580800000,95,19797.2086500000,5.2500000000,1.2500000000,498.7500000000,118.7500000000,0.2380952381,203.1000000000,209.6000000000,TAKE_PROFIT_BRACKET,87,118.7500000000,7.9410500000,0.6650000000,8.6060500000,110.1439500000,29.6875000000,1.9852625000,0.1662500000,2.1515125000,27.5359875000
NVDA,NVDA,QQQ,2026-06-08 13:02:00-04:00,2026-06-08 13:03:00-04:00,2026-06-08 15:59:00-04:00,SHORT,2.9713738732,208.0399000000,208.3449541110,717.3600000000,718.6510574643,207.7543538021,208.0100000000,207.9683980000,208.6400000000,208.6817280000,96,19964.9662080000,5.2500000000,1.2500000000,504.0000000000,120.0000000000,0.2380952381,213.2600000000,206.7600000000,FORCED_EOD,176,-60.4800000000,7.9996800000,0.6720000000,8.6716800000,-69.1516800000,-15.1200000000,1.9999200000,0.1680000000,2.1679200000,-17.2879200000
NVDA,NVDA,QQQ,2026-06-09 10:08:00-04:00,2026-06-09 10:09:00-04:00,2026-06-09 12:05:00-04:00,LONG,-2.7714043369,207.9200000000,209.8439296535,721.4600000000,722.6014412733,209.4556772035,207.8900000000,207.9315780000,202.6400000000,202.5994720000,96,19961.4314880000,5.2500000000,1.2500000000,504.0000000000,120.0000000000,0.2380952381,202.6400000000,209.1400000000,STOP,116,-504.0000000000,7.8821760000,0.6720000000,8.5541760000,-512.5541760000,-126.0000000000,1.9705440000,0.1680000000,2.1385440000,-128.1385440000
NVDA,NVDA,QQQ,2026-06-09 15:04:00-04:00,2026-06-09 15:05:00-04:00,2026-06-09 15:59:00-04:00,LONG,-4.0142499062,207.2300000000,205.0317976740,708.0300000000,703.1857156700,206.6862103580,207.2100000000,207.2514420000,208.2000000000,208.1583600000,96,19896.1384320000,5.2500000000,1.2500000000,504.0000000000,120.0000000000,0.2380952381,201.9600000000,208.4600000000,FORCED_EOD,54,95.0400000000,7.9758720000,0.6720000000,8.6478720000,86.3921280000,23.7600000000,1.9939680000,0.1680000000,2.1619680000,21.5980320000
NVDA,NVDA,QQQ,2026-06-10 10:45:00-04:00,2026-06-10 10:46:00-04:00,2026-06-10 10:55:00-04:00,SHORT,2.9792528047,205.7950000000,205.8754786208,706.7200000000,706.2080942871,206.0560618616,205.8100000000,205.7688380000,204.5600000000,204.6009120000,97,19959.5772860000,5.2500000000,1.2500000000,509.2500000000,121.2500000000,0.2380952381,211.0600000000,204.5600000000,TAKE_PROFIT_BRACKET,9,121.2500000000,7.9611780000,0.6790000000,8.6401780000,112.6098220000,30.3125000000,1.9902945000,0.1697500000,2.1600445000,28.1524555000
NVDA,NVDA,QQQ,2026-06-10 11:48:00-04:00,2026-06-10 11:49:00-04:00,2026-06-10 14:56:00-04:00,SHORT,2.5086505570,202.1800000000,204.8559558034,697.2050000000,704.0305908339,202.4526288849,202.2000000000,202.1595600000,200.9500000000,200.9901900000,98,19811.6368800000,5.2500000000,1.2500000000,514.5000000000,122.5000000000,0.2380952381,207.4500000000,200.9500000000,TAKE_PROFIT_BRACKET,187,122.5000000000,7.9017400000,0.6860000000,8.5877400000,113.9122600000,30.6250000000,1.9754350000,0.1715000000,2.1469350000,28.4780650000
NVDA,NVDA,QQQ,2026-06-10 15:08:00-04:00,2026-06-10 15:09:00-04:00,2026-06-10 15:59:00-04:00,LONG,-2.6393239011,201.2450000000,203.8661268893,696.6900000000,701.4834509177,202.1803835100,201.2400000000,201.2802480000,200.3400000000,200.2999320000,99,19926.7445520000,5.2500000000,1.2500000000,519.7500000000,123.7500000000,0.2380952381,195.9900000000,202.4900000000,FORCED_EOD,50,-89.1000000000,7.9512840000,0.6930000000,8.6442840000,-97.7442840000,-22.2750000000,1.9878210000,0.1732500000,2.1610710000,-24.4360710000
NVDA,NVDA,QQQ,2026-06-11 11:20:00-04:00,2026-06-11 11:21:00-04:00,2026-06-11 13:29:00-04:00,LONG,-2.5457092358,201.6100000000,201.9360242974,701.5100000000,700.8328166565,202.2129006438,201.6000000000,201.6403200000,202.8500000000,202.8094300000,99,19962.3916800000,5.2500000000,1.2500000000,519.7500000000,123.7500000000,0.2380952381,196.3500000000,202.8500000000,TAKE_PROFIT_BRACKET,128,123.7500000000,8.0081100000,0.6930000000,8.7011100000,115.0488900000,30.9375000000,2.0020275000,0.1732500000,2.1752775000,28.7622225000
NVDA,NVDA,QQQ,2026-06-11 13:29:00-04:00,2026-06-11 13:30:00-04:00,2026-06-11 13:44:00-04:00,LONG,-2.9742139648,202.8100000000,201.6204616994,707.2600000000,701.1126908127,204.1289498257,202.8250000000,202.8655650000,204.0750000000,204.0341850000,98,19880.8253700000,5.2500000000,1.2500000000,514.5000000000,122.5000000000,0.2380952381,197.5750000000,204.0750000000,TAKE_PROFIT_BRACKET,14,122.5000000000,7.9752400000,0.6860000000,8.6612400000,113.8387600000,30.6250000000,1.9938100000,0.1715000000,2.1653100000,28.4596900000
NVDA,NVDA,QQQ,2026-06-11 14:42:00-04:00,2026-06-11 14:43:00-04:00,2026-06-11 15:15:00-04:00,LONG,-2.7501467699,202.0700000000,201.9110245005,710.2800000000,703.8866719656,204.5133672411,202.0500000000,202.0904100000,203.3000000000,203.2593400000,98,19804.8601800000,5.2500000000,1.2500000000,514.5000000000,122.5000000000,0.2380952381,196.8000000000,203.3000000000,TAKE_PROFIT_BRACKET,32,122.5000000000,7.9448600000,0.6860000000,8.6308600000,113.8691400000,30.6250000000,1.9862150000,0.1715000000,2.1577150000,28.4672850000
NVDA,NVDA,QQQ,2026-06-11 15:43:00-04:00,2026-06-11 15:44:00-04:00,2026-06-11 15:47:00-04:00,SHORT,2.9826359518,205.5900000000,202.2366846279,717.4800000000,705.6300794592,207.0559240821,205.5900000000,205.5488820000,204.3400000000,204.3808680000,97,19938.2415540000,5.2500000000,1.2500000000,509.2500000000,121.2500000000,0.2380952381,210.8400000000,204.3400000000,TAKE_PROFIT_BRACKET,3,121.2500000000,7.9526420000,0.6790000000,8.6316420000,112.6183580000,30.3125000000,1.9881605000,0.1697500000,2.1579105000,28.1545895000
NVDA,NVDA,QQQ,2026-06-12 12:35:00-04:00,2026-06-12 12:36:00-04:00,2026-06-12 15:59:00-04:00,LONG,-2.5551044889,204.8000000000,205.2383770129,720.0100000000,718.1996816955,205.8097828274,204.8000000000,204.8409600000,205.1400000000,205.0989720000,97,19869.5731200000,5.2500000000,1.2500000000,509.2500000000,121.2500000000,0.2380952381,199.5500000000,206.0500000000,FORCED_EOD,203,32.9800000000,7.9528360000,0.6790000000,8.6318360000,24.3481640000,8.2450000000,1.9882090000,0.1697500000,2.1579590000,6.0870410000
NVDA,NVDA,QQQ,2026-06-15 11:50:00-04:00,2026-06-15 11:51:00-04:00,2026-06-15 14:05:00-04:00,SHORT,2.5532315005,212.6950000000,210.0866186663,743.9500000000,740.7776808062,210.9796681009,212.7100000000,212.6674580000,211.4600000000,211.5022920000,94,19990.7410520000,5.2500000000,1.2500000000,493.5000000000,117.5000000000,0.2380952381,217.9600000000,211.4600000000,TAKE_PROFIT_BRACKET,134,117.5000000000,7.9743960000,0.6580000000,8.6323960000,108.8676040000,29.3750000000,1.9935990000,0.1645000000,2.1580990000,27.2169010000
NVDA,NVDA,QQQ,2026-06-15 14:54:00-04:00,2026-06-15 14:55:00-04:00,2026-06-15 15:35:00-04:00,SHORT,2.5295990493,212.5450000000,210.8310293631,743.8500000000,742.1715800566,211.3043102424,212.5450000000,212.5024910000,211.2950000000,211.3372590000,94,19975.2341540000,5.2500000000,1.2500000000,493.5000000000,117.5000000000,0.2380952381,217.7950000000,211.2950000000,TAKE_PROFIT_BRACKET,40,117.5000000000,7.9681920000,0.6580000000,8.6261920000,108.8738080000,29.3750000000,1.9920480000,0.1645000000,2.1565480000,27.2184520000
NVDA,NVDA,QQQ,2026-06-15 15:35:00-04:00,2026-06-15 15:36:00-04:00,2026-06-15 15:59:00-04:00,LONG,-2.9072346421,211.3600000000,210.9264277794,743.0400000000,742.2630148601,211.1455941964,211.3700000000,211.4122740000,212.4500000000,212.4075100000,94,19872.7537560000,5.2500000000,1.2500000000,493.5000000000,117.5000000000,0.2380952381,206.1200000000,212.6200000000,FORCED_EOD,23,101.5200000000,7.9678160000,0.6580000000,8.6258160000,92.8941840000,25.3800000000,1.9919540000,0.1645000000,2.1564540000,23.2235460000
NVDA,NVDA,QQQ,2026-06-16 10:09:00-04:00,2026-06-16 10:10:00-04:00,2026-06-16 10:17:00-04:00,SHORT,2.5928827433,210.1688000000,209.5973259721,743.2520000000,742.6915165734,209.7654140381,210.1650000000,210.1229670000,208.9150000000,208.9567830000,95,19961.6818650000,5.2500000000,1.2500000000,498.7500000000,118.7500000000,0.2380952381,215.4150000000,208.9150000000,TAKE_PROFIT_BRACKET,7,118.7500000000,7.9625200000,0.6650000000,8.6275200000,110.1224800000,29.6875000000,1.9906300000,0.1662500000,2.1568800000,27.5306200000
NVDA,NVDA,QQQ,2026-06-16 14:36:00-04:00,2026-06-16 14:37:00-04:00,2026-06-16 15:59:00-04:00,LONG,-2.5848135260,209.1000000000,209.3482514716,733.1500000000,737.2889989696,208.0993627809,209.0900000000,209.1318180000,207.4100000000,207.3685180000,95,19867.5227100000,5.2500000000,1.2500000000,498.7500000000,118.7500000000,0.2380952381,203.8400000000,210.3400000000,FORCED_EOD,82,-159.6000000000,7.9135000000,0.6650000000,8.5785000000,-168.1785000000,-39.9000000000,1.9783750000,0.1662500000,2.1446250000,-42.0446250000
NVDA,NVDA,QQQ,2026-06-17 11:04:00-04:00,2026-06-17 11:05:00-04:00,2026-06-17 12:15:00-04:00,LONG,-2.5804603096,206.0600000000,207.6133163415,731.7600000000,732.9796120389,207.2156676154,206.0700000000,206.1112140000,207.3200000000,207.2785360000,97,19992.7877580000,5.2500000000,1.2500000000,509.2500000000,121.2500000000,0.2380952381,200.8200000000,207.3200000000,TAKE_PROFIT_BRACKET,70,121.2500000000,8.0197660000,0.6790000000,8.6987660000,112.5512340000,30.3125000000,2.0049415000,0.1697500000,2.1746915000,28.1378085000
NVDA,NVDA,QQQ,2026-06-17 12:15:00-04:00,2026-06-17 12:16:00-04:00,2026-06-17 14:05:00-04:00,SHORT,3.1703120724,207.3100000000,207.2703533172,733.3600000000,732.9520669724,207.4031432235,207.3100000000,207.2685380000,206.0600000000,206.1012120000,96,19897.7796480000,5.2500000000,1.2500000000,504.0000000000,120.0000000000,0.2380952381,212.5600000000,206.0600000000,TAKE_PROFIT_BRACKET,109,120.0000000000,7.9367040000,0.6720000000,8.6087040000,111.3912960000,30.0000000000,1.9841760000,0.1680000000,2.1521760000,27.8478240000
NVDA,NVDA,QQQ,2026-06-17 15:30:00-04:00,2026-06-17 15:31:00-04:00,2026-06-17 15:41:00-04:00,SHORT,2.5678779501,204.7371000000,206.8636078153,725.2800000000,731.4856568704,204.8434717586,204.7200000000,204.6790560000,203.4700000000,203.5106940000,97,19853.8684320000,5.2500000000,1.2500000000,509.2500000000,121.2500000000,0.2380952381,209.9700000000,203.4700000000,TAKE_PROFIT_BRACKET,10,121.2500000000,7.9188860000,0.6790000000,8.5978860000,112.6521140000,30.3125000000,1.9797215000,0.1697500000,2.1494715000,28.1630285000
NVDA,NVDA,QQQ,2026-06-18 11:44:00-04:00,2026-06-18 11:45:00-04:00,2026-06-18 12:05:00-04:00,LONG,-2.6008705808,208.1900000000,208.1485940562,735.8879000000,736.0720854522,208.0959376602,208.1700000000,208.2116340000,209.4200000000,209.3781160000,96,19988.3168640000,5.2500000000,1.2500000000,504.0000000000,120.0000000000,0.2380952381,202.9200000000,209.4200000000,TAKE_PROFIT_BRACKET,20,120.0000000000,8.0177280000,0.6720000000,8.6897280000,111.3102720000,30.0000000000,2.0044320000,0.1680000000,2.1724320000,27.8275680000
NVDA,NVDA,QQQ,2026-06-18 12:31:00-04:00,2026-06-18 12:32:00-04:00,2026-06-18 15:59:00-04:00,SHORT,2.8583290933,210.3402000000,208.3220091045,739.0600000000,736.3263210283,209.1039159498,210.3600000000,210.3179280000,210.2000000000,210.2420400000,95,19980.2031600000,5.2500000000,1.2500000000,498.7500000000,118.7500000000,0.2380952381,215.6100000000,209.1100000000,FORCED_EOD,207,15.2000000000,7.9906400000,0.6650000000,8.6556400000,6.5443600000,3.8000000000,1.9976600000,0.1662500000,2.1639100000,1.6360900000
NVDA,NVDA,QQQ,2026-06-22 10:36:00-04:00,2026-06-22 10:37:00-04:00,2026-06-22 15:59:00-04:00,LONG,-2.5397766483,209.9700000000,212.3486353043,739.5900000000,742.4875402662,211.3669243597,209.9850000000,210.0269970000,208.5600000000,208.5182880000,95,19952.5647150000,5.2500000000,1.2500000000,498.7500000000,118.7500000000,0.2380952381,204.7350000000,211.2350000000,FORCED_EOD,322,-135.3750000000,7.9523550000,0.6650000000,8.6173550000,-143.9923550000,-33.8437500000,1.9880887500,0.1662500000,2.1543387500,-35.9980887500
NVDA,NVDA,QQQ,2026-06-23 13:20:00-04:00,2026-06-23 13:21:00-04:00,2026-06-23 14:40:00-04:00,SHORT,2.7936532923,202.4000000000,202.0541743416,718.5100000000,718.5914951512,202.0266938848,202.4000000000,202.3595200000,201.1500000000,201.1902300000,98,19831.2329600000,5.2500000000,1.2500000000,514.5000000000,122.5000000000,0.2380952381,207.6500000000,201.1500000000,TAKE_PROFIT_BRACKET,79,122.5000000000,7.9095800000,0.6860000000,8.5955800000,113.9044200000,30.6250000000,1.9773950000,0.1715000000,2.1488950000,28.4761050000
NVDA,NVDA,QQQ,2026-06-23 15:00:00-04:00,2026-06-23 15:01:00-04:00,2026-06-23 15:59:00-04:00,LONG,-2.5690996038,200.7000000000,201.9551362139,713.6438000000,717.8689515362,200.5296650189,200.7100000000,200.7501420000,200.0120000000,199.9719976000,99,19874.2640580000,5.2500000000,1.2500000000,519.7500000000,123.7500000000,0.2380952381,195.4600000000,201.9600000000,FORCED_EOD,58,-69.1020000000,7.9342956000,0.6930000000,8.6272956000,-77.7292956000,-17.2755000000,1.9835739000,0.1732500000,2.1568239000,-19.4323239000
NVDA,NVDA,QQQ,2026-06-24 11:08:00-04:00,2026-06-24 11:09:00-04:00,2026-06-24 12:39:00-04:00,SHORT,2.5497653469,201.0950000000,200.2855498884,717.3600000000,715.5822751805,200.8747149738,201.0900000000,201.0497820000,199.8400000000,199.8799680000,99,19903.9284180000,5.2500000000,1.2500000000,519.7500000000,123.7500000000,0.2380952381,206.3400000000,199.8400000000,TAKE_PROFIT_BRACKET,90,123.7500000000,7.9384140000,0.6930000000,8.6314140000,115.1185860000,30.9375000000,1.9846035000,0.1732500000,2.1578535000,28.7796465000
NVDA,NVDA,QQQ,2026-06-24 12:47:00-04:00,2026-06-24 12:48:00-04:00,2026-06-24 15:59:00-04:00,LONG,-3.8194829999,199.4000000000,200.3730899101,713.5844000000,715.7296874544,199.6619447139,199.4000000000,199.4398800000,198.9600000000,198.9202080000,100,19943.9880000000,5.2500000000,1.2500000000,525.0000000000,125.0000000000,0.2380952381,194.1500000000,200.6500000000,FORCED_EOD,191,-44.0000000000,7.9672000000,0.7000000000,8.6672000000,-52.6672000000,-11.0000000000,1.9918000000,0.1750000000,2.1668000000,-13.1668000000
NVDA,NVDA,QQQ,2026-06-25 10:53:00-04:00,2026-06-25 10:54:00-04:00,2026-06-25 11:16:00-04:00,SHORT,2.5339754387,196.0700000000,195.4971285157,715.9300000000,713.7321141404,196.2150478311,196.0600000000,196.0207880000,194.8100000000,194.8489620000,102,19994.1203760000,5.2500000000,1.2500000000,535.5000000000,127.5000000000,0.2380952381,201.3100000000,194.8100000000,TAKE_PROFIT_BRACKET,22,127.5000000000,7.9737480000,0.7140000000,8.6877480000,118.8122520000,31.8750000000,1.9934370000,0.1785000000,2.1719370000,29.7030630000
NVDA,NVDA,QQQ,2026-06-25 12:51:00-04:00,2026-06-25 12:52:00-04:00,2026-06-25 15:59:00-04:00,LONG,-2.6251740654,194.7500000000,195.5897689718,714.6100000000,713.9885683622,195.7927771780,194.7400000000,194.7789480000,195.7500000000,195.7108500000,102,19867.4526960000,5.2500000000,1.2500000000,535.5000000000,127.5000000000,0.2380952381,189.4900000000,195.9900000000,FORCED_EOD,187,103.0200000000,7.9659960000,0.7140000000,8.6799960000,94.3400040000,25.7550000000,1.9914990000,0.1785000000,2.1699990000,23.5850010000
NVDA,NVDA,QQQ,2026-06-26 11:35:00-04:00,2026-06-26 11:36:00-04:00,2026-06-26 15:59:00-04:00,SHORT,2.5701631983,194.0250000000,193.1186642564,712.6900000000,709.5409225446,194.0302269246,194.0200000000,193.9811960000,192.7700000000,192.8085540000,103,19980.0631880000,5.2500000000,1.2500000000,540.7500000000,128.7500000000,0.2380952381,199.2700000000,192.7700000000,TAKE_PROFIT_BRACKET,263,128.7500000000,7.9678740000,0.7210000000,8.6888740000,120.0611260000,32.1875000000,1.9919685000,0.1802500000,2.1722185000,30.0152815000
NVDA,NVDA,QQQ,2026-06-29 11:31:00-04:00,2026-06-29 11:32:00-04:00,2026-06-29 15:59:00-04:00,LONG,-2.6048923686,194.0100000000,193.4182919770,717.4800000000,713.0226353697,194.3302468713,194.0199000000,194.0587039800,194.8900000000,194.8510220000,103,19988.0465099400,5.2500000000,1.2500000000,540.7500000000,128.7500000000,0.2380952381,188.7699000000,195.2699000000,FORCED_EOD,267,89.6203000000,8.0115439400,0.7210000000,8.7325439400,80.8877560600,22.4050750000,2.0028859850,0.1802500000,2.1831359850,20.2219390150
NVDA,NVDA,QQQ,2026-06-30 11:13:00-04:00,2026-06-30 11:14:00-04:00,2026-06-30 15:59:00-04:00,SHORT,3.2299458195,198.6100000000,197.4290472069,732.9500000000,730.4599948112,198.0180308086,198.6100000000,198.5702780000,199.7600000000,199.7999520000,100,19857.0278000000,5.2500000000,1.2500000000,525.0000000000,125.0000000000,0.2380952381,203.8600000000,197.3600000000,FORCED_EOD,285,-115.0000000000,7.9674000000,0.7000000000,8.6674000000,-123.6674000000,-28.7500000000,1.9918500000,0.1750000000,2.1668500000,-30.9168500000
NVDA,NVDA,QQQ,2026-07-01 12:36:00-04:00,2026-07-01 12:37:00-04:00,2026-07-01 15:59:00-04:00,SHORT,2.5401114021,197.3900000000,195.7100780738,729.2000000000,729.0104887852,195.7610364069,197.3950000000,197.3555210000,197.5800000000,197.6195160000,101,19932.9076210000,5.2500000000,1.2500000000,530.2500000000,126.2500000000,0.2380952381,202.6450000000,196.1450000000,FORCED_EOD,202,-18.6850000000,7.9784950000,0.7070000000,8.6854950000,-27.3704950000,-4.6712500000,1.9946237500,0.1767500000,2.1713737500,-6.8426237500
NVDA,NVDA,QQQ,2026-07-02 10:01:00-04:00,2026-07-02 10:02:00-04:00,2026-07-02 10:25:00-04:00,SHORT,2.6712629856,199.6900000000,198.1447066891,730.1700000000,727.0247747113,198.9146943255,199.6950000000,199.6550610000,198.4450000000,198.4846890000,100,19965.5061000000,5.2500000000,1.2500000000,525.0000000000,125.0000000000,0.2380952381,204.9450000000,198.4450000000,TAKE_PROFIT_BRACKET,23,125.0000000000,7.9628000000,0.7000000000,8.6628000000,116.3372000000,31.2500000000,1.9907000000,0.1750000000,2.1657000000,29.0843000000
NVDA,NVDA,QQQ,2026-07-02 12:48:00-04:00,2026-07-02 12:49:00-04:00,2026-07-02 13:25:00-04:00,SHORT,2.8196520029,194.1000000000,196.3585255315,712.1300000000,719.9863929375,194.4338948777,194.1000000000,194.0611800000,192.8500000000,192.8885700000,103,19988.3015400000,5.2500000000,1.2500000000,540.7500000000,128.7500000000,0.2380952381,199.3500000000,192.8500000000,TAKE_PROFIT_BRACKET,36,128.7500000000,7.9711700000,0.7210000000,8.6921700000,120.0578300000,32.1875000000,1.9927925000,0.1802500000,2.1730425000,30.0144575000
NVDA,NVDA,QQQ,2026-07-02 15:38:00-04:00,2026-07-02 15:39:00-04:00,2026-07-02 15:59:00-04:00,SHORT,2.7082885694,193.6950000000,195.2617776291,710.6300000000,716.5719535249,193.8073724517,193.6901000000,193.6513619800,194.5100000000,194.5489020000,103,19946.0902839400,5.2500000000,1.2500000000,540.7500000000,128.7500000000,0.2380952381,198.9401000000,192.4401000000,FORCED_EOD,20,-84.4497000000,7.9969220600,0.7210000000,8.7179220600,-93.1676220600,-21.1124250000,1.9992305150,0.1802500000,2.1794805150,-23.2919055150
NVDA,NVDA,QQQ,2026-07-06 12:10:00-04:00,2026-07-06 12:11:00-04:00,2026-07-06 13:45:00-04:00,SHORT,2.6447391370,196.9600000000,195.9164848154,726.0000000000,723.1486181537,196.6495503678,196.9720000000,196.9326056000,195.7220000000,195.7611444000,101,19890.1931656000,5.2500000000,1.2500000000,530.2500000000,126.2500000000,0.2380952381,202.2220000000,195.7220000000,TAKE_PROFIT_BRACKET,94,126.2500000000,7.9324188000,0.7070000000,8.6394188000,117.6105812000,31.5625000000,1.9831047000,0.1767500000,2.1598547000,29.4026453000
NVDA,NVDA,QQQ,2026-07-06 15:15:00-04:00,2026-07-06 15:16:00-04:00,2026-07-06 15:55:00-04:00,SHORT,2.5939839692,196.9750000000,196.1352020266,724.3399000000,723.2027876880,196.4278481866,196.9750000000,196.9356050000,195.7250000000,195.7641450000,101,19890.4961050000,5.2500000000,1.2500000000,530.2500000000,126.2500000000,0.2380952381,202.2250000000,195.7250000000,TAKE_PROFIT_BRACKET,39,126.2500000000,7.9325400000,0.7070000000,8.6395400000,117.6104600000,31.5625000000,1.9831350000,0.1767500000,2.1598850000,29.4026150000
NVDA,NVDA,QQQ,2026-07-06 15:55:00-04:00,2026-07-06 15:56:00-04:00,2026-07-06 15:59:00-04:00,LONG,-4.4662896304,195.7200000000,196.2038336486,722.8401000000,723.3571252484,196.0707543542,195.7150000000,195.7541430000,195.6250000000,195.5858750000,102,19966.9225860000,5.2500000000,1.2500000000,535.5000000000,127.5000000000,0.2380952381,190.4650000000,196.9650000000,FORCED_EOD,3,-9.1800000000,7.9833360000,0.7140000000,8.6973360000,-17.8773360000,-2.2950000000,1.9958340000,0.1785000000,2.1743340000,-4.4693340000
NVDA,NVDA,QQQ,2026-07-07 10:00:00-04:00,2026-07-07 10:01:00-04:00,2026-07-07 10:25:00-04:00,SHORT,2.6827496042,193.1500000000,192.2386314949,711.6100000000,712.9586991839,191.9394891673,193.1400000000,193.1013720000,191.8900000000,191.9283780000,103,19889.4413160000,5.2500000000,1.2500000000,540.7500000000,128.7500000000,0.2380952381,198.3900000000,191.8900000000,TAKE_PROFIT_BRACKET,24,128.7500000000,7.9316180000,0.7210000000,8.6526180000,120.0973820000,32.1875000000,1.9829045000,0.1802500000,2.1631545000,30.0243455000
NVDA,NVDA,QQQ,2026-07-07 11:48:00-04:00,2026-07-07 11:49:00-04:00,2026-07-07 15:59:00-04:00,SHORT,2.5579201749,194.1100000000,192.4579869206,708.7600000000,709.1858898084,192.3629133991,194.1150000000,194.0761770000,196.9300000000,196.9693860000,103,19989.8462310000,5.2500000000,1.2500000000,540.7500000000,128.7500000000,0.2380952381,199.3650000000,192.8650000000,FORCED_EOD,250,-289.9450000000,8.0555270000,0.7210000000,8.7765270000,-298.7215270000,-72.4862500000,2.0138817500,0.1802500000,2.1941317500,-74.6803817500
NVDA,NVDA,QQQ,2026-07-08 10:53:00-04:00,2026-07-08 10:54:00-04:00,2026-07-08 10:55:00-04:00,SHORT,4.8671785162,198.0750000000,197.4340979574,706.4600000000,707.3670074223,197.2605650512,198.1000000000,198.0603800000,196.8500000000,196.8893700000,100,19806.0380000000,5.2500000000,1.2500000000,525.0000000000,125.0000000000,0.2380952381,203.3500000000,196.8500000000,TAKE_PROFIT_BRACKET,1,125.0000000000,7.8990000000,0.7000000000,8.5990000000,116.4010000000,31.2500000000,1.9747500000,0.1750000000,2.1497500000,29.1002500000
NVDA,NVDA,QQQ,2026-07-08 10:55:00-04:00,2026-07-08 10:56:00-04:00,2026-07-08 11:16:00-04:00,SHORT,4.5544223520,198.2900000000,197.4562682192,706.3300000000,707.3478536529,197.2615005516,198.2550000000,198.2153490000,197.0050000000,197.0444010000,100,19821.5349000000,5.2500000000,1.2500000000,525.0000000000,125.0000000000,0.2380952381,203.5050000000,197.0050000000,TAKE_PROFIT_BRACKET,20,125.0000000000,7.9052000000,0.7000000000,8.6052000000,116.3948000000,31.2500000000,1.9763000000,0.1750000000,2.1513000000,29.0987000000
NVDA,NVDA,QQQ,2026-07-08 12:12:00-04:00,2026-07-08 12:13:00-04:00,2026-07-08 14:58:00-04:00,SHORT,2.6897422458,198.5492000000,197.5907320276,705.1200000000,705.8696090470,197.4468950513,198.5699000000,198.5301860200,203.8199000000,203.8606639800,100,19853.0186020000,5.2500000000,1.2500000000,525.0000000000,125.0000000000,0.2380952381,203.8199000000,197.3199000000,STOP,165,-525.0000000000,8.0477960000,0.7000000000,8.7477960000,-533.7477960000,-131.2500000000,2.0119490000,0.1750000000,2.1869490000,-133.4369490000
NVDA,NVDA,QQQ,2026-07-08 14:58:00-04:00,2026-07-08 14:59:00-04:00,2026-07-08 15:59:00-04:00,SHORT,2.9429943784,203.7700000000,199.5482669070,709.6450000000,706.8833454383,200.0826629137,203.7600000000,203.7192480000,204.1350000000,204.1758270000,98,19964.4863040000,5.2500000000,1.2500000000,514.5000000000,122.5000000000,0.2380952381,209.0100000000,202.5100000000,FORCED_EOD,60,-36.7500000000,7.9947420000,0.6860000000,8.6807420000,-45.4307420000,-9.1875000000,1.9986855000,0.1715000000,2.1701855000,-11.3576855000
NVDA,NVDA,QQQ,2026-07-09 13:07:00-04:00,2026-07-09 13:08:00-04:00,2026-07-09 15:59:00-04:00,SHORT,3.3762947923,203.0850000000,201.4827235339,723.0700000000,720.1800455309,202.1073946569,203.0900000000,203.0493820000,202.7563000000,202.7968512600,98,19898.8394360000,5.2500000000,1.2500000000,514.5000000000,122.5000000000,0.2380952381,208.3400000000,201.8400000000,FORCED_EOD,171,32.7026000000,7.9545874800,0.6860000000,8.6405874800,24.0620125200,8.1756500000,1.9886468700,0.1715000000,2.1601468700,6.0155031300
NVDA,NVDA,QQQ,2026-07-10 12:23:00-04:00,2026-07-10 12:24:00-04:00,2026-07-10 15:59:00-04:00,SHORT,2.6111122775,210.3800000000,207.1024589150,724.9800000000,722.2360721906,207.2598241363,210.3799000000,210.3378240200,210.9600000000,211.0021920000,95,19982.0932819000,5.2500000000,1.2500000000,498.7500000000,118.7500000000,0.2380952381,215.6299000000,209.1299000000,FORCED_EOD,215,-55.1095000000,8.0054581000,0.6650000000,8.6704581000,-63.7799581000,-13.7773750000,2.0013645250,0.1662500000,2.1676145250,-15.9449895250
NVDA,NVDA,QQQ,2026-07-13 12:01:00-04:00,2026-07-13 12:02:00-04:00,2026-07-13 15:59:00-04:00,LONG,-2.6384670480,206.3750000000,208.1763244981,715.2100000000,715.7542429194,208.1446660087,206.3700000000,206.4112740000,203.5000000000,203.4593000000,96,19815.4823040000,5.2500000000,1.2500000000,504.0000000000,120.0000000000,0.2380952381,201.1200000000,207.6200000000,FORCED_EOD,237,-275.5200000000,7.8695040000,0.6720000000,8.5415040000,-284.0615040000,-68.8800000000,1.9673760000,0.1680000000,2.1353760000,-71.0153760000
NVDA,NVDA,QQQ,2026-07-14 12:20:00-04:00,2026-07-14 12:21:00-04:00,2026-07-14 15:59:00-04:00,SHORT,2.9285611879,209.3600000000,206.7507565743,718.7000000000,718.9856964324,206.6825885667,209.3700000000,209.3281260000,211.7900000000,211.8323580000,95,19886.1719700000,5.2500000000,1.2500000000,498.7500000000,118.7500000000,0.2380952381,214.6200000000,208.1200000000,FORCED_EOD,218,-229.9000000000,8.0020400000,0.6650000000,8.6670400000,-238.5670400000,-57.4750000000,2.0005100000,0.1662500000,2.1667600000,-59.6417600000
NVDA,NVDA,QQQ,2026-07-15 12:07:00-04:00,2026-07-15 12:08:00-04:00,2026-07-15 13:08:00-04:00,LONG,-2.7698254121,207.0368000000,210.3278423322,712.4460000000,717.7135585459,208.2052399123,207.0250000000,207.0664050000,208.2750000000,208.2333450000,96,19878.3748800000,5.2500000000,1.2500000000,504.0000000000,120.0000000000,0.2380952381,201.7750000000,208.2750000000,TAKE_PROFIT_BRACKET,60,120.0000000000,7.9737600000,0.6720000000,8.6457600000,111.3542400000,30.0000000000,1.9934400000,0.1680000000,2.1614400000,27.8385600000
NVDA,NVDA,QQQ,2026-07-15 13:08:00-04:00,2026-07-15 13:09:00-04:00,2026-07-15 15:59:00-04:00,SHORT,3.3661238579,208.2400000000,209.5256563313,713.9200000000,716.0614519527,208.6640499287,208.2500000000,208.2083500000,212.4900000000,212.5324980000,96,19988.0016000000,5.2500000000,1.2500000000,504.0000000000,120.0000000000,0.2380952381,213.5000000000,207.0000000000,FORCED_EOD,170,-407.0400000000,8.0782080000,0.6720000000,8.7502080000,-415.7902080000,-101.7600000000,2.0195520000,0.1680000000,2.1875520000,-103.9475520000
NVDA,NVDA,QQQ,2026-07-16 14:48:00-04:00,2026-07-16 14:49:00-04:00,2026-07-16 15:40:00-04:00,SHORT,2.9368843968,207.3200000000,207.4441353833,706.7450000000,708.9825598439,206.5405590688,207.3100000000,207.2685380000,206.0600000000,206.1012120000,96,19897.7796480000,5.2500000000,1.2500000000,504.0000000000,120.0000000000,0.2380952381,212.5600000000,206.0600000000,TAKE_PROFIT_BRACKET,51,120.0000000000,7.9367040000,0.6720000000,8.6087040000,111.3912960000,30.0000000000,1.9841760000,0.1680000000,2.1521760000,27.8478240000
NVDA,NVDA,QQQ,2026-07-16 15:42:00-04:00,2026-07-16 15:43:00-04:00,2026-07-16 15:57:00-04:00,LONG,-2.5403741991,206.1250000000,207.3581122036,704.4700000000,708.2409929802,205.8343392395,206.1250000000,206.1662250000,207.3750000000,207.3335250000,97,19998.1238250000,5.2500000000,1.2500000000,509.2500000000,121.2500000000,0.2380952381,200.8750000000,207.3750000000,TAKE_PROFIT_BRACKET,14,121.2500000000,8.0219000000,0.6790000000,8.7009000000,112.5491000000,30.3125000000,2.0054750000,0.1697500000,2.1752250000,28.1372750000
NVDA,NVDA,QQQ,2026-07-17 11:54:00-04:00,2026-07-17 11:55:00-04:00,2026-07-17 13:06:00-04:00,LONG,-2.9689541750,204.9950000000,202.4146730989,698.2600000000,693.6719200865,205.9992807427,205.0000000000,205.0410000000,206.2500000000,206.2087500000,97,19888.9770000000,5.2500000000,1.2500000000,509.2500000000,121.2500000000,0.2380952381,199.7500000000,206.2500000000,TAKE_PROFIT_BRACKET,71,121.2500000000,7.9782500000,0.6790000000,8.6572500000,112.5927500000,30.3125000000,1.9945625000,0.1697500000,2.1643125000,28.1481875000
NVDA,NVDA,QQQ,2026-07-17 13:42:00-04:00,2026-07-17 13:43:00-04:00,2026-07-17 14:06:00-04:00,SHORT,2.6079665842,205.2300000000,203.0654103726,699.9150000000,695.6100690181,206.4302088776,205.2300000000,205.1889540000,203.9800000000,204.0207960000,97,19903.3285380000,5.2500000000,1.2500000000,509.2500000000,121.2500000000,0.2380952381,210.4800000000,203.9800000000,TAKE_PROFIT_BRACKET,23,121.2500000000,7.9386740000,0.6790000000,8.6176740000,112.6323260000,30.3125000000,1.9846685000,0.1697500000,2.1544185000,28.1580815000
NVDA,NVDA,QQQ,2026-07-17 14:43:00-04:00,2026-07-17 14:44:00-04:00,2026-07-17 15:17:00-04:00,SHORT,2.6911131811,202.9300000000,203.1465040910,696.2000000000,695.8683233401,203.4057548121,202.9100000000,202.8694180000,201.6600000000,201.7003320000,98,19881.2029640000,5.2500000000,1.2500000000,514.5000000000,122.5000000000,0.2380952381,208.1600000000,201.6600000000,TAKE_PROFIT_BRACKET,33,122.5000000000,7.9295720000,0.6860000000,8.6155720000,113.8844280000,30.6250000000,1.9823930000,0.1715000000,2.1538930000,28.4711070000
NVDA,NVDA,QQQ,2026-07-17 15:25:00-04:00,2026-07-17 15:26:00-04:00,2026-07-17 15:59:00-04:00,SHORT,2.7260820946,202.0700000000,203.1097594007,694.3400000000,695.8853964602,201.9020686001,202.0580000000,202.0175884000,202.6400000000,202.6805280000,99,19999.7412516000,5.2500000000,1.2500000000,519.7500000000,123.7500000000,0.2380952381,207.3080000000,200.8080000000,FORCED_EOD,33,-57.6180000000,8.0130204000,0.6930000000,8.7060204000,-66.3240204000,-14.4045000000,2.0032551000,0.1732500000,2.1765051000,-16.5810051000
NVDA,NVDA,QQQ,2026-07-20 13:36:00-04:00,2026-07-20 13:37:00-04:00,2026-07-20 15:05:00-04:00,SHORT,2.5861998615,204.0600000000,205.6104646419,699.9200000000,701.7424695003,204.3169995861,204.0400000000,203.9991920000,202.7900000000,202.8305580000,98,19991.9208160000,5.2500000000,1.2500000000,514.5000000000,122.5000000000,0.2380952381,209.2900000000,202.7900000000,TAKE_PROFIT_BRACKET,88,122.5000000000,7.9738680000,0.6860000000,8.6598680000,113.8401320000,30.6250000000,1.9934670000,0.1715000000,2.1649670000,28.4600330000
NVDA,NVDA,QQQ,2026-07-20 15:51:00-04:00,2026-07-20 15:52:00-04:00,2026-07-20 15:59:00-04:00,SHORT,2.5267891333,202.8300000000,205.0068058175,696.6400000000,700.7262788865,202.1109638648,202.8000000000,202.7594400000,203.3800000000,203.4206760000,98,19870.4251200000,5.2500000000,1.2500000000,514.5000000000,122.5000000000,0.2380952381,208.0500000000,201.5500000000,FORCED_EOD,7,-56.8400000000,7.9611280000,0.6860000000,8.6471280000,-65.4871280000,-14.2100000000,1.9902820000,0.1715000000,2.1617820000,-16.3717820000
NVDA,NVDA,QQQ,2026-07-21 12:20:00-04:00,2026-07-21 12:21:00-04:00,2026-07-21 13:42:00-04:00,LONG,-2.5637208482,205.7100000000,206.0189346222,708.9600000000,706.2612165952,207.7866341743,205.7000000000,205.7411400000,206.9500000000,206.9086100000,97,19956.8905800000,5.2500000000,1.2500000000,509.2500000000,121.2500000000,0.2380952381,200.4500000000,206.9500000000,TAKE_PROFIT_BRACKET,81,121.2500000000,8.0054100000,0.6790000000,8.6844100000,112.5655900000,30.3125000000,2.0013525000,0.1697500000,2.1711025000,28.1413975000
NVDA,NVDA,QQQ,2026-07-21 14:37:00-04:00,2026-07-21 14:38:00-04:00,2026-07-21 15:59:00-04:00,SHORT,2.5611101577,206.7650000000,205.9812878102,709.2600000000,707.3900182406,207.2039454169,206.7650000000,206.7236470000,207.1700000000,207.2114340000,96,19845.4701120000,5.2500000000,1.2500000000,504.0000000000,120.0000000000,0.2380952381,212.0150000000,205.5150000000,FORCED_EOD,81,-38.8800000000,7.9475520000,0.6720000000,8.6195520000,-47.4995520000,-9.7200000000,1.9868880000,0.1680000000,2.1548880000,-11.8748880000
NVDA,NVDA,QQQ,2026-07-22 10:55:00-04:00,2026-07-22 10:56:00-04:00,2026-07-22 12:15:00-04:00,SHORT,2.8007522604,208.4692000000,207.1092484376,706.2200000000,706.2508501063,207.0978458481,208.4685000000,208.4268063000,213.7185000000,213.7612437000,95,19800.5465985000,5.2500000000,1.2500000000,498.7500000000,118.7500000000,0.2380952381,213.7185000000,207.2185000000,STOP,79,-498.7500000000,8.0215530000,0.6650000000,8.6865530000,-507.4365530000,-124.6875000000,2.0053882500,0.1662500000,2.1716382500,-126.8591382500
NVDA,NVDA,QQQ,2026-07-22 13:14:00-04:00,2026-07-22 13:15:00-04:00,2026-07-22 15:59:00-04:00,LONG,-2.8053667093,213.4900000000,210.8455872935,708.8600000000,707.2132408524,211.4643876155,213.4900000000,213.5326980000,212.0601000000,212.0176879800,93,19858.5409140000,5.2500000000,1.2500000000,488.2500000000,116.2500000000,0.2380952381,208.2400000000,214.7400000000,FORCED_EOD,164,-132.9807000000,7.9152318600,0.6510000000,8.5662318600,-141.5469318600,-33.2451750000,1.9788079650,0.1627500000,2.1415579650,-35.3867329650
NVDA,NVDA,QQQ,2026-07-23 11:48:00-04:00,2026-07-23 11:49:00-04:00,2026-07-23 15:59:00-04:00,SHORT,2.5489658343,207.5300000000,208.3055338310,689.4650000000,693.3154116977,206.9351041230,207.5200000000,207.4784960000,208.7000000000,208.7417400000,96,19917.9356160000,5.2500000000,1.2500000000,504.0000000000,120.0000000000,0.2380952381,212.7700000000,206.2700000000,FORCED_EOD,250,-113.2800000000,7.9914240000,0.6720000000,8.6634240000,-121.9434240000,-28.3200000000,1.9978560000,0.1680000000,2.1658560000,-30.4858560000
NVDA,NVDA,QQQ,2026-07-24 11:00:00-04:00,2026-07-24 11:01:00-04:00,2026-07-24 11:10:00-04:00,SHORT,2.9695264172,209.8350000000,207.5427989197,688.6750000000,687.1954041839,208.0013774929,209.8400000000,209.7980320000,208.5900000000,208.6317180000,95,19930.8130400000,5.2500000000,1.2500000000,498.7500000000,118.7500000000,0.2380952381,215.0900000000,208.5900000000,TAKE_PROFIT_BRACKET,9,118.7500000000,7.9501700000,0.6650000000,8.6151700000,110.1348300000,29.6875000000,1.9875425000,0.1662500000,2.1537925000,27.5337075000
NVDA,NVDA,QQQ,2026-07-24 12:09:00-04:00,2026-07-24 12:10:00-04:00,2026-07-24 12:41:00-04:00,SHORT,2.5291208534,211.4626000000,208.4239171931,691.9700000000,687.9810155513,209.6640742360,211.4400000000,211.3977120000,210.1900000000,210.2320380000,94,19871.3849280000,5.2500000000,1.2500000000,493.5000000000,117.5000000000,0.2380952381,216.6900000000,210.1900000000,TAKE_PROFIT_BRACKET,31,117.5000000000,7.9266440000,0.6580000000,8.5846440000,108.9153560000,29.3750000000,1.9816610000,0.1645000000,2.1461610000,27.2288390000
NVDA,NVDA,QQQ,2026-07-24 13:58:00-04:00,2026-07-24 13:59:00-04:00,2026-07-24 15:59:00-04:00,LONG,-2.9950382635,209.7599000000,208.9508774680,688.8100000000,688.3291361232,209.1006780294,209.7300000000,209.7719460000,206.9600000000,206.9186080000,95,19928.3348700000,5.2500000000,1.2500000000,498.7500000000,118.7500000000,0.2380952381,204.4800000000,210.9800000000,FORCED_EOD,120,-263.1500000000,7.9171100000,0.6650000000,8.5821100000,-271.7321100000,-65.7875000000,1.9792775000,0.1662500000,2.1455275000,-67.9330275000
NVDA,NVDA,QQQ,2026-07-27 11:15:00-04:00,2026-07-27 11:16:00-04:00,2026-07-27 12:10:00-04:00,LONG,-2.7168154885,197.1700000000,201.0803149658,679.7000000000,683.1861098704,200.2053337227,197.1550000000,197.1944310000,198.4050000000,198.3653190000,101,19916.6375310000,5.2500000000,1.2500000000,530.2500000000,126.2500000000,0.2380952381,191.9050000000,198.4050000000,TAKE_PROFIT_BRACKET,54,126.2500000000,7.9903120000,0.7070000000,8.6973120000,117.5526880000,31.5625000000,1.9975780000,0.1767500000,2.1743280000,29.3881720000
NVDA,NVDA,QQQ,2026-07-27 14:02:00-04:00,2026-07-27 14:03:00-04:00,2026-07-27 15:59:00-04:00,SHORT,2.5948617340,196.9500000000,199.2101990488,679.7100000000,681.5540823466,198.7505581131,196.9450000000,196.9056110000,196.5200000000,196.5593040000,101,19887.4667110000,5.2500000000,1.2500000000,530.2500000000,126.2500000000,0.2380952381,202.1950000000,195.6950000000,FORCED_EOD,116,42.9250000000,7.9479930000,0.7070000000,8.6549930000,34.2700070000,10.7312500000,1.9869982500,0.1767500000,2.1637482500,8.5675017500
NVDA,NVDA,QQQ,2026-07-28 10:36:00-04:00,2026-07-28 10:37:00-04:00,2026-07-28 15:59:00-04:00,SHORT,3.5558437047,195.8999000000,194.1172284089,671.3100000000,671.4587108095,194.0818325691,195.8735000000,195.8343253000,196.9800000000,197.0193960000,102,19975.1011806000,5.2500000000,1.2500000000,535.5000000000,127.5000000000,0.2380952381,201.1235000000,194.6235000000,FORCED_EOD,322,-112.8630000000,8.0142114000,0.7140000000,8.7282114000,-121.5912114000,-28.2157500000,2.0035528500,0.1785000000,2.1820528500,-30.3978028500
NVDA,NVDA,QQQ,2026-07-29 10:52:00-04:00,2026-07-29 10:53:00-04:00,2026-07-29 12:05:00-04:00,SHORT,2.8258101293,192.3100000000,193.2135210148,668.0100000000,671.0373009483,193.0391892825,192.2900000000,192.2515420000,191.0400000000,191.0782080000,104,19994.1603680000,5.2500000000,1.2500000000,546.0000000000,130.0000000000,0.2380952381,197.5400000000,191.0400000000,TAKE_PROFIT_BRACKET,72,130.0000000000,7.9732640000,0.7280000000,8.7012640000,121.2987360000,32.5000000000,1.9933160000,0.1820000000,2.1753160000,30.3246840000
NVDA,NVDA,QQQ,2026-07-29 14:01:00-04:00,2026-07-29 14:02:00-04:00,2026-07-29 15:34:00-04:00,SHORT,2.8250114724,193.4650000000,192.5308824024,674.4000000000,669.1700928954,192.8318278991,193.4500000000,193.4113100000,192.2000000000,192.2384400000,103,19921.3649300000,5.2500000000,1.2500000000,540.7500000000,128.7500000000,0.2380952381,198.7000000000,192.2000000000,TAKE_PROFIT_BRACKET,92,128.7500000000,7.9443900000,0.7210000000,8.6653900000,120.0846100000,32.1875000000,1.9860975000,0.1802500000,2.1663475000,30.0211525000
NVDA,NVDA,QQQ,2026-07-30 10:56:00-04:00,2026-07-30 10:57:00-04:00,2026-07-30 15:59:00-04:00,LONG,-2.7092990532,194.3000000000,194.6041300529,678.6400000000,679.4242063602,194.5592067796,194.3050000000,194.3438610000,195.1500000000,195.1109700000,102,19823.0738220000,5.2500000000,1.2500000000,535.5000000000,127.5000000000,0.2380952381,189.0550000000,195.5550000000,FORCED_EOD,302,86.1900000000,7.9448820000,0.7140000000,8.6588820000,77.5311180000,21.5475000000,1.9862205000,0.1785000000,2.1647205000,19.3827795000
NVDA,NVDA,QQQ,2026-07-31 12:22:00-04:00,2026-07-31 12:23:00-04:00,2026-07-31 15:59:00-04:00,SHORT,3.5901105043,197.2300000000,197.3157028731,685.6700000000,686.1563486631,197.1792831858,197.2250000000,197.1855550000,200.8100000000,200.8501620000,101,19915.7410550000,5.2500000000,1.2500000000,530.2500000000,126.2500000000,0.2380952381,202.4750000000,195.9750000000,FORCED_EOD,216,-362.0850000000,8.0403070000,0.7070000000,8.7473070000,-370.8323070000,-90.5212500000,2.0100767500,0.1767500000,2.1868267500,-92.7080767500
NVDA,NVDA,QQQ,2026-08-03 11:37:00-04:00,2026-08-03 11:38:00-04:00,2026-08-03 13:19:00-04:00,LONG,-2.7684083082,206.4200000000,203.7221820166,696.4600000000,693.5439048970,204.7300794793,206.4099000000,206.4511819800,207.6599000000,207.6183680200,96,19819.3134700800,5.2500000000,1.2500000000,504.0000000000,120.0000000000,0.2380952381,201.1599000000,207.6599000000,TAKE_PROFIT_BRACKET,101,120.0000000000,7.9501401600,0.6720000000,8.6221401600,111.3778598400,30.0000000000,1.9875350400,0.1680000000,2.1555350400,27.8444649600
NVDA,NVDA,QQQ,2026-08-03 13:19:00-04:00,2026-08-03 13:20:00-04:00,2026-08-03 15:53:00-04:00,SHORT,2.8650348299,207.8600000000,204.5034386775,699.2794000000,694.8494925594,206.0375427784,207.8550000000,207.8134290000,206.6050000000,206.6463210000,96,19950.0891840000,5.2500000000,1.2500000000,504.0000000000,120.0000000000,0.2380952381,213.1050000000,206.6050000000,TAKE_PROFIT_BRACKET,153,120.0000000000,7.9576320000,0.6720000000,8.6296320000,111.3703680000,30.0000000000,1.9894080000,0.1680000000,2.1574080000,27.8425920000
NVDA,NVDA,QQQ,2026-08-03 15:53:00-04:00,2026-08-03 15:54:00-04:00,2026-08-03 15:59:00-04:00,LONG,-2.8094411349,206.4479000000,205.5233098040,700.3300000000,697.0189238894,206.6720874827,206.4300000000,206.4712860000,206.6600000000,206.6186680000,96,19821.2434560000,5.2500000000,1.2500000000,504.0000000000,120.0000000000,0.2380952381,201.1800000000,207.6800000000,FORCED_EOD,5,22.0800000000,7.9313280000,0.6720000000,8.6033280000,13.4766720000,5.5200000000,1.9828320000,0.1680000000,2.1508320000,3.3691680000
NVDA,NVDA,QQQ,2026-08-04 10:48:00-04:00,2026-08-04 10:49:00-04:00,2026-08-04 10:51:00-04:00,SHORT,3.2961297447,211.0000000000,210.5826385555,715.8700000000,713.9683342227,211.1959337064,210.9800000000,210.9378040000,209.7300000000,209.7719460000,94,19828.1535760000,5.2500000000,1.2500000000,493.5000000000,117.5000000000,0.2380952381,216.2300000000,209.7300000000,TAKE_PROFIT_BRACKET,2,117.5000000000,7.9093480000,0.6580000000,8.5673480000,108.9326520000,29.3750000000,1.9773370000,0.1645000000,2.1418370000,27.2331630000
NVDA,NVDA,QQQ,2026-08-04 12:34:00-04:00,2026-08-04 12:35:00-04:00,2026-08-04 13:05:00-04:00,LONG,-2.6750050738,210.0150000000,210.4373977876,720.0100000000,716.0378949100,211.7138347542,210.0110000000,210.0530022000,211.2610000000,211.2187478000,95,19955.0352090000,5.2500000000,1.2500000000,498.7500000000,118.7500000000,0.2380952381,204.7610000000,211.2610000000,TAKE_PROFIT_BRACKET,30,118.7500000000,8.0041680000,0.6650000000,8.6691680000,110.0808320000,29.6875000000,2.0010420000,0.1662500000,2.1672920000,27.5202080000
NVDA,NVDA,QQQ,2026-08-04 14:20:00-04:00,2026-08-04 14:21:00-04:00,2026-08-04 15:59:00-04:00,SHORT,3.5375146759,212.1201000000,210.6565224190,723.6500000000,717.9125901602,212.4973407995,212.1300000000,212.0875740000,211.8600000000,211.9023720000,94,19936.2319560000,5.2500000000,1.2500000000,493.5000000000,117.5000000000,0.2380952381,217.3800000000,210.8800000000,FORCED_EOD,98,25.3800000000,7.9710120000,0.6580000000,8.6290120000,16.7509880000,6.3450000000,1.9927530000,0.1645000000,2.1572530000,4.1877470000
NVDA,NVDA,QQQ,2026-08-05 10:53:00-04:00,2026-08-05 10:54:00-04:00,2026-08-05 11:12:00-04:00,LONG,-2.5125240165,218.4350000000,220.1419320444,721.8200000000,725.5350284737,218.9766506517,218.4450000000,218.4886890000,219.6950000000,219.6510610000,91,19882.4706990000,5.2500000000,1.2500000000,477.7500000000,113.7500000000,0.2380952381,213.1950000000,219.6950000000,TAKE_PROFIT_BRACKET,18,113.7500000000,7.9741480000,0.6370000000,8.6111480000,105.1388520000,28.4375000000,1.9935370000,0.1592500000,2.1527870000,26.2847130000
NVDA,NVDA,QQQ,2026-08-05 12:24:00-04:00,2026-08-05 12:25:00-04:00,2026-08-05 15:59:00-04:00,SHORT,2.6301702730,220.7100000000,219.9479595412,721.1550000000,724.1249684734,219.0153872014,220.7130000000,220.6688574000,219.4630000000,219.5068926000,90,19860.1971660000,5.2500000000,1.2500000000,472.5000000000,112.5000000000,0.2380952381,225.9630000000,219.4630000000,TAKE_PROFIT_BRACKET,214,112.5000000000,7.9231680000,0.6300000000,8.5531680000,103.9468320000,28.1250000000,1.9807920000,0.1575000000,2.1382920000,25.9867080000
NVDA,NVDA,QQQ,2026-08-06 12:07:00-04:00,2026-08-06 12:08:00-04:00,2026-08-06 15:59:00-04:00,SHORT,2.7281583778,218.1350000000,220.4388809169,715.2700000000,715.7238912661,220.4109217321,218.1500000000,218.1063700000,218.9900000000,219.0337980000,91,19847.6796700000,5.2500000000,1.2500000000,477.7500000000,113.7500000000,0.2380952381,223.4000000000,216.9000000000,FORCED_EOD,231,-76.4400000000,7.9559480000,0.6370000000,8.5929480000,-85.0329480000,-19.1100000000,1.9889870000,0.1592500000,2.1482370000,-21.2582370000
NVDA,NVDA,QQQ,2026-08-07 11:25:00-04:00,2026-08-07 11:26:00-04:00,2026-08-07 12:07:00-04:00,SHORT,3.1609889162,224.5250000000,222.7055906042,722.4450000000,720.2421692057,222.8418177661,224.5200000000,224.4750960000,223.2700000000,223.3146540000,89,19978.2835440000,5.2500000000,1.2500000000,467.2500000000,111.2500000000,0.2380952381,229.7700000000,223.2700000000,TAKE_PROFIT_BRACKET,41,111.2500000000,7.9706620000,0.6230000000,8.5936620000,102.6563380000,27.8125000000,1.9926655000,0.1557500000,2.1484155000,25.6640845000
NVDA,NVDA,QQQ,2026-08-07 14:51:00-04:00,2026-08-07 14:52:00-04:00,2026-08-07 15:59:00-04:00,SHORT,2.8387896351,222.3200000000,222.7592566741,720.0300000000,720.7582253636,222.7142432604,222.3299000000,222.2854340200,223.9000000000,223.9447800000,89,19783.4036277800,5.2500000000,1.2500000000,467.2500000000,111.2500000000,0.2380952381,227.5799000000,221.0799000000,FORCED_EOD,67,-139.7389000000,7.9428922200,0.6230000000,8.5658922200,-148.3047922200,-34.9347250000,1.9857230550,0.1557500000,2.1414730550,-37.0761980550
NVDA,NVDA,QQQ,2026-08-10 12:00:00-04:00,2026-08-10 12:01:00-04:00,2026-08-10 12:29:00-04:00,SHORT,2.7019795434,219.8050000000,221.0122650575,723.5100000000,722.7811990194,221.0568356567,219.8100000000,219.7660380000,218.5600000000,218.6037120000,91,19998.7094580000,5.2500000000,1.2500000000,477.7500000000,113.7500000000,0.2380952381,225.0600000000,218.5600000000,TAKE_PROFIT_BRACKET,28,113.7500000000,7.9783340000,0.6370000000,8.6153340000,105.1346660000,28.4375000000,1.9945835000,0.1592500000,2.1538335000,26.2836665000
NVDA,NVDA,QQQ,2026-08-10 12:31:00-04:00,2026-08-10 12:32:00-04:00,2026-08-10 15:03:00-04:00,LONG,-2.6109083900,217.9001000000,220.7651364817,720.8200000000,722.7817448362,220.6452981295,217.9500000000,217.9935900000,219.2000000000,219.1561600000,91,19837.4166900000,5.2500000000,1.2500000000,477.7500000000,113.7500000000,0.2380952381,212.7000000000,219.2000000000,TAKE_PROFIT_BRACKET,151,113.7500000000,7.9561300000,0.6370000000,8.5931300000,105.1568700000,28.4375000000,1.9890325000,0.1592500000,2.1482825000,26.2892175000
NVDA,NVDA,QQQ,2026-08-10 15:03:00-04:00,2026-08-10 15:04:00-04:00,2026-08-10 15:52:00-04:00,SHORT,2.9373527238,219.2250000000,219.7901098000,722.0500000000,722.4164786079,219.7678100946,219.2250000000,219.1811550000,217.9750000000,218.0185950000,91,19945.4851050000,5.2500000000,1.2500000000,477.7500000000,113.7500000000,0.2380952381,224.4750000000,217.9750000000,TAKE_PROFIT_BRACKET,48,113.7500000000,7.9570400000,0.6370000000,8.5940400000,105.1559600000,28.4375000000,1.9892600000,0.1592500000,2.1485100000,26.2889900000
NVDA,NVDA,QQQ,2026-08-10 15:52:00-04:00,2026-08-10 15:53:00-04:00,2026-08-10 15:59:00-04:00,LONG,-3.7470364930,217.9400000000,219.7008268246,720.7300000000,722.3131492988,219.6045197837,217.9400000000,217.9835880000,217.5600000000,217.5164880000,91,19836.5065080000,5.2500000000,1.2500000000,477.7500000000,113.7500000000,0.2380952381,212.6900000000,219.1900000000,FORCED_EOD,6,-34.5800000000,7.9261000000,0.6370000000,8.5631000000,-43.1431000000,-8.6450000000,1.9815250000,0.1592500000,2.1407750000,-10.7857750000
NVDA,NVDA,QQQ,2026-08-11 10:55:00-04:00,2026-08-11 10:56:00-04:00,2026-08-11 11:14:00-04:00,SHORT,2.9528421535,220.1100000000,219.9278741023,722.1200000000,720.7866284252,220.1232829482,220.1150000000,220.0709770000,218.8650000000,218.9087730000,90,19806.3879300000,5.2500000000,1.2500000000,472.5000000000,112.5000000000,0.2380952381,225.3650000000,218.8650000000,TAKE_PROFIT_BRACKET,18,112.5000000000,7.9016400000,0.6300000000,8.5316400000,103.9683600000,28.1250000000,1.9754100000,0.1575000000,2.1329100000,25.9920900000
NVDA,NVDA,QQQ,2026-08-11 12:35:00-04:00,2026-08-11 12:36:00-04:00,2026-08-11 12:55:00-04:00,SHORT,2.7643741223,219.0300000000,219.5660086786,718.6101000000,720.3963194985,219.3045229925,219.0400000000,218.9961920000,217.7900000000,217.8335580000,91,19928.6534720000,5.2500000000,1.2500000000,477.7500000000,113.7500000000,0.2380952381,224.2900000000,217.7900000000,TAKE_PROFIT_BRACKET,19,113.7500000000,7.9503060000,0.6370000000,8.5873060000,105.1626940000,28.4375000000,1.9875765000,0.1592500000,2.1468265000,26.2906735000
NVDA,NVDA,QQQ,2026-08-12 12:34:00-04:00,2026-08-12 12:35:00-04:00,2026-08-12 13:02:00-04:00,LONG,-2.5573449340,222.8100000000,223.2139790309,723.7100000000,724.6679090103,223.1098457928,222.8100000000,222.8545620000,224.0600000000,224.0151880000,89,19834.0560180000,5.2500000000,1.2500000000,467.2500000000,111.2500000000,0.2380952381,217.5600000000,224.0600000000,TAKE_PROFIT_BRACKET,27,111.2500000000,7.9542860000,0.6230000000,8.5772860000,102.6727140000,27.8125000000,1.9885715000,0.1557500000,2.1443215000,25.6681785000
NVDA,NVDA,QQQ,2026-08-12 13:54:00-04:00,2026-08-12 13:55:00-04:00,2026-08-12 15:59:00-04:00,LONG,-3.0228858115,223.6000000000,223.2971887259,725.0207000000,724.7165588805,223.3302616784,223.6000000000,223.6447200000,224.1000000000,224.0551800000,89,19904.3800800000,5.2500000000,1.2500000000,467.2500000000,111.2500000000,0.2380952381,218.3500000000,224.8500000000,FORCED_EOD,124,44.5000000000,7.9690600000,0.6230000000,8.5920600000,35.9079400000,11.1250000000,1.9922650000,0.1557500000,2.1480150000,8.9769850000
NVDA,NVDA,QQQ,2026-08-13 10:48:00-04:00,2026-08-13 10:49:00-04:00,2026-08-13 14:31:00-04:00,LONG,-2.5003742465,224.6700000000,225.6656353924,732.7300000000,730.6463296639,227.2988726687,224.6700000000,224.7149340000,225.9200000000,225.8748160000,89,19999.6291260000,5.2500000000,1.2500000000,467.2500000000,111.2500000000,0.2380952381,219.4200000000,225.9200000000,TAKE_PROFIT_BRACKET,222,111.2500000000,8.0205020000,0.6230000000,8.6435020000,102.6064980000,27.8125000000,2.0051255000,0.1557500000,2.1608755000,25.6516245000
NVDA,NVDA,QQQ,2026-08-14 10:43:00-04:00,2026-08-14 10:44:00-04:00,2026-08-14 11:24:00-04:00,SHORT,2.7368674595,226.2200000000,225.8997731311,731.3950000000,732.5603572075,225.1262693685,226.2200000000,226.1747560000,224.9700000000,225.0149940000,88,19903.3785280000,5.2500000000,1.2500000000,462.0000000000,110.0000000000,0.2380952381,231.4700000000,224.9700000000,TAKE_PROFIT_BRACKET,40,110.0000000000,7.9409440000,0.6160000000,8.5569440000,101.4430560000,27.5000000000,1.9852360000,0.1540000000,2.1392360000,25.3607640000
NVDA,NVDA,QQQ,2026-08-14 11:43:00-04:00,2026-08-14 11:44:00-04:00,2026-08-14 14:13:00-04:00,LONG,-2.9887106282,224.6800000000,225.8848195330,728.5300000000,731.5924011155,223.8496016220,224.6900000000,224.7349380000,225.9400000000,225.8948120000,88,19776.6745440000,5.2500000000,1.2500000000,462.0000000000,110.0000000000,0.2380952381,219.4400000000,225.9400000000,TAKE_PROFIT_BRACKET,149,110.0000000000,7.9310880000,0.6160000000,8.5470880000,101.4529120000,27.5000000000,1.9827720000,0.1540000000,2.1367720000,25.3632280000
NVDA,NVDA,QQQ,2026-08-14 14:27:00-04:00,2026-08-14 14:28:00-04:00,2026-08-14 15:50:00-04:00,LONG,-2.5450622041,224.7300000000,225.6815693185,729.4302000000,730.7045319268,224.8344046433,224.7399000000,224.7848479800,225.9899000000,225.9447020200,88,19781.0666222400,5.2500000000,1.2500000000,462.0000000000,110.0000000000,0.2380952381,219.4899000000,225.9899000000,TAKE_PROFIT_BRACKET,82,110.0000000000,7.9328444800,0.6160000000,8.5488444800,101.4511555200,27.5000000000,1.9832111200,0.1540000000,2.1372111200,25.3627888800
NVDA,NVDA,QQQ,2026-08-14 15:57:00-04:00,2026-08-14 15:58:00-04:00,2026-08-14 15:59:00-04:00,LONG,-2.5716896478,224.9300000000,225.5679755456,730.4400000000,730.5030904068,225.5260431481,224.9300000000,224.9749860000,225.1200000000,225.0749760000,88,19797.7987680000,5.2500000000,1.2500000000,462.0000000000,110.0000000000,0.2380952381,219.6800000000,226.1800000000,FORCED_EOD,1,16.7200000000,7.9208800000,0.6160000000,8.5368800000,8.1831200000,4.1800000000,1.9802200000,0.1540000000,2.1342200000,2.0457800000
NVDA,NVDA,QQQ,2026-08-17 13:45:00-04:00,2026-08-17 13:46:00-04:00,2026-08-17 15:59:00-04:00,LONG,-2.5531448377,226.1200000000,226.5883068740,730.6950000000,732.5165848798,225.4926406636,226.1200000000,226.1652240000,225.0400000000,224.9949920000,88,19902.5397120000,5.2500000000,1.2500000000,462.0000000000,110.0000000000,0.2380952381,220.8700000000,227.3700000000,FORCED_EOD,133,-95.0400000000,7.9404160000,0.6160000000,8.5564160000,-103.5964160000,-23.7600000000,1.9851040000,0.1540000000,2.1391040000,-25.8991040000
NVDA,NVDA,QQQ,2026-08-18 12:18:00-04:00,2026-08-18 12:19:00-04:00,2026-08-18 15:59:00-04:00,LONG,-2.7371252615,219.6200000000,219.8442889989,718.5400000000,718.6164209466,219.8164101177,219.6000000000,219.6439200000,219.8000000000,219.7560400000,91,19987.5967200000,5.2500000000,1.2500000000,477.7500000000,113.7500000000,0.2380952381,214.3500000000,220.8500000000,FORCED_EOD,220,18.2000000000,7.9970800000,0.6370000000,8.6340800000,9.5659200000,4.5500000000,1.9992700000,0.1592500000,2.1585200000,2.3914800000
NVDA,NVDA,QQQ,2026-08-19 10:16:00-04:00,2026-08-19 10:17:00-04:00,2026-08-19 10:31:00-04:00,LONG,-2.6480806581,217.1500000000,219.3658667639,714.4800000000,716.1190311959,218.6419168386,217.1600000000,217.2034320000,218.4100000000,218.3663180000,92,19982.7157440000,5.2500000000,1.2500000000,483.0000000000,115.0000000000,0.2380952381,211.9100000000,218.4100000000,TAKE_PROFIT_BRACKET,14,115.0000000000,8.0144880000,0.6440000000,8.6584880000,106.3415120000,28.7500000000,2.0036220000,0.1610000000,2.1646220000,26.5853780000
NVDA,NVDA,QQQ,2026-08-19 12:02:00-04:00,2026-08-19 12:03:00-04:00,2026-08-19 15:45:00-04:00,SHORT,2.5807411501,219.8500000000,219.1049262814,718.8100000000,716.3663049469,220.1826351897,219.8301000000,219.7861339800,218.5801000000,218.6238160200,90,19780.7520582000,5.2500000000,1.2500000000,472.5000000000,112.5000000000,0.2380952381,225.0801000000,218.5801000000,TAKE_PROFIT_BRACKET,222,112.5000000000,7.8913836000,0.6300000000,8.5213836000,103.9786164000,28.1250000000,1.9728459000,0.1575000000,2.1303459000,25.9946541000
NVDA,NVDA,QQQ,2026-08-19 15:45:00-04:00,2026-08-19 15:46:00-04:00,2026-08-19 15:59:00-04:00,LONG,-3.7809518526,218.3650000000,219.2349286738,716.0700000000,716.6165630925,218.9938267483,218.3700000000,218.4136740000,217.6700000000,217.6264660000,91,19875.6443340000,5.2500000000,1.2500000000,477.7500000000,113.7500000000,0.2380952381,213.1200000000,219.6200000000,FORCED_EOD,13,-63.7000000000,7.9359280000,0.6370000000,8.5729280000,-72.2729280000,-15.9250000000,1.9839820000,0.1592500000,2.1432320000,-18.0682320000
NVDA,NVDA,QQQ,2026-08-20 10:44:00-04:00,2026-08-20 10:45:00-04:00,2026-08-20 10:53:00-04:00,SHORT,2.7674502619,218.8300000000,218.0606993433,713.7800000000,712.7539836749,218.3864597803,218.8399000000,218.7961320200,217.5899000000,217.6334179800,91,19910.4480138200,5.2500000000,1.2500000000,477.7500000000,113.7500000000,0.2380952381,224.0899000000,217.5899000000,TAKE_PROFIT_BRACKET,8,113.7500000000,7.9430223600,0.6370000000,8.5800223600,105.1699776400,28.4375000000,1.9857555900,0.1592500000,2.1450055900,26.2924944100
NVDA,NVDA,QQQ,2026-08-20 12:57:00-04:00,2026-08-20 12:58:00-04:00,2026-08-20 13:36:00-04:00,SHORT,2.7031562973,217.4500000000,217.5344014286,712.5500000000,712.2930128749,217.6158506523,217.4400000000,217.3965120000,216.1900000000,216.2332380000,91,19783.0825920000,5.2500000000,1.2500000000,477.7500000000,113.7500000000,0.2380952381,222.6900000000,216.1900000000,TAKE_PROFIT_BRACKET,38,113.7500000000,7.8920660000,0.6370000000,8.5290660000,105.2209340000,28.4375000000,1.9730165000,0.1592500000,2.1322665000,26.3052335000
NVDA,NVDA,QQQ,2026-08-20 15:50:00-04:00,2026-08-20 15:51:00-04:00,2026-08-20 15:59:00-04:00,LONG,-3.3342859411,216.7500000000,217.3112528278,711.4000000000,711.6275368149,217.2391441611,216.7500000000,216.7933500000,216.9900000000,216.9466020000,92,19944.9882000000,5.2500000000,1.2500000000,483.0000000000,115.0000000000,0.2380952381,211.5000000000,218.0000000000,FORCED_EOD,8,22.0800000000,7.9808160000,0.6440000000,8.6248160000,13.4551840000,5.5200000000,1.9952040000,0.1610000000,2.1562040000,3.3637960000
NVDA,NVDA,QQQ,2026-08-21 12:55:00-04:00,2026-08-21 12:56:00-04:00,2026-08-21 15:59:00-04:00,LONG,-3.0423250197,215.0600000000,216.2438098738,713.2950000000,712.5467307643,216.5293181614,215.0800000000,215.1230160000,214.7600000000,214.7170480000,92,19791.3174720000,5.2500000000,1.2500000000,483.0000000000,115.0000000000,0.2380952381,209.8300000000,216.3300000000,FORCED_EOD,183,-29.4400000000,7.9090560000,0.6440000000,8.5530560000,-37.9930560000,-7.3600000000,1.9772640000,0.1610000000,2.1382640000,-9.4982640000
MSFT,MSFT,QQQ,2025-08-22 11:16:00-04:00,2025-08-22 11:17:00-04:00,2025-08-22 15:59:00-04:00,LONG,-2.7216768262,509.3308000000,507.8756908502,573.6700000000,570.3762873602,510.1566437181,509.3273000000,509.4291654600,507.1000000000,506.9985800000,39,19867.7374529400,11.7500000000,9.0000000000,458.2500000000,351.0000000000,0.7659574468,497.5773000000,518.3273000000,FORCED_EOD,282,-86.8647000000,7.9281329400,0.2730000000,8.2011329400,-95.0658329400,-21.7161750000,1.9820332350,0.0682500000,2.0502832350,-23.7664582350
MSFT,MSFT,QQQ,2025-08-25 11:30:00-04:00,2025-08-25 11:31:00-04:00,2025-08-25 15:59:00-04:00,LONG,-3.0075698317,507.0600000000,506.9481046304,572.7800000000,571.0717960512,507.9444655797,507.0818000000,507.1832163600,504.4600000000,504.3591080000,39,19780.1454380400,11.7500000000,9.0000000000,458.2500000000,351.0000000000,0.7659574468,495.3318000000,516.0818000000,FORCED_EOD,268,-102.2502000000,7.8900260400,0.2730000000,8.1630260400,-110.4132260400,-25.5625500000,1.9725065100,0.0682500000,2.0407565100,-27.6033065100
MSFT,MSFT,QQQ,2025-08-26 12:26:00-04:00,2025-08-26 12:27:00-04:00,2025-08-26 15:59:00-04:00,LONG,-2.5017342398,502.2250000000,503.2257561227,571.5850000000,570.7290556393,503.7266121931,502.2210000000,502.3214442000,502.0600000000,501.9595880000,39,19590.5363238000,11.7500000000,9.0000000000,458.2500000000,351.0000000000,0.7659574468,490.4710000000,511.2210000000,FORCED_EOD,212,-6.2790000000,7.8333918000,0.2730000000,8.1063918000,-14.3853918000,-1.5697500000,1.9583479500,0.0682500000,2.0265979500,-3.5963479500
MSFT,MSFT,QQQ,2025-08-27 10:17:00-04:00,2025-08-27 10:18:00-04:00,2025-08-27 15:59:00-04:00,SHORT,2.5010029884,502.3150000000,501.4131132786,572.5600000000,571.5156550438,501.9040808230,502.3316000000,502.2311336800,506.5800000000,506.6813160000,39,19587.0142135200,11.7500000000,9.0000000000,458.2500000000,351.0000000000,0.7659574468,514.0816000000,493.3316000000,FORCED_EOD,341,-165.6876000000,7.8695104800,0.2730000000,8.1425104800,-173.8301104800,-41.4219000000,1.9673776200,0.0682500000,2.0356276200,-43.4575276200
MSFT,MSFT,QQQ,2025-08-28 10:54:00-04:00,2025-08-28 10:55:00-04:00,2025-08-28 15:59:00-04:00,SHORT,2.7279226868,507.6250000000,507.2652463742,575.9400000000,574.6478727099,507.7514859027,507.6500000000,507.5484700000,509.6600000000,509.7619320000,39,19794.3903300000,11.7500000000,9.0000000000,458.2500000000,351.0000000000,0.7659574468,519.4000000000,498.6500000000,FORCED_EOD,304,-78.3900000000,7.9350180000,0.2730000000,8.2080180000,-86.5980180000,-19.5975000000,1.9837545000,0.0682500000,2.0520045000,-21.6495045000
MSFT,MSFT,QQQ,2025-08-29 12:31:00-04:00,2025-08-29 12:32:00-04:00,2025-08-29 15:59:00-04:00,LONG,-2.5831694374,507.4650000000,506.9091350512,570.3300000000,570.9359802184,506.6634624020,507.4700000000,507.5714940000,506.9200000000,506.8186160000,39,19795.2882660000,11.7500000000,9.0000000000,458.2500000000,351.0000000000,0.7659574468,495.7200000000,516.4700000000,FORCED_EOD,207,-21.4500000000,7.9122420000,0.2730000000,8.1852420000,-29.6352420000,-5.3625000000,1.9780605000,0.0682500000,2.0463105000,-7.4088105000
MSFT,MSFT,QQQ,2025-09-02 11:08:00-04:00,2025-09-02 11:09:00-04:00,2025-09-02 15:59:00-04:00,LONG,-2.8622351030,501.3800000000,502.1937641626,562.2900000000,563.1711539556,501.7625025062,501.4200000000,501.5202840000,505.0800000000,504.9789840000,39,19559.2910760000,11.7500000000,9.0000000000,458.2500000000,351.0000000000,0.7659574468,489.6700000000,510.4200000000,FORCED_EOD,290,142.7400000000,7.8507000000,0.2730000000,8.1237000000,134.6163000000,35.6850000000,1.9626750000,0.0682500000,2.0309250000,33.6540750000
MSFT,MSFT,QQQ,2025-09-03 12:12:00-04:00,2025-09-03 12:13:00-04:00,2025-09-03 15:59:00-04:00,LONG,-2.7165309348,504.9050000000,505.5465339143,569.3350000000,569.6081900918,505.4221427680,504.9050000000,505.0059810000,505.3910000000,505.2899218000,39,19695.2332590000,11.7500000000,9.0000000000,458.2500000000,351.0000000000,0.7659574468,493.1550000000,513.9050000000,FORCED_EOD,226,18.9540000000,7.8803088000,0.2730000000,8.1533088000,10.8006912000,4.7385000000,1.9700772000,0.0682500000,2.0383272000,2.7001728000
MSFT,MSFT,QQQ,2025-09-05 10:54:00-04:00,2025-09-05 10:55:00-04:00,2025-09-05 15:59:00-04:00,LONG,-2.5905003316,497.1700000000,501.8909489504,574.6650000000,577.6835551116,500.6641262759,497.2100000000,497.3094420000,495.0153000000,494.9162969400,40,19892.3776800000,11.7500000000,9.0000000000,470.0000000000,360.0000000000,0.7659574468,485.4600000000,506.2100000000,FORCED_EOD,304,-87.7880000000,7.9378024000,0.2800000000,8.2178024000,-96.0058024000,-21.9470000000,1.9844506000,0.0700000000,2.0544506000,-24.0014506000
MSFT,MSFT,QQQ,2025-09-08 12:06:00-04:00,2025-09-08 12:07:00-04:00,2025-09-08 15:59:00-04:00,LONG,-2.5953349600,499.7201000000,499.2592049809,579.8000000000,579.8566336941,499.2450647405,499.7700000000,499.8699540000,498.2500000000,498.1503500000,40,19994.7981600000,11.7500000000,9.0000000000,470.0000000000,360.0000000000,0.7659574468,488.0200000000,508.7700000000,FORCED_EOD,232,-60.8000000000,7.9841600000,0.2800000000,8.2641600000,-69.0641600000,-15.2000000000,1.9960400000,0.0700000000,2.0660400000,-17.2660400000
MSFT,MSFT,QQQ,2025-09-09 10:19:00-04:00,2025-09-09 10:20:00-04:00,2025-09-09 15:59:00-04:00,SHORT,2.5973429709,502.0513000000,501.1144392536,579.2100000000,579.3941672172,501.0072397388,502.0900000000,501.9895820000,498.4500000000,498.5496900000,39,19577.5936980000,11.7500000000,9.0000000000,458.2500000000,351.0000000000,0.7659574468,513.8400000000,493.0900000000,FORCED_EOD,339,141.9600000000,7.8042120000,0.2730000000,8.0772120000,133.8827880000,35.4900000000,1.9510530000,0.0682500000,2.0193030000,33.4706970000
MSFT,MSFT,QQQ,2025-09-10 10:55:00-04:00,2025-09-10 10:56:00-04:00,2025-09-10 15:59:00-04:00,LONG,-3.0231265094,501.1800000000,500.7116762612,583.2400000000,582.5642068127,502.2856907308,501.1450000000,501.2452290000,500.2100000000,500.1099580000,39,19548.5639310000,11.7500000000,9.0000000000,458.2500000000,351.0000000000,0.7659574468,489.3950000000,510.1450000000,FORCED_EOD,303,-36.4650000000,7.8105690000,0.2730000000,8.0835690000,-44.5485690000,-9.1162500000,1.9526422500,0.0682500000,2.0208922500,-11.1371422500
MSFT,MSFT,QQQ,2025-09-11 10:10:00-04:00,2025-09-11 10:11:00-04:00,2025-09-11 15:59:00-04:00,SHORT,2.6283271817,500.8817000000,500.2287244216,583.0100000000,582.8963171805,500.3961439971,500.9825000000,500.8823035000,501.2000000000,501.3002400000,39,19534.4098365000,11.7500000000,9.0000000000,458.2500000000,351.0000000000,0.7659574468,512.7325000000,491.9825000000,FORCED_EOD,348,-8.4825000000,7.8170235000,0.2730000000,8.0900235000,-16.5725235000,-2.1206250000,1.9542558750,0.0682500000,2.0225058750,-4.1431308750
MSFT,MSFT,QQQ,2025-09-12 10:25:00-04:00,2025-09-12 10:26:00-04:00,2025-09-12 15:59:00-04:00,LONG,-2.5406023046,506.5900000000,506.4048066646,585.8150000000,584.9973935702,508.1493604093,506.6200000000,506.7213240000,509.8500000000,509.7480300000,39,19762.1316360000,11.7500000000,9.0000000000,458.2500000000,351.0000000000,0.7659574468,494.8700000000,515.6200000000,FORCED_EOD,333,125.9700000000,7.9284660000,0.2730000000,8.2014660000,117.7685340000,31.4925000000,1.9821165000,0.0682500000,2.0503665000,29.4421335000
MSFT,MSFT,QQQ,2025-09-15 14:08:00-04:00,2025-09-15 14:09:00-04:00,2025-09-15 15:59:00-04:00,SHORT,2.5337009582,513.2400000000,511.6101600894,591.1300000000,590.2297769193,512.1650629418,513.2000000000,513.0973600000,515.4500000000,515.5530900000,38,19497.6996800000,11.7500000000,9.0000000000,446.5000000000,342.0000000000,0.7659574468,524.9500000000,504.2000000000,FORCED_EOD,110,-85.5000000000,7.8177400000,0.2660000000,8.0837400000,-93.5837400000,-21.3750000000,1.9544350000,0.0665000000,2.0209350000,-23.3959350000
MSFT,MSFT,QQQ,2025-09-16 12:11:00-04:00,2025-09-16 12:12:00-04:00,2025-09-16 15:59:00-04:00,SHORT,2.6641125629,513.6100000000,513.3673552043,590.9000000000,591.4920747343,512.9136833158,513.6200000000,513.5172760000,509.1490000000,509.2508298000,38,19513.6564880000,11.7500000000,9.0000000000,446.5000000000,342.0000000000,0.7659574468,525.3700000000,504.6200000000,FORCED_EOD,227,169.8980000000,7.7730444000,0.2660000000,8.0390444000,161.8589556000,42.4745000000,1.9432611000,0.0665000000,2.0097611000,40.4647389000
MSFT,MSFT,QQQ,2025-09-17 11:51:00-04:00,2025-09-17 11:52:00-04:00,2025-09-17 15:59:00-04:00,SHORT,2.8785875977,507.9000000000,507.7126817799,588.3400000000,589.6011432749,505.6607080328,507.9000000000,507.7984200000,509.9100000000,510.0119820000,39,19804.1383800000,11.7500000000,9.0000000000,458.2500000000,351.0000000000,0.7659574468,519.6500000000,498.9000000000,FORCED_EOD,247,-78.3900000000,7.9389180000,0.2730000000,8.2119180000,-86.6019180000,-19.5975000000,1.9847295000,0.0682500000,2.0529795000,-21.6504795000
MSFT,MSFT,QQQ,2025-09-18 13:35:00-04:00,2025-09-18 13:36:00-04:00,2025-09-18 15:59:00-04:00,SHORT,2.6344679617,508.9200000000,509.9533027624,596.3000000000,596.3371004917,509.9039813767,508.9400000000,508.8382120000,508.2700000000,508.3716540000,39,19844.6902680000,11.7500000000,9.0000000000,458.2500000000,351.0000000000,0.7659574468,520.6900000000,499.9400000000,FORCED_EOD,143,26.1300000000,7.9342380000,0.2730000000,8.2072380000,17.9227620000,6.5325000000,1.9835595000,0.0682500000,2.0518095000,4.4806905000
MSFT,MSFT,QQQ,2025-09-19 11:30:00-04:00,2025-09-19 11:31:00-04:00,2025-09-19 15:59:00-04:00,LONG,-2.8112702117,511.4700000000,511.9330382292,596.0550000000,597.1267579378,511.1507990506,511.4600000000,511.5622920000,518.0000000000,517.8964000000,39,19950.9293880000,11.7500000000,9.0000000000,458.2500000000,351.0000000000,0.7659574468,499.7100000000,520.4600000000,FORCED_EOD,268,255.0600000000,8.0297880000,0.2730000000,8.3027880000,246.7572120000,63.7650000000,2.0074470000,0.0682500000,2.0756970000,61.6893030000
MSFT,MSFT,QQQ,2025-09-22 10:02:00-04:00,2025-09-22 10:03:00-04:00,2025-09-22 15:59:00-04:00,LONG,-2.7956041140,513.1900000000,515.4688461538,599.3550000000,598.6506765576,516.1583403208,513.1528000000,513.2554305600,514.3700000000,514.2671260000,38,19503.7063612800,11.7500000000,9.0000000000,446.5000000000,342.0000000000,0.7659574468,501.4028000000,522.1528000000,FORCED_EOD,356,46.2536000000,7.8091732800,0.2660000000,8.0751732800,38.1784267200,11.5634000000,1.9522933200,0.0665000000,2.0187933200,9.5446066800
MSFT,MSFT,QQQ,2025-09-23 10:00:00-04:00,2025-09-23 10:01:00-04:00,2025-09-23 15:59:00-04:00,SHORT,2.6596219648,512.1811000000,512.1990127037,600.6900000000,601.5215856234,511.5887112534,512.1600000000,512.0575680000,509.6200000000,509.7219240000,39,19970.2451520000,11.7500000000,9.0000000000,458.2500000000,351.0000000000,0.7659574468,523.9100000000,503.1600000000,FORCED_EOD,358,99.0600000000,7.9698840000,0.2730000000,8.2428840000,90.8171160000,24.7650000000,1.9924710000,0.0682500000,2.0607210000,22.7042790000
MSFT,MSFT,QQQ,2025-09-24 12:24:00-04:00,2025-09-24 12:25:00-04:00,2025-09-24 15:59:00-04:00,LONG,-3.1059897594,508.2524000000,509.3715225253,594.9500000000,596.7111517647,508.3029129054,508.2000000000,508.3016400000,509.9800000000,509.8780040000,39,19823.7639600000,11.7500000000,9.0000000000,458.2500000000,351.0000000000,0.7659574468,496.4500000000,517.2000000000,FORCED_EOD,214,69.4200000000,7.9418040000,0.2730000000,8.2148040000,61.2051960000,17.3550000000,1.9854510000,0.0682500000,2.0537010000,15.3012990000
MSFT,MSFT,QQQ,2025-09-25 13:24:00-04:00,2025-09-25 13:25:00-04:00,2025-09-25 15:59:00-04:00,SHORT,2.7111169495,507.4794000000,507.8925489136,592.0444000000,592.3167073633,507.7353927852,507.4900000000,507.3885020000,507.0300000000,507.1314060000,39,19788.1515780000,11.7500000000,9.0000000000,458.2500000000,351.0000000000,0.7659574468,519.2400000000,498.4900000000,FORCED_EOD,154,17.9400000000,7.9132560000,0.2730000000,8.1862560000,9.7537440000,4.4850000000,1.9783140000,0.0682500000,2.0465640000,2.4384360000
MSFT,MSFT,QQQ,2025-09-26 12:21:00-04:00,2025-09-26 12:22:00-04:00,2025-09-26 15:59:00-04:00,LONG,-2.8250070495,508.1600000000,509.8983745303,594.3050000000,593.4364854839,510.8482414546,508.1500000000,508.2516300000,511.5480000000,511.4456904000,39,19821.8135700000,11.7500000000,9.0000000000,458.2500000000,351.0000000000,0.7659574468,496.4000000000,517.1500000000,FORCED_EOD,217,132.5220000000,7.9536444000,0.2730000000,8.2266444000,124.2953556000,33.1305000000,1.9884111000,0.0682500000,2.0566611000,31.0738389000
MSFT,MSFT,QQQ,2025-09-29 10:37:00-04:00,2025-09-29 10:38:00-04:00,2025-09-29 15:59:00-04:00,LONG,-2.5926374227,514.5900000000,514.4194433922,601.1500000000,600.8094402156,514.6215480549,514.5900000000,514.6929180000,514.6000000000,514.4970800000,38,19558.3308840000,11.7500000000,9.0000000000,446.5000000000,342.0000000000,0.7659574468,502.8400000000,523.5900000000,FORCED_EOD,321,0.3800000000,7.8218440000,0.2660000000,8.0878440000,-7.7078440000,0.0950000000,1.9554610000,0.0665000000,2.0219610000,-1.9269610000
MSFT,MSFT,QQQ,2025-09-30 10:42:00-04:00,2025-09-30 10:43:00-04:00,2025-09-30 15:59:00-04:00,SHORT,2.6743608506,514.4900000000,512.2411910978,597.4700000000,597.3734071284,512.3564147665,514.4600000000,514.3571080000,517.9400000000,518.0435880000,38,19545.5701040000,11.7500000000,9.0000000000,446.5000000000,342.0000000000,0.7659574468,526.2100000000,505.4600000000,FORCED_EOD,316,-132.2400000000,7.8462400000,0.2660000000,8.1122400000,-140.3522400000,-33.0600000000,1.9615600000,0.0665000000,2.0280600000,-35.0880600000
MSFT,MSFT,QQQ,2025-10-01 13:24:00-04:00,2025-10-01 13:25:00-04:00,2025-10-01 15:59:00-04:00,SHORT,2.7718205168,518.2700000000,514.3041249924,602.4250000000,599.7632138068,517.1937470924,518.3000000000,518.1963400000,519.6000000000,519.7039200000,38,19691.4609200000,11.7500000000,9.0000000000,446.5000000000,342.0000000000,0.7659574468,530.0500000000,509.3000000000,FORCED_EOD,154,-49.4000000000,7.8880400000,0.2660000000,8.1540400000,-57.5540400000,-12.3500000000,1.9720100000,0.0665000000,2.0385100000,-14.3885100000
MSFT,MSFT,QQQ,2025-10-02 10:58:00-04:00,2025-10-02 10:59:00-04:00,2025-10-02 15:59:00-04:00,LONG,-2.5225560448,515.2600000000,518.1545012782,603.6300000000,604.8123038254,516.8161000555,515.2600000000,515.3630520000,515.6100000000,515.5068780000,38,19583.7959760000,11.7500000000,9.0000000000,446.5000000000,342.0000000000,0.7659574468,503.5100000000,524.2600000000,FORCED_EOD,300,13.3000000000,7.8346120000,0.2660000000,8.1006120000,5.1993880000,3.3250000000,1.9586530000,0.0665000000,2.0251530000,1.2998470000
MSFT,MSFT,QQQ,2025-10-03 12:31:00-04:00,2025-10-03 12:32:00-04:00,2025-10-03 15:59:00-04:00,SHORT,2.7946459506,520.4600000000,518.4568502098,606.7483000000,606.1771458472,518.5545506213,520.4600000000,520.3559080000,517.3500000000,517.4534700000,38,19773.5245040000,11.7500000000,9.0000000000,446.5000000000,342.0000000000,0.7659574468,532.2100000000,511.4600000000,FORCED_EOD,207,118.1800000000,7.8873560000,0.2660000000,8.1533560000,110.0266440000,29.5450000000,1.9718390000,0.0665000000,2.0383390000,27.5066610000
MSFT,MSFT,QQQ,2025-10-06 13:17:00-04:00,2025-10-06 13:18:00-04:00,2025-10-06 15:59:00-04:00,SHORT,2.6212485823,524.3700000000,523.1249684714,608.0300000000,607.3782385755,523.2372387679,524.3750000000,524.2701250000,528.5200000000,528.6257040000,38,19922.2647500000,11.7500000000,9.0000000000,446.5000000000,342.0000000000,0.7659574468,536.1250000000,515.3750000000,FORCED_EOD,161,-157.5100000000,8.0020020000,0.2660000000,8.2680020000,-165.7780020000,-39.3775000000,2.0005005000,0.0665000000,2.0670005000,-41.4445005000
MSFT,MSFT,QQQ,2025-10-07 11:53:00-04:00,2025-10-07 11:54:00-04:00,2025-10-07 15:59:00-04:00,LONG,-2.5122289924,522.6800000000,525.6943871551,603.6900000000,606.9455065577,523.1330694997,522.8200000000,522.9245640000,523.9700000000,523.8652060000,38,19871.1334320000,11.7500000000,9.0000000000,446.5000000000,342.0000000000,0.7659574468,511.0700000000,531.8200000000,FORCED_EOD,245,43.7000000000,7.9556040000,0.2660000000,8.2216040000,35.4783960000,10.9250000000,1.9889010000,0.0665000000,2.0554010000,8.8695990000
MSFT,MSFT,QQQ,2025-10-08 10:07:00-04:00,2025-10-08 10:08:00-04:00,2025-10-08 15:59:00-04:00,LONG,-2.8512742434,525.1300000000,525.9341546646,608.4500000000,607.0750652822,527.3869165897,525.0900000000,525.1950180000,524.8300000000,524.7250340000,38,19957.4106840000,11.7500000000,9.0000000000,446.5000000000,342.0000000000,0.7659574468,513.3400000000,534.0900000000,FORCED_EOD,351,-9.8800000000,7.9793920000,0.2660000000,8.2453920000,-18.1253920000,-2.4700000000,1.9948480000,0.0665000000,2.0613480000,-4.5313480000
MSFT,MSFT,QQQ,2025-10-09 15:14:00-04:00,2025-10-09 15:15:00-04:00,2025-10-09 15:59:00-04:00,LONG,-2.6462765185,519.8300000000,520.4812883763,609.5600000000,609.4211069517,520.5663789172,519.8400000000,519.9439680000,522.2400000000,522.1355520000,38,19757.8707840000,11.7500000000,9.0000000000,446.5000000000,342.0000000000,0.7659574468,508.0900000000,528.8400000000,FORCED_EOD,44,91.2000000000,7.9198080000,0.2660000000,8.1858080000,83.0141920000,22.8000000000,1.9799520000,0.0665000000,2.0464520000,20.7535480000
MSFT,MSFT,QQQ,2025-10-10 11:16:00-04:00,2025-10-10 11:17:00-04:00,2025-10-10 15:59:00-04:00,SHORT,2.7255707676,518.2557000000,520.7578524033,604.2900000000,609.1532124202,517.0838682178,518.1243000000,518.0206751400,511.3800000000,511.4822760000,38,19684.7856553200,11.7500000000,9.0000000000,446.5000000000,342.0000000000,0.7659574468,529.8743000000,509.1243000000,FORCED_EOD,282,256.2834000000,7.8242326800,0.2660000000,8.0902326800,248.1931673200,64.0708500000,1.9560581700,0.0665000000,2.0225581700,62.0482918300
MSFT,MSFT,QQQ,2025-10-13 11:10:00-04:00,2025-10-13 11:11:00-04:00,2025-10-13 15:59:00-04:00,LONG,-2.6303092068,512.1800000000,514.1673703123,599.4900000000,599.5579992349,514.1275567895,512.1700000000,512.2724340000,513.9700000000,513.8672060000,39,19978.6249260000,11.7500000000,9.0000000000,458.2500000000,351.0000000000,0.7659574468,500.4200000000,521.1700000000,FORCED_EOD,288,70.2000000000,8.0038920000,0.2730000000,8.2768920000,61.9231080000,17.5500000000,2.0009730000,0.0682500000,2.0692230000,15.4807770000
MSFT,MSFT,QQQ,2025-10-14 12:20:00-04:00,2025-10-14 12:21:00-04:00,2025-10-14 15:59:00-04:00,SHORT,2.6464432271,512.5000000000,509.2105320751,600.7080000000,595.6549497345,511.2504747607,512.5150000000,512.4124970000,513.7100000000,513.8127420000,39,19984.0873830000,11.7500000000,9.0000000000,458.2500000000,351.0000000000,0.7659574468,524.2650000000,503.5150000000,FORCED_EOD,218,-46.6050000000,8.0045550000,0.2730000000,8.2775550000,-54.8825550000,-11.6512500000,2.0011387500,0.0682500000,2.0693887500,-13.7206387500
MSFT,MSFT,QQQ,2025-10-15 10:37:00-04:00,2025-10-15 10:38:00-04:00,2025-10-15 15:59:00-04:00,LONG,-2.9510153936,515.0650000000,515.3854572164,606.4700000000,604.4399965245,516.1657720931,515.0650000000,515.1680130000,513.7400000000,513.6372520000,38,19576.3844940000,11.7500000000,9.0000000000,446.5000000000,342.0000000000,0.7659574468,503.3150000000,524.0650000000,FORCED_EOD,321,-50.3500000000,7.8189180000,0.2660000000,8.0849180000,-58.4349180000,-12.5875000000,1.9547295000,0.0665000000,2.0212295000,-14.6087295000
MSFT,MSFT,QQQ,2025-10-16 12:26:00-04:00,2025-10-16 12:27:00-04:00,2025-10-16 15:59:00-04:00,LONG,-2.7310197205,512.3600000000,514.2354163617,601.0600000000,605.2994235368,512.5957087548,512.4400000000,512.5424880000,511.5500000000,511.4476900000,39,19989.1570320000,11.7500000000,9.0000000000,458.2500000000,351.0000000000,0.7659574468,500.6900000000,521.4400000000,FORCED_EOD,212,-34.7100000000,7.9871220000,0.2730000000,8.2601220000,-42.9701220000,-8.6775000000,1.9967805000,0.0682500000,2.0650305000,-10.7425305000
MSFT,MSFT,QQQ,2025-10-17 12:06:00-04:00,2025-10-17 12:07:00-04:00,2025-10-17 15:59:00-04:00,SHORT,2.6011670907,512.6785000000,510.3142228373,602.3500000000,599.4670237475,511.4359460824,512.6200000000,512.5174760000,513.5100000000,513.6127020000,39,19988.1815640000,11.7500000000,9.0000000000,458.2500000000,351.0000000000,0.7659574468,524.3700000000,503.6200000000,FORCED_EOD,232,-34.7100000000,8.0038140000,0.2730000000,8.2768140000,-42.9868140000,-8.6775000000,2.0009535000,0.0682500000,2.0692035000,-10.7467035000
MSFT,MSFT,QQQ,2025-10-20 13:13:00-04:00,2025-10-20 13:14:00-04:00,2025-10-20 15:59:00-04:00,SHORT,2.5490072057,517.2600000000,516.3946807450,612.2200000000,610.8136277846,516.7199925718,517.2900000000,517.1865420000,516.8300000000,516.9333660000,38,19653.0885960000,11.7500000000,9.0000000000,446.5000000000,342.0000000000,0.7659574468,529.0400000000,508.2900000000,FORCED_EOD,165,17.4800000000,7.8593120000,0.2660000000,8.1253120000,9.3546880000,4.3700000000,1.9648280000,0.0665000000,2.0313280000,2.3386720000
MSFT,MSFT,QQQ,2025-10-21 10:07:00-04:00,2025-10-21 10:08:00-04:00,2025-10-21 15:59:00-04:00,LONG,-2.6088089823,516.0700000000,517.3163689392,610.3400000000,610.4517831981,517.2764840039,516.1600000000,516.2632320000,517.7700000000,517.6664460000,38,19618.0028160000,11.7500000000,9.0000000000,446.5000000000,342.0000000000,0.7659574468,504.4100000000,525.1600000000,FORCED_EOD,351,61.1800000000,7.8578680000,0.2660000000,8.1238680000,53.0561320000,15.2950000000,1.9644670000,0.0665000000,2.0309670000,13.2640330000
MSFT,MSFT,QQQ,2025-10-22 13:08:00-04:00,2025-10-22 13:09:00-04:00,2025-10-22 15:59:00-04:00,LONG,-2.5127935355,521.6450000000,522.7519420203,603.5300000000,607.1031224619,521.1270809961,521.6270000000,521.7313254000,520.4800000000,520.3759040000,38,19825.7903652000,11.7500000000,9.0000000000,446.5000000000,342.0000000000,0.7659574468,509.8770000000,530.6270000000,FORCED_EOD,170,-43.5860000000,7.9200132000,0.2660000000,8.1860132000,-51.7720132000,-10.8965000000,1.9800033000,0.0665000000,2.0465033000,-12.9430033000
MSFT,MSFT,QQQ,2025-10-23 11:30:00-04:00,2025-10-23 11:31:00-04:00,2025-10-23 15:59:00-04:00,SHORT,2.5676187227,523.4899000000,521.8429380030,609.1501000000,607.7057315899,522.0909966984,523.4299000000,523.3252140200,520.5900000000,520.6941180000,38,19886.3581327600,11.7500000000,9.0000000000,446.5000000000,342.0000000000,0.7659574468,535.1799000000,514.4299000000,FORCED_EOD,268,107.9162000000,7.9345512400,0.2660000000,8.2005512400,99.7156487600,26.9790500000,1.9836378100,0.0665000000,2.0501378100,24.9289121900
MSFT,MSFT,QQQ,2025-10-24 12:29:00-04:00,2025-10-24 12:30:00-04:00,2025-10-24 15:59:00-04:00,SHORT,2.6987720578,523.9400000000,523.0001665343,617.6656000000,616.9535864187,523.1208833045,523.8800000000,523.7752240000,523.5000000000,523.6047000000,38,19903.4585120000,11.7500000000,9.0000000000,446.5000000000,342.0000000000,0.7659574468,535.6300000000,514.8800000000,FORCED_EOD,209,14.4400000000,7.9600880000,0.2660000000,8.2260880000,6.2139120000,3.6100000000,1.9900220000,0.0665000000,2.0565220000,1.5534780000
MSFT,MSFT,QQQ,2025-10-27 13:26:00-04:00,2025-10-27 13:27:00-04:00,2025-10-27 15:59:00-04:00,LONG,-2.9762303272,530.5778000000,532.0048803800,626.6299000000,625.8903793401,532.1305984332,530.5200000000,530.6261040000,531.4100000000,531.3037180000,37,19633.1658480000,11.7500000000,9.0000000000,434.7500000000,333.0000000000,0.7659574468,518.7700000000,539.5200000000,FORCED_EOD,152,32.9300000000,7.8582820000,0.2590000000,8.1172820000,24.8127180000,8.2325000000,1.9645705000,0.0647500000,2.0293205000,6.2031795000
MSFT,MSFT,QQQ,2025-10-28 11:45:00-04:00,2025-10-28 11:46:00-04:00,2025-10-28 15:59:00-04:00,LONG,-3.1685310424,541.3750000000,546.0507721432,629.9800000000,630.3510380896,545.9605575562,541.3000000000,541.4082600000,542.0100000000,541.9015980000,36,19490.6973600000,11.7500000000,9.0000000000,423.0000000000,324.0000000000,0.7659574468,529.5500000000,550.3000000000,FORCED_EOD,253,25.5600000000,7.7998320000,0.2520000000,8.0518320000,17.5081680000,6.3900000000,1.9499580000,0.0630000000,2.0129580000,4.3770420000
MSFT,MSFT,QQQ,2025-10-29 11:06:00-04:00,2025-10-29 11:07:00-04:00,2025-10-29 15:59:00-04:00,SHORT,2.6266368547,539.0750000000,540.0050639259,635.5600000000,635.9930599533,539.9074641565,539.1199000000,539.0120760200,542.5600000000,542.6685120000,37,19943.4468127400,11.7500000000,9.0000000000,434.7500000000,333.0000000000,0.7659574468,550.8699000000,530.1199000000,FORCED_EOD,292,-127.2837000000,8.0044312600,0.2590000000,8.2634312600,-135.5471312600,-31.8209250000,2.0011078150,0.0647500000,2.0658578150,-33.8867828150
MSFT,MSFT,QQQ,2025-10-30 11:16:00-04:00,2025-10-30 11:17:00-04:00,2025-10-30 15:59:00-04:00,LONG,-2.7864010153,524.3820000000,529.5420728573,630.4350000000,630.4095298596,529.5583897186,524.4028000000,524.5076805600,525.7800000000,525.6748440000,38,19931.2918612800,11.7500000000,9.0000000000,446.5000000000,342.0000000000,0.7659574468,512.6528000000,533.4028000000,FORCED_EOD,282,52.3336000000,7.9813892800,0.2660000000,8.2473892800,44.0862107200,13.0834000000,1.9953473200,0.0665000000,2.0618473200,11.0215526800
MSFT,MSFT,QQQ,2025-10-31 11:44:00-04:00,2025-10-31 11:45:00-04:00,2025-10-31 15:59:00-04:00,LONG,-2.9514057186,517.3750000000,519.8422251433,632.2467000000,632.4309263715,519.6211959460,517.3000000000,517.4034600000,517.8200000000,517.7164360000,38,19661.3314800000,11.7500000000,9.0000000000,446.5000000000,342.0000000000,0.7659574468,505.5500000000,526.3000000000,FORCED_EOD,254,19.7600000000,7.8669120000,0.2660000000,8.1329120000,11.6270880000,4.9400000000,1.9667280000,0.0665000000,2.0332280000,2.9067720000
MSFT,MSFT,QQQ,2025-11-03 11:18:00-05:00,2025-11-03 11:19:00-05:00,2025-11-03 15:59:00-05:00,LONG,-2.6321559169,518.8600000000,521.3137760298,631.7200000000,632.4679468758,520.4030569248,518.8550000000,518.9587710000,517.0400000000,516.9365920000,38,19720.4332980000,11.7500000000,9.0000000000,446.5000000000,342.0000000000,0.7659574468,507.1050000000,527.8550000000,FORCED_EOD,280,-68.9700000000,7.8728020000,0.2660000000,8.1388020000,-77.1088020000,-17.2425000000,1.9682005000,0.0665000000,2.0347005000,-19.2772005000
MSFT,MSFT,QQQ,2025-11-04 13:23:00-05:00,2025-11-04 13:24:00-05:00,2025-11-04 15:59:00-05:00,LONG,-3.3865053758,510.3300000000,512.3850151656,621.2050000000,623.7421577462,508.9789224437,510.3300000000,510.4320660000,514.7900000000,514.6870420000,39,19906.8505740000,11.7500000000,9.0000000000,458.2500000000,351.0000000000,0.7659574468,498.5800000000,519.3300000000,FORCED_EOD,155,173.9400000000,7.9959360000,0.2730000000,8.2689360000,165.6710640000,43.4850000000,1.9989840000,0.0682500000,2.0672340000,41.4177660000
MSFT,MSFT,QQQ,2025-11-05 10:25:00-05:00,2025-11-05 10:26:00-05:00,2025-11-05 15:59:00-05:00,SHORT,2.5333932759,513.9800000000,512.3152738529,621.7100000000,620.3430443065,512.7985009476,513.9800000000,513.8772040000,506.9900000000,507.0913980000,38,19527.3337520000,11.7500000000,9.0000000000,446.5000000000,342.0000000000,0.7659574468,525.7300000000,504.9800000000,FORCED_EOD,333,265.6200000000,7.7593720000,0.2660000000,8.0253720000,257.5946280000,66.4050000000,1.9398430000,0.0665000000,2.0063430000,64.3986570000
MSFT,MSFT,QQQ,2025-11-06 13:03:00-05:00,2025-11-06 13:04:00-05:00,2025-11-06 15:59:00-05:00,LONG,-2.7920574775,497.0000000000,499.4574097311,613.0900000000,614.9262107994,499.1591270841,497.0200000000,497.1194040000,497.3600000000,497.2605280000,40,19884.7761600000,11.7500000000,9.0000000000,470.0000000000,360.0000000000,0.7659574468,485.2700000000,506.0200000000,FORCED_EOD,175,13.6000000000,7.9550400000,0.2800000000,8.2350400000,5.3649600000,3.4000000000,1.9887600000,0.0700000000,2.0587600000,1.3412400000
MSFT,MSFT,QQQ,2025-11-07 11:12:00-05:00,2025-11-07 11:13:00-05:00,2025-11-07 15:59:00-05:00,LONG,-2.7021464935,494.0700000000,495.9263606869,600.4800000000,604.4307496502,495.2780545254,494.1500000000,494.2488300000,496.9200000000,496.8206160000,40,19769.9532000000,11.7500000000,9.0000000000,470.0000000000,360.0000000000,0.7659574468,482.4000000000,503.1500000000,FORCED_EOD,286,110.8000000000,7.9285600000,0.2800000000,8.2085600000,102.5914400000,27.7000000000,1.9821400000,0.0700000000,2.0521400000,25.6478600000
MSFT,MSFT,QQQ,2025-11-10 11:40:00-05:00,2025-11-10 11:41:00-05:00,2025-11-10 15:59:00-05:00,LONG,-2.7505003126,500.3600000000,502.6721031352,617.3301000000,620.0514117091,502.2308727939,500.3800000000,500.4800760000,506.1500000000,506.0487700000,39,19518.7229640000,11.7500000000,9.0000000000,458.2500000000,351.0000000000,0.7659574468,488.6300000000,509.3800000000,FORCED_EOD,258,225.0300000000,7.8509340000,0.2730000000,8.1239340000,216.9060660000,56.2575000000,1.9627335000,0.0682500000,2.0309835000,54.2265165000
MSFT,MSFT,QQQ,2025-11-11 10:42:00-05:00,2025-11-11 10:43:00-05:00,2025-11-11 15:59:00-05:00,LONG,-2.6142331537,503.4563000000,504.4849217427,618.8641000000,620.0777017761,503.9383922432,503.3901000000,503.4907780200,508.8200000000,508.7182360000,39,19636.1403427800,11.7500000000,9.0000000000,458.2500000000,351.0000000000,0.7659574468,491.6401000000,512.3901000000,FORCED_EOD,316,211.7661000000,7.8952387800,0.2730000000,8.1682387800,203.5978612200,52.9415250000,1.9738096950,0.0682500000,2.0420596950,50.8994653050
MSFT,MSFT,QQQ,2025-11-12 10:02:00-05:00,2025-11-12 10:03:00-05:00,2025-11-12 15:59:00-05:00,LONG,-2.6387103295,506.1700000000,507.7043925761,621.0102000000,621.5885041086,507.3523403176,506.1880000000,506.2892376000,511.4090000000,511.3067182000,39,19745.2802664000,11.7500000000,9.0000000000,458.2500000000,351.0000000000,0.7659574468,494.4380000000,515.1880000000,FORCED_EOD,356,203.6190000000,7.9372566000,0.2730000000,8.2102566000,195.4087434000,50.9047500000,1.9843141500,0.0682500000,2.0525641500,48.8521858500
MSFT,MSFT,QQQ,2025-11-13 10:02:00-05:00,2025-11-13 10:03:00-05:00,2025-11-13 15:07:00-05:00,SHORT,2.5117065014,510.3000000000,508.8075789911,614.3100000000,615.1319153979,508.2026804875,510.3461000000,510.2440307800,501.3461000000,501.4463692200,39,19899.5172004200,11.7500000000,9.0000000000,458.2500000000,351.0000000000,0.7659574468,522.0961000000,501.3461000000,TAKE_PROFIT_BRACKET,304,351.0000000000,7.8911991600,0.2730000000,8.1641991600,342.8358008400,87.7500000000,1.9727997900,0.0682500000,2.0410497900,85.7089502100
MSFT,MSFT,QQQ,2025-11-13 15:55:00-05:00,2025-11-13 15:56:00-05:00,2025-11-13 15:59:00-05:00,SHORT,2.6839967106,503.1700000000,507.0907669275,607.9400000000,610.6887518645,505.0599470700,503.1600000000,503.0593680000,503.2760000000,503.3766552000,39,19619.3153520000,11.7500000000,9.0000000000,458.2500000000,351.0000000000,0.7659574468,514.9100000000,494.1600000000,FORCED_EOD,3,-4.5240000000,7.8502008000,0.2730000000,8.1232008000,-12.6472008000,-1.1310000000,1.9625502000,0.0682500000,2.0308002000,-3.1618002000
MSFT,MSFT,QQQ,2025-11-14 10:07:00-05:00,2025-11-14 10:08:00-05:00,2025-11-14 15:59:00-05:00,SHORT,2.6913642589,504.2900000000,500.9123025586,604.5100000000,602.1775775161,502.4652181902,504.3100000000,504.2091380000,510.4000000000,510.5020800000,39,19664.1563820000,11.7500000000,9.0000000000,458.2500000000,351.0000000000,0.7659574468,516.0600000000,495.3100000000,FORCED_EOD,351,-237.5100000000,7.9147380000,0.2730000000,8.1877380000,-245.6977380000,-59.3775000000,1.9786845000,0.0682500000,2.0469345000,-61.4244345000
MSFT,MSFT,QQQ,2025-11-17 11:51:00-05:00,2025-11-17 11:52:00-05:00,2025-11-17 15:59:00-05:00,SHORT,2.6757585479,509.9450000000,508.5910361626,610.5900000000,608.8770629943,509.7435823195,509.9000000000,509.7980200000,507.4900000000,507.5914980000,39,19882.1227800000,11.7500000000,9.0000000000,458.2500000000,351.0000000000,0.7659574468,521.6500000000,500.9000000000,FORCED_EOD,247,93.9900000000,7.9356420000,0.2730000000,8.2086420000,85.7813580000,23.4975000000,1.9839105000,0.0682500000,2.0521605000,21.4453395000
MSFT,MSFT,QQQ,2025-11-18 10:00:00-05:00,2025-11-18 10:01:00-05:00,2025-11-18 11:03:00-05:00,SHORT,3.2161746187,496.2055000000,497.2011287447,595.0800000000,598.3880709938,493.6345610446,496.2200000000,496.1207560000,487.2200000000,487.3174440000,40,19844.8302400000,11.7500000000,9.0000000000,470.0000000000,360.0000000000,0.7659574468,507.9700000000,487.2200000000,TAKE_PROFIT_BRACKET,62,360.0000000000,7.8675200000,0.2800000000,8.1475200000,351.8524800000,90.0000000000,1.9668800000,0.0700000000,2.0368800000,87.9631200000
MSFT,MSFT,QQQ,2025-11-18 12:57:00-05:00,2025-11-18 12:58:00-05:00,2025-11-18 15:59:00-05:00,LONG,-2.7266628495,492.2300000000,493.1397759401,600.7500000000,596.4345961987,497.7695001242,492.2100000000,492.3084420000,493.7900000000,493.6912420000,40,19692.3376800000,11.7500000000,9.0000000000,470.0000000000,360.0000000000,0.7659574468,480.4600000000,501.2100000000,FORCED_EOD,181,63.2000000000,7.8880000000,0.2800000000,8.1680000000,55.0320000000,15.8000000000,1.9720000000,0.0700000000,2.0420000000,13.7580000000
MSFT,MSFT,QQQ,2025-11-19 11:06:00-05:00,2025-11-19 11:07:00-05:00,2025-11-19 15:59:00-05:00,SHORT,3.2098074637,488.5101000000,491.9412609466,599.8400000000,602.5426199004,488.4925332758,488.5000000000,488.4023000000,486.9790000000,487.0763958000,40,19536.0920000000,11.7500000000,9.0000000000,470.0000000000,360.0000000000,0.7659574468,500.2500000000,479.5000000000,FORCED_EOD,292,60.8400000000,7.8038320000,0.2800000000,8.0838320000,52.7561680000,15.2100000000,1.9509580000,0.0700000000,2.0209580000,13.1890420000
MSFT,MSFT,QQQ,2025-11-20 11:17:00-05:00,2025-11-20 11:18:00-05:00,2025-11-20 15:59:00-05:00,LONG,-3.0528370182,487.1100000000,491.5367261173,606.2900000000,611.2689625384,488.7642052165,487.0900000000,487.1874180000,478.2600000000,478.1643480000,41,19974.6841380000,11.7500000000,9.0000000000,481.7500000000,369.0000000000,0.7659574468,475.3400000000,496.0900000000,FORCED_EOD,281,-362.0300000000,7.9158700000,0.2870000000,8.2028700000,-370.2328700000,-90.5075000000,1.9789675000,0.0717500000,2.0507175000,-92.5582175000
MSFT,MSFT,QQQ,2025-11-21 12:10:00-05:00,2025-11-21 12:11:00-05:00,2025-11-21 15:59:00-05:00,SHORT,2.6039058114,475.5457000000,473.2923960941,591.6500000000,586.1751544367,476.2475146913,475.5550000000,475.4598890000,472.2400000000,472.3344480000,42,19969.3153380000,11.7500000000,9.0000000000,493.5000000000,378.0000000000,0.7659574468,487.3050000000,466.5550000000,FORCED_EOD,228,139.2300000000,7.9614780000,0.2940000000,8.2554780000,130.9745220000,34.8075000000,1.9903695000,0.0735000000,2.0638695000,32.7436305000
MSFT,MSFT,QQQ,2025-11-24 13:22:00-05:00,2025-11-24 13:23:00-05:00,2025-11-24 15:59:00-05:00,LONG,-2.5173151675,475.1701000000,473.6656380388,605.2800000000,601.3684965611,474.3418145628,475.2150000000,475.3100430000,473.7900000000,473.6952420000,42,19963.0218060000,11.7500000000,9.0000000000,493.5000000000,378.0000000000,0.7659574468,463.4650000000,484.2150000000,FORCED_EOD,156,-59.8500000000,7.9716420000,0.2940000000,8.2656420000,-68.1156420000,-14.9625000000,1.9929105000,0.0735000000,2.0664105000,-17.0289105000
MSFT,MSFT,QQQ,2025-11-25 12:05:00-05:00,2025-11-25 12:06:00-05:00,2025-11-25 15:59:00-05:00,SHORT,2.6213959243,475.4250000000,469.9961712752,605.4701000000,601.8017547991,471.3890539571,475.4000000000,475.3049200000,476.9400000000,477.0353880000,42,19962.8066400000,11.7500000000,9.0000000000,493.5000000000,378.0000000000,0.7659574468,487.1500000000,466.4000000000,FORCED_EOD,233,-64.6800000000,7.9996560000,0.2940000000,8.2936560000,-72.9736560000,-16.1700000000,1.9999140000,0.0735000000,2.0734140000,-18.2434140000
MSFT,MSFT,QQQ,2025-11-26 10:45:00-05:00,2025-11-26 10:46:00-05:00,2025-11-26 15:59:00-05:00,SHORT,2.7600729817,485.8100000000,483.4044858345,612.5000000000,612.2437599247,483.4884314403,485.7600000000,485.6628480000,485.4900000000,485.5870980000,41,19912.1767680000,11.7500000000,9.0000000000,481.7500000000,369.0000000000,0.7659574468,497.5100000000,476.7600000000,FORCED_EOD,313,11.0700000000,7.9642500000,0.2870000000,8.2512500000,2.8187500000,2.7675000000,1.9910625000,0.0717500000,2.0628125000,0.7046875000
MSFT,MSFT,QQQ,2025-11-28 12:12:00-05:00,2025-11-28 12:13:00-05:00,2025-11-28 12:59:00-05:00,LONG,-2.5329880477,491.5400000000,490.7798338963,617.6587000000,616.8801566595,491.0841209318,491.5600000000,491.6583120000,492.0100000000,491.9115980000,40,19666.3324800000,11.7500000000,9.0000000000,470.0000000000,360.0000000000,0.7659574468,479.8100000000,500.5600000000,FORCED_EOD,46,18.0000000000,7.8685600000,0.2800000000,8.1485600000,9.8514400000,4.5000000000,1.9671400000,0.0700000000,2.0371400000,2.4628600000
MSFT,MSFT,QQQ,2025-12-01 14:25:00-05:00,2025-12-01 14:26:00-05:00,2025-12-01 15:59:00-05:00,LONG,-2.6465841937,488.1100000000,487.8159900048,617.1300000000,616.5100076002,487.9141042942,488.1400000000,488.2376280000,486.8300000000,486.7326340000,40,19529.5051200000,11.7500000000,9.0000000000,470.0000000000,360.0000000000,0.7659574468,476.3900000000,497.1400000000,FORCED_EOD,93,-52.4000000000,7.7997600000,0.2800000000,8.0797600000,-60.4797600000,-13.1000000000,1.9499400000,0.0700000000,2.0199400000,-15.1199400000
MSFT,MSFT,QQQ,2025-12-02 11:25:00-05:00,2025-12-02 11:26:00-05:00,2025-12-02 15:59:00-05:00,LONG,-2.7968600062,490.1000000000,489.6863263541,618.8000000000,621.7261081332,488.9232648293,490.0300000000,490.1280060000,490.0600000000,489.9619880000,40,19605.1202400000,11.7500000000,9.0000000000,470.0000000000,360.0000000000,0.7659574468,478.2800000000,499.0300000000,FORCED_EOD,273,1.2000000000,7.8407200000,0.2800000000,8.1207200000,-6.9207200000,0.3000000000,1.9601800000,0.0700000000,2.0301800000,-1.7301800000
MSFT,MSFT,QQQ,2025-12-03 10:31:00-05:00,2025-12-03 10:32:00-05:00,2025-12-03 15:59:00-05:00,SHORT,2.6210106184,478.7820000000,477.2003707406,620.1200000000,619.8746038793,477.5900940526,478.7700000000,478.6742460000,477.7400000000,477.8355480000,41,19625.6440860000,11.7500000000,9.0000000000,481.7500000000,369.0000000000,0.7659574468,490.5200000000,469.7700000000,FORCED_EOD,327,42.2300000000,7.8433820000,0.2870000000,8.1303820000,34.0996180000,10.5575000000,1.9608455000,0.0717500000,2.0325955000,8.5249045000
MSFT,MSFT,QQQ,2025-12-04 13:15:00-05:00,2025-12-04 13:16:00-05:00,2025-12-04 15:59:00-05:00,LONG,-2.7992341672,477.9200000000,478.3064064894,622.5500000000,622.0616855977,479.3044315710,477.9150000000,478.0105830000,480.8200000000,480.7238360000,41,19598.4339030000,11.7500000000,9.0000000000,481.7500000000,369.0000000000,0.7659574468,466.1650000000,486.9150000000,FORCED_EOD,163,119.1050000000,7.8616270000,0.2870000000,8.1486270000,110.9563730000,29.7762500000,1.9654067500,0.0717500000,2.0371567500,27.7390932500
MSFT,MSFT,QQQ,2025-12-05 10:52:00-05:00,2025-12-05 10:53:00-05:00,2025-12-05 15:59:00-05:00,SHORT,2.5379918780,481.5300000000,481.9738233068,626.4600000000,627.0227732188,481.3378917425,481.5400000000,481.4436920000,483.0300000000,483.1266060000,41,19739.1913720000,11.7500000000,9.0000000000,481.7500000000,369.0000000000,0.7659574468,493.2900000000,472.5400000000,FORCED_EOD,306,-61.0900000000,7.9094740000,0.2870000000,8.1964740000,-69.2864740000,-15.2725000000,1.9773685000,0.0717500000,2.0491185000,-17.3216185000
MSFT,MSFT,QQQ,2025-12-08 11:01:00-05:00,2025-12-08 11:02:00-05:00,2025-12-08 15:59:00-05:00,SHORT,2.8771857971,489.8150000000,488.5531424644,623.3600000000,626.1822457345,486.3496888438,489.8300000000,489.7320340000,491.1200000000,491.2182240000,40,19589.2813600000,11.7500000000,9.0000000000,470.0000000000,360.0000000000,0.7659574468,501.5800000000,480.8300000000,FORCED_EOD,297,-51.6000000000,7.8476000000,0.2800000000,8.1276000000,-59.7276000000,-12.9000000000,1.9619000000,0.0700000000,2.0319000000,-14.9319000000
MSFT,MSFT,QQQ,2025-12-09 11:07:00-05:00,2025-12-09 11:08:00-05:00,2025-12-09 15:59:00-05:00,LONG,-2.9042150564,489.9100000000,490.2101677769,624.6900000000,623.4341635090,490.4076621887,489.9550000000,490.0529910000,492.0600000000,491.9615880000,40,19602.1196400000,11.7500000000,9.0000000000,470.0000000000,360.0000000000,0.7659574468,478.2050000000,498.9550000000,FORCED_EOD,291,84.2000000000,7.8561200000,0.2800000000,8.1361200000,76.0638800000,21.0500000000,1.9640300000,0.0700000000,2.0340300000,19.0159700000
MSFT,MSFT,QQQ,2025-12-10 10:38:00-05:00,2025-12-10 10:39:00-05:00,2025-12-10 15:59:00-05:00,LONG,-2.7284595199,478.4800000000,480.5184028031,622.2100000000,623.3117769146,480.3485282386,478.4800000000,478.5756960000,478.5215000000,478.4257957000,41,19621.6035360000,11.7500000000,9.0000000000,481.7500000000,369.0000000000,0.7659574468,466.7300000000,487.4800000000,FORCED_EOD,320,1.7015000000,7.8474123000,0.2870000000,8.1344123000,-6.4329123000,0.4253750000,1.9618530750,0.0717500000,2.0336030750,-1.6082280750
MSFT,MSFT,QQQ,2025-12-11 13:22:00-05:00,2025-12-11 13:23:00-05:00,2025-12-11 15:59:00-05:00,SHORT,2.9319421870,481.5700000000,479.8865375166,623.6901000000,621.3598035433,480.2464828789,481.5400000000,481.4436920000,483.6900000000,483.7867380000,41,19739.1913720000,11.7500000000,9.0000000000,481.7500000000,369.0000000000,0.7659574468,493.2900000000,472.5400000000,FORCED_EOD,156,-88.1500000000,7.9148860000,0.2870000000,8.2018860000,-96.3518860000,-22.0375000000,1.9787215000,0.0717500000,2.0504715000,-24.0879715000
MSFT,MSFT,QQQ,2025-12-12 10:58:00-05:00,2025-12-12 10:59:00-05:00,2025-12-12 15:59:00-05:00,LONG,-3.3357556278,477.4600000000,479.8074986615,614.1300000000,619.5058659262,478.9747766728,477.4200000000,477.5154840000,478.3500000000,478.2543300000,41,19578.1348440000,11.7500000000,9.0000000000,481.7500000000,369.0000000000,0.7659574468,465.6700000000,486.4200000000,FORCED_EOD,300,38.1300000000,7.8373140000,0.2870000000,8.1243140000,30.0056860000,9.5325000000,1.9593285000,0.0717500000,2.0310785000,7.5014215000
MSFT,MSFT,QQQ,2025-12-15 10:25:00-05:00,2025-12-15 10:26:00-05:00,2025-12-15 15:59:00-05:00,LONG,-2.5919783006,472.9100000000,476.5430560570,610.0900000000,614.4879482648,475.8609233276,472.9250000000,473.0195850000,474.8100000000,474.7150380000,42,19866.8225700000,11.7500000000,9.0000000000,493.5000000000,378.0000000000,0.7659574468,461.1750000000,481.9250000000,FORCED_EOD,333,79.1700000000,7.9609740000,0.2940000000,8.2549740000,70.9150260000,19.7925000000,1.9902435000,0.0735000000,2.0637435000,17.7287565000
MSFT,MSFT,QQQ,2025-12-16 12:40:00-05:00,2025-12-16 12:41:00-05:00,2025-12-16 15:59:00-05:00,LONG,-3.0846259262,473.2850000000,473.7537052287,608.9800000000,609.6817475180,473.6446465310,473.2852000000,473.3798570400,476.2400000000,476.1447520000,42,19881.9539956800,11.7500000000,9.0000000000,493.5000000000,378.0000000000,0.7659574468,461.5352000000,482.2852000000,FORCED_EOD,198,124.1016000000,7.9760116800,0.2940000000,8.2700116800,115.8315883200,31.0254000000,1.9940029200,0.0735000000,2.0675029200,28.9578970800
MSFT,MSFT,QQQ,2025-12-17 11:48:00-05:00,2025-12-17 11:49:00-05:00,2025-12-17 15:59:00-05:00,LONG,-2.5462529979,475.4300000000,476.7580658150,603.3000000000,607.7844212861,476.0545321462,475.3900000000,475.4850780000,476.0600000000,475.9647880000,42,19970.3732760000,11.7500000000,9.0000000000,493.5000000000,378.0000000000,0.7659574468,463.6400000000,484.3900000000,FORCED_EOD,250,28.1400000000,7.9921800000,0.2940000000,8.2861800000,19.8538200000,7.0350000000,1.9980450000,0.0735000000,2.0715450000,4.9634550000
MSFT,MSFT,QQQ,2025-12-18 11:35:00-05:00,2025-12-18 11:36:00-05:00,2025-12-18 15:59:00-05:00,SHORT,2.7850869216,489.0900000000,484.4293146351,612.2300000000,610.1702225148,485.2425956326,489.0600000000,488.9621880000,483.8800000000,483.9767760000,40,19558.4875200000,11.7500000000,9.0000000000,470.0000000000,360.0000000000,0.7659574468,500.8100000000,480.0600000000,FORCED_EOD,263,207.2000000000,7.7835200000,0.2800000000,8.0635200000,199.1364800000,51.8000000000,1.9458800000,0.0700000000,2.0158800000,49.7841200000
MSFT,MSFT,QQQ,2025-12-19 10:51:00-05:00,2025-12-19 10:52:00-05:00,2025-12-19 15:59:00-05:00,LONG,-2.7052627776,484.4000000000,486.0009617906,614.6600000000,615.3577866055,485.6632963862,484.4350000000,484.5318870000,485.8900000000,485.7928220000,41,19865.8073670000,11.7500000000,9.0000000000,481.7500000000,369.0000000000,0.7659574468,472.6850000000,493.4350000000,FORCED_EOD,307,59.6550000000,7.9566650000,0.2870000000,8.2436650000,51.4113350000,14.9137500000,1.9891662500,0.0717500000,2.0609162500,12.8528337500
MSFT,MSFT,QQQ,2025-12-22 14:35:00-05:00,2025-12-22 14:36:00-05:00,2025-12-22 15:59:00-05:00,LONG,-2.9076932254,485.6100000000,485.2186847798,619.5800000000,619.4610131509,485.2585842357,485.6100000000,485.7071220000,484.8500000000,484.7530300000,41,19913.9920020000,11.7500000000,9.0000000000,481.7500000000,369.0000000000,0.7659574468,473.8600000000,494.6100000000,FORCED_EOD,83,-31.1600000000,7.9577720000,0.2870000000,8.2447720000,-39.4047720000,-7.7900000000,1.9894430000,0.0717500000,2.0611930000,-9.8511930000
MSFT,MSFT,QQQ,2025-12-23 11:23:00-05:00,2025-12-23 11:24:00-05:00,2025-12-23 15:59:00-05:00,SHORT,2.8113175930,486.6600000000,486.0544435737,620.4700000000,619.5985024656,486.2861044925,486.6500000000,486.5526700000,486.5000000000,486.5973000000,41,19948.6594700000,11.7500000000,9.0000000000,481.7500000000,369.0000000000,0.7659574468,498.4000000000,477.6500000000,FORCED_EOD,275,6.1500000000,7.9798300000,0.2870000000,8.2668300000,-2.1168300000,1.5375000000,1.9949575000,0.0717500000,2.0667075000,-0.5292075000
MSFT,MSFT,QQQ,2025-12-24 11:31:00-05:00,2025-12-24 11:32:00-05:00,2025-12-24 12:59:00-05:00,SHORT,2.5596534431,488.7000000000,487.0372696331,623.4700000000,622.5739491208,487.2714149753,488.7050000000,488.6072590000,488.0200000000,488.1176040000,40,19544.2903600000,11.7500000000,9.0000000000,470.0000000000,360.0000000000,0.7659574468,500.4550000000,479.7050000000,FORCED_EOD,87,27.4000000000,7.8138000000,0.2800000000,8.0938000000,19.3062000000,6.8500000000,1.9534500000,0.0700000000,2.0234500000,4.8265500000
MSFT,MSFT,QQQ,2025-12-26 10:26:00-05:00,2025-12-26 10:27:00-05:00,2025-12-26 15:59:00-05:00,LONG,-2.7610173305,486.0200000000,486.9829607747,623.9850000000,624.3703695940,486.7079600166,486.0500000000,486.1472100000,487.7850000000,487.6874430000,41,19932.0356100000,11.7500000000,9.0000000000,481.7500000000,369.0000000000,0.7659574468,474.3000000000,495.0500000000,FORCED_EOD,332,71.1350000000,7.9854470000,0.2870000000,8.2724470000,62.8625530000,17.7837500000,1.9963617500,0.0717500000,2.0681117500,15.7156382500
MSFT,MSFT,QQQ,2025-12-29 11:07:00-05:00,2025-12-29 11:08:00-05:00,2025-12-29 15:59:00-05:00,LONG,-2.7643746502,486.3650000000,486.9498075964,619.5252000000,620.7347576853,486.6247102062,486.3500000000,486.4472700000,487.1010000000,487.0035798000,41,19944.3380700000,11.7500000000,9.0000000000,481.7500000000,369.0000000000,0.7659574468,474.6000000000,495.3500000000,FORCED_EOD,291,30.7910000000,7.9822982000,0.2870000000,8.2692982000,22.5217018000,7.6977500000,1.9955745500,0.0717500000,2.0673245500,5.6304254500
MSFT,MSFT,QQQ,2025-12-30 11:01:00-05:00,2025-12-30 11:02:00-05:00,2025-12-30 15:59:00-05:00,SHORT,2.5621431192,489.1350000000,487.7805551817,621.3350000000,620.3866021538,488.0745948606,489.1550000000,489.0571690000,487.5500000000,487.6475100000,40,19562.2867600000,11.7500000000,9.0000000000,470.0000000000,360.0000000000,0.7659574468,500.9050000000,480.1550000000,FORCED_EOD,297,64.2000000000,7.8136400000,0.2800000000,8.0936400000,56.1063600000,16.0500000000,1.9534100000,0.0700000000,2.0234100000,14.0265900000
MSFT,MSFT,QQQ,2025-12-31 11:51:00-05:00,2025-12-31 11:52:00-05:00,2025-12-31 15:59:00-05:00,SHORT,2.7206447122,485.6499000000,485.6636999925,617.5700000000,617.7661130446,485.5878936109,485.5900000000,485.4928820000,483.6500000000,483.7467300000,41,19905.2081620000,11.7500000000,9.0000000000,481.7500000000,369.0000000000,0.7659574468,497.3400000000,476.5900000000,FORCED_EOD,247,79.5400000000,7.9477680000,0.2870000000,8.2347680000,71.3052320000,19.8850000000,1.9869420000,0.0717500000,2.0586920000,17.8263080000
MSFT,MSFT,QQQ,2026-01-02 10:59:00-05:00,2026-01-02 11:00:00-05:00,2026-01-02 15:59:00-05:00,SHORT,2.5470138668,474.0600000000,478.6822609346,612.6650000000,618.1675552070,474.8535225587,474.0000000000,473.9052000000,472.9300000000,473.0245860000,42,19904.0184000000,11.7500000000,9.0000000000,493.5000000000,378.0000000000,0.7659574468,485.7500000000,465.0000000000,FORCED_EOD,299,44.9400000000,7.9542120000,0.2940000000,8.2482120000,36.6917880000,11.2350000000,1.9885530000,0.0735000000,2.0620530000,9.1729470000
MSFT,MSFT,QQQ,2026-01-05 10:39:00-05:00,2026-01-05 10:40:00-05:00,2026-01-05 15:59:00-05:00,LONG,-2.8003387473,472.0700000000,472.3790870481,619.5300000000,618.7055893865,472.5049738478,472.0800000000,472.1744160000,472.9200000000,472.8254160000,42,19831.3254720000,11.7500000000,9.0000000000,493.5000000000,378.0000000000,0.7659574468,460.3300000000,481.0800000000,FORCED_EOD,319,35.2800000000,7.9380000000,0.2940000000,8.2320000000,27.0480000000,8.8200000000,1.9845000000,0.0735000000,2.0580000000,6.7620000000
MSFT,MSFT,QQQ,2026-01-06 12:38:00-05:00,2026-01-06 12:39:00-05:00,2026-01-06 15:59:00-05:00,SHORT,2.6071703440,474.2300000000,471.9996097749,622.6950000000,620.8943180853,472.5249422683,474.1900000000,474.0951620000,478.5100000000,478.6057020000,42,19911.9968040000,11.7500000000,9.0000000000,493.5000000000,378.0000000000,0.7659574468,485.9400000000,465.1900000000,FORCED_EOD,200,-181.4400000000,8.0026800000,0.2940000000,8.2966800000,-189.7366800000,-45.3600000000,2.0006700000,0.0735000000,2.0741700000,-47.4341700000
MSFT,MSFT,QQQ,2026-01-07 10:38:00-05:00,2026-01-07 10:39:00-05:00,2026-01-07 15:59:00-05:00,SHORT,2.6968793444,485.2000000000,483.0511210475,624.0500000000,624.2245938044,482.9095704907,485.1800000000,485.0829640000,483.5000000000,483.5967000000,41,19888.4015240000,11.7500000000,9.0000000000,481.7500000000,369.0000000000,0.7659574468,496.9300000000,476.1800000000,FORCED_EOD,320,68.8800000000,7.9431760000,0.2870000000,8.2301760000,60.6498240000,17.2200000000,1.9857940000,0.0717500000,2.0575440000,15.1624560000
MSFT,MSFT,QQQ,2026-01-08 11:57:00-05:00,2026-01-08 11:58:00-05:00,2026-01-08 15:59:00-05:00,SHORT,2.6736889164,478.6600000000,478.4251618577,619.8902000000,619.9360369031,478.3842668694,478.5800000000,478.4842840000,478.1400000000,478.2356280000,41,19617.8556440000,11.7500000000,9.0000000000,481.7500000000,369.0000000000,0.7659574468,490.3300000000,469.5800000000,FORCED_EOD,241,18.0400000000,7.8451040000,0.2870000000,8.1321040000,9.9078960000,4.5100000000,1.9612760000,0.0717500000,2.0330260000,2.4769740000
MSFT,MSFT,QQQ,2026-01-09 12:56:00-05:00,2026-01-09 12:57:00-05:00,2026-01-09 15:59:00-05:00,LONG,-2.5358661389,477.0250000000,475.3600726479,626.4800000000,623.4623322383,478.8615283429,477.0250000000,477.1204050000,479.2500000000,479.1541500000,41,19561.9366050000,11.7500000000,9.0000000000,481.7500000000,369.0000000000,0.7659574468,465.2750000000,486.0250000000,FORCED_EOD,182,91.2250000000,7.8414550000,0.2870000000,8.1284550000,83.0965450000,22.8062500000,1.9603637500,0.0717500000,2.0321137500,20.7741362500
MSFT,MSFT,QQQ,2026-01-12 10:25:00-05:00,2026-01-12 10:26:00-05:00,2026-01-12 15:59:00-05:00,LONG,-2.5335789087,478.6200000000,479.0255567678,626.7150000000,625.3175622586,479.8743706272,478.6450000000,478.7407290000,477.1900000000,477.0945620000,41,19628.3698890000,11.7500000000,9.0000000000,481.7500000000,369.0000000000,0.7659574468,466.8950000000,487.6450000000,FORCED_EOD,333,-59.6550000000,7.8378470000,0.2870000000,8.1248470000,-67.7798470000,-14.9137500000,1.9594617500,0.0717500000,2.0312117500,-16.9449617500
MSFT,MSFT,QQQ,2026-01-13 10:32:00-05:00,2026-01-13 10:33:00-05:00,2026-01-13 15:59:00-05:00,LONG,-2.5290531313,467.1700000000,472.1260648053,624.5900000000,627.0133918488,470.2950638820,467.1660000000,467.2594332000,470.7200000000,470.6258560000,42,19624.8961944000,11.7500000000,9.0000000000,493.5000000000,378.0000000000,0.7659574468,455.4160000000,476.1660000000,FORCED_EOD,326,149.2680000000,7.8782424000,0.2940000000,8.1722424000,141.0957576000,37.3170000000,1.9695606000,0.0735000000,2.0430606000,35.2739394000
MSFT,MSFT,QQQ,2026-01-14 10:56:00-05:00,2026-01-14 10:57:00-05:00,2026-01-14 15:59:00-05:00,LONG,-2.8897534631,461.5948000000,464.9116294556,616.2800000000,619.3135150196,462.7119977088,461.5543000000,461.6466108600,459.3800000000,459.2881240000,43,19850.8042669800,11.7500000000,9.0000000000,505.2500000000,387.0000000000,0.7659574468,449.8043000000,470.5543000000,FORCED_EOD,302,-93.4949000000,7.9200349800,0.3010000000,8.2210349800,-101.7159349800,-23.3737250000,1.9800087450,0.0752500000,2.0552587450,-25.4289837450
MSFT,MSFT,QQQ,2026-01-15 11:14:00-05:00,2026-01-15 11:15:00-05:00,2026-01-15 15:59:00-05:00,SHORT,2.5784907983,460.4400000000,459.6857285413,625.9174000000,625.6336220570,459.9383295067,460.4500000000,460.3579100000,456.9100000000,457.0013820000,43,19795.3901300000,11.7500000000,9.0000000000,505.2500000000,387.0000000000,0.7659574468,472.2000000000,451.4500000000,FORCED_EOD,284,152.2200000000,7.8892960000,0.3010000000,8.1902960000,144.0297040000,38.0550000000,1.9723240000,0.0752500000,2.0475740000,36.0074260000
MSFT,MSFT,QQQ,2026-01-16 11:52:00-05:00,2026-01-16 11:53:00-05:00,2026-01-16 15:59:00-05:00,SHORT,2.5922944532,462.0800000000,458.7367333110,622.3200000000,621.9520405474,459.0963091202,462.0900000000,461.9975820000,459.8700000000,459.9619740000,43,19865.8960260000,11.7500000000,9.0000000000,505.2500000000,387.0000000000,0.7659574468,473.8400000000,453.0900000000,FORCED_EOD,246,95.4600000000,7.9288560000,0.3010000000,8.2298560000,87.2301440000,23.8650000000,1.9822140000,0.0752500000,2.0574640000,21.8075360000
MSFT,MSFT,QQQ,2026-01-20 12:46:00-05:00,2026-01-20 12:47:00-05:00,2026-01-20 15:59:00-05:00,SHORT,2.5431325493,453.3313000000,453.3592894933,611.2400000000,612.8280358723,451.4598617464,453.2901000000,453.1994419800,454.6600000000,454.7509320000,44,19940.7754471200,11.7500000000,9.0000000000,517.0000000000,396.0000000000,0.7659574468,465.0401000000,444.2901000000,FORCED_EOD,192,-60.2756000000,7.9899608800,0.3080000000,8.2979608800,-68.5735608800,-15.0689000000,1.9974902200,0.0770000000,2.0744902200,-17.1433902200
MSFT,MSFT,QQQ,2026-01-21 11:15:00-05:00,2026-01-21 11:16:00-05:00,2026-01-21 15:59:00-05:00,LONG,-2.9440456286,449.1050000000,450.3914355079,615.7700000000,612.4600268750,451.6469101849,449.1600000000,449.2498320000,444.2000000000,444.1111600000,44,19766.9926080000,11.7500000000,9.0000000000,517.0000000000,396.0000000000,0.7659574468,437.4100000000,458.1600000000,FORCED_EOD,283,-218.2400000000,7.8615680000,0.3080000000,8.1695680000,-226.4095680000,-54.5600000000,1.9653920000,0.0770000000,2.0423920000,-56.6023920000
MSFT,MSFT,QQQ,2026-01-22 11:20:00-05:00,2026-01-22 11:21:00-05:00,2026-01-22 15:59:00-05:00,SHORT,3.0888726263,447.8500000000,446.9567682286,620.9200000000,619.7636638900,447.1235518853,447.8700000000,447.7804260000,451.1500000000,451.2402300000,44,19702.3387440000,11.7500000000,9.0000000000,517.0000000000,396.0000000000,0.7659574468,459.6200000000,438.8700000000,FORCED_EOD,278,-144.3200000000,7.9113760000,0.3080000000,8.2193760000,-152.5393760000,-36.0800000000,1.9778440000,0.0770000000,2.0548440000,-38.1348440000
MSFT,MSFT,QQQ,2026-01-23 10:05:00-05:00,2026-01-23 10:06:00-05:00,2026-01-23 15:59:00-05:00,SHORT,2.5633727365,460.3700000000,455.1884818850,622.2000000000,620.1662112812,455.4870332032,460.3700000000,460.2779260000,465.8100000000,465.9031620000,43,19791.9508180000,11.7500000000,9.0000000000,505.2500000000,387.0000000000,0.7659574468,472.1200000000,451.3700000000,FORCED_EOD,353,-233.9200000000,7.9651480000,0.3010000000,8.2661480000,-242.1861480000,-58.4800000000,1.9912870000,0.0752500000,2.0665370000,-60.5465370000
MSFT,MSFT,QQQ,2026-01-26 11:00:00-05:00,2026-01-26 11:01:00-05:00,2026-01-26 15:59:00-05:00,SHORT,2.9046982837,471.8950000000,467.7749611475,626.5600000000,625.0642764605,468.0034517032,471.8600000000,471.7656280000,470.3600000000,470.4540720000,42,19814.1563760000,11.7500000000,9.0000000000,493.5000000000,378.0000000000,0.7659574468,483.6100000000,462.8600000000,FORCED_EOD,298,63.0000000000,7.9146480000,0.2940000000,8.2086480000,54.7913520000,15.7500000000,1.9786620000,0.0735000000,2.0521620000,13.6978380000
MSFT,MSFT,QQQ,2026-01-27 11:50:00-05:00,2026-01-27 11:51:00-05:00,2026-01-27 15:59:00-05:00,SHORT,2.7504592316,480.6300000000,477.4970933530,631.5100000000,630.2493873291,477.7207306757,480.6285000000,480.5323743000,480.5850000000,480.6811170000,41,19701.8273463000,11.7500000000,9.0000000000,481.7500000000,369.0000000000,0.7659574468,492.3785000000,471.6285000000,FORCED_EOD,248,1.7835000000,7.8819507000,0.2870000000,8.1689507000,-6.3854507000,0.4458750000,1.9704876750,0.0717500000,2.0422376750,-1.5963626750
MSFT,MSFT,QQQ,2026-01-28 11:31:00-05:00,2026-01-28 11:32:00-05:00,2026-01-28 15:59:00-05:00,LONG,-2.5546808609,478.4000000000,480.4789562148,633.0100000000,634.8504850975,480.2003664116,478.3700000000,478.4656740000,481.7200000000,481.6236560000,41,19617.0926340000,11.7500000000,9.0000000000,481.7500000000,369.0000000000,0.7659574468,466.6200000000,487.3700000000,FORCED_EOD,267,137.3500000000,7.8727380000,0.2870000000,8.1597380000,129.1902620000,34.3375000000,1.9681845000,0.0717500000,2.0399345000,32.2975655000
MSFT,MSFT,QQQ,2026-01-29 11:06:00-05:00,2026-01-29 11:07:00-05:00,2026-01-29 15:41:00-05:00,LONG,-2.8558902652,421.8750000000,429.5786743556,619.0400000000,624.6923305469,426.4785032355,421.8700000000,421.9543740000,430.8700000000,430.7838260000,47,19831.8555780000,11.7500000000,9.0000000000,552.2500000000,423.0000000000,0.7659574468,410.1200000000,430.8700000000,TAKE_PROFIT_BRACKET,274,423.0000000000,8.0157560000,0.3290000000,8.3447560000,414.6552440000,105.7500000000,2.0039390000,0.0822500000,2.0861890000,103.6638110000
MSFT,MSFT,QQQ,2026-01-29 15:41:00-05:00,2026-01-29 15:42:00-05:00,2026-01-29 15:59:00-05:00,SHORT,2.6698935828,431.0475000000,427.1849286213,627.1900000000,624.5350716158,428.6333451642,431.0750000000,430.9887850000,433.4700000000,433.5566940000,46,19825.4841100000,11.7500000000,9.0000000000,540.5000000000,414.0000000000,0.7659574468,442.8250000000,422.0750000000,FORCED_EOD,17,-110.1700000000,7.9538140000,0.3220000000,8.2758140000,-118.4458140000,-27.5425000000,1.9884535000,0.0805000000,2.0689535000,-29.6114535000
MSFT,MSFT,QQQ,2026-01-30 12:06:00-05:00,2026-01-30 12:07:00-05:00,2026-01-30 15:59:00-05:00,SHORT,2.5557876003,429.7300000000,433.3521363511,622.4950000000,625.9666896914,423.7384353711,429.7300000000,429.6440540000,430.3600000000,430.4460720000,46,19763.6264840000,11.7500000000,9.0000000000,540.5000000000,414.0000000000,0.7659574468,441.4800000000,420.7300000000,FORCED_EOD,232,-28.9800000000,7.9128280000,0.3220000000,8.2348280000,-37.2148280000,-7.2450000000,1.9782070000,0.0805000000,2.0587070000,-9.3037070000
MSFT,MSFT,QQQ,2026-02-02 13:19:00-05:00,2026-02-02 13:20:00-05:00,2026-02-02 15:59:00-05:00,SHORT,3.0057765273,425.2417000000,426.7393341495,627.6300000000,625.4757825398,431.2969982267,425.2300000000,425.1449540000,423.3100000000,423.3946620000,47,19981.8128380000,11.7500000000,9.0000000000,552.2500000000,423.0000000000,0.7659574468,436.9800000000,416.2300000000,FORCED_EOD,159,90.2400000000,7.9762760000,0.3290000000,8.3052760000,81.9347240000,22.5600000000,1.9940690000,0.0822500000,2.0763190000,20.4836810000
MSFT,MSFT,QQQ,2026-02-03 12:12:00-05:00,2026-02-03 12:13:00-05:00,2026-02-03 15:59:00-05:00,SHORT,3.3133155497,411.4350000000,414.5900776379,615.4250000000,620.4974747858,406.3337523797,411.4400000000,411.3577120000,411.3300000000,411.4122660000,48,19745.1701760000,11.7500000000,9.0000000000,564.0000000000,432.0000000000,0.7659574468,423.1900000000,402.4400000000,FORCED_EOD,226,5.2800000000,7.8985920000,0.3360000000,8.2345920000,-2.9545920000,1.3200000000,1.9746480000,0.0840000000,2.0586480000,-0.7386480000
MSFT,MSFT,QQQ,2026-02-04 12:12:00-05:00,2026-02-04 12:13:00-05:00,2026-02-04 15:59:00-05:00,LONG,-2.7817463895,414.2600000000,414.2245024686,606.0700000000,609.7282182753,412.2558106737,414.2550000000,414.3378510000,414.2000000000,414.1171600000,48,19888.2168480000,11.7500000000,9.0000000000,564.0000000000,432.0000000000,0.7659574468,402.5050000000,423.2550000000,FORCED_EOD,226,-2.6400000000,7.9531680000,0.3360000000,8.2891680000,-10.9291680000,-0.6600000000,1.9882920000,0.0840000000,2.0722920000,-2.7322920000
MSFT,MSFT,QQQ,2026-02-05 11:22:00-05:00,2026-02-05 11:23:00-05:00,2026-02-05 15:12:00-05:00,SHORT,2.9361928515,404.2700000000,401.6101031943,599.2700000000,598.4698142064,401.7174979840,404.2800000000,404.1991440000,395.2800000000,395.3590560000,49,19805.7580560000,11.7500000000,9.0000000000,575.7500000000,441.0000000000,0.7659574468,416.0300000000,395.2800000000,TAKE_PROFIT_BRACKET,229,441.0000000000,7.8356880000,0.3430000000,8.1786880000,432.8213120000,110.2500000000,1.9589220000,0.0857500000,2.0446720000,108.2053280000
MSFT,MSFT,QQQ,2026-02-06 10:53:00-05:00,2026-02-06 10:54:00-05:00,2026-02-06 15:59:00-05:00,LONG,-2.6001542189,393.5600000000,396.7738390553,602.1700000000,602.6784966148,396.7068852300,393.4800000000,393.5586960000,400.8200000000,400.7398360000,50,19677.9348000000,11.7500000000,9.0000000000,587.5000000000,450.0000000000,0.7659574468,381.7300000000,402.4800000000,FORCED_EOD,305,367.0000000000,7.9430000000,0.3500000000,8.2930000000,358.7070000000,91.7500000000,1.9857500000,0.0875000000,2.0732500000,89.6767500000
MSFT,MSFT,QQQ,2026-02-09 13:34:00-05:00,2026-02-09 13:35:00-05:00,2026-02-09 15:59:00-05:00,SHORT,3.2410971252,412.9000000000,409.5242730476,614.9300000000,612.0373607859,411.2106774079,412.9000000000,412.8174200000,413.6250000000,413.7077250000,48,19815.2361600000,11.7500000000,9.0000000000,564.0000000000,432.0000000000,0.7659574468,424.6500000000,403.9000000000,FORCED_EOD,144,-34.8000000000,7.9346400000,0.3360000000,8.2706400000,-43.0706400000,-8.7000000000,1.9836600000,0.0840000000,2.0676600000,-10.7676600000
MSFT,MSFT,QQQ,2026-02-10 12:44:00-05:00,2026-02-10 12:45:00-05:00,2026-02-10 15:59:00-05:00,LONG,-2.6182893254,419.3213000000,420.1747145031,615.3200000000,615.0362430452,420.4315377246,419.3300000000,419.4138660000,413.3400000000,413.2573320000,47,19712.4517020000,11.7500000000,9.0000000000,552.2500000000,423.0000000000,0.7659574468,407.5800000000,428.3300000000,FORCED_EOD,194,-281.5300000000,7.8270980000,0.3290000000,8.1560980000,-289.6860980000,-70.3825000000,1.9567745000,0.0822500000,2.0390245000,-72.4215245000
MSFT,MSFT,QQQ,2026-02-11 11:00:00-05:00,2026-02-11 11:01:00-05:00,2026-02-11 15:59:00-05:00,LONG,-2.6290063885,403.8200000000,407.2714588059,612.0400000000,612.2717239919,407.0872228442,403.8000000000,403.8807600000,404.2000000000,404.1191600000,49,19790.1572400000,11.7500000000,9.0000000000,575.7500000000,441.0000000000,0.7659574468,392.0500000000,412.8000000000,FORCED_EOD,298,19.6000000000,7.9184000000,0.3430000000,8.2614000000,11.3386000000,4.9000000000,1.9796000000,0.0857500000,2.0653500000,2.8346500000
MSFT,MSFT,QQQ,2026-02-12 11:29:00-05:00,2026-02-12 11:30:00-05:00,2026-02-12 15:59:00-05:00,SHORT,2.8848898516,399.5400000000,401.4517883565,601.9400000000,609.5495834073,391.9045400546,399.5600000000,399.4800880000,401.8800000000,401.9603760000,50,19974.0044000000,11.7500000000,9.0000000000,587.5000000000,450.0000000000,0.7659574468,411.3100000000,390.5600000000,FORCED_EOD,269,-116.0000000000,8.0144000000,0.3500000000,8.3644000000,-124.3644000000,-29.0000000000,2.0036000000,0.0875000000,2.0911000000,-31.0911000000
MSFT,MSFT,QQQ,2026-02-13 10:39:00-05:00,2026-02-13 10:40:00-05:00,2026-02-13 15:59:00-05:00,LONG,-3.0666447222,401.0400000000,402.7460581868,602.4600000000,600.7474853003,403.5647111942,401.0750000000,401.1552150000,401.1600000000,401.0797680000,49,19656.6055350000,11.7500000000,9.0000000000,575.7500000000,441.0000000000,0.7659574468,389.3250000000,410.0750000000,FORCED_EOD,319,4.1650000000,7.8619030000,0.3430000000,8.2049030000,-4.0399030000,1.0412500000,1.9654757500,0.0857500000,2.0512257500,-1.0099757500
MSFT,MSFT,QQQ,2026-02-17 11:40:00-05:00,2026-02-17 11:41:00-05:00,2026-02-17 15:59:00-05:00,LONG,-3.4537431564,398.4483000000,397.5052051947,600.5100000000,597.7326834351,398.7270996079,398.4500000000,398.5296900000,396.7100000000,396.6306580000,50,19926.4845000000,11.7500000000,9.0000000000,587.5000000000,450.0000000000,0.7659574468,386.7000000000,407.4500000000,FORCED_EOD,258,-87.0000000000,7.9516000000,0.3500000000,8.3016000000,-95.3016000000,-21.7500000000,1.9879000000,0.0875000000,2.0754000000,-23.8254000000
MSFT,MSFT,QQQ,2026-02-18 12:25:00-05:00,2026-02-18 12:26:00-05:00,2026-02-18 15:59:00-05:00,LONG,-2.8692055603,400.9000000000,400.0654846144,609.0500000000,606.3545797620,400.4211658081,400.8802000000,400.9603760400,399.5000000000,399.4201000000,49,19647.0584259600,11.7500000000,9.0000000000,575.7500000000,441.0000000000,0.7659574468,389.1302000000,409.8802000000,FORCED_EOD,213,-67.6298000000,7.8437259600,0.3430000000,8.1867259600,-75.8165259600,-16.9074500000,1.9609314900,0.0857500000,2.0466814900,-18.9541314900
MSFT,MSFT,QQQ,2026-02-19 11:36:00-05:00,2026-02-19 11:37:00-05:00,2026-02-19 15:59:00-05:00,LONG,-2.6391248894,399.3300000000,401.0188348764,603.9600000000,603.8531568322,401.0330257843,399.3200000000,399.3998640000,398.4100000000,398.3303180000,50,19969.9932000000,11.7500000000,9.0000000000,587.5000000000,450.0000000000,0.7659574468,387.5700000000,408.3200000000,FORCED_EOD,262,-45.5000000000,7.9773000000,0.3500000000,8.3273000000,-53.8273000000,-11.3750000000,1.9943250000,0.0875000000,2.0818250000,-13.4568250000
MSFT,MSFT,QQQ,2026-02-20 13:34:00-05:00,2026-02-20 13:35:00-05:00,2026-02-20 15:59:00-05:00,SHORT,2.6803908852,397.9600000000,397.4349392189,607.6300000000,606.5373721257,397.6666961892,397.9100000000,397.8304180000,397.2100000000,397.2894420000,50,19891.5209000000,11.7500000000,9.0000000000,587.5000000000,450.0000000000,0.7659574468,409.6600000000,388.9100000000,FORCED_EOD,144,35.0000000000,7.9512000000,0.3500000000,8.3012000000,26.6988000000,8.7500000000,1.9878000000,0.0875000000,2.0753000000,6.6747000000
MSFT,MSFT,QQQ,2026-02-23 12:03:00-05:00,2026-02-23 12:04:00-05:00,2026-02-23 15:59:00-05:00,LONG,-2.7984150073,385.3350000000,388.2622346276,600.6200000000,603.0988648055,387.2100481219,385.3600000000,385.4370720000,384.5890000000,384.5120822000,51,19657.2906720000,11.7500000000,9.0000000000,599.2500000000,459.0000000000,0.7659574468,373.6100000000,394.3600000000,FORCED_EOD,235,-39.3210000000,7.8534798000,0.3570000000,8.2104798000,-47.5314798000,-9.8302500000,1.9633699500,0.0892500000,2.0526199500,-11.8828699500
MSFT,MSFT,QQQ,2026-02-24 13:41:00-05:00,2026-02-24 13:42:00-05:00,2026-02-24 15:59:00-05:00,SHORT,2.6388956174,387.3950000000,386.4471542589,608.0298000000,606.0077869791,388.3297120185,387.3800000000,387.3025240000,389.0000000000,389.0778000000,51,19752.4287240000,11.7500000000,9.0000000000,599.2500000000,459.0000000000,0.7659574468,399.1300000000,378.3800000000,FORCED_EOD,137,-82.6200000000,7.9190760000,0.3570000000,8.2760760000,-90.8960760000,-20.6550000000,1.9797690000,0.0892500000,2.0690190000,-22.7240190000
MSFT,MSFT,QQQ,2026-02-25 14:06:00-05:00,2026-02-25 14:07:00-05:00,2026-02-25 15:59:00-05:00,SHORT,2.5305117816,399.9400000000,396.8640566538,616.1400000000,614.6344016365,398.3629499569,399.9000000000,399.8200200000,400.4900000000,400.5700980000,50,19991.0010000000,11.7500000000,9.0000000000,587.5000000000,450.0000000000,0.7659574468,411.6500000000,390.9000000000,FORCED_EOD,112,-29.5000000000,8.0039000000,0.3500000000,8.3539000000,-37.8539000000,-7.3750000000,2.0009750000,0.0875000000,2.0884750000,-9.4634750000
MSFT,MSFT,QQQ,2026-02-26 13:36:00-05:00,2026-02-26 13:37:00-05:00,2026-02-26 15:59:00-05:00,LONG,-3.3660577630,401.1000000000,402.2414978122,607.2500000000,608.4634392568,400.7628662060,401.1300000000,401.2102260000,401.8100000000,401.7296380000,49,19659.3010740000,11.7500000000,9.0000000000,575.7500000000,441.0000000000,0.7659574468,389.3800000000,410.1300000000,FORCED_EOD,142,33.3200000000,7.8688120000,0.3430000000,8.2118120000,25.1081880000,8.3300000000,1.9672030000,0.0857500000,2.0529530000,6.2770470000
MSFT,MSFT,QQQ,2026-02-27 10:08:00-05:00,2026-02-27 10:09:00-05:00,2026-02-27 15:59:00-05:00,LONG,-2.5712742125,393.8450000000,392.8536919201,606.8800000000,604.6705000657,394.6932776794,393.8300000000,393.9087660000,392.7300000000,392.6514540000,50,19695.4383000000,11.7500000000,9.0000000000,587.5000000000,450.0000000000,0.7659574468,382.0800000000,402.8300000000,FORCED_EOD,350,-55.0000000000,7.8656000000,0.3500000000,8.2156000000,-63.2156000000,-13.7500000000,1.9664000000,0.0875000000,2.0539000000,-15.8039000000
MSFT,MSFT,QQQ,2026-03-02 11:12:00-05:00,2026-03-02 11:13:00-05:00,2026-03-02 15:59:00-05:00,LONG,-2.6551412035,399.3750000000,396.9188366842,606.9000000000,604.3645849069,399.5224278254,399.3550000000,399.4348710000,398.3700000000,398.2903260000,50,19971.7435500000,11.7500000000,9.0000000000,587.5000000000,450.0000000000,0.7659574468,387.6050000000,408.3550000000,FORCED_EOD,286,-49.2500000000,7.9772500000,0.3500000000,8.3272500000,-57.5772500000,-12.3125000000,1.9943125000,0.0875000000,2.0818125000,-14.3943125000
MSFT,MSFT,QQQ,2026-03-03 13:34:00-05:00,2026-03-03 13:35:00-05:00,2026-03-03 15:59:00-05:00,SHORT,2.6230102953,405.7300000000,398.4850671439,602.3000000000,596.9346424794,402.6092321238,405.7450000000,405.6638510000,403.7800000000,403.8607560000,49,19877.5286990000,11.7500000000,9.0000000000,575.7500000000,441.0000000000,0.7659574468,417.4950000000,396.7450000000,FORCED_EOD,144,96.2850000000,7.9333450000,0.3430000000,8.2763450000,88.0086550000,24.0712500000,1.9833362500,0.0857500000,2.0690862500,22.0021637500
MSFT,MSFT,QQQ,2026-03-04 11:17:00-05:00,2026-03-04 11:18:00-05:00,2026-03-04 15:59:00-05:00,SHORT,2.7173207881,405.1150000000,404.3226425699,609.5900000000,608.0404876580,405.2456558937,405.0800000000,404.9989840000,405.0000000000,405.0810000000,49,19844.9502160000,11.7500000000,9.0000000000,575.7500000000,441.0000000000,0.7659574468,416.8300000000,396.0800000000,FORCED_EOD,281,3.9200000000,7.9387840000,0.3430000000,8.2817840000,-4.3617840000,0.9800000000,1.9846960000,0.0857500000,2.0704460000,-1.0904460000
MSFT,MSFT,QQQ,2026-03-05 10:23:00-05:00,2026-03-05 10:24:00-05:00,2026-03-05 15:59:00-05:00,LONG,-2.6946734327,408.4500000000,409.1686935462,609.1200000000,610.4926771040,408.9846924867,408.5000000000,408.5817000000,410.6000000000,410.5178800000,48,19611.9216000000,11.7500000000,9.0000000000,564.0000000000,432.0000000000,0.7659574468,396.7500000000,417.5000000000,FORCED_EOD,335,100.8000000000,7.8633600000,0.3360000000,8.1993600000,92.6006400000,25.2000000000,1.9658400000,0.0840000000,2.0498400000,23.1501600000
MSFT,MSFT,QQQ,2026-03-06 12:08:00-05:00,2026-03-06 12:09:00-05:00,2026-03-06 15:59:00-05:00,LONG,-2.5279663648,411.1500000000,411.3465798666,603.8900000000,602.5893388066,411.5241543768,411.1300000000,411.2122260000,408.6200000000,408.5382760000,48,19738.1868480000,11.7500000000,9.0000000000,564.0000000000,432.0000000000,0.7659574468,399.3800000000,420.1300000000,FORCED_EOD,230,-120.4800000000,7.8696000000,0.3360000000,8.2056000000,-128.6856000000,-30.1200000000,1.9674000000,0.0840000000,2.0514000000,-32.1714000000
MSFT,MSFT,QQQ,2026-03-09 10:47:00-04:00,2026-03-09 10:48:00-04:00,2026-03-09 15:59:00-04:00,SHORT,2.5236063669,407.7282000000,405.6109267158,597.5902000000,593.7897710453,406.1301325309,407.6800000000,407.5984640000,409.4500000000,409.5318900000,49,19972.3247360000,11.7500000000,9.0000000000,575.7500000000,441.0000000000,0.7659574468,419.4300000000,398.6800000000,FORCED_EOD,311,-86.7300000000,8.0078740000,0.3430000000,8.3508740000,-95.0808740000,-21.6825000000,2.0019685000,0.0857500000,2.0877185000,-23.7702185000
MSFT,MSFT,QQQ,2026-03-10 12:26:00-04:00,2026-03-10 12:27:00-04:00,2026-03-10 15:59:00-04:00,SHORT,2.6526618569,407.1400000000,405.5510580233,611.6500000000,609.5727480830,405.8274587369,407.1100000000,407.0285780000,405.7600000000,405.8411520000,49,19944.4003220000,11.7500000000,9.0000000000,575.7500000000,441.0000000000,0.7659574468,418.8600000000,398.1100000000,FORCED_EOD,212,66.1500000000,7.9661260000,0.3430000000,8.3091260000,57.8408740000,16.5375000000,1.9915315000,0.0857500000,2.0772815000,14.4602185000
MSFT,MSFT,QQQ,2026-03-11 11:12:00-04:00,2026-03-11 11:13:00-04:00,2026-03-11 15:59:00-04:00,LONG,-3.4309465433,401.8100000000,405.7425691825,607.2500000000,609.6673984574,405.4208063777,401.8100000000,401.8903620000,404.8900000000,404.8090220000,49,19692.6277380000,11.7500000000,9.0000000000,575.7500000000,441.0000000000,0.7659574468,390.0600000000,410.8100000000,FORCED_EOD,286,150.9200000000,7.9056600000,0.3430000000,8.2486600000,142.6713400000,37.7300000000,1.9764150000,0.0857500000,2.0621650000,35.6678350000
MSFT,MSFT,QQQ,2026-03-12 10:46:00-04:00,2026-03-12 10:47:00-04:00,2026-03-12 15:59:00-04:00,SHORT,2.9527259666,405.5350000000,403.9492455219,600.9800000000,600.9485984991,403.9534670519,405.5700000000,405.4888860000,401.8800000000,401.9603760000,49,19868.9554140000,11.7500000000,9.0000000000,575.7500000000,441.0000000000,0.7659574468,417.3200000000,396.5700000000,FORCED_EOD,312,180.8100000000,7.9130100000,0.3430000000,8.2560100000,172.5539900000,45.2025000000,1.9782525000,0.0857500000,2.0640025000,43.1384975000
MSFT,MSFT,QQQ,2026-03-13 14:03:00-04:00,2026-03-13 14:04:00-04:00,2026-03-13 15:59:00-04:00,SHORT,2.6529593236,397.1900000000,398.6674496002,593.3085000000,597.2657888218,398.0418947335,397.1800000000,397.1005640000,395.6200000000,395.6991240000,50,19855.0282000000,11.7500000000,9.0000000000,587.5000000000,450.0000000000,0.7659574468,408.9300000000,388.1800000000,FORCED_EOD,115,78.0000000000,7.9280000000,0.3500000000,8.2780000000,69.7220000000,19.5000000000,1.9820000000,0.0875000000,2.0695000000,17.4305000000
MSFT,MSFT,QQQ,2026-03-16 12:17:00-04:00,2026-03-16 12:18:00-04:00,2026-03-16 15:59:00-04:00,SHORT,2.6283519341,399.5832000000,397.0014912563,600.7703000000,600.9521274627,396.9553933436,399.5950000000,399.5150810000,399.9600000000,400.0399920000,50,19975.7540500000,11.7500000000,9.0000000000,587.5000000000,450.0000000000,0.7659574468,411.3450000000,390.5950000000,FORCED_EOD,221,-18.2500000000,7.9955500000,0.3500000000,8.3455500000,-26.5955500000,-4.5625000000,1.9988875000,0.0875000000,2.0863875000,-6.6488875000
MSFT,MSFT,QQQ,2026-03-17 12:40:00-04:00,2026-03-17 12:41:00-04:00,2026-03-17 15:59:00-04:00,SHORT,2.5125404448,399.1400000000,400.0197400467,603.0600000000,604.0292759888,399.5818402948,399.1400000000,399.0601720000,399.5000000000,399.5799000000,50,19953.0086000000,11.7500000000,9.0000000000,587.5000000000,450.0000000000,0.7659574468,410.8900000000,390.1400000000,FORCED_EOD,198,-18.0000000000,7.9864000000,0.3500000000,8.3364000000,-26.3364000000,-4.5000000000,1.9966000000,0.0875000000,2.0841000000,-6.5841000000
MSFT,MSFT,QQQ,2026-03-18 10:28:00-04:00,2026-03-18 10:29:00-04:00,2026-03-18 15:59:00-04:00,LONG,-2.9687844795,394.4501000000,396.7417475783,598.8600000000,601.6430415600,395.5049414674,394.4700000000,394.5488940000,391.6700000000,391.5916660000,50,19727.4447000000,11.7500000000,9.0000000000,587.5000000000,450.0000000000,0.7659574468,382.7200000000,403.4700000000,FORCED_EOD,330,-140.0000000000,7.8614000000,0.3500000000,8.2114000000,-148.2114000000,-35.0000000000,1.9653500000,0.0875000000,2.0528500000,-37.0528500000
MSFT,MSFT,QQQ,2026-03-19 12:28:00-04:00,2026-03-19 12:29:00-04:00,2026-03-19 15:59:00-04:00,LONG,-2.7294826012,389.1000000000,389.8135100022,590.7000000000,590.3177371892,390.0171150823,389.1000000000,389.1778200000,388.8780000000,388.8002244000,51,19848.0688200000,11.7500000000,9.0000000000,599.2500000000,459.0000000000,0.7659574468,377.3500000000,398.1000000000,FORCED_EOD,210,-11.3220000000,7.9353756000,0.3570000000,8.2923756000,-19.6143756000,-2.8305000000,1.9838439000,0.0892500000,2.0730939000,-4.9035939000
MSFT,MSFT,QQQ,2026-03-20 10:11:00-04:00,2026-03-20 10:12:00-04:00,2026-03-20 15:59:00-04:00,SHORT,2.6317205000,384.2350000000,384.5126209922,585.9700000000,588.0709381572,382.8732742774,384.2100000000,384.1331580000,381.8700000000,381.9463740000,52,19974.9242160000,11.7500000000,9.0000000000,611.0000000000,468.0000000000,0.7659574468,395.9600000000,375.2100000000,FORCED_EOD,347,121.6800000000,7.9672320000,0.3640000000,8.3312320000,113.3487680000,30.4200000000,1.9918080000,0.0910000000,2.0828080000,28.3371920000
MSFT,MSFT,QQQ,2026-03-23 11:26:00-04:00,2026-03-23 11:27:00-04:00,2026-03-23 15:59:00-04:00,SHORT,2.7351509581,386.8800000000,385.6949558893,593.3600000000,592.6769770074,386.1306317346,386.8600000000,386.7826280000,382.9800000000,383.0565960000,51,19725.9140280000,11.7500000000,9.0000000000,599.2500000000,459.0000000000,0.7659574468,398.6100000000,377.8600000000,FORCED_EOD,272,197.8800000000,7.8523680000,0.3570000000,8.2093680000,189.6706320000,49.4700000000,1.9630920000,0.0892500000,2.0523420000,47.4176580000
MSFT,MSFT,QQQ,2026-03-24 12:17:00-04:00,2026-03-24 12:18:00-04:00,2026-03-24 15:59:00-04:00,SHORT,2.5564975801,373.7584000000,374.6653191229,586.6900000000,584.9795347502,375.5423777356,373.7586000000,373.6838482800,372.7500000000,372.8245500000,53,19805.2439588400,11.7500000000,9.0000000000,622.7500000000,477.0000000000,0.7659574468,385.5086000000,364.7586000000,FORCED_EOD,221,53.4558000000,7.9129911600,0.3710000000,8.2839911600,45.1718088400,13.3639500000,1.9782477900,0.0927500000,2.0709977900,11.2929522100
MSFT,MSFT,QQQ,2026-03-25 10:52:00-04:00,2026-03-25 10:53:00-04:00,2026-03-25 15:59:00-04:00,LONG,-2.8808002955,372.7700000000,374.2408375998,590.7550000000,589.5184497902,374.8851977407,372.7650000000,372.8395530000,371.0300000000,370.9557940000,53,19760.4963090000,11.7500000000,9.0000000000,622.7500000000,477.0000000000,0.7659574468,361.0150000000,381.7650000000,FORCED_EOD,306,-91.9550000000,7.8842270000,0.3710000000,8.2552270000,-100.2102270000,-22.9887500000,1.9710567500,0.0927500000,2.0638067500,-25.0525567500
MSFT,MSFT,QQQ,2026-03-26 11:35:00-04:00,2026-03-26 11:36:00-04:00,2026-03-26 15:59:00-04:00,LONG,-2.6014397573,368.8900000000,371.5198767332,580.5800000000,582.3458829378,370.6121878471,368.9100000000,368.9837820000,365.7500000000,365.6768500000,54,19925.1242280000,11.7500000000,9.0000000000,634.5000000000,486.0000000000,0.7659574468,357.1600000000,377.9100000000,FORCED_EOD,263,-170.6400000000,7.9343280000,0.3780000000,8.3123280000,-178.9523280000,-42.6600000000,1.9835820000,0.0945000000,2.0780820000,-44.7380820000
MSFT,MSFT,QQQ,2026-03-27 10:27:00-04:00,2026-03-27 10:28:00-04:00,2026-03-27 15:59:00-04:00,SHORT,2.6320059634,358.4650000000,358.9183686972,566.7400000000,568.3998229911,358.3717788191,358.4900000000,358.4183020000,356.6500000000,356.7213300000,55,19713.0066100000,11.7500000000,9.0000000000,646.2500000000,495.0000000000,0.7659574468,370.2400000000,349.4900000000,FORCED_EOD,331,101.2000000000,7.8665400000,0.3850000000,8.2515400000,92.9484600000,25.3000000000,1.9666350000,0.0962500000,2.0628850000,23.2371150000
MSFT,MSFT,QQQ,2026-03-30 10:22:00-04:00,2026-03-30 10:23:00-04:00,2026-03-30 15:59:00-04:00,SHORT,2.6269231311,362.3700000000,360.5992853380,563.8000000000,564.4251587590,360.3567815614,362.4050000000,362.3325190000,358.7600000000,358.8317520000,55,19928.2885450000,11.7500000000,9.0000000000,646.2500000000,495.0000000000,0.7659574468,374.1550000000,353.4050000000,FORCED_EOD,336,200.4750000000,7.9328150000,0.3850000000,8.3178150000,192.1571850000,50.1187500000,1.9832037500,0.0962500000,2.0794537500,48.0392962500
MSFT,MSFT,QQQ,2026-03-31 10:18:00-04:00,2026-03-31 10:19:00-04:00,2026-03-31 15:59:00-04:00,LONG,-2.5296979420,366.3650000000,366.5696753744,568.7000000000,566.7987354258,367.1697447793,366.3600000000,366.4332720000,370.1600000000,370.0859680000,54,19787.3966880000,11.7500000000,9.0000000000,634.5000000000,486.0000000000,0.7659574468,354.6100000000,375.3600000000,FORCED_EOD,340,205.2000000000,7.9544160000,0.3780000000,8.3324160000,196.8675840000,51.3000000000,1.9886040000,0.0945000000,2.0831040000,49.2168960000
MSFT,MSFT,QQQ,2026-04-01 15:13:00-04:00,2026-04-01 15:14:00-04:00,2026-04-01 15:59:00-04:00,LONG,-3.0729493490,369.1492000000,371.1379937579,584.0950000000,584.6034573152,370.8683240610,369.1372000000,369.2110274400,369.4500000000,369.3761100000,54,19937.3954817600,11.7500000000,9.0000000000,634.5000000000,486.0000000000,0.7659574468,357.3872000000,378.1372000000,FORCED_EOD,45,16.8912000000,7.9767417600,0.3780000000,8.3547417600,8.5364582400,4.2228000000,1.9941854400,0.0945000000,2.0886854400,2.1341145600
MSFT,MSFT,QQQ,2026-04-02 12:37:00-04:00,2026-04-02 12:38:00-04:00,2026-04-02 15:59:00-04:00,SHORT,2.7309082324,370.3900000000,368.0181152928,582.0800000000,579.6768259518,369.2325650620,370.3900000000,370.3159220000,373.5000000000,373.5747000000,54,19997.0597880000,11.7500000000,9.0000000000,634.5000000000,486.0000000000,0.7659574468,382.1400000000,361.3900000000,FORCED_EOD,201,-167.9400000000,8.0340120000,0.3780000000,8.4120120000,-176.3520120000,-41.9850000000,2.0085030000,0.0945000000,2.1030030000,-44.0880030000
MSFT,MSFT,QQQ,2026-04-06 12:28:00-04:00,2026-04-06 12:29:00-04:00,2026-04-06 15:59:00-04:00,SHORT,2.9482285158,372.0500000000,371.9555279908,587.4600000000,587.5802123773,371.8901557308,372.0300000000,371.9555940000,372.8610000000,372.9355722000,53,19713.6464820000,11.7500000000,9.0000000000,622.7500000000,477.0000000000,0.7659574468,383.7800000000,363.0300000000,FORCED_EOD,210,-44.0430000000,7.8958446000,0.3710000000,8.2668446000,-52.3098446000,-11.0107500000,1.9739611500,0.0927500000,2.0667111500,-13.0774611500
MSFT,MSFT,QQQ,2026-04-07 11:49:00-04:00,2026-04-07 11:50:00-04:00,2026-04-07 15:59:00-04:00,SHORT,2.6450760086,368.8200000000,369.0456430210,581.6600000000,581.9780655416,368.9211978218,368.8200000000,368.7462360000,372.2700000000,372.3444540000,54,19912.2967440000,11.7500000000,9.0000000000,634.5000000000,486.0000000000,0.7659574468,380.5700000000,359.8200000000,FORCED_EOD,249,-186.3000000000,8.0037720000,0.3780000000,8.3817720000,-194.6817720000,-46.5750000000,2.0009430000,0.0945000000,2.0954430000,-48.6704430000
MSFT,MSFT,QQQ,2026-04-08 11:17:00-04:00,2026-04-08 11:18:00-04:00,2026-04-08 15:59:00-04:00,LONG,-2.9501956768,377.2400000000,379.9407882038,604.3391000000,605.8839301141,379.1061703614,377.2500000000,377.3254500000,374.3000000000,374.2251400000,53,19998.2488500000,11.7500000000,9.0000000000,622.7500000000,477.0000000000,0.7659574468,365.5000000000,386.2500000000,FORCED_EOD,281,-156.3500000000,7.9664300000,0.3710000000,8.3374300000,-164.6874300000,-39.0875000000,1.9916075000,0.0927500000,2.0843575000,-41.1718575000
MSFT,MSFT,QQQ,2026-04-09 11:13:00-04:00,2026-04-09 11:14:00-04:00,2026-04-09 15:59:00-04:00,SHORT,2.5149906797,368.4550000000,368.4461288073,605.5400000000,604.6565970523,368.5537887246,368.4600000000,368.3863080000,373.0100000000,373.0846020000,54,19892.8606320000,11.7500000000,9.0000000000,634.5000000000,486.0000000000,0.7659574468,380.2100000000,359.4600000000,FORCED_EOD,285,-245.7000000000,8.0078760000,0.3780000000,8.3858760000,-254.0858760000,-61.4250000000,2.0019690000,0.0945000000,2.0964690000,-63.5214690000
MSFT,MSFT,QQQ,2026-04-10 13:33:00-04:00,2026-04-10 13:34:00-04:00,2026-04-10 15:59:00-04:00,LONG,-2.5606886777,370.7000000000,372.4299376293,609.9900000000,611.6924375863,372.2226312495,370.6900000000,370.7641380000,370.8700000000,370.7958260000,53,19650.4993140000,11.7500000000,9.0000000000,622.7500000000,477.0000000000,0.7659574468,358.9400000000,379.6900000000,FORCED_EOD,145,9.5400000000,7.8605360000,0.3710000000,8.2315360000,1.3084640000,2.3850000000,1.9651340000,0.0927500000,2.0578840000,0.3271160000
MSFT,MSFT,QQQ,2026-04-13 10:01:00-04:00,2026-04-13 10:02:00-04:00,2026-04-13 15:59:00-04:00,SHORT,3.1186350088,376.3500000000,372.7899419021,611.5700000000,609.9690469236,373.1043142659,376.3500000000,376.2747300000,384.3700000000,384.4468740000,53,19942.5606900000,11.7500000000,9.0000000000,622.7500000000,477.0000000000,0.7659574468,388.1000000000,367.3500000000,FORCED_EOD,357,-425.0600000000,8.0636320000,0.3710000000,8.4346320000,-433.4946320000,-106.2650000000,2.0159080000,0.0927500000,2.1086580000,-108.3736580000
MSFT,MSFT,QQQ,2026-04-14 13:55:00-04:00,2026-04-14 13:56:00-04:00,2026-04-14 15:59:00-04:00,LONG,-2.7220235483,393.8600000000,392.2315394578,627.4700000000,624.4076146586,392.9438401329,393.8550000000,393.9337710000,393.1100000000,393.0313780000,50,19696.6885500000,11.7500000000,9.0000000000,587.5000000000,450.0000000000,0.7659574468,382.1050000000,402.8550000000,FORCED_EOD,123,-37.2500000000,7.8696500000,0.3500000000,8.2196500000,-45.4696500000,-9.3125000000,1.9674125000,0.0875000000,2.0549125000,-11.3674125000
MSFT,MSFT,QQQ,2026-04-15 11:01:00-04:00,2026-04-15 11:02:00-04:00,2026-04-15 15:59:00-04:00,SHORT,2.5216847361,408.6198000000,403.5061179925,632.6750000000,630.4772109758,404.0583154934,408.6050000000,408.5232790000,411.2728000000,411.3550545600,48,19609.1173920000,11.7500000000,9.0000000000,564.0000000000,432.0000000000,0.7659574468,420.3550000000,399.6050000000,FORCED_EOD,297,-128.0544000000,7.8708268800,0.3360000000,8.2068268800,-136.2612268800,-32.0136000000,1.9677067200,0.0840000000,2.0517067200,-34.0653067200
MSFT,MSFT,QQQ,2026-04-16 10:51:00-04:00,2026-04-16 10:52:00-04:00,2026-04-16 15:59:00-04:00,LONG,-2.9037419637,414.7700000000,415.8275323813,638.6700000000,637.2408961936,418.2342829373,414.7700000000,414.8529540000,420.0450000000,419.9609910000,48,19912.9417920000,11.7500000000,9.0000000000,564.0000000000,432.0000000000,0.7659574468,403.0200000000,423.7700000000,FORCED_EOD,307,253.2000000000,8.0142240000,0.3360000000,8.3502240000,244.8497760000,63.3000000000,2.0035560000,0.0840000000,2.0875560000,61.2124440000
MSFT,MSFT,QQQ,2026-04-17 10:00:00-04:00,2026-04-17 10:01:00-04:00,2026-04-17 15:59:00-04:00,LONG,-2.5179861415,425.0300000000,424.5956814592,646.8700000000,645.6217473850,426.1629887787,425.0300000000,425.1150060000,422.6500000000,422.5654700000,47,19980.4052820000,11.7500000000,9.0000000000,552.2500000000,423.0000000000,0.7659574468,413.2800000000,434.0300000000,FORCED_EOD,358,-111.8600000000,7.9681920000,0.3290000000,8.2971920000,-120.1571920000,-27.9650000000,1.9920480000,0.0822500000,2.0742980000,-30.0392980000
MSFT,MSFT,QQQ,2026-04-20 12:02:00-04:00,2026-04-20 12:03:00-04:00,2026-04-20 15:59:00-04:00,SHORT,2.5424079586,418.0500000000,419.1146967644,644.4999000000,645.7148890803,418.9569739711,418.0500000000,417.9663900000,418.0800000000,418.1636160000,47,19644.4203300000,11.7500000000,9.0000000000,552.2500000000,423.0000000000,0.7659574468,429.8000000000,409.0500000000,FORCED_EOD,236,-1.4100000000,7.8596220000,0.3290000000,8.1886220000,-9.5986220000,-0.3525000000,1.9649055000,0.0822500000,2.0471555000,-2.3996555000
MSFT,MSFT,QQQ,2026-04-21 10:33:00-04:00,2026-04-21 10:34:00-04:00,2026-04-21 15:59:00-04:00,SHORT,2.6310607593,426.4118000000,422.4679080012,649.0100000000,648.2486260176,423.2825225822,426.3950000000,426.3097210000,424.3000000000,424.3848600000,46,19610.2471660000,11.7500000000,9.0000000000,540.5000000000,414.0000000000,0.7659574468,438.1450000000,417.3950000000,FORCED_EOD,325,96.3700000000,7.8263940000,0.3220000000,8.1483940000,88.2216060000,24.0925000000,1.9565985000,0.0805000000,2.0370985000,22.0554015000
MSFT,MSFT,QQQ,2026-04-22 12:46:00-04:00,2026-04-22 12:47:00-04:00,2026-04-22 15:59:00-04:00,LONG,-2.6064354527,430.9000000000,429.8782442466,652.3600000000,651.5362868364,430.6658053299,430.8950000000,430.9811790000,432.6800000000,432.5934640000,46,19825.1342340000,11.7500000000,9.0000000000,540.5000000000,414.0000000000,0.7659574468,419.1450000000,439.8950000000,FORCED_EOD,192,82.1100000000,7.9448900000,0.3220000000,8.2668900000,73.8431100000,20.5275000000,1.9862225000,0.0805000000,2.0667225000,18.4607775000
MSFT,MSFT,QQQ,2026-04-23 11:50:00-04:00,2026-04-23 11:51:00-04:00,2026-04-23 15:59:00-04:00,LONG,-3.2259206035,419.6800000000,419.9291812991,655.1400000000,654.4987000073,420.1738246525,419.6800000000,419.7639360000,415.7500000000,415.6668500000,47,19728.9049920000,11.7500000000,9.0000000000,552.2500000000,423.0000000000,0.7659574468,407.9300000000,428.6800000000,FORCED_EOD,248,-184.7100000000,7.8530420000,0.3290000000,8.1820420000,-192.8920420000,-46.1775000000,1.9632605000,0.0822500000,2.0455105000,-48.2230105000
MSFT,MSFT,QQQ,2026-04-24 11:37:00-04:00,2026-04-24 11:38:00-04:00,2026-04-24 15:59:00-04:00,SHORT,2.5860946877,420.5000000000,419.0754423410,661.0100000000,659.3060626952,420.6271934825,420.4700000000,420.3859060000,424.6300000000,424.7149260000,47,19758.1375820000,11.7500000000,9.0000000000,552.2500000000,423.0000000000,0.7659574468,432.2200000000,411.4700000000,FORCED_EOD,261,-195.5200000000,7.9439400000,0.3290000000,8.2729400000,-203.7929400000,-48.8800000000,1.9859850000,0.0822500000,2.0682350000,-50.9482350000
MSFT,MSFT,QQQ,2026-04-27 10:28:00-04:00,2026-04-27 10:29:00-04:00,2026-04-27 15:59:00-04:00,SHORT,2.6449483373,423.9900000000,420.6068833393,662.2120000000,662.5582511574,420.2714602289,423.9900000000,423.9052020000,425.0600000000,425.1450120000,47,19923.5444940000,11.7500000000,9.0000000000,552.2500000000,423.0000000000,0.7659574468,435.7400000000,414.9900000000,FORCED_EOD,330,-50.2900000000,7.9810700000,0.3290000000,8.3100700000,-58.6000700000,-12.5725000000,1.9952675000,0.0822500000,2.0775175000,-14.6500175000
MSFT,MSFT,QQQ,2026-04-28 13:09:00-04:00,2026-04-28 13:10:00-04:00,2026-04-28 15:59:00-04:00,LONG,-2.5834417829,427.7500000000,426.1539458692,655.2699000000,656.2372698317,425.2326381625,427.7650000000,427.8505530000,429.3600000000,429.2741280000,46,19681.1254380000,11.7500000000,9.0000000000,540.5000000000,414.0000000000,0.7659574468,416.0150000000,436.7650000000,FORCED_EOD,169,73.3700000000,7.8855500000,0.3220000000,8.2075500000,65.1624500000,18.3425000000,1.9713875000,0.0805000000,2.0518875000,16.2906125000
MSFT,MSFT,QQQ,2026-04-29 12:22:00-04:00,2026-04-29 12:23:00-04:00,2026-04-29 15:59:00-04:00,LONG,-2.7914584292,422.6650000000,424.3995451438,658.6898000000,659.3250098154,423.9276792829,422.6500000000,422.7345300000,424.6400000000,424.5550720000,47,19868.5229100000,11.7500000000,9.0000000000,552.2500000000,423.0000000000,0.7659574468,410.9000000000,431.6500000000,FORCED_EOD,216,93.5300000000,7.9645260000,0.3290000000,8.2935260000,85.2364740000,23.3825000000,1.9911315000,0.0822500000,2.0733815000,21.3091185000
MSFT,MSFT,QQQ,2026-04-30 12:28:00-04:00,2026-04-30 12:29:00-04:00,2026-04-30 15:50:00-04:00,LONG,-3.1471933525,400.9814000000,405.2341477406,663.5700000000,661.1379850261,406.6570926619,400.9843000000,401.0644968600,409.9843000000,409.9023031400,49,19652.1603461400,11.7500000000,9.0000000000,575.7500000000,441.0000000000,0.7659574468,389.2343000000,409.9843000000,TAKE_PROFIT_BRACKET,201,441.0000000000,7.9474922800,0.3430000000,8.2904922800,432.7095077200,110.2500000000,1.9868730700,0.0857500000,2.0726230700,108.1773769300
MSFT,MSFT,QQQ,2026-04-30 15:50:00-04:00,2026-04-30 15:51:00-04:00,2026-04-30 15:59:00-04:00,SHORT,2.9260100231,409.7100000000,404.8157928329,667.7900000000,663.3338694798,407.4117115968,409.7400000000,409.6580520000,407.8100000000,407.8915620000,48,19663.5864960000,11.7500000000,9.0000000000,564.0000000000,432.0000000000,0.7659574468,421.4900000000,400.7400000000,FORCED_EOD,8,92.6400000000,7.8484800000,0.3360000000,8.1844800000,84.4555200000,23.1600000000,1.9621200000,0.0840000000,2.0461200000,21.1138800000
MSFT,MSFT,QQQ,2026-05-01 11:40:00-04:00,2026-05-01 11:41:00-04:00,2026-05-01 15:59:00-04:00,SHORT,2.5440348363,416.3700000000,413.3738873742,675.5700000000,673.6335850444,413.6115427986,416.3875000000,416.3042225000,414.5100000000,414.5929020000,48,19982.6026800000,11.7500000000,9.0000000000,564.0000000000,432.0000000000,0.7659574468,428.1375000000,407.3875000000,FORCED_EOD,258,90.1200000000,7.9766160000,0.3360000000,8.3126160000,81.8073840000,22.5300000000,1.9941540000,0.0840000000,2.0781540000,20.4518460000
MSFT,MSFT,QQQ,2026-05-04 14:45:00-04:00,2026-05-04 14:46:00-04:00,2026-05-04 15:59:00-04:00,LONG,-2.5912961697,413.6800000000,416.0580296292,671.5900000000,673.2470600422,415.8532212678,413.6950000000,413.7777390000,413.7000000000,413.6172600000,48,19861.3314720000,11.7500000000,9.0000000000,564.0000000000,432.0000000000,0.7659574468,401.9450000000,422.6950000000,FORCED_EOD,73,0.2400000000,7.9429920000,0.3360000000,8.2789920000,-8.0389920000,0.0600000000,1.9857480000,0.0840000000,2.0697480000,-2.0097480000
MSFT,MSFT,QQQ,2026-05-05 11:54:00-04:00,2026-05-05 11:55:00-04:00,2026-05-05 15:59:00-04:00,LONG,-2.7205480968,409.3250000000,411.5243966860,681.5700000000,680.4075191862,411.6650151248,409.3400000000,409.4218680000,411.2700000000,411.1877460000,48,19652.2496640000,11.7500000000,9.0000000000,564.0000000000,432.0000000000,0.7659574468,397.5900000000,418.3400000000,FORCED_EOD,244,92.6400000000,7.8778560000,0.3360000000,8.2138560000,84.4261440000,23.1600000000,1.9694640000,0.0840000000,2.0534640000,21.1065360000
MSFT,MSFT,QQQ,2026-05-06 12:33:00-04:00,2026-05-06 12:34:00-04:00,2026-05-06 15:59:00-04:00,LONG,-2.6970566821,413.2200000000,411.9303487848,692.1700000000,690.1780857678,412.1681221773,413.1900000000,413.2726380000,413.7600000000,413.6772480000,48,19837.0866240000,11.7500000000,9.0000000000,564.0000000000,432.0000000000,0.7659574468,401.4400000000,422.1900000000,FORCED_EOD,205,27.3600000000,7.9387200000,0.3360000000,8.2747200000,19.0852800000,6.8400000000,1.9846800000,0.0840000000,2.0686800000,4.7713200000
MSFT,MSFT,QQQ,2026-05-07 14:15:00-04:00,2026-05-07 14:16:00-04:00,2026-05-07 15:59:00-04:00,SHORT,2.7555743456,422.3500000000,423.7629588195,694.8350000000,696.7803421832,423.2792893340,422.2700000000,422.1855460000,420.9900000000,421.0741980000,47,19842.7206620000,11.7500000000,9.0000000000,552.2500000000,423.0000000000,0.7659574468,434.0200000000,413.2700000000,FORCED_EOD,103,60.1600000000,7.9266440000,0.3290000000,8.2556440000,51.9043560000,15.0400000000,1.9816610000,0.0822500000,2.0639110000,12.9760890000
MSFT,MSFT,QQQ,2026-05-08 13:19:00-04:00,2026-05-08 13:20:00-04:00,2026-05-08 15:59:00-04:00,SHORT,2.5038567776,417.1100000000,416.3118346215,709.8200000000,706.2021748823,416.7383819944,417.1500000000,417.0665700000,415.1600000000,415.2430320000,47,19602.1287900000,11.7500000000,9.0000000000,552.2500000000,423.0000000000,0.7659574468,428.9000000000,408.1500000000,FORCED_EOD,159,93.5300000000,7.8237140000,0.3290000000,8.1527140000,85.3772860000,23.3825000000,1.9559285000,0.0822500000,2.0381785000,21.3443215000
MSFT,MSFT,QQQ,2026-05-11 11:27:00-04:00,2026-05-11 11:28:00-04:00,2026-05-11 15:59:00-04:00,SHORT,2.8341275993,411.9400000000,409.5599165738,713.0371000000,711.7457796410,409.7085294841,411.9500000000,411.8676100000,412.6900000000,412.7725380000,48,19769.6452800000,11.7500000000,9.0000000000,564.0000000000,432.0000000000,0.7659574468,423.7000000000,402.9500000000,FORCED_EOD,271,-35.5200000000,7.9165440000,0.3360000000,8.2525440000,-43.7725440000,-8.8800000000,1.9791360000,0.0840000000,2.0631360000,-10.9431360000
MSFT,MSFT,QQQ,2026-05-12 13:11:00-04:00,2026-05-12 13:12:00-04:00,2026-05-12 15:59:00-04:00,LONG,-2.6740952144,408.1300000000,408.8924514574,698.6700000000,702.8562391805,408.4053755788,408.1100000000,408.1916220000,407.8500000000,407.7684300000,48,19593.1978560000,11.7500000000,9.0000000000,564.0000000000,432.0000000000,0.7659574468,396.3600000000,417.1100000000,FORCED_EOD,167,-12.4800000000,7.8332160000,0.3360000000,8.1692160000,-20.6492160000,-3.1200000000,1.9583040000,0.0840000000,2.0423040000,-5.1623040000
MSFT,MSFT,QQQ,2026-05-13 13:12:00-04:00,2026-05-13 13:13:00-04:00,2026-05-13 15:59:00-04:00,LONG,-2.5916719459,405.0000000000,403.4935047395,714.7800000000,710.0108345994,404.0355604853,405.0250000000,405.1060050000,405.0800000000,404.9989840000,49,19850.1942450000,11.7500000000,9.0000000000,575.7500000000,441.0000000000,0.7659574468,393.2750000000,414.0250000000,FORCED_EOD,166,2.6950000000,7.9390290000,0.3430000000,8.2820290000,-5.5870290000,0.6737500000,1.9847572500,0.0857500000,2.0705072500,-1.3967572500
MSFT,MSFT,QQQ,2026-05-14 10:24:00-04:00,2026-05-14 10:25:00-04:00,2026-05-14 15:59:00-04:00,SHORT,2.5917214718,408.3300000000,404.0083762422,718.3801000000,717.4845731934,404.1092286771,408.3200000000,408.2383360000,409.5400000000,409.6219080000,48,19595.4401280000,11.7500000000,9.0000000000,564.0000000000,432.0000000000,0.7659574468,420.0700000000,399.3200000000,FORCED_EOD,334,-58.5600000000,7.8514560000,0.3360000000,8.1874560000,-66.7474560000,-14.6400000000,1.9628640000,0.0840000000,2.0468640000,-16.6868640000
MSFT,MSFT,QQQ,2026-05-15 10:37:00-04:00,2026-05-15 10:38:00-04:00,2026-05-15 15:59:00-04:00,SHORT,2.6559398621,422.0450000000,416.7176713598,711.4300000000,709.2845580429,416.9697686503,422.0450000000,421.9605910000,421.9800000000,422.0643960000,47,19832.1477770000,11.7500000000,9.0000000000,552.2500000000,423.0000000000,0.7659574468,433.7950000000,413.0450000000,FORCED_EOD,321,3.0550000000,7.9338350000,0.3290000000,8.2628350000,-5.2078350000,0.7637500000,1.9834587500,0.0822500000,2.0657087500,-1.3019587500
MSFT,MSFT,QQQ,2026-05-18 10:35:00-04:00,2026-05-18 10:36:00-04:00,2026-05-18 15:59:00-04:00,LONG,-2.8145110525,419.3600000000,420.6318047878,703.0400000000,708.3769373477,419.9979937558,419.3660000000,419.4498732000,423.6700000000,423.5852660000,47,19714.1440404000,11.7500000000,9.0000000000,552.2500000000,423.0000000000,0.7659574468,407.6160000000,428.3660000000,FORCED_EOD,323,202.2880000000,7.9245384000,0.3290000000,8.2535384000,194.0344616000,50.5720000000,1.9811346000,0.0822500000,2.0633846000,48.5086154000
MSFT,MSFT,QQQ,2026-05-19 14:31:00-04:00,2026-05-19 14:32:00-04:00,2026-05-19 15:59:00-04:00,SHORT,2.6378702592,419.5840000000,423.8775170973,704.1800000000,700.8014844910,424.2862139386,419.6000000000,419.5160800000,417.6000000000,417.6835200000,47,19717.2557600000,11.7500000000,9.0000000000,552.2500000000,423.0000000000,0.7659574468,431.3500000000,410.6000000000,FORCED_EOD,87,94.0000000000,7.8696800000,0.3290000000,8.1986800000,85.8013200000,23.5000000000,1.9674200000,0.0822500000,2.0496700000,21.4503300000
MSFT,MSFT,QQQ,2026-05-20 10:16:00-04:00,2026-05-20 10:17:00-04:00,2026-05-20 15:59:00-04:00,SHORT,2.5078263560,414.8650000000,413.4135262736,708.6300000000,705.9774111127,413.7241923398,414.9200000000,414.8370160000,421.0600000000,421.1442120000,48,19912.1767680000,11.7500000000,9.0000000000,564.0000000000,432.0000000000,0.7659574468,426.6700000000,405.9200000000,FORCED_EOD,342,-294.7200000000,8.0254080000,0.3360000000,8.3614080000,-303.0814080000,-73.6800000000,2.0063520000,0.0840000000,2.0903520000,-75.7703520000
MSFT,MSFT,QQQ,2026-05-21 10:51:00-04:00,2026-05-21 10:52:00-04:00,2026-05-21 15:59:00-04:00,SHORT,3.2578523477,418.2900000000,419.8462172883,708.5500000000,709.3991613215,419.7457048580,418.3500000000,418.2663300000,419.1000000000,419.1838200000,47,19658.5175100000,11.7500000000,9.0000000000,552.2500000000,423.0000000000,0.7659574468,430.1000000000,409.3500000000,FORCED_EOD,307,-35.2500000000,7.8720300000,0.3290000000,8.2010300000,-43.4510300000,-8.8125000000,1.9680075000,0.0822500000,2.0502575000,-10.8627575000
MSFT,MSFT,QQQ,2026-05-22 12:02:00-04:00,2026-05-22 12:03:00-04:00,2026-05-22 15:59:00-04:00,SHORT,2.6481860773,420.2600000000,419.5626665953,720.7326000000,719.2443183323,419.7363008971,420.2600000000,420.1759480000,418.5500000000,418.6337100000,47,19748.2695560000,11.7500000000,9.0000000000,552.2500000000,423.0000000000,0.7659574468,432.0100000000,411.2600000000,FORCED_EOD,236,80.3700000000,7.8848140000,0.3290000000,8.2138140000,72.1561860000,20.0925000000,1.9712035000,0.0822500000,2.0534535000,18.0390465000
MSFT,MSFT,QQQ,2026-05-26 10:03:00-04:00,2026-05-26 10:04:00-04:00,2026-05-26 15:59:00-04:00,SHORT,2.5824844039,418.4900000000,416.1091366871,728.0800000000,726.6631289713,416.6408849052,418.4750000000,418.3913050000,416.1200000000,416.2032240000,47,19664.3913350000,11.7500000000,9.0000000000,552.2500000000,423.0000000000,0.7659574468,430.2250000000,409.4750000000,FORCED_EOD,355,110.6850000000,7.8451930000,0.3290000000,8.1741930000,102.5108070000,27.6712500000,1.9612982500,0.0822500000,2.0435482500,25.6277017500
MSFT,MSFT,QQQ,2026-05-27 10:25:00-04:00,2026-05-27 10:26:00-04:00,2026-05-27 15:59:00-04:00,SHORT,2.7851139915,414.9740000000,412.1433965907,726.5399000000,729.7011779780,411.1514536243,414.9776000000,414.8946044800,412.6900000000,412.7725380000,48,19914.9410150400,11.7500000000,9.0000000000,564.0000000000,432.0000000000,0.7659574468,426.7276000000,405.9776000000,FORCED_EOD,333,109.8048000000,7.9456089600,0.3360000000,8.2816089600,101.5231910400,27.4512000000,1.9864022400,0.0840000000,2.0704022400,25.3807977600
MSFT,MSFT,QQQ,2026-05-28 12:26:00-04:00,2026-05-28 12:27:00-04:00,2026-05-28 15:59:00-04:00,SHORT,2.7568526181,426.1465000000,423.5113645894,735.7300000000,731.6043309668,424.4581579613,426.1500000000,426.0647700000,427.0300000000,427.1154060000,46,19598.9794200000,11.7500000000,9.0000000000,540.5000000000,414.0000000000,0.7659574468,437.9000000000,417.1500000000,FORCED_EOD,212,-40.4800000000,7.8492560000,0.3220000000,8.1712560000,-48.6512560000,-10.1200000000,1.9623140000,0.0805000000,2.0428140000,-12.1628140000
MSFT,MSFT,QQQ,2026-05-29 10:06:00-04:00,2026-05-29 10:07:00-04:00,2026-05-29 15:59:00-04:00,SHORT,2.5053852193,443.2700000000,439.0792945299,741.1800000000,739.6279875133,439.4526689744,443.2900000000,443.2013420000,449.4750000000,449.5648950000,45,19944.0603900000,11.7500000000,9.0000000000,528.7500000000,405.0000000000,0.7659574468,455.0400000000,434.2900000000,FORCED_EOD,352,-278.3250000000,8.0348850000,0.3150000000,8.3498850000,-286.6748850000,-69.5812500000,2.0087212500,0.0787500000,2.0874712500,-71.6687212500
MSFT,MSFT,QQQ,2026-06-01 13:19:00-04:00,2026-06-01 13:20:00-04:00,2026-06-01 15:59:00-04:00,LONG,-2.5018479922,459.6000000000,461.9628865735,742.0499000000,739.5874479284,462.2705071180,459.6250000000,459.7169250000,460.4900000000,460.3979020000,43,19767.8277750000,11.7500000000,9.0000000000,505.2500000000,387.0000000000,0.7659574468,447.8750000000,468.6250000000,FORCED_EOD,159,37.1950000000,7.9129890000,0.3010000000,8.2139890000,28.9810110000,9.2987500000,1.9782472500,0.0752500000,2.0534972500,7.2452527500
MSFT,MSFT,QQQ,2026-06-02 11:35:00-04:00,2026-06-02 11:36:00-04:00,2026-06-02 15:59:00-04:00,SHORT,2.5378973721,444.3000000000,445.7764801352,745.5200000000,742.9318165643,446.0870742640,444.3200000000,444.2311360000,441.2900000000,441.3782580000,45,19990.4011200000,11.7500000000,9.0000000000,528.7500000000,405.0000000000,0.7659574468,456.0700000000,435.3200000000,FORCED_EOD,263,136.3500000000,7.9704900000,0.3150000000,8.2854900000,128.0645100000,34.0875000000,1.9926225000,0.0787500000,2.0713725000,32.0161275000
MSFT,MSFT,QQQ,2026-06-03 11:22:00-04:00,2026-06-03 11:23:00-04:00,2026-06-03 15:59:00-04:00,SHORT,2.8911363940,427.0615000000,431.3369705877,744.3400000000,745.0635831113,429.7546543245,427.0750000000,426.9895850000,427.6000000000,427.6855200000,46,19641.5209100000,11.7500000000,9.0000000000,540.5000000000,414.0000000000,0.7659574468,438.8250000000,418.0750000000,FORCED_EOD,276,-24.1500000000,7.8630100000,0.3220000000,8.1850100000,-32.3350100000,-6.0375000000,1.9657525000,0.0805000000,2.0462525000,-8.0837525000
MSFT,MSFT,QQQ,2026-06-04 14:33:00-04:00,2026-06-04 14:34:00-04:00,2026-06-04 15:59:00-04:00,SHORT,2.7012436641,428.4600000000,429.8982026832,742.6000000000,737.9463512190,440.7423256661,428.4599000000,428.3742080200,428.1400000000,428.2256280000,46,19705.2135689200,11.7500000000,9.0000000000,540.5000000000,414.0000000000,0.7659574468,440.2099000000,419.4599000000,FORCED_EOD,85,14.7154000000,7.8807190800,0.3220000000,8.2027190800,6.5126809200,3.6788500000,1.9701797700,0.0805000000,2.0506797700,1.6281702300
MSFT,MSFT,QQQ,2026-06-05 11:06:00-04:00,2026-06-05 11:07:00-04:00,2026-06-05 15:59:00-04:00,SHORT,2.7386149361,422.1000000000,424.4780066964,723.6000000000,726.4673247568,420.6460324633,422.0500000000,421.9655900000,416.6900000000,416.7733380000,47,19832.3827300000,11.7500000000,9.0000000000,552.2500000000,423.0000000000,0.7659574468,433.8000000000,413.0500000000,FORCED_EOD,292,251.9200000000,7.8841560000,0.3290000000,8.2131560000,243.7068440000,62.9800000000,1.9710390000,0.0822500000,2.0532890000,60.9267110000
MSFT,MSFT,QQQ,2026-06-08 10:50:00-04:00,2026-06-08 10:51:00-04:00,2026-06-08 15:59:00-04:00,LONG,-2.6921383400,411.9350000000,412.9816375983,719.8900000000,716.7800922010,413.5709474485,411.9400000000,412.0223880000,411.7500000000,411.6676500000,48,19777.0746240000,11.7500000000,9.0000000000,564.0000000000,432.0000000000,0.7659574468,400.1900000000,420.9400000000,FORCED_EOD,308,-9.1200000000,7.9074240000,0.3360000000,8.2434240000,-17.3634240000,-2.2800000000,1.9768560000,0.0840000000,2.0608560000,-4.3408560000
MSFT,MSFT,QQQ,2026-06-09 10:46:00-04:00,2026-06-09 10:47:00-04:00,2026-06-09 15:59:00-04:00,LONG,-2.7061928941,407.1450000000,409.7465555239,710.2200000000,718.8715121289,408.7603077077,407.1000000000,407.1814200000,403.2000000000,403.1193600000,49,19951.8895800000,11.7500000000,9.0000000000,575.7500000000,441.0000000000,0.7659574468,395.3500000000,416.1000000000,FORCED_EOD,312,-191.1000000000,7.9409400000,0.3430000000,8.2839400000,-199.3839400000,-47.7750000000,1.9852350000,0.0857500000,2.0709850000,-49.8459850000
MSFT,MSFT,QQQ,2026-06-10 11:46:00-04:00,2026-06-10 11:47:00-04:00,2026-06-10 15:59:00-04:00,SHORT,2.7922642033,403.6150000000,402.1610802178,701.7900000000,704.1795065314,401.8502734154,403.6300000000,403.5492740000,397.3500000000,397.4294700000,49,19773.9144260000,11.7500000000,9.0000000000,575.7500000000,441.0000000000,0.7659574468,415.3800000000,394.6300000000,FORCED_EOD,252,307.7200000000,7.8496040000,0.3430000000,8.1926040000,299.5273960000,76.9300000000,1.9624010000,0.0857500000,2.0481510000,74.8818490000
MSFT,MSFT,QQQ,2026-06-11 15:41:00-04:00,2026-06-11 15:42:00-04:00,2026-06-11 15:59:00-04:00,SHORT,3.2348249244,389.4200000000,388.5232069605,717.6800000000,705.5142666198,390.4741867701,389.3900000000,389.3121220000,390.0300000000,390.1080060000,51,19854.9182220000,11.7500000000,9.0000000000,599.2500000000,459.0000000000,0.7659574468,401.1400000000,380.3900000000,FORCED_EOD,17,-32.6400000000,7.9500840000,0.3570000000,8.3070840000,-40.9470840000,-8.1600000000,1.9875210000,0.0892500000,2.0767710000,-10.2367710000
MSFT,MSFT,QQQ,2026-06-12 10:39:00-04:00,2026-06-12 10:40:00-04:00,2026-06-12 15:59:00-04:00,SHORT,2.5109375107,385.8300000000,384.5903492607,718.8350000000,716.0194424732,384.8928092746,385.8050000000,385.7278390000,390.6700000000,390.7481340000,51,19672.1197890000,11.7500000000,9.0000000000,599.2500000000,459.0000000000,0.7659574468,397.5550000000,376.8050000000,FORCED_EOD,319,-248.1150000000,7.9200450000,0.3570000000,8.2770450000,-256.3920450000,-62.0287500000,1.9800112500,0.0892500000,2.0692612500,-64.0980112500
MSFT,MSFT,QQQ,2026-06-15 11:48:00-04:00,2026-06-15 11:49:00-04:00,2026-06-15 15:59:00-04:00,SHORT,2.7926151358,399.7076000000,397.4502571398,743.3900000000,740.7452862562,397.7340637807,399.7000000000,399.6200600000,400.0250000000,400.1050050000,50,19981.0030000000,11.7500000000,9.0000000000,587.5000000000,450.0000000000,0.7659574468,411.4500000000,390.7000000000,FORCED_EOD,250,-16.2500000000,7.9972500000,0.3500000000,8.3472500000,-24.5972500000,-4.0625000000,1.9993125000,0.0875000000,2.0868125000,-6.1493125000
MSFT,MSFT,QQQ,2026-06-16 12:00:00-04:00,2026-06-16 12:01:00-04:00,2026-06-16 15:59:00-04:00,LONG,-2.9636857885,392.5900000000,393.5483824643,734.9099000000,738.7827893335,392.7422841217,392.6000000000,392.6785200000,393.9700000000,393.8912060000,50,19633.9260000000,11.7500000000,9.0000000000,587.5000000000,450.0000000000,0.7659574468,380.8500000000,401.6000000000,FORCED_EOD,238,68.5000000000,7.8657000000,0.3500000000,8.2157000000,60.2843000000,17.1250000000,1.9664250000,0.0875000000,2.0539250000,15.0710750000
MSFT,MSFT,QQQ,2026-06-17 13:26:00-04:00,2026-06-17 13:27:00-04:00,2026-06-17 15:59:00-04:00,SHORT,2.6505482655,385.1000000000,386.3945097867,732.7700000000,732.9187425479,386.3685854527,385.1200000000,385.0429760000,378.8501000000,378.9258700200,51,19637.1917760000,11.7500000000,9.0000000000,599.2500000000,459.0000000000,0.7659574468,396.8700000000,376.1200000000,FORCED_EOD,152,319.7649000000,7.7924950200,0.3570000000,8.1494950200,311.6154049800,79.9412250000,1.9481237550,0.0892500000,2.0373737550,77.9038512450
MSFT,MSFT,QQQ,2026-06-18 11:51:00-04:00,2026-06-18 11:52:00-04:00,2026-06-18 15:59:00-04:00,SHORT,2.5511634403,376.7250000000,377.0999690751,736.8400000000,736.0696466184,377.3173988843,376.7250000000,376.6496550000,379.0500000000,379.1258100000,53,19962.4317150000,11.7500000000,9.0000000000,622.7500000000,477.0000000000,0.7659574468,388.4750000000,367.7250000000,FORCED_EOD,247,-123.2250000000,8.0112150000,0.3710000000,8.3822150000,-131.6072150000,-30.8062500000,2.0028037500,0.0927500000,2.0955537500,-32.9018037500
MSFT,MSFT,QQQ,2026-06-22 12:21:00-04:00,2026-06-22 12:22:00-04:00,2026-06-22 15:59:00-04:00,LONG,-2.9037251156,368.9069000000,373.9051736433,736.8750000000,739.5192876994,372.7201179002,368.8850000000,368.9587770000,367.2600000000,367.1865480000,54,19923.7739580000,11.7500000000,9.0000000000,634.5000000000,486.0000000000,0.7659574468,357.1350000000,377.8850000000,FORCED_EOD,217,-87.7500000000,7.9503660000,0.3780000000,8.3283660000,-96.0783660000,-21.9375000000,1.9875915000,0.0945000000,2.0820915000,-24.0195915000
MSFT,MSFT,QQQ,2026-06-23 12:02:00-04:00,2026-06-23 12:03:00-04:00,2026-06-23 15:59:00-04:00,LONG,-3.1880394553,372.5500000000,373.9590894120,718.4000000000,718.4933276002,373.9131712655,372.5900000000,372.6645180000,373.9050000000,373.8302190000,53,19751.2194540000,11.7500000000,9.0000000000,622.7500000000,477.0000000000,0.7659574468,360.8400000000,381.5900000000,FORCED_EOD,236,69.6950000000,7.9128470000,0.3710000000,8.2838470000,61.4111530000,17.4237500000,1.9782117500,0.0927500000,2.0709617500,15.3527882500
MSFT,MSFT,QQQ,2026-06-24 12:37:00-04:00,2026-06-24 12:38:00-04:00,2026-06-24 15:59:00-04:00,LONG,-2.7097376385,372.4500000000,374.4355208976,714.3400000000,715.8532568208,374.2772155185,372.4500000000,372.5244900000,365.4500000000,365.3769100000,53,19743.7979700000,11.7500000000,9.0000000000,622.7500000000,477.0000000000,0.7659574468,360.7000000000,381.4500000000,FORCED_EOD,201,-371.0000000000,7.8217400000,0.3710000000,8.1927400000,-379.1927400000,-92.7500000000,1.9554350000,0.0927500000,2.0481850000,-94.7981850000
MSFT,MSFT,QQQ,2026-06-25 10:57:00-04:00,2026-06-25 10:58:00-04:00,2026-06-25 15:59:00-04:00,LONG,-2.7107899783,355.4999000000,358.7944259991,713.1350000000,713.7651390330,358.7310745239,355.4600000000,355.5310920000,352.6931000000,352.6225613800,56,19909.7411520000,11.7500000000,9.0000000000,658.0000000000,504.0000000000,0.7659574468,343.7100000000,364.4600000000,FORCED_EOD,301,-154.9464000000,7.9313147200,0.3920000000,8.3233147200,-163.2697147200,-38.7366000000,1.9828286800,0.0980000000,2.0808286800,-40.8174286800
MSFT,MSFT,QQQ,2026-06-26 12:08:00-04:00,2026-06-26 12:09:00-04:00,2026-06-26 15:59:00-04:00,LONG,-2.8481254834,368.0100000000,365.3289424909,711.7890000000,710.0853071448,365.5042477121,368.0750000000,368.1486150000,371.1900000000,371.1157620000,54,19880.0252100000,11.7500000000,9.0000000000,634.5000000000,486.0000000000,0.7659574468,356.3250000000,377.0750000000,FORCED_EOD,230,168.2100000000,7.9840620000,0.3780000000,8.3620620000,159.8479380000,42.0525000000,1.9960155000,0.0945000000,2.0905155000,39.9619845000
MSFT,MSFT,QQQ,2026-06-29 10:56:00-04:00,2026-06-29 10:57:00-04:00,2026-06-29 13:15:00-04:00,LONG,-2.7589490800,373.1883000000,377.1281260657,714.9101000000,712.4375787582,377.3898913993,373.1799000000,373.2545359800,361.4299000000,361.3576140200,53,19782.4904069400,11.7500000000,9.0000000000,622.7500000000,477.0000000000,0.7659574468,361.4299000000,382.1799000000,STOP,138,-622.7500000000,7.7868638800,0.3710000000,8.1578638800,-630.9078638800,-155.6875000000,1.9467159700,0.0927500000,2.0394659700,-157.7269659700
MSFT,MSFT,QQQ,2026-06-29 13:16:00-04:00,2026-06-29 13:17:00-04:00,2026-06-29 15:59:00-04:00,SHORT,2.8660792251,370.0750000000,373.7066786893,722.3800000000,714.8481248352,374.4941780068,370.0700000000,369.9959860000,368.4800000000,368.5536960000,54,19979.7832440000,11.7500000000,9.0000000000,634.5000000000,486.0000000000,0.7659574468,381.8200000000,361.0700000000,FORCED_EOD,162,85.8600000000,7.9763400000,0.3780000000,8.3543400000,77.5056600000,21.4650000000,1.9940850000,0.0945000000,2.0885850000,19.3764150000
MSFT,MSFT,QQQ,2026-06-30 10:54:00-04:00,2026-06-30 10:55:00-04:00,2026-06-30 15:59:00-04:00,LONG,-3.9821513121,370.3700000000,371.1856463120,730.7300000000,730.2867713322,371.2307026176,370.3700000000,370.4440740000,372.8300000000,372.7554340000,53,19633.5359220000,11.7500000000,9.0000000000,622.7500000000,477.0000000000,0.7659574468,358.6200000000,379.3700000000,FORCED_EOD,304,130.3800000000,7.8779200000,0.3710000000,8.2489200000,122.1310800000,32.5950000000,1.9694800000,0.0927500000,2.0622300000,30.5327700000
MSFT,MSFT,QQQ,2026-07-01 11:33:00-04:00,2026-07-01 11:34:00-04:00,2026-07-01 15:59:00-04:00,LONG,-3.2754521452,384.8700000000,381.9386691708,731.2700000000,728.8220889133,382.1952343646,384.8500000000,384.9269700000,384.2200000000,384.1431560000,51,19631.2754700000,11.7500000000,9.0000000000,599.2500000000,459.0000000000,0.7659574468,373.1000000000,393.8500000000,FORCED_EOD,265,-32.1300000000,7.8445140000,0.3570000000,8.2015140000,-40.3315140000,-8.0325000000,1.9611285000,0.0892500000,2.0503785000,-10.0828785000
MSFT,MSFT,QQQ,2026-07-02 10:16:00-04:00,2026-07-02 10:17:00-04:00,2026-07-02 15:59:00-04:00,SHORT,3.1575722148,388.7299000000,385.9387186218,727.5900000000,727.5499125823,385.9429716046,388.6700000000,388.5922660000,389.6200000000,389.6979240000,51,19818.2055660000,11.7500000000,9.0000000000,599.2500000000,459.0000000000,0.7659574468,400.4200000000,379.6700000000,FORCED_EOD,342,-48.4500000000,7.9385580000,0.3570000000,8.2955580000,-56.7455580000,-12.1125000000,1.9846395000,0.0892500000,2.0738895000,-14.1863895000
MSFT,MSFT,QQQ,2026-07-06 11:00:00-04:00,2026-07-06 11:01:00-04:00,2026-07-06 15:59:00-04:00,SHORT,2.6595930606,385.5750000000,384.5740171138,723.9500000000,722.6354729917,384.7139307911,385.6000000000,385.5228800000,386.8800000000,386.9573760000,51,19661.6668800000,11.7500000000,9.0000000000,599.2500000000,459.0000000000,0.7659574468,397.3500000000,376.6000000000,FORCED_EOD,298,-65.2800000000,7.8792960000,0.3570000000,8.2362960000,-73.5162960000,-16.3200000000,1.9698240000,0.0892500000,2.0590740000,-18.3790740000
MSFT,MSFT,QQQ,2026-07-07 14:25:00-04:00,2026-07-07 14:26:00-04:00,2026-07-07 15:59:00-04:00,LONG,-2.7645000081,391.9500000000,393.1516791246,713.1700000000,710.1831140831,393.4823823448,391.9500000000,392.0283900000,388.8300000000,388.7522340000,51,19993.4478900000,11.7500000000,9.0000000000,599.2500000000,459.0000000000,0.7659574468,380.2000000000,400.9500000000,FORCED_EOD,93,-159.1200000000,7.9639560000,0.3570000000,8.3209560000,-167.4409560000,-39.7800000000,1.9909890000,0.0892500000,2.0802390000,-41.8602390000
MSFT,MSFT,QQQ,2026-07-08 10:16:00-04:00,2026-07-08 10:17:00-04:00,2026-07-08 15:59:00-04:00,LONG,-2.9791675392,381.3400000000,383.4327857314,706.2700000000,707.7622177007,383.2711028454,381.3700000000,381.4462740000,383.0500000000,382.9733900000,52,19835.2062480000,11.7500000000,9.0000000000,611.0000000000,468.0000000000,0.7659574468,369.6200000000,390.3700000000,FORCED_EOD,342,87.3600000000,7.9499680000,0.3640000000,8.3139680000,79.0460320000,21.8400000000,1.9874920000,0.0910000000,2.0784920000,19.7615080000
MSFT,MSFT,QQQ,2026-07-09 10:59:00-04:00,2026-07-09 11:00:00-04:00,2026-07-09 15:59:00-04:00,SHORT,2.6104783577,378.9400000000,376.5282142532,719.3200000000,719.3720942241,376.5227609015,378.9500000000,378.8742100000,384.3300000000,384.4068660000,52,19701.4589200000,11.7500000000,9.0000000000,611.0000000000,468.0000000000,0.7659574468,390.7000000000,369.9500000000,FORCED_EOD,299,-279.7600000000,7.9381120000,0.3640000000,8.3021120000,-288.0621120000,-69.9400000000,1.9845280000,0.0910000000,2.0755280000,-72.0155280000
MSFT,MSFT,QQQ,2026-07-10 11:31:00-04:00,2026-07-10 11:32:00-04:00,2026-07-10 15:59:00-04:00,SHORT,3.1656621453,383.4400000000,385.5351789694,724.0600000000,721.8980582661,385.7660992729,383.4999000000,383.4232000200,385.0900000000,385.1670180000,52,19938.0064010400,11.7500000000,9.0000000000,611.0000000000,468.0000000000,0.7659574468,395.2499000000,374.4999000000,FORCED_EOD,267,-82.6852000000,7.9933349600,0.3640000000,8.3573349600,-91.0425349600,-20.6713000000,1.9983337400,0.0910000000,2.0893337400,-22.7606337400
MSFT,MSFT,QQQ,2026-07-13 10:48:00-04:00,2026-07-13 10:49:00-04:00,2026-07-13 15:59:00-04:00,SHORT,2.7470773301,387.4450000000,387.0767982789,716.7200000000,715.4639559565,387.2127060357,387.4000000000,387.3225200000,391.0200000000,391.0982040000,51,19753.4485200000,11.7500000000,9.0000000000,599.2500000000,459.0000000000,0.7659574468,399.1500000000,378.4000000000,FORCED_EOD,310,-184.6200000000,7.9398840000,0.3570000000,8.2968840000,-192.9168840000,-46.1550000000,1.9849710000,0.0892500000,2.0742210000,-48.2292210000
MSFT,MSFT,QQQ,2026-07-14 12:35:00-04:00,2026-07-14 12:36:00-04:00,2026-07-14 15:59:00-04:00,SHORT,2.5838570223,387.2650000000,384.1397943729,719.6787000000,718.9960897377,384.2127343428,387.2800000000,387.2025440000,384.9400000000,385.0169880000,51,19747.3297440000,11.7500000000,9.0000000000,599.2500000000,459.0000000000,0.7659574468,399.0300000000,378.2800000000,FORCED_EOD,203,119.3400000000,7.8766440000,0.3570000000,8.2336440000,111.1063560000,29.8350000000,1.9691610000,0.0892500000,2.0584110000,27.7765890000
MSFT,MSFT,QQQ,2026-07-15 12:10:00-04:00,2026-07-15 12:11:00-04:00,2026-07-15 15:59:00-04:00,SHORT,2.9363827875,398.7400000000,394.0955365355,713.1201000000,717.5901219789,393.6045554988,398.7600000000,398.6802480000,395.6300000000,395.7091260000,50,19934.0124000000,11.7500000000,9.0000000000,587.5000000000,450.0000000000,0.7659574468,410.5100000000,389.7600000000,FORCED_EOD,228,156.5000000000,7.9439000000,0.3500000000,8.2939000000,148.2061000000,39.1250000000,1.9859750000,0.0875000000,2.0734750000,37.0515250000
MSFT,MSFT,QQQ,2026-07-16 11:26:00-04:00,2026-07-16 11:27:00-04:00,2026-07-16 15:59:00-04:00,SHORT,2.6881463435,399.5050000000,395.7150150584,711.5000000000,710.5385110643,395.8221100583,399.5200000000,399.4400960000,401.1300000000,401.2102260000,50,19972.0048000000,11.7500000000,9.0000000000,587.5000000000,450.0000000000,0.7659574468,411.2700000000,390.5200000000,FORCED_EOD,272,-80.5000000000,8.0065000000,0.3500000000,8.3565000000,-88.8565000000,-20.1250000000,2.0016250000,0.0875000000,2.0891250000,-22.2141250000
MSFT,MSFT,QQQ,2026-07-17 11:16:00-04:00,2026-07-17 11:17:00-04:00,2026-07-17 15:59:00-04:00,LONG,-2.5880034571,389.6200000000,393.4567871109,693.7050000000,693.3397729974,393.4982389498,389.6850000000,389.7629370000,393.8200000000,393.7412360000,51,19877.9097870000,11.7500000000,9.0000000000,599.2500000000,459.0000000000,0.7659574468,377.9350000000,398.6850000000,FORCED_EOD,282,210.8850000000,7.9917510000,0.3570000000,8.3487510000,202.5362490000,52.7212500000,1.9979377500,0.0892500000,2.0871877500,50.6340622500
MSFT,MSFT,QQQ,2026-07-20 10:15:00-04:00,2026-07-20 10:16:00-04:00,2026-07-20 15:59:00-04:00,SHORT,3.2080854088,393.5700000000,391.3717792485,701.1000000000,702.8158767873,391.1806777741,393.6050000000,393.5262790000,402.5100000000,402.5905020000,50,19676.3139500000,11.7500000000,9.0000000000,587.5000000000,450.0000000000,0.7659574468,405.3550000000,384.6050000000,FORCED_EOD,343,-445.2500000000,7.9611500000,0.3500000000,8.3111500000,-453.5611500000,-111.3125000000,1.9902875000,0.0875000000,2.0777875000,-113.3902875000
MSFT,MSFT,QQQ,2026-07-21 11:00:00-04:00,2026-07-21 11:01:00-04:00,2026-07-21 15:59:00-04:00,LONG,-3.7105517939,398.3800000000,399.6448760365,707.0700000000,705.2553802716,399.8505330216,398.4250000000,398.5046850000,397.6400000000,397.5604720000,50,19925.2342500000,11.7500000000,9.0000000000,587.5000000000,450.0000000000,0.7659574468,386.6750000000,407.4250000000,FORCED_EOD,298,-39.2500000000,7.9606500000,0.3500000000,8.3106500000,-47.5606500000,-9.8125000000,1.9901625000,0.0875000000,2.0776625000,-11.8901625000
MSFT,MSFT,QQQ,2026-07-22 12:57:00-04:00,2026-07-22 12:58:00-04:00,2026-07-22 15:59:00-04:00,SHORT,2.9951609819,389.5050000000,390.5623225987,709.0400000000,707.1581793293,390.7701879034,389.5100000000,389.4320980000,390.2800000000,390.3580560000,51,19861.0369980000,11.7500000000,9.0000000000,599.2500000000,459.0000000000,0.7659574468,401.2600000000,380.5100000000,FORCED_EOD,181,-39.2700000000,7.9538580000,0.3570000000,8.3108580000,-47.5808580000,-9.8175000000,1.9884645000,0.0892500000,2.0777145000,-11.8952145000
MSFT,MSFT,QQQ,2026-07-23 10:13:00-04:00,2026-07-23 10:14:00-04:00,2026-07-23 15:59:00-04:00,LONG,-2.6081224521,384.3400000000,388.3787368761,695.3200000000,695.7059108969,388.3356498233,384.3118000000,384.3886623600,381.4800000000,381.4037040000,52,19988.2104427200,11.7500000000,9.0000000000,611.0000000000,468.0000000000,0.7659574468,372.5618000000,393.3118000000,FORCED_EOD,345,-147.2536000000,7.9642347200,0.3640000000,8.3282347200,-155.5818347200,-36.8134000000,1.9910586800,0.0910000000,2.0820586800,-38.8954586800
MSFT,MSFT,QQQ,2026-07-24 11:51:00-04:00,2026-07-24 11:52:00-04:00,2026-07-24 15:59:00-04:00,LONG,-2.5576658845,383.8150000000,383.6987516524,690.2535000000,687.8033739161,384.3214276647,383.7800000000,383.8567560000,381.7400000000,381.6636520000,52,19960.5513120000,11.7500000000,9.0000000000,611.0000000000,468.0000000000,0.7659574468,372.0300000000,392.7800000000,FORCED_EOD,247,-106.0800000000,7.9614080000,0.3640000000,8.3254080000,-114.4054080000,-26.5200000000,1.9903520000,0.0910000000,2.0813520000,-28.6013520000
MSFT,MSFT,QQQ,2026-07-27 11:16:00-04:00,2026-07-27 11:17:00-04:00,2026-07-27 15:59:00-04:00,SHORT,2.7721535021,393.4300000000,390.9953622336,679.6400000000,683.1575228851,390.4574560415,393.4900000000,393.4113020000,389.1300000000,389.2078260000,50,19670.5651000000,11.7500000000,9.0000000000,587.5000000000,450.0000000000,0.7659574468,405.2400000000,384.4900000000,FORCED_EOD,282,218.0000000000,7.8262000000,0.3500000000,8.1762000000,209.8238000000,54.5000000000,1.9565500000,0.0875000000,2.0440500000,52.4559500000
MSFT,MSFT,QQQ,2026-07-28 11:18:00-04:00,2026-07-28 11:19:00-04:00,2026-07-28 15:59:00-04:00,SHORT,2.8252346184,399.2350000000,395.4725380611,675.3100000000,671.8795003718,395.8763808317,399.2350000000,399.1551530000,393.4700000000,393.5486940000,50,19957.7576500000,11.7500000000,9.0000000000,587.5000000000,450.0000000000,0.7659574468,410.9850000000,390.2350000000,FORCED_EOD,280,288.2500000000,7.9270500000,0.3500000000,8.2770500000,279.9729500000,72.0625000000,1.9817625000,0.0875000000,2.0692625000,69.9932375000
MSFT,MSFT,QQQ,2026-07-29 11:54:00-04:00,2026-07-29 11:55:00-04:00,2026-07-29 15:59:00-04:00,SHORT,2.6975885723,394.8450000000,392.8122513526,665.3700000000,670.0973598843,388.1117562244,394.8450000000,394.7660310000,392.4000000000,392.4784800000,50,19738.3015500000,11.7500000000,9.0000000000,587.5000000000,450.0000000000,0.7659574468,406.5950000000,385.8450000000,FORCED_EOD,244,122.2500000000,7.8724500000,0.3500000000,8.2224500000,114.0275500000,30.5625000000,1.9681125000,0.0875000000,2.0556125000,28.5068875000
MSFT,MSFT,QQQ,2026-07-30 13:19:00-04:00,2026-07-30 13:20:00-04:00,2026-07-30 15:59:00-04:00,LONG,-3.0004299120,455.3800000000,447.8603080660,682.8200000000,680.0707501859,451.2325970469,455.3800000000,455.4710760000,451.4900000000,451.3997020000,43,19585.2562680000,11.7500000000,9.0000000000,505.2500000000,387.0000000000,0.7659574468,443.6300000000,464.3800000000,FORCED_EOD,159,-167.2700000000,7.7990820000,0.3010000000,8.1000820000,-175.3700820000,-41.8175000000,1.9497705000,0.0752500000,2.0250205000,-43.8425205000
MSFT,MSFT,QQQ,2026-07-31 11:25:00-04:00,2026-07-31 11:26:00-04:00,2026-07-31 15:59:00-04:00,SHORT,2.8609290126,458.5001000000,456.6783748463,682.4600000000,686.5460431073,448.4019341747,458.5300000000,458.4382940000,465.1000000000,465.1930200000,43,19712.8466420000,11.7500000000,9.0000000000,505.2500000000,387.0000000000,0.7659574468,470.2800000000,449.5300000000,FORCED_EOD,273,-282.5100000000,7.9432180000,0.3010000000,8.2442180000,-290.7542180000,-70.6275000000,1.9858045000,0.0752500000,2.0610545000,-72.6885545000
MSFT,MSFT,QQQ,2026-08-03 11:28:00-04:00,2026-08-03 11:29:00-04:00,2026-08-03 15:59:00-04:00,SHORT,2.5762643310,485.3650000000,485.9128030256,695.9900000000,693.4463699931,491.0646329079,485.3650000000,485.2679270000,487.6599000000,487.7574319800,41,19895.9850070000,11.7500000000,9.0000000000,481.7500000000,369.0000000000,0.7659574468,497.1150000000,476.3650000000,FORCED_EOD,270,-94.0909000000,7.9788041800,0.2870000000,8.2658041800,-102.3567041800,-23.5227250000,1.9947010450,0.0717500000,2.0664510450,-25.5891760450
MSFT,MSFT,QQQ,2026-08-04 11:14:00-04:00,2026-08-04 11:15:00-04:00,2026-08-04 15:59:00-04:00,LONG,-3.1071953739,495.9050000000,491.7368072332,717.5300000000,714.4454179200,497.2041271065,495.8400000000,495.9391680000,492.9050000000,492.8064190000,40,19837.5667200000,11.7500000000,9.0000000000,470.0000000000,360.0000000000,0.7659574468,484.0900000000,504.8400000000,FORCED_EOD,284,-117.4000000000,7.9099600000,0.2800000000,8.1899600000,-125.5899600000,-29.3500000000,1.9774900000,0.0700000000,2.0474900000,-31.3974900000
MSFT,MSFT,QQQ,2026-08-05 10:30:00-04:00,2026-08-05 10:31:00-04:00,2026-08-05 15:59:00-04:00,SHORT,2.9833415862,490.8150000000,491.0648889777,724.2250000000,726.4489126400,488.7436575580,490.8800000000,490.7818240000,487.4700000000,487.5674940000,40,19631.2729600000,11.7500000000,9.0000000000,470.0000000000,360.0000000000,0.7659574468,502.6300000000,481.8800000000,FORCED_EOD,328,136.4000000000,7.8268000000,0.2800000000,8.1068000000,128.2932000000,34.1000000000,1.9567000000,0.0700000000,2.0267000000,32.0733000000
MSFT,MSFT,QQQ,2026-08-06 10:46:00-04:00,2026-08-06 10:47:00-04:00,2026-08-06 15:59:00-04:00,SHORT,2.5493108012,497.7600000000,494.5696695068,715.6975000000,715.1030408815,495.4244692685,497.6731000000,497.5735653800,499.8700000000,499.9699740000,40,19902.9426152000,11.7500000000,9.0000000000,470.0000000000,360.0000000000,0.7659574468,509.4231000000,488.6731000000,FORCED_EOD,312,-87.8760000000,7.9803448000,0.2800000000,8.2603448000,-96.1363448000,-21.9690000000,1.9950862000,0.0700000000,2.0650862000,-24.0340862000
MSFT,MSFT,QQQ,2026-08-07 10:53:00-04:00,2026-08-07 10:54:00-04:00,2026-08-07 15:59:00-04:00,SHORT,2.5421911693,504.5850000000,502.9697021241,719.2800000000,720.0408645440,502.7543095821,504.6200000000,504.5190760000,499.8900000000,499.9899780000,39,19676.2439640000,11.7500000000,9.0000000000,458.2500000000,351.0000000000,0.7659574468,516.3700000000,495.6200000000,FORCED_EOD,305,184.4700000000,7.8351780000,0.2730000000,8.1081780000,176.3618220000,46.1175000000,1.9587945000,0.0682500000,2.0270445000,44.0904555000
MSFT,MSFT,QQQ,2026-08-10 12:32:00-04:00,2026-08-10 12:33:00-04:00,2026-08-10 15:59:00-04:00,LONG,-2.5324681032,509.1701000000,508.8355187116,721.8600000000,722.7509313233,508.5795151737,509.2400000000,509.3418480000,505.9700000000,505.8688060000,39,19864.3320720000,11.7500000000,9.0000000000,458.2500000000,351.0000000000,0.7659574468,497.4900000000,518.2400000000,FORCED_EOD,206,-127.5300000000,7.9186380000,0.2730000000,8.1916380000,-135.7216380000,-31.8825000000,1.9796595000,0.0682500000,2.0479095000,-33.9304095000
MSFT,MSFT,QQQ,2026-08-11 10:41:00-04:00,2026-08-11 10:42:00-04:00,2026-08-11 15:59:00-04:00,SHORT,2.8511911916,502.6088000000,501.9142760402,721.2199000000,720.6566566479,501.9927322305,502.5900000000,502.4894820000,503.7750000000,503.8757550000,39,19597.0897980000,11.7500000000,9.0000000000,458.2500000000,351.0000000000,0.7659574468,514.3400000000,493.5900000000,FORCED_EOD,317,-46.2150000000,7.8496470000,0.2730000000,8.1226470000,-54.3376470000,-11.5537500000,1.9624117500,0.0682500000,2.0306617500,-13.5844117500
MSFT,MSFT,QQQ,2026-08-12 12:27:00-04:00,2026-08-12 12:28:00-04:00,2026-08-12 15:59:00-04:00,SHORT,2.5628052894,493.8500000000,495.1384196180,724.2200000000,724.6742330309,495.0763480788,493.9194000000,493.8206161200,492.4300000000,492.5284860000,40,19752.8246448000,11.7500000000,9.0000000000,470.0000000000,360.0000000000,0.7659574468,505.6694000000,484.9194000000,FORCED_EOD,211,59.5760000000,7.8907952000,0.2800000000,8.1707952000,51.4052048000,14.8940000000,1.9726988000,0.0700000000,2.0426988000,12.8513012000
MSFT,MSFT,QQQ,2026-08-13 10:28:00-04:00,2026-08-13 10:29:00-04:00,2026-08-13 15:59:00-04:00,LONG,-2.7534893386,498.5000000000,498.3709674004,732.9000000000,729.9252053719,498.7771874530,498.5000000000,498.5997000000,496.8400000000,496.7406320000,40,19943.9880000000,11.7500000000,9.0000000000,470.0000000000,360.0000000000,0.7659574468,486.7500000000,507.5000000000,FORCED_EOD,330,-66.4000000000,7.9627200000,0.2800000000,8.2427200000,-74.6427200000,-16.6000000000,1.9906800000,0.0700000000,2.0606800000,-18.6606800000
MSFT,MSFT,QQQ,2026-08-14 12:16:00-04:00,2026-08-14 12:17:00-04:00,2026-08-14 15:59:00-04:00,LONG,-2.5389097651,497.0250000000,497.8545554091,729.7500000000,731.2276228138,497.6533482265,497.0600000000,497.1594120000,495.1800000000,495.0809640000,40,19886.3764800000,11.7500000000,9.0000000000,470.0000000000,360.0000000000,0.7659574468,485.3100000000,506.0600000000,FORCED_EOD,222,-75.2000000000,7.9379200000,0.2800000000,8.2179200000,-83.4179200000,-18.8000000000,1.9844800000,0.0700000000,2.0544800000,-20.8544800000
MSFT,MSFT,QQQ,2026-08-17 11:13:00-04:00,2026-08-17 11:14:00-04:00,2026-08-17 15:59:00-04:00,SHORT,2.6358174597,484.6150000000,485.1251378277,734.1500000000,732.9356159016,485.2858963555,484.6150000000,484.5180770000,480.6300000000,480.7261260000,41,19865.2411570000,11.7500000000,9.0000000000,481.7500000000,369.0000000000,0.7659574468,496.3650000000,475.6150000000,FORCED_EOD,285,163.3850000000,7.9150090000,0.2870000000,8.2020090000,155.1829910000,40.8462500000,1.9787522500,0.0717500000,2.0505022500,38.7957477500
MSFT,MSFT,QQQ,2026-08-18 11:00:00-04:00,2026-08-18 11:01:00-04:00,2026-08-18 15:59:00-04:00,SHORT,2.6480005429,482.2900000000,481.1977749374,716.5800000000,719.0976865271,479.9315903960,482.3600000000,482.2635280000,481.9300000000,482.0263860000,41,19772.8046480000,11.7500000000,9.0000000000,481.7500000000,369.0000000000,0.7659574468,494.1100000000,473.3600000000,FORCED_EOD,298,17.6300000000,7.9071780000,0.2870000000,8.1941780000,9.4358220000,4.4075000000,1.9767945000,0.0717500000,2.0485445000,2.3589555000
MSFT,MSFT,QQQ,2026-08-19 11:46:00-04:00,2026-08-19 11:47:00-04:00,2026-08-19 15:59:00-04:00,SHORT,3.0153671349,487.2750000000,482.9433531746,718.1400000000,716.2712451509,483.1953534438,487.2750000000,487.1775450000,484.5200000000,484.6169040000,41,19974.2793450000,11.7500000000,9.0000000000,481.7500000000,369.0000000000,0.7659574468,499.0250000000,478.2750000000,FORCED_EOD,252,112.9550000000,7.9687190000,0.2870000000,8.2557190000,104.6992810000,28.2387500000,1.9921797500,0.0717500000,2.0639297500,26.1748202500
MSFT,MSFT,QQQ,2026-08-20 12:34:00-04:00,2026-08-20 12:35:00-04:00,2026-08-20 15:59:00-04:00,SHORT,4.3960909132,482.9019000000,481.4912110317,712.0400000000,712.2798567097,481.4587830762,482.8800000000,482.7834240000,481.3790000000,481.4752758000,41,19794.1203840000,11.7500000000,9.0000000000,481.7500000000,369.0000000000,0.7659574468,494.6300000000,473.8800000000,FORCED_EOD,204,61.5410000000,7.9069238000,0.2870000000,8.1939238000,53.3470762000,15.3852500000,1.9767309500,0.0717500000,2.0484809500,13.3367690500
AVGO,AVGO,QQQ,2025-08-22 12:16:00-04:00,2025-08-22 12:17:00-04:00,2025-08-22 15:59:00-04:00,SHORT,3.2700386174,296.4400000000,296.3212560788,570.9800000000,570.8231948896,296.5357504413,296.4150000000,296.3557170000,294.0000000000,294.0588000000,67,19855.8330390000,10.5000000000,5.0000000000,703.5000000000,335.0000000000,0.4761904762,306.9150000000,291.4150000000,FORCED_EOD,222,161.8050000000,7.9115610000,0.4690000000,8.3805610000,153.4244390000,40.4512500000,1.9778902500,0.1172500000,2.0951402500,38.3561097500
AVGO,AVGO,QQQ,2025-08-25 11:50:00-04:00,2025-08-25 11:51:00-04:00,2025-08-25 15:59:00-04:00,SHORT,2.6783518611,297.8900000000,295.2827361801,573.1100000000,571.2067159777,296.8850722763,297.8900000000,297.8304220000,294.1100000000,294.1688220000,67,19954.6382740000,10.5000000000,5.0000000000,703.5000000000,335.0000000000,0.4761904762,308.3900000000,292.8900000000,FORCED_EOD,248,253.2600000000,7.9328000000,0.4690000000,8.4018000000,244.8582000000,63.3150000000,1.9832000000,0.1172500000,2.1004500000,61.2145500000
AVGO,AVGO,QQQ,2025-08-26 11:13:00-04:00,2025-08-26 11:14:00-04:00,2025-08-26 15:59:00-04:00,SHORT,2.6136466193,298.3500000000,297.1357776086,571.1650000000,570.6079166957,297.5990148902,298.3500000000,298.2903300000,298.0000000000,298.0596000000,67,19985.4521100000,10.5000000000,5.0000000000,703.5000000000,335.0000000000,0.4761904762,308.8500000000,293.3500000000,FORCED_EOD,285,23.4500000000,7.9910900000,0.4690000000,8.4600900000,14.9899100000,5.8625000000,1.9977725000,0.1172500000,2.1150225000,3.7474775000
AVGO,AVGO,QQQ,2025-08-27 12:22:00-04:00,2025-08-27 12:23:00-04:00,2025-08-27 15:59:00-04:00,LONG,-2.5267358950,298.0400000000,297.0907154794,572.4900000000,572.3599009376,297.1727071664,298.0200000000,298.0796040000,300.2400000000,300.1799520000,67,19971.3334680000,10.5000000000,5.0000000000,703.5000000000,335.0000000000,0.4761904762,287.5200000000,303.0200000000,FORCED_EOD,216,148.7400000000,8.0166840000,0.4690000000,8.4856840000,140.2543160000,37.1850000000,2.0041710000,0.1172500000,2.1214210000,35.0635790000
AVGO,AVGO,QQQ,2025-08-28 13:37:00-04:00,2025-08-28 13:38:00-04:00,2025-08-28 15:59:00-04:00,SHORT,2.6844435286,309.4000000000,307.5837043348,577.0100000000,575.3035701954,308.4558083375,309.4600000000,309.3981080000,308.6200000000,308.6817240000,64,19801.4789120000,10.5000000000,5.0000000000,672.0000000000,320.0000000000,0.4761904762,319.9600000000,304.4600000000,FORCED_EOD,141,53.7600000000,7.9114240000,0.4480000000,8.3594240000,45.4005760000,13.4400000000,1.9778560000,0.1120000000,2.0898560000,11.3501440000
AVGO,AVGO,QQQ,2025-08-29 10:08:00-04:00,2025-08-29 10:09:00-04:00,2025-08-29 15:59:00-04:00,LONG,-2.5001035418,296.1000000000,300.8782563528,569.8300000000,572.5021387445,299.6639844637,296.1850000000,296.2442370000,297.4700000000,297.4105060000,67,19848.3638790000,10.5000000000,5.0000000000,703.5000000000,335.0000000000,0.4761904762,285.6850000000,301.1850000000,FORCED_EOD,350,86.0950000000,7.9549770000,0.4690000000,8.4239770000,77.6710230000,21.5237500000,1.9887442500,0.1172500000,2.1059942500,19.4177557500
AVGO,AVGO,QQQ,2025-09-02 10:48:00-04:00,2025-09-02 10:49:00-04:00,2025-09-02 15:59:00-04:00,SHORT,2.9289370873,294.2396000000,292.3153468541,562.4600000000,563.2523515640,290.9481101022,294.2050000000,294.1461590000,298.2700000000,298.3296540000,67,19707.7926530000,10.5000000000,5.0000000000,703.5000000000,335.0000000000,0.4761904762,304.7050000000,289.2050000000,FORCED_EOD,310,-272.3550000000,7.9391650000,0.4690000000,8.4081650000,-280.7631650000,-68.0887500000,1.9847912500,0.1172500000,2.1020412500,-70.1907912500
AVGO,AVGO,QQQ,2025-09-03 11:21:00-04:00,2025-09-03 11:22:00-04:00,2025-09-03 14:36:00-04:00,SHORT,2.9907715795,304.3500000000,301.1324026735,570.4000000000,569.7003420953,302.1209658702,304.3056000000,304.2447388800,299.3056000000,299.3654611200,65,19775.9080272000,10.5000000000,5.0000000000,682.5000000000,325.0000000000,0.4761904762,314.8056000000,299.3056000000,TAKE_PROFIT_BRACKET,194,325.0000000000,7.8469456000,0.4550000000,8.3019456000,316.6980544000,81.2500000000,1.9617364000,0.1137500000,2.0754864000,79.1745136000
AVGO,AVGO,QQQ,2025-09-03 15:22:00-04:00,2025-09-03 15:23:00-04:00,2025-09-03 15:59:00-04:00,LONG,-2.7968420551,300.0976000000,301.4189068725,567.5500000000,569.0232996787,299.3327871992,300.1300000000,300.1900260000,302.3900000000,302.3295220000,66,19812.5417160000,10.5000000000,5.0000000000,693.0000000000,330.0000000000,0.4761904762,289.6300000000,305.1300000000,FORCED_EOD,36,149.1600000000,7.9532640000,0.4620000000,8.4152640000,140.7447360000,37.2900000000,1.9883160000,0.1155000000,2.1038160000,35.1861840000
AVGO,AVGO,QQQ,2025-09-04 13:53:00-04:00,2025-09-04 13:54:00-04:00,2025-09-04 15:59:00-04:00,LONG,-2.6496778231,305.9585000000,305.3048500399,573.6800000000,571.4722295723,308.0714525661,305.9900000000,306.0511980000,305.9200000000,305.8588160000,65,19893.3278700000,10.5000000000,5.0000000000,682.5000000000,325.0000000000,0.4761904762,295.4900000000,310.9900000000,FORCED_EOD,125,-4.5500000000,7.9548300000,0.4550000000,8.4098300000,-12.9598300000,-1.1375000000,1.9887075000,0.1137500000,2.1024575000,-3.2399575000
AVGO,AVGO,QQQ,2025-09-05 12:37:00-04:00,2025-09-05 12:38:00-04:00,2025-09-05 15:59:00-04:00,SHORT,2.9849952287,336.9600000000,340.6109993563,574.0400000000,576.2651105970,337.9717959774,336.9600000000,336.8926080000,334.9100000000,334.9769820000,59,19876.6638720000,10.5000000000,5.0000000000,619.5000000000,295.0000000000,0.4761904762,347.4600000000,331.9600000000,FORCED_EOD,201,120.9500000000,7.9280660000,0.4130000000,8.3410660000,112.6089340000,30.2375000000,1.9820165000,0.1032500000,2.0852665000,28.1522335000
AVGO,AVGO,QQQ,2025-09-08 13:27:00-04:00,2025-09-08 13:28:00-04:00,2025-09-08 15:59:00-04:00,LONG,-2.9524223958,344.9400000000,348.7814019231,578.8550000000,579.6906608695,347.6810412626,344.9600000000,345.0289920000,345.8100000000,345.7408380000,57,19666.6525440000,10.5000000000,5.0000000000,598.5000000000,285.0000000000,0.4761904762,334.4600000000,349.9600000000,FORCED_EOD,151,48.4500000000,7.8747780000,0.3990000000,8.2737780000,40.1762220000,12.1125000000,1.9686945000,0.0997500000,2.0684445000,10.0440555000
AVGO,AVGO,QQQ,2025-09-09 10:33:00-04:00,2025-09-09 10:34:00-04:00,2025-09-09 15:59:00-04:00,LONG,-2.9834841327,340.8200000000,345.3765219915,578.1500000000,579.3199093365,345.2370276599,340.8088000000,340.8769617600,336.6600000000,336.5926680000,58,19770.8637820800,10.5000000000,5.0000000000,609.0000000000,290.0000000000,0.4761904762,330.3088000000,345.8088000000,FORCED_EOD,325,-240.6304000000,7.8586380800,0.4060000000,8.2646380800,-248.8950380800,-60.1576000000,1.9646595200,0.1015000000,2.0661595200,-62.2237595200
AVGO,AVGO,QQQ,2025-09-10 10:25:00-04:00,2025-09-10 10:26:00-04:00,2025-09-10 13:20:00-04:00,SHORT,2.5115433234,370.2450000000,360.2166542350,583.3000000000,582.4428231015,360.3226798850,370.2000000000,370.1259600000,365.2000000000,365.2730400000,54,19986.8018400000,10.5000000000,5.0000000000,567.0000000000,270.0000000000,0.4761904762,380.7000000000,365.2000000000,TAKE_PROFIT_BRACKET,174,270.0000000000,7.9423200000,0.3780000000,8.3203200000,261.6796800000,67.5000000000,1.9855800000,0.0945000000,2.0800800000,65.4199200000
AVGO,AVGO,QQQ,2025-09-10 14:24:00-04:00,2025-09-10 14:25:00-04:00,2025-09-10 15:30:00-04:00,LONG,-2.6142386422,361.7118000000,364.6746282991,580.4050000000,582.2239803323,364.4467654838,361.7400000000,361.8123480000,366.7400000000,366.6666520000,55,19899.6791400000,10.5000000000,5.0000000000,577.5000000000,275.0000000000,0.4761904762,351.2400000000,366.7400000000,TAKE_PROFIT_BRACKET,65,275.0000000000,8.0132800000,0.3850000000,8.3982800000,266.6017200000,68.7500000000,2.0033200000,0.0962500000,2.0995700000,66.6504300000
AVGO,AVGO,QQQ,2025-09-10 15:30:00-04:00,2025-09-10 15:31:00-04:00,2025-09-10 15:59:00-04:00,SHORT,2.9972345533,366.9500000000,364.6270461905,579.3000000000,581.8168395485,364.3115834166,366.9500000000,366.8766100000,369.5700000000,369.6439140000,54,19811.3369400000,10.5000000000,5.0000000000,567.0000000000,270.0000000000,0.4761904762,377.4500000000,361.9500000000,FORCED_EOD,28,-141.4800000000,7.9544160000,0.3780000000,8.3324160000,-149.8124160000,-35.3700000000,1.9886040000,0.0945000000,2.0831040000,-37.4531040000
AVGO,AVGO,QQQ,2025-09-11 10:35:00-04:00,2025-09-11 10:36:00-04:00,2025-09-11 13:45:00-04:00,SHORT,2.6708292576,365.6900000000,365.4143895667,583.9300000000,582.9293409647,365.5398439519,365.7600000000,365.6868480000,360.7600000000,360.8321520000,54,19747.0897920000,10.5000000000,5.0000000000,567.0000000000,270.0000000000,0.4761904762,376.2600000000,360.7600000000,TAKE_PROFIT_BRACKET,189,270.0000000000,7.8464160000,0.3780000000,8.2244160000,261.7755840000,67.5000000000,1.9616040000,0.0945000000,2.0561040000,65.4438960000
AVGO,AVGO,QQQ,2025-09-11 13:45:00-04:00,2025-09-11 13:46:00-04:00,2025-09-11 15:59:00-04:00,LONG,-3.3669292226,360.7300000000,364.9610775318,584.2550000000,583.6146581731,365.0411645687,360.8000000000,360.8721600000,359.6200000000,359.5480760000,55,19847.9688000000,10.5000000000,5.0000000000,577.5000000000,275.0000000000,0.4761904762,350.3000000000,365.8000000000,FORCED_EOD,133,-64.9000000000,7.9246200000,0.3850000000,8.3096200000,-73.2096200000,-16.2250000000,1.9811550000,0.0962500000,2.0774050000,-18.3024050000
AVGO,AVGO,QQQ,2025-09-12 12:22:00-04:00,2025-09-12 12:23:00-04:00,2025-09-12 15:59:00-04:00,SHORT,2.9775856110,361.9750000000,360.2221937056,586.5400000000,585.6506168306,360.3316021300,361.9750000000,361.9026050000,359.8400000000,359.9119680000,55,19904.6432750000,10.5000000000,5.0000000000,577.5000000000,275.0000000000,0.4761904762,372.4750000000,356.9750000000,FORCED_EOD,216,117.4250000000,7.9399650000,0.3850000000,8.3249650000,109.1000350000,29.3562500000,1.9849912500,0.0962500000,2.0812412500,27.2750087500
AVGO,AVGO,QQQ,2025-09-15 12:02:00-04:00,2025-09-15 12:03:00-04:00,2025-09-15 14:06:00-04:00,LONG,-2.8353056630,359.0850000000,360.3773697461,590.6500000000,589.9959894683,360.4572654063,359.0202000000,359.0920040400,364.0202000000,363.9473959600,55,19750.0602222000,10.5000000000,5.0000000000,577.5000000000,275.0000000000,0.4761904762,348.5202000000,364.0202000000,TAKE_PROFIT_BRACKET,123,275.0000000000,7.9534444000,0.3850000000,8.3384444000,266.6615556000,68.7500000000,1.9883611000,0.0962500000,2.0846111000,66.6653889000
AVGO,AVGO,QQQ,2025-09-15 14:06:00-04:00,2025-09-15 14:07:00-04:00,2025-09-15 15:59:00-04:00,SHORT,2.6993556738,364.3048000000,360.6526997734,591.1200000000,590.2228209881,360.7623431221,364.3050000000,364.2321390000,364.3100000000,364.3828620000,54,19668.5355060000,10.5000000000,5.0000000000,567.0000000000,270.0000000000,0.4761904762,374.8050000000,359.3050000000,FORCED_EOD,112,-0.2700000000,7.8690420000,0.3780000000,8.2470420000,-8.5170420000,-0.0675000000,1.9672605000,0.0945000000,2.0617605000,-2.1292605000
AVGO,AVGO,QQQ,2025-09-16 11:11:00-04:00,2025-09-16 11:12:00-04:00,2025-09-16 15:59:00-04:00,LONG,-2.7420335319,358.1100000000,361.6543541730,591.0900000000,591.6465052297,361.5863194470,358.1200000000,358.1916240000,359.9100000000,359.8380180000,55,19700.5393200000,10.5000000000,5.0000000000,577.5000000000,275.0000000000,0.4761904762,347.6200000000,363.1200000000,FORCED_EOD,287,98.4500000000,7.8983300000,0.3850000000,8.2833300000,90.1666700000,24.6125000000,1.9745825000,0.0962500000,2.0708325000,22.5416675000
AVGO,AVGO,QQQ,2025-09-17 12:38:00-04:00,2025-09-17 12:39:00-04:00,2025-09-17 15:07:00-04:00,LONG,-2.8303044341,344.2200000000,349.7363306818,587.9030000000,589.4160369721,349.5567753370,344.1700000000,344.2388340000,349.1700000000,349.1001660000,58,19965.8523720000,10.5000000000,5.0000000000,609.0000000000,290.0000000000,0.4761904762,333.6700000000,349.1700000000,TAKE_PROFIT_BRACKET,148,290.0000000000,8.0427440000,0.4060000000,8.4487440000,281.5512560000,72.5000000000,2.0106860000,0.1015000000,2.1121860000,70.3878140000
AVGO,AVGO,QQQ,2025-09-17 15:07:00-04:00,2025-09-17 15:08:00-04:00,2025-09-17 15:59:00-04:00,SHORT,2.5093915036,349.0800000000,348.0549453965,590.1900000000,588.4081685114,348.2657430348,349.0425000000,348.9726915000,345.8900000000,345.9591780000,57,19891.4434155000,10.5000000000,5.0000000000,598.5000000000,285.0000000000,0.4761904762,359.5425000000,344.0425000000,FORCED_EOD,51,179.6925000000,7.9222305000,0.3990000000,8.3212305000,171.3712695000,44.9231250000,1.9805576250,0.0997500000,2.0803076250,42.8428173750
AVGO,AVGO,QQQ,2025-09-18 10:37:00-04:00,2025-09-18 10:38:00-04:00,2025-09-18 15:59:00-04:00,LONG,-2.6640304587,344.9450000000,347.4084173865,597.1200000000,595.4916581384,350.2986653398,344.9400000000,345.0089880000,345.1600000000,345.0909680000,57,19665.5123160000,10.5000000000,5.0000000000,598.5000000000,285.0000000000,0.4761904762,334.4400000000,349.9400000000,FORCED_EOD,321,12.5400000000,7.8671400000,0.3990000000,8.2661400000,4.2738600000,3.1350000000,1.9667850000,0.0997500000,2.0665350000,1.0684650000
AVGO,AVGO,QQQ,2025-09-19 11:09:00-04:00,2025-09-19 11:10:00-04:00,2025-09-19 15:59:00-04:00,SHORT,2.5454083919,342.4500000000,341.1713022254,596.6500000000,597.3918816901,339.8708165746,342.4900000000,342.4215020000,344.8100000000,344.8789620000,58,19860.4471160000,10.5000000000,5.0000000000,609.0000000000,290.0000000000,0.4761904762,352.9900000000,337.4900000000,FORCED_EOD,289,-134.5600000000,7.9726800000,0.4060000000,8.3786800000,-142.9386800000,-33.6400000000,1.9931700000,0.1015000000,2.0946700000,-35.7346700000
AVGO,AVGO,QQQ,2025-09-22 11:59:00-04:00,2025-09-22 12:00:00-04:00,2025-09-22 12:14:00-04:00,SHORT,2.5731609412,344.4600000000,343.4180966577,600.1300000000,599.5859676704,344.3589061469,344.4500000000,344.3811100000,339.4500000000,339.5178900000,58,19974.1043800000,10.5000000000,5.0000000000,609.0000000000,290.0000000000,0.4761904762,354.9500000000,339.4500000000,TAKE_PROFIT_BRACKET,14,290.0000000000,7.9332400000,0.4060000000,8.3392400000,281.6607600000,72.5000000000,1.9833100000,0.1015000000,2.0848100000,70.4151900000
AVGO,AVGO,QQQ,2025-09-22 12:14:00-04:00,2025-09-22 12:15:00-04:00,2025-09-22 15:59:00-04:00,LONG,-4.1985204441,340.7800000000,343.4126475586,601.1499000000,599.6758147620,345.9613997533,340.8800000000,340.9481760000,338.7400000000,338.6722520000,58,19774.9942080000,10.5000000000,5.0000000000,609.0000000000,290.0000000000,0.4761904762,330.3800000000,345.8800000000,FORCED_EOD,224,-124.1200000000,7.8835920000,0.4060000000,8.2895920000,-132.4095920000,-31.0300000000,1.9708980000,0.1015000000,2.0723980000,-33.1023980000
AVGO,AVGO,QQQ,2025-09-23 12:38:00-04:00,2025-09-23 12:39:00-04:00,2025-09-23 15:59:00-04:00,LONG,-2.5074942896,342.4550000000,342.6222548213,600.8720000000,601.1803792086,342.1854092490,342.3378000000,342.4062675600,338.9600000000,338.8922080000,58,19859.5635184800,10.5000000000,5.0000000000,609.0000000000,290.0000000000,0.4761904762,331.8378000000,347.3378000000,FORCED_EOD,200,-195.9124000000,7.9030544800,0.4060000000,8.3090544800,-204.2214544800,-48.9781000000,1.9757636200,0.1015000000,2.0772636200,-51.0553636200
AVGO,AVGO,QQQ,2025-09-24 11:22:00-04:00,2025-09-24 11:23:00-04:00,2025-09-24 15:59:00-04:00,SHORT,3.0691911116,339.2700000000,336.5410601374,597.6200000000,598.0002931267,336.4094991964,339.2700000000,339.2021460000,339.2900000000,339.3578580000,58,19673.7244680000,10.5000000000,5.0000000000,609.0000000000,290.0000000000,0.4761904762,349.7700000000,334.2700000000,FORCED_EOD,276,-1.1600000000,7.8712960000,0.4060000000,8.2772960000,-9.4372960000,-0.2900000000,1.9678240000,0.1015000000,2.0693240000,-2.3593240000
AVGO,AVGO,QQQ,2025-09-25 11:40:00-04:00,2025-09-25 11:41:00-04:00,2025-09-25 15:59:00-04:00,SHORT,3.5859635731,336.5100000000,331.5149944964,594.6400000000,591.7387602424,331.8400718944,336.4670000000,336.3997066000,336.1100000000,336.1772220000,59,19847.5826894000,10.5000000000,5.0000000000,619.5000000000,295.0000000000,0.4761904762,346.9670000000,331.4670000000,FORCED_EOD,258,21.0630000000,7.9364086000,0.4130000000,8.3494086000,12.7135914000,5.2657500000,1.9841021500,0.1032500000,2.0873521500,3.1783978500
AVGO,AVGO,QQQ,2025-09-26 10:33:00-04:00,2025-09-26 10:34:00-04:00,2025-09-26 15:59:00-04:00,LONG,-2.5518730389,331.0600000000,335.4405549015,591.7425000000,593.9571615055,335.1904064623,331.0100000000,331.0762020000,334.3000000000,334.2331400000,60,19864.5721200000,10.5000000000,5.0000000000,630.0000000000,300.0000000000,0.4761904762,320.5100000000,336.0100000000,FORCED_EOD,325,197.4000000000,7.9837200000,0.4200000000,8.4037200000,188.9962800000,49.3500000000,1.9959300000,0.1050000000,2.1009300000,47.2490700000
AVGO,AVGO,QQQ,2025-09-29 13:07:00-04:00,2025-09-29 13:08:00-04:00,2025-09-29 15:59:00-04:00,LONG,-2.6638250926,331.1025000000,335.8343172766,598.5700000000,600.1504979856,335.6574331571,331.1100000000,331.1762220000,327.8300000000,327.7644340000,60,19870.5733200000,10.5000000000,5.0000000000,630.0000000000,300.0000000000,0.4761904762,320.6100000000,336.1100000000,FORCED_EOD,171,-196.8000000000,7.9072800000,0.4200000000,8.3272800000,-205.1272800000,-49.2000000000,1.9768200000,0.1050000000,2.0818200000,-51.2818200000
AVGO,AVGO,QQQ,2025-09-30 10:48:00-04:00,2025-09-30 10:49:00-04:00,2025-09-30 15:59:00-04:00,SHORT,2.7693854062,326.6600000000,327.1072448447,598.6900000000,597.4441159235,327.2436719002,326.7400000000,326.6746520000,329.7400000000,329.8059480000,61,19927.1537720000,10.5000000000,5.0000000000,640.5000000000,305.0000000000,0.4761904762,337.2400000000,321.7400000000,FORCED_EOD,310,-183.0000000000,8.0090560000,0.4270000000,8.4360560000,-191.4360560000,-45.7500000000,2.0022640000,0.1067500000,2.1090140000,-47.8590140000
AVGO,AVGO,QQQ,2025-10-01 10:56:00-04:00,2025-10-01 10:57:00-04:00,2025-10-01 15:59:00-04:00,SHORT,2.5696380203,330.9600000000,327.8409139225,600.4200000000,598.6281527373,328.0371762738,330.9600000000,330.8938080000,333.3000000000,333.3666600000,60,19853.6284800000,10.5000000000,5.0000000000,630.0000000000,300.0000000000,0.4761904762,341.4600000000,325.9600000000,FORCED_EOD,302,-140.4000000000,7.9711200000,0.4200000000,8.3911200000,-148.7911200000,-35.1000000000,1.9927800000,0.1050000000,2.0977800000,-37.1977800000
AVGO,AVGO,QQQ,2025-10-02 12:26:00-04:00,2025-10-02 12:27:00-04:00,2025-10-02 15:59:00-04:00,SHORT,2.6726338461,341.6900000000,340.1372640279,604.7350000000,604.5518010915,340.2078088897,341.6300000000,341.5616740000,338.2000000000,338.2676400000,58,19810.5770920000,10.5000000000,5.0000000000,609.0000000000,290.0000000000,0.4761904762,352.1300000000,336.6300000000,FORCED_EOD,212,198.9400000000,7.8860280000,0.4060000000,8.2920280000,190.6479720000,49.7350000000,1.9715070000,0.1015000000,2.0730070000,47.6619930000
AVGO,AVGO,QQQ,2025-10-03 11:13:00-04:00,2025-10-03 11:14:00-04:00,2025-10-03 13:50:00-04:00,SHORT,2.9021271465,341.7650000000,341.5500215052,606.2100000000,605.9916333906,341.5746367361,341.8100000000,341.7416380000,336.8100000000,336.8773620000,58,19821.0150040000,10.5000000000,5.0000000000,609.0000000000,290.0000000000,0.4761904762,352.3100000000,336.8100000000,TAKE_PROFIT_BRACKET,156,290.0000000000,7.8719920000,0.4060000000,8.2779920000,281.7220080000,72.5000000000,1.9679980000,0.1015000000,2.0694980000,70.4305020000
AVGO,AVGO,QQQ,2025-10-03 13:51:00-04:00,2025-10-03 13:52:00-04:00,2025-10-03 15:59:00-04:00,LONG,-2.6943342801,336.4800000000,340.6505693255,602.1900000000,605.6085979735,340.2659818709,336.4800000000,336.5472960000,338.3700000000,338.3023260000,59,19856.2904640000,10.5000000000,5.0000000000,619.5000000000,295.0000000000,0.4761904762,325.9800000000,341.4800000000,FORCED_EOD,127,111.5100000000,7.9632300000,0.4130000000,8.3762300000,103.1337700000,27.8775000000,1.9908075000,0.1032500000,2.0940575000,25.7834425000
AVGO,AVGO,QQQ,2025-10-06 13:01:00-04:00,2025-10-06 13:02:00-04:00,2025-10-06 15:59:00-04:00,SHORT,2.5191085498,338.8844000000,339.0577152829,608.0600000000,607.3528231635,339.1366722757,338.7635000000,338.6957473000,335.4800000000,335.5470960000,59,19983.0490907000,10.5000000000,5.0000000000,619.5000000000,295.0000000000,0.4761904762,349.2635000000,333.7635000000,FORCED_EOD,177,193.7265000000,7.9560733000,0.4130000000,8.3690733000,185.3574267000,48.4316250000,1.9890183250,0.1032500000,2.0922683250,46.3393566750
AVGO,AVGO,QQQ,2025-10-07 10:05:00-04:00,2025-10-07 10:06:00-04:00,2025-10-07 11:06:00-04:00,SHORT,2.8643322592,336.6000000000,334.7578314211,608.9107000000,609.1166059293,334.7351990969,336.6000000000,336.5326800000,331.6000000000,331.6663200000,59,19855.4281200000,10.5000000000,5.0000000000,619.5000000000,295.0000000000,0.4761904762,347.1000000000,331.6000000000,TAKE_PROFIT_BRACKET,60,295.0000000000,7.8847600000,0.4130000000,8.2977600000,286.7022400000,73.7500000000,1.9711900000,0.1032500000,2.0744400000,71.6755600000
AVGO,AVGO,QQQ,2025-10-07 11:06:00-04:00,2025-10-07 11:07:00-04:00,2025-10-07 15:47:00-04:00,LONG,-3.3332664678,331.7500000000,335.3474615145,605.5600000000,608.5393415564,335.0190966711,331.6000000000,331.6663200000,336.6000000000,336.5326800000,60,19899.9792000000,10.5000000000,5.0000000000,630.0000000000,300.0000000000,0.4761904762,321.1000000000,336.6000000000,TAKE_PROFIT_BRACKET,280,300.0000000000,8.0184000000,0.4200000000,8.4384000000,291.5616000000,75.0000000000,2.0046000000,0.1050000000,2.1096000000,72.8904000000
AVGO,AVGO,QQQ,2025-10-08 10:21:00-04:00,2025-10-08 10:22:00-04:00,2025-10-08 15:55:00-04:00,LONG,-2.9326914553,340.1700000000,341.2142399088,608.2300000000,607.3808044900,341.3096520780,340.1875000000,340.2555375000,345.1875000000,345.1184625000,58,19734.8211750000,10.5000000000,5.0000000000,609.0000000000,290.0000000000,0.4761904762,329.6875000000,345.1875000000,TAKE_PROFIT_BRACKET,333,290.0000000000,7.9503500000,0.4060000000,8.3563500000,281.6436500000,72.5000000000,1.9875875000,0.1015000000,2.0890875000,70.4109125000
AVGO,AVGO,QQQ,2025-10-08 15:55:00-04:00,2025-10-08 15:56:00-04:00,2025-10-08 15:59:00-04:00,SHORT,3.9289839897,345.8000000000,341.5140338897,611.5100000000,609.1335555966,341.7805071802,345.8000000000,345.7308400000,345.4900000000,345.5590980000,57,19706.6578800000,10.5000000000,5.0000000000,598.5000000000,285.0000000000,0.4761904762,356.3000000000,340.8000000000,FORCED_EOD,3,17.6700000000,7.8807060000,0.3990000000,8.2797060000,9.3902940000,4.4175000000,1.9701765000,0.0997500000,2.0699265000,2.3475735000
AVGO,AVGO,QQQ,2025-10-09 11:19:00-04:00,2025-10-09 11:20:00-04:00,2025-10-09 15:59:00-04:00,LONG,-3.1609604653,344.7300000000,344.6818223853,609.7801000000,609.9840157396,344.5800867948,344.7550000000,344.8239510000,345.0200000000,344.9509960000,58,19999.7891580000,10.5000000000,5.0000000000,609.0000000000,290.0000000000,0.4761904762,334.2550000000,349.7550000000,FORCED_EOD,279,15.3700000000,8.0013900000,0.4060000000,8.4073900000,6.9626100000,3.8425000000,2.0003475000,0.1015000000,2.1018475000,1.7406525000
AVGO,AVGO,QQQ,2025-10-10 11:02:00-04:00,2025-10-10 11:03:00-04:00,2025-10-10 14:53:00-04:00,LONG,-3.1142005718,339.7600000000,346.4359113981,604.3400000000,610.6912694492,343.2520860797,339.5000000000,339.5679000000,329.0000000000,328.9342000000,58,19694.9382000000,10.5000000000,5.0000000000,609.0000000000,290.0000000000,0.4761904762,329.0000000000,344.5000000000,STOP,230,-609.0000000000,7.7546000000,0.4060000000,8.1606000000,-617.1606000000,-152.2500000000,1.9386500000,0.1015000000,2.0401500000,-154.2901500000
AVGO,AVGO,QQQ,2025-10-10 15:29:00-04:00,2025-10-10 15:30:00-04:00,2025-10-10 15:59:00-04:00,LONG,-2.5470889168,326.3245000000,338.1832967182,592.6065000000,601.0128651329,334.0034136197,326.3550000000,326.4202710000,324.4700000000,324.4051060000,61,19911.6365310000,10.5000000000,5.0000000000,640.5000000000,305.0000000000,0.4761904762,315.8550000000,331.3550000000,FORCED_EOD,29,-114.9850000000,7.9400650000,0.4270000000,8.3670650000,-123.3520650000,-28.7462500000,1.9850162500,0.1067500000,2.0917662500,-30.8380162500
AVGO,AVGO,QQQ,2025-10-13 11:31:00-04:00,2025-10-13 11:32:00-04:00,2025-10-13 15:59:00-04:00,LONG,-2.5653643661,354.2601000000,353.4454436636,601.2600000000,599.6523259616,354.9624815402,354.4450000000,354.5158890000,356.6800000000,356.6086640000,56,19852.8897840000,10.5000000000,5.0000000000,588.0000000000,280.0000000000,0.4761904762,343.9450000000,359.4450000000,FORCED_EOD,267,125.1600000000,7.9646000000,0.3920000000,8.3566000000,116.8034000000,31.2900000000,1.9911500000,0.0980000000,2.0891500000,29.2008500000
AVGO,AVGO,QQQ,2025-10-14 12:08:00-04:00,2025-10-14 12:09:00-04:00,2025-10-14 15:59:00-04:00,SHORT,2.7112428939,346.1550000000,344.3823094856,598.3100000000,595.4854986785,348.5324268783,346.1550000000,346.0857690000,344.1300000000,344.1988260000,57,19726.8888330000,10.5000000000,5.0000000000,598.5000000000,285.0000000000,0.4761904762,356.6550000000,341.1550000000,FORCED_EOD,230,115.4250000000,7.8692490000,0.3990000000,8.2682490000,107.1567510000,28.8562500000,1.9673122500,0.0997500000,2.0670622500,26.7891877500
AVGO,AVGO,QQQ,2025-10-15 11:50:00-04:00,2025-10-15 11:51:00-04:00,2025-10-15 13:15:00-04:00,SHORT,2.7724919206,352.6400000000,355.0220980714,601.2400000000,604.6436571522,349.7642642711,352.6250000000,352.5544750000,347.6250000000,347.6945250000,56,19743.0506000000,10.5000000000,5.0000000000,588.0000000000,280.0000000000,0.4761904762,363.1250000000,347.6250000000,TAKE_PROFIT_BRACKET,84,280.0000000000,7.8428000000,0.3920000000,8.2348000000,271.7652000000,70.0000000000,1.9607000000,0.0980000000,2.0587000000,67.9413000000
AVGO,AVGO,QQQ,2025-10-15 13:15:00-04:00,2025-10-15 13:16:00-04:00,2025-10-15 15:59:00-04:00,SHORT,3.2129668354,347.8700000000,354.3489333564,595.9900000000,603.4363666044,342.8449240169,347.8550000000,347.7854290000,351.3900000000,351.4602780000,57,19823.7694530000,10.5000000000,5.0000000000,598.5000000000,285.0000000000,0.4761904762,358.3550000000,342.8550000000,FORCED_EOD,163,-201.4950000000,7.9713930000,0.3990000000,8.3703930000,-209.8653930000,-50.3737500000,1.9928482500,0.0997500000,2.0925982500,-52.4663482500
AVGO,AVGO,QQQ,2025-10-16 11:12:00-04:00,2025-10-16 11:13:00-04:00,2025-10-16 15:59:00-04:00,LONG,-2.6184432886,359.8700000000,358.9952662115,607.0100000000,606.1792413762,360.3271811063,359.8100000000,359.8819620000,354.1390000000,354.0681722000,55,19793.5079100000,10.5000000000,5.0000000000,577.5000000000,275.0000000000,0.4761904762,349.3100000000,364.8100000000,FORCED_EOD,286,-311.9050000000,7.8534390000,0.3850000000,8.2384390000,-320.1434390000,-77.9762500000,1.9633597500,0.0962500000,2.0596097500,-80.0358597500
AVGO,AVGO,QQQ,2025-10-17 10:12:00-04:00,2025-10-17 10:13:00-04:00,2025-10-17 15:59:00-04:00,LONG,-2.7906759137,347.6500000000,347.9455722831,601.4100000000,599.0997317917,351.5948522873,347.8800000000,347.9495760000,349.4200000000,349.3501160000,57,19833.1258320000,10.5000000000,5.0000000000,598.5000000000,285.0000000000,0.4761904762,337.3800000000,352.8800000000,FORCED_EOD,346,87.7800000000,7.9492200000,0.3990000000,8.3482200000,79.4317800000,21.9450000000,1.9873050000,0.0997500000,2.0870550000,19.8579450000
AVGO,AVGO,QQQ,2025-10-20 10:26:00-04:00,2025-10-20 10:27:00-04:00,2025-10-20 15:59:00-04:00,LONG,-2.5606109680,353.1250000000,354.3362268244,610.7300000000,609.4720391495,357.2616512745,353.1700000000,353.2406340000,349.1600000000,349.0901680000,56,19781.4755040000,10.5000000000,5.0000000000,588.0000000000,280.0000000000,0.4761904762,342.6700000000,358.1700000000,FORCED_EOD,332,-224.5600000000,7.8660960000,0.3920000000,8.2580960000,-232.8180960000,-56.1400000000,1.9665240000,0.0980000000,2.0645240000,-58.2045240000
AVGO,AVGO,QQQ,2025-10-21 10:28:00-04:00,2025-10-21 10:29:00-04:00,2025-10-21 15:59:00-04:00,LONG,-2.5248625586,341.4900000000,345.0395233445,609.4450000000,610.4567189364,344.3353620684,341.5000000000,341.5683000000,342.7300000000,342.6614540000,58,19810.9614000000,10.5000000000,5.0000000000,609.0000000000,290.0000000000,0.4761904762,331.0000000000,346.5000000000,FORCED_EOD,330,71.3400000000,7.9370680000,0.4060000000,8.3430680000,62.9969320000,17.8350000000,1.9842670000,0.1015000000,2.0857670000,15.7492330000
AVGO,AVGO,QQQ,2025-10-22 15:00:00-04:00,2025-10-22 15:01:00-04:00,2025-10-22 15:59:00-04:00,SHORT,2.6024198277,338.7100000000,340.0933535413,603.5600000000,605.6527398458,339.8072091489,338.7350000000,338.6672530000,340.5300000000,340.5981060000,59,19981.3679270000,10.5000000000,5.0000000000,619.5000000000,295.0000000000,0.4761904762,349.2350000000,333.7350000000,FORCED_EOD,58,-105.9050000000,8.0153270000,0.4130000000,8.4283270000,-114.3333270000,-26.4762500000,2.0038317500,0.1032500000,2.1070817500,-28.5833317500
AVGO,AVGO,QQQ,2025-10-23 11:20:00-04:00,2025-10-23 11:21:00-04:00,2025-10-23 15:59:00-04:00,LONG,-3.3504799829,344.6625000000,344.5300734381,608.0700000000,607.6641742650,344.5760920043,344.6650000000,344.7339330000,344.3500000000,344.2811300000,58,19994.5681140000,10.5000000000,5.0000000000,609.0000000000,290.0000000000,0.4761904762,334.1650000000,349.6650000000,FORCED_EOD,278,-18.2700000000,7.9925740000,0.4060000000,8.3985740000,-26.6685740000,-4.5675000000,1.9981435000,0.1015000000,2.0996435000,-6.6671435000
AVGO,AVGO,QQQ,2025-10-24 10:52:00-04:00,2025-10-24 10:53:00-04:00,2025-10-24 11:24:00-04:00,LONG,-2.5569589578,351.7800000000,353.1311286015,616.3200000000,616.8874741563,352.9582930100,351.7000000000,351.7703400000,356.7000000000,356.6286600000,56,19699.1390400000,10.5000000000,5.0000000000,588.0000000000,280.0000000000,0.4761904762,341.2000000000,356.7000000000,TAKE_PROFIT_BRACKET,31,280.0000000000,7.9340800000,0.3920000000,8.3260800000,271.6739200000,70.0000000000,1.9835200000,0.0980000000,2.0815200000,67.9184800000
AVGO,AVGO,QQQ,2025-10-24 11:25:00-04:00,2025-10-24 11:26:00-04:00,2025-10-24 15:59:00-04:00,SHORT,2.5483825531,356.8300000000,353.4875178004,617.6701000000,616.7914431768,353.7554420794,356.8900000000,356.8186220000,354.1100000000,354.1808220000,56,19981.8428320000,10.5000000000,5.0000000000,588.0000000000,280.0000000000,0.4761904762,367.3900000000,351.8900000000,FORCED_EOD,273,155.6800000000,7.9632000000,0.3920000000,8.3552000000,147.3248000000,38.9200000000,1.9908000000,0.0980000000,2.0888000000,36.8312000000
AVGO,AVGO,QQQ,2025-10-27 12:48:00-04:00,2025-10-27 12:49:00-04:00,2025-10-27 15:59:00-04:00,LONG,-2.7902405352,358.4150000000,358.7362253568,626.6750000000,625.7765470118,359.3148002341,358.4200000000,358.4916840000,361.9600000000,361.8876080000,55,19717.0426200000,10.5000000000,5.0000000000,577.5000000000,275.0000000000,0.4761904762,347.9200000000,363.4200000000,FORCED_EOD,190,194.7000000000,7.9241800000,0.3850000000,8.3091800000,186.3908200000,48.6750000000,1.9810450000,0.0962500000,2.0772950000,46.5977050000
AVGO,AVGO,QQQ,2025-10-28 11:41:00-04:00,2025-10-28 11:42:00-04:00,2025-10-28 15:59:00-04:00,SHORT,3.0533462248,365.2300000000,364.8530178395,629.9900000000,630.3550046111,364.5483182918,365.2150000000,365.1419570000,373.0000000000,373.0746000000,54,19717.6656780000,10.5000000000,5.0000000000,567.0000000000,270.0000000000,0.4761904762,375.7150000000,360.2150000000,FORCED_EOD,257,-420.3900000000,7.9727220000,0.3780000000,8.3507220000,-428.7407220000,-105.0975000000,1.9931805000,0.0945000000,2.0876805000,-107.1851805000
AVGO,AVGO,QQQ,2025-10-29 10:15:00-04:00,2025-10-29 10:16:00-04:00,2025-10-29 13:30:00-04:00,SHORT,2.5442610984,381.3760000000,377.6194757419,636.1300000000,636.0181068696,377.6972665460,381.2801000000,381.2038439800,376.2801000000,376.3553560200,52,19822.5998869600,10.5000000000,5.0000000000,546.0000000000,260.0000000000,0.4761904762,391.7801000000,376.2801000000,TAKE_PROFIT_BRACKET,194,260.0000000000,7.8786260800,0.3640000000,8.2426260800,251.7573739200,65.0000000000,1.9696565200,0.0910000000,2.0606565200,62.9393434800
AVGO,AVGO,QQQ,2025-10-29 13:30:00-04:00,2025-10-29 13:31:00-04:00,2025-10-29 15:14:00-04:00,LONG,-2.6031648384,376.2650000000,379.4506670029,634.6200000000,635.5518047923,378.7992347823,376.3100000000,376.3852620000,381.3100000000,381.2337380000,53,19948.4188860000,10.5000000000,5.0000000000,556.5000000000,265.0000000000,0.4761904762,365.8100000000,381.3100000000,TAKE_PROFIT_BRACKET,103,265.0000000000,8.0307720000,0.3710000000,8.4017720000,256.5982280000,66.2500000000,2.0076930000,0.0927500000,2.1004430000,64.1495570000
AVGO,AVGO,QQQ,2025-10-30 11:37:00-04:00,2025-10-30 11:38:00-04:00,2025-10-30 12:46:00-04:00,LONG,-2.6388946564,371.1700000000,376.3788479575,629.3799000000,630.4120520395,376.2556015208,371.3200000000,371.3942640000,376.3200000000,376.2447360000,53,19683.8959920000,10.5000000000,5.0000000000,556.5000000000,265.0000000000,0.4761904762,360.8200000000,376.3200000000,TAKE_PROFIT_BRACKET,68,265.0000000000,7.9249840000,0.3710000000,8.2959840000,256.7040160000,66.2500000000,1.9812460000,0.0927500000,2.0739960000,64.1760040000
AVGO,AVGO,QQQ,2025-10-30 13:43:00-04:00,2025-10-30 13:44:00-04:00,2025-10-30 15:59:00-04:00,SHORT,2.9308044584,378.4000000000,375.8378688888,630.1950000000,630.3053147002,375.8247132193,378.4529000000,378.3772094200,376.4500000000,376.5252900000,52,19675.6148898400,10.5000000000,5.0000000000,546.0000000000,260.0000000000,0.4761904762,388.9529000000,373.4529000000,FORCED_EOD,135,104.1508000000,7.8509901600,0.3640000000,8.2149901600,95.9358098400,26.0377000000,1.9627475400,0.0910000000,2.0537475400,23.9839524600
AVGO,AVGO,QQQ,2025-10-31 11:48:00-04:00,2025-10-31 11:49:00-04:00,2025-10-31 15:59:00-04:00,LONG,-2.5365626811,371.1050000000,374.5834078353,631.2200000000,632.4130481956,373.4289479505,371.0300000000,371.1042060000,369.5200000000,369.4460960000,53,19668.5229180000,10.5000000000,5.0000000000,556.5000000000,265.0000000000,0.4761904762,360.5300000000,376.0300000000,FORCED_EOD,250,-80.0300000000,7.8498300000,0.3710000000,8.2208300000,-88.2508300000,-20.0075000000,1.9624575000,0.0927500000,2.0552075000,-22.0627075000
AVGO,AVGO,QQQ,2025-11-03 10:24:00-05:00,2025-11-03 10:25:00-05:00,2025-11-03 15:59:00-05:00,SHORT,2.8742945504,366.4500000000,367.2610585618,631.5900000000,633.3785812745,365.6520134164,366.4550000000,366.3817090000,362.5500000000,362.6225100000,54,19784.6122860000,10.5000000000,5.0000000000,567.0000000000,270.0000000000,0.4761904762,376.9550000000,361.4550000000,FORCED_EOD,334,210.8700000000,7.8732540000,0.3780000000,8.2512540000,202.6187460000,52.7175000000,1.9683135000,0.0945000000,2.0628135000,50.6546865000
AVGO,AVGO,QQQ,2025-11-04 10:24:00-05:00,2025-11-04 10:25:00-05:00,2025-11-04 10:56:00-05:00,SHORT,2.5514032894,368.5541000000,362.8764264004,626.4197000000,624.3044036633,364.9312367392,368.5300000000,368.4562940000,363.5300000000,363.6027060000,54,19896.6398760000,10.5000000000,5.0000000000,567.0000000000,270.0000000000,0.4761904762,379.0300000000,363.5300000000,TAKE_PROFIT_BRACKET,31,270.0000000000,7.9062480000,0.3780000000,8.2842480000,261.7157520000,67.5000000000,1.9765620000,0.0945000000,2.0710620000,65.4289380000
AVGO,AVGO,QQQ,2025-11-04 12:42:00-05:00,2025-11-04 12:43:00-05:00,2025-11-04 14:51:00-05:00,SHORT,2.5006303976,358.4100000000,362.4412245299,621.6001000000,624.0669641310,360.0468626293,358.4050000000,358.3333190000,353.4050000000,353.4756810000,55,19708.3325450000,10.5000000000,5.0000000000,577.5000000000,275.0000000000,0.4761904762,368.9050000000,353.4050000000,TAKE_PROFIT_BRACKET,128,275.0000000000,7.8299100000,0.3850000000,8.2149100000,266.7850900000,68.7500000000,1.9574775000,0.0962500000,2.0537275000,66.6962725000
AVGO,AVGO,QQQ,2025-11-05 11:50:00-05:00,2025-11-05 11:51:00-05:00,2025-11-05 15:59:00-05:00,LONG,-2.5272437089,363.1450000000,360.6916539327,624.2452000000,621.3186245249,362.5937110017,363.1450000000,363.2176290000,358.8300000000,358.7582340000,55,19976.9695950000,10.5000000000,5.0000000000,577.5000000000,275.0000000000,0.4761904762,352.6450000000,368.1450000000,FORCED_EOD,248,-237.3250000000,7.9417250000,0.3850000000,8.3267250000,-245.6517250000,-59.3312500000,1.9854312500,0.0962500000,2.0816812500,-61.4129312500
AVGO,AVGO,QQQ,2025-11-06 12:43:00-05:00,2025-11-06 12:44:00-05:00,2025-11-06 15:59:00-05:00,SHORT,2.5657954118,357.8200000000,357.5158344289,612.7500000000,615.0682628932,356.2705242147,357.7300000000,357.6584540000,355.7600000000,355.8311520000,55,19671.2149700000,10.5000000000,5.0000000000,577.5000000000,275.0000000000,0.4761904762,368.2300000000,352.7300000000,FORCED_EOD,195,108.3500000000,7.8483900000,0.3850000000,8.2333900000,100.1166100000,27.0875000000,1.9620975000,0.0962500000,2.0583475000,25.0291525000
AVGO,AVGO,QQQ,2025-11-07 12:16:00-05:00,2025-11-07 12:17:00-05:00,2025-11-07 15:59:00-05:00,SHORT,2.7460676699,340.3700000000,344.6339284032,600.7150000000,603.2346700082,343.8271128955,340.3700000000,340.3019260000,349.4500000000,349.5198900000,58,19737.5117080000,10.5000000000,5.0000000000,609.0000000000,290.0000000000,0.4761904762,350.8700000000,335.3700000000,FORCED_EOD,222,-526.6400000000,8.0019120000,0.4060000000,8.4079120000,-535.0479120000,-131.6600000000,2.0004780000,0.1015000000,2.1019780000,-133.7619780000
AVGO,AVGO,QQQ,2025-11-10 10:20:00-05:00,2025-11-10 10:21:00-05:00,2025-11-10 15:59:00-05:00,SHORT,3.1954105738,358.6700000000,357.2489674439,621.4150000000,620.6790920429,357.5658336671,358.6700000000,358.5982660000,358.2600000000,358.3316520000,55,19722.9046300000,10.5000000000,5.0000000000,577.5000000000,275.0000000000,0.4761904762,369.1700000000,353.6700000000,FORCED_EOD,338,22.5500000000,7.8862300000,0.3850000000,8.2712300000,14.2787700000,5.6375000000,1.9715575000,0.0962500000,2.0678075000,3.5696925000
AVGO,AVGO,QQQ,2025-11-11 11:21:00-05:00,2025-11-11 11:22:00-05:00,2025-11-11 15:59:00-05:00,SHORT,2.6625582829,354.5550000000,354.6907516582,619.6600000000,619.7081524888,354.6594039410,354.5525000000,354.4815895000,352.0600000000,352.1304120000,56,19850.9690120000,10.5000000000,5.0000000000,588.0000000000,280.0000000000,0.4761904762,365.0525000000,349.5525000000,FORCED_EOD,277,139.5800000000,7.9140600000,0.3920000000,8.3060600000,131.2739400000,34.8950000000,1.9785150000,0.0980000000,2.0765150000,32.8184850000
AVGO,AVGO,QQQ,2025-11-12 12:17:00-05:00,2025-11-12 12:18:00-05:00,2025-11-12 15:59:00-05:00,LONG,-3.0357350519,353.7800000000,355.3192805382,618.7900000000,620.3040900783,354.4031860072,353.8800000000,353.9507760000,355.3700000000,355.2989260000,56,19821.2434560000,10.5000000000,5.0000000000,588.0000000000,280.0000000000,0.4761904762,343.3800000000,358.8800000000,FORCED_EOD,221,83.4400000000,7.9436000000,0.3920000000,8.3356000000,75.1044000000,20.8600000000,1.9859000000,0.0980000000,2.0839000000,18.7761000000
AVGO,AVGO,QQQ,2025-11-13 12:02:00-05:00,2025-11-13 12:03:00-05:00,2025-11-13 15:59:00-05:00,SHORT,2.7218827699,336.9900000000,340.9134039274,610.3501000000,613.3330696255,339.3387829065,336.9100000000,336.8426180000,340.0600000000,340.1280120000,59,19873.7144620000,10.5000000000,5.0000000000,619.5000000000,295.0000000000,0.4761904762,347.4100000000,331.9100000000,FORCED_EOD,236,-185.8500000000,7.9882460000,0.4130000000,8.4012460000,-194.2512460000,-46.4625000000,1.9970615000,0.1032500000,2.1003115000,-48.5628115000
AVGO,AVGO,QQQ,2025-11-14 11:16:00-05:00,2025-11-14 11:17:00-05:00,2025-11-14 15:59:00-05:00,SHORT,2.5901264896,341.2500000000,336.0037618239,609.6100000000,604.5553465813,340.5782080582,341.2800000000,341.2117440000,342.6500000000,342.7185300000,58,19790.2811520000,10.5000000000,5.0000000000,609.0000000000,290.0000000000,0.4761904762,351.7800000000,336.2800000000,FORCED_EOD,282,-79.4600000000,7.9335880000,0.4060000000,8.3395880000,-87.7995880000,-19.8650000000,1.9833970000,0.1015000000,2.0848970000,-21.9498970000
AVGO,AVGO,QQQ,2025-11-17 11:30:00-05:00,2025-11-17 11:31:00-05:00,2025-11-17 15:59:00-05:00,LONG,-2.5106667527,345.6300000000,346.4914055053,608.2039000000,608.8006111762,345.9399237421,345.6924000000,345.7615384800,342.6900000000,342.6214620000,57,19708.4076933600,10.5000000000,5.0000000000,598.5000000000,285.0000000000,0.4761904762,335.1924000000,350.6924000000,FORCED_EOD,268,-171.1368000000,7.8475593600,0.3990000000,8.2465593600,-179.3833593600,-42.7842000000,1.9618898400,0.0997500000,2.0616398400,-44.8458398400
AVGO,AVGO,QQQ,2025-11-18 12:05:00-05:00,2025-11-18 12:06:00-05:00,2025-11-18 15:36:00-05:00,SHORT,2.5739240557,345.7525000000,341.2332159687,597.7000000000,596.2168539154,343.0963652775,345.7600000000,345.6908480000,340.7600000000,340.8281520000,57,19704.3783360000,10.5000000000,5.0000000000,598.5000000000,285.0000000000,0.4761904762,356.2600000000,340.7600000000,TAKE_PROFIT_BRACKET,210,285.0000000000,7.8263280000,0.3990000000,8.2253280000,276.7746720000,71.2500000000,1.9565820000,0.0997500000,2.0563320000,69.1936680000
AVGO,AVGO,QQQ,2025-11-18 15:55:00-05:00,2025-11-18 15:56:00-05:00,2025-11-18 15:59:00-05:00,SHORT,2.9348260939,341.2000000000,342.8625866550,597.7000000000,597.3610428282,343.2896032052,341.2400000000,341.1717520000,340.5000000000,340.5681000000,58,19787.9616160000,10.5000000000,5.0000000000,609.0000000000,290.0000000000,0.4761904762,351.7400000000,336.2400000000,FORCED_EOD,3,42.9200000000,7.9081840000,0.4060000000,8.3141840000,34.6058160000,10.7300000000,1.9770460000,0.1015000000,2.0785460000,8.6514540000
AVGO,AVGO,QQQ,2025-11-19 12:02:00-05:00,2025-11-19 12:03:00-05:00,2025-11-19 15:18:00-05:00,LONG,-2.6321688445,349.6050000000,352.4546247653,599.0000000000,601.6443804146,348.8782919343,349.6100000000,349.6799220000,354.6100000000,354.5390780000,57,19931.7555540000,10.5000000000,5.0000000000,598.5000000000,285.0000000000,0.4761904762,339.1100000000,354.6100000000,TAKE_PROFIT_BRACKET,195,285.0000000000,8.0281080000,0.3990000000,8.4271080000,276.5728920000,71.2500000000,2.0070270000,0.0997500000,2.1067770000,69.1432230000
AVGO,AVGO,QQQ,2025-11-20 10:48:00-05:00,2025-11-20 10:49:00-05:00,2025-11-20 11:10:00-05:00,SHORT,2.9557614519,375.5225000000,371.5800507131,612.3500000000,612.0940467524,372.0112822157,375.4500000000,375.3749100000,370.4500000000,370.5240900000,53,19894.8702300000,10.5000000000,5.0000000000,556.5000000000,265.0000000000,0.4761904762,385.9500000000,370.4500000000,TAKE_PROFIT_BRACKET,21,265.0000000000,7.9065400000,0.3710000000,8.2775400000,256.7224600000,66.2500000000,1.9766350000,0.0927500000,2.0693850000,64.1806150000
AVGO,AVGO,QQQ,2025-11-20 11:58:00-05:00,2025-11-20 11:59:00-05:00,2025-11-20 12:16:00-05:00,SHORT,3.4462095492,358.2001000000,369.8273951925,596.1250000000,607.7681112050,350.1645746313,358.2300000000,358.1583540000,353.2300000000,353.3006460000,55,19698.7094700000,10.5000000000,5.0000000000,577.5000000000,275.0000000000,0.4761904762,368.7300000000,353.2300000000,TAKE_PROFIT_BRACKET,17,275.0000000000,7.8260600000,0.3850000000,8.2110600000,266.7889400000,68.7500000000,1.9565150000,0.0962500000,2.0527650000,66.6972350000
AVGO,AVGO,QQQ,2025-11-20 13:09:00-05:00,2025-11-20 13:10:00-05:00,2025-11-20 15:17:00-05:00,LONG,-2.6176296180,358.9900000000,366.5459516168,594.8050000000,602.3600552335,353.7866910142,359.0000000000,359.0718000000,348.5000000000,348.4303000000,55,19748.9490000000,10.5000000000,5.0000000000,577.5000000000,275.0000000000,0.4761904762,348.5000000000,364.0000000000,STOP,127,-577.5000000000,7.7825000000,0.3850000000,8.1675000000,-585.6675000000,-144.3750000000,1.9456250000,0.0962500000,2.0418750000,-146.4168750000
AVGO,AVGO,QQQ,2025-11-20 15:49:00-05:00,2025-11-20 15:50:00-05:00,2025-11-20 15:59:00-05:00,SHORT,2.5130437414,345.2050000000,362.2224860577,584.7500000000,598.6299063209,338.9137280135,345.2100000000,345.1409580000,347.0700000000,347.1394140000,57,19673.0346060000,10.5000000000,5.0000000000,598.5000000000,285.0000000000,0.4761904762,355.7100000000,340.2100000000,FORCED_EOD,9,-106.0200000000,7.8919920000,0.3990000000,8.2909920000,-114.3109920000,-26.5050000000,1.9729980000,0.0997500000,2.0727480000,-28.5777480000
AVGO,AVGO,QQQ,2025-11-21 10:08:00-05:00,2025-11-21 10:09:00-05:00,2025-11-21 13:48:00-05:00,LONG,-2.5643435114,339.4000000000,344.1404676649,586.1400000000,587.3499588149,342.8236952763,339.4000000000,339.4678800000,344.4000000000,344.3311200000,58,19689.1370400000,10.5000000000,5.0000000000,609.0000000000,290.0000000000,0.4761904762,328.9000000000,344.4000000000,TAKE_PROFIT_BRACKET,219,290.0000000000,7.9320800000,0.4060000000,8.3380800000,281.6619200000,72.5000000000,1.9830200000,0.1015000000,2.0845200000,70.4154800000
AVGO,AVGO,QQQ,2025-11-21 13:57:00-05:00,2025-11-21 13:58:00-05:00,2025-11-21 15:29:00-05:00,SHORT,4.0382467189,346.6700000000,340.9465207827,593.9580000000,587.4710733081,347.9391433494,346.6700000000,346.6006660000,341.6700000000,341.7383340000,57,19756.2379620000,10.5000000000,5.0000000000,598.5000000000,285.0000000000,0.4761904762,357.1700000000,341.6700000000,TAKE_PROFIT_BRACKET,91,285.0000000000,7.8470760000,0.3990000000,8.2460760000,276.7539240000,71.2500000000,1.9617690000,0.0997500000,2.0615190000,69.1884810000
AVGO,AVGO,QQQ,2025-11-21 15:50:00-05:00,2025-11-21 15:51:00-05:00,2025-11-21 15:59:00-05:00,SHORT,3.3789873943,342.2669000000,341.7619100325,591.9500000000,588.9391627375,345.0071127229,342.2200000000,342.1515560000,340.0450000000,340.1130090000,58,19844.7902480000,10.5000000000,5.0000000000,609.0000000000,290.0000000000,0.4761904762,352.7200000000,337.2200000000,FORCED_EOD,8,126.1500000000,7.9142740000,0.4060000000,8.3202740000,117.8297260000,31.5375000000,1.9785685000,0.1015000000,2.0800685000,29.4574315000
AVGO,AVGO,QQQ,2025-11-24 13:33:00-05:00,2025-11-24 13:34:00-05:00,2025-11-24 15:59:00-05:00,SHORT,2.5075983934,375.8000000000,367.3693186958,605.2300000000,601.4632880007,369.4350842991,375.7800000000,375.7048440000,377.7000000000,377.7755400000,53,19912.3567320000,10.5000000000,5.0000000000,556.5000000000,265.0000000000,0.4761904762,386.2800000000,370.7800000000,FORCED_EOD,145,-101.7600000000,7.9868880000,0.3710000000,8.3578880000,-110.1178880000,-25.4400000000,1.9967220000,0.0927500000,2.0894720000,-27.5294720000
AVGO,AVGO,QQQ,2025-11-25 10:02:00-05:00,2025-11-25 10:03:00-05:00,2025-11-25 10:09:00-05:00,SHORT,2.5409179228,379.9900000000,379.7336235496,599.8499000000,601.1263820420,377.8302685001,379.9550000000,379.8790090000,374.9550000000,375.0299910000,52,19753.7084680000,10.5000000000,5.0000000000,546.0000000000,260.0000000000,0.4761904762,390.4550000000,374.9550000000,TAKE_PROFIT_BRACKET,6,260.0000000000,7.8510640000,0.3640000000,8.2150640000,251.7849360000,65.0000000000,1.9627660000,0.0910000000,2.0537660000,62.9462340000
AVGO,AVGO,QQQ,2025-11-25 12:34:00-05:00,2025-11-25 12:35:00-05:00,2025-11-25 15:59:00-05:00,SHORT,2.5224351728,382.4700000000,378.0168206675,607.9300000000,602.2647160702,386.4102071151,382.4700000000,382.3935060000,385.1000000000,385.1770200000,52,19884.4623120000,10.5000000000,5.0000000000,546.0000000000,260.0000000000,0.4761904762,392.9700000000,377.4700000000,FORCED_EOD,204,-136.7600000000,7.9827280000,0.3640000000,8.3467280000,-145.1067280000,-34.1900000000,1.9956820000,0.0910000000,2.0866820000,-36.2766820000
AVGO,AVGO,QQQ,2025-11-26 11:21:00-05:00,2025-11-26 11:22:00-05:00,2025-11-26 12:41:00-05:00,LONG,-2.5479899001,393.1706000000,389.4762001256,615.0300000000,612.6092186389,393.1427402580,393.1650000000,393.2436330000,398.1650000000,398.0853670000,50,19662.1816500000,10.5000000000,5.0000000000,525.0000000000,250.0000000000,0.4761904762,382.6650000000,398.1650000000,TAKE_PROFIT_BRACKET,79,250.0000000000,7.9133000000,0.3500000000,8.2633000000,241.7367000000,62.5000000000,1.9783250000,0.0875000000,2.0658250000,60.4341750000
AVGO,AVGO,QQQ,2025-11-26 15:45:00-05:00,2025-11-26 15:46:00-05:00,2025-11-26 15:59:00-05:00,LONG,-2.7330316788,398.6900000000,393.4559942136,615.4100000000,614.0618826698,395.5138512385,398.6900000000,398.7697380000,397.2500000000,397.1705500000,50,19938.4869000000,10.5000000000,5.0000000000,525.0000000000,250.0000000000,0.4761904762,388.1900000000,403.6900000000,FORCED_EOD,13,-72.0000000000,7.9594000000,0.3500000000,8.3094000000,-80.3094000000,-18.0000000000,1.9898500000,0.0875000000,2.0773500000,-20.0773500000
AVGO,AVGO,QQQ,2025-12-01 14:30:00-05:00,2025-12-01 14:31:00-05:00,2025-12-01 15:59:00-05:00,SHORT,2.8778831052,387.4800000000,390.6958662936,616.9000000000,616.5188159688,391.6621110954,387.4500000000,387.3725100000,386.0700000000,386.1472140000,51,19755.9980100000,10.5000000000,5.0000000000,535.5000000000,255.0000000000,0.4761904762,397.9500000000,382.4500000000,FORCED_EOD,88,70.3800000000,7.8899040000,0.3570000000,8.2469040000,62.1330960000,17.5950000000,1.9724760000,0.0892500000,2.0617260000,15.5332740000
AVGO,AVGO,QQQ,2025-12-02 10:55:00-05:00,2025-12-02 10:56:00-05:00,2025-12-02 15:59:00-05:00,LONG,-2.5512226935,385.8395000000,389.2026912656,623.4000000000,621.8690770132,393.0352622592,385.8300000000,385.9071660000,381.4700000000,381.3937060000,51,19681.2654660000,10.5000000000,5.0000000000,535.5000000000,255.0000000000,0.4761904762,375.3300000000,390.8300000000,FORCED_EOD,303,-222.3600000000,7.8264600000,0.3570000000,8.1834600000,-230.5434600000,-55.5900000000,1.9566150000,0.0892500000,2.0458650000,-57.6358650000
AVGO,AVGO,QQQ,2025-12-03 11:33:00-05:00,2025-12-03 11:34:00-05:00,2025-12-03 15:12:00-05:00,LONG,-3.1224936585,375.7700000000,375.5689112245,622.3500000000,620.5687549404,379.8809573102,375.7500000000,375.8251500000,380.7500000000,380.6738500000,53,19918.7329500000,10.5000000000,5.0000000000,556.5000000000,265.0000000000,0.4761904762,365.2500000000,380.7500000000,TAKE_PROFIT_BRACKET,218,265.0000000000,8.0189000000,0.3710000000,8.3899000000,256.6101000000,66.2500000000,2.0047250000,0.0927500000,2.0974750000,64.1525250000
AVGO,AVGO,QQQ,2025-12-04 11:49:00-05:00,2025-12-04 11:50:00-05:00,2025-12-04 15:59:00-05:00,LONG,-2.8418779849,382.2350000000,380.7013736246,622.6500000000,621.8900826560,382.5621627563,382.3400000000,382.4164680000,381.2000000000,381.1237600000,52,19885.6563360000,10.5000000000,5.0000000000,546.0000000000,260.0000000000,0.4761904762,371.8400000000,387.3400000000,FORCED_EOD,249,-59.2800000000,7.9408160000,0.3640000000,8.3048160000,-67.5848160000,-14.8200000000,1.9852040000,0.0910000000,2.0762040000,-16.8962040000
AVGO,AVGO,QQQ,2025-12-05 10:21:00-05:00,2025-12-05 10:22:00-05:00,2025-12-05 15:59:00-05:00,LONG,-2.5473529621,388.6400000000,390.4594274851,628.4900000000,626.6822715044,393.2745204454,388.5700000000,388.6477140000,390.1600000000,390.0819680000,51,19821.0334140000,10.5000000000,5.0000000000,535.5000000000,255.0000000000,0.4761904762,378.0700000000,393.5700000000,FORCED_EOD,337,81.0900000000,7.9430460000,0.3570000000,8.3000460000,72.7899540000,20.2725000000,1.9857615000,0.0892500000,2.0750115000,18.1974885000
AVGO,AVGO,QQQ,2025-12-08 11:17:00-05:00,2025-12-08 11:18:00-05:00,2025-12-08 15:59:00-05:00,SHORT,2.9054805991,399.8982000000,401.2610986898,623.5299000000,625.8863550513,397.3744309496,399.9000000000,399.8200200000,401.1795000000,401.2597359000,50,19991.0010000000,10.5000000000,5.0000000000,525.0000000000,250.0000000000,0.4761904762,410.4000000000,394.9000000000,FORCED_EOD,281,-63.9750000000,8.0107950000,0.3500000000,8.3607950000,-72.3357950000,-15.9937500000,2.0026987500,0.0875000000,2.0901987500,-18.0839487500
AVGO,AVGO,QQQ,2025-12-09 12:03:00-05:00,2025-12-09 12:04:00-05:00,2025-12-09 15:59:00-05:00,SHORT,2.9665066070,404.6300000000,400.5976044981,625.6700000000,623.8671827279,400.8291295087,404.5900000000,404.5090820000,406.3300000000,406.4112660000,49,19820.9450180000,10.5000000000,5.0000000000,514.5000000000,245.0000000000,0.4761904762,415.0900000000,399.5900000000,FORCED_EOD,235,-85.2600000000,7.9470160000,0.3430000000,8.2900160000,-93.5500160000,-21.3150000000,1.9867540000,0.0857500000,2.0725040000,-23.3875040000
AVGO,AVGO,QQQ,2025-12-10 12:09:00-05:00,2025-12-10 12:10:00-05:00,2025-12-10 15:42:00-05:00,SHORT,2.9429229464,402.8800000000,402.3758591327,623.5950000000,623.0831617650,402.4419663113,402.8400000000,402.7594320000,413.3400000000,413.4226680000,49,19735.2121680000,10.5000000000,5.0000000000,514.5000000000,245.0000000000,0.4761904762,413.3400000000,397.8400000000,STOP,212,-514.5000000000,7.9985640000,0.3430000000,8.3415640000,-522.8415640000,-128.6250000000,1.9996410000,0.0857500000,2.0853910000,-130.7103910000
AVGO,AVGO,QQQ,2025-12-11 12:03:00-05:00,2025-12-11 12:04:00-05:00,2025-12-11 15:59:00-05:00,SHORT,2.6929655181,400.6801000000,399.0438655966,620.9800000000,621.0159642412,399.0340298824,400.7500000000,400.6698500000,406.9800000000,407.0613960000,49,19632.8226500000,10.5000000000,5.0000000000,514.5000000000,245.0000000000,0.4761904762,411.2500000000,395.7500000000,FORCED_EOD,235,-305.2700000000,7.9157540000,0.3430000000,8.2587540000,-313.5287540000,-76.3175000000,1.9789385000,0.0857500000,2.0646885000,-78.3821885000
AVGO,AVGO,QQQ,2025-12-12 11:16:00-05:00,2025-12-12 11:17:00-05:00,2025-12-12 15:09:00-05:00,SHORT,3.3663998619,362.1800000000,368.9014104128,613.3100000000,618.4326922534,361.7926162241,362.2000000000,362.1275600000,357.2000000000,357.2714400000,55,19917.0158000000,10.5000000000,5.0000000000,577.5000000000,275.0000000000,0.4761904762,372.7000000000,357.2000000000,TAKE_PROFIT_BRACKET,232,275.0000000000,7.9134000000,0.3850000000,8.2984000000,266.7016000000,68.7500000000,1.9783500000,0.0962500000,2.0746000000,66.6754000000
AVGO,AVGO,QQQ,2025-12-12 15:09:00-05:00,2025-12-12 15:10:00-05:00,2025-12-12 15:59:00-05:00,LONG,-3.1256495973,357.4799000000,365.7392875436,614.6800000000,616.3116454893,363.4867250751,357.4800000000,357.5514960000,359.9000000000,359.8280200000,55,19665.3322800000,10.5000000000,5.0000000000,577.5000000000,275.0000000000,0.4761904762,346.9800000000,362.4800000000,FORCED_EOD,49,133.1000000000,7.8911800000,0.3850000000,8.2761800000,124.8238200000,33.2750000000,1.9727950000,0.0962500000,2.0690450000,31.2059550000
AVGO,AVGO,QQQ,2025-12-15 10:44:00-05:00,2025-12-15 10:45:00-05:00,2025-12-15 15:59:00-05:00,LONG,-2.6290563245,345.5700000000,350.3269735454,612.7514000000,613.7276637469,348.0978967479,345.5800000000,345.6491160000,339.8500000000,339.7820300000,57,19701.9996120000,10.5000000000,5.0000000000,598.5000000000,285.0000000000,0.4761904762,335.0800000000,350.5800000000,FORCED_EOD,314,-326.6100000000,7.8139020000,0.3990000000,8.2129020000,-334.8229020000,-81.6525000000,1.9534755000,0.0997500000,2.0532255000,-83.7057255000
AVGO,AVGO,QQQ,2025-12-16 12:43:00-05:00,2025-12-16 12:44:00-05:00,2025-12-16 15:59:00-05:00,SHORT,2.5644973650,339.4600000000,340.7969003857,608.5000000000,609.6741818814,338.1715141872,339.4500000000,339.3821100000,341.0400000000,341.1082080000,58,19684.1623800000,10.5000000000,5.0000000000,609.0000000000,290.0000000000,0.4761904762,349.9500000000,334.4500000000,FORCED_EOD,195,-92.2200000000,7.8936840000,0.4060000000,8.2996840000,-100.5196840000,-23.0550000000,1.9734210000,0.1015000000,2.0749210000,-25.1299210000
AVGO,AVGO,QQQ,2025-12-17 10:23:00-05:00,2025-12-17 10:24:00-05:00,2025-12-17 12:09:00-05:00,LONG,-2.8495127270,332.7300000000,336.1137948857,611.0500000000,610.9267488709,336.3850313625,332.7700000000,332.8365540000,322.2700000000,322.2055460000,60,19970.1932400000,10.5000000000,5.0000000000,630.0000000000,300.0000000000,0.4761904762,322.2700000000,337.7700000000,STOP,105,-630.0000000000,7.8604800000,0.4200000000,8.2804800000,-638.2804800000,-157.5000000000,1.9651200000,0.1050000000,2.0701200000,-159.5701200000
AVGO,AVGO,QQQ,2025-12-17 13:06:00-05:00,2025-12-17 13:07:00-05:00,2025-12-17 15:29:00-05:00,LONG,-2.5221194446,323.6000000000,328.7529797085,604.8900000000,606.7492296481,324.7234580749,323.6098000000,323.6745219600,328.6098000000,328.5440780400,61,19744.1458395600,10.5000000000,5.0000000000,640.5000000000,305.0000000000,0.4761904762,313.1098000000,328.6098000000,TAKE_PROFIT_BRACKET,142,305.0000000000,7.9570791200,0.4270000000,8.3840791200,296.6159208800,76.2500000000,1.9892697800,0.1067500000,2.0960197800,74.1539802200
AVGO,AVGO,QQQ,2025-12-18 12:06:00-05:00,2025-12-18 12:07:00-05:00,2025-12-18 15:59:00-05:00,SHORT,2.8733729941,327.1100000000,327.9500334888,610.3300000000,610.4310804332,327.7478367152,327.1100000000,327.0445780000,329.7000000000,329.7659400000,61,19949.7192580000,10.5000000000,5.0000000000,640.5000000000,305.0000000000,0.4761904762,337.6100000000,322.1100000000,FORCED_EOD,232,-157.9900000000,8.0130820000,0.4270000000,8.4400820000,-166.4300820000,-39.4975000000,2.0032705000,0.1067500000,2.1100205000,-41.6075205000
AVGO,AVGO,QQQ,2025-12-19 12:52:00-05:00,2025-12-19 12:53:00-05:00,2025-12-19 15:59:00-05:00,SHORT,2.5230446164,336.2800000000,335.8706813657,617.0800000000,615.5679861543,338.3049213655,336.2800000000,336.2127440000,340.5050000000,340.5731010000,59,19836.5518960000,10.5000000000,5.0000000000,619.5000000000,295.0000000000,0.4761904762,346.7800000000,331.2800000000,FORCED_EOD,186,-249.2750000000,7.9860630000,0.4130000000,8.3990630000,-257.6740630000,-62.3187500000,1.9965157500,0.1032500000,2.0997657500,-64.4185157500
AVGO,AVGO,QQQ,2025-12-22 10:56:00-05:00,2025-12-22 10:57:00-05:00,2025-12-22 14:18:00-05:00,LONG,-2.5212897093,339.4700000000,340.9947965473,619.1200000000,619.5957563423,340.3879208257,339.4900000000,339.5578980000,344.4900000000,344.4211020000,58,19694.3580840000,10.5000000000,5.0000000000,609.0000000000,290.0000000000,0.4761904762,328.9900000000,344.4900000000,TAKE_PROFIT_BRACKET,201,290.0000000000,7.9341680000,0.4060000000,8.3401680000,281.6598320000,72.5000000000,1.9835420000,0.1015000000,2.0850420000,70.4149580000
AVGO,AVGO,QQQ,2025-12-22 14:18:00-05:00,2025-12-22 14:19:00-05:00,2025-12-22 15:59:00-05:00,SHORT,2.6569789597,344.2500000000,340.9642543238,618.9799000000,619.4632951325,340.3475579344,344.2700000000,344.2011460000,341.3800000000,341.4482760000,58,19963.6664680000,10.5000000000,5.0000000000,609.0000000000,290.0000000000,0.4761904762,354.7700000000,339.2700000000,FORCED_EOD,100,167.6200000000,7.9535400000,0.4060000000,8.3595400000,159.2604600000,41.9050000000,1.9883850000,0.1015000000,2.0898850000,39.8151150000
AVGO,AVGO,QQQ,2025-12-23 10:23:00-05:00,2025-12-23 10:24:00-05:00,2025-12-23 15:59:00-05:00,SHORT,2.9287907630,341.9694000000,340.7673567133,619.1401000000,619.4087708246,340.4747551823,341.9700000000,341.9016060000,349.2500000000,349.3198500000,58,19830.2931480000,10.5000000000,5.0000000000,609.0000000000,290.0000000000,0.4761904762,352.4700000000,336.9700000000,FORCED_EOD,335,-422.2400000000,8.0181520000,0.4060000000,8.4241520000,-430.6641520000,-105.5600000000,2.0045380000,0.1015000000,2.1060380000,-107.6660380000
AVGO,AVGO,QQQ,2025-12-24 12:35:00-05:00,2025-12-24 12:36:00-05:00,2025-12-24 12:59:00-05:00,LONG,-3.2042386929,350.0400000000,350.6097449015,623.9500000000,622.9576988148,351.7396853911,350.0650000000,350.1350130000,350.1200000000,350.0499760000,57,19957.6957410000,10.5000000000,5.0000000000,598.5000000000,285.0000000000,0.4761904762,339.5650000000,355.0650000000,FORCED_EOD,23,3.1350000000,7.9821090000,0.3990000000,8.3811090000,-5.2461090000,0.7837500000,1.9955272500,0.0997500000,2.0952772500,-1.3115272500
AVGO,AVGO,QQQ,2025-12-26 12:09:00-05:00,2025-12-26 12:10:00-05:00,2025-12-26 15:59:00-05:00,LONG,-2.9203531838,351.5000000000,350.8832999511,623.8350000000,624.3561535617,350.5125397295,351.5064000000,351.5767012800,352.1800000000,352.1095640000,56,19688.2952716800,10.5000000000,5.0000000000,588.0000000000,280.0000000000,0.4761904762,341.0064000000,356.5064000000,FORCED_EOD,229,37.7216000000,7.8812876800,0.3920000000,8.2732876800,29.4483123200,9.4304000000,1.9703219200,0.0980000000,2.0683219200,7.3620780800
AVGO,AVGO,QQQ,2025-12-29 10:13:00-05:00,2025-12-29 10:14:00-05:00,2025-12-29 15:59:00-05:00,SHORT,2.5335971513,347.0900000000,347.7860504540,619.3150000000,620.8699840851,345.7395496300,347.0600000000,346.9905880000,349.2650000000,349.3348530000,57,19778.4635160000,10.5000000000,5.0000000000,598.5000000000,285.0000000000,0.4761904762,357.5600000000,342.0600000000,FORCED_EOD,345,-125.6850000000,7.9381050000,0.3990000000,8.3371050000,-134.0221050000,-31.4212500000,1.9845262500,0.0997500000,2.0842762500,-33.5055262500
AVGO,AVGO,QQQ,2025-12-30 13:31:00-05:00,2025-12-30 13:32:00-05:00,2025-12-30 15:59:00-05:00,LONG,-2.5685202689,350.6993000000,350.7431551670,620.9074000000,620.6602323829,351.0761085444,350.6850000000,350.7551370000,349.9200000000,349.8500160000,57,19993.0428090000,10.5000000000,5.0000000000,598.5000000000,285.0000000000,0.4761904762,340.1850000000,355.6850000000,FORCED_EOD,147,-43.6050000000,7.9868970000,0.3990000000,8.3858970000,-51.9908970000,-10.9012500000,1.9967242500,0.0997500000,2.0964742500,-12.9977242500
AVGO,AVGO,QQQ,2026-01-02 10:58:00-05:00,2026-01-02 10:59:00-05:00,2026-01-02 15:59:00-05:00,LONG,-3.0761070163,351.2500000000,356.6184641637,612.9001000000,618.2667136761,351.9444128385,351.2900000000,351.3602580000,347.5900000000,347.5204820000,56,19676.1744480000,10.5000000000,5.0000000000,588.0000000000,280.0000000000,0.4761904762,340.7900000000,356.2900000000,FORCED_EOD,300,-207.2000000000,7.8274560000,0.3920000000,8.2194560000,-215.4194560000,-51.8000000000,1.9568640000,0.0980000000,2.0548640000,-53.8548640000
AVGO,AVGO,QQQ,2026-01-05 13:04:00-05:00,2026-01-05 13:05:00-05:00,2026-01-05 15:59:00-05:00,SHORT,2.8003694925,341.5700000000,341.8634205922,618.8900000000,619.1431270226,341.5398703764,341.6000000000,341.5316800000,343.3600000000,343.4286720000,58,19808.8374400000,10.5000000000,5.0000000000,609.0000000000,290.0000000000,0.4761904762,352.1000000000,336.6000000000,FORCED_EOD,174,-102.0800000000,7.9455360000,0.4060000000,8.3515360000,-110.4315360000,-25.5200000000,1.9863840000,0.1015000000,2.0878840000,-27.6078840000
AVGO,AVGO,QQQ,2026-01-06 10:55:00-05:00,2026-01-06 10:56:00-05:00,2026-01-06 11:31:00-05:00,LONG,-2.7478930398,342.7100000000,342.8786077389,620.2500000000,621.0481675230,342.7904746171,342.7500000000,342.8185500000,347.7500000000,347.6804500000,58,19883.4759000000,10.5000000000,5.0000000000,609.0000000000,290.0000000000,0.4761904762,332.2500000000,347.7500000000,TAKE_PROFIT_BRACKET,35,290.0000000000,8.0098000000,0.4060000000,8.4158000000,281.5842000000,72.5000000000,2.0024500000,0.1015000000,2.1039500000,70.3960500000
AVGO,AVGO,QQQ,2026-01-06 11:31:00-05:00,2026-01-06 11:32:00-05:00,2026-01-06 15:59:00-05:00,SHORT,3.3504439580,348.1600000000,343.2523582212,620.4700000000,620.8561450904,343.2096606611,348.1800000000,348.1103640000,343.6400000000,343.7087280000,57,19842.2907480000,10.5000000000,5.0000000000,598.5000000000,285.0000000000,0.4761904762,358.6800000000,343.1800000000,FORCED_EOD,267,258.7800000000,7.8867480000,0.3990000000,8.2857480000,250.4942520000,64.6950000000,1.9716870000,0.0997500000,2.0714370000,62.6235630000
AVGO,AVGO,QQQ,2026-01-07 13:37:00-05:00,2026-01-07 13:38:00-05:00,2026-01-07 15:59:00-05:00,LONG,-2.9394322323,346.3340000000,344.6641174711,626.9100000000,625.5333969877,344.8158170174,346.3350000000,346.4042670000,343.5000000000,343.4313000000,57,19745.0432190000,10.5000000000,5.0000000000,598.5000000000,285.0000000000,0.4761904762,335.8350000000,351.3350000000,FORCED_EOD,141,-161.5950000000,7.8641190000,0.3990000000,8.2631190000,-169.8581190000,-40.3987500000,1.9660297500,0.0997500000,2.0657797500,-42.4645297500
AVGO,AVGO,QQQ,2026-01-08 13:27:00-05:00,2026-01-08 13:28:00-05:00,2026-01-08 15:59:00-05:00,SHORT,2.9742039547,332.8900000000,333.9882923251,619.9700000000,619.9325915926,333.9923230763,332.8636000000,332.7970272800,332.4000000000,332.4664800000,60,19967.8216368000,10.5000000000,5.0000000000,630.0000000000,300.0000000000,0.4761904762,343.3636000000,327.8636000000,FORCED_EOD,151,27.8160000000,7.9831632000,0.4200000000,8.4031632000,19.4128368000,6.9540000000,1.9957908000,0.1050000000,2.1007908000,4.8532092000
AVGO,AVGO,QQQ,2026-01-09 10:32:00-05:00,2026-01-09 10:33:00-05:00,2026-01-09 15:59:00-05:00,SHORT,2.8236210567,342.8300000000,338.1655328866,625.1250000000,621.9233164486,340.0036958206,342.8500000000,342.7814300000,344.9700000000,345.0389940000,58,19881.3229400000,10.5000000000,5.0000000000,609.0000000000,290.0000000000,0.4761904762,353.3500000000,337.8500000000,FORCED_EOD,326,-122.9600000000,7.9787120000,0.4060000000,8.3847120000,-131.3447120000,-30.7400000000,1.9946780000,0.1015000000,2.0961780000,-32.8361780000
AVGO,AVGO,QQQ,2026-01-12 10:23:00-05:00,2026-01-12 10:24:00-05:00,2026-01-12 14:46:00-05:00,LONG,-2.7664635664,348.6400000000,349.7189126007,626.3400000000,625.2739542614,351.3840686301,348.6200000000,348.6897240000,353.6200000000,353.5492760000,57,19875.3142680000,10.5000000000,5.0000000000,598.5000000000,285.0000000000,0.4761904762,338.1200000000,353.6200000000,TAKE_PROFIT_BRACKET,262,285.0000000000,8.0055360000,0.3990000000,8.4045360000,276.5954640000,71.2500000000,2.0013840000,0.0997500000,2.1011340000,69.1488660000
AVGO,AVGO,QQQ,2026-01-12 15:18:00-05:00,2026-01-12 15:19:00-05:00,2026-01-12 15:59:00-05:00,SHORT,2.5784720537,353.3400000000,350.3624243316,628.1900000000,626.5211513764,352.9687521850,353.3368000000,353.2661326400,352.2300000000,352.3004460000,56,19782.9034278400,10.5000000000,5.0000000000,588.0000000000,280.0000000000,0.4761904762,363.8368000000,348.3368000000,FORCED_EOD,40,61.9808000000,7.9023481600,0.3920000000,8.2943481600,53.6864518400,15.4952000000,1.9755870400,0.0980000000,2.0735870400,13.4216129600
AVGO,AVGO,QQQ,2026-01-13 11:14:00-05:00,2026-01-13 11:15:00-05:00,2026-01-13 15:59:00-05:00,LONG,-2.7249161297,356.3770000000,354.4174765762,626.1400000000,626.5517661088,353.7226986774,356.4400000000,356.5112880000,354.5450000000,354.4740910000,56,19964.6321280000,10.5000000000,5.0000000000,588.0000000000,280.0000000000,0.4761904762,345.9400000000,361.4400000000,FORCED_EOD,284,-106.1200000000,7.9630320000,0.3920000000,8.3550320000,-114.4750320000,-26.5300000000,1.9907580000,0.0980000000,2.0887580000,-28.6187580000
AVGO,AVGO,QQQ,2026-01-14 10:14:00-05:00,2026-01-14 10:15:00-05:00,2026-01-14 15:59:00-05:00,LONG,-3.0812343659,341.0500000000,343.8576686958,620.6300000000,619.8847108397,345.5113529289,340.9500000000,341.0181900000,339.8900000000,339.8220220000,58,19779.0550200000,10.5000000000,5.0000000000,609.0000000000,290.0000000000,0.4761904762,330.4500000000,345.9500000000,FORCED_EOD,344,-61.4800000000,7.8977440000,0.4060000000,8.3037440000,-69.7837440000,-15.3700000000,1.9744360000,0.1015000000,2.0759360000,-17.4459360000
AVGO,AVGO,QQQ,2026-01-15 12:29:00-05:00,2026-01-15 12:30:00-05:00,2026-01-15 15:51:00-05:00,SHORT,2.5644034197,347.1000000000,347.0879823191,625.6000000000,625.7830700316,346.6818261865,347.0950000000,347.0255810000,342.0950000000,342.1634190000,57,19780.4581170000,10.5000000000,5.0000000000,598.5000000000,285.0000000000,0.4761904762,357.5950000000,342.0950000000,TAKE_PROFIT_BRACKET,201,285.0000000000,7.8567660000,0.3990000000,8.2557660000,276.7442340000,71.2500000000,1.9641915000,0.0997500000,2.0639415000,69.1860585000
AVGO,AVGO,QQQ,2026-01-16 13:09:00-05:00,2026-01-16 13:10:00-05:00,2026-01-16 14:58:00-05:00,LONG,-2.5818950330,344.8389000000,347.4800250072,621.4600000000,621.8499114012,346.6627006940,344.8150000000,344.8839630000,349.8150000000,349.7450370000,57,19658.3858910000,10.5000000000,5.0000000000,598.5000000000,285.0000000000,0.4761904762,334.3150000000,349.8150000000,TAKE_PROFIT_BRACKET,108,285.0000000000,7.9187820000,0.3990000000,8.3177820000,276.6822180000,71.2500000000,1.9796955000,0.0997500000,2.0794455000,69.1705545000
AVGO,AVGO,QQQ,2026-01-16 15:03:00-05:00,2026-01-16 15:04:00-05:00,2026-01-16 15:59:00-05:00,SHORT,2.7792048379,350.6200000000,347.4612054606,621.8200000000,621.8111853686,347.4796826608,350.6020000000,350.5318796000,351.7300000000,351.8003460000,57,19980.3171372000,10.5000000000,5.0000000000,598.5000000000,285.0000000000,0.4761904762,361.1020000000,345.6020000000,FORCED_EOD,55,-64.2960000000,8.0065848000,0.3990000000,8.4055848000,-72.7015848000,-16.0740000000,2.0016462000,0.0997500000,2.1013962000,-18.1753962000
AVGO,AVGO,QQQ,2026-01-20 12:34:00-05:00,2026-01-20 12:35:00-05:00,2026-01-20 15:59:00-05:00,SHORT,2.5864904798,335.3850000000,339.4664418639,612.1200000000,612.8621238948,337.8221819354,335.3600000000,335.2929280000,332.6000000000,332.6665200000,59,19782.2827520000,10.5000000000,5.0000000000,619.5000000000,295.0000000000,0.4761904762,345.8600000000,330.3600000000,FORCED_EOD,204,162.8400000000,7.8819280000,0.4130000000,8.2949280000,154.5450720000,40.7100000000,1.9704820000,0.1032500000,2.0737320000,38.6362680000
AVGO,AVGO,QQQ,2026-01-21 11:27:00-05:00,2026-01-21 11:28:00-05:00,2026-01-21 11:45:00-05:00,SHORT,2.7386427245,331.1600000000,331.4448637696,615.5300000000,612.6052705603,336.6719274273,331.1600000000,331.0937680000,326.1600000000,326.2252320000,60,19865.6260800000,10.5000000000,5.0000000000,630.0000000000,300.0000000000,0.4761904762,341.6600000000,326.1600000000,TAKE_PROFIT_BRACKET,17,300.0000000000,7.8878400000,0.4200000000,8.3078400000,291.6921600000,75.0000000000,1.9719600000,0.1050000000,2.0769600000,72.9230400000
AVGO,AVGO,QQQ,2026-01-21 14:27:00-05:00,2026-01-21 14:28:00-05:00,2026-01-21 15:59:00-05:00,LONG,-4.0664759454,328.8350000000,329.0518408005,613.5500000000,611.7101085076,332.3211229771,328.8250000000,328.8907650000,328.7900000000,328.7242420000,60,19733.4459000000,10.5000000000,5.0000000000,630.0000000000,300.0000000000,0.4761904762,318.3250000000,333.8250000000,FORCED_EOD,91,-2.1000000000,7.8913800000,0.4200000000,8.3113800000,-10.4113800000,-0.5250000000,1.9728450000,0.1050000000,2.0778450000,-2.6028450000
AVGO,AVGO,QQQ,2026-01-22 12:40:00-05:00,2026-01-22 12:41:00-05:00,2026-01-22 15:59:00-05:00,LONG,-2.9051303731,329.6200000000,331.1636059608,621.8650000000,620.1131138548,332.7924873454,329.6600000000,329.7259320000,325.4900000000,325.4249020000,60,19783.5559200000,10.5000000000,5.0000000000,630.0000000000,300.0000000000,0.4761904762,319.1600000000,334.6600000000,FORCED_EOD,198,-250.2000000000,7.8618000000,0.4200000000,8.2818000000,-258.4818000000,-62.5500000000,1.9654500000,0.1050000000,2.0704500000,-64.6204500000
AVGO,AVGO,QQQ,2026-01-23 10:47:00-05:00,2026-01-23 10:48:00-05:00,2026-01-23 15:59:00-05:00,SHORT,2.8911118398,319.9000000000,316.9829660110,624.0500000000,621.3515484833,318.8652917124,319.9400000000,319.8760120000,320.0400000000,320.1040080000,62,19832.3127440000,10.5000000000,5.0000000000,651.0000000000,310.0000000000,0.4761904762,330.4400000000,314.9400000000,FORCED_EOD,311,-6.2000000000,7.9357520000,0.4340000000,8.3697520000,-14.5697520000,-1.5500000000,1.9839380000,0.1085000000,2.0924380000,-3.6424380000
AVGO,AVGO,QQQ,2026-01-26 11:00:00-05:00,2026-01-26 11:01:00-05:00,2026-01-26 15:59:00-05:00,SHORT,2.5411050381,326.2430000000,323.8968051220,626.5600000000,625.0642764605,324.8736366280,326.2300000000,326.1647540000,324.8600000000,324.9249720000,61,19896.0499940000,10.5000000000,5.0000000000,640.5000000000,305.0000000000,0.4761904762,336.7300000000,321.2300000000,FORCED_EOD,298,83.5700000000,7.9432980000,0.4270000000,8.3702980000,75.1997020000,20.8925000000,1.9858245000,0.1067500000,2.0925745000,18.7999255000
AVGO,AVGO,QQQ,2026-01-27 10:14:00-05:00,2026-01-27 10:15:00-05:00,2026-01-27 11:06:00-05:00,LONG,-2.5628858733,328.1200000000,329.1783626104,630.7400000000,629.3594050405,330.2643838387,328.1700000000,328.2356340000,333.1700000000,333.1033660000,60,19694.1380400000,10.5000000000,5.0000000000,630.0000000000,300.0000000000,0.4761904762,317.6700000000,333.1700000000,TAKE_PROFIT_BRACKET,51,300.0000000000,7.9360800000,0.4200000000,8.3560800000,291.6439200000,75.0000000000,1.9840200000,0.1050000000,2.0890200000,72.9109800000
AVGO,AVGO,QQQ,2026-01-27 11:06:00-05:00,2026-01-27 11:07:00-05:00,2026-01-27 15:59:00-05:00,SHORT,2.7973505334,333.2500000000,329.6848028170,631.4900000000,629.9784880646,330.8744666705,333.2700000000,333.2033460000,332.8000000000,332.8665600000,60,19992.2007600000,10.5000000000,5.0000000000,630.0000000000,300.0000000000,0.4761904762,343.7700000000,328.2700000000,FORCED_EOD,292,28.2000000000,7.9928400000,0.4200000000,8.4128400000,19.7871600000,7.0500000000,1.9982100000,0.1050000000,2.1032100000,4.9467900000
AVGO,AVGO,QQQ,2026-01-28 11:46:00-05:00,2026-01-28 11:47:00-05:00,2026-01-28 14:53:00-05:00,LONG,-2.8561824767,327.0000000000,331.7536245908,632.4900000000,634.7172446752,331.5207976115,327.0600000000,327.1254120000,332.0600000000,331.9935880000,61,19954.6501320000,10.5000000000,5.0000000000,640.5000000000,305.0000000000,0.4761904762,316.5600000000,332.0600000000,TAKE_PROFIT_BRACKET,186,305.0000000000,8.0412640000,0.4270000000,8.4682640000,296.5317360000,76.2500000000,2.0103160000,0.1067500000,2.1170660000,74.1329340000
AVGO,AVGO,QQQ,2026-01-28 14:53:00-05:00,2026-01-28 14:54:00-05:00,2026-01-28 15:59:00-05:00,SHORT,3.4119182922,332.5700000000,330.9303249243,633.9799000000,633.9377140856,330.9347293312,332.5100000000,332.4434980000,333.2510000000,333.3176502000,60,19946.6098800000,10.5000000000,5.0000000000,630.0000000000,300.0000000000,0.4761904762,343.0100000000,327.5100000000,FORCED_EOD,65,-44.4600000000,7.9891320000,0.4200000000,8.4091320000,-52.8691320000,-11.1150000000,1.9972830000,0.1050000000,2.1022830000,-13.2172830000
AVGO,AVGO,QQQ,2026-01-29 12:58:00-05:00,2026-01-29 12:59:00-05:00,2026-01-29 15:59:00-05:00,SHORT,2.9627188749,328.1400000000,327.6342190368,623.7800000000,624.0030525275,327.3022267209,328.1100000000,328.0443780000,330.7500000000,330.8161500000,60,19682.6626800000,10.5000000000,5.0000000000,630.0000000000,300.0000000000,0.4761904762,338.6100000000,323.1100000000,FORCED_EOD,180,-158.4000000000,7.9063200000,0.4200000000,8.3263200000,-166.7263200000,-39.6000000000,1.9765800000,0.1050000000,2.0815800000,-41.6815800000
AVGO,AVGO,QQQ,2026-01-30 11:53:00-05:00,2026-01-30 11:54:00-05:00,2026-01-30 15:59:00-05:00,LONG,-2.6485142005,332.7650000000,334.2127419335,624.4800000000,626.1179628819,332.4196864094,332.7750000000,332.8415550000,331.4200000000,331.3537160000,60,19970.4933000000,10.5000000000,5.0000000000,630.0000000000,300.0000000000,0.4761904762,322.2750000000,337.7750000000,FORCED_EOD,245,-81.3000000000,7.9703400000,0.4200000000,8.3903400000,-89.6903400000,-20.3250000000,1.9925850000,0.1050000000,2.0975850000,-22.4225850000
AVGO,AVGO,QQQ,2026-02-02 10:57:00-05:00,2026-02-02 10:58:00-05:00,2026-02-02 15:59:00-05:00,LONG,-2.5007872149,331.2880000000,331.4680285603,625.5400000000,624.4225129231,332.1296276462,331.3450000000,331.4112690000,331.1100000000,331.0437780000,60,19884.6761400000,10.5000000000,5.0000000000,630.0000000000,300.0000000000,0.4761904762,320.8450000000,336.3450000000,FORCED_EOD,301,-14.1000000000,7.9494600000,0.4200000000,8.3694600000,-22.4694600000,-3.5250000000,1.9873650000,0.1050000000,2.0923650000,-5.6173650000
AVGO,AVGO,QQQ,2026-02-03 10:59:00-05:00,2026-02-03 11:00:00-05:00,2026-02-03 11:41:00-05:00,SHORT,2.6836810676,319.7651000000,324.2206499724,620.6000000000,621.4726481512,323.8900984428,319.7797000000,319.7157440600,314.7797000000,314.8426559400,62,19822.3761317200,10.5000000000,5.0000000000,651.0000000000,310.0000000000,0.4761904762,330.2797000000,314.7797000000,TAKE_PROFIT_BRACKET,41,310.0000000000,7.8685365600,0.4340000000,8.3025365600,301.6974634400,77.5000000000,1.9671341400,0.1085000000,2.0756341400,75.4243658600
AVGO,AVGO,QQQ,2026-02-03 12:33:00-05:00,2026-02-03 12:34:00-05:00,2026-02-03 15:28:00-05:00,LONG,-2.6071786912,310.8350000000,320.8811900168,615.3550000000,620.1084839109,319.0952372850,310.8450000000,310.9071690000,315.8450000000,315.7818310000,64,19898.0588160000,10.5000000000,5.0000000000,672.0000000000,320.0000000000,0.4761904762,300.3450000000,315.8450000000,TAKE_PROFIT_BRACKET,174,320.0000000000,8.0216320000,0.4480000000,8.4696320000,311.5303680000,80.0000000000,2.0054080000,0.1120000000,2.1174080000,77.8825920000
AVGO,AVGO,QQQ,2026-02-03 15:28:00-05:00,2026-02-03 15:29:00-05:00,2026-02-03 15:59:00-05:00,SHORT,2.9804879086,315.2400000000,316.9648266378,613.6000000000,617.5184661541,315.5044712144,315.2900000000,315.2269420000,320.3600000000,320.4240720000,63,19859.2973460000,10.5000000000,5.0000000000,661.5000000000,315.0000000000,0.4761904762,325.7900000000,310.2900000000,FORCED_EOD,30,-319.4100000000,8.0091900000,0.4410000000,8.4501900000,-327.8601900000,-79.8525000000,2.0022975000,0.1102500000,2.1125475000,-81.9650475000
AVGO,AVGO,QQQ,2026-02-04 10:59:00-05:00,2026-02-04 11:00:00-05:00,2026-02-04 12:35:00-05:00,LONG,-3.1671667019,308.6500000000,313.6859023331,609.3900000000,611.3556959164,312.7410449729,308.6700000000,308.7317340000,298.1700000000,298.1103660000,64,19758.8309760000,10.5000000000,5.0000000000,672.0000000000,320.0000000000,0.4761904762,298.1700000000,313.6700000000,STOP,95,-672.0000000000,7.7675520000,0.4480000000,8.2155520000,-680.2155520000,-168.0000000000,1.9418880000,0.1120000000,2.0538880000,-170.0538880000
AVGO,AVGO,QQQ,2026-02-04 12:35:00-05:00,2026-02-04 12:36:00-05:00,2026-02-04 14:00:00-05:00,LONG,-2.7873885329,297.1600000000,308.4606241581,602.2600000000,609.1935469626,305.1717384854,297.1800000000,297.2394360000,302.1800000000,302.1195640000,67,19915.0422120000,10.5000000000,5.0000000000,703.5000000000,335.0000000000,0.4761904762,286.6800000000,302.1800000000,TAKE_PROFIT_BRACKET,84,335.0000000000,8.0314240000,0.4690000000,8.5004240000,326.4995760000,83.7500000000,2.0078560000,0.1172500000,2.1251060000,81.6248940000
AVGO,AVGO,QQQ,2026-02-05 14:17:00-05:00,2026-02-05 14:18:00-05:00,2026-02-05 15:59:00-05:00,LONG,-2.7080595003,316.8415000000,318.2639806559,601.5400000000,599.1939213017,319.9061616294,316.7700000000,316.8333540000,310.4100000000,310.3479180000,63,19960.5013020000,10.5000000000,5.0000000000,661.5000000000,315.0000000000,0.4761904762,306.2700000000,321.7700000000,FORCED_EOD,101,-400.6800000000,7.9024680000,0.4410000000,8.3434680000,-409.0234680000,-100.1700000000,1.9756170000,0.1102500000,2.0858670000,-102.2558670000
AVGO,AVGO,QQQ,2026-02-06 12:33:00-05:00,2026-02-06 12:34:00-05:00,2026-02-06 15:59:00-05:00,SHORT,2.7656508170,333.9299000000,326.5946454123,608.2200000000,603.9170101137,328.8828107378,333.9300000000,333.8632140000,332.9200000000,332.9865840000,59,19697.9296260000,10.5000000000,5.0000000000,619.5000000000,295.0000000000,0.4761904762,344.4300000000,328.9300000000,FORCED_EOD,205,59.5900000000,7.8688300000,0.4130000000,8.2818300000,51.3081700000,14.8975000000,1.9672075000,0.1032500000,2.0704575000,12.8270425000
AVGO,AVGO,QQQ,2026-02-09 11:36:00-05:00,2026-02-09 11:37:00-05:00,2026-02-09 15:59:00-05:00,SHORT,2.5290490144,347.0300000000,340.6293001196,614.4600000000,610.5926405079,345.4559034231,346.9950000000,346.9256010000,343.7900000000,343.8587580000,57,19774.7592570000,10.5000000000,5.0000000000,598.5000000000,285.0000000000,0.4761904762,357.4950000000,341.9950000000,FORCED_EOD,262,182.6850000000,7.8749490000,0.3990000000,8.2739490000,174.4110510000,45.6712500000,1.9687372500,0.0997500000,2.0684872500,43.6027627500
AVGO,AVGO,QQQ,2026-02-10 12:37:00-05:00,2026-02-10 12:38:00-05:00,2026-02-10 15:59:00-05:00,LONG,-2.7593864775,342.1000000000,344.3145391608,615.0600000000,615.0329599824,344.3528977222,342.1800000000,342.2484360000,340.4100000000,340.3419180000,58,19850.4092880000,10.5000000000,5.0000000000,609.0000000000,290.0000000000,0.4761904762,331.6800000000,347.1800000000,FORCED_EOD,201,-102.6600000000,7.9180440000,0.4060000000,8.3240440000,-110.9840440000,-25.6650000000,1.9795110000,0.1015000000,2.0810110000,-27.7460110000
AVGO,AVGO,QQQ,2026-02-11 10:52:00-05:00,2026-02-11 10:53:00-05:00,2026-02-11 13:55:00-05:00,LONG,-2.5371850545,338.2701000000,340.0270345830,611.6600000000,612.2686653527,339.2038048863,338.3600000000,338.4276720000,343.3600000000,343.2913280000,59,19967.2326480000,10.5000000000,5.0000000000,619.5000000000,295.0000000000,0.4761904762,327.8600000000,343.3600000000,TAKE_PROFIT_BRACKET,182,295.0000000000,8.0442960000,0.4130000000,8.4572960000,286.5427040000,73.7500000000,2.0110740000,0.1032500000,2.1143240000,71.6356760000
AVGO,AVGO,QQQ,2026-02-12 10:38:00-05:00,2026-02-12 10:39:00-05:00,2026-02-12 11:18:00-05:00,SHORT,3.3311463696,338.8300000000,340.9067716825,609.6300000000,612.7300997170,337.3410201127,338.8100000000,338.7422380000,333.8100000000,333.8767620000,59,19985.7920420000,10.5000000000,5.0000000000,619.5000000000,295.0000000000,0.4761904762,349.3100000000,333.8100000000,TAKE_PROFIT_BRACKET,39,295.0000000000,7.9369160000,0.4130000000,8.3499160000,286.6500840000,73.7500000000,1.9842290000,0.1032500000,2.0874790000,71.6625210000
AVGO,AVGO,QQQ,2026-02-12 14:47:00-05:00,2026-02-12 14:48:00-05:00,2026-02-12 15:59:00-05:00,LONG,-2.5058872828,333.9400000000,336.9597110499,604.6500000000,606.3634113022,334.9913007787,333.9350000000,334.0017870000,331.0500000000,330.9837900000,59,19706.1054330000,10.5000000000,5.0000000000,619.5000000000,295.0000000000,0.4761904762,323.4350000000,338.9350000000,FORCED_EOD,71,-170.2150000000,7.8468230000,0.4130000000,8.2598230000,-178.4748230000,-42.5537500000,1.9617057500,0.1032500000,2.0649557500,-44.6187057500
AVGO,AVGO,QQQ,2026-02-13 10:00:00-05:00,2026-02-13 10:01:00-05:00,2026-02-13 15:59:00-05:00,LONG,-2.6889221999,329.0600000000,330.1720851225,600.6400000000,600.0804865240,330.9746172032,329.0600000000,329.1258120000,325.1100000000,325.0449780000,60,19747.5487200000,10.5000000000,5.0000000000,630.0000000000,300.0000000000,0.4761904762,318.5600000000,334.0600000000,FORCED_EOD,358,-237.0000000000,7.8500400000,0.4200000000,8.2700400000,-245.2700400000,-59.2500000000,1.9625100000,0.1050000000,2.0675100000,-61.3175100000
AVGO,AVGO,QQQ,2026-02-17 11:11:00-05:00,2026-02-17 11:12:00-05:00,2026-02-17 14:37:00-05:00,LONG,-2.5276708998,330.7307000000,322.8613500980,600.6500000000,597.0593008840,326.5846257025,330.7400000000,330.8061480000,335.7400000000,335.6728520000,60,19848.3688800000,10.5000000000,5.0000000000,630.0000000000,300.0000000000,0.4761904762,320.2400000000,335.7400000000,TAKE_PROFIT_BRACKET,205,300.0000000000,7.9977600000,0.4200000000,8.4177600000,291.5822400000,75.0000000000,1.9994400000,0.1050000000,2.1044400000,72.8955600000
AVGO,AVGO,QQQ,2026-02-17 15:30:00-05:00,2026-02-17 15:31:00-05:00,2026-02-17 15:59:00-05:00,SHORT,3.2017479796,334.0700000000,327.8960023420,601.0243000000,599.2400415490,329.7681523255,334.1100000000,334.0431780000,332.6400000000,332.7065280000,59,19708.5475020000,10.5000000000,5.0000000000,619.5000000000,295.0000000000,0.4761904762,344.6100000000,329.1100000000,FORCED_EOD,28,86.7300000000,7.8676500000,0.4130000000,8.2806500000,78.4493500000,21.6825000000,1.9669125000,0.1032500000,2.0701625000,19.6123375000
AVGO,AVGO,QQQ,2026-02-18 10:53:00-05:00,2026-02-18 10:54:00-05:00,2026-02-18 14:56:00-05:00,SHORT,2.9503867741,336.9800000000,332.5624031015,608.5100000000,605.0634141264,335.5088325452,336.9300000000,336.8626140000,331.9300000000,331.9963860000,59,19874.8942260000,10.5000000000,5.0000000000,619.5000000000,295.0000000000,0.4761904762,347.4300000000,331.9300000000,TAKE_PROFIT_BRACKET,242,295.0000000000,7.8925480000,0.4130000000,8.3055480000,286.6944520000,73.7500000000,1.9731370000,0.1032500000,2.0763870000,71.6736130000
AVGO,AVGO,QQQ,2026-02-19 11:38:00-05:00,2026-02-19 11:39:00-05:00,2026-02-19 15:59:00-05:00,LONG,-2.5745756885,336.0700000000,335.2919701898,604.2800000000,603.8553279856,335.6091616614,336.0800000000,336.1472160000,333.9200000000,333.8532160000,59,19832.6857440000,10.5000000000,5.0000000000,619.5000000000,295.0000000000,0.4761904762,325.5800000000,341.0800000000,FORCED_EOD,260,-127.4400000000,7.9060000000,0.4130000000,8.3190000000,-135.7590000000,-31.8600000000,1.9765000000,0.1032500000,2.0797500000,-33.9397500000
AVGO,AVGO,QQQ,2026-02-20 10:06:00-05:00,2026-02-20 10:07:00-05:00,2026-02-20 10:55:00-05:00,LONG,-2.9529720806,332.7158000000,335.0842265971,603.8454000000,604.0832819780,334.9155234425,332.6615000000,332.7280323000,337.6615000000,337.5939677000,60,19963.6819380000,10.5000000000,5.0000000000,630.0000000000,300.0000000000,0.4761904762,322.1615000000,337.6615000000,TAKE_PROFIT_BRACKET,48,300.0000000000,8.0438760000,0.4200000000,8.4638760000,291.5361240000,75.0000000000,2.0109690000,0.1050000000,2.1159690000,72.8840310000
AVGO,AVGO,QQQ,2026-02-20 13:31:00-05:00,2026-02-20 13:32:00-05:00,2026-02-20 15:59:00-05:00,LONG,-3.0385448447,333.2050000000,334.9251630133,607.3999000000,606.5201417027,335.5462757224,333.3500000000,333.4166700000,332.6700000000,332.6034660000,59,19671.5835300000,10.5000000000,5.0000000000,619.5000000000,295.0000000000,0.4761904762,322.8500000000,338.3500000000,FORCED_EOD,147,-40.1200000000,7.8590360000,0.4130000000,8.2720360000,-48.3920360000,-10.0300000000,1.9647590000,0.1032500000,2.0680090000,-12.0980090000
AVGO,AVGO,QQQ,2026-02-23 10:45:00-05:00,2026-02-23 10:46:00-05:00,2026-02-23 15:59:00-05:00,LONG,-2.9305927276,332.7300000000,335.5755992561,603.0200000000,604.9388236354,335.3627147904,332.7550000000,332.8215510000,330.3100000000,330.2439380000,60,19969.2930600000,10.5000000000,5.0000000000,630.0000000000,300.0000000000,0.4761904762,322.2550000000,337.7550000000,FORCED_EOD,313,-146.7000000000,7.9567800000,0.4200000000,8.3767800000,-155.0767800000,-36.6750000000,1.9891950000,0.1050000000,2.0941950000,-38.7691950000
AVGO,AVGO,QQQ,2026-02-24 11:47:00-05:00,2026-02-24 11:48:00-05:00,2026-02-24 15:59:00-05:00,SHORT,2.7025348435,326.5200000000,322.0770702806,607.4400000000,605.2010018142,322.3153811802,326.4201000000,326.3548159800,325.4900000000,325.5550980000,61,19907.6437747800,10.5000000000,5.0000000000,640.5000000000,305.0000000000,0.4761904762,336.9201000000,321.4201000000,FORCED_EOD,251,56.7361000000,7.9533032200,0.4270000000,8.3803032200,48.3557967800,14.1840250000,1.9883258050,0.1067500000,2.0950758050,12.0889491950
AVGO,AVGO,QQQ,2026-02-25 13:19:00-05:00,2026-02-25 13:20:00-05:00,2026-02-25 15:59:00-05:00,SHORT,2.7651641463,333.2893000000,332.3118152985,615.4350000000,614.5393519868,332.4086795323,333.2800000000,333.2133440000,332.3050000000,332.3714610000,60,19992.8006400000,10.5000000000,5.0000000000,630.0000000000,300.0000000000,0.4761904762,343.7800000000,328.2800000000,FORCED_EOD,159,58.5000000000,7.9870200000,0.4200000000,8.4070200000,50.0929800000,14.6250000000,1.9967550000,0.1050000000,2.1017550000,12.5232450000
AVGO,AVGO,QQQ,2026-02-26 10:20:00-05:00,2026-02-26 10:21:00-05:00,2026-02-26 14:15:00-05:00,LONG,-2.5934658594,310.2350000000,318.1274783575,605.7700000000,611.7087967724,316.8299772475,310.2700000000,310.3320540000,315.2700000000,315.2069460000,64,19861.2514560000,10.5000000000,5.0000000000,672.0000000000,320.0000000000,0.4761904762,299.7700000000,315.2700000000,TAKE_PROFIT_BRACKET,234,320.0000000000,8.0069120000,0.4480000000,8.4549120000,311.5450880000,80.0000000000,2.0017280000,0.1120000000,2.1137280000,77.8862720000
AVGO,AVGO,QQQ,2026-02-26 15:32:00-05:00,2026-02-26 15:33:00-05:00,2026-02-26 15:59:00-05:00,SHORT,2.9877165673,318.5200000000,314.5369838572,608.5600000000,608.4225778133,314.5668291654,318.5400000000,318.4762920000,321.7000000000,321.7643400000,62,19745.5301040000,10.5000000000,5.0000000000,651.0000000000,310.0000000000,0.4761904762,329.0400000000,313.5400000000,FORCED_EOD,26,-195.9200000000,7.9389760000,0.4340000000,8.3729760000,-204.2929760000,-48.9800000000,1.9847440000,0.1085000000,2.0932440000,-51.0732440000
AVGO,AVGO,QQQ,2026-02-27 13:09:00-05:00,2026-02-27 13:10:00-05:00,2026-02-27 15:59:00-05:00,LONG,-2.5844402883,317.1800000000,316.9963777103,605.5900000000,606.0454398489,316.7623038333,317.1500000000,317.2134300000,319.6200000000,319.5560760000,63,19984.4460900000,10.5000000000,5.0000000000,661.5000000000,315.0000000000,0.4761904762,306.6500000000,322.1500000000,FORCED_EOD,169,155.6100000000,8.0233020000,0.4410000000,8.4643020000,147.1456980000,38.9025000000,2.0058255000,0.1102500000,2.1160755000,36.7864245000
AVGO,AVGO,QQQ,2026-03-02 12:01:00-05:00,2026-03-02 12:02:00-05:00,2026-03-02 15:59:00-05:00,LONG,-2.9448385990,315.2700000000,313.5746840669,607.9100000000,604.8747428835,315.1571252948,315.3400000000,315.4030680000,318.6500000000,318.5862700000,63,19870.3932840000,10.5000000000,5.0000000000,661.5000000000,315.0000000000,0.4761904762,304.8400000000,320.3400000000,FORCED_EOD,237,208.5300000000,7.9882740000,0.4410000000,8.4292740000,200.1007260000,52.1325000000,1.9970685000,0.1102500000,2.1073185000,50.0251815000
AVGO,AVGO,QQQ,2026-03-03 11:46:00-05:00,2026-03-03 11:47:00-05:00,2026-03-03 15:59:00-05:00,SHORT,2.5584451321,315.1000000000,311.0085087824,600.7600000000,595.7783677800,314.6498564285,315.2000000000,315.1369600000,313.7400000000,313.8027480000,63,19853.6284800000,10.5000000000,5.0000000000,661.5000000000,315.0000000000,0.4761904762,325.7000000000,310.2000000000,FORCED_EOD,252,91.9800000000,7.9246440000,0.4410000000,8.3656440000,83.6143560000,22.9950000000,1.9811610000,0.1102500000,2.0914110000,20.9035890000
AVGO,AVGO,QQQ,2026-03-04 11:03:00-05:00,2026-03-04 11:04:00-05:00,2026-03-04 15:59:00-05:00,LONG,-2.5212863546,321.7050000000,318.2422096553,611.3151000000,607.8359670646,321.4432943743,321.7100000000,321.7743420000,317.4400000000,317.3765120000,62,19950.0092040000,10.5000000000,5.0000000000,651.0000000000,310.0000000000,0.4761904762,311.2100000000,326.7100000000,FORCED_EOD,295,-264.7400000000,7.9254600000,0.4340000000,8.3594600000,-273.0994600000,-66.1850000000,1.9813650000,0.1085000000,2.0898650000,-68.2748650000
AVGO,AVGO,QQQ,2026-03-05 12:40:00-05:00,2026-03-05 12:41:00-05:00,2026-03-05 15:59:00-05:00,LONG,-2.5713348376,330.8501000000,330.7844460229,605.2200000000,608.7969685642,328.0653392832,330.8500000000,330.9161700000,332.6250000000,332.5584750000,60,19854.9702000000,10.5000000000,5.0000000000,630.0000000000,300.0000000000,0.4761904762,320.3500000000,335.8500000000,FORCED_EOD,198,106.5000000000,7.9617000000,0.4200000000,8.3817000000,98.1183000000,26.6250000000,1.9904250000,0.1050000000,2.0954250000,24.5295750000
AVGO,AVGO,QQQ,2026-03-06 11:39:00-05:00,2026-03-06 11:40:00-05:00,2026-03-06 15:08:00-05:00,SHORT,2.5640802640,340.3900000000,335.6517440062,604.5100000000,602.2718268240,336.4668541049,340.4600000000,340.3919080000,335.4600000000,335.5270920000,58,19742.7306640000,10.5000000000,5.0000000000,609.0000000000,290.0000000000,0.4761904762,350.9600000000,335.4600000000,TAKE_PROFIT_BRACKET,208,290.0000000000,7.8406720000,0.4060000000,8.2466720000,281.7533280000,72.5000000000,1.9601680000,0.1015000000,2.0616680000,70.4383320000
AVGO,AVGO,QQQ,2026-03-06 15:08:00-05:00,2026-03-06 15:09:00-05:00,2026-03-06 15:59:00-05:00,LONG,-2.7080552147,334.5400000000,337.5893889630,603.2000000000,602.9907862348,337.6659300445,334.6100000000,334.6769220000,330.4200000000,330.3539160000,59,19745.9383980000,10.5000000000,5.0000000000,619.5000000000,295.0000000000,0.4761904762,324.1100000000,339.6100000000,FORCED_EOD,50,-247.2100000000,7.8473540000,0.4130000000,8.2603540000,-255.4703540000,-61.8025000000,1.9618385000,0.1032500000,2.0650885000,-63.8675885000
AVGO,AVGO,QQQ,2026-03-09 10:04:00-04:00,2026-03-09 10:05:00-04:00,2026-03-09 15:28:00-04:00,SHORT,2.6158230065,336.1650000000,330.1322061716,595.0800000000,593.6185310606,330.7285819010,336.1750000000,336.1077650000,346.6750000000,346.7443350000,59,19830.3581350000,10.5000000000,5.0000000000,619.5000000000,295.0000000000,0.4761904762,346.6750000000,331.1750000000,STOP,323,-619.5000000000,8.0576300000,0.4130000000,8.4706300000,-627.9706300000,-154.8750000000,2.0144075000,0.1032500000,2.1176575000,-156.9926575000
AVGO,AVGO,QQQ,2026-03-10 10:47:00-04:00,2026-03-10 10:48:00-04:00,2026-03-10 15:59:00-04:00,LONG,-2.6968706136,347.8950000000,349.8692930086,610.1000000000,608.2028676060,351.2413816972,347.8900000000,347.9595780000,342.6000000000,342.5314800000,57,19833.6959460000,10.5000000000,5.0000000000,598.5000000000,285.0000000000,0.4761904762,337.3900000000,352.8900000000,FORCED_EOD,311,-301.5300000000,7.8715860000,0.3990000000,8.2705860000,-309.8005860000,-75.3825000000,1.9678965000,0.0997500000,2.0676465000,-77.4501465000
AVGO,AVGO,QQQ,2026-03-11 10:07:00-04:00,2026-03-11 10:08:00-04:00,2026-03-11 15:59:00-04:00,LONG,-2.6410273140,342.2300000000,343.5902067981,610.4700000000,610.2336548444,343.7173193122,342.3900000000,342.4584780000,341.4800000000,341.4117040000,58,19862.5917240000,10.5000000000,5.0000000000,609.0000000000,290.0000000000,0.4761904762,331.8900000000,347.3900000000,FORCED_EOD,351,-52.7800000000,7.9328920000,0.4060000000,8.3388920000,-61.1188920000,-13.1950000000,1.9832230000,0.1015000000,2.0847230000,-15.2797230000
AVGO,AVGO,QQQ,2026-03-12 10:28:00-04:00,2026-03-12 10:29:00-04:00,2026-03-12 15:59:00-04:00,SHORT,2.5669339120,335.2886000000,335.3984779731,599.5800000000,601.5180430170,333.6447941268,335.2400000000,335.1729520000,335.9600000000,336.0271920000,59,19775.2041680000,10.5000000000,5.0000000000,619.5000000000,295.0000000000,0.4761904762,345.7400000000,330.2400000000,FORCED_EOD,330,-42.4800000000,7.9201600000,0.4130000000,8.3331600000,-50.8131600000,-10.6200000000,1.9800400000,0.1032500000,2.0832900000,-12.7032900000
AVGO,AVGO,QQQ,2026-03-13 10:57:00-04:00,2026-03-13 10:58:00-04:00,2026-03-13 15:59:00-04:00,LONG,-2.6049115403,327.1400000000,333.7076704217,596.0500000000,600.4683101331,329.6142875343,327.2300000000,327.2954460000,322.1700000000,322.1055660000,61,19965.0222060000,10.5000000000,5.0000000000,640.5000000000,305.0000000000,0.4761904762,316.7300000000,332.2300000000,FORCED_EOD,301,-308.6600000000,7.9226800000,0.4270000000,8.3496800000,-317.0096800000,-77.1650000000,1.9806700000,0.1067500000,2.0874200000,-79.2524200000
AVGO,AVGO,QQQ,2026-03-16 14:04:00-04:00,2026-03-16 14:05:00-04:00,2026-03-16 15:59:00-04:00,LONG,-2.5829964193,327.9399000000,325.8686404571,601.0400000000,600.8335651206,326.1216986804,327.8851000000,327.9506770200,324.9100000000,324.8450180000,60,19677.0406212000,10.5000000000,5.0000000000,630.0000000000,300.0000000000,0.4761904762,317.3851000000,332.8851000000,FORCED_EOD,114,-178.5060000000,7.8335412000,0.4200000000,8.2535412000,-186.7595412000,-44.6265000000,1.9583853000,0.1050000000,2.0633853000,-46.6898853000
AVGO,AVGO,QQQ,2026-03-17 10:03:00-04:00,2026-03-17 10:04:00-04:00,2026-03-17 15:59:00-04:00,LONG,-2.5430615393,321.7550000000,324.9154224957,604.5500000000,604.7693848916,324.7835106611,321.7400000000,321.8043480000,321.2900000000,321.2257420000,62,19951.8695760000,10.5000000000,5.0000000000,651.0000000000,310.0000000000,0.4761904762,311.2400000000,326.7400000000,FORCED_EOD,355,-27.9000000000,7.9735720000,0.4340000000,8.4075720000,-36.3075720000,-6.9750000000,1.9933930000,0.1085000000,2.1018930000,-9.0768930000
AVGO,AVGO,QQQ,2026-03-18 10:00:00-04:00,2026-03-18 10:01:00-04:00,2026-03-18 15:59:00-04:00,LONG,-2.5246519875,321.5840000000,323.6582659980,601.7800000000,602.0787943553,323.4951252837,321.6150000000,321.6793230000,315.8400000000,315.7768320000,62,19944.1180260000,10.5000000000,5.0000000000,651.0000000000,310.0000000000,0.4761904762,311.1150000000,326.6150000000,FORCED_EOD,358,-358.0500000000,7.9044420000,0.4340000000,8.3384420000,-366.3884420000,-89.5125000000,1.9761105000,0.1085000000,2.0846105000,-91.5971105000
AVGO,AVGO,QQQ,2026-03-19 10:51:00-04:00,2026-03-19 10:52:00-04:00,2026-03-19 15:59:00-04:00,SHORT,3.1658798314,315.6600000000,311.8614030814,591.7787000000,590.0698284862,312.5924914302,315.6500000000,315.5868700000,319.7700000000,319.8339540000,63,19881.9728100000,10.5000000000,5.0000000000,661.5000000000,315.0000000000,0.4761904762,326.1500000000,310.6500000000,FORCED_EOD,307,-259.5600000000,8.0062920000,0.4410000000,8.4472920000,-268.0072920000,-64.8900000000,2.0015730000,0.1102500000,2.1118230000,-67.0018230000
AVGO,AVGO,QQQ,2026-03-20 11:58:00-04:00,2026-03-20 11:59:00-04:00,2026-03-20 15:06:00-04:00,SHORT,2.7807907070,316.9800000000,317.7307034243,587.0800000000,586.8262141890,317.8798621536,316.8900000000,316.8266220000,311.8900000000,311.9523780000,63,19960.0771860000,10.5000000000,5.0000000000,661.5000000000,315.0000000000,0.4761904762,327.3900000000,311.8900000000,TAKE_PROFIT_BRACKET,187,315.0000000000,7.9226280000,0.4410000000,8.3636280000,306.6363720000,78.7500000000,1.9806570000,0.1102500000,2.0909070000,76.6590930000
AVGO,AVGO,QQQ,2026-03-20 15:53:00-04:00,2026-03-20 15:54:00-04:00,2026-03-20 15:59:00-04:00,LONG,-2.5706990969,311.6300000000,316.2386318377,580.9400000000,584.6886566047,314.0377457143,311.6750000000,311.7373350000,310.7900000000,310.7278420000,64,19951.1894400000,10.5000000000,5.0000000000,672.0000000000,320.0000000000,0.4761904762,301.1750000000,316.6750000000,FORCED_EOD,5,-56.6400000000,7.9675520000,0.4480000000,8.4155520000,-65.0555520000,-14.1600000000,1.9918880000,0.1120000000,2.1038880000,-16.2638880000
AVGO,AVGO,QQQ,2026-03-23 12:35:00-04:00,2026-03-23 12:36:00-04:00,2026-03-23 15:59:00-04:00,SHORT,2.7016143131,321.6400000000,322.4320630324,587.8500000000,591.2088581045,320.6133501781,321.6150000000,321.5506770000,322.4300000000,322.4944860000,62,19936.1419740000,10.5000000000,5.0000000000,651.0000000000,310.0000000000,0.4761904762,332.1150000000,316.6150000000,FORCED_EOD,203,-50.5300000000,7.9861580000,0.4340000000,8.4201580000,-58.9501580000,-12.6325000000,1.9965395000,0.1085000000,2.1050395000,-14.7375395000
AVGO,AVGO,QQQ,2026-03-24 10:45:00-04:00,2026-03-24 10:46:00-04:00,2026-03-24 15:59:00-04:00,SHORT,2.8450730358,317.0150000000,317.5885723696,583.8000000000,584.0354260734,317.3708330467,317.0200000000,316.9565960000,318.3030000000,318.3666606000,63,19968.2655480000,10.5000000000,5.0000000000,661.5000000000,315.0000000000,0.4761904762,327.5200000000,312.0200000000,FORCED_EOD,313,-80.8290000000,8.0050698000,0.4410000000,8.4460698000,-89.2750698000,-20.2072500000,2.0012674500,0.1102500000,2.1115174500,-22.3187674500
AVGO,AVGO,QQQ,2026-03-25 12:30:00-04:00,2026-03-25 12:31:00-04:00,2026-03-25 15:59:00-04:00,LONG,-2.6637193255,319.3100000000,320.7371312673,588.7500000000,588.7678988106,320.7146847489,319.3497000000,319.4135699400,318.7900000000,318.7262420000,62,19803.6413362800,10.5000000000,5.0000000000,651.0000000000,310.0000000000,0.4761904762,308.8497000000,324.3497000000,FORCED_EOD,208,-34.7014000000,7.9129322800,0.4340000000,8.3469322800,-43.0483322800,-8.6753500000,1.9782330700,0.1085000000,2.0867330700,-10.7620830700
AVGO,AVGO,QQQ,2026-03-26 11:45:00-04:00,2026-03-26 11:46:00-04:00,2026-03-26 15:59:00-04:00,SHORT,3.6881722248,314.0500000000,313.7601880830,580.7800000000,582.2943121406,312.2047909255,314.0600000000,313.9971880000,309.4200000000,309.4818840000,63,19781.8228440000,10.5000000000,5.0000000000,661.5000000000,315.0000000000,0.4761904762,324.5600000000,309.0600000000,FORCED_EOD,253,292.3200000000,7.8558480000,0.4410000000,8.2968480000,284.0231520000,73.0800000000,1.9639620000,0.1102500000,2.0742120000,71.0057880000
AVGO,AVGO,QQQ,2026-03-27 11:19:00-04:00,2026-03-27 11:20:00-04:00,2026-03-27 15:51:00-04:00,SHORT,2.5814106125,304.0500000000,304.1523006377,566.5200000000,567.9265355297,302.8907438258,304.0500000000,303.9891900000,299.0500000000,299.1098100000,65,19759.2973500000,10.5000000000,5.0000000000,682.5000000000,325.0000000000,0.4761904762,314.5500000000,299.0500000000,TAKE_PROFIT_BRACKET,271,325.0000000000,7.8403000000,0.4550000000,8.2953000000,316.7047000000,81.2500000000,1.9600750000,0.1137500000,2.0738250000,79.1761750000
AVGO,AVGO,QQQ,2026-03-27 15:51:00-04:00,2026-03-27 15:52:00-04:00,2026-03-27 15:59:00-04:00,LONG,-3.3761050112,299.4500000000,302.6702851356,561.7600000000,566.2199031356,298.6775799662,299.4600000000,299.5198920000,300.7300000000,300.6698540000,66,19768.3128720000,10.5000000000,5.0000000000,693.0000000000,330.0000000000,0.4761904762,288.9600000000,304.4600000000,FORCED_EOD,7,83.8200000000,7.9225080000,0.4620000000,8.3845080000,75.4354920000,20.9550000000,1.9806270000,0.1155000000,2.0961270000,18.8588730000
AVGO,AVGO,QQQ,2026-03-30 14:41:00-04:00,2026-03-30 14:42:00-04:00,2026-03-30 15:59:00-04:00,SHORT,2.7178531666,292.2900000000,295.2352706709,558.9400000000,562.6902153889,291.9873584856,292.2850000000,292.2265430000,293.3800000000,293.4386760000,68,19871.4049240000,10.5000000000,5.0000000000,714.0000000000,340.0000000000,0.4761904762,302.7850000000,287.2850000000,FORCED_EOD,77,-74.4600000000,7.9650440000,0.4760000000,8.4410440000,-82.9010440000,-18.6150000000,1.9912610000,0.1190000000,2.1102610000,-20.7252610000
AVGO,AVGO,QQQ,2026-03-31 10:46:00-04:00,2026-03-31 10:47:00-04:00,2026-03-31 15:59:00-04:00,SHORT,2.5380140483,303.6200000000,300.9788650722,566.9650000000,567.1694043560,300.8696481449,303.5950000000,303.5342810000,309.4200000000,309.4818840000,65,19729.7282650000,10.5000000000,5.0000000000,682.5000000000,325.0000000000,0.4761904762,314.0950000000,298.5950000000,FORCED_EOD,312,-378.6250000000,7.9691950000,0.4550000000,8.4241950000,-387.0491950000,-94.6562500000,1.9922987500,0.1137500000,2.1060487500,-96.7622987500
AVGO,AVGO,QQQ,2026-04-01 11:56:00-04:00,2026-04-01 11:57:00-04:00,2026-04-01 15:59:00-04:00,SHORT,2.6739494307,314.9100000000,313.2220271747,587.0000000000,583.9939155411,315.6276573801,314.9100000000,314.8470180000,313.4600000000,313.5226920000,63,19835.3621340000,10.5000000000,5.0000000000,661.5000000000,315.0000000000,0.4761904762,325.4100000000,309.9100000000,FORCED_EOD,242,91.3500000000,7.9174620000,0.4410000000,8.3584620000,82.9915380000,22.8375000000,1.9793655000,0.1102500000,2.0896155000,20.7478845000
AVGO,AVGO,QQQ,2026-04-02 12:15:00-04:00,2026-04-02 12:16:00-04:00,2026-04-02 15:59:00-04:00,LONG,-3.2222960065,310.9500000000,309.3998601614,582.2150000000,579.5259106941,311.5430468291,310.9900000000,311.0521980000,314.5600000000,314.4970880000,64,19907.3406720000,10.5000000000,5.0000000000,672.0000000000,320.0000000000,0.4761904762,300.4900000000,315.9900000000,FORCED_EOD,223,228.4800000000,8.0070400000,0.4480000000,8.4550400000,220.0249600000,57.1200000000,2.0017600000,0.1120000000,2.1137600000,55.0062400000
AVGO,AVGO,QQQ,2026-04-06 10:53:00-04:00,2026-04-06 10:54:00-04:00,2026-04-06 15:59:00-04:00,SHORT,2.6104318983,311.7000000000,312.5906664586,586.8950000000,587.8204151074,311.7941975502,311.6700000000,311.6076660000,314.2910000000,314.3538582000,64,19942.8906240000,10.5000000000,5.0000000000,672.0000000000,320.0000000000,0.4761904762,322.1700000000,306.6700000000,FORCED_EOD,305,-167.7440000000,8.0123008000,0.4480000000,8.4603008000,-176.2043008000,-41.9360000000,2.0030752000,0.1120000000,2.1150752000,-44.0510752000
AVGO,AVGO,QQQ,2026-04-07 12:37:00-04:00,2026-04-07 12:38:00-04:00,2026-04-07 15:59:00-04:00,SHORT,3.1617575534,331.1801000000,325.9531247039,584.4901000000,582.3160215962,328.1828992786,331.2001000000,331.1338599800,333.8500000000,333.9167700000,60,19868.0315988000,10.5000000000,5.0000000000,630.0000000000,300.0000000000,0.4761904762,341.7001000000,326.2001000000,FORCED_EOD,201,-158.9940000000,7.9806012000,0.4200000000,8.4006012000,-167.3946012000,-39.7485000000,1.9951503000,0.1050000000,2.1001503000,-41.8486503000
AVGO,AVGO,QQQ,2026-04-08 11:14:00-04:00,2026-04-08 11:15:00-04:00,2026-04-08 15:59:00-04:00,SHORT,2.5205633592,346.6900000000,347.4688383322,604.4000000000,605.8962568859,346.7851057319,346.6350000000,346.5656730000,350.6400000000,350.7101280000,57,19754.2433610000,10.5000000000,5.0000000000,598.5000000000,285.0000000000,0.4761904762,357.1350000000,341.6350000000,FORCED_EOD,284,-228.2850000000,7.9489350000,0.3990000000,8.3479350000,-236.6329350000,-57.0712500000,1.9872337500,0.0997500000,2.0869837500,-59.1582337500
AVGO,AVGO,QQQ,2026-04-09 11:22:00-04:00,2026-04-09 11:23:00-04:00,2026-04-09 15:59:00-04:00,SHORT,2.5424470056,355.0582000000,354.0791189306,606.1750000000,604.7869932267,354.6408063874,355.0400000000,354.9689920000,354.9100000000,354.9809820000,56,19878.2635520000,10.5000000000,5.0000000000,588.0000000000,280.0000000000,0.4761904762,365.5400000000,350.0400000000,FORCED_EOD,276,7.2800000000,7.9514400000,0.3920000000,8.3434400000,-1.0634400000,1.8200000000,1.9878600000,0.0980000000,2.0858600000,-0.2658600000
AVGO,AVGO,QQQ,2026-04-10 10:01:00-04:00,2026-04-10 10:02:00-04:00,2026-04-10 10:22:00-04:00,LONG,-2.5803481888,367.6150000000,369.2037151537,611.1200000000,612.1543798240,368.6906729530,367.6150000000,367.6885230000,372.6150000000,372.5404770000,54,19855.1802420000,10.5000000000,5.0000000000,567.0000000000,270.0000000000,0.4761904762,357.1150000000,372.6150000000,TAKE_PROFIT_BRACKET,20,270.0000000000,7.9944840000,0.3780000000,8.3724840000,261.6275160000,67.5000000000,1.9986210000,0.0945000000,2.0931210000,65.4068790000
AVGO,AVGO,QQQ,2026-04-10 11:52:00-04:00,2026-04-10 11:53:00-04:00,2026-04-10 15:59:00-04:00,LONG,-2.5530395733,373.8490000000,371.9183167118,611.3100000000,612.1941934184,371.4765697340,373.8200000000,373.8947640000,371.6050000000,371.5306790000,53,19816.4224920000,10.5000000000,5.0000000000,556.5000000000,265.0000000000,0.4761904762,363.3200000000,378.8200000000,FORCED_EOD,246,-117.3950000000,7.9015050000,0.3710000000,8.2725050000,-125.6675050000,-29.3487500000,1.9753762500,0.0927500000,2.0681262500,-31.4168762500
AVGO,AVGO,QQQ,2026-04-13 12:02:00-04:00,2026-04-13 12:03:00-04:00,2026-04-13 12:50:00-04:00,LONG,-2.7587600054,372.1500000000,373.0217311367,611.1387000000,610.9684601639,373.0477093436,372.1600000000,372.2344320000,377.1600000000,377.0845680000,53,19728.4248960000,10.5000000000,5.0000000000,556.5000000000,265.0000000000,0.4761904762,361.6600000000,377.1600000000,TAKE_PROFIT_BRACKET,47,265.0000000000,7.9427920000,0.3710000000,8.3137920000,256.6862080000,66.2500000000,1.9856980000,0.0927500000,2.0784480000,64.1715520000
AVGO,AVGO,QQQ,2026-04-13 14:34:00-04:00,2026-04-13 14:35:00-04:00,2026-04-13 15:59:00-04:00,SHORT,2.5240496217,377.3300000000,374.1661190345,614.1700000000,612.1617710185,374.4729110996,377.2750000000,377.1995450000,379.6600000000,379.7359320000,53,19991.5758850000,10.5000000000,5.0000000000,556.5000000000,265.0000000000,0.4761904762,387.7750000000,372.2750000000,FORCED_EOD,84,-126.4050000000,8.0235110000,0.3710000000,8.3945110000,-134.7995110000,-31.6012500000,2.0058777500,0.0927500000,2.0986277500,-33.6998777500
AVGO,AVGO,QQQ,2026-04-14 11:54:00-04:00,2026-04-14 11:55:00-04:00,2026-04-14 15:59:00-04:00,SHORT,2.7620404170,381.2800000000,379.2877474752,625.9400000000,623.2297731065,379.6176276889,381.2750000000,381.1987450000,380.8000000000,380.8761600000,52,19822.3347400000,10.5000000000,5.0000000000,546.0000000000,260.0000000000,0.4761904762,391.7750000000,376.2750000000,FORCED_EOD,244,24.7000000000,7.9255800000,0.3640000000,8.2895800000,16.4104200000,6.1750000000,1.9813950000,0.0910000000,2.0723950000,4.1026050000
AVGO,AVGO,QQQ,2026-04-15 10:57:00-04:00,2026-04-15 10:58:00-04:00,2026-04-15 15:59:00-04:00,LONG,-2.8919280844,393.6750000000,393.4352003310,632.7050000000,630.4031850490,393.8360845229,393.7100000000,393.7887420000,396.6100000000,396.5306780000,50,19689.4371000000,10.5000000000,5.0000000000,525.0000000000,250.0000000000,0.4761904762,383.2100000000,398.7100000000,FORCED_EOD,301,145.0000000000,7.9032000000,0.3500000000,8.2532000000,136.7468000000,36.2500000000,1.9758000000,0.0875000000,2.0633000000,34.1867000000
AVGO,AVGO,QQQ,2026-04-16 11:16:00-04:00,2026-04-16 11:17:00-04:00,2026-04-16 15:59:00-04:00,SHORT,3.3444452586,399.6600000000,396.7519365150,640.3000000000,637.7106009709,397.0741356685,399.6800000000,399.6000640000,398.3600000000,398.4396720000,50,19980.0032000000,10.5000000000,5.0000000000,525.0000000000,250.0000000000,0.4761904762,410.1800000000,394.6800000000,FORCED_EOD,282,66.0000000000,7.9804000000,0.3500000000,8.3304000000,57.6696000000,16.5000000000,1.9951000000,0.0875000000,2.0826000000,14.4174000000
AVGO,AVGO,QQQ,2026-04-17 13:24:00-04:00,2026-04-17 13:25:00-04:00,2026-04-17 15:59:00-04:00,LONG,-2.7344704582,402.0700000000,402.7907271737,647.0100000000,647.8939533478,402.6808177634,402.2100000000,402.2904420000,406.4500000000,406.3687100000,49,19712.2316580000,10.5000000000,5.0000000000,514.5000000000,245.0000000000,0.4761904762,391.7100000000,407.2100000000,FORCED_EOD,154,207.7600000000,7.9248680000,0.3430000000,8.2678680000,199.4921320000,51.9400000000,1.9812170000,0.0857500000,2.0669670000,49.8730330000
AVGO,AVGO,QQQ,2026-04-20 10:03:00-04:00,2026-04-20 10:04:00-04:00,2026-04-20 15:59:00-04:00,LONG,-2.6561985006,400.5600000000,402.8223798981,647.0399000000,647.4594281752,402.6963091334,400.4900000000,400.5700980000,399.8400000000,399.7600320000,49,19627.9348020000,10.5000000000,5.0000000000,514.5000000000,245.0000000000,0.4761904762,389.9900000000,405.4900000000,FORCED_EOD,355,-31.8500000000,7.8432340000,0.3430000000,8.1862340000,-40.0362340000,-7.9625000000,1.9608085000,0.0857500000,2.0465585000,-10.0090585000
AVGO,AVGO,QQQ,2026-04-21 10:48:00-04:00,2026-04-21 10:49:00-04:00,2026-04-21 15:59:00-04:00,SHORT,2.7171628722,399.8805000000,397.6734256514,648.0800000000,648.3032928051,397.4482172327,399.9399000000,399.8599120200,402.2500000000,402.3304500000,50,19992.9956010000,10.5000000000,5.0000000000,525.0000000000,250.0000000000,0.4761904762,410.4399000000,394.9399000000,FORCED_EOD,310,-115.5050000000,8.0218990000,0.3500000000,8.3718990000,-123.8768990000,-28.8762500000,2.0054747500,0.0875000000,2.0929747500,-30.9692247500
AVGO,AVGO,QQQ,2026-04-22 10:47:00-04:00,2026-04-22 10:48:00-04:00,2026-04-22 15:59:00-04:00,SHORT,2.8959551879,413.4699000000,409.0532666445,652.5400000000,650.9001443909,411.2503509052,413.4300000000,413.3473140000,422.6000000000,422.6845200000,48,19840.6710720000,10.5000000000,5.0000000000,504.0000000000,240.0000000000,0.4761904762,423.9300000000,408.4300000000,FORCED_EOD,311,-440.1600000000,8.0258880000,0.3360000000,8.3618880000,-448.5218880000,-110.0400000000,2.0064720000,0.0840000000,2.0904720000,-112.1304720000
AVGO,AVGO,QQQ,2026-04-23 10:33:00-04:00,2026-04-23 10:34:00-04:00,2026-04-23 15:59:00-04:00,LONG,-2.7041988518,425.2050000000,425.0638346442,654.2600000000,653.7368783412,425.8552070900,425.2199000000,425.3049439800,419.9800000000,419.8960040000,47,19989.3323670600,10.5000000000,5.0000000000,493.5000000000,235.0000000000,0.4761904762,414.7199000000,430.2199000000,FORCED_EOD,325,-246.2753000000,7.9448790600,0.3290000000,8.2738790600,-254.5491790600,-61.5688250000,1.9862197650,0.0822500000,2.0684697650,-63.6372947650
AVGO,AVGO,QQQ,2026-04-24 11:26:00-04:00,2026-04-24 11:27:00-04:00,2026-04-24 11:51:00-04:00,LONG,-2.5164293682,414.8400000000,416.2386560062,660.8800000000,659.1592557576,418.6406292972,414.8400000000,414.9229680000,419.8400000000,419.7560320000,48,19916.3024640000,10.5000000000,5.0000000000,504.0000000000,240.0000000000,0.4761904762,404.3400000000,419.8400000000,TAKE_PROFIT_BRACKET,24,240.0000000000,8.0129280000,0.3360000000,8.3489280000,231.6510720000,60.0000000000,2.0032320000,0.0840000000,2.0872320000,57.9127680000
AVGO,AVGO,QQQ,2026-04-24 13:30:00-04:00,2026-04-24 13:31:00-04:00,2026-04-24 15:55:00-04:00,LONG,-2.5739951565,418.4650000000,417.2945550503,662.6000000000,660.4770532286,420.2595494850,418.3600000000,418.4436720000,423.3600000000,423.2753280000,47,19666.8525840000,10.5000000000,5.0000000000,493.5000000000,235.0000000000,0.4761904762,407.8600000000,423.3600000000,TAKE_PROFIT_BRACKET,144,235.0000000000,7.9121680000,0.3290000000,8.2411680000,226.7588320000,58.7500000000,1.9780420000,0.0822500000,2.0602920000,56.6897080000
AVGO,AVGO,QQQ,2026-04-27 13:49:00-04:00,2026-04-27 13:50:00-04:00,2026-04-27 15:59:00-04:00,SHORT,3.4882879597,417.1800000000,417.4253645333,664.0200000000,662.5795673531,418.7108741124,417.2050000000,417.1215590000,418.3200000000,418.4036640000,47,19604.7132730000,10.5000000000,5.0000000000,493.5000000000,235.0000000000,0.4761904762,427.7050000000,412.2050000000,FORCED_EOD,129,-52.4050000000,7.8539350000,0.3290000000,8.1829350000,-60.5879350000,-13.1012500000,1.9634837500,0.0822500000,2.0457337500,-15.1469837500
AVGO,AVGO,QQQ,2026-04-28 10:49:00-04:00,2026-04-28 10:50:00-04:00,2026-04-28 15:59:00-04:00,LONG,-2.5906654039,399.0100000000,402.1787103800,655.0500000000,657.3665714414,400.3035169237,399.0300000000,399.1098060000,399.8300000000,399.7500340000,50,19955.4903000000,10.5000000000,5.0000000000,525.0000000000,250.0000000000,0.4761904762,388.5300000000,404.0300000000,FORCED_EOD,309,40.0000000000,7.9886000000,0.3500000000,8.3386000000,31.6614000000,10.0000000000,1.9971500000,0.0875000000,2.0846500000,7.9153500000
AVGO,AVGO,QQQ,2026-04-29 14:36:00-04:00,2026-04-29 14:37:00-04:00,2026-04-29 15:25:00-04:00,LONG,-2.7307761146,399.0450000000,399.9243941518,659.6200000000,659.0828043156,400.6094496036,398.9500000000,399.0297900000,403.9500000000,403.8692100000,50,19951.4895000000,10.5000000000,5.0000000000,525.0000000000,250.0000000000,0.4761904762,388.4500000000,403.9500000000,TAKE_PROFIT_BRACKET,48,250.0000000000,8.0290000000,0.3500000000,8.3790000000,241.6210000000,62.5000000000,2.0072500000,0.0875000000,2.0947500000,60.4052500000
AVGO,AVGO,QQQ,2026-04-29 15:25:00-04:00,2026-04-29 15:26:00-04:00,2026-04-29 15:59:00-04:00,SHORT,3.3812367133,403.9500000000,400.0639277102,661.2250000000,659.2679766458,402.5597790797,403.9250000000,403.8442150000,405.5900000000,405.6711180000,49,19788.3665350000,10.5000000000,5.0000000000,514.5000000000,245.0000000000,0.4761904762,414.4250000000,398.9250000000,FORCED_EOD,33,-81.5850000000,7.9332470000,0.3430000000,8.2762470000,-89.8612470000,-20.3962500000,1.9833117500,0.0857500000,2.0690617500,-22.4653117500
AVGO,AVGO,QQQ,2026-04-30 10:29:00-04:00,2026-04-30 10:30:00-04:00,2026-04-30 11:09:00-04:00,LONG,-2.6770692250,407.6100000000,413.1115679450,659.1300000000,660.5806593936,411.7645815752,407.6000000000,407.6815200000,412.6000000000,412.5174800000,49,19976.3944800000,10.5000000000,5.0000000000,514.5000000000,245.0000000000,0.4761904762,397.1000000000,412.6000000000,TAKE_PROFIT_BRACKET,39,245.0000000000,8.0379600000,0.3430000000,8.3809600000,236.6190400000,61.2500000000,2.0094900000,0.0857500000,2.0952400000,59.1547600000
AVGO,AVGO,QQQ,2026-04-30 12:59:00-04:00,2026-04-30 13:00:00-04:00,2026-04-30 15:59:00-04:00,SHORT,2.5995430657,413.4900000000,412.0339234153,662.5300000000,661.3414738067,413.1333651447,413.4600000000,413.3773080000,417.4800000000,417.5634960000,48,19842.1107840000,10.5000000000,5.0000000000,504.0000000000,240.0000000000,0.4761904762,423.9600000000,408.4600000000,FORCED_EOD,179,-192.9600000000,7.9770240000,0.3360000000,8.3130240000,-201.2730240000,-48.2400000000,1.9942560000,0.0840000000,2.0782560000,-50.3182560000
AVGO,AVGO,QQQ,2026-05-01 11:01:00-04:00,2026-05-01 11:02:00-04:00,2026-05-01 15:59:00-04:00,SHORT,2.5452546229,419.9800000000,419.3305120788,673.0300000000,673.4749799389,418.7720485919,419.9100000000,419.8260180000,421.2300000000,421.3142460000,47,19731.8228460000,10.5000000000,5.0000000000,493.5000000000,235.0000000000,0.4761904762,430.4100000000,414.9100000000,FORCED_EOD,297,-62.0400000000,7.9067160000,0.3290000000,8.2357160000,-70.2757160000,-15.5100000000,1.9766790000,0.0822500000,2.0589290000,-17.5689290000
AVGO,AVGO,QQQ,2026-05-04 11:19:00-04:00,2026-05-04 11:20:00-04:00,2026-05-04 15:59:00-04:00,SHORT,2.5924582072,414.4850000000,418.6569190298,672.9600000000,675.2546198592,413.9859854055,414.3100000000,414.2271380000,416.4700000000,416.5532940000,48,19882.9026240000,10.5000000000,5.0000000000,504.0000000000,240.0000000000,0.4761904762,424.8100000000,409.3100000000,FORCED_EOD,279,-103.6800000000,7.9754880000,0.3360000000,8.3114880000,-111.9914880000,-25.9200000000,1.9938720000,0.0840000000,2.0778720000,-27.9978720000
AVGO,AVGO,QQQ,2026-05-05 10:58:00-04:00,2026-05-05 10:59:00-04:00,2026-05-05 15:59:00-04:00,SHORT,2.6105765914,423.8800000000,422.6174612547,680.6000000000,680.0705226528,423.6656306466,423.8450000000,423.7602310000,427.5000000000,427.5855000000,47,19916.7308570000,10.5000000000,5.0000000000,493.5000000000,235.0000000000,0.4761904762,434.3450000000,418.8450000000,FORCED_EOD,300,-171.7850000000,8.0026430000,0.3290000000,8.3316430000,-180.1166430000,-42.9462500000,2.0006607500,0.0822500000,2.0829107500,-45.0291607500
AVGO,AVGO,QQQ,2026-05-06 15:05:00-04:00,2026-05-06 15:06:00-04:00,2026-05-06 15:59:00-04:00,LONG,-2.5225003798,421.2592000000,424.3185947050,693.9400000000,690.9644922758,428.8872487325,421.3300000000,421.4142660000,425.3900000000,425.3049220000,47,19806.4705020000,10.5000000000,5.0000000000,493.5000000000,235.0000000000,0.4761904762,410.8300000000,426.3300000000,FORCED_EOD,53,190.8200000000,7.9591680000,0.3290000000,8.2881680000,182.5318320000,47.7050000000,1.9897920000,0.0822500000,2.0720420000,45.6329580000
AVGO,AVGO,QQQ,2026-05-07 10:29:00-04:00,2026-05-07 10:30:00-04:00,2026-05-07 12:00:00-04:00,SHORT,2.6259873938,423.9900000000,418.7824949465,699.5200000000,697.6253774939,419.3188614064,423.9992000000,423.9144001600,418.9992000000,419.0829998400,47,19923.9768075200,10.5000000000,5.0000000000,493.5000000000,235.0000000000,0.4761904762,434.4992000000,418.9992000000,TAKE_PROFIT_BRACKET,90,235.0000000000,7.9241849600,0.3290000000,8.2531849600,226.7468150400,58.7500000000,1.9810462400,0.0822500000,2.0632962400,56.6867037600
AVGO,AVGO,QQQ,2026-05-07 12:00:00-04:00,2026-05-07 12:01:00-04:00,2026-05-07 14:11:00-04:00,LONG,-2.9152303214,418.9450000000,420.2287152620,697.0400000000,698.4568361318,419.8267037886,418.8500000000,418.9337700000,408.3500000000,408.2683300000,47,19689.8871900000,10.5000000000,5.0000000000,493.5000000000,235.0000000000,0.4761904762,408.3500000000,423.8500000000,STOP,130,-493.5000000000,7.7756800000,0.3290000000,8.1046800000,-501.6046800000,-123.3750000000,1.9439200000,0.0822500000,2.0261700000,-125.4011700000
AVGO,AVGO,QQQ,2026-05-07 14:11:00-04:00,2026-05-07 14:12:00-04:00,2026-05-07 15:13:00-04:00,LONG,-4.7991779161,408.0900000000,418.1089586883,694.8400000000,696.7973291120,417.5550737920,408.0900000000,408.1716180000,413.0900000000,413.0073820000,48,19592.2376640000,10.5000000000,5.0000000000,504.0000000000,240.0000000000,0.4761904762,397.5900000000,413.0900000000,TAKE_PROFIT_BRACKET,61,240.0000000000,7.8833280000,0.3360000000,8.2193280000,231.7806720000,60.0000000000,1.9708320000,0.0840000000,2.0548320000,57.9451680000
AVGO,AVGO,QQQ,2026-05-07 15:50:00-04:00,2026-05-07 15:51:00-04:00,2026-05-07 15:59:00-04:00,SHORT,2.7513879593,415.2200000000,415.9708790733,695.1900000000,696.1102616962,415.7115394299,415.1600000000,415.0769680000,412.5700000000,412.6525140000,48,19923.6944640000,10.5000000000,5.0000000000,504.0000000000,240.0000000000,0.4761904762,425.6600000000,410.1600000000,FORCED_EOD,8,124.3200000000,7.9462080000,0.3360000000,8.2822080000,116.0377920000,31.0800000000,1.9865520000,0.0840000000,2.0705520000,29.0094480000
AVGO,AVGO,QQQ,2026-05-08 12:00:00-04:00,2026-05-08 12:01:00-04:00,2026-05-08 15:59:00-04:00,SHORT,2.7412069020,426.0150000000,421.9365152677,707.6300000000,705.5034954377,423.5622426870,425.9900000000,425.9048020000,429.9000000000,429.9859800000,46,19591.6208920000,10.5000000000,5.0000000000,483.0000000000,230.0000000000,0.4761904762,436.4900000000,420.9900000000,FORCED_EOD,238,-179.8600000000,7.8741880000,0.3220000000,8.1961880000,-188.0561880000,-44.9650000000,1.9685470000,0.0805000000,2.0490470000,-47.0140470000
AVGO,AVGO,QQQ,2026-05-11 11:55:00-04:00,2026-05-11 11:56:00-04:00,2026-05-11 15:59:00-04:00,LONG,-2.6275859034,430.4250000000,429.5330783468,714.3050000000,711.9745305121,432.1362473720,430.5300000000,430.6161060000,428.4800000000,428.3943040000,46,19808.3408760000,10.5000000000,5.0000000000,483.0000000000,230.0000000000,0.4761904762,420.0300000000,435.5300000000,FORCED_EOD,243,-94.3000000000,7.9028920000,0.3220000000,8.2248920000,-102.5248920000,-23.5750000000,1.9757230000,0.0805000000,2.0562230000,-25.6312230000
AVGO,AVGO,QQQ,2026-05-12 12:04:00-04:00,2026-05-12 12:05:00-04:00,2026-05-12 15:36:00-04:00,LONG,-2.7026533144,412.6900000000,420.4764430426,700.2000000000,704.0484228932,415.9544035065,412.7300000000,412.8125460000,417.7300000000,417.6464540000,48,19815.0022080000,10.5000000000,5.0000000000,504.0000000000,240.0000000000,0.4761904762,402.2300000000,417.7300000000,TAKE_PROFIT_BRACKET,211,240.0000000000,7.9724160000,0.3360000000,8.3084160000,231.6915840000,60.0000000000,1.9931040000,0.0840000000,2.0771040000,57.9228960000
AVGO,AVGO,QQQ,2026-05-13 11:31:00-04:00,2026-05-13 11:32:00-04:00,2026-05-13 13:11:00-04:00,LONG,-2.5941808375,412.4700000000,411.0403884916,710.6599000000,708.6364702303,412.8739600578,412.3800000000,412.4624760000,417.3800000000,417.2965240000,48,19798.1988480000,10.5000000000,5.0000000000,504.0000000000,240.0000000000,0.4761904762,401.8800000000,417.3800000000,TAKE_PROFIT_BRACKET,99,240.0000000000,7.9656960000,0.3360000000,8.3016960000,231.6983040000,60.0000000000,1.9914240000,0.0840000000,2.0754240000,57.9245760000
AVGO,AVGO,QQQ,2026-05-13 14:13:00-04:00,2026-05-13 14:14:00-04:00,2026-05-13 15:59:00-04:00,LONG,-2.6429066638,417.3400000000,412.6799859473,715.4900000000,710.5668751685,417.1468016043,417.3150000000,417.3984630000,416.7000000000,416.6166600000,47,19617.7277610000,10.5000000000,5.0000000000,493.5000000000,235.0000000000,0.4761904762,406.8150000000,422.3150000000,FORCED_EOD,105,-28.9050000000,7.8397410000,0.3290000000,8.1687410000,-37.0737410000,-7.2262500000,1.9599352500,0.0822500000,2.0421852500,-9.2684352500
AVGO,AVGO,QQQ,2026-05-14 13:09:00-04:00,2026-05-14 13:10:00-04:00,2026-05-14 15:59:00-04:00,SHORT,3.1803115792,433.2900000000,432.8433219504,719.7650000000,719.3807549159,433.3215946376,433.2400000000,433.1533520000,439.6900000000,439.7779380000,46,19925.0541920000,10.5000000000,5.0000000000,483.0000000000,230.0000000000,0.4761904762,443.7400000000,428.2400000000,FORCED_EOD,169,-296.7000000000,8.0309560000,0.3220000000,8.3529560000,-305.0529560000,-74.1750000000,2.0077390000,0.0805000000,2.0882390000,-76.2632390000
AVGO,AVGO,QQQ,2026-05-15 10:49:00-04:00,2026-05-15 10:50:00-04:00,2026-05-15 12:33:00-04:00,LONG,-2.7559929942,424.4550000000,427.5307194754,710.3800000000,709.4793776413,428.5615178066,424.4850000000,424.5698970000,429.4850000000,429.3991030000,47,19954.7851590000,10.5000000000,5.0000000000,493.5000000000,235.0000000000,0.4761904762,413.9850000000,429.4850000000,TAKE_PROFIT_BRACKET,103,235.0000000000,8.0273180000,0.3290000000,8.3563180000,226.6436820000,58.7500000000,2.0068295000,0.0822500000,2.0890795000,56.6609205000
AVGO,AVGO,QQQ,2026-05-15 15:10:00-04:00,2026-05-15 15:11:00-04:00,2026-05-15 15:59:00-04:00,SHORT,3.0825706883,426.3400000000,427.2545957188,711.0800000000,710.9547554412,427.3975532632,426.2850000000,426.1997430000,425.1000000000,425.1850200000,46,19605.1881780000,10.5000000000,5.0000000000,483.0000000000,230.0000000000,0.4761904762,436.7850000000,421.2850000000,FORCED_EOD,48,54.5100000000,7.8327420000,0.3220000000,8.1547420000,46.3552580000,13.6275000000,1.9581855000,0.0805000000,2.0386855000,11.5888145000
AVGO,AVGO,QQQ,2026-05-18 10:34:00-04:00,2026-05-18 10:35:00-04:00,2026-05-18 15:59:00-04:00,SHORT,3.2662665823,416.1700000000,418.5266838165,703.9240000000,708.5113271160,412.7384824674,416.1800000000,416.0967640000,420.4800000000,420.5640960000,48,19972.6446720000,10.5000000000,5.0000000000,504.0000000000,240.0000000000,0.4761904762,426.6800000000,411.1800000000,FORCED_EOD,324,-206.4000000000,8.0319360000,0.3360000000,8.3679360000,-214.7679360000,-51.6000000000,2.0079840000,0.0840000000,2.0919840000,-53.6919840000
AVGO,AVGO,QQQ,2026-05-19 11:03:00-04:00,2026-05-19 11:04:00-04:00,2026-05-19 13:12:00-04:00,LONG,-2.5622363901,409.8850000000,410.3421987609,698.9600000000,699.2385782245,409.9743266596,409.9960000000,410.0779992000,414.9960000000,414.9130008000,48,19683.7439616000,10.5000000000,5.0000000000,504.0000000000,240.0000000000,0.4761904762,399.4960000000,414.9960000000,TAKE_PROFIT_BRACKET,128,240.0000000000,7.9199232000,0.3360000000,8.2559232000,231.7440768000,60.0000000000,1.9799808000,0.0840000000,2.0639808000,57.9360192000
AVGO,AVGO,QQQ,2026-05-19 14:30:00-04:00,2026-05-19 14:31:00-04:00,2026-05-19 15:59:00-04:00,SHORT,2.7269182650,412.5300000000,411.2357630405,703.9800000000,700.7954745812,415.4408326934,412.4600000000,412.3775080000,411.1200000000,411.2022240000,48,19794.1203840000,10.5000000000,5.0000000000,504.0000000000,240.0000000000,0.4761904762,422.9600000000,407.4600000000,FORCED_EOD,88,64.3200000000,7.9063680000,0.3360000000,8.2423680000,56.0776320000,16.0800000000,1.9765920000,0.0840000000,2.0605920000,14.0194080000
AVGO,AVGO,QQQ,2026-05-20 14:12:00-04:00,2026-05-20 14:13:00-04:00,2026-05-20 15:59:00-04:00,SHORT,2.5998392489,418.8150000000,417.8988877690,710.8600000000,708.8709427338,420.6041103000,418.8400000000,418.7562320000,417.5300000000,417.6135060000,47,19681.5429040000,10.5000000000,5.0000000000,493.5000000000,235.0000000000,0.4761904762,429.3400000000,413.8400000000,FORCED_EOD,106,61.5700000000,7.8618780000,0.3290000000,8.1908780000,53.3791220000,15.3925000000,1.9654695000,0.0822500000,2.0477195000,13.3447805000
AVGO,AVGO,QQQ,2026-05-21 10:27:00-04:00,2026-05-21 10:28:00-04:00,2026-05-21 15:59:00-04:00,LONG,-2.5167386610,415.7850000000,418.7612284510,708.2182000000,709.5318244162,417.0403772084,415.8000000000,415.8831600000,414.5800000000,414.4970840000,48,19962.3916800000,10.5000000000,5.0000000000,504.0000000000,240.0000000000,0.4761904762,405.3000000000,420.8000000000,FORCED_EOD,331,-58.5600000000,7.9716480000,0.3360000000,8.3076480000,-66.8676480000,-14.6400000000,1.9929120000,0.0840000000,2.0769120000,-16.7169120000
AVGO,AVGO,QQQ,2026-05-22 10:24:00-04:00,2026-05-22 10:25:00-04:00,2026-05-22 15:59:00-04:00,LONG,-2.6522574053,410.4800000000,416.0084418951,716.5500000000,718.7177490510,414.0749792817,410.5050000000,410.5871010000,414.1400000000,414.0571720000,48,19708.1808480000,10.5000000000,5.0000000000,504.0000000000,240.0000000000,0.4761904762,400.0050000000,415.5050000000,FORCED_EOD,334,174.4800000000,7.9165920000,0.3360000000,8.2525920000,166.2274080000,43.6200000000,1.9791480000,0.0840000000,2.0631480000,41.5568520000
AVGO,AVGO,QQQ,2026-05-26 13:05:00-04:00,2026-05-26 13:06:00-04:00,2026-05-26 15:59:00-04:00,SHORT,2.5379111553,423.8500000000,426.0991772031,728.1000000000,727.9803223259,426.2054416008,423.8850000000,423.8002230000,421.8800000000,421.9643760000,47,19918.6104810000,10.5000000000,5.0000000000,493.5000000000,235.0000000000,0.4761904762,434.3850000000,418.8850000000,FORCED_EOD,173,94.2350000000,7.9501910000,0.3290000000,8.2791910000,85.9558090000,23.5587500000,1.9875477500,0.0822500000,2.0697977500,21.4889522500
AVGO,AVGO,QQQ,2026-05-27 11:10:00-04:00,2026-05-27 11:11:00-04:00,2026-05-27 15:59:00-04:00,SHORT,2.6992249728,420.7350000000,423.0966711070,727.7700000000,728.9181843624,421.9878819078,420.8000000000,420.7158400000,421.9400000000,422.0243880000,47,19773.6444800000,10.5000000000,5.0000000000,493.5000000000,235.0000000000,0.4761904762,431.3000000000,415.8000000000,FORCED_EOD,288,-53.5800000000,7.9217560000,0.3290000000,8.2507560000,-61.8307560000,-13.3950000000,1.9804390000,0.0822500000,2.0626890000,-15.4576890000
AVGO,AVGO,QQQ,2026-05-28 15:23:00-04:00,2026-05-28 15:24:00-04:00,2026-05-28 15:59:00-04:00,LONG,-2.5873485717,426.0100000000,423.2387857798,735.1400000000,733.0013984604,424.7387145094,426.0100000000,426.0952020000,426.5800000000,426.4946840000,46,19600.3792920000,10.5000000000,5.0000000000,483.0000000000,230.0000000000,0.4761904762,415.5100000000,431.0100000000,FORCED_EOD,35,26.2200000000,7.8438280000,0.3220000000,8.1658280000,18.0541720000,6.5550000000,1.9609570000,0.0805000000,2.0414570000,4.5135430000
AVGO,AVGO,QQQ,2026-05-29 13:27:00-04:00,2026-05-29 13:28:00-04:00,2026-05-29 15:50:00-04:00,LONG,-2.5787547260,437.6600000000,440.2632304845,737.5390000000,738.4902994191,439.5440479173,437.6500000000,437.7375300000,442.6500000000,442.5614700000,45,19698.1888500000,10.5000000000,5.0000000000,472.5000000000,225.0000000000,0.4761904762,427.1500000000,442.6500000000,TAKE_PROFIT_BRACKET,142,225.0000000000,7.9227000000,0.3150000000,8.2377000000,216.7623000000,56.2500000000,1.9806750000,0.0787500000,2.0594250000,54.1905750000
AVGO,AVGO,QQQ,2026-05-29 15:50:00-04:00,2026-05-29 15:51:00-04:00,2026-05-29 15:59:00-04:00,SHORT,4.9130081159,445.1100000000,439.6940155940,738.9150000000,738.1992117870,440.2346651108,445.1200000000,445.0309760000,447.2400000000,447.3294480000,44,19581.3629440000,10.5000000000,5.0000000000,462.0000000000,220.0000000000,0.4761904762,455.6200000000,440.1200000000,FORCED_EOD,8,-93.2800000000,7.8527680000,0.3080000000,8.1607680000,-101.4407680000,-23.3200000000,1.9631920000,0.0770000000,2.0401920000,-25.3601920000
AVGO,AVGO,QQQ,2026-06-01 10:42:00-04:00,2026-06-01 10:43:00-04:00,2026-06-01 10:57:00-04:00,SHORT,2.8100784758,459.8400000000,450.5247745771,738.9600000000,738.1654537991,450.7396071028,459.8400000000,459.7480320000,454.8400000000,454.9309680000,43,19769.1653760000,10.5000000000,5.0000000000,451.5000000000,215.0000000000,0.4761904762,470.3400000000,454.8400000000,TAKE_PROFIT_BRACKET,14,215.0000000000,7.8662480000,0.3010000000,8.1672480000,206.8327520000,53.7500000000,1.9665620000,0.0752500000,2.0418120000,51.7081880000
AVGO,AVGO,QQQ,2026-06-01 12:01:00-04:00,2026-06-01 12:02:00-04:00,2026-06-01 15:59:00-04:00,SHORT,3.0224136995,460.8000000000,452.7260986724,741.6300000000,739.1162914357,453.4082073874,460.8000000000,460.7078400000,459.9900000000,460.0819980000,43,19810.4371200000,10.5000000000,5.0000000000,451.5000000000,215.0000000000,0.4761904762,471.3000000000,455.8000000000,FORCED_EOD,237,34.8300000000,7.9187940000,0.3010000000,8.2197940000,26.6102060000,8.7075000000,1.9796985000,0.0752500000,2.0549485000,6.6525515000
AVGO,AVGO,QQQ,2026-06-02 11:04:00-04:00,2026-06-02 11:05:00-04:00,2026-06-02 11:22:00-04:00,LONG,-2.8465877868,476.6500000000,481.6657664664,744.1499000000,742.5133035216,481.8780973414,476.6500000000,476.7453300000,481.6500000000,481.5536700000,41,19546.5585300000,10.5000000000,5.0000000000,430.5000000000,205.0000000000,0.4761904762,466.1500000000,481.6500000000,TAKE_PROFIT_BRACKET,17,205.0000000000,7.8580600000,0.2870000000,8.1450600000,196.8549400000,51.2500000000,1.9645150000,0.0717500000,2.0362650000,49.2137350000
AVGO,AVGO,QQQ,2026-06-02 12:47:00-04:00,2026-06-02 12:48:00-04:00,2026-06-02 14:28:00-04:00,LONG,-3.0259188843,481.1800000000,481.8104410184,744.7300000000,743.4057403908,481.9820948197,481.0900000000,481.1862180000,470.5900000000,470.4958820000,41,19728.6349380000,10.5000000000,5.0000000000,430.5000000000,205.0000000000,0.4761904762,470.5900000000,486.0900000000,STOP,100,-430.5000000000,7.8037760000,0.2870000000,8.0907760000,-438.5907760000,-107.6250000000,1.9509440000,0.0717500000,2.0226940000,-109.6476940000
AVGO,AVGO,QQQ,2026-06-02 15:15:00-04:00,2026-06-02 15:16:00-04:00,2026-06-02 15:59:00-04:00,SHORT,2.5216441530,477.0924000000,479.8005323656,745.3500000000,743.7899160539,480.0018067018,477.0000000000,476.9046000000,481.5400000000,481.6363080000,41,19553.0886000000,10.5000000000,5.0000000000,430.5000000000,205.0000000000,0.4761904762,487.5000000000,472.0000000000,FORCED_EOD,43,-186.1400000000,7.8600280000,0.2870000000,8.1470280000,-194.2870280000,-46.5350000000,1.9650070000,0.0717500000,2.0367570000,-48.5717570000
AVGO,AVGO,QQQ,2026-06-03 11:47:00-04:00,2026-06-03 11:48:00-04:00,2026-06-03 15:07:00-04:00,LONG,-2.6899738891,484.1400000000,483.3488388444,742.9900000000,744.9739606665,481.3552931864,484.1900000000,484.2868380000,489.1900000000,489.0921620000,41,19855.7603580000,10.5000000000,5.0000000000,430.5000000000,205.0000000000,0.4761904762,473.6900000000,489.1900000000,TAKE_PROFIT_BRACKET,199,205.0000000000,7.9817160000,0.2870000000,8.2687160000,196.7312840000,51.2500000000,1.9954290000,0.0717500000,2.0671790000,49.1828210000
AVGO,AVGO,QQQ,2026-06-03 15:07:00-04:00,2026-06-03 15:08:00-04:00,2026-06-03 15:33:00-04:00,SHORT,2.7840559724,489.2950000000,484.2886313075,744.9200000000,744.4385399998,484.7737066281,489.3180000000,489.2201364000,484.3180000000,484.4148636000,40,19568.8054560000,10.5000000000,5.0000000000,420.0000000000,200.0000000000,0.4761904762,499.8180000000,484.3180000000,TAKE_PROFIT_BRACKET,25,200.0000000000,7.7890880000,0.2800000000,8.0690880000,191.9309120000,50.0000000000,1.9472720000,0.0700000000,2.0172720000,47.9827280000
AVGO,AVGO,QQQ,2026-06-03 15:33:00-04:00,2026-06-03 15:34:00-04:00,2026-06-03 15:59:00-04:00,LONG,-2.9935757691,484.3150000000,484.5034460281,744.4000000000,744.4260537357,484.4771845691,484.3100000000,484.4068620000,479.1800000000,479.0841640000,41,19860.6813420000,10.5000000000,5.0000000000,430.5000000000,205.0000000000,0.4761904762,473.8100000000,489.3100000000,FORCED_EOD,25,-210.3300000000,7.9006180000,0.2870000000,8.1876180000,-218.5176180000,-52.5825000000,1.9751545000,0.0717500000,2.0469045000,-54.6294045000
AVGO,AVGO,QQQ,2026-06-04 12:49:00-04:00,2026-06-04 12:50:00-04:00,2026-06-04 14:01:00-04:00,SHORT,2.8280036912,414.0300000000,409.1380643266,740.3900000000,736.9024446116,413.4965648035,414.0250000000,413.9421950000,424.5250000000,424.6099050000,48,19869.2253600000,10.5000000000,5.0000000000,504.0000000000,240.0000000000,0.4761904762,424.5250000000,409.0250000000,STOP,71,-504.0000000000,8.0500800000,0.3360000000,8.3860800000,-512.3860800000,-126.0000000000,2.0125200000,0.0840000000,2.0965200000,-128.0965200000
AVGO,AVGO,QQQ,2026-06-04 14:14:00-04:00,2026-06-04 14:15:00-04:00,2026-06-04 15:59:00-04:00,LONG,-3.0890554255,421.3700000000,411.5871121943,743.3000000000,737.7144954142,418.6015352955,421.3700000000,421.4542740000,419.0300000000,418.9461940000,47,19808.3508780000,10.5000000000,5.0000000000,493.5000000000,235.0000000000,0.4761904762,410.8700000000,426.3700000000,FORCED_EOD,104,-109.9800000000,7.8997600000,0.3290000000,8.2287600000,-118.2087600000,-27.4950000000,1.9749400000,0.0822500000,2.0571900000,-29.5521900000
AVGO,AVGO,QQQ,2026-06-05 12:30:00-04:00,2026-06-05 12:31:00-04:00,2026-06-05 14:38:00-04:00,SHORT,3.2515680284,394.0300000000,399.8474978253,717.5500000000,724.2689146488,385.0102396958,394.0300000000,393.9511940000,389.0300000000,389.1078060000,50,19697.5597000000,10.5000000000,5.0000000000,525.0000000000,250.0000000000,0.4761904762,404.5300000000,389.0300000000,TAKE_PROFIT_BRACKET,127,250.0000000000,7.8306000000,0.3500000000,8.1806000000,241.8194000000,62.5000000000,1.9576500000,0.0875000000,2.0451500000,60.4548500000
AVGO,AVGO,QQQ,2026-06-05 15:15:00-04:00,2026-06-05 15:16:00-04:00,2026-06-05 15:59:00-04:00,SHORT,2.9178502299,386.9550000000,397.1532902127,705.6100000000,718.0588063323,369.6119002848,386.9550000000,386.8776090000,385.7400000000,385.8171480000,51,19730.7580590000,10.5000000000,5.0000000000,535.5000000000,255.0000000000,0.4761904762,397.4550000000,381.9550000000,FORCED_EOD,43,61.9650000000,7.8814890000,0.3570000000,8.2384890000,53.7265110000,15.4912500000,1.9703722500,0.0892500000,2.0596222500,13.4316277500
AVGO,AVGO,QQQ,2026-06-08 10:47:00-04:00,2026-06-08 10:48:00-04:00,2026-06-08 12:38:00-04:00,SHORT,2.6465671612,399.2600000000,396.6272421393,720.3600000000,716.7121773950,400.3535026223,399.2450000000,399.1651510000,394.2450000000,394.3238490000,50,19958.2575500000,10.5000000000,5.0000000000,525.0000000000,250.0000000000,0.4761904762,409.7450000000,394.2450000000,TAKE_PROFIT_BRACKET,110,250.0000000000,7.9349000000,0.3500000000,8.2849000000,241.7151000000,62.5000000000,1.9837250000,0.0875000000,2.0712250000,60.4287750000
AVGO,AVGO,QQQ,2026-06-08 12:57:00-04:00,2026-06-08 12:58:00-04:00,2026-06-08 15:59:00-04:00,SHORT,2.8458043509,396.9800000000,396.9875658858,719.3400000000,718.6568852319,397.6841133761,396.9562000000,396.8768087600,396.6800000000,396.7593360000,50,19843.8404380000,10.5000000000,5.0000000000,525.0000000000,250.0000000000,0.4761904762,407.4562000000,391.9562000000,FORCED_EOD,181,13.8100000000,7.9363620000,0.3500000000,8.2863620000,5.5236380000,3.4525000000,1.9840905000,0.0875000000,2.0715905000,1.3809095000
AVGO,AVGO,QQQ,2026-06-09 12:24:00-04:00,2026-06-09 12:25:00-04:00,2026-06-09 12:31:00-04:00,SHORT,2.5586425018,376.1500000000,389.5511917476,693.9100000000,708.2074020602,375.4658671688,376.0800000000,376.0047840000,386.5800000000,386.6573160000,53,19928.2535520000,10.5000000000,5.0000000000,556.5000000000,265.0000000000,0.4761904762,386.5800000000,371.0800000000,STOP,6,-556.5000000000,8.0841960000,0.3710000000,8.4551960000,-564.9551960000,-139.1250000000,2.0210490000,0.0927500000,2.1137990000,-141.2387990000
AVGO,AVGO,QQQ,2026-06-09 12:38:00-04:00,2026-06-09 12:39:00-04:00,2026-06-09 13:28:00-04:00,SHORT,2.8473169065,372.0100000000,388.3139576183,688.6100000000,706.5944263934,370.6122551112,372.0250000000,371.9505950000,382.5250000000,382.6015050000,53,19713.3815350000,10.5000000000,5.0000000000,556.5000000000,265.0000000000,0.4761904762,382.5250000000,367.0250000000,STOP,49,-556.5000000000,7.9982300000,0.3710000000,8.3692300000,-564.8692300000,-139.1250000000,1.9995575000,0.0927500000,2.0923075000,-141.2173075000
AVGO,AVGO,QQQ,2026-06-09 14:10:00-04:00,2026-06-09 14:11:00-04:00,2026-06-09 15:59:00-04:00,SHORT,2.5549899349,385.0000000000,385.5716961078,701.3000000000,703.0037402771,383.8980772761,385.0200000000,384.9429960000,392.7400000000,392.8185480000,51,19632.0927960000,10.5000000000,5.0000000000,535.5000000000,255.0000000000,0.4761904762,395.5200000000,380.0200000000,FORCED_EOD,108,-393.7200000000,7.9331520000,0.3570000000,8.2901520000,-402.0101520000,-98.4300000000,1.9832880000,0.0892500000,2.0725380000,-100.5025380000
AVGO,AVGO,QQQ,2026-06-10 13:00:00-04:00,2026-06-10 13:01:00-04:00,2026-06-10 13:54:00-04:00,LONG,-2.7910180448,372.6760000000,375.8188498575,698.7500000000,702.8269385104,372.7450340819,372.8200000000,372.8945640000,377.8200000000,377.7444360000,53,19763.4118920000,10.5000000000,5.0000000000,556.5000000000,265.0000000000,0.4761904762,362.3200000000,377.8200000000,TAKE_PROFIT_BRACKET,53,265.0000000000,7.9567840000,0.3710000000,8.3277840000,256.6722160000,66.2500000000,1.9891960000,0.0927500000,2.0819460000,64.1680540000
AVGO,AVGO,QQQ,2026-06-10 14:46:00-04:00,2026-06-10 14:47:00-04:00,2026-06-10 15:59:00-04:00,LONG,-2.7109669330,375.1700000000,375.9051549983,696.5100000000,701.8269540863,371.8897933943,375.2000000000,375.2750400000,372.1000000000,372.0255800000,53,19889.5771200000,10.5000000000,5.0000000000,556.5000000000,265.0000000000,0.4761904762,364.7000000000,380.2000000000,FORCED_EOD,72,-164.3000000000,7.9213800000,0.3710000000,8.2923800000,-172.5923800000,-41.0750000000,1.9803450000,0.0927500000,2.0730950000,-43.1480950000
AVGO,AVGO,QQQ,2026-06-11 13:31:00-04:00,2026-06-11 13:32:00-04:00,2026-06-11 15:15:00-04:00,LONG,-3.7428225036,380.8900000000,377.0395590582,708.0400000000,701.5448934203,381.5480322171,381.0000000000,381.0762000000,386.0000000000,385.9228000000,52,19815.9624000000,10.5000000000,5.0000000000,546.0000000000,260.0000000000,0.4761904762,370.5000000000,386.0000000000,TAKE_PROFIT_BRACKET,103,260.0000000000,7.9768000000,0.3640000000,8.3408000000,251.6592000000,65.0000000000,1.9942000000,0.0910000000,2.0852000000,62.9148000000
AVGO,AVGO,QQQ,2026-06-11 15:27:00-04:00,2026-06-11 15:28:00-04:00,2026-06-11 15:59:00-04:00,LONG,-2.5378320375,385.4400000000,378.9175536636,715.2290000000,704.8271016887,386.1400360103,385.4500000000,385.5270900000,385.0100000000,384.9329980000,51,19661.8815900000,10.5000000000,5.0000000000,535.5000000000,255.0000000000,0.4761904762,374.9500000000,390.4500000000,FORCED_EOD,31,-22.4400000000,7.8586920000,0.3570000000,8.2156920000,-30.6556920000,-5.6100000000,1.9646730000,0.0892500000,2.0539230000,-7.6639230000
AVGO,AVGO,QQQ,2026-06-12 11:19:00-04:00,2026-06-12 11:20:00-04:00,2026-06-12 11:49:00-04:00,SHORT,3.0969782741,384.5200000000,380.8451475287,723.3000000000,717.0264167970,385.9830701555,384.5200000000,384.4430960000,379.5200000000,379.5959040000,52,19991.0409920000,10.5000000000,5.0000000000,546.0000000000,260.0000000000,0.4761904762,395.0200000000,379.5200000000,TAKE_PROFIT_BRACKET,29,260.0000000000,7.9460160000,0.3640000000,8.3100160000,251.6899840000,65.0000000000,1.9865040000,0.0910000000,2.0775040000,62.9224960000
AVGO,AVGO,QQQ,2026-06-12 11:49:00-04:00,2026-06-12 11:50:00-04:00,2026-06-12 15:59:00-04:00,SHORT,3.0035697241,379.6000000000,381.0078613378,717.4000000000,718.0225070735,380.4985318777,379.6400000000,379.5640720000,382.0300000000,382.1064060000,52,19737.3317440000,10.5000000000,5.0000000000,546.0000000000,260.0000000000,0.4761904762,390.1400000000,374.6400000000,FORCED_EOD,249,-124.2800000000,7.9213680000,0.3640000000,8.2853680000,-132.5653680000,-31.0700000000,1.9803420000,0.0910000000,2.0713420000,-33.1413420000
AVGO,AVGO,QQQ,2026-06-15 13:42:00-04:00,2026-06-15 13:43:00-04:00,2026-06-15 15:59:00-04:00,SHORT,2.7931687663,393.9700000000,392.3100680372,743.9600000000,741.9586909906,393.9320886272,393.9771000000,393.8983045800,394.0700000000,394.1488140000,50,19694.9152290000,10.5000000000,5.0000000000,525.0000000000,250.0000000000,0.4761904762,404.4771000000,388.9771000000,FORCED_EOD,136,-4.6450000000,7.8804710000,0.3500000000,8.2304710000,-12.8754710000,-1.1612500000,1.9701177500,0.0875000000,2.0576177500,-3.2188677500
AVGO,AVGO,QQQ,2026-06-16 10:15:00-04:00,2026-06-16 10:16:00-04:00,2026-06-16 15:59:00-04:00,LONG,-2.5202960956,384.1900000000,387.9829024842,742.3000000000,742.6961800402,387.6910286736,384.1100000000,384.1868220000,376.6100000000,376.5346780000,52,19977.7147440000,10.5000000000,5.0000000000,546.0000000000,260.0000000000,0.4761904762,373.6100000000,389.1100000000,FORCED_EOD,343,-390.0000000000,7.9114880000,0.3640000000,8.2754880000,-398.2754880000,-97.5000000000,1.9778720000,0.0910000000,2.0688720000,-99.5688720000
AVGO,AVGO,QQQ,2026-06-17 11:11:00-04:00,2026-06-17 11:12:00-04:00,2026-06-17 14:05:00-04:00,SHORT,2.8735129244,398.3000000000,392.2461408907,731.6900000000,732.9255902138,391.1980075615,398.2650000000,398.1853470000,393.2650000000,393.3436530000,50,19909.2673500000,10.5000000000,5.0000000000,525.0000000000,250.0000000000,0.4761904762,408.7650000000,393.2650000000,TAKE_PROFIT_BRACKET,173,250.0000000000,7.9153000000,0.3500000000,8.2653000000,241.7347000000,62.5000000000,1.9788250000,0.0875000000,2.0663250000,60.4336750000
AVGO,AVGO,QQQ,2026-06-17 14:05:00-04:00,2026-06-17 14:06:00-04:00,2026-06-17 15:59:00-04:00,SHORT,2.9850300898,392.8300000000,394.0939697351,724.5510000000,732.5877456674,387.2412394048,392.8300000000,392.7514340000,392.9100000000,392.9885820000,50,19637.5717000000,10.5000000000,5.0000000000,525.0000000000,250.0000000000,0.4761904762,403.3300000000,387.8300000000,FORCED_EOD,113,-4.0000000000,7.8574000000,0.3500000000,8.2074000000,-12.2074000000,-1.0000000000,1.9643500000,0.0875000000,2.0518500000,-3.0518500000
AVGO,AVGO,QQQ,2026-06-18 15:00:00-04:00,2026-06-18 15:01:00-04:00,2026-06-18 15:59:00-04:00,SHORT,4.0723710090,409.1550000000,408.5915755724,739.5300000000,737.1650212716,409.7796488023,409.1700000000,409.0881660000,410.7900000000,410.8721580000,48,19636.2319680000,10.5000000000,5.0000000000,504.0000000000,240.0000000000,0.4761904762,419.6700000000,404.1700000000,FORCED_EOD,58,-77.7600000000,7.8716160000,0.3360000000,8.2076160000,-85.9676160000,-19.4400000000,1.9679040000,0.0840000000,2.0519040000,-21.4919040000
AVGO,AVGO,QQQ,2026-06-22 11:31:00-04:00,2026-06-22 11:32:00-04:00,2026-06-22 15:59:00-04:00,SHORT,3.0566346438,395.6700000000,400.4742060003,736.9800000000,740.2511964012,398.5649390932,395.6400000000,395.5608720000,392.0400000000,392.1184080000,50,19778.0436000000,10.5000000000,5.0000000000,525.0000000000,250.0000000000,0.4761904762,406.1400000000,390.6400000000,FORCED_EOD,267,180.0000000000,7.8768000000,0.3500000000,8.2268000000,171.7732000000,45.0000000000,1.9692000000,0.0875000000,2.0567000000,42.9433000000
AVGO,AVGO,QQQ,2026-06-23 10:22:00-04:00,2026-06-23 10:23:00-04:00,2026-06-23 15:59:00-04:00,LONG,-2.6868979468,386.0900000000,385.0038014580,721.9600000000,718.6814502283,387.2627068183,386.0900000000,386.1672180000,380.3600000000,380.2839280000,51,19694.5281180000,10.5000000000,5.0000000000,535.5000000000,255.0000000000,0.4761904762,375.5900000000,391.0900000000,FORCED_EOD,336,-292.2300000000,7.8177900000,0.3570000000,8.1747900000,-300.4047900000,-73.0575000000,1.9544475000,0.0892500000,2.0436975000,-75.1011975000
AVGO,AVGO,QQQ,2026-06-24 11:02:00-04:00,2026-06-24 11:03:00-04:00,2026-06-24 13:28:00-04:00,SHORT,2.7358018388,385.7550000000,383.4954180796,718.9300000000,715.4915505675,385.8919115154,385.7400000000,385.6628520000,380.7400000000,380.8161480000,51,19668.8054520000,10.5000000000,5.0000000000,535.5000000000,255.0000000000,0.4761904762,396.2400000000,380.7400000000,TAKE_PROFIT_BRACKET,145,255.0000000000,7.8180960000,0.3570000000,8.1750960000,246.8249040000,63.7500000000,1.9545240000,0.0892500000,2.0437740000,61.7062260000
AVGO,AVGO,QQQ,2026-06-24 13:37:00-04:00,2026-06-24 13:38:00-04:00,2026-06-24 15:59:00-04:00,LONG,-2.5135587028,380.1100000000,383.8570664396,708.0100000000,714.6743492976,379.2025236346,380.1650000000,380.2410330000,382.1100000000,382.0335780000,52,19772.5337160000,10.5000000000,5.0000000000,546.0000000000,260.0000000000,0.4761904762,369.6650000000,385.1650000000,FORCED_EOD,141,101.1400000000,7.9276600000,0.3640000000,8.2916600000,92.8483400000,25.2850000000,1.9819150000,0.0910000000,2.0729150000,23.2120850000
AVGO,AVGO,QQQ,2026-06-25 12:38:00-04:00,2026-06-25 12:39:00-04:00,2026-06-25 15:59:00-04:00,LONG,-2.9277051391,381.2700000000,381.1322351679,714.9900000000,713.9835092296,381.7241249879,381.5000000000,381.5763000000,379.3250000000,379.2491350000,52,19841.9676000000,10.5000000000,5.0000000000,546.0000000000,260.0000000000,0.4761904762,371.0000000000,386.5000000000,FORCED_EOD,200,-113.1000000000,7.9125800000,0.3640000000,8.2765800000,-121.3765800000,-28.2750000000,1.9781450000,0.0910000000,2.0691450000,-30.3441450000
AVGO,AVGO,QQQ,2026-06-26 10:31:00-04:00,2026-06-26 10:32:00-04:00,2026-06-26 11:42:00-04:00,LONG,-2.7271980208,367.4800000000,368.5641553505,712.2650000000,708.8328327758,370.6692969139,367.5600000000,367.6335120000,372.5600000000,372.4854880000,54,19852.2096480000,10.5000000000,5.0000000000,567.0000000000,270.0000000000,0.4761904762,357.0600000000,372.5600000000,TAKE_PROFIT_BRACKET,70,270.0000000000,7.9932960000,0.3780000000,8.3712960000,261.6287040000,67.5000000000,1.9983240000,0.0945000000,2.0928240000,65.4071760000
AVGO,AVGO,QQQ,2026-06-26 14:19:00-04:00,2026-06-26 14:20:00-04:00,2026-06-26 15:59:00-04:00,LONG,-2.8017313439,369.0850000000,369.2822793677,710.4000000000,710.7309133900,369.0794591712,369.0850000000,369.1588170000,363.9400000000,363.8672120000,54,19934.5761180000,10.5000000000,5.0000000000,567.0000000000,270.0000000000,0.4761904762,358.5850000000,374.0850000000,FORCED_EOD,99,-277.8300000000,7.9166700000,0.3780000000,8.2946700000,-286.1246700000,-69.4575000000,1.9791675000,0.0945000000,2.0736675000,-71.5311675000
AVGO,AVGO,QQQ,2026-06-29 13:03:00-04:00,2026-06-29 13:04:00-04:00,2026-06-29 15:59:00-04:00,SHORT,2.5088911857,372.2800000000,369.4891832650,721.3900000000,714.6323055297,371.3131484185,372.3100000000,372.2355380000,372.4400000000,372.5144880000,53,19728.4835140000,10.5000000000,5.0000000000,556.5000000000,265.0000000000,0.4761904762,382.8100000000,367.3100000000,FORCED_EOD,175,-6.8900000000,7.8943500000,0.3710000000,8.2653500000,-15.1553500000,-1.7225000000,1.9735875000,0.0927500000,2.0663375000,-3.7888375000
AVGO,AVGO,QQQ,2026-06-30 11:57:00-04:00,2026-06-30 11:58:00-04:00,2026-06-30 15:59:00-04:00,SHORT,2.5434074480,377.0650000000,375.7206975573,734.6600000000,730.9094856755,377.5893066454,377.0900000000,377.0145820000,377.0700000000,377.1454140000,53,19981.7728460000,10.5000000000,5.0000000000,556.5000000000,265.0000000000,0.4761904762,387.5900000000,372.0900000000,FORCED_EOD,241,1.0600000000,7.9940960000,0.3710000000,8.3650960000,-7.3050960000,0.2650000000,1.9985240000,0.0927500000,2.0912740000,-1.8262740000
AVGO,AVGO,QQQ,2026-07-01 13:06:00-04:00,2026-07-01 13:07:00-04:00,2026-07-01 15:59:00-04:00,SHORT,3.1248413275,369.2600000000,370.6678318680,727.2900000000,728.9382105728,369.5573152543,369.2450000000,369.1711510000,369.3500000000,369.4238700000,54,19935.2421540000,10.5000000000,5.0000000000,567.0000000000,270.0000000000,0.4761904762,379.7450000000,364.2450000000,FORCED_EOD,172,-5.6700000000,7.9768260000,0.3780000000,8.3548260000,-14.0248260000,-1.4175000000,1.9942065000,0.0945000000,2.0887065000,-3.5062065000
AVGO,AVGO,QQQ,2026-07-02 11:12:00-04:00,2026-07-02 11:13:00-04:00,2026-07-02 15:59:00-04:00,LONG,-2.9725598081,365.6800000000,368.9638572825,717.4600000000,723.3396116829,364.9506267988,365.6300000000,365.7031260000,360.3400000000,360.2679320000,54,19747.9688040000,10.5000000000,5.0000000000,567.0000000000,270.0000000000,0.4761904762,355.1300000000,370.6300000000,FORCED_EOD,286,-285.6600000000,7.8404760000,0.3780000000,8.2184760000,-293.8784760000,-71.4150000000,1.9601190000,0.0945000000,2.0546190000,-73.4696190000
AVGO,AVGO,QQQ,2026-07-06 12:13:00-04:00,2026-07-06 12:14:00-04:00,2026-07-06 15:59:00-04:00,SHORT,2.7006960318,375.5697000000,377.7177644681,725.8700000000,723.1650354634,379.5028830867,375.5700000000,375.4948860000,373.9000000000,373.9747800000,53,19901.2289580000,10.5000000000,5.0000000000,556.5000000000,265.0000000000,0.4761904762,386.0700000000,370.5700000000,FORCED_EOD,225,88.5100000000,7.9443820000,0.3710000000,8.3153820000,80.1946180000,22.1275000000,1.9860955000,0.0927500000,2.0788455000,20.0486545000
AVGO,AVGO,QQQ,2026-07-07 11:53:00-04:00,2026-07-07 11:54:00-04:00,2026-07-07 15:59:00-04:00,SHORT,2.8064651057,367.1050000000,365.7879030192,708.9450000000,709.1739538389,365.6384289882,367.1000000000,367.0265800000,370.7900000000,370.8641580000,54,19819.4353200000,10.5000000000,5.0000000000,567.0000000000,270.0000000000,0.4761904762,377.6000000000,362.1000000000,FORCED_EOD,245,-199.2600000000,7.9692120000,0.3780000000,8.3472120000,-207.6072120000,-49.8150000000,1.9923030000,0.0945000000,2.0868030000,-51.9018030000
AVGO,AVGO,QQQ,2026-07-08 12:23:00-04:00,2026-07-08 12:24:00-04:00,2026-07-08 15:59:00-04:00,SHORT,2.6342465566,390.9150000000,385.0139155943,706.8450000000,705.8774274754,385.6995024394,390.9300000000,390.8518140000,388.6700000000,388.7477340000,51,19933.4425140000,10.5000000000,5.0000000000,535.5000000000,255.0000000000,0.4761904762,401.4300000000,385.9300000000,FORCED_EOD,215,115.2600000000,7.9519200000,0.3570000000,8.3089200000,106.9510800000,28.8150000000,1.9879800000,0.0892500000,2.0772300000,26.7377700000
AVGO,AVGO,QQQ,2026-07-09 11:12:00-04:00,2026-07-09 11:13:00-04:00,2026-07-09 15:59:00-04:00,SHORT,2.6442048399,397.7090000000,396.3671559230,720.7800000000,719.4478324726,397.9339501860,397.6600000000,397.5804680000,401.1100000000,401.1902220000,50,19879.0234000000,10.5000000000,5.0000000000,525.0000000000,250.0000000000,0.4761904762,408.1600000000,392.6600000000,FORCED_EOD,286,-172.5000000000,7.9877000000,0.3500000000,8.3377000000,-180.8377000000,-43.1250000000,1.9969250000,0.0875000000,2.0844250000,-45.2094250000
AVGO,AVGO,QQQ,2026-07-10 10:32:00-04:00,2026-07-10 10:33:00-04:00,2026-07-10 15:59:00-04:00,SHORT,2.8852097076,398.7400000000,399.2268639168,719.1300000000,722.2776747174,396.4055259428,398.5000000000,398.4203000000,399.9900000000,400.0699980000,50,19921.0150000000,10.5000000000,5.0000000000,525.0000000000,250.0000000000,0.4761904762,409.0000000000,393.5000000000,FORCED_EOD,326,-74.5000000000,7.9849000000,0.3500000000,8.3349000000,-82.8349000000,-18.6250000000,1.9962250000,0.0875000000,2.0837250000,-20.7087250000
AVGO,AVGO,QQQ,2026-07-13 10:01:00-04:00,2026-07-13 10:02:00-04:00,2026-07-13 12:50:00-04:00,SHORT,3.1016934809,391.1000000000,390.0386759299,715.6770000000,715.3900258423,390.2325666009,391.0900000000,391.0117820000,386.0900000000,386.1672180000,51,19941.6008820000,10.5000000000,5.0000000000,535.5000000000,255.0000000000,0.4761904762,401.5900000000,386.0900000000,TAKE_PROFIT_BRACKET,168,255.0000000000,7.9272360000,0.3570000000,8.2842360000,246.7157640000,63.7500000000,1.9818090000,0.0892500000,2.0710590000,61.6789410000
AVGO,AVGO,QQQ,2026-07-13 14:19:00-04:00,2026-07-13 14:20:00-04:00,2026-07-13 15:59:00-04:00,SHORT,2.9357849495,386.5300000000,389.8466493530,712.1801000000,714.8926494181,388.0135754917,386.4832000000,386.4059033600,383.8600000000,383.9367720000,51,19706.7010713600,10.5000000000,5.0000000000,535.5000000000,255.0000000000,0.4761904762,396.9832000000,381.4832000000,FORCED_EOD,99,133.7832000000,7.8575006400,0.3570000000,8.2145006400,125.5686993600,33.4458000000,1.9643751600,0.0892500000,2.0536251600,31.3921748400
AVGO,AVGO,QQQ,2026-07-14 13:23:00-04:00,2026-07-14 13:24:00-04:00,2026-07-14 15:59:00-04:00,LONG,-2.5692289746,393.7350000000,392.1330102948,721.3900000000,719.1464830286,394.2702805296,393.8000000000,393.8787600000,389.0400000000,388.9621920000,50,19693.9380000000,10.5000000000,5.0000000000,525.0000000000,250.0000000000,0.4761904762,383.3000000000,398.8000000000,FORCED_EOD,155,-238.0000000000,7.8284000000,0.3500000000,8.1784000000,-246.1784000000,-59.5000000000,1.9571000000,0.0875000000,2.0446000000,-61.5446000000
AVGO,AVGO,QQQ,2026-07-15 12:03:00-04:00,2026-07-15 12:04:00-04:00,2026-07-15 15:59:00-04:00,SHORT,2.9432764601,388.9400000000,392.8428999919,713.2850000000,717.8479459529,388.0439207504,388.9700000000,388.8922060000,394.1400000000,394.2188280000,51,19833.5025060000,10.5000000000,5.0000000000,535.5000000000,255.0000000000,0.4761904762,399.4700000000,383.9700000000,FORCED_EOD,235,-263.6700000000,7.9877220000,0.3570000000,8.3447220000,-272.0147220000,-65.9175000000,1.9969305000,0.0892500000,2.0861805000,-68.0036805000
AVGO,AVGO,QQQ,2026-07-16 11:43:00-04:00,2026-07-16 11:44:00-04:00,2026-07-16 13:40:00-04:00,SHORT,2.5492504823,381.5500000000,381.9321305258,710.1550000000,710.5740703536,381.5256480336,381.5350000000,381.4586930000,376.5350000000,376.6103070000,52,19835.8520360000,10.5000000000,5.0000000000,546.0000000000,260.0000000000,0.4761904762,392.0350000000,376.5350000000,TAKE_PROFIT_BRACKET,116,260.0000000000,7.8839280000,0.3640000000,8.2479280000,251.7520720000,65.0000000000,1.9709820000,0.0910000000,2.0619820000,62.9380180000
AVGO,AVGO,QQQ,2026-07-16 15:14:00-04:00,2026-07-16 15:15:00-04:00,2026-07-16 15:59:00-04:00,SHORT,2.6615789064,375.8981000000,379.8521401762,705.1000000000,708.7413367343,376.3303317940,375.8500000000,375.7748300000,374.4600000000,374.5348920000,53,19916.0659900000,10.5000000000,5.0000000000,556.5000000000,265.0000000000,0.4761904762,386.3500000000,370.8500000000,FORCED_EOD,44,73.6700000000,7.9532860000,0.3710000000,8.3242860000,65.3457140000,18.4175000000,1.9883215000,0.0927500000,2.0810715000,16.3364285000
AVGO,AVGO,QQQ,2026-07-17 10:10:00-04:00,2026-07-17 10:11:00-04:00,2026-07-17 15:59:00-04:00,SHORT,2.6925821428,372.2700000000,364.7476191636,697.7600000000,691.5320335412,371.6245157180,372.1800000000,372.1055640000,370.8400000000,370.9141680000,53,19721.5948920000,10.5000000000,5.0000000000,556.5000000000,265.0000000000,0.4761904762,382.6800000000,367.1800000000,FORCED_EOD,348,71.0200000000,7.8760120000,0.3710000000,8.2470120000,62.7729880000,17.7550000000,1.9690030000,0.0927500000,2.0617530000,15.6932470000
AVGO,AVGO,QQQ,2026-07-20 14:06:00-04:00,2026-07-20 14:07:00-04:00,2026-07-20 15:59:00-04:00,LONG,-2.7371635959,381.6550000000,380.2638564713,700.5750000000,701.6363295490,379.1510415064,381.7500000000,381.8263500000,378.2100000000,378.1343580000,52,19854.9702000000,10.5000000000,5.0000000000,546.0000000000,260.0000000000,0.4761904762,371.2500000000,386.7500000000,FORCED_EOD,112,-184.0800000000,7.9035840000,0.3640000000,8.2675840000,-192.3475840000,-46.0200000000,1.9758960000,0.0910000000,2.0668960000,-48.0868960000
AVGO,AVGO,QQQ,2026-07-21 14:03:00-04:00,2026-07-21 14:04:00-04:00,2026-07-21 15:59:00-04:00,LONG,-2.9447359686,385.5700000000,384.9276301414,709.5200000000,707.2115755315,387.3878815386,385.6100000000,385.6871220000,386.1900000000,386.1127620000,51,19670.0432220000,10.5000000000,5.0000000000,535.5000000000,255.0000000000,0.4761904762,375.1100000000,390.6100000000,FORCED_EOD,115,29.5800000000,7.8723600000,0.3570000000,8.2293600000,21.3506400000,7.3950000000,1.9680900000,0.0892500000,2.0573400000,5.3376600000
AVGO,AVGO,QQQ,2026-07-22 10:42:00-04:00,2026-07-22 10:43:00-04:00,2026-07-22 13:06:00-04:00,SHORT,2.6330623391,387.4000000000,384.8561174440,706.2150000000,706.2443727541,384.8299336055,387.2850000000,387.2075430000,397.7850000000,397.8645570000,51,19747.5846930000,10.5000000000,5.0000000000,535.5000000000,255.0000000000,0.4761904762,397.7850000000,382.2850000000,STOP,143,-535.5000000000,8.0077140000,0.3570000000,8.3647140000,-543.8647140000,-133.8750000000,2.0019285000,0.0892500000,2.0911785000,-135.9661785000
AVGO,AVGO,QQQ,2026-07-22 13:45:00-04:00,2026-07-22 13:46:00-04:00,2026-07-22 15:59:00-04:00,SHORT,2.7931604688,398.1600000000,390.6199247105,708.5100000000,707.2835093251,391.7280027854,398.0950000000,398.0153810000,396.6900000000,396.7693380000,50,19900.7690500000,10.5000000000,5.0000000000,525.0000000000,250.0000000000,0.4761904762,408.5950000000,393.0950000000,FORCED_EOD,133,70.2500000000,7.9478500000,0.3500000000,8.2978500000,61.9521500000,17.5625000000,1.9869625000,0.0875000000,2.0744625000,15.4880375000
AVGO,AVGO,QQQ,2026-07-23 10:44:00-04:00,2026-07-23 10:45:00-04:00,2026-07-23 15:59:00-04:00,LONG,-2.8839038127,391.4700000000,394.3016958256,692.9200000000,695.3037483183,392.2045142310,391.4700000000,391.5482940000,392.8000000000,392.7214400000,51,19968.9629940000,10.5000000000,5.0000000000,535.5000000000,255.0000000000,0.4761904762,380.9700000000,396.4700000000,FORCED_EOD,314,67.8300000000,7.9995540000,0.3570000000,8.3565540000,59.4734460000,16.9575000000,1.9998885000,0.0892500000,2.0891385000,14.8683615000
AVGO,AVGO,QQQ,2026-07-24 13:45:00-04:00,2026-07-24 13:46:00-04:00,2026-07-24 15:59:00-04:00,LONG,-2.9869301767,383.5200000000,384.1002155635,688.4900000000,688.3168797557,384.1870757436,383.4600000000,383.5366920000,381.8100000000,381.7336380000,52,19943.9079840000,10.5000000000,5.0000000000,546.0000000000,260.0000000000,0.4761904762,372.9600000000,388.4600000000,FORCED_EOD,133,-85.8000000000,7.9588080000,0.3640000000,8.3228080000,-94.1228080000,-21.4500000000,1.9897020000,0.0910000000,2.0807020000,-23.5307020000
AVGO,AVGO,QQQ,2026-07-27 10:56:00-04:00,2026-07-27 10:57:00-04:00,2026-07-27 11:33:00-04:00,SHORT,2.5237197854,382.4950000000,381.8825765395,680.8590000000,683.4508102467,380.3272661254,382.5800000000,382.5034840000,377.5800000000,377.6555160000,52,19890.1811680000,10.5000000000,5.0000000000,546.0000000000,260.0000000000,0.4761904762,393.0800000000,377.5800000000,TAKE_PROFIT_BRACKET,36,260.0000000000,7.9056640000,0.3640000000,8.2696640000,251.7303360000,65.0000000000,1.9764160000,0.0910000000,2.0674160000,62.9325840000
AVGO,AVGO,QQQ,2026-07-27 15:01:00-04:00,2026-07-27 15:02:00-04:00,2026-07-27 15:59:00-04:00,SHORT,2.8881105198,382.3400000000,381.1104828016,681.8695000000,681.3290214479,381.4351689542,382.3800000000,382.3035240000,383.3500000000,383.4266700000,52,19879.7832480000,10.5000000000,5.0000000000,546.0000000000,260.0000000000,0.4761904762,392.8800000000,377.3800000000,FORCED_EOD,57,-50.4400000000,7.9635920000,0.3640000000,8.3275920000,-58.7675920000,-12.6100000000,1.9908980000,0.0910000000,2.0818980000,-14.6918980000
AVGO,AVGO,QQQ,2026-07-28 11:39:00-04:00,2026-07-28 11:40:00-04:00,2026-07-28 15:59:00-04:00,SHORT,2.5865522308,383.3700000000,376.6360818249,677.6000000000,672.4467442063,379.5585547852,383.3700000000,383.2933260000,380.7350000000,380.8111470000,52,19931.2529520000,10.5000000000,5.0000000000,546.0000000000,260.0000000000,0.4761904762,393.8700000000,378.3700000000,FORCED_EOD,259,137.0200000000,7.9466920000,0.3640000000,8.3106920000,128.7093080000,34.2550000000,1.9866730000,0.0910000000,2.0776730000,32.1773270000
AVGO,AVGO,QQQ,2026-07-29 11:22:00-04:00,2026-07-29 11:23:00-04:00,2026-07-29 14:00:00-04:00,LONG,-2.7605973789,373.9101000000,377.3691443065,667.4300000000,670.6424749954,373.9287388168,374.1400000000,374.2148280000,379.1400000000,379.0641720000,53,19833.3858840000,10.5000000000,5.0000000000,556.5000000000,265.0000000000,0.4761904762,363.6400000000,379.1400000000,TAKE_PROFIT_BRACKET,157,265.0000000000,7.9847680000,0.3710000000,8.3557680000,256.6442320000,66.2500000000,1.9961920000,0.0927500000,2.0889420000,64.1610580000
AVGO,AVGO,QQQ,2026-07-29 14:03:00-04:00,2026-07-29 14:04:00-04:00,2026-07-29 14:49:00-04:00,LONG,-2.7937696956,379.0800000000,375.7027420122,673.5000000000,669.2614831593,380.2312693212,378.9800000000,379.0557960000,383.9800000000,383.9032040000,52,19710.9013920000,10.5000000000,5.0000000000,546.0000000000,260.0000000000,0.4761904762,368.4800000000,383.9800000000,TAKE_PROFIT_BRACKET,45,260.0000000000,7.9347840000,0.3640000000,8.2987840000,251.7012160000,65.0000000000,1.9836960000,0.0910000000,2.0746960000,62.9253040000
AVGO,AVGO,QQQ,2026-07-29 14:49:00-04:00,2026-07-29 14:50:00-04:00,2026-07-29 15:55:00-04:00,LONG,-2.5520754108,383.3750000000,376.2581124424,678.6600000000,670.1498486574,385.3519203671,383.3750000000,383.4516750000,372.8750000000,372.8004250000,52,19939.4871000000,10.5000000000,5.0000000000,546.0000000000,260.0000000000,0.4761904762,372.8750000000,388.3750000000,STOP,65,-546.0000000000,7.8650000000,0.3640000000,8.2290000000,-554.2290000000,-136.5000000000,1.9662500000,0.0910000000,2.0572500000,-138.5572500000
AVGO,AVGO,QQQ,2026-07-30 10:45:00-04:00,2026-07-30 10:46:00-04:00,2026-07-30 15:59:00-04:00,LONG,-3.1179722162,384.6950000000,384.0531310490,682.3450000000,679.3183474057,386.2027512134,384.7000000000,384.7769400000,388.2300000000,388.1523540000,51,19623.6239400000,10.5000000000,5.0000000000,535.5000000000,255.0000000000,0.4761904762,374.2000000000,389.7000000000,FORCED_EOD,313,180.0300000000,7.8838860000,0.3570000000,8.2408860000,171.7891140000,45.0075000000,1.9709715000,0.0892500000,2.0602215000,42.9472785000
AVGO,AVGO,QQQ,2026-07-31 10:34:00-04:00,2026-07-31 10:35:00-04:00,2026-07-31 15:59:00-04:00,SHORT,2.8590605920,385.5698000000,387.7740507816,683.8450000000,687.0569037555,385.1466648196,385.5000000000,385.4229000000,389.2700000000,389.3478540000,51,19656.5679000000,10.5000000000,5.0000000000,535.5000000000,255.0000000000,0.4761904762,396.0000000000,380.5000000000,FORCED_EOD,324,-192.2700000000,7.9026540000,0.3570000000,8.2596540000,-200.5296540000,-48.0675000000,1.9756635000,0.0892500000,2.0649135000,-50.1324135000
AVGO,AVGO,QQQ,2026-08-03 12:42:00-04:00,2026-08-03 12:43:00-04:00,2026-08-03 15:59:00-04:00,LONG,-2.6818402180,387.7550000000,383.2264792931,697.9400000000,694.5059833104,385.7441001902,387.7300000000,387.8075460000,392.2700000000,392.1915460000,51,19778.1848460000,10.5000000000,5.0000000000,535.5000000000,255.0000000000,0.4761904762,377.2300000000,392.7300000000,FORCED_EOD,196,231.5400000000,7.9560000000,0.3570000000,8.3130000000,223.2270000000,57.8850000000,1.9890000000,0.0892500000,2.0782500000,55.8067500000
AVGO,AVGO,QQQ,2026-08-04 10:12:00-04:00,2026-08-04 10:13:00-04:00,2026-08-04 11:40:00-04:00,LONG,-2.5354069434,409.2100000000,408.6498803406,715.4700000000,712.8624196235,410.4938227941,409.2600000000,409.3418520000,414.2600000000,414.1771480000,48,19648.4088960000,10.5000000000,5.0000000000,504.0000000000,240.0000000000,0.4761904762,398.7600000000,414.2600000000,TAKE_PROFIT_BRACKET,87,240.0000000000,7.9057920000,0.3360000000,8.2417920000,231.7582080000,60.0000000000,1.9764480000,0.0840000000,2.0604480000,57.9395520000
AVGO,AVGO,QQQ,2026-08-04 11:42:00-04:00,2026-08-04 11:43:00-04:00,2026-08-04 15:59:00-04:00,SHORT,2.5151198136,415.1300000000,409.8737356288,718.7400000000,715.2084616123,412.3703150184,415.0951000000,415.0120809800,418.0400000000,418.1236080000,48,19920.5798870400,10.5000000000,5.0000000000,504.0000000000,240.0000000000,0.4761904762,425.5951000000,410.0951000000,FORCED_EOD,256,-141.3552000000,7.9980969600,0.3360000000,8.3340969600,-149.6892969600,-35.3388000000,1.9995242400,0.0840000000,2.0835242400,-37.4223242400
AVGO,AVGO,QQQ,2026-08-05 11:36:00-04:00,2026-08-05 11:37:00-04:00,2026-08-05 15:59:00-04:00,SHORT,3.4217035597,421.5950000000,422.1245712733,722.6600000000,724.8650200744,420.1194462900,421.5950000000,421.5106810000,418.5400000000,418.6237080000,47,19811.0020070000,10.5000000000,5.0000000000,493.5000000000,235.0000000000,0.4761904762,432.0950000000,416.5950000000,FORCED_EOD,262,143.5850000000,7.8972690000,0.3290000000,8.2262690000,135.3587310000,35.8962500000,1.9743172500,0.0822500000,2.0565672500,33.8396827500
AVGO,AVGO,QQQ,2026-08-06 12:07:00-04:00,2026-08-06 12:08:00-04:00,2026-08-06 15:59:00-04:00,SHORT,2.8449297504,423.5700000000,421.6875206398,715.2700000000,715.7238912661,421.3042333352,423.5350000000,423.4502930000,420.6100000000,420.6941220000,47,19902.1637710000,10.5000000000,5.0000000000,493.5000000000,235.0000000000,0.4761904762,434.0350000000,418.5350000000,FORCED_EOD,231,137.4750000000,7.9349630000,0.3290000000,8.2639630000,129.2110370000,34.3687500000,1.9837407500,0.0822500000,2.0659907500,32.3027592500
AVGO,AVGO,QQQ,2026-08-07 11:17:00-04:00,2026-08-07 11:18:00-04:00,2026-08-07 15:59:00-04:00,LONG,-2.7774067823,424.4100000000,426.2062435515,721.0900000000,720.1506623697,426.9619693609,424.4900000000,424.5748980000,427.4900000000,427.4045020000,47,19955.0202060000,10.5000000000,5.0000000000,493.5000000000,235.0000000000,0.4761904762,413.9900000000,429.4900000000,FORCED_EOD,281,141.0000000000,8.0086120000,0.3290000000,8.3376120000,132.6623880000,35.2500000000,2.0021530000,0.0822500000,2.0844030000,33.1655970000
AVGO,AVGO,QQQ,2026-08-10 10:07:00-04:00,2026-08-10 10:08:00-04:00,2026-08-10 10:55:00-04:00,SHORT,2.7539058805,431.6050000000,429.1744080178,723.6300000000,722.2349756147,430.2697102386,431.6000000000,431.5136800000,426.6000000000,426.6853200000,46,19849.6292800000,10.5000000000,5.0000000000,483.0000000000,230.0000000000,0.4761904762,442.1000000000,426.6000000000,TAKE_PROFIT_BRACKET,47,230.0000000000,7.8954400000,0.3220000000,8.2174400000,221.7825600000,57.5000000000,1.9738600000,0.0805000000,2.0543600000,55.4456400000
AVGO,AVGO,QQQ,2026-08-10 12:30:00-04:00,2026-08-10 12:31:00-04:00,2026-08-10 15:59:00-04:00,LONG,-2.5955766859,425.1200000000,428.6602928430,722.4300000000,722.7952402272,428.3740903285,425.0700000000,425.1550140000,422.2500000000,422.1655500000,47,19982.2856580000,10.5000000000,5.0000000000,493.5000000000,235.0000000000,0.4761904762,414.5700000000,430.0700000000,FORCED_EOD,208,-132.5400000000,7.9648080000,0.3290000000,8.2938080000,-140.8338080000,-33.1350000000,1.9912020000,0.0822500000,2.0734520000,-35.2084520000
AVGO,AVGO,QQQ,2026-08-11 10:25:00-04:00,2026-08-11 10:26:00-04:00,2026-08-11 14:11:00-04:00,SHORT,2.8782101939,421.9800000000,420.8197730661,721.2600000000,720.5607487728,421.4875852908,422.0400000000,421.9555920000,417.0400000000,417.1234080000,47,19831.9128240000,10.5000000000,5.0000000000,493.5000000000,235.0000000000,0.4761904762,432.5400000000,417.0400000000,TAKE_PROFIT_BRACKET,225,235.0000000000,7.8873520000,0.3290000000,8.2163520000,226.7836480000,58.7500000000,1.9718380000,0.0822500000,2.0540880000,56.6959120000
AVGO,AVGO,QQQ,2026-08-11 14:22:00-04:00,2026-08-11 14:23:00-04:00,2026-08-11 15:59:00-04:00,LONG,-3.1969908340,414.9252000000,419.7192160530,717.0500000000,719.6425221194,417.2465805693,414.9725000000,415.0554945000,415.8600000000,415.7768280000,48,19922.6637360000,10.5000000000,5.0000000000,504.0000000000,240.0000000000,0.4761904762,404.4725000000,419.9725000000,FORCED_EOD,96,42.6000000000,7.9759920000,0.3360000000,8.3119920000,34.2880080000,10.6500000000,1.9939980000,0.0840000000,2.0779980000,8.5720020000
AVGO,AVGO,QQQ,2026-08-12 13:25:00-04:00,2026-08-12 13:26:00-04:00,2026-08-12 15:59:00-04:00,LONG,-2.5426748350,418.6800000000,421.0153840574,725.1800000000,724.6900877374,421.3039993041,418.6800000000,418.7637360000,416.0500000000,415.9667900000,47,19681.8955920000,10.5000000000,5.0000000000,493.5000000000,235.0000000000,0.4761904762,408.1800000000,423.6800000000,FORCED_EOD,153,-123.6100000000,7.8464620000,0.3290000000,8.1754620000,-131.7854620000,-30.9025000000,1.9616155000,0.0822500000,2.0438655000,-32.9463655000
AVGO,AVGO,QQQ,2026-08-13 11:34:00-04:00,2026-08-13 11:35:00-04:00,2026-08-13 15:59:00-04:00,LONG,-3.2965954150,421.2900000000,421.6138266774,730.8500000000,731.0147118412,421.4899188824,421.3700000000,421.4542740000,417.8300000000,417.7464340000,47,19808.3508780000,10.5000000000,5.0000000000,493.5000000000,235.0000000000,0.4761904762,410.8700000000,426.3700000000,FORCED_EOD,264,-166.3800000000,7.8884800000,0.3290000000,8.2174800000,-174.5974800000,-41.5950000000,1.9721200000,0.0822500000,2.0543700000,-43.6493700000
AVGO,AVGO,QQQ,2026-08-14 13:20:00-04:00,2026-08-14 13:21:00-04:00,2026-08-14 15:59:00-04:00,LONG,-2.5551530317,391.7900000000,398.3582433527,729.3000000000,730.9200499566,396.9598922757,391.7600000000,391.8383520000,393.0800000000,393.0013840000,51,19983.7559520000,10.5000000000,5.0000000000,535.5000000000,255.0000000000,0.4761904762,381.2600000000,396.7600000000,FORCED_EOD,158,67.3200000000,8.0053680000,0.3570000000,8.3623680000,58.9576320000,16.8300000000,2.0013420000,0.0892500000,2.0905920000,14.7394080000
AVGO,AVGO,QQQ,2026-08-17 10:18:00-04:00,2026-08-17 10:19:00-04:00,2026-08-17 15:59:00-04:00,SHORT,2.6341187510,394.8800000000,394.2256581809,732.1350000000,732.8405097621,393.3997127349,394.8850000000,394.8060230000,392.4000000000,392.4784800000,50,19740.3011500000,10.5000000000,5.0000000000,525.0000000000,250.0000000000,0.4761904762,405.3850000000,389.8850000000,FORCED_EOD,340,124.2500000000,7.8728500000,0.3500000000,8.2228500000,116.0271500000,31.0625000000,1.9682125000,0.0875000000,2.0557125000,29.0067875000
AVGO,AVGO,QQQ,2026-08-18 10:42:00-04:00,2026-08-18 10:43:00-04:00,2026-08-18 15:59:00-04:00,SHORT,2.9591331324,379.2350000000,380.5407231485,718.7000000000,719.5360331026,379.6019913505,379.2350000000,379.1591530000,380.0100000000,380.0860020000,52,19716.2759560000,10.5000000000,5.0000000000,546.0000000000,260.0000000000,0.4761904762,389.7350000000,374.2350000000,FORCED_EOD,316,-40.3000000000,7.8961480000,0.3640000000,8.2601480000,-48.5601480000,-10.0750000000,1.9740370000,0.0910000000,2.0650370000,-12.1400370000
AVGO,AVGO,QQQ,2026-08-19 11:36:00-04:00,2026-08-19 11:37:00-04:00,2026-08-19 15:59:00-04:00,SHORT,2.5055550059,362.8800000000,362.4131640260,717.4745000000,716.2231825703,363.2863102611,362.8750000000,362.8024250000,362.5250000000,362.5975050000,55,19954.1333750000,10.5000000000,5.0000000000,577.5000000000,275.0000000000,0.4761904762,373.3750000000,357.8750000000,FORCED_EOD,262,19.2500000000,7.9794000000,0.3850000000,8.3644000000,10.8856000000,4.8125000000,1.9948500000,0.0962500000,2.0911000000,2.7214000000
AVGO,AVGO,QQQ,2026-08-20 12:30:00-04:00,2026-08-20 12:31:00-04:00,2026-08-20 15:59:00-04:00,LONG,-2.6221341389,363.2000000000,364.6386221738,711.3600000000,712.2864268350,364.0681613290,363.1400000000,363.2126280000,364.2150000000,364.1421570000,55,19976.6945400000,10.5000000000,5.0000000000,577.5000000000,275.0000000000,0.4761904762,352.6400000000,368.1400000000,FORCED_EOD,208,59.1250000000,8.0009050000,0.3850000000,8.3859050000,50.7390950000,14.7812500000,2.0002262500,0.0962500000,2.0964762500,12.6847737500
AVGO,AVGO,QQQ,2026-08-21 12:44:00-04:00,2026-08-21 12:45:00-04:00,2026-08-21 15:59:00-04:00,LONG,-2.6137872536,366.5500000000,369.4556054888,713.9695000000,712.5212701258,369.6057923442,366.5900000000,366.6633180000,368.4500000000,368.3763100000,54,19799.8191720000,10.5000000000,5.0000000000,567.0000000000,270.0000000000,0.4761904762,356.0900000000,371.5900000000,FORCED_EOD,194,100.4400000000,7.9384320000,0.3780000000,8.3164320000,92.1235680000,25.1100000000,1.9846080000,0.0945000000,2.0791080000,23.0308920000
AMD,AMD,QQQ,2025-08-22 10:00:00-04:00,2025-08-22 10:01:00-04:00,2025-08-22 15:59:00-04:00,LONG,-3.1307613848,165.2000000000,163.4032309668,569.3700000000,565.6508213340,167.3281713178,165.2400000000,165.2730480000,167.7900000000,167.7564420000,121,19998.0388080000,1.7500000000,4.0000000000,211.7500000000,484.0000000000,2.2857142857,163.4900000000,169.2400000000,FORCED_EOD,358,308.5500000000,8.0593260000,0.8470000000,8.9063260000,299.6436740000,77.1375000000,2.0148315000,0.2117500000,2.2265815000,74.9109185000
AMD,AMD,QQQ,2025-08-25 11:27:00-04:00,2025-08-25 11:28:00-04:00,2025-08-25 15:59:00-04:00,LONG,-2.7171235369,164.3700000000,163.5696336823,572.8900000000,571.0520579026,164.8504025593,164.3401000000,164.3729680200,162.5901000000,162.5575819800,121,19889.1291304200,1.7500000000,4.0000000000,211.7500000000,484.0000000000,2.2857142857,162.5901000000,168.3401000000,STOP,271,-211.7500000000,7.9117108400,0.8470000000,8.7587108400,-220.5087108400,-52.9375000000,1.9779277100,0.2117500000,2.1896777100,-55.1271777100
AMD,AMD,QQQ,2025-08-26 10:26:00-04:00,2025-08-26 10:27:00-04:00,2025-08-26 15:59:00-04:00,SHORT,2.6278207694,167.4438000000,166.7772192996,571.5700000000,570.3795241648,167.6308447520,167.4600000000,167.4265080000,166.6200000000,166.6533240000,119,19923.7544520000,1.7500000000,4.0000000000,208.2500000000,476.0000000000,2.2857142857,169.2100000000,163.4600000000,FORCED_EOD,332,99.9600000000,7.9511040000,0.8330000000,8.7841040000,91.1758960000,24.9900000000,1.9877760000,0.2082500000,2.1960260000,22.7939740000
AMD,AMD,QQQ,2025-08-27 11:43:00-04:00,2025-08-27 11:44:00-04:00,2025-08-27 15:59:00-04:00,SHORT,2.5477963645,166.4104000000,165.7846766908,572.9600000000,572.2334814497,166.2165826998,166.4281000000,166.3948143800,167.1000000000,167.1334200000,120,19967.3777256000,1.7500000000,4.0000000000,210.0000000000,480.0000000000,2.2857142857,168.1781000000,162.4281000000,FORCED_EOD,255,-80.6280000000,8.0046744000,0.8400000000,8.8446744000,-89.4726744000,-20.1570000000,2.0011686000,0.2100000000,2.2111686000,-22.3681686000
AMD,AMD,QQQ,2025-08-28 10:52:00-04:00,2025-08-28 10:53:00-04:00,2025-08-28 15:59:00-04:00,LONG,-2.7967619304,168.0700000000,168.8732413623,575.6600000000,574.6307693100,169.5601183072,168.0900000000,168.1236180000,168.5300000000,168.4962940000,118,19838.5869240000,1.7500000000,4.0000000000,206.5000000000,472.0000000000,2.2857142857,166.3400000000,172.0900000000,FORCED_EOD,306,51.9200000000,7.9442320000,0.8260000000,8.7702320000,43.1497680000,12.9800000000,1.9860580000,0.2065000000,2.1925580000,10.7874420000
AMD,AMD,QQQ,2025-08-29 10:49:00-04:00,2025-08-29 10:50:00-04:00,2025-08-29 15:59:00-04:00,SHORT,2.7730039468,163.2550000000,164.3803203237,569.7600000000,571.5083697428,163.1313290624,163.2887000000,163.2560422600,162.6900000000,162.7225380000,122,19917.2371557200,1.7500000000,4.0000000000,213.5000000000,488.0000000000,2.2857142857,165.0387000000,159.2887000000,FORCED_EOD,309,73.0414000000,7.9538802800,0.8540000000,8.8078802800,64.2335197200,18.2603500000,1.9884700700,0.2135000000,2.2019700700,16.0583799300
AMD,AMD,QQQ,2025-09-02 10:54:00-04:00,2025-09-02 10:55:00-04:00,2025-09-02 15:52:00-04:00,SHORT,2.5890624417,160.4300000000,160.1921852640,562.5890000000,563.2237735906,159.6490663264,160.4300000000,160.3979140000,162.1800000000,162.2124360000,124,19889.3413360000,1.7500000000,4.0000000000,217.0000000000,496.0000000000,2.2857142857,162.1800000000,156.4300000000,STOP,297,-217.0000000000,8.0007280000,0.8680000000,8.8687280000,-225.8687280000,-54.2500000000,2.0001820000,0.2170000000,2.2171820000,-56.4671820000
AMD,AMD,QQQ,2025-09-03 13:12:00-04:00,2025-09-03 13:13:00-04:00,2025-09-03 15:59:00-04:00,LONG,-2.5002394782,161.7550000000,162.1676789168,570.0800000000,569.5608000426,162.4969450855,161.7400000000,161.7723480000,162.1200000000,162.0875760000,123,19897.9988040000,1.7500000000,4.0000000000,215.2500000000,492.0000000000,2.2857142857,159.9900000000,165.7400000000,FORCED_EOD,166,46.7400000000,7.9669560000,0.8610000000,8.8279560000,37.9120440000,11.6850000000,1.9917390000,0.2152500000,2.2069890000,9.4780110000
AMD,AMD,QQQ,2025-09-04 11:46:00-04:00,2025-09-04 11:47:00-04:00,2025-09-04 15:59:00-04:00,LONG,-2.5201494169,159.7708000000,159.3853858710,572.0100000000,571.0412470703,159.7856500510,159.7900000000,159.8219580000,161.7800000000,161.7476440000,125,19977.7447500000,1.7500000000,4.0000000000,218.7500000000,500.0000000000,2.2857142857,158.0400000000,163.7900000000,FORCED_EOD,252,248.7500000000,8.0392500000,0.8750000000,8.9142500000,239.8357500000,62.1875000000,2.0098125000,0.2187500000,2.2285625000,59.9589375000
AMD,AMD,QQQ,2025-09-05 10:01:00-04:00,2025-09-05 10:02:00-04:00,2025-09-05 10:23:00-04:00,LONG,-2.5361626513,152.5966000000,154.4497060975,579.0150000000,579.9966761136,154.1344327847,152.5900000000,152.6205180000,150.8400000000,150.8098320000,131,19993.2878580000,1.7500000000,4.0000000000,229.2500000000,524.0000000000,2.2857142857,150.8400000000,156.5900000000,STOP,21,-229.2500000000,7.9498660000,0.9170000000,8.8668660000,-238.1168660000,-57.3125000000,1.9874665000,0.2292500000,2.2167165000,-59.5292165000
AMD,AMD,QQQ,2025-09-05 11:33:00-04:00,2025-09-05 11:34:00-04:00,2025-09-05 15:59:00-04:00,SHORT,2.8032001333,152.0200000000,152.7530306775,574.5500000000,576.6148299811,152.0933318228,152.0100000000,151.9795980000,151.1200000000,151.1502240000,131,19909.3273380000,1.7500000000,4.0000000000,229.2500000000,524.0000000000,2.2857142857,153.7600000000,148.0100000000,FORCED_EOD,265,116.5900000000,7.9420060000,0.9170000000,8.8590060000,107.7309940000,29.1475000000,1.9855015000,0.2292500000,2.2147515000,26.9327485000
AMD,AMD,QQQ,2025-09-08 10:27:00-04:00,2025-09-08 10:28:00-04:00,2025-09-08 15:59:00-04:00,SHORT,2.5962408943,151.3350000000,150.4385783434,579.9700000000,579.5613211954,150.5203929401,151.3400000000,151.3097320000,151.3700000000,151.4002740000,132,19972.8846240000,1.7500000000,4.0000000000,231.0000000000,528.0000000000,2.2857142857,153.0900000000,147.3400000000,FORCED_EOD,331,-3.9600000000,7.9915440000,0.9240000000,8.9155440000,-12.8755440000,-0.9900000000,1.9978860000,0.2310000000,2.2288860000,-3.2188860000
AMD,AMD,QQQ,2025-09-09 11:40:00-04:00,2025-09-09 11:41:00-04:00,2025-09-09 15:59:00-04:00,LONG,-2.5329742904,153.0701000000,153.3305128540,577.8601000000,578.7292689116,153.1922530481,153.0700000000,153.1006140000,155.8300000000,155.7988340000,130,19903.0798200000,1.7500000000,4.0000000000,227.5000000000,520.0000000000,2.2857142857,151.3200000000,157.0700000000,FORCED_EOD,258,358.8000000000,8.0314000000,0.9100000000,8.9414000000,349.8586000000,89.7000000000,2.0078500000,0.2275000000,2.2353500000,87.4646500000
AMD,AMD,QQQ,2025-09-10 10:58:00-04:00,2025-09-10 10:59:00-04:00,2025-09-10 15:59:00-04:00,SHORT,2.5805115890,161.8000000000,160.8385107143,582.7500000000,582.5721448789,161.0342175655,161.8000000000,161.7676400000,159.5200000000,159.5519040000,123,19897.4197200000,1.7500000000,4.0000000000,215.2500000000,492.0000000000,2.2857142857,163.5500000000,157.8000000000,FORCED_EOD,300,280.4400000000,7.9044720000,0.8610000000,8.7654720000,271.6745280000,70.1100000000,1.9761180000,0.2152500000,2.1913680000,67.9186320000
AMD,AMD,QQQ,2025-09-11 12:09:00-04:00,2025-09-11 12:10:00-04:00,2025-09-11 15:59:00-04:00,SHORT,2.6706220191,155.8700000000,156.5112071204,584.6824000000,583.4575095944,156.8041626697,155.8800000000,155.8488240000,155.6000000000,155.6311200000,128,19948.6494720000,1.7500000000,4.0000000000,224.0000000000,512.0000000000,2.2857142857,157.6300000000,151.8800000000,FORCED_EOD,229,35.8400000000,7.9738880000,0.8960000000,8.8698880000,26.9701120000,8.9600000000,1.9934720000,0.2240000000,2.2174720000,6.7425280000
AMD,AMD,QQQ,2025-09-12 10:51:00-04:00,2025-09-12 10:52:00-04:00,2025-09-12 12:08:00-04:00,SHORT,2.5289331672,156.6800000000,155.9762115544,586.3300000000,585.2057750819,156.0361399937,156.6600000000,156.6286680000,158.4100000000,158.4416820000,127,19891.8408360000,1.7500000000,4.0000000000,222.2500000000,508.0000000000,2.2857142857,158.4100000000,152.6600000000,STOP,76,-222.2500000000,8.0027780000,0.8890000000,8.8917780000,-231.1417780000,-55.5625000000,2.0006945000,0.2222500000,2.2229445000,-57.7854445000
AMD,AMD,QQQ,2025-09-12 12:11:00-04:00,2025-09-12 12:12:00-04:00,2025-09-12 15:59:00-04:00,SHORT,2.8699820676,158.8350000000,156.8230548080,586.4114000000,585.6157454859,156.8656687481,158.8200000000,158.7882360000,158.4500000000,158.4816900000,125,19848.5295000000,1.7500000000,4.0000000000,218.7500000000,500.0000000000,2.2857142857,160.5700000000,154.8200000000,FORCED_EOD,227,46.2500000000,7.9317500000,0.8750000000,8.8067500000,37.4432500000,11.5625000000,1.9829375000,0.2187500000,2.2016875000,9.3608125000
AMD,AMD,QQQ,2025-09-15 10:09:00-04:00,2025-09-15 10:10:00-04:00,2025-09-15 15:59:00-04:00,LONG,-3.2435539769,158.0900000000,159.1255208599,590.1700000000,589.5535828651,159.1587961043,158.0900000000,158.1216180000,162.0900000000,162.0575820000,126,19923.3238680000,1.7500000000,4.0000000000,220.5000000000,504.0000000000,2.2857142857,156.3400000000,162.0900000000,TAKE_PROFIT_BRACKET,349,504.0000000000,8.0685360000,0.8820000000,8.9505360000,495.0494640000,126.0000000000,2.0171340000,0.2205000000,2.2376340000,123.7623660000
AMD,AMD,QQQ,2025-09-16 11:48:00-04:00,2025-09-16 11:49:00-04:00,2025-09-16 15:59:00-04:00,LONG,-2.8541627170,159.7100000000,160.4826780614,590.7800000000,591.5501250766,160.4408923430,159.7100000000,159.7419420000,160.4400000000,160.4079120000,125,19967.7427500000,1.7500000000,4.0000000000,218.7500000000,500.0000000000,2.2857142857,157.9600000000,163.7100000000,FORCED_EOD,250,91.2500000000,8.0037500000,0.8750000000,8.8787500000,82.3712500000,22.8125000000,2.0009375000,0.2187500000,2.2196875000,20.5928125000
AMD,AMD,QQQ,2025-09-17 10:50:00-04:00,2025-09-17 10:51:00-04:00,2025-09-17 14:12:00-04:00,LONG,-2.5074398861,158.8100000000,160.1096030885,588.4300000000,589.9705842917,160.0259845671,158.8000000000,158.8317600000,157.0500000000,157.0185900000,125,19853.9700000000,1.7500000000,4.0000000000,218.7500000000,500.0000000000,2.2857142857,157.0500000000,162.8000000000,STOP,201,-218.7500000000,7.8962500000,0.8750000000,8.7712500000,-227.5212500000,-54.6875000000,1.9740625000,0.2187500000,2.1928125000,-56.8803125000
AMD,AMD,QQQ,2025-09-17 14:12:00-04:00,2025-09-17 14:13:00-04:00,2025-09-17 15:59:00-04:00,LONG,-3.0386778954,157.0900000000,159.4641913630,587.8300000000,589.2752124227,159.3859733673,157.1100000000,157.1414220000,159.0900000000,159.0581820000,127,19956.9605940000,1.7500000000,4.0000000000,222.2500000000,508.0000000000,2.2857142857,155.3600000000,161.1100000000,FORCED_EOD,106,251.4600000000,8.0314800000,0.8890000000,8.9204800000,242.5395200000,62.8650000000,2.0078700000,0.2222500000,2.2301200000,60.6348800000
AMD,AMD,QQQ,2025-09-18 13:04:00-04:00,2025-09-18 13:05:00-04:00,2025-09-18 14:15:00-04:00,SHORT,2.5710122601,155.4300000000,153.3405645705,597.5300000000,596.2817496844,153.7827265324,155.3950000000,155.3639210000,157.1450000000,157.1764290000,128,19886.5818880000,1.7500000000,4.0000000000,224.0000000000,512.0000000000,2.2857142857,157.1450000000,151.3950000000,STOP,70,-224.0000000000,8.0010240000,0.8960000000,8.8970240000,-232.8970240000,-56.0000000000,2.0002560000,0.2240000000,2.2242560000,-58.2242560000
AMD,AMD,QQQ,2025-09-19 13:50:00-04:00,2025-09-19 13:51:00-04:00,2025-09-19 15:59:00-04:00,LONG,-2.5882518321,156.5500000000,157.6237810462,598.6600000000,597.4038432198,157.9932869117,156.5400000000,156.5713080000,157.4100000000,157.3785180000,127,19884.5561160000,1.7500000000,4.0000000000,222.2500000000,508.0000000000,2.2857142857,154.7900000000,160.5400000000,FORCED_EOD,128,110.4900000000,7.9743300000,0.8890000000,8.8633300000,101.6266700000,27.6225000000,1.9935825000,0.2222500000,2.2158325000,25.4066675000
AMD,AMD,QQQ,2025-09-22 10:44:00-04:00,2025-09-22 10:45:00-04:00,2025-09-22 15:59:00-04:00,LONG,-2.7219312086,160.6150000000,160.4313776861,600.2700000000,599.0372639003,160.7317252582,160.6101000000,160.6422220200,159.7200000000,159.6880560000,124,19919.6355304800,1.7500000000,4.0000000000,217.0000000000,496.0000000000,2.2857142857,158.8601000000,164.6101000000,FORCED_EOD,314,-110.3724000000,7.9441864800,0.8680000000,8.8121864800,-119.1845864800,-27.5931000000,1.9860466200,0.2170000000,2.2030466200,-29.7961466200
AMD,AMD,QQQ,2025-09-23 12:49:00-04:00,2025-09-23 12:50:00-04:00,2025-09-23 15:59:00-04:00,SHORT,3.4478488106,163.0400000000,161.5964752910,601.0800000000,601.1695647029,161.5887253303,163.0400000000,163.0073920000,160.9190000000,160.9511838000,122,19886.9018240000,1.7500000000,4.0000000000,213.5000000000,488.0000000000,2.2857142857,164.7900000000,159.0400000000,FORCED_EOD,189,258.7620000000,7.9045996000,0.8540000000,8.7585996000,250.0034004000,64.6905000000,1.9761499000,0.2135000000,2.1896499000,62.5008501000
AMD,AMD,QQQ,2025-09-24 11:56:00-04:00,2025-09-24 11:57:00-04:00,2025-09-24 15:59:00-04:00,LONG,-2.7996810294,160.0000000000,162.0377447208,595.0300000000,597.4786995654,161.9049260093,160.0000000000,160.0320000000,160.8700000000,160.8378260000,124,19843.9680000000,1.7500000000,4.0000000000,217.0000000000,496.0000000000,2.2857142857,158.2500000000,164.0000000000,FORCED_EOD,242,107.8800000000,7.9575760000,0.8680000000,8.8255760000,99.0544240000,26.9700000000,1.9893940000,0.2170000000,2.2063940000,24.7636060000
AMD,AMD,QQQ,2025-09-25 11:07:00-04:00,2025-09-25 11:08:00-04:00,2025-09-25 15:59:00-04:00,LONG,-3.0546789066,157.9500000000,157.2276879124,592.4884000000,591.4098609225,157.2850343372,157.9650000000,157.9965930000,161.3000000000,161.2677400000,126,19907.5707180000,1.7500000000,4.0000000000,220.5000000000,504.0000000000,2.2857142857,156.2150000000,161.9650000000,FORCED_EOD,291,420.2100000000,8.0454780000,0.8820000000,8.9274780000,411.2825220000,105.0525000000,2.0113695000,0.2205000000,2.2318695000,102.8206305000
AMD,AMD,QQQ,2025-09-26 12:21:00-04:00,2025-09-26 12:22:00-04:00,2025-09-26 15:59:00-04:00,SHORT,2.6317630742,158.1801000000,158.9701210914,594.3050000000,593.4364854839,159.0166527291,158.2050000000,158.1733590000,159.4450000000,159.4768890000,126,19929.8432340000,1.7500000000,4.0000000000,220.5000000000,504.0000000000,2.2857142857,159.9550000000,154.2050000000,FORCED_EOD,217,-156.2400000000,8.0047800000,0.8820000000,8.8867800000,-165.1267800000,-39.0600000000,2.0011950000,0.2205000000,2.2216950000,-41.2816950000
AMD,AMD,QQQ,2025-09-29 11:35:00-04:00,2025-09-29 11:36:00-04:00,2025-09-29 15:59:00-04:00,LONG,-2.7756389560,162.6742000000,162.6999358670,599.1450000000,600.6846457946,162.6165309477,162.6800000000,162.7125360000,161.3400000000,161.3077320000,122,19850.9293920000,1.7500000000,4.0000000000,213.5000000000,488.0000000000,2.2857142857,160.9300000000,166.6800000000,FORCED_EOD,263,-163.4800000000,7.9060880000,0.8540000000,8.7600880000,-172.2400880000,-40.8700000000,1.9765220000,0.2135000000,2.1900220000,-43.0600220000
AMD,AMD,QQQ,2025-09-30 10:01:00-04:00,2025-09-30 10:02:00-04:00,2025-09-30 15:59:00-04:00,SHORT,2.5449970867,161.0700000000,160.0809987162,597.7387000000,597.3473005360,160.1019766689,161.1000000000,161.0677800000,161.7700000000,161.8023540000,124,19972.4047200000,1.7500000000,4.0000000000,217.0000000000,496.0000000000,2.2857142857,162.8500000000,157.1000000000,FORCED_EOD,357,-83.0800000000,8.0071760000,0.8680000000,8.8751760000,-91.9551760000,-20.7700000000,2.0017940000,0.2170000000,2.2187940000,-22.9887940000
AMD,AMD,QQQ,2025-10-01 12:20:00-04:00,2025-10-01 12:21:00-04:00,2025-10-01 15:59:00-04:00,LONG,-2.6418546427,161.8650000000,162.5472937145,601.2900000000,599.3884668472,162.6504285211,161.8670000000,161.8993734000,164.0400000000,164.0071920000,123,19913.6229282000,1.7500000000,4.0000000000,215.2500000000,492.0000000000,2.2857142857,160.1170000000,165.8670000000,FORCED_EOD,218,267.2790000000,8.0173122000,0.8610000000,8.8783122000,258.4006878000,66.8197500000,2.0043280500,0.2152500000,2.2195780500,64.6001719500
AMD,AMD,QQQ,2025-10-02 11:52:00-04:00,2025-10-02 11:53:00-04:00,2025-10-02 15:59:00-04:00,SHORT,2.7998703167,169.8830000000,168.3460588264,604.3100000000,604.5423711586,168.3211916246,169.8900000000,169.8560220000,169.7300000000,169.7639460000,117,19873.1545740000,1.7500000000,4.0000000000,204.7500000000,468.0000000000,2.2857142857,171.6400000000,165.8900000000,FORCED_EOD,246,18.7200000000,7.9471080000,0.8190000000,8.7661080000,9.9538920000,4.6800000000,1.9867770000,0.2047500000,2.1915270000,2.4884730000
AMD,AMD,QQQ,2025-10-03 10:02:00-04:00,2025-10-03 10:03:00-04:00,2025-10-03 13:46:00-04:00,SHORT,2.5698288432,168.8200000000,169.4858995140,605.0700000000,606.4483654255,168.1053843554,168.8200000000,168.7862360000,164.8200000000,164.8529640000,118,19916.7758480000,1.7500000000,4.0000000000,206.5000000000,472.0000000000,2.2857142857,170.5700000000,164.8200000000,TAKE_PROFIT_BRACKET,223,472.0000000000,7.8739040000,0.8260000000,8.6999040000,463.3000960000,118.0000000000,1.9684760000,0.2065000000,2.1749760000,115.8250240000
AMD,AMD,QQQ,2025-10-03 14:10:00-04:00,2025-10-03 14:11:00-04:00,2025-10-03 15:59:00-04:00,LONG,-2.5237852318,163.8950000000,167.6951716379,602.5000000000,605.1508220051,165.0626341523,163.9106000000,163.9433821200,164.6400000000,164.6070720000,121,19837.1492365200,1.7500000000,4.0000000000,211.7500000000,484.0000000000,2.2857142857,162.1606000000,167.9106000000,FORCED_EOD,108,88.2574000000,7.9509245200,0.8470000000,8.7979245200,79.4594754800,22.0643500000,1.9877311300,0.2117500000,2.1994811300,19.8648688700
AMD,AMD,QQQ,2025-10-06 10:49:00-04:00,2025-10-06 10:50:00-04:00,2025-10-06 11:09:00-04:00,SHORT,2.5622967508,212.8050000000,213.5807538953,607.0400000000,607.0940116982,213.5047468257,212.8000000000,212.7574400000,208.8000000000,208.8417600000,94,19999.1993600000,1.7500000000,4.0000000000,164.5000000000,376.0000000000,2.2857142857,214.5500000000,208.8000000000,TAKE_PROFIT_BRACKET,19,376.0000000000,7.9260800000,0.6580000000,8.5840800000,367.4159200000,94.0000000000,1.9815200000,0.1645000000,2.1460200000,91.8539800000
AMD,AMD,QQQ,2025-10-06 12:34:00-04:00,2025-10-06 12:35:00-04:00,2025-10-06 13:01:00-04:00,LONG,-2.7766098310,209.9950000000,212.8588621237,608.0150000000,607.3039547998,213.8557419961,210.0100000000,210.0520020000,208.2600000000,208.2183480000,95,19954.9401900000,1.7500000000,4.0000000000,166.2500000000,380.0000000000,2.2857142857,208.2600000000,214.0100000000,STOP,26,-166.2500000000,7.9471300000,0.6650000000,8.6121300000,-174.8621300000,-41.5625000000,1.9867825000,0.1662500000,2.1530325000,-43.7155325000
AMD,AMD,QQQ,2025-10-06 13:51:00-04:00,2025-10-06 13:52:00-04:00,2025-10-06 14:15:00-04:00,LONG,-2.5003823875,208.4500000000,212.4869707544,608.7700000000,607.5147407003,214.2431503381,208.4700000000,208.5116940000,206.7200000000,206.6786560000,95,19808.6109300000,1.7500000000,4.0000000000,166.2500000000,380.0000000000,2.2857142857,206.7200000000,212.4700000000,STOP,23,-166.2500000000,7.8886100000,0.6650000000,8.5536100000,-174.8036100000,-41.5625000000,1.9721525000,0.1662500000,2.1384025000,-43.7009025000
AMD,AMD,QQQ,2025-10-06 15:42:00-04:00,2025-10-06 15:43:00-04:00,2025-10-06 15:59:00-04:00,SHORT,2.5249640837,206.0000000000,211.5778065341,608.3900000000,607.7991385371,212.4005334145,206.0000000000,205.9588000000,203.6400000000,203.6807280000,97,19978.0036000000,1.7500000000,4.0000000000,169.7500000000,388.0000000000,2.2857142857,207.7500000000,202.0000000000,FORCED_EOD,16,228.9200000000,7.9470160000,0.6790000000,8.6260160000,220.2939840000,57.2300000000,1.9867540000,0.1697500000,2.1565040000,55.0734960000
AMD,AMD,QQQ,2025-10-07 10:34:00-04:00,2025-10-07 10:35:00-04:00,2025-10-07 11:05:00-04:00,SHORT,2.5242901616,215.7850000000,215.7176463389,608.7100000000,609.0435726167,215.2450528958,215.7700000000,215.7268460000,211.7700000000,211.8123540000,92,19846.8698320000,1.7500000000,4.0000000000,161.0000000000,368.0000000000,2.2857142857,217.5200000000,211.7700000000,TAKE_PROFIT_BRACKET,30,368.0000000000,7.8667360000,0.6440000000,8.5107360000,359.4892640000,92.0000000000,1.9666840000,0.1610000000,2.1276840000,89.8723160000
AMD,AMD,QQQ,2025-10-07 12:06:00-04:00,2025-10-07 12:07:00-04:00,2025-10-07 15:59:00-04:00,SHORT,2.5965873780,212.6700000000,214.2223386552,604.0050000000,606.6815668525,210.4419013250,212.6800000000,212.6374640000,211.4900000000,211.5322980000,94,19987.9216160000,1.7500000000,4.0000000000,164.5000000000,376.0000000000,2.2857142857,214.4300000000,208.6800000000,FORCED_EOD,232,111.8600000000,7.9743960000,0.6580000000,8.6323960000,103.2276040000,27.9650000000,1.9935990000,0.1645000000,2.1580990000,25.8069010000
AMD,AMD,QQQ,2025-10-08 12:45:00-04:00,2025-10-08 12:46:00-04:00,2025-10-08 12:59:00-04:00,SHORT,2.7148241726,224.8000000000,221.0827463504,609.2901000000,608.1481811597,222.7432531884,224.8000000000,224.7550400000,226.5500000000,226.5953100000,88,19778.4435200000,1.7500000000,4.0000000000,154.0000000000,352.0000000000,2.2857142857,226.5500000000,220.8000000000,STOP,13,-154.0000000000,7.9437600000,0.6160000000,8.5597600000,-162.5597600000,-38.5000000000,1.9859400000,0.1540000000,2.1399400000,-40.6399400000
AMD,AMD,QQQ,2025-10-08 13:45:00-04:00,2025-10-08 13:46:00-04:00,2025-10-08 14:08:00-04:00,SHORT,2.6997221114,232.1373000000,223.1654738258,609.7350000000,608.3132792209,225.2517606266,232.1350000000,232.0885730000,233.8850000000,233.9317770000,86,19959.6172780000,1.7500000000,4.0000000000,150.5000000000,344.0000000000,2.2857142857,233.8850000000,228.1350000000,STOP,22,-150.5000000000,8.0155440000,0.6020000000,8.6175440000,-159.1175440000,-37.6250000000,2.0038860000,0.1505000000,2.1543860000,-39.7793860000
AMD,AMD,QQQ,2025-10-08 15:45:00-04:00,2025-10-08 15:46:00-04:00,2025-10-08 15:59:00-04:00,SHORT,2.8130770033,234.2750000000,226.3693778331,610.7600000000,608.9765643984,229.0211396982,234.2800000000,234.2331440000,235.4000000000,235.4470800000,85,19909.8172400000,1.7500000000,4.0000000000,148.7500000000,340.0000000000,2.2857142857,236.0300000000,230.2800000000,FORCED_EOD,13,-95.2000000000,7.9845600000,0.5950000000,8.5795600000,-103.7795600000,-23.8000000000,1.9961400000,0.1487500000,2.1448900000,-25.9448900000
AMD,AMD,QQQ,2025-10-09 12:52:00-04:00,2025-10-09 12:53:00-04:00,2025-10-09 13:27:00-04:00,LONG,-3.0594930803,231.5650000000,235.3011217785,609.4800000000,609.8141014948,234.7854599968,231.5650000000,231.6113130000,229.8150000000,229.7690370000,86,19918.5729180000,1.7500000000,4.0000000000,150.5000000000,344.0000000000,2.2857142857,229.8150000000,235.5650000000,STOP,34,-150.5000000000,7.9357360000,0.6020000000,8.5377360000,-159.0377360000,-37.6250000000,1.9839340000,0.1505000000,2.1344340000,-39.7594340000
AMD,AMD,QQQ,2025-10-09 14:07:00-04:00,2025-10-09 14:08:00-04:00,2025-10-09 15:59:00-04:00,SHORT,3.1280402803,231.9748000000,234.5473232171,608.1800000000,609.4790542875,232.5476501934,231.9990000000,231.9526002000,232.8800000000,232.9265760000,86,19947.9236172000,1.7500000000,4.0000000000,150.5000000000,344.0000000000,2.2857142857,233.7490000000,227.9990000000,FORCED_EOD,111,-75.7660000000,7.9959188000,0.6020000000,8.5979188000,-84.3639188000,-18.9415000000,1.9989797000,0.1505000000,2.1494797000,-21.0909797000
AMD,AMD,QQQ,2025-10-10 11:00:00-04:00,2025-10-10 11:01:00-04:00,2025-10-10 11:20:00-04:00,SHORT,3.5344264239,222.5840000000,228.1747584499,606.4700000000,611.2982670380,220.9659131150,222.5300000000,222.4854940000,218.5300000000,218.5737060000,89,19801.2089660000,1.7500000000,4.0000000000,155.7500000000,356.0000000000,2.2857142857,224.2800000000,218.5300000000,TAKE_PROFIT_BRACKET,19,356.0000000000,7.8508680000,0.6230000000,8.4738680000,347.5261320000,89.0000000000,1.9627170000,0.1557500000,2.1184670000,86.8815330000
AMD,AMD,QQQ,2025-10-10 12:57:00-04:00,2025-10-10 12:58:00-04:00,2025-10-10 13:30:00-04:00,SHORT,2.5483968660,219.0400000000,222.7939103441,595.9500000000,603.3122326915,211.9188740275,219.0500000000,219.0061900000,220.8000000000,220.8441600000,91,19929.5632900000,1.7500000000,4.0000000000,159.2500000000,364.0000000000,2.2857142857,220.8000000000,215.0500000000,STOP,32,-159.2500000000,8.0052700000,0.6370000000,8.6422700000,-167.8922700000,-39.8125000000,2.0013175000,0.1592500000,2.1605675000,-41.9730675000
AMD,AMD,QQQ,2025-10-10 15:54:00-04:00,2025-10-10 15:55:00-04:00,2025-10-10 15:59:00-04:00,SHORT,2.5817062606,215.5200000000,221.5597145681,590.0900000000,600.0568976106,206.8393572252,215.5200000000,215.4768960000,214.6100000000,214.6529220000,92,19823.8744320000,1.7500000000,4.0000000000,161.0000000000,368.0000000000,2.2857142857,217.2700000000,211.5200000000,FORCED_EOD,4,83.7200000000,7.9143920000,0.6440000000,8.5583920000,75.1616080000,20.9300000000,1.9785980000,0.1610000000,2.1395980000,18.7904020000
AMD,AMD,QQQ,2025-10-13 10:00:00-04:00,2025-10-13 10:01:00-04:00,2025-10-13 10:17:00-04:00,LONG,-3.0588462551,222.5000000000,221.2167781904,601.4800000000,599.1477835724,224.6611731681,222.5300000000,222.5745060000,220.7800000000,220.7358440000,89,19809.1310340000,1.7500000000,4.0000000000,155.7500000000,356.0000000000,2.2857142857,220.7800000000,226.5300000000,STOP,16,-155.7500000000,7.8909180000,0.6230000000,8.5139180000,-164.2639180000,-38.9375000000,1.9727295000,0.1557500000,2.1284795000,-41.0659795000
AMD,AMD,QQQ,2025-10-13 12:58:00-04:00,2025-10-13 12:59:00-04:00,2025-10-13 13:13:00-04:00,LONG,-2.6676305728,219.1300000000,219.8557499557,602.6500000000,600.1057327776,223.5842381051,219.1700000000,219.2138340000,217.4200000000,217.3765160000,91,19948.4588940000,1.7500000000,4.0000000000,159.2500000000,364.0000000000,2.2857142857,217.4200000000,223.1700000000,STOP,14,-159.2500000000,7.9459380000,0.6370000000,8.5829380000,-167.8329380000,-39.8125000000,1.9864845000,0.1592500000,2.1457345000,-41.9582345000
AMD,AMD,QQQ,2025-10-13 14:09:00-04:00,2025-10-13 14:10:00-04:00,2025-10-13 15:59:00-04:00,LONG,-2.6150697598,216.1000000000,219.4242669631,602.1100000000,600.3459789967,222.0032399494,216.1000000000,216.1432200000,216.3950000000,216.3517210000,92,19885.1762400000,1.7500000000,4.0000000000,161.0000000000,368.0000000000,2.2857142857,214.3500000000,220.1000000000,FORCED_EOD,109,27.1400000000,7.9579080000,0.6440000000,8.6019080000,18.5380920000,6.7850000000,1.9894770000,0.1610000000,2.1504770000,4.6345230000
AMD,AMD,QQQ,2025-10-14 12:44:00-04:00,2025-10-14 12:45:00-04:00,2025-10-14 15:37:00-04:00,SHORT,2.7681916212,224.8700000000,219.8969611145,601.8400000000,596.1130800580,224.7250588791,224.8310000000,224.7860338000,220.8310000000,220.8751662000,88,19781.1709744000,1.7500000000,4.0000000000,154.0000000000,352.0000000000,2.2857142857,226.5810000000,220.8310000000,TAKE_PROFIT_BRACKET,172,352.0000000000,7.8436512000,0.6160000000,8.4596512000,343.5403488000,88.0000000000,1.9609128000,0.1540000000,2.1149128000,85.8850872000
AMD,AMD,QQQ,2025-10-14 15:39:00-04:00,2025-10-14 15:40:00-04:00,2025-10-14 15:44:00-04:00,LONG,-2.8565258000,220.3900000000,220.8266305465,599.7200000000,597.9528855672,222.3180971082,220.3800000000,220.4240760000,218.6300000000,218.5862740000,90,19838.1668400000,1.7500000000,4.0000000000,157.5000000000,360.0000000000,2.2857142857,218.6300000000,224.3800000000,STOP,4,-157.5000000000,7.9021800000,0.6300000000,8.5321800000,-166.0321800000,-39.3750000000,1.9755450000,0.1575000000,2.1330450000,-41.5080450000
AMD,AMD,QQQ,2025-10-14 15:53:00-04:00,2025-10-14 15:54:00-04:00,2025-10-14 15:59:00-04:00,LONG,-3.3108094079,218.5700000000,220.7204884593,598.0100000000,597.9347464897,220.7839747549,218.5700000000,218.6137140000,218.0200000000,217.9763960000,91,19893.8479740000,1.7500000000,4.0000000000,159.2500000000,364.0000000000,2.2857142857,216.8200000000,222.5700000000,FORCED_EOD,5,-50.0500000000,7.9459380000,0.6370000000,8.5829380000,-58.6329380000,-12.5125000000,1.9864845000,0.1592500000,2.1457345000,-14.6582345000
AMD,AMD,QQQ,2025-10-15 14:34:00-04:00,2025-10-15 14:35:00-04:00,2025-10-15 15:16:00-04:00,SHORT,3.1725003466,237.0600000000,233.2111522349,602.0700000000,602.5831750454,232.7475449502,237.0400000000,236.9925920000,238.7900000000,238.8377580000,84,19907.3777280000,1.7500000000,4.0000000000,147.0000000000,336.0000000000,2.2857142857,238.7900000000,233.0400000000,STOP,41,-147.0000000000,7.9939440000,0.5880000000,8.5819440000,-155.5819440000,-36.7500000000,1.9984860000,0.1470000000,2.1454860000,-38.8954860000
AMD,AMD,QQQ,2025-10-16 12:28:00-04:00,2025-10-16 12:29:00-04:00,2025-10-16 12:56:00-04:00,SHORT,3.1800267621,236.6550000000,237.9985456072,601.1900000000,605.2707166427,234.6460748446,236.6550000000,236.6076690000,238.4050000000,238.4526810000,84,19875.0441960000,1.7500000000,4.0000000000,147.0000000000,336.0000000000,2.2857142857,238.4050000000,232.6550000000,STOP,27,-147.0000000000,7.9810080000,0.5880000000,8.5690080000,-155.5690080000,-36.7500000000,1.9952520000,0.1470000000,2.1422520000,-38.8922520000
AMD,AMD,QQQ,2025-10-16 13:07:00-04:00,2025-10-16 13:08:00-04:00,2025-10-16 14:12:00-04:00,SHORT,2.8680516303,239.7999000000,237.7981448850,601.2300000000,604.0157965937,235.5066785130,239.6800000000,239.6320640000,235.6800000000,235.7271360000,83,19889.4613120000,1.7500000000,4.0000000000,145.2500000000,332.0000000000,2.2857142857,241.4300000000,235.6800000000,TAKE_PROFIT_BRACKET,64,332.0000000000,7.8909760000,0.5810000000,8.4719760000,323.5280240000,83.0000000000,1.9727440000,0.1452500000,2.1179940000,80.8820060000
AMD,AMD,QQQ,2025-10-16 15:50:00-04:00,2025-10-16 15:51:00-04:00,2025-10-16 15:59:00-04:00,LONG,-3.2470377059,235.2992000000,237.5319965160,599.5100000000,601.9776060210,235.4976659498,235.2500000000,235.2970500000,233.5000000000,233.4533000000,84,19764.9522000000,1.7500000000,4.0000000000,147.0000000000,336.0000000000,2.2857142857,233.5000000000,239.2500000000,STOP,8,-147.0000000000,7.8750000000,0.5880000000,8.4630000000,-155.4630000000,-36.7500000000,1.9687500000,0.1470000000,2.1157500000,-38.8657500000
AMD,AMD,QQQ,2025-10-17 11:23:00-04:00,2025-10-17 11:24:00-04:00,2025-10-17 12:04:00-04:00,LONG,-2.8839475529,228.0050000000,232.0899989270,597.4600000000,599.5624663325,230.3683148989,228.0300000000,228.0756060000,232.0300000000,231.9835940000,87,19842.5777220000,1.7500000000,4.0000000000,152.2500000000,348.0000000000,2.2857142857,226.2800000000,232.0300000000,TAKE_PROFIT_BRACKET,40,348.0000000000,8.0050440000,0.6090000000,8.6140440000,339.3859560000,87.0000000000,2.0012610000,0.1522500000,2.1535110000,84.8464890000
AMD,AMD,QQQ,2025-10-17 12:39:00-04:00,2025-10-17 12:40:00-04:00,2025-10-17 15:59:00-04:00,SHORT,2.5295086423,233.3800000000,231.7804018371,602.5600000000,599.8449681125,233.9996968514,233.3900000000,233.3433220000,233.1500000000,233.1966300000,85,19834.1823700000,1.7500000000,4.0000000000,148.7500000000,340.0000000000,2.2857142857,235.1400000000,229.3900000000,FORCED_EOD,199,20.4000000000,7.9311800000,0.5950000000,8.5261800000,11.8738200000,5.1000000000,1.9827950000,0.1487500000,2.1315450000,2.9684550000
AMD,AMD,QQQ,2025-10-20 12:49:00-04:00,2025-10-20 12:50:00-04:00,2025-10-20 15:59:00-04:00,SHORT,3.1314255937,242.6050000000,239.8454177781,611.7900000000,610.7240009558,240.1688721087,242.6050000000,242.5564790000,240.5300000000,240.5781060000,82,19889.6312780000,1.7500000000,4.0000000000,143.5000000000,328.0000000000,2.2857142857,244.3550000000,238.6050000000,FORCED_EOD,189,170.1500000000,7.9234140000,0.5740000000,8.4974140000,161.6525860000,42.5375000000,1.9808535000,0.1435000000,2.1243535000,40.4131465000
AMD,AMD,QQQ,2025-10-21 11:16:00-04:00,2025-10-21 11:17:00-04:00,2025-10-21 11:54:00-04:00,SHORT,2.5623795969,237.1700000000,237.6249627507,610.8400000000,610.6175699899,237.8506425098,237.2200000000,237.1725560000,238.9700000000,239.0177940000,84,19922.4947040000,1.7500000000,4.0000000000,147.0000000000,336.0000000000,2.2857142857,238.9700000000,233.2200000000,STOP,37,-147.0000000000,7.9999920000,0.5880000000,8.5879920000,-155.5879920000,-36.7500000000,1.9999980000,0.1470000000,2.1469980000,-38.8969980000
AMD,AMD,QQQ,2025-10-21 12:14:00-04:00,2025-10-21 12:15:00-04:00,2025-10-21 15:59:00-04:00,SHORT,2.5257318126,239.9110000000,237.8147845366,612.2820000000,610.8536460691,239.2646041718,239.9000000000,239.8520200000,238.0700000000,238.1176140000,83,19907.7176600000,1.7500000000,4.0000000000,145.2500000000,332.0000000000,2.2857142857,241.6500000000,235.9000000000,FORCED_EOD,224,151.8900000000,7.9343020000,0.5810000000,8.5153020000,143.3746980000,37.9725000000,1.9835755000,0.1452500000,2.1288255000,35.8436745000
AMD,AMD,QQQ,2025-10-22 10:57:00-04:00,2025-10-22 10:58:00-04:00,2025-10-22 11:21:00-04:00,LONG,-2.5304151548,231.5500000000,234.7655767746,608.0200000000,608.8459898110,233.4915995939,231.5144000000,231.5607028800,229.7644000000,229.7184471200,86,19914.2204476800,1.7500000000,4.0000000000,150.5000000000,344.0000000000,2.2857142857,229.7644000000,235.5144000000,STOP,23,-150.5000000000,7.9339953600,0.6020000000,8.5359953600,-159.0359953600,-37.6250000000,1.9834988400,0.1505000000,2.1339988400,-39.7589988400
AMD,AMD,QQQ,2025-10-22 12:20:00-04:00,2025-10-22 12:21:00-04:00,2025-10-22 13:25:00-04:00,SHORT,2.9780732643,230.0550000000,233.0566504352,605.4300000000,607.9015368201,229.2665097112,229.9700000000,229.9240060000,225.9700000000,226.0151940000,86,19773.4645160000,1.7500000000,4.0000000000,150.5000000000,344.0000000000,2.2857142857,231.7200000000,225.9700000000,TAKE_PROFIT_BRACKET,64,344.0000000000,7.8421680000,0.6020000000,8.4441680000,335.5558320000,86.0000000000,1.9605420000,0.1505000000,2.1110420000,83.8889580000
AMD,AMD,QQQ,2025-10-22 13:39:00-04:00,2025-10-22 13:40:00-04:00,2025-10-22 14:25:00-04:00,SHORT,2.9362024446,226.0250000000,231.8725338284,600.9400000000,606.6019483071,223.2154544765,226.0627000000,226.0174874600,227.8127000000,227.8582625400,88,19889.5388964800,1.7500000000,4.0000000000,154.0000000000,352.0000000000,2.2857142857,227.8127000000,222.0627000000,STOP,45,-154.0000000000,7.9882070400,0.6160000000,8.6042070400,-162.6042070400,-38.5000000000,1.9970517600,0.1540000000,2.1510517600,-40.6510517600
AMD,AMD,QQQ,2025-10-23 12:40:00-04:00,2025-10-23 12:41:00-04:00,2025-10-23 15:59:00-04:00,LONG,-2.7392968487,233.2150000000,232.8456707637,609.8300000000,608.0687940920,234.5694632899,233.2150000000,233.2616430000,235.0100000000,234.9629980000,85,19827.2396550000,1.7500000000,4.0000000000,148.7500000000,340.0000000000,2.2857142857,231.4650000000,237.2150000000,FORCED_EOD,198,152.5750000000,7.9598250000,0.5950000000,8.5548250000,144.0201750000,38.1437500000,1.9899562500,0.1487500000,2.1387062500,36.0050437500
AMD,AMD,QQQ,2025-10-24 13:52:00-04:00,2025-10-24 13:53:00-04:00,2025-10-24 15:59:00-04:00,LONG,-2.8252321278,250.6600000000,249.9621315530,618.1700000000,617.1234328385,251.1235434986,250.6750000000,250.7251350000,252.9100000000,252.8594180000,79,19807.2856650000,1.7500000000,4.0000000000,138.2500000000,316.0000000000,2.2857142857,248.9250000000,254.6750000000,FORCED_EOD,126,176.5650000000,7.9566430000,0.5530000000,8.5096430000,168.0553570000,44.1412500000,1.9891607500,0.1382500000,2.1274107500,42.0138392500
AMD,AMD,QQQ,2025-10-27 11:00:00-04:00,2025-10-27 11:01:00-04:00,2025-10-27 11:03:00-04:00,SHORT,4.0938092157,255.7907000000,253.8215730242,625.8900000000,625.3422873378,254.6729049207,255.8700000000,255.8188260000,257.6200000000,257.6715240000,78,19953.8684280000,1.7500000000,4.0000000000,136.5000000000,312.0000000000,2.2857142857,257.6200000000,251.8700000000,STOP,2,-136.5000000000,8.0104440000,0.5460000000,8.5564440000,-145.0564440000,-34.1250000000,2.0026110000,0.1365000000,2.1391110000,-36.2641110000
AMD,AMD,QQQ,2025-10-27 11:03:00-04:00,2025-10-27 11:04:00-04:00,2025-10-27 11:20:00-04:00,SHORT,4.2060196712,257.8750000000,253.9955258329,626.1600000000,625.3545628035,255.2482827702,257.9300000000,257.8784140000,253.9300000000,253.9807860000,77,19856.6378780000,1.7500000000,4.0000000000,134.7500000000,308.0000000000,2.2857142857,259.6800000000,253.9300000000,TAKE_PROFIT_BRACKET,16,308.0000000000,7.8826440000,0.5390000000,8.4216440000,299.5783560000,77.0000000000,1.9706610000,0.1347500000,2.1054110000,74.8945890000
AMD,AMD,QQQ,2025-10-27 13:00:00-04:00,2025-10-27 13:01:00-04:00,2025-10-27 15:00:00-04:00,SHORT,2.7518199781,255.6600000000,254.3412934371,626.8100000000,625.8163216777,255.8877979653,255.6524000000,255.6012695200,257.4024000000,257.4538804800,78,19936.8990225600,1.7500000000,4.0000000000,136.5000000000,312.0000000000,2.2857142857,257.4024000000,251.6524000000,STOP,119,-136.5000000000,8.0036548800,0.5460000000,8.5496548800,-145.0496548800,-34.1250000000,2.0009137200,0.1365000000,2.1374137200,-36.2624137200
AMD,AMD,QQQ,2025-10-27 15:18:00-04:00,2025-10-27 15:19:00-04:00,2025-10-27 15:34:00-04:00,SHORT,2.5984459369,256.1700000000,254.6220804173,627.1600000000,626.2370158454,256.0591803321,256.1600000000,256.1087680000,257.9100000000,257.9615820000,78,19976.4839040000,1.7500000000,4.0000000000,136.5000000000,312.0000000000,2.2857142857,257.9100000000,252.1600000000,STOP,15,-136.5000000000,8.0194920000,0.5460000000,8.5654920000,-145.0654920000,-34.1250000000,2.0048730000,0.1365000000,2.1413730000,-36.2663730000
AMD,AMD,QQQ,2025-10-27 15:34:00-04:00,2025-10-27 15:35:00-04:00,2025-10-27 15:54:00-04:00,SHORT,2.9500845353,257.7300000000,254.6954870769,627.2950000000,626.2791705547,256.2774979715,257.7300000000,257.6784540000,259.4800000000,259.5318960000,77,19841.2409580000,1.7500000000,4.0000000000,134.7500000000,308.0000000000,2.2857142857,259.4800000000,253.7300000000,STOP,19,-134.7500000000,7.9650340000,0.5390000000,8.5040340000,-143.2540340000,-33.6875000000,1.9912585000,0.1347500000,2.1260085000,-35.8135085000
AMD,AMD,QQQ,2025-10-28 10:02:00-04:00,2025-10-28 10:03:00-04:00,2025-10-28 10:14:00-04:00,SHORT,2.9781916255,262.6415000000,260.2727211983,630.4700000000,630.5913544956,260.1251793116,262.6400000000,262.5874720000,264.3900000000,264.4428780000,76,19956.6478720000,1.7500000000,4.0000000000,133.0000000000,304.0000000000,2.2857142857,264.3900000000,258.6400000000,STOP,11,-133.0000000000,8.0108560000,0.5320000000,8.5428560000,-141.5428560000,-33.2500000000,2.0027140000,0.1330000000,2.1357140000,-35.3857140000
AMD,AMD,QQQ,2025-10-28 12:08:00-04:00,2025-10-28 12:09:00-04:00,2025-10-28 15:59:00-04:00,SHORT,3.2012099087,262.0950000000,261.1098551418,630.9944000000,630.3712498674,261.8701785842,262.0950000000,262.0425810000,258.0950000000,258.1466190000,76,19915.2361560000,1.7500000000,4.0000000000,133.0000000000,304.0000000000,2.2857142857,263.8450000000,258.0950000000,TAKE_PROFIT_BRACKET,230,304.0000000000,7.9068880000,0.5320000000,8.4388880000,295.5611120000,76.0000000000,1.9767220000,0.1330000000,2.1097220000,73.8902780000
AMD,AMD,QQQ,2025-10-29 11:25:00-04:00,2025-10-29 11:26:00-04:00,2025-10-29 11:40:00-04:00,LONG,-2.6139414046,261.6200000000,264.5408923269,635.6750000000,635.9287774966,264.2526356503,261.5928000000,261.6451185600,259.8428000000,259.7908314400,76,19885.0290105600,1.7500000000,4.0000000000,133.0000000000,304.0000000000,2.2857142857,259.8428000000,265.5928000000,STOP,14,-133.0000000000,7.9258211200,0.5320000000,8.4578211200,-141.4578211200,-33.2500000000,1.9814552800,0.1330000000,2.1144552800,-35.3644552800
AMD,AMD,QQQ,2025-10-29 11:40:00-04:00,2025-10-29 11:41:00-04:00,2025-10-29 12:05:00-04:00,LONG,-2.5621399411,259.6600000000,264.1606197383,634.9600000000,635.8736277922,263.1242648649,259.6850000000,259.7369370000,257.9350000000,257.8834130000,77,19999.7441490000,1.7500000000,4.0000000000,134.7500000000,308.0000000000,2.2857142857,257.9350000000,263.6850000000,STOP,24,-134.7500000000,7.9713480000,0.5390000000,8.5103480000,-143.2603480000,-33.6875000000,1.9928370000,0.1347500000,2.1275870000,-35.8150870000
AMD,AMD,QQQ,2025-10-29 12:40:00-04:00,2025-10-29 12:41:00-04:00,2025-10-29 15:10:00-04:00,SHORT,2.7321054681,261.2950000000,263.0558091161,635.2000000000,635.6172342957,262.5843172964,261.2777000000,261.2254444600,263.0277000000,263.0803055400,76,19853.1337789600,1.7500000000,4.0000000000,133.0000000000,304.0000000000,2.2857142857,263.0277000000,257.2777000000,STOP,149,-133.0000000000,7.9694420800,0.5320000000,8.5014420800,-141.5014420800,-33.2500000000,1.9923605200,0.1330000000,2.1253605200,-35.3753605200
AMD,AMD,QQQ,2025-10-29 15:12:00-04:00,2025-10-29 15:13:00-04:00,2025-10-29 15:50:00-04:00,SHORT,2.5605660689,263.5200000000,262.4375909533,633.8300000000,634.6640330111,261.4959023245,263.5300000000,263.4772940000,265.2800000000,265.3330560000,75,19760.7970500000,1.7500000000,4.0000000000,131.2500000000,300.0000000000,2.2857142857,265.2800000000,259.5300000000,STOP,37,-131.2500000000,7.9321500000,0.5250000000,8.4571500000,-139.7071500000,-32.8125000000,1.9830375000,0.1312500000,2.1142875000,-34.9267875000
AMD,AMD,QQQ,2025-10-30 10:54:00-04:00,2025-10-30 10:55:00-04:00,2025-10-30 11:20:00-04:00,LONG,-2.5032848989,254.9100000000,259.6607731453,629.1700000000,630.4659750562,258.9980975215,254.8800000000,254.9309760000,258.8800000000,258.8282240000,78,19884.6161280000,1.7500000000,4.0000000000,136.5000000000,312.0000000000,2.2857142857,253.1300000000,258.8800000000,TAKE_PROFIT_BRACKET,25,312.0000000000,8.0146560000,0.5460000000,8.5606560000,303.4393440000,78.0000000000,2.0036640000,0.1365000000,2.1401640000,75.8598360000
AMD,AMD,QQQ,2025-10-30 15:18:00-04:00,2025-10-30 15:19:00-04:00,2025-10-30 15:43:00-04:00,LONG,-2.6965994887,258.8250000000,259.5067629443,627.7499000000,630.0740064961,258.3183351447,258.8300000000,258.8817660000,257.0800000000,257.0285840000,77,19933.8959820000,1.7500000000,4.0000000000,134.7500000000,308.0000000000,2.2857142857,257.0800000000,262.8300000000,STOP,24,-134.7500000000,7.9450140000,0.5390000000,8.4840140000,-143.2340140000,-33.6875000000,1.9862535000,0.1347500000,2.1210035000,-35.8085035000
AMD,AMD,QQQ,2025-10-30 15:56:00-04:00,2025-10-30 15:57:00-04:00,2025-10-30 15:59:00-04:00,LONG,-2.6364739221,255.2950000000,259.2656406486,626.5050000000,629.7069923449,257.6288753855,255.2950000000,255.3460590000,253.5450000000,253.4942910000,78,19916.9926020000,1.7500000000,4.0000000000,136.5000000000,312.0000000000,2.2857142857,253.5450000000,259.2950000000,STOP,2,-136.5000000000,7.9379040000,0.5460000000,8.4839040000,-144.9839040000,-34.1250000000,1.9844760000,0.1365000000,2.1209760000,-36.2459760000
AMD,AMD,QQQ,2025-10-31 10:45:00-04:00,2025-10-31 10:46:00-04:00,2025-10-31 11:37:00-04:00,LONG,-2.6857277366,260.7050000000,260.2276203035,633.4900000000,632.2519577999,261.4233469247,260.7100000000,260.7621420000,258.9600000000,258.9082080000,76,19817.9227920000,1.7500000000,4.0000000000,133.0000000000,304.0000000000,2.2857142857,258.9600000000,264.7100000000,STOP,51,-133.0000000000,7.8989840000,0.5320000000,8.4309840000,-141.4309840000,-33.2500000000,1.9747460000,0.1330000000,2.1077460000,-35.3577460000
AMD,AMD,QQQ,2025-10-31 12:08:00-04:00,2025-10-31 12:09:00-04:00,2025-10-31 13:04:00-04:00,SHORT,3.0217205357,257.7442000000,259.9288639273,629.9800000000,632.1966992263,257.7902012184,257.7000000000,257.6484600000,253.7000000000,253.7507400000,77,19838.9314200000,1.7500000000,4.0000000000,134.7500000000,308.0000000000,2.2857142857,259.4500000000,253.7000000000,TAKE_PROFIT_BRACKET,55,308.0000000000,7.8755600000,0.5390000000,8.4145600000,299.5854400000,77.0000000000,1.9688900000,0.1347500000,2.1036400000,74.8963600000
AMD,AMD,QQQ,2025-10-31 13:23:00-04:00,2025-10-31 13:24:00-04:00,2025-10-31 15:13:00-04:00,SHORT,2.6596171158,255.1200000000,258.8037276070,626.9250000000,631.1285464645,254.7588834070,255.1500000000,255.0989700000,256.9000000000,256.9513800000,78,19897.7196600000,1.7500000000,4.0000000000,136.5000000000,312.0000000000,2.2857142857,256.9000000000,251.1500000000,STOP,109,-136.5000000000,7.9879800000,0.5460000000,8.5339800000,-145.0339800000,-34.1250000000,1.9969950000,0.1365000000,2.1334950000,-36.2584950000
AMD,AMD,QQQ,2025-10-31 15:26:00-04:00,2025-10-31 15:27:00-04:00,2025-10-31 15:59:00-04:00,SHORT,2.9252183181,258.0998000000,258.1787370600,631.1100000000,630.5466278616,258.7200293887,258.0400000000,257.9883920000,254.0400000000,254.0908080000,77,19865.1061840000,1.7500000000,4.0000000000,134.7500000000,308.0000000000,2.2857142857,259.7900000000,254.0400000000,TAKE_PROFIT_BRACKET,32,308.0000000000,7.8860320000,0.5390000000,8.4250320000,299.5749680000,77.0000000000,1.9715080000,0.1347500000,2.1062580000,74.8937420000
AMD,AMD,QQQ,2025-11-03 13:14:00-05:00,2025-11-03 13:15:00-05:00,2025-11-03 15:59:00-05:00,SHORT,3.0179972636,258.6900000000,256.6536301996,633.1900000000,632.3415333611,257.2766549242,258.6950000000,258.6432610000,259.6500000000,259.7019300000,77,19915.5310970000,1.7500000000,4.0000000000,134.7500000000,308.0000000000,2.2857142857,260.4450000000,254.6950000000,FORCED_EOD,164,-73.5350000000,7.9825130000,0.5390000000,8.5215130000,-82.0565130000,-18.3837500000,1.9956282500,0.1347500000,2.1303782500,-20.5141282500
AMD,AMD,QQQ,2025-11-04 12:57:00-05:00,2025-11-04 12:58:00-05:00,2025-11-04 14:43:00-05:00,LONG,-2.9032934990,253.1450000000,254.0567346789,621.4299000000,623.9920217735,252.0063968434,253.1405000000,253.1911281000,251.3905000000,251.3402219000,78,19748.9079918000,1.7500000000,4.0000000000,136.5000000000,312.0000000000,2.2857142857,251.3905000000,257.1405000000,STOP,105,-136.5000000000,7.8706836000,0.5460000000,8.4166836000,-144.9166836000,-34.1250000000,1.9676709000,0.1365000000,2.1041709000,-36.2291709000
AMD,AMD,QQQ,2025-11-04 15:37:00-05:00,2025-11-04 15:38:00-05:00,2025-11-04 15:59:00-05:00,LONG,-2.7873589479,251.7050000000,253.5482670149,620.2400000000,622.7665187934,251.5264962730,251.7100000000,251.7603420000,250.1100000000,250.0599780000,79,19889.0670180000,1.7500000000,4.0000000000,138.2500000000,316.0000000000,2.2857142857,249.9600000000,255.7100000000,FORCED_EOD,21,-126.4000000000,7.9287560000,0.5530000000,8.4817560000,-134.8817560000,-31.6000000000,1.9821890000,0.1382500000,2.1204390000,-33.7204390000
AMD,AMD,QQQ,2025-11-05 12:26:00-05:00,2025-11-05 12:27:00-05:00,2025-11-05 13:01:00-05:00,SHORT,2.8011751677,255.1500000000,249.7689659841,624.2600000000,621.5602845367,252.1375325967,255.1620000000,255.1109676000,256.9120000000,256.9633824000,78,19898.6554728000,1.7500000000,4.0000000000,136.5000000000,312.0000000000,2.2857142857,256.9120000000,251.1620000000,STOP,34,-136.5000000000,7.9883544000,0.5460000000,8.5343544000,-145.0343544000,-34.1250000000,1.9970886000,0.1365000000,2.1335886000,-36.2585886000
AMD,AMD,QQQ,2025-11-05 13:20:00-05:00,2025-11-05 13:21:00-05:00,2025-11-05 15:59:00-05:00,SHORT,3.4642529623,258.5895000000,250.6857959909,625.3300000000,621.9293230131,253.6785186104,258.5900000000,258.5382820000,255.9600000000,256.0111920000,77,19907.4477140000,1.7500000000,4.0000000000,134.7500000000,308.0000000000,2.2857142857,260.3400000000,254.5900000000,FORCED_EOD,158,202.5100000000,7.9240700000,0.5390000000,8.4630700000,194.0469300000,50.6275000000,1.9810175000,0.1347500000,2.1157675000,48.5117325000
AMD,AMD,QQQ,2025-11-06 14:04:00-05:00,2025-11-06 14:05:00-05:00,2025-11-06 15:16:00-05:00,LONG,-2.7474358442,241.0361000000,241.2457227237,614.3500000000,614.6847636231,240.9658550311,241.0899000000,241.1381179800,239.3399000000,239.2920320200,82,19773.3256743600,1.7500000000,4.0000000000,143.5000000000,328.0000000000,2.2857142857,239.3399000000,245.0899000000,STOP,71,-143.5000000000,7.8790487200,0.5740000000,8.4530487200,-151.9530487200,-35.8750000000,1.9697621800,0.1435000000,2.1132621800,-37.9882621800
AMD,AMD,QQQ,2025-11-07 11:55:00-05:00,2025-11-07 11:56:00-05:00,2025-11-07 13:24:00-05:00,LONG,-2.5896039056,225.1250000000,229.4313797789,599.6750000000,603.6164802042,225.3823801048,225.1200000000,225.1650240000,229.1200000000,229.0741760000,88,19814.5221120000,1.7500000000,4.0000000000,154.0000000000,352.0000000000,2.2857142857,223.3700000000,229.1200000000,TAKE_PROFIT_BRACKET,88,352.0000000000,7.9946240000,0.6160000000,8.6106240000,343.3893760000,88.0000000000,1.9986560000,0.1540000000,2.1526560000,85.8473440000
AMD,AMD,QQQ,2025-11-07 13:30:00-05:00,2025-11-07 13:31:00-05:00,2025-11-07 13:50:00-05:00,LONG,-2.7864537691,229.1250000000,229.0143138586,603.8700000000,602.9461663053,229.9626767480,229.1100000000,229.1558220000,227.3600000000,227.3145280000,87,19936.5565140000,1.7500000000,4.0000000000,152.2500000000,348.0000000000,2.2857142857,227.3600000000,233.1100000000,STOP,19,-152.2500000000,7.9425780000,0.6090000000,8.5515780000,-160.8015780000,-38.0625000000,1.9856445000,0.1522500000,2.1378945000,-40.2003945000
AMD,AMD,QQQ,2025-11-07 14:39:00-05:00,2025-11-07 14:40:00-05:00,2025-11-07 15:59:00-05:00,LONG,-2.5156207185,230.4400000000,229.0003724810,606.6250000000,603.1746337834,232.5407940359,230.4600000000,230.5060920000,234.4600000000,234.4131080000,86,19823.5239120000,1.7500000000,4.0000000000,150.5000000000,344.0000000000,2.2857142857,228.7100000000,234.4600000000,TAKE_PROFIT_BRACKET,79,344.0000000000,7.9966240000,0.6020000000,8.5986240000,335.4013760000,86.0000000000,1.9991560000,0.1505000000,2.1496560000,83.8503440000
AMD,AMD,QQQ,2025-11-10 11:24:00-05:00,2025-11-10 11:25:00-05:00,2025-11-10 15:59:00-05:00,LONG,-2.6946234344,243.4284000000,244.9401137186,617.8100000000,620.2342858427,242.2493945167,243.5099000000,243.5586019800,243.9800000000,243.9312040000,82,19971.8053623600,1.7500000000,4.0000000000,143.5000000000,328.0000000000,2.2857142857,241.7599000000,247.5099000000,FORCED_EOD,274,38.5482000000,7.9948343600,0.5740000000,8.5688343600,29.9793656400,9.6370500000,1.9987085900,0.1435000000,2.1422085900,7.4948414100
AMD,AMD,QQQ,2025-11-11 11:00:00-05:00,2025-11-11 11:01:00-05:00,2025-11-11 13:25:00-05:00,SHORT,2.6169900149,240.4694000000,241.6353378672,618.5400000000,619.8112564593,240.4113621715,240.4450000000,240.3969110000,236.4450000000,236.4922890000,83,19952.9436130000,1.7500000000,4.0000000000,145.2500000000,332.0000000000,2.2857142857,242.1950000000,236.4450000000,TAKE_PROFIT_BRACKET,144,332.0000000000,7.9163740000,0.5810000000,8.4973740000,323.5026260000,83.0000000000,1.9790935000,0.1452500000,2.1243435000,80.8756565000
AMD,AMD,QQQ,2025-11-11 13:25:00-05:00,2025-11-11 13:26:00-05:00,2025-11-11 13:26:00-05:00,LONG,-3.6693179056,236.8350000000,240.5204843906,621.3199000000,619.7213189799,242.0527318806,236.8940000000,236.9413788000,235.1440000000,235.0969712000,84,19903.0758192000,1.7500000000,4.0000000000,147.0000000000,336.0000000000,2.2857142857,235.1440000000,240.8940000000,STOP,0,-147.0000000000,7.9302384000,0.5880000000,8.5182384000,-155.5182384000,-36.7500000000,1.9825596000,0.1470000000,2.1295596000,-38.8795596000
AMD,AMD,QQQ,2025-11-11 13:26:00-05:00,2025-11-11 13:27:00-05:00,2025-11-11 13:37:00-05:00,LONG,-3.8320232069,236.1700000000,240.4062282179,621.3100000000,619.7276514961,241.9221807901,236.1900000000,236.2372380000,240.1900000000,240.1419620000,84,19843.9279920000,1.7500000000,4.0000000000,147.0000000000,336.0000000000,2.2857142857,234.4400000000,240.1900000000,TAKE_PROFIT_BRACKET,10,336.0000000000,8.0031840000,0.5880000000,8.5911840000,327.4088160000,84.0000000000,2.0007960000,0.1470000000,2.1477960000,81.8522040000
AMD,AMD,QQQ,2025-11-11 13:40:00-05:00,2025-11-11 13:41:00-05:00,2025-11-11 13:41:00-05:00,SHORT,4.1381705985,243.1900000000,240.1265712430,621.4100000000,619.7838405604,241.6825430668,243.2441000000,243.1954511800,244.9941000000,245.0430988200,82,19942.0269967600,1.7500000000,4.0000000000,143.5000000000,328.0000000000,2.2857142857,244.9941000000,239.2441000000,STOP,0,-143.5000000000,8.0071064800,0.5740000000,8.5811064800,-152.0811064800,-35.8750000000,2.0017766200,0.1435000000,2.1452766200,-38.0202766200
AMD,AMD,QQQ,2025-11-11 13:41:00-05:00,2025-11-11 13:42:00-05:00,2025-11-11 13:54:00-05:00,SHORT,5.0680489642,246.8000000000,240.3517126355,621.8000000000,619.7963746775,242.2706170159,246.8000000000,246.7506400000,242.8000000000,242.8485600000,81,19986.8018400000,1.7500000000,4.0000000000,141.7500000000,324.0000000000,2.2857142857,248.5500000000,242.8000000000,TAKE_PROFIT_BRACKET,12,324.0000000000,7.9315200000,0.5670000000,8.4985200000,315.5014800000,81.0000000000,1.9828800000,0.1417500000,2.1246300000,78.8753700000
AMD,AMD,QQQ,2025-11-11 15:32:00-05:00,2025-11-11 15:33:00-05:00,2025-11-11 15:59:00-05:00,LONG,-2.8410564790,238.7200000000,241.1189873040,621.9400000000,620.3136078939,242.6802787965,238.6950000000,238.7427390000,237.5500000000,237.5024900000,83,19815.6473370000,1.7500000000,4.0000000000,145.2500000000,332.0000000000,2.2857142857,236.9450000000,242.6950000000,FORCED_EOD,26,-95.0350000000,7.9056670000,0.5810000000,8.4866670000,-103.5216670000,-23.7587500000,1.9764167500,0.1452500000,2.1216667500,-25.8804167500
AMD,AMD,QQQ,2025-11-12 12:13:00-05:00,2025-11-12 12:14:00-05:00,2025-11-12 12:48:00-05:00,LONG,-2.5298848650,258.2000000000,257.9260960668,619.4099000000,620.3190597333,256.8046654733,258.2392000000,258.2908478400,256.4892000000,256.4379021600,77,19888.3952836800,1.7500000000,4.0000000000,134.7500000000,308.0000000000,2.2857142857,256.4892000000,262.2392000000,STOP,34,-134.7500000000,7.9268173600,0.5390000000,8.4658173600,-143.2158173600,-33.6875000000,1.9817043400,0.1347500000,2.1164543400,-35.8039543400
AMD,AMD,QQQ,2025-11-12 14:41:00-05:00,2025-11-12 14:42:00-05:00,2025-11-12 15:35:00-05:00,LONG,-2.6249011528,253.4200000000,257.4920671328,620.3700000000,620.3513322553,257.5150534839,253.4000000000,253.4506800000,257.4000000000,257.3485200000,78,19769.1530400000,1.7500000000,4.0000000000,136.5000000000,312.0000000000,2.2857142857,251.6500000000,257.4000000000,TAKE_PROFIT_BRACKET,53,312.0000000000,7.9684800000,0.5460000000,8.5144800000,303.4855200000,78.0000000000,1.9921200000,0.1365000000,2.1286200000,75.8713800000
AMD,AMD,QQQ,2025-11-12 15:54:00-05:00,2025-11-12 15:55:00-05:00,2025-11-12 15:59:00-05:00,SHORT,3.3567121286,258.6200000000,257.3456801379,620.9200000000,620.3695218013,258.0231010524,258.6300000000,258.5782740000,258.8900000000,258.9417780000,77,19910.5270980000,1.7500000000,4.0000000000,134.7500000000,308.0000000000,2.2857142857,260.3800000000,254.6300000000,FORCED_EOD,4,-20.0200000000,7.9698080000,0.5390000000,8.5088080000,-28.5288080000,-5.0050000000,1.9924520000,0.1347500000,2.1272020000,-7.1322020000
AMD,AMD,QQQ,2025-11-13 11:42:00-05:00,2025-11-13 11:43:00-05:00,2025-11-13 12:11:00-05:00,LONG,-2.9044072003,252.9900000000,254.5586932888,610.2300000000,613.6516849672,250.5621924858,252.9300000000,252.9805860000,251.1800000000,251.1297640000,79,19985.4662940000,1.7500000000,4.0000000000,138.2500000000,316.0000000000,2.2857142857,251.1800000000,256.9300000000,STOP,28,-138.2500000000,7.9649380000,0.5530000000,8.5179380000,-146.7679380000,-34.5625000000,1.9912345000,0.1382500000,2.1294845000,-36.6919845000
AMD,AMD,QQQ,2025-11-13 15:06:00-05:00,2025-11-13 15:07:00-05:00,2025-11-13 15:59:00-05:00,LONG,-2.5402046149,246.6600000000,252.6868109144,606.8500000000,611.1992554453,247.6240367574,246.6500000000,246.6993300000,247.9900000000,247.9404020000,81,19982.6457300000,1.7500000000,4.0000000000,141.7500000000,324.0000000000,2.2857142857,244.9000000000,250.6500000000,FORCED_EOD,52,108.5400000000,8.0131680000,0.5670000000,8.5801680000,99.9598320000,27.1350000000,2.0032920000,0.1417500000,2.1450420000,24.9899580000
AMD,AMD,QQQ,2025-11-14 15:14:00-05:00,2025-11-14 15:15:00-05:00,2025-11-14 15:59:00-05:00,SHORT,2.6897659826,249.1300000000,246.9091129878,610.8000000000,607.6868431308,249.6051862042,249.1599000000,249.1100680200,246.7600000000,246.8093520000,80,19928.8054416000,1.7500000000,4.0000000000,140.0000000000,320.0000000000,2.2857142857,250.9099000000,245.1599000000,FORCED_EOD,44,191.9920000000,7.9347184000,0.5600000000,8.4947184000,183.4972816000,47.9980000000,1.9836796000,0.1400000000,2.1236796000,45.8743204000
AMD,AMD,QQQ,2025-11-17 11:35:00-05:00,2025-11-17 11:36:00-05:00,2025-11-17 12:44:00-05:00,LONG,-2.9225639890,244.0300000000,245.3052457971,608.7900000000,608.7944503918,245.3015857804,244.0100000000,244.0588020000,242.2600000000,242.2115480000,81,19768.7629620000,1.7500000000,4.0000000000,141.7500000000,324.0000000000,2.2857142857,242.2600000000,248.0100000000,STOP,68,-141.7500000000,7.8775740000,0.5670000000,8.4445740000,-150.1945740000,-35.4375000000,1.9693935000,0.1417500000,2.1111435000,-37.5486435000
AMD,AMD,QQQ,2025-11-17 12:52:00-05:00,2025-11-17 12:53:00-05:00,2025-11-17 14:38:00-05:00,SHORT,2.8402702094,242.2400000000,245.0644031338,607.0449000000,609.0071902502,243.4527568482,242.2900000000,242.2415420000,238.2900000000,238.3376580000,82,19863.8064440000,1.7500000000,4.0000000000,143.5000000000,328.0000000000,2.2857142857,244.0400000000,238.2900000000,TAKE_PROFIT_BRACKET,105,328.0000000000,7.8815120000,0.5740000000,8.4555120000,319.5444880000,82.0000000000,1.9703780000,0.1435000000,2.1138780000,79.8861220000
AMD,AMD,QQQ,2025-11-17 15:00:00-05:00,2025-11-17 15:01:00-05:00,2025-11-17 15:50:00-05:00,SHORT,2.8143190983,238.0600000000,243.7033464215,600.3900000000,607.3955380941,237.9664095910,238.0800000000,238.0323840000,239.8300000000,239.8779660000,84,19994.7202560000,1.7500000000,4.0000000000,147.0000000000,336.0000000000,2.2857142857,239.8300000000,234.0800000000,STOP,49,-147.0000000000,8.0288880000,0.5880000000,8.6168880000,-155.6168880000,-36.7500000000,2.0072220000,0.1470000000,2.1542220000,-38.9042220000
AMD,AMD,QQQ,2025-11-18 11:01:00-05:00,2025-11-18 11:02:00-05:00,2025-11-18 11:07:00-05:00,SHORT,3.4200676129,226.2060000000,229.1605065349,591.7300000000,596.1430969418,223.3267608294,226.0100000000,225.9647980000,227.7600000000,227.8055520000,88,19884.9022240000,1.7500000000,4.0000000000,154.0000000000,352.0000000000,2.2857142857,227.7600000000,222.0100000000,STOP,5,-154.0000000000,7.9863520000,0.6160000000,8.6023520000,-162.6023520000,-38.5000000000,1.9965880000,0.1540000000,2.1505880000,-40.6505880000
AMD,AMD,QQQ,2025-11-18 12:17:00-05:00,2025-11-18 12:18:00-05:00,2025-11-18 12:38:00-05:00,SHORT,2.9508869875,230.5300000000,229.5198189288,596.3000000000,596.2501622873,229.5857916741,230.6200000000,230.5738760000,232.3700000000,232.4164740000,86,19829.3533360000,1.7500000000,4.0000000000,150.5000000000,344.0000000000,2.2857142857,232.3700000000,226.6200000000,STOP,20,-150.5000000000,7.9634280000,0.6020000000,8.5654280000,-159.0654280000,-37.6250000000,1.9908570000,0.1505000000,2.1413570000,-39.7663570000
AMD,AMD,QQQ,2025-11-18 14:39:00-05:00,2025-11-18 14:40:00-05:00,2025-11-18 15:25:00-05:00,LONG,-2.7775008367,233.2976000000,230.3151194824,601.4230000000,597.0633939868,236.0982636505,233.1601000000,233.2067320200,231.4101000000,231.3638179800,85,19822.5722217000,1.7500000000,4.0000000000,148.7500000000,340.0000000000,2.2857142857,231.4101000000,237.1601000000,STOP,45,-148.7500000000,7.8976934000,0.5950000000,8.4926934000,-157.2426934000,-37.1875000000,1.9744233500,0.1487500000,2.1231733500,-39.3106733500
AMD,AMD,QQQ,2025-11-19 12:37:00-05:00,2025-11-19 12:38:00-05:00,2025-11-19 15:37:00-05:00,SHORT,3.2072006463,222.2500000000,229.2662589750,594.8500000000,601.0657068761,219.7827576136,222.2600000000,222.2155480000,224.0100000000,224.0548020000,90,19999.3993200000,1.7500000000,4.0000000000,157.5000000000,360.0000000000,2.2857142857,224.0100000000,218.2600000000,STOP,179,-157.5000000000,8.0328600000,0.6300000000,8.6628600000,-166.1628600000,-39.3750000000,2.0082150000,0.1575000000,2.1657150000,-41.5407150000
AMD,AMD,QQQ,2025-11-20 10:56:00-05:00,2025-11-20 10:57:00-05:00,2025-11-20 11:05:00-05:00,LONG,-2.5677606960,226.3299000000,229.8306414262,610.6799000000,612.0624305417,229.3147597613,226.3696000000,226.4148739200,224.6196000000,224.5746760800,88,19924.5089049600,1.7500000000,4.0000000000,154.0000000000,352.0000000000,2.2857142857,224.6196000000,230.3696000000,STOP,8,-154.0000000000,7.9374099200,0.6160000000,8.5534099200,-162.5534099200,-38.5000000000,1.9843524800,0.1540000000,2.1383524800,-40.6383524800
AMD,AMD,QQQ,2025-11-20 11:38:00-05:00,2025-11-20 11:39:00-05:00,2025-11-20 11:54:00-05:00,LONG,-2.5140810151,219.1069000000,227.7692066749,601.2600000000,609.7882439652,224.6037328300,219.1300000000,219.1738260000,217.3800000000,217.3365240000,91,19944.8181660000,1.7500000000,4.0000000000,159.2500000000,364.0000000000,2.2857142857,217.3800000000,223.1300000000,STOP,15,-159.2500000000,7.9444820000,0.6370000000,8.5814820000,-167.8314820000,-39.8125000000,1.9861205000,0.1592500000,2.1453705000,-41.9578705000
AMD,AMD,QQQ,2025-11-20 13:06:00-05:00,2025-11-20 13:07:00-05:00,2025-11-20 13:50:00-05:00,SHORT,2.6167489455,213.4350000000,221.6243640051,594.3100000000,602.4774061173,218.6388161238,213.4800000000,213.4373040000,209.4800000000,209.5218960000,93,19849.6692720000,1.7500000000,4.0000000000,162.7500000000,372.0000000000,2.2857142857,215.2300000000,209.4800000000,TAKE_PROFIT_BRACKET,43,372.0000000000,7.8670560000,0.6510000000,8.5180560000,363.4819440000,93.0000000000,1.9667640000,0.1627500000,2.1295140000,90.8704860000
AMD,AMD,QQQ,2025-11-20 14:57:00-05:00,2025-11-20 14:58:00-05:00,2025-11-20 15:38:00-05:00,SHORT,2.7116317342,211.6400000000,219.0704729376,591.6536000000,599.6958631369,216.1510687694,211.6400000000,211.5976720000,207.6400000000,207.6815280000,94,19890.1811680000,1.7500000000,4.0000000000,164.5000000000,376.0000000000,2.2857142857,213.3900000000,207.6400000000,TAKE_PROFIT_BRACKET,40,376.0000000000,7.8824640000,0.6580000000,8.5404640000,367.4595360000,94.0000000000,1.9706160000,0.1645000000,2.1351160000,91.8648840000
AMD,AMD,QQQ,2025-11-20 15:39:00-05:00,2025-11-20 15:40:00-05:00,2025-11-20 15:54:00-05:00,LONG,-2.5569927401,207.3150000000,218.2746405374,586.7700000000,598.9818764713,213.8524733854,207.3150000000,207.3564630000,205.5650000000,205.5238870000,96,19906.2204480000,1.7500000000,4.0000000000,168.0000000000,384.0000000000,2.2857142857,205.5650000000,211.3150000000,STOP,14,-168.0000000000,7.9272960000,0.6720000000,8.5992960000,-176.5992960000,-42.0000000000,1.9818240000,0.1680000000,2.1498240000,-44.1498240000
AMD,AMD,QQQ,2025-11-20 15:54:00-05:00,2025-11-20 15:55:00-05:00,2025-11-20 15:59:00-05:00,LONG,-2.5119465126,205.3200000000,217.6944458561,585.7100000000,598.4226307665,213.0988913112,205.2900000000,205.3310580000,206.0600000000,206.0187880000,97,19917.1126260000,1.7500000000,4.0000000000,169.7500000000,388.0000000000,2.2857142857,203.5400000000,209.2900000000,FORCED_EOD,4,74.6900000000,7.9801900000,0.6790000000,8.6591900000,66.0308100000,18.6725000000,1.9950475000,0.1697500000,2.1647975000,16.5077025000
AMD,AMD,QQQ,2025-11-21 11:12:00-05:00,2025-11-21 11:13:00-05:00,2025-11-21 11:30:00-05:00,SHORT,3.0470841701,198.9200000000,200.5344123148,583.6900000000,585.3250080451,199.4120863250,198.8600000000,198.8202280000,200.6100000000,200.6501220000,100,19882.0228000000,1.7500000000,4.0000000000,175.0000000000,400.0000000000,2.2857142857,200.6100000000,194.8600000000,STOP,17,-175.0000000000,7.9894000000,0.7000000000,8.6894000000,-183.6894000000,-43.7500000000,1.9973500000,0.1750000000,2.1723500000,-45.9223500000
AMD,AMD,QQQ,2025-11-21 12:31:00-05:00,2025-11-21 12:32:00-05:00,2025-11-21 13:15:00-05:00,SHORT,2.6507089590,205.2000000000,200.9088715131,591.7400000000,586.4487184016,204.5407996265,205.2000000000,205.1589600000,201.2000000000,201.2402400000,97,19900.4191200000,1.7500000000,4.0000000000,169.7500000000,388.0000000000,2.2857142857,206.9500000000,201.2000000000,TAKE_PROFIT_BRACKET,43,388.0000000000,7.8841600000,0.6790000000,8.5631600000,379.4368400000,97.0000000000,1.9710400000,0.1697500000,2.1407900000,94.8592100000
AMD,AMD,QQQ,2025-11-21 13:48:00-05:00,2025-11-21 13:49:00-05:00,2025-11-21 15:59:00-05:00,SHORT,2.9690059630,206.3750000000,201.2654102090,594.5600000000,587.1780323551,206.3350695434,206.3900000000,206.3487220000,202.3900000000,202.4304780000,96,19809.4773120000,1.7500000000,4.0000000000,168.0000000000,384.0000000000,2.2857142857,208.1400000000,202.3900000000,TAKE_PROFIT_BRACKET,130,384.0000000000,7.8485760000,0.6720000000,8.5205760000,375.4794240000,96.0000000000,1.9621440000,0.1680000000,2.1301440000,93.8698560000
AMD,AMD,QQQ,2025-11-24 10:36:00-05:00,2025-11-24 10:37:00-05:00,2025-11-24 12:32:00-05:00,LONG,-2.6161490313,210.8200000000,210.8467750926,601.2500000000,599.0814479929,212.1754536135,210.8859000000,210.9280771800,214.8859000000,214.8429228200,94,19827.2392549200,1.7500000000,4.0000000000,164.5000000000,376.0000000000,2.2857142857,209.1359000000,214.8859000000,TAKE_PROFIT_BRACKET,115,376.0000000000,8.0045098400,0.6580000000,8.6625098400,367.3374901600,94.0000000000,2.0011274600,0.1645000000,2.1656274600,91.8343725400
AMD,AMD,QQQ,2025-11-24 12:45:00-05:00,2025-11-24 12:46:00-05:00,2025-11-24 15:59:00-05:00,SHORT,2.6724157697,215.7300000000,211.9234708430,605.1100000000,600.9711373255,214.4642998606,215.6934000000,215.6502613200,214.9300000000,214.9729860000,92,19839.8240414400,1.7500000000,4.0000000000,161.0000000000,368.0000000000,2.2857142857,217.4434000000,211.6934000000,FORCED_EOD,193,70.2328000000,7.9234705600,0.6440000000,8.5674705600,61.6653294400,17.5582000000,1.9808676400,0.1610000000,2.1418676400,15.4163323600
AMD,AMD,QQQ,2025-11-25 10:57:00-05:00,2025-11-25 10:58:00-05:00,2025-11-25 12:33:00-05:00,SHORT,2.5258810542,199.4000000000,197.5413990883,602.5700000000,601.2346553400,198.6294265181,199.4200000000,199.3801160000,201.1700000000,201.2102340000,100,19938.0116000000,1.7500000000,4.0000000000,175.0000000000,400.0000000000,2.2857142857,201.1700000000,195.4200000000,STOP,95,-175.0000000000,8.0118000000,0.7000000000,8.7118000000,-183.7118000000,-43.7500000000,2.0029500000,0.1750000000,2.1779500000,-45.9279500000
AMD,AMD,QQQ,2025-11-25 12:59:00-05:00,2025-11-25 13:00:00-05:00,2025-11-25 15:27:00-05:00,LONG,-2.8041611318,199.4600000000,198.3558307871,606.6100000000,602.6903275804,201.5549680412,199.4850000000,199.5248970000,203.4850000000,203.4443030000,100,19952.4897000000,1.7500000000,4.0000000000,175.0000000000,400.0000000000,2.2857142857,197.7350000000,203.4850000000,TAKE_PROFIT_BRACKET,147,400.0000000000,8.0594000000,0.7000000000,8.7594000000,391.2406000000,100.0000000000,2.0148500000,0.1750000000,2.1898500000,97.8101500000
AMD,AMD,QQQ,2025-11-25 15:27:00-05:00,2025-11-25 15:28:00-05:00,2025-11-25 15:43:00-05:00,SHORT,3.0521614221,203.8928000000,198.8757951035,608.1300000000,603.7525584704,202.4516151036,203.9400000000,203.8992120000,205.6900000000,205.7311380000,98,19982.1227760000,1.7500000000,4.0000000000,171.5000000000,392.0000000000,2.2857142857,205.6900000000,199.9400000000,STOP,15,-171.5000000000,8.0287480000,0.6860000000,8.7147480000,-180.2147480000,-42.8750000000,2.0071870000,0.1715000000,2.1786870000,-45.0536870000
AMD,AMD,QQQ,2025-11-26 13:11:00-05:00,2025-11-26 13:12:00-05:00,2025-11-26 15:01:00-05:00,SHORT,2.6954901207,213.4500000000,211.4204656742,614.7400000000,613.6295294881,212.4036108281,213.4250000000,213.3823150000,215.1750000000,215.2180350000,93,19844.5552950000,1.7500000000,4.0000000000,162.7500000000,372.0000000000,2.2857142857,215.1750000000,209.4250000000,STOP,109,-162.7500000000,7.9719600000,0.6510000000,8.6229600000,-171.3729600000,-40.6875000000,1.9929900000,0.1627500000,2.1557400000,-42.8432400000
AMD,AMD,QQQ,2025-11-26 15:40:00-05:00,2025-11-26 15:41:00-05:00,2025-11-26 15:59:00-05:00,LONG,-2.5918168944,214.3795000000,212.1599893814,615.1000000000,614.0406657417,213.1005119182,214.3500000000,214.3928700000,214.1100000000,214.0671780000,93,19938.5369100000,1.7500000000,4.0000000000,162.7500000000,372.0000000000,2.2857142857,212.6000000000,218.3500000000,FORCED_EOD,18,-22.3200000000,7.9693560000,0.6510000000,8.6203560000,-30.9403560000,-5.5800000000,1.9923390000,0.1627500000,2.1550890000,-7.7350890000
AMD,AMD,QQQ,2025-11-28 12:57:00-05:00,2025-11-28 12:58:00-05:00,2025-11-28 12:59:00-05:00,LONG,-2.5512500527,216.9200000000,216.4560702749,618.6500000000,617.0790198545,217.9586621365,216.9250000000,216.9683850000,217.5400000000,217.4964920000,92,19961.0914200000,1.7500000000,4.0000000000,161.0000000000,368.0000000000,2.2857142857,215.1750000000,220.9250000000,FORCED_EOD,1,56.5800000000,7.9941560000,0.6440000000,8.6381560000,47.9418440000,14.1450000000,1.9985390000,0.1610000000,2.1595390000,11.9854610000
AMD,AMD,QQQ,2025-12-01 12:50:00-05:00,2025-12-01 12:51:00-05:00,2025-12-01 15:59:00-05:00,SHORT,3.0383192866,219.6400000000,217.7203409172,618.8000000000,616.0540774003,221.0269442320,219.6400000000,219.5960720000,219.7600000000,219.8039520000,91,19983.2425520000,1.7500000000,4.0000000000,159.2500000000,364.0000000000,2.2857142857,221.3900000000,215.6400000000,FORCED_EOD,188,-10.9200000000,7.9970800000,0.6370000000,8.6340800000,-19.5540800000,-2.7300000000,1.9992700000,0.1592500000,2.1585200000,-4.8885200000
AMD,AMD,QQQ,2025-12-02 10:10:00-05:00,2025-12-02 10:11:00-05:00,2025-12-02 11:01:00-05:00,LONG,-2.7679143612,222.4436000000,223.9049966532,622.6600000000,621.6458884894,224.6482252221,222.4200000000,222.4644840000,220.6700000000,220.6258660000,89,19799.3390760000,1.7500000000,4.0000000000,155.7500000000,356.0000000000,2.2857142857,220.6700000000,226.4200000000,STOP,50,-155.7500000000,7.8870020000,0.6230000000,8.5100020000,-164.2600020000,-38.9375000000,1.9717505000,0.1557500000,2.1275005000,-41.0650005000
AMD,AMD,QQQ,2025-12-02 11:01:00-05:00,2025-12-02 11:02:00-05:00,2025-12-02 11:04:00-05:00,LONG,-3.2071619707,221.2800000000,223.4233249947,623.3800000000,621.9368710075,224.4782056332,221.1501000000,221.1943300200,219.4001000000,219.3562199800,90,19907.4897018000,1.7500000000,4.0000000000,157.5000000000,360.0000000000,2.2857142857,219.4001000000,225.1501000000,STOP,2,-157.5000000000,7.9299036000,0.6300000000,8.5599036000,-166.0599036000,-39.3750000000,1.9824759000,0.1575000000,2.1399759000,-41.5149759000
AMD,AMD,QQQ,2025-12-02 11:04:00-05:00,2025-12-02 11:05:00-05:00,2025-12-02 11:22:00-05:00,LONG,-4.7005327111,218.7750000000,223.2113498303,623.1900000000,621.9760314329,224.0978238861,218.6350000000,218.6787270000,216.8850000000,216.8416230000,91,19899.7641570000,1.7500000000,4.0000000000,159.2500000000,364.0000000000,2.2857142857,216.8850000000,222.6350000000,STOP,17,-159.2500000000,7.9264640000,0.6370000000,8.5634640000,-167.8134640000,-39.8125000000,1.9816160000,0.1592500000,2.1408660000,-41.9533660000
AMD,AMD,QQQ,2025-12-02 13:11:00-05:00,2025-12-02 13:12:00-05:00,2025-12-02 13:58:00-05:00,LONG,-2.5105161682,216.4710000000,220.7497824755,620.7601000000,621.2319042775,220.4086489756,216.4700000000,216.5132940000,214.7200000000,214.6770560000,92,19919.2230480000,1.7500000000,4.0000000000,161.0000000000,368.0000000000,2.2857142857,214.7200000000,220.4700000000,STOP,46,-161.0000000000,7.9338960000,0.6440000000,8.5778960000,-169.5778960000,-40.2500000000,1.9834740000,0.1610000000,2.1444740000,-42.3944740000
AMD,AMD,QQQ,2025-12-02 15:21:00-05:00,2025-12-02 15:22:00-05:00,2025-12-02 15:59:00-05:00,SHORT,2.8007925672,215.9500000000,219.4819268228,622.7700000000,621.3662692367,220.4908332092,215.9350000000,215.8918130000,215.1800000000,215.2230360000,92,19862.0467960000,1.7500000000,4.0000000000,161.0000000000,368.0000000000,2.2857142857,217.6850000000,211.9350000000,FORCED_EOD,37,69.4600000000,7.9325160000,0.6440000000,8.5765160000,60.8834840000,17.3650000000,1.9831290000,0.1610000000,2.1441290000,15.2208710000
AMD,AMD,QQQ,2025-12-03 11:08:00-05:00,2025-12-03 11:09:00-05:00,2025-12-03 11:57:00-05:00,LONG,-2.6178597484,216.0050000000,215.6158144365,621.4800000000,620.4739376458,215.6857361337,215.9900000000,216.0331980000,214.2400000000,214.1971520000,92,19875.0542160000,1.7500000000,4.0000000000,161.0000000000,368.0000000000,2.2857142857,214.2400000000,219.9900000000,STOP,48,-161.0000000000,7.9162320000,0.6440000000,8.5602320000,-169.5602320000,-40.2500000000,1.9790580000,0.1610000000,2.1400580000,-42.3900580000
AMD,AMD,QQQ,2025-12-03 13:42:00-05:00,2025-12-03 13:43:00-05:00,2025-12-03 15:59:00-05:00,SHORT,2.6954949503,217.1000000000,215.5904700296,623.2700000000,621.1340918021,215.7387412188,217.0750000000,217.0315850000,217.5900000000,217.6335180000,92,19966.9058200000,1.7500000000,4.0000000000,161.0000000000,368.0000000000,2.2857142857,218.8250000000,213.0750000000,FORCED_EOD,136,-47.3800000000,7.9978360000,0.6440000000,8.6418360000,-56.0218360000,-11.8450000000,1.9994590000,0.1610000000,2.1604590000,-14.0054590000
AMD,AMD,QQQ,2025-12-04 14:19:00-05:00,2025-12-04 14:20:00-05:00,2025-12-04 15:59:00-05:00,LONG,-2.7276421428,215.0801000000,216.8670725370,620.9100000000,622.0879934170,216.7277264040,215.0800000000,215.1230160000,215.9800000000,215.9368040000,92,19791.3174720000,1.7500000000,4.0000000000,161.0000000000,368.0000000000,2.2857142857,213.3300000000,219.0800000000,FORCED_EOD,99,82.8000000000,7.9315040000,0.6440000000,8.5755040000,74.2244960000,20.7000000000,1.9828760000,0.1610000000,2.1438760000,18.5561240000
AMD,AMD,QQQ,2025-12-05 12:47:00-05:00,2025-12-05 12:48:00-05:00,2025-12-05 15:59:00-05:00,SHORT,2.8866898015,218.6150000000,219.4399938979,625.1000000000,626.1465053545,219.3666420140,218.6150000000,218.5712770000,217.9100000000,217.9535820000,91,19889.9862070000,1.7500000000,4.0000000000,159.2500000000,364.0000000000,2.2857142857,220.3650000000,214.6150000000,FORCED_EOD,191,64.1550000000,7.9447550000,0.6370000000,8.5817550000,55.5732450000,16.0387500000,1.9861887500,0.1592500000,2.1454387500,13.8933112500
AMD,AMD,QQQ,2025-12-08 10:25:00-05:00,2025-12-08 10:26:00-05:00,2025-12-08 13:09:00-05:00,LONG,-2.6375625928,219.2400000000,221.2219096923,624.5101000000,626.8589199911,221.0561274318,219.2000000000,219.2438400000,223.2000000000,223.1553600000,91,19951.1894400000,1.7500000000,4.0000000000,159.2500000000,364.0000000000,2.2857142857,217.4500000000,223.2000000000,TAKE_PROFIT_BRACKET,163,364.0000000000,8.0516800000,0.6370000000,8.6886800000,355.3113200000,91.0000000000,2.0129200000,0.1592500000,2.1721700000,88.8278300000
AMD,AMD,QQQ,2025-12-08 13:09:00-05:00,2025-12-08 13:10:00-05:00,2025-12-08 13:58:00-05:00,SHORT,2.9128649805,223.5600000000,220.5947446905,624.6600000000,625.0480600897,220.5673535115,223.5100000000,223.4652980000,219.5100000000,219.5539020000,89,19888.4115220000,1.7500000000,4.0000000000,155.7500000000,356.0000000000,2.2857142857,225.2600000000,219.5100000000,TAKE_PROFIT_BRACKET,48,356.0000000000,7.8857560000,0.6230000000,8.5087560000,347.4912440000,89.0000000000,1.9714390000,0.1557500000,2.1271890000,86.8728110000
AMD,AMD,QQQ,2025-12-09 10:02:00-05:00,2025-12-09 10:03:00-05:00,2025-12-09 10:29:00-05:00,SHORT,2.8955138165,221.5950000000,219.5290756330,624.2150000000,622.8478705816,219.6254473705,221.6000000000,221.5556800000,223.3500000000,223.3946700000,90,19940.0112000000,1.7500000000,4.0000000000,157.5000000000,360.0000000000,2.2857142857,223.3500000000,217.6000000000,STOP,26,-157.5000000000,8.0091000000,0.6300000000,8.6391000000,-166.1391000000,-39.3750000000,2.0022750000,0.1575000000,2.1597750000,-41.5347750000
AMD,AMD,QQQ,2025-12-09 13:26:00-05:00,2025-12-09 13:27:00-05:00,2025-12-09 15:59:00-05:00,LONG,-2.7709303162,221.8600000000,221.8481144144,625.4610000000,624.2272626935,221.9358075709,221.9170000000,221.9613834000,221.5600000000,221.5156880000,90,19976.5245060000,1.7500000000,4.0000000000,157.5000000000,360.0000000000,2.2857142857,220.1670000000,225.9170000000,FORCED_EOD,152,-32.1300000000,7.9825860000,0.6300000000,8.6125860000,-40.7425860000,-8.0325000000,1.9956465000,0.1575000000,2.1531465000,-10.1856465000
AMD,AMD,QQQ,2025-12-10 11:39:00-05:00,2025-12-10 11:40:00-05:00,2025-12-10 14:58:00-05:00,SHORT,3.0640972206,220.5500000000,220.0681513966,623.7700000000,623.0052518073,220.2223281723,220.5600000000,220.5158880000,222.3100000000,222.3544620000,90,19846.4299200000,1.7500000000,4.0000000000,157.5000000000,360.0000000000,2.2857142857,222.3100000000,216.5600000000,STOP,198,-157.5000000000,7.9716600000,0.6300000000,8.6016600000,-166.1016600000,-39.3750000000,1.9929150000,0.1575000000,2.1504150000,-41.5254150000
AMD,AMD,QQQ,2025-12-11 11:37:00-05:00,2025-12-11 11:38:00-05:00,2025-12-11 12:23:00-05:00,SHORT,2.7504917529,213.9900000000,213.3585733273,620.8600000000,621.0167141716,213.3478050786,213.9900000000,213.9472020000,215.7400000000,215.7831480000,93,19897.0897860000,1.7500000000,4.0000000000,162.7500000000,372.0000000000,2.2857142857,215.7400000000,209.9900000000,STOP,45,-162.7500000000,7.9929780000,0.6510000000,8.6439780000,-171.3939780000,-40.6875000000,1.9982445000,0.1627500000,2.1609945000,-42.8484945000
AMD,AMD,QQQ,2025-12-11 12:36:00-05:00,2025-12-11 12:37:00-05:00,2025-12-11 13:37:00-05:00,SHORT,2.5491099212,216.6204000000,213.6750215864,623.4700000000,621.1644085685,213.8336421680,216.6100000000,216.5666780000,218.3600000000,218.4036720000,92,19924.1343760000,1.7500000000,4.0000000000,161.0000000000,368.0000000000,2.2857142857,218.3600000000,212.6100000000,STOP,60,-161.0000000000,8.0034480000,0.6440000000,8.6474480000,-169.6474480000,-40.2500000000,2.0008620000,0.1610000000,2.1618620000,-42.4118620000
AMD,AMD,QQQ,2025-12-11 13:37:00-05:00,2025-12-11 13:38:00-05:00,2025-12-11 14:12:00-05:00,SHORT,3.0240842293,218.4600000000,214.1817166274,624.1100000000,621.4372653576,214.3659511192,218.4600000000,218.4163080000,220.2100000000,220.2540420000,91,19875.8840280000,1.7500000000,4.0000000000,159.2500000000,364.0000000000,2.2857142857,220.2100000000,214.4600000000,STOP,34,-159.2500000000,7.9837940000,0.6370000000,8.6207940000,-167.8707940000,-39.8125000000,1.9959485000,0.1592500000,2.1551985000,-41.9676985000
AMD,AMD,QQQ,2025-12-11 15:26:00-05:00,2025-12-11 15:27:00-05:00,2025-12-11 15:59:00-05:00,LONG,-2.9078162940,219.9300000000,215.5601695794,624.7700000000,622.0038500087,215.7518956471,219.9400000000,219.9839880000,221.4400000000,221.3957120000,90,19798.5589200000,1.7500000000,4.0000000000,157.5000000000,360.0000000000,2.2857142857,218.1900000000,223.9400000000,FORCED_EOD,32,135.0000000000,7.9448400000,0.6300000000,8.5748400000,126.4251600000,33.7500000000,1.9862100000,0.1575000000,2.1437100000,31.6062900000
AMD,AMD,QQQ,2025-12-12 11:02:00-05:00,2025-12-12 11:03:00-05:00,2025-12-12 11:21:00-05:00,LONG,-2.5220731448,211.9700000000,216.9346403283,614.0000000000,619.2062530401,216.5698453589,212.0100000000,212.0524020000,210.2600000000,210.2179480000,94,19932.9257880000,1.7500000000,4.0000000000,164.5000000000,376.0000000000,2.2857142857,210.2600000000,216.0100000000,STOP,18,-164.5000000000,7.9386760000,0.6580000000,8.5966760000,-173.0966760000,-41.1250000000,1.9846690000,0.1645000000,2.1491690000,-43.2741690000
AMD,AMD,QQQ,2025-12-12 11:57:00-05:00,2025-12-12 11:58:00-05:00,2025-12-12 12:16:00-05:00,SHORT,2.5247320819,210.9530000000,214.5945553521,612.6900000000,617.0614677419,214.2905035760,210.8500000000,210.8078300000,212.6000000000,212.6425200000,94,19815.9360200000,1.7500000000,4.0000000000,164.5000000000,376.0000000000,2.2857142857,212.6000000000,206.8500000000,STOP,18,-164.5000000000,7.9608600000,0.6580000000,8.6188600000,-173.1188600000,-41.1250000000,1.9902150000,0.1645000000,2.1547150000,-43.2797150000
AMD,AMD,QQQ,2025-12-12 13:12:00-05:00,2025-12-12 13:13:00-05:00,2025-12-12 15:31:00-05:00,SHORT,2.8542895406,214.6750000000,214.1830020084,616.9214000000,616.5445469089,214.2091852020,214.7300000000,214.6870540000,210.7300000000,210.7721460000,93,19965.8960220000,1.7500000000,4.0000000000,162.7500000000,372.0000000000,2.2857142857,216.4800000000,210.7300000000,TAKE_PROFIT_BRACKET,138,372.0000000000,7.9135560000,0.6510000000,8.5645560000,363.4354440000,93.0000000000,1.9783890000,0.1627500000,2.1411390000,90.8588610000
AMD,AMD,QQQ,2025-12-12 15:37:00-05:00,2025-12-12 15:38:00-05:00,2025-12-12 15:59:00-05:00,LONG,-3.0205383665,210.0150000000,213.6578417773,612.4512000000,616.1752451677,213.3995803624,210.0037000000,210.0457007400,210.8000000000,210.7578400000,95,19954.3415703000,1.7500000000,4.0000000000,166.2500000000,380.0000000000,2.2857142857,208.2537000000,214.0037000000,FORCED_EOD,21,75.6485000000,7.9952703000,0.6650000000,8.6602703000,66.9882297000,18.9121250000,1.9988175750,0.1662500000,2.1650675750,16.7470574250
AMD,AMD,QQQ,2025-12-15 11:05:00-05:00,2025-12-15 11:06:00-05:00,2025-12-15 15:22:00-05:00,SHORT,2.6063596442,212.2000000000,212.1134519524,612.1700000000,613.5653408487,210.9824771872,212.1900000000,212.1475620000,208.1900000000,208.2316380000,94,19941.8708280000,1.7500000000,4.0000000000,164.5000000000,376.0000000000,2.2857142857,213.9400000000,208.1900000000,TAKE_PROFIT_BRACKET,256,376.0000000000,7.9031440000,0.6580000000,8.5611440000,367.4388560000,94.0000000000,1.9757860000,0.1645000000,2.1402860000,91.8597140000
AMD,AMD,QQQ,2025-12-16 11:55:00-05:00,2025-12-16 11:56:00-05:00,2025-12-16 15:59:00-05:00,LONG,-2.9311928777,207.0200000000,207.4016124998,609.8400000000,609.5882095878,207.5932995406,206.9800000000,207.0213960000,209.0400000000,208.9981920000,96,19874.0540160000,1.7500000000,4.0000000000,168.0000000000,384.0000000000,2.2857142857,205.2300000000,210.9800000000,FORCED_EOD,243,197.7600000000,7.9875840000,0.6720000000,8.6595840000,189.1004160000,49.4400000000,1.9968960000,0.1680000000,2.1648960000,47.2751040000
AMD,AMD,QQQ,2025-12-17 10:20:00-05:00,2025-12-17 10:21:00-05:00,2025-12-17 10:45:00-05:00,LONG,-2.6588470853,205.3000000000,207.7668991331,610.1500000000,610.9352530617,207.1506578431,205.2400000000,205.2810480000,203.4900000000,203.4493020000,97,19912.2616560000,1.7500000000,4.0000000000,169.7500000000,388.0000000000,2.2857142857,203.4900000000,209.2400000000,STOP,24,-169.7500000000,7.9293620000,0.6790000000,8.6083620000,-178.3583620000,-42.4375000000,1.9823405000,0.1697500000,2.1520905000,-44.5895905000
AMD,AMD,QQQ,2025-12-17 13:43:00-05:00,2025-12-17 13:44:00-05:00,2025-12-17 15:59:00-05:00,LONG,-2.9656924422,199.1000000000,203.3746503666,602.3500000000,606.2936216870,200.3220563419,199.1300000000,199.1698260000,198.1200000000,198.0803760000,100,19916.9826000000,1.7500000000,4.0000000000,175.0000000000,400.0000000000,2.2857142857,197.3800000000,203.1300000000,FORCED_EOD,135,-101.0000000000,7.9450000000,0.7000000000,8.6450000000,-109.6450000000,-25.2500000000,1.9862500000,0.1750000000,2.1612500000,-27.4112500000
AMD,AMD,QQQ,2025-12-18 10:34:00-05:00,2025-12-18 10:35:00-05:00,2025-12-18 11:01:00-05:00,LONG,-2.7590829236,205.1600000000,204.8379084839,611.7600000000,609.0999305079,207.3270893809,205.2150000000,205.2560430000,203.4650000000,203.4243070000,97,19909.8361710000,1.7500000000,4.0000000000,169.7500000000,388.0000000000,2.2857142857,203.4650000000,209.2150000000,STOP,26,-169.7500000000,7.9283920000,0.6790000000,8.6073920000,-178.3573920000,-42.4375000000,1.9820980000,0.1697500000,2.1518480000,-44.5893480000
AMD,AMD,QQQ,2025-12-18 13:31:00-05:00,2025-12-18 13:32:00-05:00,2025-12-18 14:57:00-05:00,LONG,-2.5830801049,202.6078000000,203.8980040504,612.1000000000,610.2629896866,205.6058521111,202.5700000000,202.6105140000,200.8200000000,200.7798360000,98,19855.8303720000,1.7500000000,4.0000000000,171.5000000000,392.0000000000,2.2857142857,200.8200000000,206.5700000000,STOP,85,-171.5000000000,7.9064440000,0.6860000000,8.5924440000,-180.0924440000,-42.8750000000,1.9766110000,0.1715000000,2.1481110000,-45.0231110000
AMD,AMD,QQQ,2025-12-18 15:32:00-05:00,2025-12-18 15:33:00-05:00,2025-12-18 15:59:00-05:00,LONG,-2.5465507013,202.3400000000,203.5624352285,610.3500000000,610.2046473313,203.6973584900,202.2700000000,202.3104540000,200.9800000000,200.9398040000,98,19826.4244920000,1.7500000000,4.0000000000,171.5000000000,392.0000000000,2.2857142857,200.5200000000,206.2700000000,FORCED_EOD,26,-126.4200000000,7.9037000000,0.6860000000,8.5897000000,-135.0097000000,-31.6050000000,1.9759250000,0.1715000000,2.1474250000,-33.7524250000
AMD,AMD,QQQ,2025-12-19 10:38:00-05:00,2025-12-19 10:39:00-05:00,2025-12-19 14:23:00-05:00,LONG,-2.6173663648,210.3000000000,208.7023319054,616.2260000000,615.3628147877,209.3081102808,210.3250000000,210.3670650000,214.3250000000,214.2821350000,95,19984.8711750000,1.7500000000,4.0000000000,166.2500000000,380.0000000000,2.2857142857,208.5750000000,214.3250000000,TAKE_PROFIT_BRACKET,224,380.0000000000,8.0683500000,0.6650000000,8.7333500000,371.2666500000,95.0000000000,2.0170875000,0.1662500000,2.1833375000,92.8166625000
AMD,AMD,QQQ,2025-12-19 14:23:00-05:00,2025-12-19 14:24:00-05:00,2025-12-19 15:59:00-05:00,SHORT,4.6410086021,215.0603000000,210.5898863194,617.1500000000,615.7934418672,211.5498495138,215.0400000000,214.9969920000,213.5100000000,213.5527020000,93,19994.7202560000,1.7500000000,4.0000000000,162.7500000000,372.0000000000,2.2857142857,216.7900000000,211.0400000000,FORCED_EOD,95,142.2900000000,7.9710300000,0.6510000000,8.6220300000,133.6679700000,35.5725000000,1.9927575000,0.1627500000,2.1555075000,33.4169925000
AMD,AMD,QQQ,2025-12-22 11:44:00-05:00,2025-12-22 11:45:00-05:00,2025-12-22 15:59:00-05:00,SHORT,2.8212963544,214.6600000000,214.9295543858,619.2200000000,619.5243138322,214.6404222340,214.6200000000,214.5770760000,214.9500000000,214.9929900000,93,19955.6680680000,1.7500000000,4.0000000000,162.7500000000,372.0000000000,2.2857142857,216.3700000000,210.6200000000,FORCED_EOD,254,-30.6900000000,7.9900020000,0.6510000000,8.6410020000,-39.3310020000,-7.6725000000,1.9975005000,0.1627500000,2.1602505000,-9.8327505000
AMD,AMD,QQQ,2025-12-23 12:24:00-05:00,2025-12-23 12:25:00-05:00,2025-12-23 15:59:00-05:00,LONG,-2.5806005733,215.2900000000,214.5144227260,621.1000000000,620.0076149053,215.5438225798,215.3150000000,215.3580630000,214.8700000000,214.8270260000,92,19812.9417960000,1.7500000000,4.0000000000,161.0000000000,368.0000000000,2.2857142857,213.5650000000,219.3150000000,FORCED_EOD,214,-40.9400000000,7.9154040000,0.6440000000,8.5594040000,-49.4994040000,-10.2350000000,1.9788510000,0.1610000000,2.1398510000,-12.3748510000
AMD,AMD,QQQ,2025-12-24 11:29:00-05:00,2025-12-24 11:30:00-05:00,2025-12-24 12:59:00-05:00,LONG,-3.2061356421,214.8130000000,215.1278133887,623.3600000000,622.5681834957,215.8660824764,214.8507000000,214.8936701400,215.1100000000,215.0669780000,93,19985.1113230200,1.7500000000,4.0000000000,162.7500000000,372.0000000000,2.2857142857,213.1007000000,218.8507000000,FORCED_EOD,89,24.1149000000,7.9972690200,0.6510000000,8.6482690200,15.4666309800,6.0287250000,1.9993172550,0.1627500000,2.1620672550,3.8666577450
AMD,AMD,QQQ,2025-12-26 13:00:00-05:00,2025-12-26 13:01:00-05:00,2025-12-26 15:59:00-05:00,LONG,-2.6666780883,215.1100000000,215.0834603734,624.1238000000,624.2955746310,214.9006107390,215.1700000000,215.2130340000,214.9000000000,214.8570200000,92,19799.5991280000,1.7500000000,4.0000000000,161.0000000000,368.0000000000,2.2857142857,213.4200000000,219.1700000000,FORCED_EOD,178,-24.8400000000,7.9132880000,0.6440000000,8.5572880000,-33.3972880000,-6.2100000000,1.9783220000,0.1610000000,2.1393220000,-8.3493220000
AMD,AMD,QQQ,2025-12-29 10:47:00-05:00,2025-12-29 10:48:00-05:00,2025-12-29 14:49:00-05:00,SHORT,2.7686780803,214.0271000000,212.7046256536,620.6600000000,620.8441111186,212.4523157043,214.0350000000,213.9921930000,215.7850000000,215.8281570000,93,19901.2739490000,1.7500000000,4.0000000000,162.7500000000,372.0000000000,2.2857142857,215.7850000000,210.0350000000,STOP,241,-162.7500000000,7.9946520000,0.6510000000,8.6456520000,-171.3956520000,-40.6875000000,1.9986630000,0.1627500000,2.1614130000,-42.8489130000
AMD,AMD,QQQ,2025-12-29 15:53:00-05:00,2025-12-29 15:54:00-05:00,2025-12-29 15:59:00-05:00,SHORT,2.6375109179,215.6900000000,213.7113110186,620.8800000000,620.4303488077,214.3308522515,215.6600000000,215.6168680000,215.6500000000,215.6931300000,92,19836.7518560000,1.7500000000,4.0000000000,161.0000000000,368.0000000000,2.2857142857,217.4100000000,211.6600000000,FORCED_EOD,5,0.9200000000,7.9361040000,0.6440000000,8.5801040000,-7.6601040000,0.2300000000,1.9840260000,0.1610000000,2.1450260000,-1.9150260000
AMD,AMD,QQQ,2025-12-30 10:58:00-05:00,2025-12-30 10:59:00-05:00,2025-12-30 15:59:00-05:00,SHORT,2.8494479324,215.7300000000,215.3042258199,621.1500000000,620.3622580189,215.3589048966,215.7130000000,215.6698574000,215.3200000000,215.3630640000,92,19841.6268808000,1.7500000000,4.0000000000,161.0000000000,368.0000000000,2.2857142857,217.4630000000,211.7130000000,FORCED_EOD,300,36.1560000000,7.9310072000,0.6440000000,8.5750072000,27.5809928000,9.0390000000,1.9827518000,0.1610000000,2.1437518000,6.8952482000
AMD,AMD,QQQ,2025-12-31 10:57:00-05:00,2025-12-31 10:58:00-05:00,2025-12-31 15:59:00-05:00,LONG,-2.6337529126,215.0800000000,216.1439103633,616.5300000000,617.9522993896,216.0444135729,215.0605000000,215.1035121000,214.1800000000,214.1371640000,92,19789.5231132000,1.7500000000,4.0000000000,161.0000000000,368.0000000000,2.2857142857,213.3105000000,219.0605000000,FORCED_EOD,301,-81.0060000000,7.8980252000,0.6440000000,8.5420252000,-89.5480252000,-20.2515000000,1.9745063000,0.1610000000,2.1355063000,-22.3870063000
AMD,AMD,QQQ,2026-01-02 10:20:00-05:00,2026-01-02 10:21:00-05:00,2026-01-02 10:24:00-05:00,LONG,-2.5488496876,223.6600000000,224.5733077158,616.5800000000,620.1233419530,224.1087359954,223.6550000000,223.6997310000,221.9050000000,221.8606190000,89,19909.2760590000,1.7500000000,4.0000000000,155.7500000000,356.0000000000,2.2857142857,221.9050000000,227.6550000000,STOP,3,-155.7500000000,7.9309680000,0.6230000000,8.5539680000,-164.3039680000,-38.9375000000,1.9827420000,0.1557500000,2.1384920000,-41.0759920000
AMD,AMD,QQQ,2026-01-02 10:24:00-05:00,2026-01-02 10:25:00-05:00,2026-01-02 11:00:00-05:00,LONG,-3.0491388203,222.0599000000,224.4843279140,615.2750000000,619.6751832812,223.9072262375,221.9950000000,222.0393990000,220.2450000000,220.2009510000,90,19983.5459100000,1.7500000000,4.0000000000,157.5000000000,360.0000000000,2.2857142857,220.2450000000,225.9950000000,STOP,35,-157.5000000000,7.9603200000,0.6300000000,8.5903200000,-166.0903200000,-39.3750000000,1.9900800000,0.1575000000,2.1475800000,-41.5225800000
AMD,AMD,QQQ,2026-01-02 12:48:00-05:00,2026-01-02 12:49:00-05:00,2026-01-02 15:09:00-05:00,LONG,-3.1883770419,220.0000000000,223.2020264575,611.7400000000,615.9699557080,222.6471017396,220.0400000000,220.0840080000,224.0400000000,223.9951920000,90,19807.5607200000,1.7500000000,4.0000000000,157.5000000000,360.0000000000,2.2857142857,218.2900000000,224.0400000000,TAKE_PROFIT_BRACKET,140,360.0000000000,7.9934400000,0.6300000000,8.6234400000,351.3765600000,90.0000000000,1.9983600000,0.1575000000,2.1558600000,87.8441400000
AMD,AMD,QQQ,2026-01-02 15:09:00-05:00,2026-01-02 15:10:00-05:00,2026-01-02 15:59:00-05:00,SHORT,3.6226605430,224.0100000000,222.9418756427,613.6901000000,615.0451254454,222.7640510727,224.0699000000,224.0250860200,223.4400000000,223.4846880000,89,19938.2326557800,1.7500000000,4.0000000000,155.7500000000,356.0000000000,2.2857142857,225.8199000000,220.0699000000,FORCED_EOD,49,56.0611000000,7.9656762200,0.6230000000,8.5886762200,47.4724237800,14.0152750000,1.9914190550,0.1557500000,2.1471690550,11.8681059450
AMD,AMD,QQQ,2026-01-05 11:56:00-05:00,2026-01-05 11:57:00-05:00,2026-01-05 12:44:00-05:00,LONG,-2.5995380418,223.6900000000,226.5468929642,619.9200000000,619.1443741577,227.1473565743,223.7050000000,223.7497410000,221.9550000000,221.9106090000,89,19913.7269490000,1.7500000000,4.0000000000,155.7500000000,356.0000000000,2.2857142857,221.9550000000,227.7050000000,STOP,47,-155.7500000000,7.9327480000,0.6230000000,8.5557480000,-164.3057480000,-38.9375000000,1.9831870000,0.1557500000,2.1389370000,-41.0764370000
AMD,AMD,QQQ,2026-01-05 15:31:00-05:00,2026-01-05 15:32:00-05:00,2026-01-05 15:59:00-05:00,LONG,-2.6163932091,220.9100000000,224.9426785103,618.3100000000,618.8109265135,224.5574165315,220.9150000000,220.9591830000,221.0600000000,221.0157880000,90,19886.3264700000,1.7500000000,4.0000000000,157.5000000000,360.0000000000,2.2857142857,219.1650000000,224.9150000000,FORCED_EOD,27,13.0500000000,7.9555500000,0.6300000000,8.5855500000,4.4644500000,3.2625000000,1.9888875000,0.1575000000,2.1463875000,1.1161125000
AMD,AMD,QQQ,2026-01-06 13:14:00-05:00,2026-01-06 13:15:00-05:00,2026-01-06 15:59:00-05:00,SHORT,2.9105664235,213.1900000000,214.8296345543,622.2500000000,621.0064104927,214.9156754953,213.1650000000,213.1223670000,214.2300000000,214.2728460000,93,19820.3801310000,1.7500000000,4.0000000000,162.7500000000,372.0000000000,2.2857142857,214.9150000000,209.1650000000,FORCED_EOD,164,-99.0450000000,7.9495470000,0.6510000000,8.6005470000,-107.6455470000,-24.7612500000,1.9873867500,0.1627500000,2.1501367500,-26.9113867500
AMD,AMD,QQQ,2026-01-07 13:45:00-05:00,2026-01-07 13:46:00-05:00,2026-01-07 15:59:00-05:00,LONG,-2.9007350930,209.5100000000,209.5294928261,627.2100000000,625.5741128478,209.6390774775,209.5150000000,209.5569030000,210.0200000000,209.9779960000,95,19907.9057850000,1.7500000000,4.0000000000,166.2500000000,380.0000000000,2.2857142857,207.7650000000,213.5150000000,FORCED_EOD,133,47.9750000000,7.9711650000,0.6650000000,8.6361650000,39.3388350000,11.9937500000,1.9927912500,0.1662500000,2.1590412500,9.8347087500
AMD,AMD,QQQ,2026-01-08 12:19:00-05:00,2026-01-08 12:20:00-05:00,2026-01-08 15:59:00-05:00,SHORT,3.2197859503,204.9900000000,206.0494881004,620.2700000000,619.9251533281,206.0724119905,204.9500000000,204.9090100000,204.7000000000,204.7409400000,97,19876.1739700000,1.7500000000,4.0000000000,169.7500000000,388.0000000000,2.2857142857,206.7000000000,200.9500000000,FORCED_EOD,219,24.2500000000,7.9472100000,0.6790000000,8.6262100000,15.6237900000,6.0625000000,1.9868025000,0.1697500000,2.1565525000,3.9059475000
AMD,AMD,QQQ,2026-01-09 10:06:00-05:00,2026-01-09 10:07:00-05:00,2026-01-09 15:59:00-05:00,LONG,-2.6708132900,203.8600000000,205.6210676789,620.3901000000,621.5033994163,205.5474018503,203.9300000000,203.9707860000,203.1600000000,203.1193680000,98,19989.1370280000,1.7500000000,4.0000000000,171.5000000000,392.0000000000,2.2857142857,202.1800000000,207.9300000000,FORCED_EOD,352,-75.4600000000,7.9789640000,0.6860000000,8.6649640000,-84.1249640000,-18.8650000000,1.9947410000,0.1715000000,2.1662410000,-21.0312410000
AMD,AMD,QQQ,2026-01-12 10:19:00-05:00,2026-01-12 10:20:00-05:00,2026-01-12 15:59:00-05:00,SHORT,2.6573239232,209.0650000000,205.3950116148,626.0600000000,625.2222240384,205.5580088029,209.0600000000,209.0181880000,207.6700000000,207.7115340000,95,19856.7278600000,1.7500000000,4.0000000000,166.2500000000,380.0000000000,2.2857142857,210.8100000000,205.0600000000,FORCED_EOD,339,132.0500000000,7.9178700000,0.6650000000,8.5828700000,123.4671300000,33.0125000000,1.9794675000,0.1662500000,2.1457175000,30.8667825000
AMD,AMD,QQQ,2026-01-13 10:08:00-05:00,2026-01-13 10:09:00-05:00,2026-01-13 10:20:00-05:00,LONG,-2.5388527086,219.8000000000,220.1140584571,626.6300000000,627.7526843261,220.0353272594,219.7650000000,219.8089530000,218.0150000000,217.9713970000,90,19782.8057700000,1.7500000000,4.0000000000,157.5000000000,360.0000000000,2.2857142857,218.0150000000,223.7650000000,STOP,11,-157.5000000000,7.8800400000,0.6300000000,8.5100400000,-166.0100400000,-39.3750000000,1.9700100000,0.1575000000,2.1275100000,-41.5025100000
AMD,AMD,QQQ,2026-01-13 10:20:00-05:00,2026-01-13 10:21:00-05:00,2026-01-13 11:58:00-05:00,LONG,-2.6813106408,217.9300000000,219.9999959648,625.1300000000,627.4782851494,219.8353296374,217.9650000000,218.0085930000,221.9650000000,221.9206070000,91,19838.7819630000,1.7500000000,4.0000000000,159.2500000000,364.0000000000,2.2857142857,216.2150000000,221.9650000000,TAKE_PROFIT_BRACKET,97,364.0000000000,8.0067260000,0.6370000000,8.6437260000,355.3562740000,91.0000000000,2.0016815000,0.1592500000,2.1609315000,88.8390685000
AMD,AMD,QQQ,2026-01-13 11:58:00-05:00,2026-01-13 11:59:00-05:00,2026-01-13 15:59:00-05:00,SHORT,2.9600157602,222.4800000000,219.6719271454,628.9550000000,626.7619422960,219.8256547985,222.4800000000,222.4355040000,221.0200000000,221.0642040000,89,19796.7598560000,1.7500000000,4.0000000000,155.7500000000,356.0000000000,2.2857142857,224.2300000000,218.4800000000,FORCED_EOD,240,129.9400000000,7.8943000000,0.6230000000,8.5173000000,121.4227000000,32.4850000000,1.9735750000,0.1557500000,2.1293250000,30.3556750000
AMD,AMD,QQQ,2026-01-14 10:11:00-05:00,2026-01-14 10:12:00-05:00,2026-01-14 10:16:00-05:00,SHORT,2.7931315200,218.4280000000,216.7533172365,619.1800000000,619.8761360442,216.7046333824,218.4405000000,218.3968119000,220.1905000000,220.2345381000,91,19874.1098829000,1.7500000000,4.0000000000,159.2500000000,364.0000000000,2.2857142857,220.1905000000,214.4405000000,STOP,4,-159.2500000000,7.9830842000,0.6370000000,8.6200842000,-167.8700842000,-39.8125000000,1.9957710500,0.1592500000,2.1550210500,-41.9675210500
AMD,AMD,QQQ,2026-01-14 10:16:00-05:00,2026-01-14 10:17:00-05:00,2026-01-14 10:22:00-05:00,SHORT,2.6135018326,220.0100000000,217.0713577367,620.2900000000,619.9092331066,217.0980240879,219.9950000000,219.9510010000,221.7450000000,221.7893490000,90,19795.5900900000,1.7500000000,4.0000000000,157.5000000000,360.0000000000,2.2857142857,221.7450000000,215.9950000000,STOP,5,-157.5000000000,7.9513200000,0.6300000000,8.5813200000,-166.0813200000,-39.3750000000,1.9878300000,0.1575000000,2.1453300000,-41.5203300000
AMD,AMD,QQQ,2026-01-14 10:25:00-05:00,2026-01-14 10:26:00-05:00,2026-01-14 10:51:00-05:00,SHORT,2.5189894158,223.6800000000,218.3985390954,620.2995000000,619.9607521435,218.4224057794,223.6500000000,223.6052700000,219.6500000000,219.6939300000,89,19900.8690300000,1.7500000000,4.0000000000,155.7500000000,356.0000000000,2.2857142857,225.4000000000,219.6500000000,TAKE_PROFIT_BRACKET,25,356.0000000000,7.8907400000,0.6230000000,8.5137400000,347.4862600000,89.0000000000,1.9726850000,0.1557500000,2.1284350000,86.8715650000
AMD,AMD,QQQ,2026-01-14 14:59:00-05:00,2026-01-14 15:00:00-05:00,2026-01-14 15:59:00-05:00,LONG,-3.2631145814,220.9500000000,220.7718034922,616.4500000000,617.6660482493,220.6848732923,221.0200000000,221.0642040000,223.5300000000,223.4852940000,90,19895.7783600000,1.7500000000,4.0000000000,157.5000000000,360.0000000000,2.2857142857,219.2700000000,225.0200000000,FORCED_EOD,59,225.9000000000,8.0019000000,0.6300000000,8.6319000000,217.2681000000,56.4750000000,2.0004750000,0.1575000000,2.1579750000,54.3170250000
AMD,AMD,QQQ,2026-01-15 12:46:00-05:00,2026-01-15 12:47:00-05:00,2026-01-15 14:35:00-05:00,SHORT,2.6191833484,237.2200000000,235.4004408570,625.9400000000,625.7622296426,235.4138156561,237.2300000000,237.1825540000,233.2300000000,233.2766460000,84,19923.3345360000,1.7500000000,4.0000000000,147.0000000000,336.0000000000,2.2857142857,238.9800000000,233.2300000000,TAKE_PROFIT_BRACKET,108,336.0000000000,7.9037280000,0.5880000000,8.4917280000,327.5082720000,84.0000000000,1.9759320000,0.1470000000,2.1229320000,81.8770680000
AMD,AMD,QQQ,2026-01-15 15:25:00-05:00,2026-01-15 15:26:00-05:00,2026-01-15 15:53:00-05:00,LONG,-2.5616838906,229.4850000000,235.2255523325,621.2000000000,625.0982237860,234.9321706499,229.4850000000,229.5308970000,227.7350000000,227.6894530000,87,19969.1880390000,1.7500000000,4.0000000000,152.2500000000,348.0000000000,2.2857142857,227.7350000000,233.4850000000,STOP,27,-152.2500000000,7.9556280000,0.6090000000,8.5646280000,-160.8146280000,-38.0625000000,1.9889070000,0.1522500000,2.1411570000,-40.2036570000
AMD,AMD,QQQ,2026-01-16 12:27:00-05:00,2026-01-16 12:28:00-05:00,2026-01-16 15:59:00-05:00,SHORT,2.8664191503,233.8050000000,232.0027695681,621.6500000000,621.9289859961,231.9819551262,233.8050000000,233.7582390000,231.8000000000,231.8463600000,85,19869.4503150000,1.7500000000,4.0000000000,148.7500000000,340.0000000000,2.2857142857,235.5550000000,229.8050000000,FORCED_EOD,211,170.4250000000,7.9152850000,0.5950000000,8.5102850000,161.9147150000,42.6062500000,1.9788212500,0.1487500000,2.1275712500,40.4786787500
AMD,AMD,QQQ,2026-01-20 12:09:00-05:00,2026-01-20 12:10:00-05:00,2026-01-20 12:35:00-05:00,LONG,-2.9653243137,237.2900000000,234.9875573975,613.4300000000,612.8556631106,235.1533841541,237.2500000000,237.2974500000,235.5000000000,235.4529000000,84,19932.9858000000,1.7500000000,4.0000000000,147.0000000000,336.0000000000,2.2857142857,235.5000000000,241.2500000000,STOP,25,-147.0000000000,7.9422000000,0.5880000000,8.5302000000,-155.5302000000,-36.7500000000,1.9855500000,0.1470000000,2.1325500000,-38.8825500000
AMD,AMD,QQQ,2026-01-20 13:26:00-05:00,2026-01-20 13:27:00-05:00,2026-01-20 13:40:00-05:00,LONG,-2.5225278390,234.0800000000,235.0895842695,610.8700000000,612.6998828520,234.5608832969,234.0600000000,234.1068120000,232.3100000000,232.2635380000,85,19899.0790200000,1.7500000000,4.0000000000,148.7500000000,340.0000000000,2.2857142857,232.3100000000,238.0600000000,STOP,13,-148.7500000000,7.9282900000,0.5950000000,8.5232900000,-157.2732900000,-37.1875000000,1.9820725000,0.1487500000,2.1308225000,-39.3183225000
AMD,AMD,QQQ,2026-01-20 14:52:00-05:00,2026-01-20 14:53:00-05:00,2026-01-20 15:59:00-05:00,SHORT,2.5380786443,232.0586000000,234.6543528716,608.8600000000,611.9996194857,233.7478781244,232.0800000000,232.0335840000,231.9400000000,231.9863880000,86,19954.8882240000,1.7500000000,4.0000000000,150.5000000000,344.0000000000,2.2857142857,233.8300000000,228.0800000000,FORCED_EOD,66,12.0400000000,7.9811440000,0.6020000000,8.5831440000,3.4568560000,3.0100000000,1.9952860000,0.1505000000,2.1457860000,0.8642140000
AMD,AMD,QQQ,2026-01-21 12:01:00-05:00,2026-01-21 12:02:00-05:00,2026-01-21 12:08:00-05:00,LONG,-2.9215344058,248.0671000000,246.5756030860,610.9799000000,612.5947708242,245.6965041115,248.0400000000,248.0896080000,246.2900000000,246.2407420000,80,19847.1686400000,1.7500000000,4.0000000000,140.0000000000,320.0000000000,2.2857142857,246.2900000000,252.0400000000,STOP,6,-140.0000000000,7.9092800000,0.5600000000,8.4692800000,-148.4692800000,-35.0000000000,1.9773200000,0.1400000000,2.1173200000,-37.1173200000
AMD,AMD,QQQ,2026-01-21 12:08:00-05:00,2026-01-21 12:09:00-05:00,2026-01-21 12:44:00-05:00,LONG,-2.8358776658,246.1627000000,246.5870463065,609.7300000000,612.5135736698,245.0714608559,246.1863000000,246.2355372600,244.4363000000,244.3874127400,81,19945.0785180600,1.7500000000,4.0000000000,141.7500000000,324.0000000000,2.2857142857,244.4363000000,250.1863000000,STOP,35,-141.7500000000,7.9480861200,0.5670000000,8.5150861200,-150.2650861200,-35.4375000000,1.9870215300,0.1417500000,2.1287715300,-37.5662715300
AMD,AMD,QQQ,2026-01-21 14:46:00-05:00,2026-01-21 14:47:00-05:00,2026-01-21 15:59:00-05:00,SHORT,2.5188272837,250.5050000000,246.4808255738,618.8300000000,612.3690450448,249.9979666647,250.5100000000,250.4598980000,249.6650000000,249.7149330000,79,19786.3319420000,1.7500000000,4.0000000000,138.2500000000,316.0000000000,2.2857142857,252.2600000000,246.5100000000,FORCED_EOD,72,66.7550000000,7.9027650000,0.5530000000,8.4557650000,58.2992350000,16.6887500000,1.9756912500,0.1382500000,2.1139412500,14.5748087500
AMD,AMD,QQQ,2026-01-22 11:14:00-05:00,2026-01-22 11:15:00-05:00,2026-01-22 11:51:00-05:00,SHORT,2.5954995606,253.8300000000,250.4558192101,620.5700000000,619.7381649662,251.1075670726,253.8000000000,253.7492400000,255.5500000000,255.6011100000,78,19792.4407200000,1.7500000000,4.0000000000,136.5000000000,312.0000000000,2.2857142857,255.5500000000,249.8000000000,STOP,36,-136.5000000000,7.9458600000,0.5460000000,8.4918600000,-144.9918600000,-34.1250000000,1.9864650000,0.1365000000,2.1229650000,-36.2479650000
AMD,AMD,QQQ,2026-01-22 11:51:00-05:00,2026-01-22 11:52:00-05:00,2026-01-22 15:59:00-05:00,SHORT,3.8408945167,255.9000000000,251.0579476958,621.4000000000,619.9573062023,252.1906241688,255.9500000000,255.8988100000,253.7300000000,253.7807460000,78,19960.1071800000,1.7500000000,4.0000000000,136.5000000000,312.0000000000,2.2857142857,257.7000000000,251.9500000000,FORCED_EOD,247,173.1600000000,7.9510080000,0.5460000000,8.4970080000,164.6629920000,43.2900000000,1.9877520000,0.1365000000,2.1242520000,41.1657480000
AMD,AMD,QQQ,2026-01-23 12:05:00-05:00,2026-01-23 12:06:00-05:00,2026-01-23 12:51:00-05:00,LONG,-2.7971095030,258.8201000000,262.6264333777,623.7900000000,622.5818362226,263.4599292007,258.8500000000,258.9017700000,257.1000000000,257.0485800000,77,19935.4362900000,1.7500000000,4.0000000000,134.7500000000,308.0000000000,2.2857142857,257.1000000000,262.8500000000,STOP,45,-134.7500000000,7.9456300000,0.5390000000,8.4846300000,-143.2346300000,-33.6875000000,1.9864075000,0.1347500000,2.1211575000,-35.8086575000
AMD,AMD,QQQ,2026-01-23 13:02:00-05:00,2026-01-23 13:03:00-05:00,2026-01-23 15:59:00-05:00,LONG,-2.8580503565,256.3451000000,262.1083288298,621.8801000000,622.6500165743,261.5782797149,256.3575000000,256.4087715000,259.6500000000,259.5980700000,78,19999.8841770000,1.7500000000,4.0000000000,136.5000000000,312.0000000000,2.2857142857,254.6075000000,260.3575000000,FORCED_EOD,176,256.8150000000,8.0497170000,0.5460000000,8.5957170000,248.2192830000,64.2037500000,2.0124292500,0.1365000000,2.1489292500,62.0548207500
AMD,AMD,QQQ,2026-01-26 12:13:00-05:00,2026-01-26 12:14:00-05:00,2026-01-26 15:59:00-05:00,SHORT,2.9171513541,253.6100000000,253.0272894635,627.1000000000,625.6166060312,254.0179529073,253.7000000000,253.6492600000,251.3200000000,251.3702640000,78,19784.6422800000,1.7500000000,4.0000000000,136.5000000000,312.0000000000,2.2857142857,255.4500000000,249.7000000000,FORCED_EOD,225,185.6400000000,7.8783120000,0.5460000000,8.4243120000,177.2156880000,46.4100000000,1.9695780000,0.1365000000,2.1060780000,44.3039220000
AMD,AMD,QQQ,2026-01-27 13:13:00-05:00,2026-01-27 13:14:00-05:00,2026-01-27 15:59:00-05:00,LONG,-2.5432817044,251.0200000000,252.3686728597,630.8600000000,630.4421749742,252.5954931421,250.9700000000,251.0201940000,252.0400000000,251.9895920000,79,19830.5953260000,1.7500000000,4.0000000000,138.2500000000,316.0000000000,2.2857142857,249.2200000000,254.9700000000,FORCED_EOD,165,84.5300000000,7.9475580000,0.5530000000,8.5005580000,76.0294420000,21.1325000000,1.9868895000,0.1382500000,2.1251395000,19.0073605000
AMD,AMD,QQQ,2026-01-28 11:42:00-05:00,2026-01-28 11:43:00-05:00,2026-01-28 15:59:00-05:00,SHORT,2.6062591167,252.4100000000,254.2987711799,632.4200000000,634.7649425148,250.5410589305,252.4700000000,252.4195060000,252.7400000000,252.7905480000,79,19941.1409740000,1.7500000000,4.0000000000,138.2500000000,316.0000000000,2.2857142857,254.2200000000,248.4700000000,FORCED_EOD,256,-21.3300000000,7.9823180000,0.5530000000,8.5353180000,-29.8653180000,-5.3325000000,1.9955795000,0.1382500000,2.1338295000,-7.4663295000
AMD,AMD,QQQ,2026-01-29 12:13:00-05:00,2026-01-29 12:14:00-05:00,2026-01-29 12:30:00-05:00,SHORT,2.5993017795,247.0500000000,249.2582554131,624.5700000000,623.8603293000,249.4723800662,247.0650000000,247.0155870000,248.8150000000,248.8647630000,80,19761.2469600000,1.7500000000,4.0000000000,140.0000000000,320.0000000000,2.2857142857,248.8150000000,243.0650000000,STOP,16,-140.0000000000,7.9340800000,0.5600000000,8.4940800000,-148.4940800000,-35.0000000000,1.9835200000,0.1400000000,2.1235200000,-37.1235200000
AMD,AMD,QQQ,2026-01-29 13:30:00-05:00,2026-01-29 13:31:00-05:00,2026-01-29 15:55:00-05:00,LONG,-2.6132683338,247.2650000000,249.0666606959,625.2800000000,624.0921718264,249.4246483928,247.2200000000,247.2694440000,251.2200000000,251.1697560000,80,19781.5555200000,1.7500000000,4.0000000000,140.0000000000,320.0000000000,2.2857142857,245.4700000000,251.2200000000,TAKE_PROFIT_BRACKET,144,320.0000000000,7.9750400000,0.5600000000,8.5350400000,311.4649600000,80.0000000000,1.9937600000,0.1400000000,2.1337600000,77.8662400000
AMD,AMD,QQQ,2026-01-29 15:55:00-05:00,2026-01-29 15:56:00-05:00,2026-01-29 15:59:00-05:00,SHORT,2.6426206036,251.6899000000,249.0307789556,629.5000000000,624.7230252703,250.4688027573,251.6500000000,251.5996700000,252.0900000000,252.1404180000,79,19876.3739300000,1.7500000000,4.0000000000,138.2500000000,316.0000000000,2.2857142857,253.4000000000,247.6500000000,FORCED_EOD,3,-34.7600000000,7.9590920000,0.5530000000,8.5120920000,-43.2720920000,-8.6900000000,1.9897730000,0.1382500000,2.1280230000,-10.8180230000
AMD,AMD,QQQ,2026-01-30 10:00:00-05:00,2026-01-30 10:01:00-05:00,2026-01-30 12:07:00-05:00,LONG,-2.6172886612,241.1500000000,241.9282906107,625.6100000000,626.7048781955,241.8437589533,241.1731000000,241.2213346200,239.4231000000,239.3752153800,82,19780.1494388400,1.7500000000,4.0000000000,143.5000000000,328.0000000000,2.2857142857,239.4231000000,245.1731000000,STOP,126,-143.5000000000,7.8817776800,0.5740000000,8.4557776800,-151.9557776800,-35.8750000000,1.9704444200,0.1435000000,2.1139444200,-37.9889444200
AMD,AMD,QQQ,2026-01-30 13:18:00-05:00,2026-01-30 13:19:00-05:00,2026-01-30 15:19:00-05:00,LONG,-2.5101354621,238.3550000000,241.7656028812,620.6600000000,625.2158727302,241.4132595178,238.3400000000,238.3876680000,236.5900000000,236.5426820000,83,19786.1764440000,1.7500000000,4.0000000000,145.2500000000,332.0000000000,2.2857142857,236.5900000000,242.3400000000,STOP,120,-145.2500000000,7.8838380000,0.5810000000,8.4648380000,-153.7148380000,-36.3125000000,1.9709595000,0.1452500000,2.1162095000,-38.4287095000
AMD,AMD,QQQ,2026-02-02 13:11:00-05:00,2026-02-02 13:12:00-05:00,2026-02-02 14:59:00-05:00,LONG,-2.5471017584,248.1502000000,246.0488737266,628.1450000000,625.4416108593,248.3435805443,248.1700000000,248.2196340000,246.4200000000,246.3707160000,80,19857.5707200000,1.7500000000,4.0000000000,140.0000000000,320.0000000000,2.2857142857,246.4200000000,252.1700000000,STOP,107,-140.0000000000,7.9134400000,0.5600000000,8.4734400000,-148.4734400000,-35.0000000000,1.9783600000,0.1400000000,2.1183600000,-37.1183600000
AMD,AMD,QQQ,2026-02-02 14:59:00-05:00,2026-02-02 15:00:00-05:00,2026-02-02 15:59:00-05:00,LONG,-2.5948759557,246.3350000000,246.5241085544,626.0400000000,625.8672884287,246.6708938698,246.2300000000,246.2792460000,246.2800000000,246.2307440000,81,19948.6189260000,1.7500000000,4.0000000000,141.7500000000,324.0000000000,2.2857142857,244.4800000000,250.2300000000,FORCED_EOD,59,4.0500000000,7.9786620000,0.5670000000,8.5456620000,-4.4956620000,1.0125000000,1.9946655000,0.1417500000,2.1364155000,-1.1239155000
AMD,AMD,QQQ,2026-02-03 14:07:00-05:00,2026-02-03 14:08:00-05:00,2026-02-03 14:14:00-05:00,SHORT,2.5469552999,237.4450000000,243.9457411099,611.0600000000,618.5822451413,233.9193966534,237.4100000000,237.3625180000,239.1600000000,239.2078320000,84,19938.4515120000,1.7500000000,4.0000000000,147.0000000000,336.0000000000,2.2857142857,239.1600000000,233.4100000000,STOP,6,-147.0000000000,8.0063760000,0.5880000000,8.5943760000,-155.5943760000,-36.7500000000,2.0015940000,0.1470000000,2.1485940000,-38.8985940000
AMD,AMD,QQQ,2026-02-03 14:24:00-05:00,2026-02-03 14:25:00-05:00,2026-02-03 15:25:00-05:00,SHORT,2.6184757395,241.1199000000,243.6661412349,613.4950000000,618.2140528760,237.3796182945,241.0800000000,241.0317840000,242.8300000000,242.8785660000,82,19764.6062880000,1.7500000000,4.0000000000,143.5000000000,328.0000000000,2.2857142857,242.8300000000,237.0800000000,STOP,60,-143.5000000000,7.9361240000,0.5740000000,8.5101240000,-152.0101240000,-35.8750000000,1.9840310000,0.1435000000,2.1275310000,-38.0025310000
AMD,AMD,QQQ,2026-02-03 15:34:00-05:00,2026-02-03 15:35:00-05:00,2026-02-03 15:55:00-05:00,LONG,-2.6410921723,244.2400000000,243.2920400279,615.2600000000,617.4584737521,240.3642442634,244.2700000000,244.3188540000,242.5200000000,242.4714960000,81,19789.8271740000,1.7500000000,4.0000000000,141.7500000000,324.0000000000,2.2857142857,242.5200000000,248.2700000000,STOP,20,-141.7500000000,7.8859980000,0.5670000000,8.4529980000,-150.2029980000,-35.4375000000,1.9714995000,0.1417500000,2.1132495000,-37.5507495000
AMD,AMD,QQQ,2026-02-03 15:55:00-05:00,2026-02-03 15:56:00-05:00,2026-02-03 15:59:00-05:00,LONG,-3.8768007876,242.4600000000,243.3876440456,616.2500000000,617.3486477143,241.9236954393,242.4500000000,242.4984900000,242.1100000000,242.0615780000,82,19884.8761800000,1.7500000000,4.0000000000,143.5000000000,328.0000000000,2.2857142857,240.7000000000,246.4500000000,FORCED_EOD,3,-27.8800000000,7.9467840000,0.5740000000,8.5207840000,-36.4007840000,-6.9700000000,1.9866960000,0.1435000000,2.1301960000,-9.1001960000
AMD,AMD,QQQ,2026-02-04 12:28:00-05:00,2026-02-04 12:29:00-05:00,2026-02-04 13:07:00-05:00,SHORT,2.6117696857,200.9300000000,207.6003756567,603.2200000000,609.4123332071,201.2131785814,200.9300000000,200.8898140000,202.6800000000,202.7205360000,99,19888.0915860000,1.7500000000,4.0000000000,173.2500000000,396.0000000000,2.2857142857,202.6800000000,196.9300000000,STOP,38,-173.2500000000,7.9914780000,0.6930000000,8.6844780000,-181.9344780000,-43.3125000000,1.9978695000,0.1732500000,2.1711195000,-45.4836195000
AMD,AMD,QQQ,2026-02-04 15:54:00-05:00,2026-02-04 15:55:00-05:00,2026-02-04 15:59:00-05:00,SHORT,2.8623516080,201.9800000000,205.3961183918,605.8500000000,607.2371398599,203.9754482256,201.9900000000,201.9496020000,200.1801000000,200.2201360200,99,19993.0105980000,1.7500000000,4.0000000000,173.2500000000,396.0000000000,2.2857142857,203.7400000000,197.9900000000,FORCED_EOD,4,179.1801000000,7.9629679800,0.6930000000,8.6559679800,170.5241320200,44.7950250000,1.9907419950,0.1732500000,2.1639919950,42.6310330050
AMD,AMD,QQQ,2026-02-05 11:16:00-05:00,2026-02-05 11:17:00-05:00,2026-02-05 13:56:00-05:00,LONG,-2.5530591249,192.8700000000,196.5709039752,597.4299000000,598.4848942810,195.1848627803,192.8800000000,192.9185760000,191.1300000000,191.0917740000,103,19870.6133280000,1.7500000000,4.0000000000,180.2500000000,412.0000000000,2.2857142857,191.1300000000,196.8800000000,STOP,159,-180.2500000000,7.9106060000,0.7210000000,8.6316060000,-188.8816060000,-45.0625000000,1.9776515000,0.1802500000,2.1579015000,-47.2204015000
AMD,AMD,QQQ,2026-02-05 14:10:00-05:00,2026-02-05 14:11:00-05:00,2026-02-05 15:59:00-05:00,LONG,-2.6225530458,192.3250000000,195.5168044855,600.1900000000,599.1648810544,196.8548534053,192.3400000000,192.3784680000,192.4900000000,192.4515020000,103,19814.9822040000,1.7500000000,4.0000000000,180.2500000000,412.0000000000,2.2857142857,190.5900000000,196.3400000000,FORCED_EOD,108,15.4500000000,7.9274980000,0.7210000000,8.6484980000,6.8015020000,3.8625000000,1.9818745000,0.1802500000,2.1621245000,1.7003755000
AMD,AMD,QQQ,2026-02-06 10:06:00-05:00,2026-02-06 10:07:00-05:00,2026-02-06 10:10:00-05:00,SHORT,2.6594875720,202.5300000000,202.6991519362,600.3000000000,602.7359580700,199.4223165104,202.6500000000,202.6094700000,204.4000000000,204.4408800000,98,19855.7280600000,1.7500000000,4.0000000000,171.5000000000,392.0000000000,2.2857142857,204.4000000000,198.6500000000,STOP,3,-171.5000000000,7.9781800000,0.6860000000,8.6641800000,-180.1641800000,-42.8750000000,1.9945450000,0.1715000000,2.1660450000,-45.0410450000
AMD,AMD,QQQ,2026-02-06 12:32:00-05:00,2026-02-06 12:33:00-05:00,2026-02-06 14:12:00-05:00,LONG,-2.5685542679,208.5593000000,204.7611694373,608.3050000000,603.9014059122,210.7335686820,208.5200000000,208.5617040000,206.7700000000,206.7286460000,95,19813.3618800000,1.7500000000,4.0000000000,166.2500000000,380.0000000000,2.2857142857,206.7700000000,212.5200000000,STOP,99,-166.2500000000,7.8905100000,0.6650000000,8.5555100000,-174.8055100000,-41.5625000000,1.9726275000,0.1662500000,2.1388775000,-43.7013775000
AMD,AMD,QQQ,2026-02-06 14:24:00-05:00,2026-02-06 14:25:00-05:00,2026-02-06 15:59:00-05:00,LONG,-2.9178458513,206.7300000000,205.2524506842,608.4600000000,604.8388553098,210.1678017099,206.7400000000,206.7813480000,208.2500000000,208.2083500000,96,19851.0094080000,1.7500000000,4.0000000000,168.0000000000,384.0000000000,2.2857142857,204.9900000000,210.7400000000,FORCED_EOD,94,144.9600000000,7.9678080000,0.6720000000,8.6398080000,136.3201920000,36.2400000000,1.9919520000,0.1680000000,2.1599520000,34.0800480000
AMD,AMD,QQQ,2026-02-09 11:54:00-05:00,2026-02-09 11:55:00-05:00,2026-02-09 15:59:00-05:00,LONG,-2.5918385389,215.9200000000,212.5563065275,615.6401000000,610.9053028087,219.1459432422,215.9000000000,215.9431800000,215.8000000000,215.7568400000,92,19866.7725600000,1.7500000000,4.0000000000,161.0000000000,368.0000000000,2.2857142857,214.1500000000,219.9000000000,FORCED_EOD,244,-9.2000000000,7.9432800000,0.6440000000,8.5872800000,-17.7872800000,-2.3000000000,1.9858200000,0.1610000000,2.1468200000,-4.4468200000
AMD,AMD,QQQ,2026-02-10 10:55:00-05:00,2026-02-10 10:56:00-05:00,2026-02-10 15:59:00-05:00,SHORT,2.7129503386,216.3000000000,216.4120962354,615.2800000000,615.1495352469,216.5956883482,216.2500000000,216.2067500000,213.6000000000,213.6427200000,92,19891.0210000000,1.7500000000,4.0000000000,161.0000000000,368.0000000000,2.2857142857,218.0000000000,212.2500000000,FORCED_EOD,303,243.8000000000,7.9092400000,0.6440000000,8.5532400000,235.2467600000,60.9500000000,1.9773100000,0.1610000000,2.1383100000,58.8116900000
AMD,AMD,QQQ,2026-02-11 10:35:00-05:00,2026-02-11 10:36:00-05:00,2026-02-11 10:54:00-05:00,LONG,-2.6777063741,210.3456000000,214.6460225939,609.9200000000,612.6449511558,210.8271717162,210.3750000000,210.4170750000,214.3750000000,214.3321250000,95,19989.6221250000,1.7500000000,4.0000000000,166.2500000000,380.0000000000,2.2857142857,208.6250000000,214.3750000000,TAKE_PROFIT_BRACKET,18,380.0000000000,8.0702500000,0.6650000000,8.7352500000,371.2647500000,95.0000000000,2.0175625000,0.1662500000,2.1838125000,92.8161875000
AMD,AMD,QQQ,2026-02-11 11:40:00-05:00,2026-02-11 11:41:00-05:00,2026-02-11 11:52:00-05:00,LONG,-2.5121920753,213.2900000000,214.0646331652,612.4600000000,612.1609492913,214.4829295647,213.2950000000,213.3376590000,211.5450000000,211.5026910000,93,19840.4022870000,1.7500000000,4.0000000000,162.7500000000,372.0000000000,2.2857142857,211.5450000000,217.2950000000,STOP,11,-162.7500000000,7.9020240000,0.6510000000,8.5530240000,-171.3030240000,-40.6875000000,1.9755060000,0.1627500000,2.1382560000,-42.8257560000
AMD,AMD,QQQ,2026-02-11 12:09:00-05:00,2026-02-11 12:10:00-05:00,2026-02-11 15:59:00-05:00,LONG,-3.1092343729,210.3300000000,213.7665136634,611.2900000000,612.0312896088,212.7308614150,210.3300000000,210.3720660000,213.5000000000,213.4573000000,95,19985.3462700000,1.7500000000,4.0000000000,166.2500000000,380.0000000000,2.2857142857,208.5800000000,214.3300000000,FORCED_EOD,229,301.1500000000,8.0527700000,0.6650000000,8.7177700000,292.4322300000,75.2875000000,2.0131925000,0.1662500000,2.1794425000,73.1080575000
AMD,AMD,QQQ,2026-02-12 11:05:00-05:00,2026-02-12 11:06:00-05:00,2026-02-12 11:31:00-05:00,SHORT,2.5690625928,210.0900000000,213.7928087716,605.5780000000,611.3232556436,206.8486577064,210.0400000000,209.9979920000,206.0400000000,206.0812080000,95,19949.8092400000,1.7500000000,4.0000000000,166.2500000000,380.0000000000,2.2857142857,211.7900000000,206.0400000000,TAKE_PROFIT_BRACKET,25,380.0000000000,7.9055200000,0.6650000000,8.5705200000,371.4294800000,95.0000000000,1.9763800000,0.1662500000,2.1426300000,92.8573700000
AMD,AMD,QQQ,2026-02-12 12:58:00-05:00,2026-02-12 12:59:00-05:00,2026-02-12 15:59:00-05:00,SHORT,2.5858802057,207.4100000000,211.3313625650,602.1700000000,607.2567586955,205.2132092116,207.4000000000,207.3585200000,205.9000000000,205.9411800000,96,19906.4179200000,1.7500000000,4.0000000000,168.0000000000,384.0000000000,2.2857142857,209.1500000000,203.4000000000,FORCED_EOD,180,144.0000000000,7.9353600000,0.6720000000,8.6073600000,135.3926400000,36.0000000000,1.9838400000,0.1680000000,2.1518400000,33.8481600000
AMD,AMD,QQQ,2026-02-13 12:53:00-05:00,2026-02-13 12:54:00-05:00,2026-02-13 15:59:00-05:00,SHORT,2.9399026028,208.7700000000,207.2232152571,605.5600000000,602.0227535171,210.7152129193,208.7850000000,208.7432430000,207.3600000000,207.4014720000,95,19830.6080850000,1.7500000000,4.0000000000,166.2500000000,380.0000000000,2.2857142857,210.5350000000,204.7850000000,FORCED_EOD,185,135.3750000000,7.9067550000,0.6650000000,8.5717550000,126.8032450000,33.8437500000,1.9766887500,0.1662500000,2.1429387500,31.7008112500
AMD,AMD,QQQ,2026-02-17 12:50:00-05:00,2026-02-17 12:51:00-05:00,2026-02-17 13:40:00-05:00,SHORT,2.8055178564,202.1545000000,199.8427245678,598.5500000000,598.1530451052,200.1399175446,202.1950000000,202.1545610000,203.9450000000,203.9857890000,98,19811.1469780000,1.7500000000,4.0000000000,171.5000000000,392.0000000000,2.2857142857,203.9450000000,198.1950000000,STOP,49,-171.5000000000,7.9603440000,0.6860000000,8.6463440000,-180.1463440000,-42.8750000000,1.9900860000,0.1715000000,2.1615860000,-45.0365860000
AMD,AMD,QQQ,2026-02-17 13:40:00-05:00,2026-02-17 13:41:00-05:00,2026-02-17 15:28:00-05:00,LONG,-2.6864616773,204.2600000000,200.1331305985,603.0000000000,598.3862302091,203.5910484784,204.2850000000,204.3258570000,202.5350000000,202.4944930000,97,19819.6081290000,1.7500000000,4.0000000000,169.7500000000,388.0000000000,2.2857142857,202.5350000000,208.2850000000,STOP,107,-169.7500000000,7.8923080000,0.6790000000,8.5713080000,-178.3213080000,-42.4375000000,1.9730770000,0.1697500000,2.1428270000,-44.5803270000
AMD,AMD,QQQ,2026-02-17 15:53:00-05:00,2026-02-17 15:54:00-05:00,2026-02-17 15:59:00-05:00,SHORT,2.8370366648,203.1250000000,200.7622852582,600.7200000000,599.3576781140,201.7848649122,203.1400000000,203.0993720000,203.0450000000,203.0856090000,98,19903.7384560000,1.7500000000,4.0000000000,171.5000000000,392.0000000000,2.2857142857,204.8900000000,199.1400000000,FORCED_EOD,5,9.3100000000,7.9612260000,0.6860000000,8.6472260000,0.6627740000,2.3275000000,1.9903065000,0.1715000000,2.1618065000,0.1656935000
AMD,AMD,QQQ,2026-02-18 13:27:00-05:00,2026-02-18 13:28:00-05:00,2026-02-18 14:27:00-05:00,LONG,-2.7118368041,201.9600000000,199.8555382795,608.1000000000,606.6615397268,200.5888567433,201.9700000000,202.0103940000,200.2200000000,200.1799560000,99,19999.0290060000,1.7500000000,4.0000000000,173.2500000000,396.0000000000,2.2857142857,200.2200000000,205.9700000000,STOP,59,-173.2500000000,7.9633620000,0.6930000000,8.6563620000,-181.9063620000,-43.3125000000,1.9908405000,0.1732500000,2.1640905000,-45.4765905000
AMD,AMD,QQQ,2026-02-18 15:55:00-05:00,2026-02-18 15:56:00-05:00,2026-02-18 15:59:00-05:00,SHORT,3.5681360183,200.3500000000,199.7500228079,606.4900000000,606.2761927995,199.8590321386,200.3500000000,200.3099300000,200.1100000000,200.1500220000,99,19830.6830700000,1.7500000000,4.0000000000,173.2500000000,396.0000000000,2.2857142857,202.1000000000,196.3500000000,FORCED_EOD,3,23.7600000000,7.9291080000,0.6930000000,8.6221080000,15.1378920000,5.9400000000,1.9822770000,0.1732500000,2.1555270000,3.7844730000
AMD,AMD,QQQ,2026-02-19 12:47:00-05:00,2026-02-19 12:48:00-05:00,2026-02-19 15:59:00-05:00,LONG,-2.5327273014,200.4946000000,201.6802258971,602.3600000000,603.6205664476,201.1983016749,200.5050000000,200.5451010000,203.4100000000,203.3693180000,99,19853.9649990000,1.7500000000,4.0000000000,173.2500000000,396.0000000000,2.2857142857,198.7550000000,204.5050000000,FORCED_EOD,191,287.5950000000,7.9975170000,0.6930000000,8.6905170000,278.9044830000,71.8987500000,1.9993792500,0.1732500000,2.1726292500,69.7261207500
AMD,AMD,QQQ,2026-02-20 12:24:00-05:00,2026-02-20 12:25:00-05:00,2026-02-20 15:59:00-05:00,LONG,-2.9849337415,199.4050000000,201.8990088921,604.2500000000,606.5437313532,201.1275693214,199.4050000000,199.4448810000,200.1200000000,200.0799760000,100,19944.4881000000,1.7500000000,4.0000000000,175.0000000000,400.0000000000,2.2857142857,197.6550000000,203.4050000000,FORCED_EOD,214,71.5000000000,7.9905000000,0.7000000000,8.6905000000,62.8095000000,17.8750000000,1.9976250000,0.1750000000,2.1726250000,15.7023750000
AMD,AMD,QQQ,2026-02-23 10:52:00-05:00,2026-02-23 10:53:00-05:00,2026-02-23 15:59:00-05:00,LONG,-2.7156275030,196.1900000000,197.3676566688,601.7300000000,604.8136108906,197.1664029124,196.2000000000,196.2392400000,196.6000000000,196.5606800000,101,19820.1632400000,1.7500000000,4.0000000000,176.7500000000,404.0000000000,2.2857142857,194.4500000000,200.2000000000,FORCED_EOD,306,40.4000000000,7.9345600000,0.7070000000,8.6415600000,31.7584400000,10.1000000000,1.9836400000,0.1767500000,2.1603900000,7.9396100000
AMD,AMD,QQQ,2026-02-24 11:55:00-05:00,2026-02-24 11:56:00-05:00,2026-02-24 12:10:00-05:00,SHORT,3.0543699674,212.4000000000,210.1563891555,607.6900000000,605.2691229230,210.3245004191,212.4180000000,212.3755164000,214.1680000000,214.2108336000,94,19963.2985416000,1.7500000000,4.0000000000,164.5000000000,376.0000000000,2.2857142857,214.1680000000,208.4180000000,STOP,14,-164.5000000000,8.0198168000,0.6580000000,8.6778168000,-173.1778168000,-41.1250000000,2.0049542000,0.1645000000,2.1694542000,-43.2944542000
AMD,AMD,QQQ,2026-02-24 13:41:00-05:00,2026-02-24 13:42:00-05:00,2026-02-24 14:24:00-05:00,LONG,-3.5421758034,215.3716000000,211.5522746213,608.0298000000,606.0077869791,211.6934482046,215.3900000000,215.4330780000,213.6400000000,213.5972720000,92,19819.8431760000,1.7500000000,4.0000000000,161.0000000000,368.0000000000,2.2857142857,213.6400000000,219.3900000000,STOP,42,-161.0000000000,7.8941520000,0.6440000000,8.5381520000,-169.5381520000,-40.2500000000,1.9735380000,0.1610000000,2.1345380000,-42.3845380000
AMD,AMD,QQQ,2026-02-24 15:21:00-05:00,2026-02-24 15:22:00-05:00,2026-02-24 15:59:00-05:00,LONG,-2.9023871160,212.8600000000,211.9666824321,607.3600000000,606.2952359572,212.0411327950,212.8300000000,212.8725660000,213.8200000000,213.7772360000,93,19797.1486380000,1.7500000000,4.0000000000,162.7500000000,372.0000000000,2.2857142857,211.0800000000,216.8300000000,FORCED_EOD,37,92.0700000000,7.9356900000,0.6510000000,8.5866900000,83.4833100000,23.0175000000,1.9839225000,0.1627500000,2.1466725000,20.8708275000
AMD,AMD,QQQ,2026-02-25 11:39:00-05:00,2026-02-25 11:40:00-05:00,2026-02-25 15:59:00-05:00,SHORT,2.5243621907,213.4100000000,212.4667547153,614.7750000000,614.3239121664,212.7565159832,213.4150000000,213.3723170000,210.8600000000,210.9021720000,93,19843.6254810000,1.7500000000,4.0000000000,162.7500000000,372.0000000000,2.2857142857,215.1650000000,209.4150000000,FORCED_EOD,259,237.6150000000,7.8915150000,0.6510000000,8.5425150000,229.0724850000,59.4037500000,1.9728787500,0.1627500000,2.1356287500,57.2681212500
AMD,AMD,QQQ,2026-02-26 12:33:00-05:00,2026-02-26 12:34:00-05:00,2026-02-26 15:59:00-05:00,SHORT,2.6049562990,203.1620000000,204.3644389806,607.2400000000,608.8427118504,203.7774393655,203.1600000000,203.1193680000,203.7000000000,203.7407400000,98,19905.6980640000,1.7500000000,4.0000000000,171.5000000000,392.0000000000,2.2857142857,204.9100000000,199.1600000000,FORCED_EOD,205,-52.9200000000,7.9744560000,0.6860000000,8.6604560000,-61.5804560000,-13.2300000000,1.9936140000,0.1715000000,2.1651140000,-15.3951140000
AMD,AMD,QQQ,2026-02-27 10:31:00-05:00,2026-02-27 10:32:00-05:00,2026-02-27 13:21:00-05:00,LONG,-2.7993581216,200.0150000000,200.1332257065,606.4059000000,605.2426151763,200.8245409988,200.0150000000,200.0550030000,198.2650000000,198.2253470000,99,19805.4452970000,1.7500000000,4.0000000000,173.2500000000,396.0000000000,2.2857142857,198.2650000000,204.0150000000,STOP,169,-173.2500000000,7.8859440000,0.6930000000,8.5789440000,-181.8289440000,-43.3125000000,1.9714860000,0.1732500000,2.1447360000,-45.4572360000
AMD,AMD,QQQ,2026-02-27 13:31:00-05:00,2026-02-27 13:32:00-05:00,2026-02-27 15:59:00-05:00,LONG,-2.5348349746,198.2600000000,199.9610723795,605.3680000000,606.0027742221,199.5846369150,198.2400000000,198.2796480000,200.1950000000,200.1549610000,100,19827.9648000000,1.7500000000,4.0000000000,175.0000000000,400.0000000000,2.2857142857,196.4900000000,202.2400000000,FORCED_EOD,147,195.5000000000,7.9687000000,0.7000000000,8.6687000000,186.8313000000,48.8750000000,1.9921750000,0.1750000000,2.1671750000,46.7078250000
AMD,AMD,QQQ,2026-03-02 11:26:00-05:00,2026-03-02 11:27:00-05:00,2026-03-02 11:40:00-05:00,SHORT,2.7073542813,194.8050000000,194.0361115356,604.8400000000,604.4769655945,194.3020988935,194.8300000000,194.7910340000,196.5800000000,196.6193160000,102,19868.6854680000,1.7500000000,4.0000000000,178.5000000000,408.0000000000,2.2857142857,196.5800000000,190.8300000000,STOP,13,-178.5000000000,7.9847640000,0.7140000000,8.6987640000,-187.1987640000,-44.6250000000,1.9961910000,0.1785000000,2.1746910000,-46.7996910000
AMD,AMD,QQQ,2026-03-02 15:08:00-05:00,2026-03-02 15:09:00-05:00,2026-03-02 15:59:00-05:00,SHORT,2.7883120287,197.1550000000,195.2270490362,607.4500000000,606.2695746196,196.0946562560,197.1200000000,197.0805760000,198.6100000000,198.6497220000,101,19905.1381760000,1.7500000000,4.0000000000,176.7500000000,404.0000000000,2.2857142857,198.8700000000,193.1200000000,FORCED_EOD,50,-150.4900000000,7.9937460000,0.7070000000,8.7007460000,-159.1907460000,-37.6225000000,1.9984365000,0.1767500000,2.1751865000,-39.7976865000
AMD,AMD,QQQ,2026-03-03 10:58:00-05:00,2026-03-03 10:59:00-05:00,2026-03-03 15:59:00-05:00,LONG,-2.5933139469,189.1100000000,190.4889361744,594.0800000000,595.1497522414,189.6070372312,189.0900000000,189.1278180000,190.9700000000,190.9318060000,105,19858.4208900000,1.7500000000,4.0000000000,183.7500000000,420.0000000000,2.2857142857,187.3400000000,193.0900000000,FORCED_EOD,300,197.4000000000,7.9812600000,0.7350000000,8.7162600000,188.6837400000,49.3500000000,1.9953150000,0.1837500000,2.1790650000,47.1709350000
AMD,AMD,QQQ,2026-03-04 11:58:00-05:00,2026-03-04 11:59:00-05:00,2026-03-04 12:36:00-05:00,SHORT,2.6599557963,198.9400000000,195.9168762288,611.2800000000,608.5500893031,196.7624526614,198.9500000000,198.9102100000,200.7000000000,200.7401400000,100,19891.0210000000,1.7500000000,4.0000000000,175.0000000000,400.0000000000,2.2857142857,200.7000000000,194.9500000000,STOP,37,-175.0000000000,7.9930000000,0.7000000000,8.6930000000,-183.6930000000,-43.7500000000,1.9982500000,0.1750000000,2.1732500000,-45.9232500000
AMD,AMD,QQQ,2026-03-04 13:51:00-05:00,2026-03-04 13:52:00-05:00,2026-03-04 15:59:00-05:00,SHORT,2.7799385500,202.4000000000,197.5105047520,612.6900000000,609.2206362530,198.5926718902,202.3800000000,202.3395240000,202.0100000000,202.0504020000,98,19829.2733520000,1.7500000000,4.0000000000,171.5000000000,392.0000000000,2.2857142857,204.1300000000,198.3800000000,FORCED_EOD,127,36.2600000000,7.9260440000,0.6860000000,8.6120440000,27.6479560000,9.0650000000,1.9815110000,0.1715000000,2.1530110000,6.9119890000
AMD,AMD,QQQ,2026-03-05 12:04:00-05:00,2026-03-05 12:05:00-05:00,2026-03-05 12:16:00-05:00,LONG,-2.6383610598,202.4200000000,201.6028460544,610.4000000000,609.1774349700,203.0346191838,202.4165000000,202.4569833000,200.6665000000,200.6263667000,98,19840.7843634000,1.7500000000,4.0000000000,171.5000000000,392.0000000000,2.2857142857,200.6665000000,206.4165000000,STOP,11,-171.5000000000,7.9004268000,0.6860000000,8.5864268000,-180.0864268000,-42.8750000000,1.9751067000,0.1715000000,2.1466067000,-45.0216067000
AMD,AMD,QQQ,2026-03-05 13:09:00-05:00,2026-03-05 13:10:00-05:00,2026-03-05 15:59:00-05:00,LONG,-2.7742557975,196.1100000000,200.3361331929,604.5900000000,608.1275930683,196.2121029705,196.0900000000,196.1292180000,199.4600000000,199.4201080000,101,19809.0510180000,1.7500000000,4.0000000000,176.7500000000,404.0000000000,2.2857142857,194.3400000000,200.0900000000,FORCED_EOD,169,340.3700000000,7.9901100000,0.7070000000,8.6971100000,331.6728900000,85.0925000000,1.9975275000,0.1767500000,2.1742775000,82.9182225000
AMD,AMD,QQQ,2026-03-06 13:13:00-05:00,2026-03-06 13:14:00-05:00,2026-03-06 13:51:00-05:00,LONG,-3.3461427589,198.7100000000,197.9145294248,605.3100000000,602.7341951610,201.1748613456,198.7500000000,198.7897500000,197.0000000000,196.9606000000,100,19878.9750000000,1.7500000000,4.0000000000,175.0000000000,400.0000000000,2.2857142857,197.0000000000,202.7500000000,STOP,37,-175.0000000000,7.9150000000,0.7000000000,8.6150000000,-183.6150000000,-43.7500000000,1.9787500000,0.1750000000,2.1537500000,-45.9037500000
AMD,AMD,QQQ,2026-03-06 15:25:00-05:00,2026-03-06 15:26:00-05:00,2026-03-06 15:59:00-05:00,SHORT,2.6105600698,192.6500000000,197.0389463592,600.0700000000,602.9142085670,193.4558786729,192.6600000000,192.6214680000,192.4500000000,192.4884900000,103,19840.0112040000,1.7500000000,4.0000000000,180.2500000000,412.0000000000,2.2857142857,194.4100000000,188.6600000000,FORCED_EOD,33,21.6300000000,7.9332660000,0.7210000000,8.6542660000,12.9757340000,5.4075000000,1.9833165000,0.1802500000,2.1635665000,3.2439335000
AMD,AMD,QQQ,2026-03-09 10:35:00-04:00,2026-03-09 10:36:00-04:00,2026-03-09 11:25:00-04:00,LONG,-2.5809335861,192.0000000000,191.4304855425,594.3600000000,593.4913371547,192.3401811824,192.0150000000,192.0534030000,196.0150000000,195.9757970000,104,19973.5539120000,1.7500000000,4.0000000000,182.0000000000,416.0000000000,2.2857142857,190.2650000000,196.0150000000,TAKE_PROFIT_BRACKET,49,416.0000000000,8.0710240000,0.7280000000,8.7990240000,407.2009760000,104.0000000000,2.0177560000,0.1820000000,2.1997560000,101.8002440000
AMD,AMD,QQQ,2026-03-09 12:26:00-04:00,2026-03-09 12:27:00-04:00,2026-03-09 15:25:00-04:00,LONG,-2.5609442902,197.0099000000,193.2533270009,601.2900000000,595.6420106081,199.2028710069,196.9800000000,197.0193960000,200.9800000000,200.9398040000,101,19898.9589960000,1.7500000000,4.0000000000,176.7500000000,404.0000000000,2.2857142857,195.2300000000,200.9800000000,TAKE_PROFIT_BRACKET,178,404.0000000000,8.0387920000,0.7070000000,8.7457920000,395.2542080000,101.0000000000,2.0096980000,0.1767500000,2.1864480000,98.8135520000
AMD,AMD,QQQ,2026-03-09 15:37:00-04:00,2026-03-09 15:38:00-04:00,2026-03-09 15:59:00-04:00,LONG,-2.5630365785,202.5900000000,195.4060330728,608.3800000000,598.5284506963,205.8485660306,202.5201000000,202.5606040200,202.7400000000,202.6994520000,98,19850.9391939600,1.7500000000,4.0000000000,171.5000000000,392.0000000000,2.2857142857,200.7701000000,206.5201000000,FORCED_EOD,21,21.5502000000,7.9430979600,0.6860000000,8.6290979600,12.9211020400,5.3875500000,1.9857744900,0.1715000000,2.1572744900,3.2302755100
AMD,AMD,QQQ,2026-03-10 10:22:00-04:00,2026-03-10 10:23:00-04:00,2026-03-10 15:59:00-04:00,LONG,-2.5570974367,203.1550000000,204.2693224277,607.9300000000,607.7842342607,204.4378275480,203.1400000000,203.1806280000,203.2400000000,203.1993520000,98,19911.7015440000,1.7500000000,4.0000000000,171.5000000000,392.0000000000,2.2857142857,201.3900000000,207.1400000000,FORCED_EOD,336,9.8000000000,7.9650480000,0.6860000000,8.6510480000,1.1489520000,2.4500000000,1.9912620000,0.1715000000,2.1627620000,0.2872380000
AMD,AMD,QQQ,2026-03-11 10:00:00-04:00,2026-03-11 10:01:00-04:00,2026-03-11 10:22:00-04:00,LONG,-3.1424998712,208.1400000000,207.0726094882,612.2700000000,609.9607938873,209.6549473870,208.1150000000,208.1566230000,206.3650000000,206.3237270000,96,19983.0358080000,1.7500000000,4.0000000000,168.0000000000,384.0000000000,2.2857142857,206.3650000000,212.1150000000,STOP,21,-168.0000000000,7.9580160000,0.6720000000,8.6300160000,-176.6300160000,-42.0000000000,1.9895040000,0.1680000000,2.1575040000,-44.1575040000
AMD,AMD,QQQ,2026-03-11 10:27:00-04:00,2026-03-11 10:28:00-04:00,2026-03-11 15:59:00-04:00,SHORT,2.6400624769,206.2900000000,207.1098155173,607.7100000000,610.0774221967,204.4624062833,206.3100000000,206.2687380000,204.7500000000,204.7909500000,96,19801.7988480000,1.7500000000,4.0000000000,168.0000000000,384.0000000000,2.2857142857,208.0600000000,202.3100000000,FORCED_EOD,331,149.7600000000,7.8923520000,0.6720000000,8.5643520000,141.1956480000,37.4400000000,1.9730880000,0.1680000000,2.1410880000,35.2989120000
AMD,AMD,QQQ,2026-03-12 10:32:00-04:00,2026-03-12 10:33:00-04:00,2026-03-12 15:59:00-04:00,SHORT,2.5958831514,198.5100000000,200.1368597412,598.7300000000,601.3429295406,197.3631897087,198.5100000000,198.4702980000,197.8000000000,197.8395600000,100,19847.0298000000,1.7500000000,4.0000000000,175.0000000000,400.0000000000,2.2857142857,200.2600000000,194.5100000000,FORCED_EOD,326,71.0000000000,7.9262000000,0.7000000000,8.6262000000,62.3738000000,17.7500000000,1.9815500000,0.1750000000,2.1565500000,15.5934500000
AMD,AMD,QQQ,2026-03-13 10:53:00-04:00,2026-03-13 10:54:00-04:00,2026-03-13 15:59:00-04:00,SHORT,2.5591370987,196.1601000000,197.5818497156,597.6914000000,600.6416745399,194.7755912809,196.1650000000,196.1257670000,193.4500000000,193.4886900000,101,19808.7024670000,1.7500000000,4.0000000000,176.7500000000,404.0000000000,2.2857142857,197.9150000000,192.1650000000,FORCED_EOD,305,274.2150000000,7.8702230000,0.7070000000,8.5772230000,265.6377770000,68.5537500000,1.9675557500,0.1767500000,2.1443057500,66.4094442500
AMD,AMD,QQQ,2026-03-16 11:58:00-04:00,2026-03-16 11:59:00-04:00,2026-03-16 15:59:00-04:00,SHORT,2.8010441050,199.5100000000,197.8732899208,600.4400000000,600.9747288602,197.3512760939,199.5200000000,199.4800960000,196.6000000000,196.6393200000,100,19948.0096000000,1.7500000000,4.0000000000,175.0000000000,400.0000000000,2.2857142857,201.2700000000,195.5200000000,FORCED_EOD,240,292.0000000000,7.9224000000,0.7000000000,8.6224000000,283.3776000000,73.0000000000,1.9806000000,0.1750000000,2.1556000000,70.8444000000
AMD,AMD,QQQ,2026-03-17 12:52:00-04:00,2026-03-17 12:53:00-04:00,2026-03-17 15:59:00-04:00,SHORT,2.8957112635,196.6536000000,197.1749322849,603.3017000000,604.0165538662,196.7217642751,196.6600000000,196.6206680000,196.3100000000,196.3492620000,101,19858.6874680000,1.7500000000,4.0000000000,176.7500000000,404.0000000000,2.2857142857,198.4100000000,192.6600000000,FORCED_EOD,186,35.3500000000,7.9379940000,0.7070000000,8.6449940000,26.7050060000,8.8375000000,1.9844985000,0.1767500000,2.1612485000,6.6762515000
AMD,AMD,QQQ,2026-03-18 11:15:00-04:00,2026-03-18 11:16:00-04:00,2026-03-18 14:04:00-04:00,LONG,-3.0516017848,198.8999000000,198.7680550047,600.9198000000,601.0345551083,198.7000933492,198.8500000000,198.8897700000,202.8500000000,202.8094300000,100,19888.9770000000,1.7500000000,4.0000000000,175.0000000000,400.0000000000,2.2857142857,197.1000000000,202.8500000000,TAKE_PROFIT_BRACKET,168,400.0000000000,8.0340000000,0.7000000000,8.7340000000,391.2660000000,100.0000000000,2.0085000000,0.1750000000,2.1835000000,97.8165000000
AMD,AMD,QQQ,2026-03-18 14:05:00-04:00,2026-03-18 14:06:00-04:00,2026-03-18 15:59:00-04:00,SHORT,2.6905906953,202.7200000000,199.4032049715,600.3900000000,600.6131474012,199.2705346112,202.6800000000,202.6394640000,199.4400000000,199.4798880000,98,19858.6674720000,1.7500000000,4.0000000000,171.5000000000,392.0000000000,2.2857142857,204.4300000000,198.6800000000,FORCED_EOD,113,317.5200000000,7.8815520000,0.6860000000,8.5675520000,308.9524480000,79.3800000000,1.9703880000,0.1715000000,2.1418880000,77.2381120000
AMD,AMD,QQQ,2026-03-19 11:05:00-04:00,2026-03-19 11:06:00-04:00,2026-03-19 14:07:00-04:00,SHORT,2.7915966089,199.9800000000,196.2763481949,592.7700000000,590.1913452087,197.0754473582,199.9700000000,199.9300060000,201.7200000000,201.7603440000,100,19993.0006000000,1.7500000000,4.0000000000,175.0000000000,400.0000000000,2.2857142857,201.7200000000,195.9700000000,STOP,181,-175.0000000000,8.0338000000,0.7000000000,8.7338000000,-183.7338000000,-43.7500000000,2.0084500000,0.1750000000,2.1834500000,-45.9334500000
AMD,AMD,QQQ,2026-03-19 14:12:00-04:00,2026-03-19 14:13:00-04:00,2026-03-19 15:05:00-04:00,SHORT,2.5211583199,202.6440000000,198.2512967336,591.2401000000,590.1786102503,198.5835587627,202.6401000000,202.5995719800,204.3901000000,204.4309780200,98,19854.7580540400,1.7500000000,4.0000000000,171.5000000000,392.0000000000,2.2857142857,204.3901000000,198.6401000000,STOP,52,-171.5000000000,7.9777919200,0.6860000000,8.6637919200,-180.1637919200,-42.8750000000,1.9944479800,0.1715000000,2.1659479800,-45.0409479800
AMD,AMD,QQQ,2026-03-19 15:05:00-04:00,2026-03-19 15:06:00-04:00,2026-03-19 15:59:00-04:00,SHORT,2.6947248327,204.7581000000,198.9090936707,593.9650000000,590.3604470400,200.0407671371,204.7200000000,204.6790560000,205.2300000000,205.2710460000,97,19853.8684320000,1.7500000000,4.0000000000,169.7500000000,388.0000000000,2.2857142857,206.4700000000,200.7200000000,FORCED_EOD,53,-49.4700000000,7.9530300000,0.6790000000,8.6320300000,-58.1020300000,-12.3675000000,1.9882575000,0.1697500000,2.1580075000,-14.5255075000
AMD,AMD,QQQ,2026-03-20 11:00:00-04:00,2026-03-20 11:01:00-04:00,2026-03-20 15:59:00-04:00,SHORT,3.0397105608,202.2000000000,202.3010685456,586.9700000000,587.0638486602,202.2946005322,202.2499000000,202.2094500200,201.4800000000,201.5202960000,98,19816.5261019600,1.7500000000,4.0000000000,171.5000000000,392.0000000000,2.2857142857,203.9999000000,198.2499000000,FORCED_EOD,298,75.4502000000,7.9131060400,0.6860000000,8.5991060400,66.8510939600,18.8625500000,1.9782765100,0.1715000000,2.1497765100,16.7127734900
AMD,AMD,QQQ,2026-03-23 10:40:00-04:00,2026-03-23 10:41:00-04:00,2026-03-23 11:52:00-04:00,LONG,-2.6045754896,205.7900000000,207.1248250477,593.1800000000,592.2027462086,207.3185613716,205.8400000000,205.8811680000,204.0900000000,204.0491820000,97,19970.4732960000,1.7500000000,4.0000000000,169.7500000000,388.0000000000,2.2857142857,204.0900000000,209.8400000000,STOP,71,-169.7500000000,7.9526420000,0.6790000000,8.6316420000,-178.3816420000,-42.4375000000,1.9881605000,0.1697500000,2.1579105000,-44.5954105000
AMD,AMD,QQQ,2026-03-23 11:56:00-04:00,2026-03-23 11:57:00-04:00,2026-03-23 15:59:00-04:00,LONG,-2.6764456680,202.4550000000,206.8282011526,588.3100000000,592.3600969698,206.0266498322,202.5000000000,202.5405000000,202.6200000000,202.5794760000,98,19848.9690000000,1.7500000000,4.0000000000,171.5000000000,392.0000000000,2.2857142857,200.7500000000,206.5000000000,FORCED_EOD,242,11.7600000000,7.9403520000,0.6860000000,8.6263520000,3.1336480000,2.9400000000,1.9850880000,0.1715000000,2.1565880000,0.7834120000
AMD,AMD,QQQ,2026-03-24 12:53:00-04:00,2026-03-24 12:54:00-04:00,2026-03-24 13:05:00-04:00,LONG,-2.7329867027,202.5518000000,203.0114463208,585.8800000000,585.0576472864,203.1037284530,202.5250000000,202.5655050000,200.7750000000,200.7348450000,98,19851.4194900000,1.7500000000,4.0000000000,171.5000000000,392.0000000000,2.2857142857,200.7750000000,206.5250000000,STOP,11,-171.5000000000,7.9046800000,0.6860000000,8.5906800000,-180.0906800000,-42.8750000000,1.9761700000,0.1715000000,2.1476700000,-45.0226700000
AMD,AMD,QQQ,2026-03-24 13:05:00-04:00,2026-03-24 13:06:00-04:00,2026-03-24 14:31:00-04:00,LONG,-2.8931878182,200.8750000000,202.9379944471,583.3200000000,585.0403370736,202.7450071481,200.8800000000,200.9201760000,204.8800000000,204.8390240000,99,19891.0974240000,1.7500000000,4.0000000000,173.2500000000,396.0000000000,2.2857142857,199.1300000000,204.8800000000,TAKE_PROFIT_BRACKET,85,396.0000000000,8.0340480000,0.6930000000,8.7270480000,387.2729520000,99.0000000000,2.0085120000,0.1732500000,2.1817620000,96.8182380000
AMD,AMD,QQQ,2026-03-24 15:35:00-04:00,2026-03-24 15:36:00-04:00,2026-03-24 15:59:00-04:00,LONG,-2.6603578495,205.2283000000,203.3380951018,584.2600000000,584.8686875525,203.2696578713,205.2100000000,205.2510420000,205.3850000000,205.3439230000,97,19909.3510740000,1.7500000000,4.0000000000,169.7500000000,388.0000000000,2.2857142857,203.4600000000,209.2100000000,FORCED_EOD,23,16.9750000000,7.9655430000,0.6790000000,8.6445430000,8.3304570000,4.2437500000,1.9913857500,0.1697500000,2.1611357500,2.0826142500
AMD,AMD,QQQ,2026-03-25 11:16:00-04:00,2026-03-25 11:17:00-04:00,2026-03-25 15:59:00-04:00,LONG,-2.7557472340,217.9000000000,217.2936556110,586.2200000000,589.3999247144,216.6397705192,217.8650000000,217.9085730000,220.3200000000,220.2759360000,91,19829.6801430000,1.7500000000,4.0000000000,159.2500000000,364.0000000000,2.2857142857,216.1150000000,221.8650000000,FORCED_EOD,282,223.4050000000,7.9749670000,0.6370000000,8.6119670000,214.7930330000,55.8512500000,1.9937417500,0.1592500000,2.1529917500,53.6982582500
AMD,AMD,QQQ,2026-03-26 10:45:00-04:00,2026-03-26 10:46:00-04:00,2026-03-26 10:55:00-04:00,LONG,-2.7138485088,209.3400000000,215.3496834400,581.7300000000,582.9371551942,214.5624033398,209.3620000000,209.4038724000,207.6120000000,207.5704776000,95,19893.3678780000,1.7500000000,4.0000000000,166.2500000000,380.0000000000,2.2857142857,207.6120000000,213.3620000000,STOP,9,-166.2500000000,7.9225060000,0.6650000000,8.5875060000,-174.8375060000,-41.5625000000,1.9806265000,0.1662500000,2.1468765000,-43.7093765000
AMD,AMD,QQQ,2026-03-26 11:42:00-04:00,2026-03-26 11:43:00-04:00,2026-03-26 15:46:00-04:00,SHORT,2.7985946020,207.7000000000,212.4821784421,580.9000000000,582.3034782901,211.5780659057,207.6950000000,207.6534610000,203.6950000000,203.7357390000,96,19934.7322560000,1.7500000000,4.0000000000,168.0000000000,384.0000000000,2.2857142857,209.4450000000,203.6950000000,TAKE_PROFIT_BRACKET,243,384.0000000000,7.8986880000,0.6720000000,8.5706880000,375.4293120000,96.0000000000,1.9746720000,0.1680000000,2.1426720000,93.8573280000
AMD,AMD,QQQ,2026-03-27 11:38:00-04:00,2026-03-27 11:39:00-04:00,2026-03-27 15:59:00-04:00,SHORT,2.6479459214,201.7897000000,199.9806297532,568.8900000000,568.0123367251,200.8568558123,201.8150000000,201.7746370000,201.9700000000,202.0103940000,99,19975.6890630000,1.7500000000,4.0000000000,173.2500000000,396.0000000000,2.2857142857,203.5650000000,197.8150000000,FORCED_EOD,260,-15.3450000000,7.9949430000,0.6930000000,8.6879430000,-24.0329430000,-3.8362500000,1.9987357500,0.1732500000,2.1719857500,-6.0082357500
AMD,AMD,QQQ,2026-03-30 10:36:00-04:00,2026-03-30 10:37:00-04:00,2026-03-30 10:44:00-04:00,LONG,-2.5983091516,200.9300000000,204.4908038031,562.4750000000,564.2657009321,202.7740647484,200.9200000000,200.9601840000,199.1700000000,199.1301660000,99,19895.0582160000,1.7500000000,4.0000000000,173.2500000000,396.0000000000,2.2857142857,199.1700000000,204.9200000000,STOP,7,-173.2500000000,7.9217820000,0.6930000000,8.6147820000,-181.8647820000,-43.3125000000,1.9804455000,0.1732500000,2.1536955000,-45.4661955000
AMD,AMD,QQQ,2026-03-30 11:57:00-04:00,2026-03-30 11:58:00-04:00,2026-03-30 12:13:00-04:00,LONG,-3.0712516039,199.5500000000,202.7461558731,564.2500000000,563.9180688389,203.0618567159,199.5700000000,199.6099140000,197.8200000000,197.7804360000,100,19960.9914000000,1.7500000000,4.0000000000,175.0000000000,400.0000000000,2.2857142857,197.8200000000,203.5700000000,STOP,15,-175.0000000000,7.9478000000,0.7000000000,8.6478000000,-183.6478000000,-43.7500000000,1.9869500000,0.1750000000,2.1619500000,-45.9119500000
AMD,AMD,QQQ,2026-03-30 13:15:00-04:00,2026-03-30 13:16:00-04:00,2026-03-30 15:59:00-04:00,SHORT,2.5023278156,196.5350000000,201.4800443807,560.5200000000,563.5084196159,198.6534447055,196.5397000000,196.5003920600,196.0500000000,196.0892100000,101,19846.5395980600,1.7500000000,4.0000000000,176.7500000000,404.0000000000,2.2857142857,198.2897000000,192.5397000000,FORCED_EOD,163,49.4597000000,7.9303119400,0.7070000000,8.6373119400,40.8223880600,12.3649250000,1.9825779850,0.1767500000,2.1593279850,10.2055970150
AMD,AMD,QQQ,2026-03-31 10:51:00-04:00,2026-03-31 10:52:00-04:00,2026-03-31 12:40:00-04:00,SHORT,2.5423282835,198.9650000000,199.8164379484,565.2702000000,567.1154756398,197.2157936619,198.9500000000,198.9102100000,200.7000000000,200.7401400000,100,19891.0210000000,1.7500000000,4.0000000000,175.0000000000,400.0000000000,2.2857142857,200.7000000000,194.9500000000,STOP,108,-175.0000000000,7.9930000000,0.7000000000,8.6930000000,-183.6930000000,-43.7500000000,1.9982500000,0.1750000000,2.1732500000,-45.9232500000
AMD,AMD,QQQ,2026-03-31 12:40:00-04:00,2026-03-31 12:41:00-04:00,2026-03-31 15:59:00-04:00,LONG,-4.4769136507,200.1700000000,199.2626171627,572.5000000000,567.2234602178,206.6770998159,200.1800000000,200.2200360000,203.3400000000,203.2993320000,99,19821.7835640000,1.7500000000,4.0000000000,173.2500000000,396.0000000000,2.2857142857,198.4300000000,204.1800000000,FORCED_EOD,198,312.8400000000,7.9896960000,0.6930000000,8.6826960000,304.1573040000,78.2100000000,1.9974240000,0.1732500000,2.1706740000,76.0393260000
AMD,AMD,QQQ,2026-04-01 10:07:00-04:00,2026-04-01 10:08:00-04:00,2026-04-01 11:46:00-04:00,LONG,-2.9297374503,208.8300000000,208.9569996893,583.2000000000,582.2472247061,209.5735730537,208.8000000000,208.8417600000,212.8000000000,212.7574400000,95,19839.9672000000,1.7500000000,4.0000000000,166.2500000000,380.0000000000,2.2857142857,207.0500000000,212.8000000000,TAKE_PROFIT_BRACKET,98,380.0000000000,8.0104000000,0.6650000000,8.6754000000,371.3246000000,95.0000000000,2.0026000000,0.1662500000,2.1688500000,92.8311500000
AMD,AMD,QQQ,2026-04-01 13:20:00-04:00,2026-04-01 13:21:00-04:00,2026-04-01 14:02:00-04:00,LONG,-2.9755353623,212.7100000000,210.9518183921,587.5600000000,584.6792384101,212.8260259910,212.7100000000,212.7525420000,210.9600000000,210.9178080000,94,19998.7389480000,1.7500000000,4.0000000000,164.5000000000,376.0000000000,2.2857142857,210.9600000000,216.7100000000,STOP,41,-164.5000000000,7.9649960000,0.6580000000,8.6229960000,-173.1229960000,-41.1250000000,1.9912490000,0.1645000000,2.1557490000,-43.2807490000
AMD,AMD,QQQ,2026-04-01 14:56:00-04:00,2026-04-01 14:57:00-04:00,2026-04-01 15:25:00-04:00,SHORT,2.7484798532,210.0650000000,210.8926156585,583.2200000000,584.6394155394,209.9693480206,210.0600000000,210.0179880000,211.8100000000,211.8523620000,95,19951.7088600000,1.7500000000,4.0000000000,166.2500000000,380.0000000000,2.2857142857,211.8100000000,206.0600000000,STOP,28,-166.2500000000,8.0155300000,0.6650000000,8.6805300000,-174.9305300000,-41.5625000000,2.0038825000,0.1662500000,2.1701325000,-43.7326325000
AMD,AMD,QQQ,2026-04-02 13:23:00-04:00,2026-04-02 13:24:00-04:00,2026-04-02 15:14:00-04:00,SHORT,2.8983445211,215.1000000000,210.3432488758,583.8001000000,579.9866392361,212.6429327574,215.0900000000,215.0469820000,216.8400000000,216.8833680000,93,19999.3693260000,1.7500000000,4.0000000000,162.7500000000,372.0000000000,2.2857142857,216.8400000000,211.0900000000,STOP,110,-162.7500000000,8.0338980000,0.6510000000,8.6848980000,-171.4348980000,-40.6875000000,2.0084745000,0.1627500000,2.1712245000,-42.8587245000
AMD,AMD,QQQ,2026-04-02 15:14:00-04:00,2026-04-02 15:15:00-04:00,2026-04-02 15:59:00-04:00,SHORT,3.9124948245,217.0200000000,211.4608560135,583.5300000000,580.3916106280,213.3621704886,217.0294000000,216.9859941200,217.5600000000,217.6035120000,92,19962.7114590400,1.7500000000,4.0000000000,161.0000000000,368.0000000000,2.2857142857,218.7794000000,213.0294000000,FORCED_EOD,44,-48.8152000000,7.9964449600,0.6440000000,8.6404449600,-57.4556449600,-12.2038000000,1.9991112400,0.1610000000,2.1601112400,-14.3639112400
AMD,AMD,QQQ,2026-04-06 12:42:00-04:00,2026-04-06 12:43:00-04:00,2026-04-06 13:12:00-04:00,LONG,-2.7050958711,220.1350000000,222.1344958470,587.6850000000,587.5813497970,222.1782135562,220.1494000000,220.1934298800,218.3994000000,218.3557201200,90,19817.4086892000,1.7500000000,4.0000000000,157.5000000000,360.0000000000,2.2857142857,218.3994000000,224.1494000000,STOP,29,-157.5000000000,7.8938784000,0.6300000000,8.5238784000,-166.0238784000,-39.3750000000,1.9734696000,0.1575000000,2.1309696000,-41.5059696000
AMD,AMD,QQQ,2026-04-06 15:06:00-04:00,2026-04-06 15:07:00-04:00,2026-04-06 15:59:00-04:00,LONG,-2.5442001712,219.8100000000,221.5184525445,588.0900000000,587.3633337098,221.8242101910,219.8200000000,219.8639640000,220.1900000000,220.1459620000,90,19787.7567600000,1.7500000000,4.0000000000,157.5000000000,360.0000000000,2.2857142857,218.0700000000,223.8200000000,FORCED_EOD,52,33.3000000000,7.9201800000,0.6300000000,8.5501800000,24.7498200000,8.3250000000,1.9800450000,0.1575000000,2.1375450000,6.1874550000
AMD,AMD,QQQ,2026-04-07 11:38:00-04:00,2026-04-07 11:39:00-04:00,2026-04-07 15:59:00-04:00,LONG,-2.6680226025,217.3642000000,218.2844261481,581.4200000000,582.0003156512,218.0152022934,217.3500000000,217.3934700000,221.3500000000,221.3057300000,91,19782.8057700000,1.7500000000,4.0000000000,159.2500000000,364.0000000000,2.2857142857,215.6000000000,221.3500000000,TAKE_PROFIT_BRACKET,260,364.0000000000,7.9843400000,0.6370000000,8.6213400000,355.3786600000,91.0000000000,1.9960850000,0.1592500000,2.1553350000,88.8446650000
AMD,AMD,QQQ,2026-04-08 10:03:00-04:00,2026-04-08 10:04:00-04:00,2026-04-08 11:24:00-04:00,LONG,-2.5973293323,227.6400000000,230.0331522084,605.7500000000,606.9859952584,229.7458251880,227.7087000000,227.7542417400,231.7087000000,231.6623582600,87,19814.6190313800,1.7500000000,4.0000000000,152.2500000000,348.0000000000,2.2857142857,225.9587000000,231.7087000000,TAKE_PROFIT_BRACKET,80,348.0000000000,7.9938627600,0.6090000000,8.6028627600,339.3971372400,87.0000000000,1.9984656900,0.1522500000,2.1507156900,84.8492843100
AMD,AMD,QQQ,2026-04-08 12:54:00-04:00,2026-04-08 12:55:00-04:00,2026-04-08 15:59:00-04:00,SHORT,2.5176338406,233.3199000000,230.2591713101,607.4600000000,605.8559838099,230.6331132597,233.2900000000,233.2433420000,231.8790000000,231.9253758000,85,19825.6840700000,1.7500000000,4.0000000000,148.7500000000,340.0000000000,2.2857142857,235.0400000000,229.2900000000,FORCED_EOD,184,119.9350000000,7.9078730000,0.5950000000,8.5028730000,111.4321270000,29.9837500000,1.9769682500,0.1487500000,2.1257182500,27.8580317500
AMD,AMD,QQQ,2026-04-09 10:50:00-04:00,2026-04-09 10:51:00-04:00,2026-04-09 11:48:00-04:00,SHORT,2.7935227747,234.5000000000,233.3820114043,604.4500000000,604.6264270920,233.3092035531,234.5200000000,234.4730960000,236.2700000000,236.3172540000,85,19930.2131600000,1.7500000000,4.0000000000,148.7500000000,340.0000000000,2.2857142857,236.2700000000,230.5200000000,STOP,57,-148.7500000000,8.0034300000,0.5950000000,8.5984300000,-157.3484300000,-37.1875000000,2.0008575000,0.1487500000,2.1496075000,-39.3371075000
AMD,AMD,QQQ,2026-04-09 12:09:00-04:00,2026-04-09 12:10:00-04:00,2026-04-09 15:59:00-04:00,LONG,-2.9257572119,235.1700000000,234.2230004492,609.4500000000,605.8014017273,235.7311971946,235.1600000000,235.2070320000,236.6150000000,236.5676770000,85,19992.5977200000,1.7500000000,4.0000000000,148.7500000000,340.0000000000,2.2857142857,233.4100000000,239.1600000000,FORCED_EOD,229,123.6750000000,8.0201750000,0.5950000000,8.6151750000,115.0598250000,30.9187500000,2.0050437500,0.1487500000,2.1537937500,28.7649562500
AMD,AMD,QQQ,2026-04-10 11:42:00-04:00,2026-04-10 11:43:00-04:00,2026-04-10 12:32:00-04:00,LONG,-2.5541770298,246.1300000000,246.2893906954,611.3100000000,612.2261148966,245.9016775509,246.1450000000,246.1942290000,244.3950000000,244.3461210000,81,19941.7325490000,1.7500000000,4.0000000000,141.7500000000,324.0000000000,2.2857142857,244.3950000000,250.1450000000,STOP,49,-141.7500000000,7.9467480000,0.5670000000,8.5137480000,-150.2637480000,-35.4375000000,1.9866870000,0.1417500000,2.1284370000,-37.5659370000
AMD,AMD,QQQ,2026-04-10 14:35:00-04:00,2026-04-10 14:36:00-04:00,2026-04-10 15:59:00-04:00,LONG,-2.6043064250,245.3900000000,245.9579049218,610.3800000000,611.5659909887,245.4561107946,245.3901000000,245.4391780200,245.0200000000,244.9709960000,81,19880.5734196200,1.7500000000,4.0000000000,141.7500000000,324.0000000000,2.2857142857,243.6401000000,249.3901000000,FORCED_EOD,83,-29.9781000000,7.9446436200,0.5670000000,8.5116436200,-38.4897436200,-7.4945250000,1.9861609050,0.1417500000,2.1279109050,-9.6224359050
AMD,AMD,QQQ,2026-04-13 11:12:00-04:00,2026-04-13 11:13:00-04:00,2026-04-13 14:51:00-04:00,SHORT,2.5957623778,244.6500000000,243.9884713621,612.5800000000,610.7820074691,244.7514600506,244.6600000000,244.6110680000,246.4100000000,246.4592820000,81,19813.4965080000,1.7500000000,4.0000000000,141.7500000000,324.0000000000,2.2857142857,246.4100000000,240.6600000000,STOP,218,-141.7500000000,7.9553340000,0.5670000000,8.5223340000,-150.2723340000,-35.4375000000,1.9888335000,0.1417500000,2.1305835000,-37.5680835000
AMD,AMD,QQQ,2026-04-13 15:55:00-04:00,2026-04-13 15:56:00-04:00,2026-04-13 15:59:00-04:00,LONG,-2.6825304332,246.8400000000,245.0138886918,617.1750000000,612.8387261490,246.8555439986,246.8050000000,246.8543610000,246.7800000000,246.7306440000,81,19995.2032410000,1.7500000000,4.0000000000,141.7500000000,324.0000000000,2.2857142857,245.0550000000,250.8050000000,FORCED_EOD,3,-2.0250000000,7.9960770000,0.5670000000,8.5630770000,-10.5880770000,-0.5062500000,1.9990192500,0.1417500000,2.1407692500,-2.6470192500
AMD,AMD,QQQ,2026-04-14 11:19:00-04:00,2026-04-14 11:20:00-04:00,2026-04-14 11:35:00-04:00,SHORT,2.5118529523,250.1599000000,248.5756527810,623.9000000000,622.6382360258,249.0686781371,250.1350000000,250.0849730000,251.8850000000,251.9353770000,79,19756.7128670000,1.7500000000,4.0000000000,138.2500000000,316.0000000000,2.2857142857,251.8850000000,246.1350000000,STOP,15,-138.2500000000,7.9319160000,0.5530000000,8.4849160000,-146.7349160000,-34.5625000000,1.9829790000,0.1382500000,2.1212290000,-36.6837290000
AMD,AMD,QQQ,2026-04-14 12:56:00-04:00,2026-04-14 12:57:00-04:00,2026-04-14 15:59:00-04:00,LONG,-2.5562811270,252.2600000000,249.7587642986,626.2900000000,623.8871206973,250.7002527646,252.2906000000,252.3410581200,255.0600000000,255.0089880000,79,19934.9435914800,1.7500000000,4.0000000000,138.2500000000,316.0000000000,2.2857142857,250.5406000000,256.2906000000,FORCED_EOD,182,218.7826000000,8.0161394800,0.5530000000,8.5691394800,210.2134605200,54.6956500000,2.0040348700,0.1382500000,2.1422848700,52.5533651300
AMD,AMD,QQQ,2026-04-15 10:36:00-04:00,2026-04-15 10:37:00-04:00,2026-04-15 12:47:00-04:00,SHORT,2.5806967238,257.3000000000,255.0731417068,632.0900000000,630.1041064772,255.6890116854,257.3000000000,257.2485400000,253.3000000000,253.3506600000,77,19808.1375800000,1.7500000000,4.0000000000,134.7500000000,308.0000000000,2.2857142857,259.0500000000,253.3000000000,TAKE_PROFIT_BRACKET,130,308.0000000000,7.8632400000,0.5390000000,8.4022400000,299.5977600000,77.0000000000,1.9658100000,0.1347500000,2.1005600000,74.8994400000
AMD,AMD,QQQ,2026-04-15 12:47:00-04:00,2026-04-15 12:48:00-04:00,2026-04-15 15:32:00-04:00,LONG,-2.8584324134,253.2000000000,255.6202299190,631.6900000000,631.6839551447,255.6221038860,253.2300000000,253.2806460000,257.2300000000,257.1785540000,78,19755.8903880000,1.7500000000,4.0000000000,136.5000000000,312.0000000000,2.2857142857,251.4800000000,257.2300000000,TAKE_PROFIT_BRACKET,164,312.0000000000,7.9631760000,0.5460000000,8.5091760000,303.4908240000,78.0000000000,1.9907940000,0.1365000000,2.1272940000,75.8727060000
AMD,AMD,QQQ,2026-04-15 15:32:00-04:00,2026-04-15 15:33:00-04:00,2026-04-15 15:59:00-04:00,SHORT,2.6268745955,257.3100000000,255.2640373632,636.6900000000,632.6159325303,256.5234219653,257.3100000000,257.2585380000,258.1100000000,258.1616220000,77,19808.9074260000,1.7500000000,4.0000000000,134.7500000000,308.0000000000,2.2857142857,259.0600000000,253.3100000000,FORCED_EOD,26,-61.6000000000,7.9374680000,0.5390000000,8.4764680000,-70.0764680000,-15.4000000000,1.9843670000,0.1347500000,2.1191170000,-17.5191170000
AMD,AMD,QQQ,2026-04-16 12:33:00-04:00,2026-04-16 12:34:00-04:00,2026-04-16 14:07:00-04:00,LONG,-3.4941700373,275.6700000000,270.6911076158,639.2300000000,638.7731263500,270.7298292305,275.7000000000,275.7551400000,273.9500000000,273.8952100000,72,19854.3700800000,1.7500000000,4.0000000000,126.0000000000,288.0000000000,2.2857142857,273.9500000000,279.7000000000,STOP,93,-126.0000000000,7.9149600000,0.5040000000,8.4189600000,-134.4189600000,-31.5000000000,1.9787400000,0.1260000000,2.1047400000,-33.6047400000
AMD,AMD,QQQ,2026-04-16 14:07:00-04:00,2026-04-16 14:08:00-04:00,2026-04-16 15:42:00-04:00,LONG,-2.8404797888,273.4700000000,271.7979396521,638.7792000000,639.0880688257,271.7716678706,273.4400000000,273.4946880000,277.4400000000,277.3845120000,73,19965.1122240000,1.7500000000,4.0000000000,127.7500000000,292.0000000000,2.2857142857,271.6900000000,277.4400000000,TAKE_PROFIT_BRACKET,94,292.0000000000,8.0428480000,0.5110000000,8.5538480000,283.4461520000,73.0000000000,2.0107120000,0.1277500000,2.1384620000,70.8615380000
AMD,AMD,QQQ,2026-04-16 15:43:00-04:00,2026-04-16 15:44:00-04:00,2026-04-16 15:59:00-04:00,SHORT,2.5531055607,277.5100000000,272.2253240032,640.1699000000,639.0545104828,272.3203510369,277.4950000000,277.4395010000,278.2600000000,278.3156520000,72,19975.6440720000,1.7500000000,4.0000000000,126.0000000000,288.0000000000,2.2857142857,279.2450000000,273.4950000000,FORCED_EOD,15,-55.0800000000,8.0028720000,0.5040000000,8.5068720000,-63.5868720000,-13.7700000000,2.0007180000,0.1260000000,2.1267180000,-15.8967180000
AMD,AMD,QQQ,2026-04-17 12:13:00-04:00,2026-04-17 12:14:00-04:00,2026-04-17 15:59:00-04:00,SHORT,3.0085856971,278.8900000000,277.4845340361,649.1201000000,647.6257866116,277.6125860263,278.8900000000,278.8342220000,278.2800000000,278.3356560000,71,19797.2297620000,1.7500000000,4.0000000000,124.2500000000,284.0000000000,2.2857142857,280.6400000000,274.8900000000,FORCED_EOD,225,43.3100000000,7.9118140000,0.4970000000,8.4088140000,34.9011860000,10.8275000000,1.9779535000,0.1242500000,2.1022035000,8.7252965000
AMD,AMD,QQQ,2026-04-20 11:06:00-04:00,2026-04-20 11:07:00-04:00,2026-04-20 15:00:00-04:00,LONG,-2.5515011009,272.4500000000,279.5783774588,642.8900000000,646.0436016810,279.3054302958,272.4800000000,272.5344960000,276.4800000000,276.4247040000,73,19895.0182080000,1.7500000000,4.0000000000,127.7500000000,292.0000000000,2.2857142857,270.7300000000,276.4800000000,TAKE_PROFIT_BRACKET,233,292.0000000000,8.0148160000,0.5110000000,8.5258160000,283.4741840000,73.0000000000,2.0037040000,0.1277500000,2.1314540000,70.8685460000
AMD,AMD,QQQ,2026-04-20 15:52:00-04:00,2026-04-20 15:53:00-04:00,2026-04-20 15:59:00-04:00,LONG,-2.8689162497,274.2100000000,277.0052230667,646.0000000000,645.7779178617,277.0242754098,274.2600000000,274.3148520000,274.9400000000,274.8850120000,72,19750.6693440000,1.7500000000,4.0000000000,126.0000000000,288.0000000000,2.2857142857,272.5100000000,278.2600000000,FORCED_EOD,6,48.9600000000,7.9084800000,0.5040000000,8.4124800000,40.5475200000,12.2400000000,1.9771200000,0.1260000000,2.1031200000,10.1368800000
AMD,AMD,QQQ,2026-04-21 10:57:00-04:00,2026-04-21 10:58:00-04:00,2026-04-21 11:19:00-04:00,LONG,-2.7271395799,277.9650000000,279.7569274823,647.4200000000,648.2680604384,279.5797066906,277.9350000000,277.9905870000,281.9350000000,281.8786130000,71,19737.3316770000,1.7500000000,4.0000000000,124.2500000000,284.0000000000,2.2857142857,276.1850000000,281.9350000000,TAKE_PROFIT_BRACKET,21,284.0000000000,7.9501540000,0.4970000000,8.4471540000,275.5528460000,71.0000000000,1.9875385000,0.1242500000,2.1117885000,68.8882115000
AMD,AMD,QQQ,2026-04-21 14:11:00-04:00,2026-04-21 14:12:00-04:00,2026-04-21 15:59:00-04:00,SHORT,2.6873550054,284.5400000000,280.9283840931,646.0900000000,646.8664982730,280.7650852531,284.5500000000,284.4930900000,284.4200000000,284.4768840000,70,19914.5163000000,1.7500000000,4.0000000000,122.5000000000,280.0000000000,2.2857142857,286.3000000000,280.5500000000,FORCED_EOD,107,9.1000000000,7.9655800000,0.4900000000,8.4555800000,0.6444200000,2.2750000000,1.9913950000,0.1225000000,2.1138950000,0.1611050000
AMD,AMD,QQQ,2026-04-22 10:22:00-04:00,2026-04-22 10:23:00-04:00,2026-04-22 10:26:00-04:00,SHORT,2.6912031747,292.9550000000,289.3742290117,652.1000000000,650.1121418815,289.5511938377,292.9550000000,292.8964090000,294.7050000000,294.7639410000,68,19916.9558120000,1.7500000000,4.0000000000,119.0000000000,272.0000000000,2.2857142857,294.7050000000,288.9550000000,STOP,3,-119.0000000000,7.9921760000,0.4760000000,8.4681760000,-127.4681760000,-29.7500000000,1.9980440000,0.1190000000,2.1170440000,-31.8670440000
AMD,AMD,QQQ,2026-04-22 10:26:00-04:00,2026-04-22 10:27:00-04:00,2026-04-22 11:08:00-04:00,SHORT,2.6437078122,294.4800000000,289.8091226805,652.4600000000,650.2147326459,290.0092716249,294.4800000000,294.4211040000,296.2300000000,296.2892460000,67,19726.2139680000,1.7500000000,4.0000000000,117.2500000000,268.0000000000,2.2857142857,296.2300000000,290.4800000000,STOP,41,-117.2500000000,7.9155140000,0.4690000000,8.3845140000,-125.6345140000,-29.3125000000,1.9788785000,0.1172500000,2.0961285000,-31.4086285000
AMD,AMD,QQQ,2026-04-22 13:00:00-04:00,2026-04-22 13:01:00-04:00,2026-04-22 13:27:00-04:00,SHORT,2.8344104100,298.8837000000,293.4456744223,652.4900000000,651.5606681894,293.5293837108,298.9100000000,298.8502180000,300.6600000000,300.7201320000,66,19724.1143880000,1.7500000000,4.0000000000,115.5000000000,264.0000000000,2.2857142857,300.6600000000,294.9100000000,STOP,26,-115.5000000000,7.9143240000,0.4620000000,8.3763240000,-123.8763240000,-28.8750000000,1.9785810000,0.1155000000,2.0940810000,-30.9690810000
AMD,AMD,QQQ,2026-04-22 14:17:00-04:00,2026-04-22 14:18:00-04:00,2026-04-22 15:22:00-04:00,LONG,-2.8651437703,299.4800000000,295.0683751763,653.4000000000,652.0095180299,295.1942283255,299.5000000000,299.5599000000,303.5000000000,303.4393000000,66,19770.9534000000,1.7500000000,4.0000000000,115.5000000000,264.0000000000,2.2857142857,297.7500000000,303.5000000000,TAKE_PROFIT_BRACKET,64,264.0000000000,7.9596000000,0.4620000000,8.4216000000,255.5784000000,66.0000000000,1.9899000000,0.1155000000,2.1054000000,63.8946000000
AMD,AMD,QQQ,2026-04-23 11:12:00-04:00,2026-04-23 11:13:00-04:00,2026-04-23 13:15:00-04:00,SHORT,2.6363504639,309.0901000000,304.4211141367,656.2401000000,654.0754268759,305.8003920584,309.2100000000,309.1481580000,305.2100000000,305.2710420000,64,19785.4821120000,1.7500000000,4.0000000000,112.0000000000,256.0000000000,2.2857142857,310.9600000000,305.2100000000,TAKE_PROFIT_BRACKET,122,256.0000000000,7.8645760000,0.4480000000,8.3125760000,247.6874240000,64.0000000000,1.9661440000,0.1120000000,2.0781440000,61.9218560000
AMD,AMD,QQQ,2026-04-23 13:15:00-04:00,2026-04-23 13:16:00-04:00,2026-04-23 13:30:00-04:00,LONG,-3.4662826003,305.0850000000,305.9661535964,651.1600000000,654.4120214502,303.8845978737,305.1200000000,305.1810240000,303.3700000000,303.3093260000,65,19836.7665600000,1.7500000000,4.0000000000,113.7500000000,260.0000000000,2.2857142857,303.3700000000,309.1200000000,STOP,14,-113.7500000000,7.9103700000,0.4550000000,8.3653700000,-122.1153700000,-28.4375000000,1.9775925000,0.1137500000,2.0913425000,-30.5288425000
AMD,AMD,QQQ,2026-04-23 13:30:00-04:00,2026-04-23 13:31:00-04:00,2026-04-23 13:42:00-04:00,LONG,-2.7082439615,303.3000000000,305.8845490830,650.2200000000,653.9146836308,303.5184864936,303.3000000000,303.3606600000,301.5500000000,301.4896900000,65,19718.4429000000,1.7500000000,4.0000000000,113.7500000000,260.0000000000,2.2857142857,301.5500000000,307.3000000000,STOP,11,-113.7500000000,7.8630500000,0.4550000000,8.3180500000,-122.0680500000,-28.4375000000,1.9657625000,0.1137500000,2.0795125000,-30.5170125000
AMD,AMD,QQQ,2026-04-24 12:51:00-04:00,2026-04-24 12:52:00-04:00,2026-04-24 13:21:00-04:00,LONG,-3.4740581607,348.9260000000,345.5205912194,663.0200000000,660.2594060095,347.6654181827,348.9300000000,348.9997860000,347.1800000000,347.1105640000,57,19892.9878020000,1.7500000000,4.0000000000,99.7500000000,228.0000000000,2.2857142857,347.1800000000,352.9300000000,STOP,29,-99.7500000000,7.9356540000,0.3990000000,8.3346540000,-108.0846540000,-24.9375000000,1.9839135000,0.0997500000,2.0836635000,-27.0211635000
AMD,AMD,QQQ,2026-04-24 15:03:00-04:00,2026-04-24 15:04:00-04:00,2026-04-24 15:59:00-04:00,LONG,-2.5102183994,345.7307000000,345.9089454134,663.4500000000,661.0419587227,347.7797441970,345.7150000000,345.7841430000,347.7600000000,347.6904480000,57,19709.6961510000,1.7500000000,4.0000000000,99.7500000000,228.0000000000,2.2857142857,343.9650000000,349.7150000000,FORCED_EOD,55,116.5650000000,7.9056150000,0.3990000000,8.3046150000,108.2603850000,29.1412500000,1.9764037500,0.0997500000,2.0761537500,27.0650962500
AMD,AMD,QQQ,2026-04-27 11:32:00-04:00,2026-04-27 11:33:00-04:00,2026-04-27 13:47:00-04:00,LONG,-2.8257010254,332.6000000000,335.4753786888,661.7900000000,662.4125869642,334.2141550847,332.6000000000,332.6665200000,336.6000000000,336.5326800000,60,19959.9912000000,1.7500000000,4.0000000000,105.0000000000,240.0000000000,2.2857142857,330.8500000000,336.6000000000,TAKE_PROFIT_BRACKET,134,240.0000000000,8.0304000000,0.4200000000,8.4504000000,231.5496000000,60.0000000000,2.0076000000,0.1050000000,2.1126000000,57.8874000000
AMD,AMD,QQQ,2026-04-27 14:25:00-04:00,2026-04-27 14:26:00-04:00,2026-04-27 15:59:00-04:00,SHORT,2.7900702812,336.3500000000,334.9969561859,663.8100000000,662.7482066352,337.1437597035,336.3000000000,336.2327400000,334.4800000000,334.5468960000,59,19837.7316600000,1.7500000000,4.0000000000,103.2500000000,236.0000000000,2.2857142857,338.0500000000,332.3000000000,FORCED_EOD,93,107.3800000000,7.9152040000,0.4130000000,8.3282040000,99.0517960000,26.8450000000,1.9788010000,0.1032500000,2.0820510000,24.7629490000
AMD,AMD,QQQ,2026-04-28 12:43:00-04:00,2026-04-28 12:44:00-04:00,2026-04-28 12:53:00-04:00,SHORT,2.8199654520,320.1900000000,320.7570003748,654.3200000000,656.2952097328,316.8955530284,320.2400000000,320.1759520000,321.9900000000,322.0543980000,62,19850.9090240000,1.7500000000,4.0000000000,108.5000000000,248.0000000000,2.2857142857,321.9900000000,316.2400000000,STOP,9,-108.5000000000,7.9636520000,0.4340000000,8.3976520000,-116.8976520000,-27.1250000000,1.9909130000,0.1085000000,2.0994130000,-29.2244130000
AMD,AMD,QQQ,2026-04-28 14:18:00-04:00,2026-04-28 14:19:00-04:00,2026-04-28 15:50:00-04:00,LONG,-2.8854057385,324.8100000000,321.1062472328,657.3300000000,656.2477060512,323.2245409509,324.8300000000,324.8949660000,323.0800000000,323.0153840000,61,19818.5929260000,1.7500000000,4.0000000000,106.7500000000,244.0000000000,2.2857142857,323.0800000000,328.8300000000,STOP,91,-106.7500000000,7.9045020000,0.4270000000,8.3315020000,-115.0815020000,-26.6875000000,1.9761255000,0.1067500000,2.0828755000,-28.7703755000
AMD,AMD,QQQ,2026-04-28 15:50:00-04:00,2026-04-28 15:51:00-04:00,2026-04-28 15:59:00-04:00,LONG,-3.5063156850,323.1800000000,321.6421663813,657.9400000000,656.5705326353,324.3256767008,323.0600000000,323.1246120000,323.1100000000,323.0453780000,61,19710.6013320000,1.7500000000,4.0000000000,106.7500000000,244.0000000000,2.2857142857,321.3100000000,327.0600000000,FORCED_EOD,8,3.0500000000,7.8832740000,0.4270000000,8.3102740000,-5.2602740000,0.7625000000,1.9708185000,0.1067500000,2.0775685000,-1.3150685000
AMD,AMD,QQQ,2026-04-29 10:17:00-04:00,2026-04-29 10:18:00-04:00,2026-04-29 10:24:00-04:00,SHORT,2.7126955874,324.3100000000,321.7623779080,658.8300000000,658.0900251724,323.2095723708,324.2401000000,324.1752519800,325.9901000000,326.0552980200,61,19774.6903707800,1.7500000000,4.0000000000,106.7500000000,244.0000000000,2.2857142857,325.9901000000,320.2401000000,STOP,6,-106.7500000000,7.9328084400,0.4270000000,8.3598084400,-115.1098084400,-26.6875000000,1.9832021100,0.1067500000,2.0899521100,-28.7774521100
AMD,AMD,QQQ,2026-04-29 11:25:00-04:00,2026-04-29 11:26:00-04:00,2026-04-29 11:38:00-04:00,LONG,-2.6054572424,328.9600000000,326.4349045952,660.2500000000,659.1671572497,328.5799002371,328.9000000000,328.9657800000,327.1500000000,327.0845700000,60,19737.9468000000,1.7500000000,4.0000000000,105.0000000000,240.0000000000,2.2857142857,327.1500000000,332.9000000000,STOP,12,-105.0000000000,7.8726000000,0.4200000000,8.2926000000,-113.2926000000,-26.2500000000,1.9681500000,0.1050000000,2.0731500000,-28.3231500000
AMD,AMD,QQQ,2026-04-29 12:30:00-04:00,2026-04-29 12:31:00-04:00,2026-04-29 12:37:00-04:00,SHORT,2.6131636716,327.6300000000,326.6829595189,657.9150000000,659.3026424895,323.9326647316,327.5200000000,327.4544960000,329.2700000000,329.3358540000,61,19974.7242560000,1.7500000000,4.0000000000,106.7500000000,244.0000000000,2.2857142857,329.2700000000,323.5200000000,STOP,6,-106.7500000000,8.0128380000,0.4270000000,8.4398380000,-115.1898380000,-26.6875000000,2.0032095000,0.1067500000,2.1099595000,-28.7974595000
AMD,AMD,QQQ,2026-04-29 12:37:00-04:00,2026-04-29 12:38:00-04:00,2026-04-29 12:56:00-04:00,SHORT,2.7610472374,329.2400000000,326.7219386415,657.4950000000,659.2415753158,323.2595085125,329.2601000000,329.1942479800,331.0101000000,331.0763020200,60,19751.6548788000,1.7500000000,4.0000000000,105.0000000000,240.0000000000,2.2857142857,331.0101000000,325.2601000000,STOP,18,-105.0000000000,7.9232424000,0.4200000000,8.3432424000,-113.3432424000,-26.2500000000,1.9808106000,0.1050000000,2.0858106000,-28.3358106000
AMD,AMD,QQQ,2026-04-29 14:02:00-04:00,2026-04-29 14:03:00-04:00,2026-04-29 14:36:00-04:00,SHORT,2.9809654636,335.2880000000,327.7570581281,658.7800000000,659.1347320661,327.0514910701,335.2000000000,335.1329600000,336.9500000000,337.0173900000,59,19772.8446400000,1.7500000000,4.0000000000,103.2500000000,236.0000000000,2.2857142857,336.9500000000,331.2000000000,STOP,33,-103.2500000000,7.9313700000,0.4130000000,8.3443700000,-111.5943700000,-25.8125000000,1.9828425000,0.1032500000,2.0860925000,-27.8985925000
AMD,AMD,QQQ,2026-04-29 14:57:00-04:00,2026-04-29 14:58:00-04:00,2026-04-29 15:59:00-04:00,LONG,-2.7494482659,337.3789000000,328.9163457402,660.3702000000,659.0988382384,331.4541846224,337.4350000000,337.5024870000,337.0600000000,336.9925880000,59,19912.6467330000,1.7500000000,4.0000000000,103.2500000000,236.0000000000,2.2857142857,335.6850000000,341.4350000000,FORCED_EOD,61,-22.1250000000,7.9590410000,0.4130000000,8.3720410000,-30.4970410000,-5.5312500000,1.9897602500,0.1032500000,2.0930102500,-7.6242602500
AMD,AMD,QQQ,2026-04-30 12:40:00-04:00,2026-04-30 12:41:00-04:00,2026-04-30 13:30:00-04:00,SHORT,3.1044448801,350.9350000000,343.3656845944,663.6400000000,661.2094819220,348.4143508740,350.9350000000,350.8648130000,352.6850000000,352.7555370000,57,19999.2943410000,1.7500000000,4.0000000000,99.7500000000,228.0000000000,2.2857142857,352.6850000000,346.9350000000,STOP,49,-99.7500000000,8.0212680000,0.3990000000,8.4202680000,-108.1702680000,-24.9375000000,2.0053170000,0.0997500000,2.1050670000,-27.0425670000
AMD,AMD,QQQ,2026-04-30 13:30:00-04:00,2026-04-30 13:31:00-04:00,2026-04-30 15:59:00-04:00,LONG,-2.6353762999,352.5400000000,344.2266878768,665.5400000000,661.5854238898,352.4570423388,352.5450000000,352.6155090000,354.3500000000,354.2791300000,56,19746.4685040000,1.7500000000,4.0000000000,98.0000000000,224.0000000000,2.2857142857,350.7950000000,356.5450000000,FORCED_EOD,148,101.0800000000,7.9172240000,0.3920000000,8.3092240000,92.7707760000,25.2700000000,1.9793060000,0.0980000000,2.0773060000,23.1926940000
AMD,AMD,QQQ,2026-05-01 10:41:00-04:00,2026-05-01 10:42:00-04:00,2026-05-01 11:15:00-04:00,SHORT,2.8388392471,352.0700000000,353.8673412977,672.9000000000,673.4619361412,352.6862747067,352.0000000000,351.9296000000,353.7500000000,353.8207500000,56,19708.0576000000,1.7500000000,4.0000000000,98.0000000000,224.0000000000,2.2857142857,353.7500000000,348.0000000000,STOP,33,-98.0000000000,7.9044000000,0.3920000000,8.2964000000,-106.2964000000,-24.5000000000,1.9761000000,0.0980000000,2.0741000000,-26.5741000000
AMD,AMD,QQQ,2026-05-01 12:08:00-04:00,2026-05-01 12:09:00-04:00,2026-05-01 12:19:00-04:00,SHORT,2.6848389807,355.4100000000,353.7933557326,674.5600000000,673.8823607263,355.2164187868,355.4100000000,355.3389180000,357.1600000000,357.2314320000,56,19898.9794080000,1.7500000000,4.0000000000,98.0000000000,224.0000000000,2.2857142857,357.1600000000,351.4100000000,STOP,10,-98.0000000000,7.9807840000,0.3920000000,8.3727840000,-106.3727840000,-24.5000000000,1.9951960000,0.0980000000,2.0931960000,-26.5931960000
AMD,AMD,QQQ,2026-05-01 15:01:00-04:00,2026-05-01 15:02:00-04:00,2026-05-01 15:18:00-04:00,LONG,-3.0115770159,357.4200000000,356.2401872685,674.0200000000,674.0230491592,356.2337410020,357.4200000000,357.4914840000,361.4200000000,361.3477160000,55,19662.0316200000,1.7500000000,4.0000000000,96.2500000000,220.0000000000,2.2857142857,355.6700000000,361.4200000000,TAKE_PROFIT_BRACKET,16,220.0000000000,7.9072400000,0.3850000000,8.2922400000,211.7077600000,55.0000000000,1.9768100000,0.0962500000,2.0730600000,52.9269400000
AMD,AMD,QQQ,2026-05-01 15:57:00-04:00,2026-05-01 15:58:00-04:00,2026-05-01 15:59:00-04:00,SHORT,2.5283696331,360.6550000000,356.8469138544,674.1100000000,674.1253325476,356.8144488392,360.6700000000,360.5978660000,360.5500000000,360.6221100000,55,19832.8826300000,1.7500000000,4.0000000000,96.2500000000,220.0000000000,2.2857142857,362.4200000000,356.6700000000,FORCED_EOD,1,6.6000000000,7.9334200000,0.3850000000,8.3184200000,-1.7184200000,1.6500000000,1.9833550000,0.0962500000,2.0796050000,-0.4296050000
AMD,AMD,QQQ,2026-05-04 12:07:00-04:00,2026-05-04 12:08:00-04:00,2026-05-04 12:50:00-04:00,SHORT,2.9695784696,340.5650000000,347.4508222998,669.8900000000,674.0586105325,338.8558002365,340.5000000000,340.4319000000,342.2500000000,342.3184500000,58,19745.0502000000,1.7500000000,4.0000000000,101.5000000000,232.0000000000,2.2857142857,342.2500000000,336.5000000000,STOP,42,-101.5000000000,7.9199000000,0.4060000000,8.3259000000,-109.8259000000,-25.3750000000,1.9799750000,0.1015000000,2.0814750000,-27.4564750000
AMD,AMD,QQQ,2026-05-04 14:24:00-04:00,2026-05-04 14:25:00-04:00,2026-05-04 15:59:00-04:00,SHORT,2.6379250413,343.9300000000,346.2283809485,672.4300000000,673.2793273109,344.4813424886,343.9500000000,343.8812100000,341.4900000000,341.5582980000,58,19945.1101800000,1.7500000000,4.0000000000,101.5000000000,232.0000000000,2.2857142857,345.7000000000,339.9500000000,FORCED_EOD,94,142.6800000000,7.9511040000,0.4060000000,8.3571040000,134.3228960000,35.6700000000,1.9877760000,0.1015000000,2.0892760000,33.5807240000
AMD,AMD,QQQ,2026-05-05 14:03:00-04:00,2026-05-05 14:04:00-04:00,2026-05-05 15:23:00-04:00,SHORT,3.4996814717,358.3500000000,351.6549778115,682.2600000000,680.7461322726,354.7830697498,358.2900000000,358.2183420000,354.2900000000,354.3608580000,55,19702.0088100000,1.7500000000,4.0000000000,96.2500000000,220.0000000000,2.2857142857,360.0400000000,354.2900000000,TAKE_PROFIT_BRACKET,79,220.0000000000,7.8383800000,0.3850000000,8.2233800000,211.7766200000,55.0000000000,1.9595950000,0.0962500000,2.0558450000,52.9441550000
AMD,AMD,QQQ,2026-05-05 15:23:00-04:00,2026-05-05 15:24:00-04:00,2026-05-05 15:40:00-04:00,LONG,-3.1105103237,353.4500000000,352.7192930250,682.3700000000,681.0331412502,355.4888256338,353.4990000000,353.5696998000,357.4990000000,357.4275002000,56,19799.9031888000,1.7500000000,4.0000000000,98.0000000000,224.0000000000,2.2857142857,351.7490000000,357.4990000000,TAKE_PROFIT_BRACKET,16,224.0000000000,7.9631776000,0.3920000000,8.3551776000,215.6448224000,56.0000000000,1.9907944000,0.0980000000,2.0887944000,53.9112056000
AMD,AMD,QQQ,2026-05-06 11:20:00-04:00,2026-05-06 11:21:00-04:00,2026-05-06 11:30:00-04:00,SHORT,2.7539543558,416.1800000000,415.2703436590,692.1100000000,689.5853818144,421.3516736245,416.0300000000,415.9467940000,417.7800000000,417.8635560000,48,19965.4461120000,1.7500000000,4.0000000000,84.0000000000,192.0000000000,2.2857142857,417.7800000000,412.0300000000,STOP,9,-84.0000000000,8.0045760000,0.3360000000,8.3405760000,-92.3405760000,-21.0000000000,2.0011440000,0.0840000000,2.0851440000,-23.0851440000
AMD,AMD,QQQ,2026-05-06 13:57:00-04:00,2026-05-06 13:58:00-04:00,2026-05-06 14:08:00-04:00,SHORT,2.5887754706,416.2150000000,415.0979594768,692.8300000000,690.5246398039,420.6412826725,416.2150000000,416.1317570000,417.9650000000,418.0485930000,48,19974.3243360000,1.7500000000,4.0000000000,84.0000000000,192.0000000000,2.2857142857,417.9650000000,412.2150000000,STOP,10,-84.0000000000,8.0081280000,0.3360000000,8.3441280000,-92.3441280000,-21.0000000000,2.0020320000,0.0840000000,2.0860320000,-23.0860320000
AMD,AMD,QQQ,2026-05-06 14:08:00-04:00,2026-05-06 14:09:00-04:00,2026-05-06 14:29:00-04:00,SHORT,2.9006883395,418.3625000000,415.1319928490,693.1800000000,690.5887630365,421.3626494839,418.2941000000,418.2104411800,420.0441000000,420.1281088200,47,19655.8907354600,1.7500000000,4.0000000000,82.2500000000,188.0000000000,2.2857142857,420.0441000000,414.2941000000,STOP,20,-82.2500000000,7.8803790800,0.3290000000,8.2093790800,-90.4593790800,-20.5625000000,1.9700947700,0.0822500000,2.0523447700,-22.6148447700
AMD,AMD,QQQ,2026-05-06 14:29:00-04:00,2026-05-06 14:30:00-04:00,2026-05-06 14:35:00-04:00,SHORT,2.6569868335,420.0000000000,415.2390033245,693.6300000000,690.7122893432,422.2552228637,420.0800000000,419.9959840000,421.8300000000,421.9143660000,47,19739.8112480000,1.7500000000,4.0000000000,82.2500000000,188.0000000000,2.2857142857,421.8300000000,416.0800000000,STOP,5,-82.2500000000,7.9139540000,0.3290000000,8.2429540000,-90.4929540000,-20.5625000000,1.9784885000,0.0822500000,2.0607385000,-22.6232385000
AMD,AMD,QQQ,2026-05-07 10:02:00-04:00,2026-05-07 10:03:00-04:00,2026-05-07 10:12:00-04:00,LONG,-2.5733256858,411.9100000000,414.8434993851,697.5200000000,696.6870921140,416.8273249850,411.9800000000,412.0623960000,415.9800000000,415.8968040000,48,19778.9950080000,1.7500000000,4.0000000000,84.0000000000,192.0000000000,2.2857142857,410.2300000000,415.9800000000,TAKE_PROFIT_BRACKET,9,192.0000000000,7.9484160000,0.3360000000,8.2844160000,183.7155840000,48.0000000000,1.9871040000,0.0840000000,2.0711040000,45.9288960000
AMD,AMD,QQQ,2026-05-07 10:56:00-04:00,2026-05-07 10:57:00-04:00,2026-05-07 11:00:00-04:00,LONG,-2.6037638437,415.5200000000,416.4128479151,700.9200000000,698.1492141076,423.0234166651,415.4600000000,415.5430920000,413.7100000000,413.6272580000,48,19946.0684160000,1.7500000000,4.0000000000,84.0000000000,192.0000000000,2.2857142857,413.7100000000,419.4600000000,STOP,3,-84.0000000000,7.9600320000,0.3360000000,8.2960320000,-92.2960320000,-21.0000000000,1.9900080000,0.0840000000,2.0740080000,-23.0740080000
AMD,AMD,QQQ,2026-05-07 11:59:00-04:00,2026-05-07 12:00:00-04:00,2026-05-07 12:15:00-04:00,SHORT,2.6456209601,407.2750000000,414.6365742321,697.3650000000,698.4712202176,412.0098125383,407.4000000000,407.3185200000,403.4000000000,403.4806800000,49,19958.6074800000,1.7500000000,4.0000000000,85.7500000000,196.0000000000,2.2857142857,409.1500000000,403.4000000000,TAKE_PROFIT_BRACKET,15,196.0000000000,7.9458400000,0.3430000000,8.2888400000,187.7111600000,49.0000000000,1.9864600000,0.0857500000,2.0722100000,46.9277900000
AMD,AMD,QQQ,2026-05-07 13:26:00-04:00,2026-05-07 13:27:00-04:00,2026-05-07 13:29:00-04:00,SHORT,2.9755761474,401.8600000000,411.7969821682,692.5000000000,697.2738626511,400.5195639927,401.8000000000,401.7196400000,403.5500000000,403.6307100000,49,19684.2623600000,1.7500000000,4.0000000000,85.7500000000,196.0000000000,2.2857142857,403.5500000000,397.8000000000,STOP,2,-85.7500000000,7.8924300000,0.3430000000,8.2354300000,-93.9854300000,-21.4375000000,1.9731075000,0.0857500000,2.0588575000,-23.4963575000
AMD,AMD,QQQ,2026-05-07 13:29:00-04:00,2026-05-07 13:30:00-04:00,2026-05-07 13:32:00-04:00,SHORT,2.6654404670,403.4900000000,411.6743150593,693.0750000000,697.1873928209,401.9611933637,403.4400000000,403.3593120000,405.1900000000,405.2710380000,49,19764.6062880000,1.7500000000,4.0000000000,85.7500000000,196.0000000000,2.2857142857,405.1900000000,399.4400000000,STOP,2,-85.7500000000,7.9245740000,0.3430000000,8.2675740000,-94.0175740000,-21.4375000000,1.9811435000,0.0857500000,2.0668935000,-23.5043935000
AMD,AMD,QQQ,2026-05-07 13:33:00-04:00,2026-05-07 13:34:00-04:00,2026-05-07 13:36:00-04:00,SHORT,2.5507522596,404.0901000000,411.6055990453,693.0710000000,697.1318877619,402.0149653689,404.3600000000,404.2791280000,406.1100000000,406.1912220000,49,19809.6772720000,1.7500000000,4.0000000000,85.7500000000,196.0000000000,2.2857142857,406.1100000000,400.3600000000,STOP,2,-85.7500000000,7.9426060000,0.3430000000,8.2856060000,-94.0356060000,-21.4375000000,1.9856515000,0.0857500000,2.0714015000,-23.5089015000
AMD,AMD,QQQ,2026-05-07 15:50:00-04:00,2026-05-07 15:51:00-04:00,2026-05-07 15:59:00-04:00,LONG,-2.6342261663,408.9400000000,410.4631308001,695.1900000000,696.1102616962,408.2925924945,408.9100000000,408.9917820000,408.3100000000,408.2283380000,48,19631.6055360000,1.7500000000,4.0000000000,84.0000000000,192.0000000000,2.2857142857,407.1600000000,412.9100000000,FORCED_EOD,8,-28.8000000000,7.8453120000,0.3360000000,8.1813120000,-36.9813120000,-7.2000000000,1.9613280000,0.0840000000,2.0453280000,-9.2453280000
AMD,AMD,QQQ,2026-05-08 11:43:00-04:00,2026-05-08 11:44:00-04:00,2026-05-08 11:52:00-04:00,SHORT,3.0623728329,438.9700000000,432.6476312896,707.0900000000,705.3584529004,436.8959662916,438.8006000000,438.7128398800,440.5506000000,440.6387101200,45,19742.0777946000,1.7500000000,4.0000000000,78.7500000000,180.0000000000,2.2857142857,440.5506000000,434.8006000000,STOP,8,-78.7500000000,7.9141608000,0.3150000000,8.2291608000,-86.9791608000,-19.6875000000,1.9785402000,0.0787500000,2.0572902000,-21.7447902000
AMD,AMD,QQQ,2026-05-08 11:52:00-04:00,2026-05-08 11:53:00-04:00,2026-05-08 11:54:00-04:00,SHORT,2.5371112423,440.4800000000,432.9348720199,707.3300000000,705.4528067636,437.5429898458,440.5000000000,440.4119000000,442.2500000000,442.3384500000,45,19818.5355000000,1.7500000000,4.0000000000,78.7500000000,180.0000000000,2.2857142857,442.2500000000,436.5000000000,STOP,1,-78.7500000000,7.9447500000,0.3150000000,8.2597500000,-87.0097500000,-19.6875000000,1.9861875000,0.0787500000,2.0649375000,-21.7524375000
AMD,AMD,QQQ,2026-05-08 11:54:00-04:00,2026-05-08 11:55:00-04:00,2026-05-08 11:57:00-04:00,SHORT,2.8852948169,442.7200000000,433.1104423180,707.7500000000,705.4623793692,438.7282748899,442.7200000000,442.6314560000,444.4700000000,444.5588940000,45,19918.4155200000,1.7500000000,4.0000000000,78.7500000000,180.0000000000,2.2857142857,444.4700000000,438.7200000000,STOP,2,-78.7500000000,7.9847100000,0.3150000000,8.2997100000,-87.0497100000,-19.6875000000,1.9961775000,0.0787500000,2.0749275000,-21.7624275000
AMD,AMD,QQQ,2026-05-08 11:57:00-04:00,2026-05-08 11:58:00-04:00,2026-05-08 12:03:00-04:00,SHORT,2.9761159803,444.4400000000,433.3862693043,707.6900000000,705.4840150617,438.8069085372,444.4100000000,444.3211180000,440.4100000000,440.4980820000,45,19994.4503100000,1.7500000000,4.0000000000,78.7500000000,180.0000000000,2.2857142857,446.1600000000,440.4100000000,TAKE_PROFIT_BRACKET,5,180.0000000000,7.9633800000,0.3150000000,8.2783800000,171.7216200000,45.0000000000,1.9908450000,0.0787500000,2.0695950000,42.9304050000
AMD,AMD,QQQ,2026-05-08 13:46:00-04:00,2026-05-08 13:47:00-04:00,2026-05-08 13:59:00-04:00,SHORT,2.5212572463,448.3000000000,436.4989031155,709.9400000000,706.4718951827,445.0700803071,448.3400000000,448.2503320000,444.3400000000,444.4288680000,44,19723.0146080000,1.7500000000,4.0000000000,77.0000000000,176.0000000000,2.2857142857,450.0900000000,444.3400000000,TAKE_PROFIT_BRACKET,12,176.0000000000,7.8555840000,0.3080000000,8.1635840000,167.8364160000,44.0000000000,1.9638960000,0.0770000000,2.0408960000,41.9591040000
AMD,AMD,QQQ,2026-05-08 15:19:00-04:00,2026-05-08 15:20:00-04:00,2026-05-08 15:44:00-04:00,LONG,-2.5196456586,447.0750000000,438.3245822318,710.1100000000,707.1044502080,445.7769825474,447.0001000000,447.0895000200,451.0001000000,450.9098999800,44,19671.9380008800,1.7500000000,4.0000000000,77.0000000000,176.0000000000,2.2857142857,445.2501000000,451.0001000000,TAKE_PROFIT_BRACKET,24,176.0000000000,7.9024017600,0.3080000000,8.2104017600,167.7895982400,44.0000000000,1.9756004400,0.0770000000,2.0526004400,41.9473995600
AMD,AMD,QQQ,2026-05-08 15:50:00-04:00,2026-05-08 15:51:00-04:00,2026-05-08 15:54:00-04:00,SHORT,2.5392778147,452.3600000000,439.4422929328,710.2950000000,707.3219450881,446.8306460107,452.3800000000,452.2895240000,454.1300000000,454.2208260000,44,19900.7390560000,1.7500000000,4.0000000000,77.0000000000,176.0000000000,2.2857142857,454.1300000000,448.3800000000,STOP,3,-77.0000000000,7.9772880000,0.3080000000,8.2852880000,-85.2852880000,-19.2500000000,1.9943220000,0.0770000000,2.0713220000,-21.3213220000
AMD,AMD,QQQ,2026-05-08 15:54:00-04:00,2026-05-08 15:55:00-04:00,2026-05-08 15:59:00-04:00,SHORT,2.7512450101,454.8000000000,439.7798457962,710.8200000000,707.4001071829,448.2842263891,454.7600000000,454.6690480000,455.0000000000,455.0910000000,43,19550.7690640000,1.7500000000,4.0000000000,75.2500000000,172.0000000000,2.2857142857,456.5100000000,450.7600000000,FORCED_EOD,4,-10.3200000000,7.8239360000,0.3010000000,8.1249360000,-18.4449360000,-2.5800000000,1.9559840000,0.0752500000,2.0312340000,-4.6112340000
AMD,AMD,QQQ,2026-05-11 10:57:00-04:00,2026-05-11 10:58:00-04:00,2026-05-11 11:00:00-04:00,LONG,-2.7178158500,458.0600000000,458.7156039999,712.6200000000,711.6434863316,461.2333931221,458.0000000000,458.0916000000,456.2500000000,456.1587500000,43,19697.9388000000,1.7500000000,4.0000000000,75.2500000000,172.0000000000,2.2857142857,456.2500000000,462.0000000000,STOP,2,-75.2500000000,7.8625500000,0.3010000000,8.1635500000,-83.4135500000,-18.8125000000,1.9656375000,0.0752500000,2.0408875000,-20.8533875000
AMD,AMD,QQQ,2026-05-11 11:00:00-04:00,2026-05-11 11:01:00-04:00,2026-05-11 11:16:00-04:00,LONG,-2.6247492866,456.5500000000,458.6944235094,712.1800000000,711.6539786687,460.0506053536,456.4000000000,456.4912800000,460.4000000000,460.3079200000,43,19629.1250400000,1.7500000000,4.0000000000,75.2500000000,172.0000000000,2.2857142857,454.6500000000,460.4000000000,TAKE_PROFIT_BRACKET,15,172.0000000000,7.8844800000,0.3010000000,8.1854800000,163.8145200000,43.0000000000,1.9711200000,0.0752500000,2.0463700000,40.9536300000
AMD,AMD,QQQ,2026-05-11 12:35:00-04:00,2026-05-11 12:36:00-04:00,2026-05-11 13:19:00-04:00,SHORT,2.9105160660,466.3400000000,459.6712926595,714.1450000000,712.2153261015,464.6530203075,466.2550000000,466.1617490000,462.2550000000,462.3474510000,42,19578.7934580000,1.7500000000,4.0000000000,73.5000000000,168.0000000000,2.2857142857,468.0050000000,462.2550000000,TAKE_PROFIT_BRACKET,43,168.0000000000,7.7994840000,0.2940000000,8.0934840000,159.9065160000,42.0000000000,1.9498710000,0.0735000000,2.0233710000,39.9766290000
AMD,AMD,QQQ,2026-05-11 15:33:00-04:00,2026-05-11 15:34:00-04:00,2026-05-11 15:35:00-04:00,LONG,-2.6992817177,459.2050000000,461.3458968688,712.5400000000,712.6299170710,461.1130530279,459.2250000000,459.3168450000,457.4750000000,457.3835050000,43,19750.6243350000,1.7500000000,4.0000000000,75.2500000000,172.0000000000,2.2857142857,457.4750000000,463.2250000000,STOP,1,-75.2500000000,7.8836200000,0.3010000000,8.1846200000,-83.4346200000,-18.8125000000,1.9709050000,0.0752500000,2.0461550000,-20.8586550000
AMD,AMD,QQQ,2026-05-11 15:36:00-04:00,2026-05-11 15:37:00-04:00,2026-05-11 15:59:00-04:00,LONG,-2.7126922260,457.2000000000,461.3147183519,712.0300000000,712.6250509877,459.7739037065,457.2185000000,457.3099437000,458.9100000000,458.8182180000,43,19664.3275791000,1.7500000000,4.0000000000,75.2500000000,172.0000000000,2.2857142857,455.4685000000,461.2185000000,FORCED_EOD,22,72.7345000000,7.8787051000,0.3010000000,8.1797051000,64.5547949000,18.1836250000,1.9696762750,0.0752500000,2.0449262750,16.1386987250
AMD,AMD,QQQ,2026-05-12 11:26:00-04:00,2026-05-12 11:27:00-04:00,2026-05-12 11:34:00-04:00,SHORT,2.7765658554,437.9700000000,448.4874838957,700.0900000000,705.2408479889,435.3850615895,438.0879000000,438.0002824200,439.8379000000,439.9258675800,45,19710.0127089000,1.7500000000,4.0000000000,78.7500000000,180.0000000000,2.2857142857,439.8379000000,434.0879000000,STOP,7,-78.7500000000,7.9013322000,0.3150000000,8.2163322000,-86.9663322000,-19.6875000000,1.9753330500,0.0787500000,2.0540830500,-21.7415830500
AMD,AMD,QQQ,2026-05-12 11:44:00-04:00,2026-05-12 11:45:00-04:00,2026-05-12 11:49:00-04:00,LONG,-3.0660839035,438.0000000000,447.4962743284,701.2300000000,704.5679343440,439.0161087684,438.1000000000,438.1876200000,436.3500000000,436.2627300000,45,19718.4429000000,1.7500000000,4.0000000000,78.7500000000,180.0000000000,2.2857142857,436.3500000000,442.1000000000,STOP,4,-78.7500000000,7.8700500000,0.3150000000,8.1850500000,-86.9350500000,-19.6875000000,1.9675125000,0.0787500000,2.0462625000,-21.7337625000
AMD,AMD,QQQ,2026-05-12 11:49:00-04:00,2026-05-12 11:50:00-04:00,2026-05-12 11:54:00-04:00,LONG,-2.5647436118,436.5700000000,447.3042513402,700.7900000000,704.5107027259,437.8549348668,436.5000000000,436.5873000000,434.7500000000,434.6630500000,45,19646.4285000000,1.7500000000,4.0000000000,78.7500000000,180.0000000000,2.2857142857,434.7500000000,440.5000000000,STOP,4,-78.7500000000,7.8412500000,0.3150000000,8.1562500000,-86.9062500000,-19.6875000000,1.9603125000,0.0787500000,2.0390625000,-21.7265625000
AMD,AMD,QQQ,2026-05-12 13:12:00-04:00,2026-05-12 13:13:00-04:00,2026-05-12 13:14:00-04:00,SHORT,3.1006765426,433.8509000000,443.0328902054,698.6500000000,702.8431623475,432.4603532104,433.9150000000,433.8282170000,435.6650000000,435.7521330000,46,19956.0979820000,1.7500000000,4.0000000000,80.5000000000,184.0000000000,2.2857142857,435.6650000000,429.9150000000,STOP,1,-80.5000000000,8.0001360000,0.3220000000,8.3221360000,-88.8221360000,-20.1250000000,2.0000340000,0.0805000000,2.0805340000,-22.2055340000
AMD,AMD,QQQ,2026-05-12 13:14:00-04:00,2026-05-12 13:15:00-04:00,2026-05-12 13:20:00-04:00,SHORT,3.1271062231,435.4400000000,442.9603040383,699.0900000000,702.8243645537,433.5458594544,435.3700000000,435.2829260000,437.1200000000,437.2074240000,45,19587.7316700000,1.7500000000,4.0000000000,78.7500000000,180.0000000000,2.2857142857,437.1200000000,431.3700000000,STOP,5,-78.7500000000,7.8524100000,0.3150000000,8.1674100000,-86.9174100000,-19.6875000000,1.9631025000,0.0787500000,2.0418525000,-21.7293525000
AMD,AMD,QQQ,2026-05-12 14:27:00-04:00,2026-05-12 14:28:00-04:00,2026-05-12 14:58:00-04:00,LONG,-2.6468978813,439.0800000000,442.1241616507,702.8850000000,702.4636075563,443.1850438311,439.0400000000,439.1278080000,437.2900000000,437.2025420000,45,19760.7513600000,1.7500000000,4.0000000000,78.7500000000,180.0000000000,2.2857142857,437.2900000000,443.0400000000,STOP,30,-78.7500000000,7.8869700000,0.3150000000,8.2019700000,-86.9519700000,-19.6875000000,1.9717425000,0.0787500000,2.0504925000,-21.7379925000
AMD,AMD,QQQ,2026-05-12 14:58:00-04:00,2026-05-12 14:59:00-04:00,2026-05-12 15:19:00-04:00,LONG,-2.6758871752,437.1300000000,441.9999516231,702.1950000000,702.4697407746,441.3084746696,437.2501000000,437.3375500200,441.2501000000,441.1618499800,45,19680.1897509000,1.7500000000,4.0000000000,78.7500000000,180.0000000000,2.2857142857,435.5001000000,441.2501000000,TAKE_PROFIT_BRACKET,20,180.0000000000,7.9065018000,0.3150000000,8.2215018000,171.7784982000,45.0000000000,1.9766254500,0.0787500000,2.0553754500,42.9446245500
AMD,AMD,QQQ,2026-05-13 11:05:00-04:00,2026-05-13 11:06:00-04:00,2026-05-13 11:15:00-04:00,SHORT,2.6561719233,446.2350000000,442.1114056293,710.8600000000,708.3705950963,448.3261994604,446.2350000000,446.1457530000,447.9850000000,448.0745970000,44,19630.4131320000,1.7500000000,4.0000000000,77.0000000000,176.0000000000,2.2857142857,447.9850000000,442.2350000000,STOP,9,-77.0000000000,7.8691360000,0.3080000000,8.1771360000,-85.1771360000,-19.2500000000,1.9672840000,0.0770000000,2.0442840000,-21.2942840000
AMD,AMD,QQQ,2026-05-13 12:28:00-04:00,2026-05-13 12:29:00-04:00,2026-05-13 14:58:00-04:00,LONG,-2.5579275889,447.9250000000,443.3292321999,713.7100000000,709.3698077685,454.1790544987,448.0400000000,448.1296080000,446.2900000000,446.2007420000,44,19717.7027520000,1.7500000000,4.0000000000,77.0000000000,176.0000000000,2.2857142857,446.2900000000,452.0400000000,STOP,149,-77.0000000000,7.8701040000,0.3080000000,8.1781040000,-85.1781040000,-19.2500000000,1.9675260000,0.0770000000,2.0445260000,-21.2945260000
AMD,AMD,QQQ,2026-05-13 15:51:00-04:00,2026-05-13 15:52:00-04:00,2026-05-13 15:59:00-04:00,SHORT,3.3938141856,445.6950000000,445.1734207306,714.2700000000,711.9012333352,451.0984671259,445.8000000000,445.7108400000,445.3800000000,445.4690760000,44,19611.2769600000,1.7500000000,4.0000000000,77.0000000000,176.0000000000,2.2857142857,447.5500000000,441.8000000000,FORCED_EOD,7,18.4800000000,7.8423840000,0.3080000000,8.1503840000,10.3296160000,4.6200000000,1.9605960000,0.0770000000,2.0375960000,2.5824040000
AMD,AMD,QQQ,2026-05-14 13:46:00-04:00,2026-05-14 13:47:00-04:00,2026-05-14 14:25:00-04:00,LONG,-2.6074547236,446.3900000000,447.3873179010,720.4300000000,719.3174253313,450.1552296988,446.4099000000,446.4991819800,444.6599000000,444.5709680200,44,19645.9640071200,1.7500000000,4.0000000000,77.0000000000,176.0000000000,2.2857142857,444.6599000000,450.4099000000,STOP,38,-77.0000000000,7.8414142400,0.3080000000,8.1494142400,-85.1494142400,-19.2500000000,1.9603535600,0.0770000000,2.0373535600,-21.2873535600
AMD,AMD,QQQ,2026-05-14 15:22:00-04:00,2026-05-14 15:23:00-04:00,2026-05-14 15:40:00-04:00,SHORT,2.9740450888,449.8151000000,447.2694403424,720.8300000000,719.4397131172,450.7267576110,449.8150000000,449.7250370000,451.5650000000,451.6553130000,44,19787.9016280000,1.7500000000,4.0000000000,77.0000000000,176.0000000000,2.2857142857,451.5650000000,445.8150000000,STOP,17,-77.0000000000,7.9321440000,0.3080000000,8.2401440000,-85.2401440000,-19.2500000000,1.9830360000,0.0770000000,2.0600360000,-21.3100360000
AMD,AMD,QQQ,2026-05-15 11:44:00-04:00,2026-05-15 11:45:00-04:00,2026-05-15 14:03:00-04:00,SHORT,2.6101740816,433.4200000000,432.6042693309,710.2740000000,709.8131934184,433.7276459962,433.6250000000,433.5382750000,435.3750000000,435.4620750000,46,19942.7606500000,1.7500000000,4.0000000000,80.5000000000,184.0000000000,2.2857142857,435.3750000000,429.6250000000,STOP,138,-80.5000000000,7.9948000000,0.3220000000,8.3168000000,-88.8168000000,-20.1250000000,1.9987000000,0.0805000000,2.0792000000,-22.2042000000
AMD,AMD,QQQ,2026-05-15 14:18:00-04:00,2026-05-15 14:19:00-04:00,2026-05-15 15:11:00-04:00,SHORT,2.9847109378,433.4700000000,432.6355672216,713.4101000000,710.7801083779,439.0388297991,433.3500000000,433.2633300000,429.3500000000,429.4358700000,46,19930.1131800000,1.7500000000,4.0000000000,80.5000000000,184.0000000000,2.2857142857,435.1000000000,429.3500000000,TAKE_PROFIT_BRACKET,52,184.0000000000,7.9368400000,0.3220000000,8.2588400000,175.7411600000,46.0000000000,1.9842100000,0.0805000000,2.0647100000,43.9352900000
AMD,AMD,QQQ,2026-05-15 15:53:00-04:00,2026-05-15 15:54:00-04:00,2026-05-15 15:55:00-04:00,SHORT,2.8542447523,428.1200000000,432.1831604794,709.3500000000,710.9184605448,428.3691521342,428.1300000000,428.0443740000,424.1300000000,424.2148260000,46,19690.0412040000,1.7500000000,4.0000000000,80.5000000000,184.0000000000,2.2857142857,429.8800000000,424.1300000000,TAKE_PROFIT_BRACKET,1,184.0000000000,7.8407920000,0.3220000000,8.1627920000,175.8372080000,46.0000000000,1.9601980000,0.0805000000,2.0406980000,43.9593020000
AMD,AMD,QQQ,2026-05-18 11:01:00-04:00,2026-05-18 11:02:00-04:00,2026-05-18 11:03:00-04:00,SHORT,3.2822736181,418.7800000000,423.8245534707,705.2024000000,707.4308674491,420.8391795886,418.5700000000,418.4862860000,420.3200000000,420.4040640000,47,19668.8554420000,1.7500000000,4.0000000000,82.2500000000,188.0000000000,2.2857142857,420.3200000000,414.5700000000,STOP,1,-82.2500000000,7.8855660000,0.3290000000,8.2145660000,-90.4645660000,-20.5625000000,1.9713915000,0.0822500000,2.0536415000,-22.6161415000
AMD,AMD,QQQ,2026-05-18 11:03:00-04:00,2026-05-18 11:04:00-04:00,2026-05-18 11:12:00-04:00,SHORT,3.1037676375,418.8500000000,423.7392004540,704.6900000000,707.3763097370,420.1409238535,419.1900000000,419.1061620000,420.9400000000,421.0241880000,47,19697.9896140000,1.7500000000,4.0000000000,82.2500000000,188.0000000000,2.2857142857,420.9400000000,415.1900000000,STOP,8,-82.2500000000,7.8972220000,0.3290000000,8.2262220000,-90.4762220000,-20.5625000000,1.9743055000,0.0822500000,2.0565555000,-22.6190555000
AMD,AMD,QQQ,2026-05-18 13:46:00-04:00,2026-05-18 13:47:00-04:00,2026-05-18 14:10:00-04:00,LONG,-2.7359039210,415.5800000000,421.7063357764,702.9399000000,705.2755383034,418.5835138474,415.5600000000,415.6431120000,413.8100000000,413.7272380000,48,19950.8693760000,1.7500000000,4.0000000000,84.0000000000,192.0000000000,2.2857142857,413.8100000000,419.5600000000,STOP,23,-84.0000000000,7.9619520000,0.3360000000,8.2979520000,-92.2979520000,-21.0000000000,1.9904880000,0.0840000000,2.0744880000,-23.0744880000
AMD,AMD,QQQ,2026-05-18 14:50:00-04:00,2026-05-18 14:51:00-04:00,2026-05-18 14:57:00-04:00,SHORT,2.6390381045,411.9150000000,420.4618855352,699.3100000000,704.6696115872,413.3109191867,411.8685000000,411.7861263000,413.6185000000,413.7012237000,48,19765.7340624000,1.7500000000,4.0000000000,84.0000000000,192.0000000000,2.2857142857,413.6185000000,407.8685000000,STOP,6,-84.0000000000,7.9246752000,0.3360000000,8.2606752000,-92.2606752000,-21.0000000000,1.9811688000,0.0840000000,2.0651688000,-23.0651688000
AMD,AMD,QQQ,2026-05-18 14:57:00-04:00,2026-05-18 14:58:00-04:00,2026-05-18 15:01:00-04:00,SHORT,2.7883440274,414.0000000000,420.3489757137,699.9900000000,704.5970782963,414.2030815778,413.9820000000,413.8992036000,415.7320000000,415.8151464000,48,19867.1617728000,1.7500000000,4.0000000000,84.0000000000,192.0000000000,2.2857142857,415.7320000000,409.9820000000,STOP,3,-84.0000000000,7.9652544000,0.3360000000,8.3012544000,-92.3012544000,-21.0000000000,1.9913136000,0.0840000000,2.0753136000,-23.0753136000
AMD,AMD,QQQ,2026-05-19 12:29:00-04:00,2026-05-19 12:30:00-04:00,2026-05-19 12:35:00-04:00,SHORT,2.7985413309,415.0000000000,406.1365450443,701.2500000000,699.2514847734,408.4555258432,414.9800000000,414.8970040000,416.7300000000,416.8133460000,48,19915.0561920000,1.7500000000,4.0000000000,84.0000000000,192.0000000000,2.2857142857,416.7300000000,410.9800000000,STOP,5,-84.0000000000,7.9844160000,0.3360000000,8.3204160000,-92.3204160000,-21.0000000000,1.9961040000,0.0840000000,2.0801040000,-23.0801040000
AMD,AMD,QQQ,2026-05-19 12:35:00-04:00,2026-05-19 12:36:00-04:00,2026-05-19 12:41:00-04:00,SHORT,2.5227919079,417.0101000000,406.3585770409,702.1601000000,699.3155493464,409.6607585115,417.2590000000,417.1755482000,419.0090000000,419.0928018000,47,19607.2507654000,1.7500000000,4.0000000000,82.2500000000,188.0000000000,2.2857142857,419.0090000000,413.2590000000,STOP,5,-82.2500000000,7.8609192000,0.3290000000,8.1899192000,-90.4399192000,-20.5625000000,1.9652298000,0.0822500000,2.0474798000,-22.6099798000
AMD,AMD,QQQ,2026-05-19 14:13:00-04:00,2026-05-19 14:14:00-04:00,2026-05-19 14:16:00-04:00,LONG,-2.7753511199,421.7350000000,409.3827567930,705.4300000000,700.6742011763,414.9339700638,421.7350000000,421.8193470000,419.9850000000,419.9010030000,47,19825.5093090000,1.7500000000,4.0000000000,82.2500000000,188.0000000000,2.2857142857,419.9850000000,425.7350000000,STOP,2,-82.2500000000,7.9121680000,0.3290000000,8.2411680000,-90.4911680000,-20.5625000000,1.9780420000,0.0822500000,2.0602920000,-22.6227920000
AMD,AMD,QQQ,2026-05-19 14:16:00-04:00,2026-05-19 14:17:00-04:00,2026-05-19 14:21:00-04:00,LONG,-3.7696312959,420.0500000000,409.4448422525,704.9100000000,700.6952536613,414.3651094673,419.9750000000,420.0589950000,418.2250000000,418.1413550000,47,19742.7727650000,1.7500000000,4.0000000000,82.2500000000,188.0000000000,2.2857142857,418.2250000000,423.9750000000,STOP,4,-82.2500000000,7.8790800000,0.3290000000,8.2080800000,-90.4580800000,-20.5625000000,1.9697700000,0.0822500000,2.0520200000,-22.6145200000
AMD,AMD,QQQ,2026-05-19 14:21:00-04:00,2026-05-19 14:22:00-04:00,2026-05-19 14:22:00-04:00,LONG,-3.3328508243,418.2850000000,409.5566962216,704.6601000000,700.7167556117,414.1612468693,418.3000000000,418.3836600000,416.5500000000,416.4666900000,47,19664.0320200000,1.7500000000,4.0000000000,82.2500000000,188.0000000000,2.2857142857,416.5500000000,422.3000000000,STOP,0,-82.2500000000,7.8475900000,0.3290000000,8.1765900000,-90.4265900000,-20.5625000000,1.9618975000,0.0822500000,2.0441475000,-22.6066475000
AMD,AMD,QQQ,2026-05-19 14:22:00-04:00,2026-05-19 14:23:00-04:00,2026-05-19 14:48:00-04:00,LONG,-2.7932812702,418.4599000000,409.5921236254,704.5100000000,700.7322114742,414.0036428539,418.2700000000,418.3536540000,416.5200000000,416.4366960000,47,19662.6217380000,1.7500000000,4.0000000000,82.2500000000,188.0000000000,2.2857142857,416.5200000000,422.2700000000,STOP,25,-82.2500000000,7.8470260000,0.3290000000,8.1760260000,-90.4260260000,-20.5625000000,1.9617565000,0.0822500000,2.0440065000,-22.6065065000
AMD,AMD,QQQ,2026-05-19 15:55:00-04:00,2026-05-19 15:56:00-04:00,2026-05-19 15:59:00-04:00,LONG,-3.6310905628,412.1801000000,410.5049789450,700.8200000000,701.1071216155,410.1691246104,412.2000000000,412.2824400000,414.1100000000,414.0271780000,48,19789.5571200000,1.7500000000,4.0000000000,84.0000000000,192.0000000000,2.2857142857,410.4500000000,416.2000000000,FORCED_EOD,3,91.6800000000,7.9325760000,0.3360000000,8.2685760000,83.4114240000,22.9200000000,1.9831440000,0.0840000000,2.0671440000,20.8528560000
AMD,AMD,QQQ,2026-05-20 10:05:00-04:00,2026-05-20 10:06:00-04:00,2026-05-20 10:08:00-04:00,SHORT,2.6518505794,438.0100000000,432.4317815375,705.2350000000,706.0523891706,431.4172655027,438.0100000000,437.9223980000,439.7600000000,439.8479520000,45,19706.5079100000,1.7500000000,4.0000000000,78.7500000000,180.0000000000,2.2857142857,439.7600000000,434.0100000000,STOP,2,-78.7500000000,7.8999300000,0.3150000000,8.2149300000,-86.9649300000,-19.6875000000,1.9749825000,0.0787500000,2.0537325000,-21.7412325000
AMD,AMD,QQQ,2026-05-20 12:19:00-04:00,2026-05-20 12:20:00-04:00,2026-05-20 12:27:00-04:00,LONG,-2.5562985323,443.4383000000,439.9241812456,709.8130000000,708.3942019623,441.7097343608,443.5000000000,443.5887000000,441.7500000000,441.6616500000,45,19961.4915000000,1.7500000000,4.0000000000,78.7500000000,180.0000000000,2.2857142857,441.7500000000,447.5000000000,STOP,7,-78.7500000000,7.9672500000,0.3150000000,8.2822500000,-87.0322500000,-19.6875000000,1.9918125000,0.0787500000,2.0705625000,-21.7580625000
AMD,AMD,QQQ,2026-05-20 13:05:00-04:00,2026-05-20 13:06:00-04:00,2026-05-20 15:08:00-04:00,SHORT,2.5767510980,445.5750000000,440.3882835704,709.5200000000,708.5805691348,441.5714904887,445.5600000000,445.4708880000,447.3100000000,447.3994620000,44,19600.7190720000,1.7500000000,4.0000000000,77.0000000000,176.0000000000,2.2857142857,447.3100000000,441.5600000000,STOP,122,-77.0000000000,7.8572560000,0.3080000000,8.1652560000,-85.1652560000,-19.2500000000,1.9643140000,0.0770000000,2.0413140000,-21.2913140000
AMD,AMD,QQQ,2026-05-20 15:08:00-04:00,2026-05-20 15:09:00-04:00,2026-05-20 15:50:00-04:00,SHORT,3.7764850068,447.6400000000,441.1185121397,711.2400000000,709.0940908808,443.8237913879,447.6450000000,447.5554710000,443.6450000000,443.7337290000,44,19692.4407240000,1.7500000000,4.0000000000,77.0000000000,176.0000000000,2.2857142857,449.3950000000,443.6450000000,TAKE_PROFIT_BRACKET,41,176.0000000000,7.8433520000,0.3080000000,8.1513520000,167.8486480000,44.0000000000,1.9608380000,0.0770000000,2.0378380000,41.9621620000
AMD,AMD,QQQ,2026-05-20 15:50:00-04:00,2026-05-20 15:51:00-04:00,2026-05-20 15:59:00-04:00,LONG,-2.6749787566,444.0500000000,441.7406436689,711.8100000000,709.3963440074,444.7864560240,444.1200000000,444.2088240000,447.5800000000,447.4904840000,45,19989.3970800000,1.7500000000,4.0000000000,78.7500000000,180.0000000000,2.2857142857,442.3700000000,448.1200000000,FORCED_EOD,8,155.7000000000,8.0253000000,0.3150000000,8.3403000000,147.3597000000,38.9250000000,2.0063250000,0.0787500000,2.0850750000,36.8399250000
AMD,AMD,QQQ,2026-05-21 12:36:00-04:00,2026-05-21 12:37:00-04:00,2026-05-21 13:20:00-04:00,SHORT,2.9113798914,442.5900000000,439.8602434587,709.9300000000,709.4205126290,441.1076909341,442.6350000000,442.5464730000,444.3850000000,444.4738770000,45,19914.5912850000,1.7500000000,4.0000000000,78.7500000000,180.0000000000,2.2857142857,444.3850000000,438.6350000000,STOP,43,-78.7500000000,7.9831800000,0.3150000000,8.2981800000,-87.0481800000,-19.6875000000,1.9957950000,0.0787500000,2.0745450000,-21.7620450000
AMD,AMD,QQQ,2026-05-21 13:20:00-04:00,2026-05-21 13:21:00-04:00,2026-05-21 13:23:00-04:00,LONG,-2.5537857779,444.4601000000,440.0766934833,714.3900000000,709.7636066563,451.4042196208,444.6100000000,444.6989220000,442.8600000000,442.7714280000,44,19566.7525680000,1.7500000000,4.0000000000,77.0000000000,176.0000000000,2.2857142857,442.8600000000,448.6100000000,STOP,2,-77.0000000000,7.8097360000,0.3080000000,8.1177360000,-85.1177360000,-19.2500000000,1.9524340000,0.0770000000,2.0294340000,-21.2794340000
AMD,AMD,QQQ,2026-05-21 14:54:00-04:00,2026-05-21 14:55:00-04:00,2026-05-21 15:00:00-04:00,SHORT,2.9396202431,442.0000000000,441.1216528215,711.1800000000,711.1956879078,441.0832279727,442.0900000000,442.0015820000,443.8400000000,443.9287680000,45,19890.0711900000,1.7500000000,4.0000000000,78.7500000000,180.0000000000,2.2857142857,443.8400000000,438.0900000000,STOP,5,-78.7500000000,7.9733700000,0.3150000000,8.2883700000,-87.0383700000,-19.6875000000,1.9933425000,0.0787500000,2.0720925000,-21.7595925000
AMD,AMD,QQQ,2026-05-21 15:53:00-04:00,2026-05-21 15:54:00-04:00,2026-05-21 15:59:00-04:00,SHORT,2.6147470657,450.9496000000,441.7132308576,714.1700000000,711.4702411421,448.3321415310,450.7600000000,450.6698480000,449.5600000000,449.6499120000,44,19829.4733120000,1.7500000000,4.0000000000,77.0000000000,176.0000000000,2.2857142857,452.5100000000,446.7600000000,FORCED_EOD,5,52.8000000000,7.9228160000,0.3080000000,8.2308160000,44.5691840000,13.2000000000,1.9807040000,0.0770000000,2.0577040000,11.1422960000
AMD,AMD,QQQ,2026-05-22 13:49:00-04:00,2026-05-22 13:50:00-04:00,2026-05-22 14:07:00-04:00,SHORT,2.7522270311,472.8408000000,470.0023807721,720.8200000000,719.6434903470,473.0759156283,472.7950000000,472.7004410000,474.5450000000,474.6399090000,42,19853.4185220000,1.7500000000,4.0000000000,73.5000000000,168.0000000000,2.2857142857,474.5450000000,468.7950000000,STOP,17,-73.5000000000,7.9576560000,0.2940000000,8.2516560000,-81.7516560000,-18.3750000000,1.9894140000,0.0735000000,2.0629140000,-20.4379140000
AMD,AMD,QQQ,2026-05-22 15:28:00-04:00,2026-05-22 15:29:00-04:00,2026-05-22 15:40:00-04:00,SHORT,2.9907974288,467.4300000000,470.1516878278,717.8100000000,719.6214673651,465.4177298915,467.3300000000,467.2365340000,469.0800000000,469.1738160000,42,19623.9344280000,1.7500000000,4.0000000000,73.5000000000,168.0000000000,2.2857142857,469.0800000000,463.3300000000,STOP,11,-73.5000000000,7.8658440000,0.2940000000,8.1598440000,-81.6598440000,-18.3750000000,1.9664610000,0.0735000000,2.0399610000,-20.4149610000
AMD,AMD,QQQ,2026-05-26 12:05:00-04:00,2026-05-26 12:06:00-04:00,2026-05-26 12:34:00-04:00,SHORT,2.5088159024,494.3900000000,489.8185646853,727.7100000000,728.0374696314,488.9372874899,494.3000000000,494.2011400000,496.0500000000,496.1492100000,40,19768.0456000000,1.7500000000,4.0000000000,70.0000000000,160.0000000000,2.2857142857,496.0500000000,490.3000000000,STOP,28,-70.0000000000,7.9228000000,0.2800000000,8.2028000000,-78.2028000000,-17.5000000000,1.9807000000,0.0700000000,2.0507000000,-19.5507000000
AMD,AMD,QQQ,2026-05-26 13:25:00-04:00,2026-05-26 13:26:00-04:00,2026-05-26 14:26:00-04:00,SHORT,2.9287983889,497.0950000000,490.9458797565,727.3400000000,727.9752112970,489.2323358655,497.0900000000,496.9905820000,498.8400000000,498.9397680000,40,19879.6232800000,1.7500000000,4.0000000000,70.0000000000,160.0000000000,2.2857142857,498.8400000000,493.0900000000,STOP,60,-70.0000000000,7.9674400000,0.2800000000,8.2474400000,-78.2474400000,-17.5000000000,1.9918600000,0.0700000000,2.0618600000,-19.5618600000
AMD,AMD,QQQ,2026-05-26 15:04:00-04:00,2026-05-26 15:05:00-04:00,2026-05-26 15:07:00-04:00,SHORT,2.6908178442,501.3000000000,492.4703624601,728.8900000000,728.1034340414,494.5984140781,501.1600000000,501.0597680000,502.9100000000,503.0105820000,39,19541.3309520000,1.7500000000,4.0000000000,68.2500000000,156.0000000000,2.2857142857,502.9100000000,497.1600000000,STOP,2,-68.2500000000,7.8317460000,0.2730000000,8.1047460000,-76.3547460000,-17.0625000000,1.9579365000,0.0682500000,2.0261865000,-19.0886865000
AMD,AMD,QQQ,2026-05-26 15:07:00-04:00,2026-05-26 15:08:00-04:00,2026-05-26 15:10:00-04:00,SHORT,3.2994416570,503.8950000000,492.6237427053,729.2900000000,728.1090000158,495.8199049960,503.8950000000,503.7942210000,505.6450000000,505.7461290000,39,19647.9746190000,1.7500000000,4.0000000000,68.2500000000,156.0000000000,2.2857142857,505.6450000000,499.8950000000,STOP,2,-68.2500000000,7.8744120000,0.2730000000,8.1474120000,-76.3974120000,-17.0625000000,1.9686030000,0.0682500000,2.0368530000,-19.0993530000
AMD,AMD,QQQ,2026-05-26 15:10:00-04:00,2026-05-26 15:11:00-04:00,2026-05-26 15:59:00-04:00,SHORT,3.3011961060,506.2900000000,492.8561000649,729.5050000000,728.1153122348,496.6187793040,506.1300000000,506.0287740000,503.7150000000,503.8157430000,39,19735.1221860000,1.7500000000,4.0000000000,68.2500000000,156.0000000000,2.2857142857,507.8800000000,502.1300000000,FORCED_EOD,48,94.1850000000,7.8767910000,0.2730000000,8.1497910000,86.0352090000,23.5462500000,1.9691977500,0.0682500000,2.0374477500,21.5088022500
AMD,AMD,QQQ,2026-05-27 12:03:00-04:00,2026-05-27 12:04:00-04:00,2026-05-27 12:09:00-04:00,SHORT,2.8469289301,492.5350000000,496.2715030444,726.4700000000,728.5107896471,490.7106478864,492.5500000000,492.4514900000,494.3000000000,494.3988600000,40,19698.0596000000,1.7500000000,4.0000000000,70.0000000000,160.0000000000,2.2857142857,494.3000000000,488.5500000000,STOP,5,-70.0000000000,7.8948000000,0.2800000000,8.1748000000,-78.1748000000,-17.5000000000,1.9737000000,0.0700000000,2.0437000000,-19.5437000000
AMD,AMD,QQQ,2026-05-27 12:37:00-04:00,2026-05-27 12:38:00-04:00,2026-05-27 12:56:00-04:00,LONG,-3.0018612926,494.9427000000,496.1652932824,728.7850000000,728.4616172159,497.0463352488,494.8300000000,494.9289660000,493.0800000000,492.9813840000,40,19797.1586400000,1.7500000000,4.0000000000,70.0000000000,160.0000000000,2.2857142857,493.0800000000,498.8300000000,STOP,18,-70.0000000000,7.9032800000,0.2800000000,8.1832800000,-78.1832800000,-17.5000000000,1.9758200000,0.0700000000,2.0458200000,-19.5458200000
AMD,AMD,QQQ,2026-05-27 14:04:00-04:00,2026-05-27 14:05:00-04:00,2026-05-27 14:26:00-04:00,SHORT,2.6980482990,496.4850000000,495.8142799117,727.9800000000,728.3753438988,494.7378176062,496.3485000000,496.2492303000,498.0985000000,498.1981197000,40,19849.9692120000,1.7500000000,4.0000000000,70.0000000000,160.0000000000,2.2857142857,498.0985000000,492.3485000000,STOP,21,-70.0000000000,7.9555760000,0.2800000000,8.2355760000,-78.2355760000,-17.5000000000,1.9888940000,0.0700000000,2.0588940000,-19.5588940000
AMD,AMD,QQQ,2026-05-27 15:35:00-04:00,2026-05-27 15:36:00-04:00,2026-05-27 15:59:00-04:00,LONG,-2.6211940620,495.8200000000,495.9363895651,729.5400000000,728.4828524237,498.8151283055,495.7900000000,495.8891580000,495.5900000000,495.4908820000,40,19835.5663200000,1.7500000000,4.0000000000,70.0000000000,160.0000000000,2.2857142857,494.0400000000,499.7900000000,FORCED_EOD,23,-8.0000000000,7.9310400000,0.2800000000,8.2110400000,-16.2110400000,-2.0000000000,1.9827600000,0.0700000000,2.0527600000,-4.0527600000
AMD,AMD,QQQ,2026-05-28 10:38:00-04:00,2026-05-28 10:39:00-04:00,2026-05-28 10:42:00-04:00,SHORT,2.5909847945,511.5700000000,502.5155938424,731.6100000000,729.5514113591,508.1874238313,511.5700000000,511.4676860000,507.5700000000,507.6715140000,39,19947.2397540000,1.7500000000,4.0000000000,68.2500000000,156.0000000000,2.2857142857,513.3200000000,507.5700000000,TAKE_PROFIT_BRACKET,3,156.0000000000,7.9492920000,0.2730000000,8.2222920000,147.7777080000,39.0000000000,1.9873230000,0.0682500000,2.0555730000,36.9444270000
AMD,AMD,QQQ,2026-05-28 13:55:00-04:00,2026-05-28 13:56:00-04:00,2026-05-28 15:59:00-04:00,LONG,-2.7490167869,518.1500000000,512.8197235906,736.1900000000,732.4003377402,523.4336649144,518.1518000000,518.2554303600,516.4018000000,516.2985196400,38,19693.7063536800,1.7500000000,4.0000000000,66.5000000000,152.0000000000,2.2857142857,516.4018000000,522.1518000000,STOP,123,-66.5000000000,7.8626073600,0.2660000000,8.1286073600,-74.6286073600,-16.6250000000,1.9656518400,0.0665000000,2.0321518400,-18.6571518400
AMD,AMD,QQQ,2026-05-29 12:09:00-04:00,2026-05-29 12:10:00-04:00,2026-05-29 12:18:00-04:00,LONG,-2.7742558811,513.1500000000,515.3271843014,739.2900000000,738.4814955896,517.5839466106,513.4040000000,513.5066808000,511.6540000000,511.5516692000,38,19513.2538704000,1.7500000000,4.0000000000,66.5000000000,152.0000000000,2.2857142857,511.6540000000,517.4040000000,STOP,8,-66.5000000000,7.7904408000,0.2660000000,8.0564408000,-74.5564408000,-16.6250000000,1.9476102000,0.0665000000,2.0141102000,-18.6391102000
AMD,AMD,QQQ,2026-05-29 13:56:00-04:00,2026-05-29 13:57:00-04:00,2026-05-29 14:10:00-04:00,SHORT,2.5296413899,504.4600000000,513.3164500226,736.4799000000,738.4212004851,507.9184388454,504.4500000000,504.3491100000,506.2000000000,506.3012400000,39,19669.6152900000,1.7500000000,4.0000000000,68.2500000000,156.0000000000,2.2857142857,506.2000000000,500.4500000000,STOP,13,-68.2500000000,7.8830700000,0.2730000000,8.1560700000,-76.4060700000,-17.0625000000,1.9707675000,0.0682500000,2.0390175000,-19.1015175000
AMD,AMD,QQQ,2026-05-29 15:51:00-04:00,2026-05-29 15:52:00-04:00,2026-05-29 15:53:00-04:00,SHORT,4.0257421635,513.1600000000,511.6800038258,738.7700000000,738.2034722755,513.2507409957,513.1600000000,513.0573680000,514.9100000000,515.0129820000,38,19496.1799840000,1.7500000000,4.0000000000,66.5000000000,152.0000000000,2.2857142857,514.9100000000,509.1600000000,STOP,1,-66.5000000000,7.8133320000,0.2660000000,8.0793320000,-74.5793320000,-16.6250000000,1.9533330000,0.0665000000,2.0198330000,-18.6448330000
AMD,AMD,QQQ,2026-05-29 15:53:00-04:00,2026-05-29 15:54:00-04:00,2026-05-29 15:54:00-04:00,SHORT,4.2126362343,514.6000000000,511.7270605860,738.5800000000,738.2115519985,512.7486908343,514.5900000000,514.4870820000,516.3400000000,516.4432680000,38,19550.5091160000,1.7500000000,4.0000000000,66.5000000000,152.0000000000,2.2857142857,516.3400000000,510.5900000000,STOP,0,-66.5000000000,7.8350680000,0.2660000000,8.1010680000,-74.6010680000,-16.6250000000,1.9587670000,0.0665000000,2.0252670000,-18.6502670000
AMD,AMD,QQQ,2026-05-29 15:54:00-04:00,2026-05-29 15:55:00-04:00,2026-05-29 15:55:00-04:00,SHORT,3.5247901862,514.2000000000,511.7618827568,738.5300000000,738.2147473342,512.6360690196,514.2900000000,514.1871420000,516.0400000000,516.1432080000,38,19539.1113960000,1.7500000000,4.0000000000,66.5000000000,152.0000000000,2.2857142857,516.0400000000,510.2900000000,STOP,0,-66.5000000000,7.8305080000,0.2660000000,8.0965080000,-74.5965080000,-16.6250000000,1.9576270000,0.0665000000,2.0241270000,-18.6491270000
AMD,AMD,QQQ,2026-05-29 15:55:00-04:00,2026-05-29 15:56:00-04:00,2026-05-29 15:59:00-04:00,SHORT,3.5367134772,515.5000000000,511.8411127818,738.6600000000,738.2179014281,513.0672235254,515.5800000000,515.4768840000,516.3700000000,516.4732740000,38,19588.1215920000,1.7500000000,4.0000000000,66.5000000000,152.0000000000,2.2857142857,517.3300000000,511.5800000000,FORCED_EOD,3,-30.0200000000,7.8428200000,0.2660000000,8.1088200000,-38.1288200000,-7.5050000000,1.9607050000,0.0665000000,2.0272050000,-9.5322050000
AMD,AMD,QQQ,2026-06-01 13:43:00-04:00,2026-06-01 13:44:00-04:00,2026-06-01 14:04:00-04:00,LONG,-2.6348784943,511.5300000000,502.0980657194,744.3750000000,739.9085520458,514.2216984156,511.6700000000,511.7723340000,515.6700000000,515.5668660000,39,19959.1210260000,1.7500000000,4.0000000000,68.2500000000,156.0000000000,2.2857142857,509.9200000000,515.6700000000,TAKE_PROFIT_BRACKET,20,156.0000000000,8.0132520000,0.2730000000,8.2862520000,147.7137480000,39.0000000000,2.0033130000,0.0682500000,2.0715630000,36.9284370000
AMD,AMD,QQQ,2026-06-01 15:32:00-04:00,2026-06-01 15:33:00-04:00,2026-06-01 15:59:00-04:00,SHORT,2.6748038858,512.4150000000,503.5892237675,743.6500000000,741.0914627983,510.5435705821,512.3543000000,512.2518291400,510.0200000000,510.1220040000,39,19977.8213364600,1.7500000000,4.0000000000,68.2500000000,156.0000000000,2.2857142857,514.1043000000,508.3543000000,FORCED_EOD,26,91.0377000000,7.9745195400,0.2730000000,8.2475195400,82.7901804600,22.7594250000,1.9936298850,0.0682500000,2.0618798850,20.6975451150
AMD,AMD,QQQ,2026-06-02 10:15:00-04:00,2026-06-02 10:16:00-04:00,2026-06-02 10:17:00-04:00,LONG,-2.5277339305,509.0200000000,511.8698426187,744.1600000000,741.8688005915,518.1933104864,508.9650000000,509.0667930000,507.2150000000,507.1135570000,39,19853.6049270000,1.7500000000,4.0000000000,68.2500000000,156.0000000000,2.2857142857,507.2150000000,512.9650000000,STOP,1,-68.2500000000,7.9262040000,0.2730000000,8.1992040000,-76.4492040000,-17.0625000000,1.9815510000,0.0682500000,2.0498010000,-19.1123010000
AMD,AMD,QQQ,2026-06-02 11:26:00-04:00,2026-06-02 11:27:00-04:00,2026-06-02 11:29:00-04:00,SHORT,2.9046300402,511.0000000000,509.7915304061,744.9900000000,742.8695957509,515.6120089042,511.0450000000,510.9427910000,512.7950000000,512.8975590000,39,19926.7688490000,1.7500000000,4.0000000000,68.2500000000,156.0000000000,2.2857142857,512.7950000000,507.0450000000,STOP,2,-68.2500000000,7.9859520000,0.2730000000,8.2589520000,-76.5089520000,-17.0625000000,1.9964880000,0.0682500000,2.0647380000,-19.1272380000
AMD,AMD,QQQ,2026-06-02 11:29:00-04:00,2026-06-02 11:30:00-04:00,2026-06-02 11:34:00-04:00,SHORT,3.6770756241,512.8774000000,509.8270826171,745.1000000000,742.8893689650,515.8954939763,512.9100000000,512.8074180000,514.6600000000,514.7629320000,39,19999.4893020000,1.7500000000,4.0000000000,68.2500000000,156.0000000000,2.2857142857,514.6600000000,508.9100000000,STOP,4,-68.2500000000,8.0150460000,0.2730000000,8.2880460000,-76.5380460000,-17.0625000000,2.0037615000,0.0682500000,2.0720115000,-19.1345115000
AMD,AMD,QQQ,2026-06-02 11:34:00-04:00,2026-06-02 11:35:00-04:00,2026-06-02 11:58:00-04:00,SHORT,3.0479055501,514.8500000000,510.0504653705,745.2600000000,742.9207420214,516.4745133375,514.6800000000,514.5770640000,516.4300000000,516.5332860000,38,19553.9284320000,1.7500000000,4.0000000000,66.5000000000,152.0000000000,2.2857142857,516.4300000000,510.6800000000,STOP,23,-66.5000000000,7.8364360000,0.2660000000,8.1024360000,-74.6024360000,-16.6250000000,1.9591090000,0.0665000000,2.0256090000,-18.6506090000
AMD,AMD,QQQ,2026-06-02 13:34:00-04:00,2026-06-02 13:35:00-04:00,2026-06-02 13:58:00-04:00,SHORT,2.6577047436,512.4900000000,511.1622910286,744.1850000000,743.6516373324,512.6287566125,512.4303000000,512.3278139400,514.1803000000,514.2831360600,39,19980.7847436600,1.7500000000,4.0000000000,68.2500000000,156.0000000000,2.2857142857,514.1803000000,508.4303000000,STOP,23,-68.2500000000,8.0075626800,0.2730000000,8.2805626800,-76.5305626800,-17.0625000000,2.0018906700,0.0682500000,2.0701406700,-19.1326406700
AMD,AMD,QQQ,2026-06-02 13:58:00-04:00,2026-06-02 13:59:00-04:00,2026-06-02 14:27:00-04:00,SHORT,2.7595836877,514.5500000000,511.2067154707,744.2950000000,743.6863770732,512.8801742671,514.5500000000,514.4470900000,516.3000000000,516.4032600000,38,19548.9894200000,1.7500000000,4.0000000000,66.5000000000,152.0000000000,2.2857142857,516.3000000000,510.5500000000,STOP,28,-66.5000000000,7.8344600000,0.2660000000,8.1004600000,-74.6004600000,-16.6250000000,1.9586150000,0.0665000000,2.0251150000,-18.6501150000
AMD,AMD,QQQ,2026-06-03 11:14:00-04:00,2026-06-03 11:15:00-04:00,2026-06-03 11:18:00-04:00,SHORT,2.6790546059,539.4799000000,534.7784286479,745.8100000000,745.0580016209,536.9374686723,539.2500000000,539.1421500000,535.2500000000,535.3570500000,37,19948.2595500000,1.7500000000,4.0000000000,64.7500000000,148.0000000000,2.2857142857,541.0000000000,535.2500000000,TAKE_PROFIT_BRACKET,3,148.0000000000,7.9513000000,0.2590000000,8.2103000000,139.7897000000,37.0000000000,1.9878250000,0.0647500000,2.0525750000,34.9474250000
AMD,AMD,QQQ,2026-06-03 14:28:00-04:00,2026-06-03 14:29:00-04:00,2026-06-03 14:56:00-04:00,SHORT,3.7719804247,544.8531000000,534.9793723564,745.2200000000,744.4130560587,537.2990434571,544.7300000000,544.6210540000,540.7300000000,540.8381460000,36,19606.3579440000,1.7500000000,4.0000000000,63.0000000000,144.0000000000,2.2857142857,546.4800000000,540.7300000000,TAKE_PROFIT_BRACKET,27,144.0000000000,7.8153120000,0.2520000000,8.0673120000,135.9326880000,36.0000000000,1.9538280000,0.0630000000,2.0168280000,33.9831720000
AMD,AMD,QQQ,2026-06-03 15:16:00-04:00,2026-06-03 15:17:00-04:00,2026-06-03 15:22:00-04:00,LONG,-2.6626235183,538.7900000000,535.6692509670,744.3600000000,744.4353596569,535.4523464343,538.9600000000,539.0677920000,537.2100000000,537.1025580000,37,19945.5083040000,1.7500000000,4.0000000000,64.7500000000,148.0000000000,2.2857142857,537.2100000000,542.9600000000,STOP,5,-64.7500000000,7.9636580000,0.2590000000,8.2226580000,-72.9726580000,-16.1875000000,1.9909145000,0.0647500000,2.0556645000,-18.2431645000
AMD,AMD,QQQ,2026-06-04 10:29:00-04:00,2026-06-04 10:30:00-04:00,2026-06-04 10:32:00-04:00,SHORT,2.5279183123,516.2750000000,508.7471274991,737.1700000000,735.3181221481,509.0033805437,516.0000000000,515.8968000000,517.7500000000,517.8535500000,38,19604.0784000000,1.7500000000,4.0000000000,66.5000000000,152.0000000000,2.2857142857,517.7500000000,512.0000000000,STOP,2,-66.5000000000,7.8565000000,0.2660000000,8.1225000000,-74.6225000000,-16.6250000000,1.9641250000,0.0665000000,2.0306250000,-18.6556250000
AMD,AMD,QQQ,2026-06-04 13:42:00-04:00,2026-06-04 13:43:00-04:00,2026-06-04 14:01:00-04:00,SHORT,3.4250894898,527.1884000000,514.9433124869,741.8290000000,737.3577214814,515.5678275369,527.1600000000,527.0545680000,528.9100000000,529.0157820000,37,19501.0190160000,1.7500000000,4.0000000000,64.7500000000,148.0000000000,2.2857142857,528.9100000000,523.1600000000,STOP,18,-64.7500000000,7.8149180000,0.2590000000,8.0739180000,-72.8239180000,-16.1875000000,1.9537295000,0.0647500000,2.0184795000,-18.2059795000
AMD,AMD,QQQ,2026-06-04 14:02:00-04:00,2026-06-04 14:03:00-04:00,2026-06-04 14:05:00-04:00,SHORT,2.5953467804,530.1100000000,515.4397909347,742.8000000000,737.5243916765,516.1771925669,529.9100000000,529.8040180000,531.6600000000,531.7663320000,37,19602.7486660000,1.7500000000,4.0000000000,64.7500000000,148.0000000000,2.2857142857,531.6600000000,525.9100000000,STOP,2,-64.7500000000,7.8556180000,0.2590000000,8.1146180000,-72.8646180000,-16.1875000000,1.9639045000,0.0647500000,2.0286545000,-18.2161545000
AMD,AMD,QQQ,2026-06-04 14:05:00-04:00,2026-06-04 14:06:00-04:00,2026-06-04 14:38:00-04:00,SHORT,2.6591064964,531.2500000000,515.5562311543,743.1900000000,737.6012584639,516.3374962322,531.3150000000,531.2087370000,527.3150000000,527.4204630000,37,19654.7232690000,1.7500000000,4.0000000000,64.7500000000,148.0000000000,2.2857142857,533.0650000000,527.3150000000,TAKE_PROFIT_BRACKET,32,148.0000000000,7.8338620000,0.2590000000,8.0928620000,139.9071380000,37.0000000000,1.9584655000,0.0647500000,2.0232155000,34.9767845000
AMD,AMD,QQQ,2026-06-05 10:36:00-04:00,2026-06-05 10:37:00-04:00,2026-06-05 10:42:00-04:00,SHORT,2.5586615227,496.3300000000,493.1180938926,727.2900000000,726.6951972251,493.4564866096,496.4600000000,496.3607080000,492.4600000000,492.5584920000,40,19854.4283200000,1.7500000000,4.0000000000,70.0000000000,160.0000000000,2.2857142857,498.2100000000,492.4600000000,TAKE_PROFIT_BRACKET,5,160.0000000000,7.9113600000,0.2800000000,8.1913600000,151.8086400000,40.0000000000,1.9778400000,0.0700000000,2.0478400000,37.9521600000
AMD,AMD,QQQ,2026-06-05 12:16:00-04:00,2026-06-05 12:17:00-04:00,2026-06-05 12:29:00-04:00,LONG,-2.5469881853,479.5400000000,490.5742123817,718.3800000000,724.6968362191,486.9891448585,479.5700000000,479.6659140000,477.8200000000,477.7244360000,41,19666.3024740000,1.7500000000,4.0000000000,71.7500000000,164.0000000000,2.2857142857,477.8200000000,483.5700000000,STOP,12,-71.7500000000,7.8505980000,0.2870000000,8.1375980000,-79.8875980000,-17.9375000000,1.9626495000,0.0717500000,2.0343995000,-19.9718995000
AMD,AMD,QQQ,2026-06-05 13:54:00-04:00,2026-06-05 13:55:00-04:00,2026-06-05 14:04:00-04:00,SHORT,2.5813458452,477.9300000000,486.0503560962,715.7951000000,721.4452423832,482.8589162935,478.0000000000,477.9044000000,474.0000000000,474.0948000000,41,19594.0804000000,1.7500000000,4.0000000000,71.7500000000,164.0000000000,2.2857142857,479.7500000000,474.0000000000,TAKE_PROFIT_BRACKET,9,164.0000000000,7.8064000000,0.2870000000,8.0934000000,155.9066000000,41.0000000000,1.9516000000,0.0717500000,2.0233500000,38.9766500000
AMD,AMD,QQQ,2026-06-05 15:29:00-04:00,2026-06-05 15:30:00-04:00,2026-06-05 15:32:00-04:00,SHORT,2.6180010644,472.7100000000,481.7701615800,708.7300000000,717.4271764877,476.8736167980,472.6600000000,472.5654680000,468.6600000000,468.7537320000,42,19847.7496560000,1.7500000000,4.0000000000,73.5000000000,168.0000000000,2.2857142857,474.4100000000,468.6600000000,TAKE_PROFIT_BRACKET,2,168.0000000000,7.9070880000,0.2940000000,8.2010880000,159.7989120000,42.0000000000,1.9767720000,0.0735000000,2.0502720000,39.9497280000
AMD,AMD,QQQ,2026-06-08 12:37:00-04:00,2026-06-08 12:38:00-04:00,2026-06-08 12:44:00-04:00,SHORT,2.9751962103,489.1800000000,487.0780717554,718.9000000000,718.6262800201,487.4988839575,489.2700000000,489.1721460000,491.0200000000,491.1182040000,40,19566.8858400000,1.7500000000,4.0000000000,70.0000000000,160.0000000000,2.2857142857,491.0200000000,485.2700000000,STOP,6,-70.0000000000,7.8423200000,0.2800000000,8.1223200000,-78.1223200000,-17.5000000000,1.9605800000,0.0700000000,2.0305800000,-19.5305800000
AMD,AMD,QQQ,2026-06-08 12:44:00-04:00,2026-06-08 12:45:00-04:00,2026-06-08 12:53:00-04:00,SHORT,2.8078470529,490.9635000000,487.1385988808,719.2800000000,718.6321268057,488.1347432112,491.1087000000,491.0104782600,492.8587000000,492.9572717400,40,19640.4191304000,1.7500000000,4.0000000000,70.0000000000,160.0000000000,2.2857142857,492.8587000000,487.1087000000,STOP,8,-70.0000000000,7.8717392000,0.2800000000,8.1517392000,-78.1517392000,-17.5000000000,1.9679348000,0.0700000000,2.0379348000,-19.5379348000
AMD,AMD,QQQ,2026-06-08 14:09:00-04:00,2026-06-08 14:10:00-04:00,2026-06-08 15:09:00-04:00,SHORT,2.7977153550,493.4750000000,487.6339182179,719.4601000000,718.6087567263,488.9442837238,493.3001000000,493.2014399800,489.3001000000,489.3979600200,40,19728.0575992000,1.7500000000,4.0000000000,70.0000000000,160.0000000000,2.2857142857,495.0501000000,489.3001000000,TAKE_PROFIT_BRACKET,59,160.0000000000,7.8608016000,0.2800000000,8.1408016000,151.8591984000,40.0000000000,1.9652004000,0.0700000000,2.0352004000,37.9647996000
AMD,AMD,QQQ,2026-06-08 15:51:00-04:00,2026-06-08 15:52:00-04:00,2026-06-08 15:54:00-04:00,SHORT,2.6498299424,489.0300000000,488.0636537697,715.3600000000,718.2195154959,483.6560955091,489.0550000000,488.9571890000,490.8050000000,490.9031610000,40,19558.2875600000,1.7500000000,4.0000000000,70.0000000000,160.0000000000,2.2857142857,490.8050000000,485.0550000000,STOP,2,-70.0000000000,7.8388800000,0.2800000000,8.1188800000,-78.1188800000,-17.5000000000,1.9597200000,0.0700000000,2.0297200000,-19.5297200000
AMD,AMD,QQQ,2026-06-08 15:54:00-04:00,2026-06-08 15:55:00-04:00,2026-06-08 15:59:00-04:00,SHORT,2.8605035991,490.5150000000,488.0917089326,716.0000000000,718.1848066898,484.7237671470,490.5900000000,490.4918820000,490.0000000000,490.0980000000,40,19619.6752800000,1.7500000000,4.0000000000,70.0000000000,160.0000000000,2.2857142857,492.3400000000,486.5900000000,FORCED_EOD,4,23.6000000000,7.8447200000,0.2800000000,8.1247200000,15.4752800000,5.9000000000,1.9611800000,0.0700000000,2.0311800000,3.8688200000
AMD,AMD,QQQ,2026-06-09 12:02:00-04:00,2026-06-09 12:03:00-04:00,2026-06-09 12:05:00-04:00,LONG,-2.5359041612,460.1700000000,481.6733300088,698.5600000000,711.0753064321,459.9258245599,459.9100000000,460.0019820000,458.1600000000,458.0683680000,43,19780.0852260000,1.7500000000,4.0000000000,75.2500000000,172.0000000000,2.2857142857,458.1600000000,463.9100000000,STOP,2,-75.2500000000,7.8954020000,0.3010000000,8.1964020000,-83.4464020000,-18.8125000000,1.9738505000,0.0752500000,2.0491005000,-20.8616005000
AMD,AMD,QQQ,2026-06-09 12:05:00-04:00,2026-06-09 12:06:00-04:00,2026-06-09 12:08:00-04:00,LONG,-2.9441993588,457.0900000000,481.2993154839,697.1000000000,710.8371435919,457.4392008228,457.1600000000,457.2514320000,455.4100000000,455.3189180000,43,19661.8115760000,1.7500000000,4.0000000000,75.2500000000,172.0000000000,2.2857142857,455.4100000000,461.1600000000,STOP,2,-75.2500000000,7.8481020000,0.3010000000,8.1491020000,-83.3991020000,-18.8125000000,1.9620255000,0.0752500000,2.0372755000,-20.8497755000
AMD,AMD,QQQ,2026-06-09 12:08:00-04:00,2026-06-09 12:09:00-04:00,2026-06-09 12:13:00-04:00,LONG,-2.9445515222,453.3500000000,480.4311771243,695.4620000000,710.4812758883,454.3781316067,453.3400000000,453.4306680000,451.5900000000,451.4996820000,44,19950.9493920000,1.7500000000,4.0000000000,77.0000000000,176.0000000000,2.2857142857,451.5900000000,457.3400000000,STOP,4,-77.0000000000,7.9633840000,0.3080000000,8.2713840000,-85.2713840000,-19.2500000000,1.9908460000,0.0770000000,2.0678460000,-21.3178460000
AMD,AMD,QQQ,2026-06-09 12:13:00-04:00,2026-06-09 12:14:00-04:00,2026-06-09 12:15:00-04:00,LONG,-2.8679427619,453.0600000000,479.2192047277,696.3100000000,709.8419288999,455.7842979532,452.8400000000,452.9305680000,451.0900000000,450.9997820000,44,19928.9449920000,1.7500000000,4.0000000000,77.0000000000,176.0000000000,2.2857142857,451.0900000000,456.8400000000,STOP,1,-77.0000000000,7.9545840000,0.3080000000,8.2625840000,-85.2625840000,-19.2500000000,1.9886460000,0.0770000000,2.0656460000,-21.3156460000
AMD,AMD,QQQ,2026-06-09 13:47:00-04:00,2026-06-09 13:48:00-04:00,2026-06-09 13:51:00-04:00,LONG,-2.7851236282,456.4300000000,468.4127926844,699.1899000000,703.1231599695,461.6910643839,456.4800000000,456.5712960000,460.4800000000,460.3879040000,43,19632.5657280000,1.7500000000,4.0000000000,75.2500000000,172.0000000000,2.2857142857,454.7300000000,460.4800000000,TAKE_PROFIT_BRACKET,3,172.0000000000,7.8858560000,0.3010000000,8.1868560000,163.8131440000,43.0000000000,1.9714640000,0.0752500000,2.0467140000,40.9532860000
AMD,AMD,QQQ,2026-06-09 14:57:00-04:00,2026-06-09 14:58:00-04:00,2026-06-09 15:10:00-04:00,LONG,-2.9280153079,467.7900000000,467.7181507998,706.5000000000,703.1137177969,473.4966194108,467.7400000000,467.8335480000,465.9900000000,465.8968020000,42,19649.0090160000,1.7500000000,4.0000000000,73.5000000000,168.0000000000,2.2857142857,465.9900000000,471.7400000000,STOP,12,-73.5000000000,7.8433320000,0.2940000000,8.1373320000,-81.6373320000,-18.3750000000,1.9608330000,0.0735000000,2.0343330000,-20.4093330000
AMD,AMD,QQQ,2026-06-09 15:19:00-04:00,2026-06-09 15:20:00-04:00,2026-06-09 15:20:00-04:00,SHORT,2.8585134995,462.3125000000,467.6441331330,701.8000000000,703.2339450133,465.1980054655,462.1601000000,462.0676679800,463.9101000000,464.0028820200,43,19868.9097231400,1.7500000000,4.0000000000,75.2500000000,172.0000000000,2.2857142857,463.9101000000,458.1601000000,STOP,0,-75.2500000000,7.9642037200,0.3010000000,8.2652037200,-83.5152037200,-18.8125000000,1.9910509300,0.0752500000,2.0663009300,-20.8788009300
AMD,AMD,QQQ,2026-06-09 15:20:00-04:00,2026-06-09 15:21:00-04:00,2026-06-09 15:21:00-04:00,SHORT,3.1752606333,463.6200000000,467.6299575664,702.3200000000,703.2292005270,466.0790137491,463.3601000000,463.2674279800,465.1101000000,465.2031220200,43,19920.4994031400,1.7500000000,4.0000000000,75.2500000000,172.0000000000,2.2857142857,465.1101000000,459.3601000000,STOP,0,-75.2500000000,7.9848437200,0.3010000000,8.2858437200,-83.5358437200,-18.8125000000,1.9962109300,0.0752500000,2.0714609300,-20.8839609300
AMD,AMD,QQQ,2026-06-09 15:21:00-04:00,2026-06-09 15:22:00-04:00,2026-06-09 15:28:00-04:00,SHORT,3.1712017038,464.2499000000,467.6216559085,702.5400000000,703.2277603874,466.4484703053,464.0150000000,463.9221970000,465.7650000000,465.8581530000,43,19948.6544710000,1.7500000000,4.0000000000,75.2500000000,172.0000000000,2.2857142857,465.7650000000,460.0150000000,STOP,6,-75.2500000000,7.9961080000,0.3010000000,8.2971080000,-83.5471080000,-18.8125000000,1.9990270000,0.0752500000,2.0742770000,-20.8867770000
AMD,AMD,QQQ,2026-06-09 15:29:00-04:00,2026-06-09 15:30:00-04:00,2026-06-09 15:31:00-04:00,SHORT,2.5350523298,467.4000000000,467.5643411427,703.9500000000,703.2218089595,468.8063518501,467.2148000000,467.1213570400,468.9648000000,469.0585929600,42,19619.0969956800,1.7500000000,4.0000000000,73.5000000000,168.0000000000,2.2857142857,468.9648000000,463.2148000000,STOP,1,-73.5000000000,7.8639086400,0.2940000000,8.1579086400,-81.6579086400,-18.3750000000,1.9659771600,0.0735000000,2.0394771600,-20.4144771600
AMD,AMD,QQQ,2026-06-09 15:31:00-04:00,2026-06-09 15:32:00-04:00,2026-06-09 15:40:00-04:00,SHORT,2.8335795114,469.5000000000,467.5685152474,704.5800000000,703.2254252874,469.8789016309,469.5699000000,469.4759860200,465.5699000000,465.6630139800,42,19717.9914128400,1.7500000000,4.0000000000,73.5000000000,168.0000000000,2.2857142857,471.3199000000,465.5699000000,TAKE_PROFIT_BRACKET,8,168.0000000000,7.8551743200,0.2940000000,8.1491743200,159.8508256800,42.0000000000,1.9637935800,0.0735000000,2.0372935800,39.9627064200
AMD,AMD,QQQ,2026-06-10 13:10:00-04:00,2026-06-10 13:11:00-04:00,2026-06-10 13:30:00-04:00,SHORT,2.6291951427,452.4350000000,464.1825670871,696.3300000000,702.7318800061,453.2672602212,452.3600000000,452.2695280000,454.1100000000,454.2008220000,44,19899.8592320000,1.7500000000,4.0000000000,77.0000000000,176.0000000000,2.2857142857,454.1100000000,448.3600000000,STOP,19,-77.0000000000,7.9769360000,0.3080000000,8.2849360000,-85.2849360000,-19.2500000000,1.9942340000,0.0770000000,2.0712340000,-21.3212340000
AMD,AMD,QQQ,2026-06-10 13:30:00-04:00,2026-06-10 13:31:00-04:00,2026-06-10 13:46:00-04:00,SHORT,2.9770767359,453.0700000000,463.6971157042,696.4700000000,702.4572947141,453.4953732871,453.0400000000,452.9493920000,454.7900000000,454.8809580000,44,19929.7732480000,1.7500000000,4.0000000000,77.0000000000,176.0000000000,2.2857142857,454.7900000000,449.0400000000,STOP,15,-77.0000000000,7.9889040000,0.3080000000,8.2969040000,-85.2969040000,-19.2500000000,1.9972260000,0.0770000000,2.0742260000,-21.3242260000
AMD,AMD,QQQ,2026-06-10 15:51:00-04:00,2026-06-10 15:52:00-04:00,2026-06-10 15:55:00-04:00,SHORT,2.8576595216,455.3200000000,460.6476115744,696.4100000000,700.6041288104,453.5294614058,455.4100000000,455.3189180000,451.4100000000,451.5002820000,43,19578.7134740000,1.7500000000,4.0000000000,75.2500000000,172.0000000000,2.2857142857,457.1600000000,451.4100000000,TAKE_PROFIT_BRACKET,3,172.0000000000,7.7986520000,0.3010000000,8.0996520000,163.9003480000,43.0000000000,1.9496630000,0.0752500000,2.0249130000,40.9750870000
AMD,AMD,QQQ,2026-06-11 13:29:00-04:00,2026-06-11 13:30:00-04:00,2026-06-11 13:30:00-04:00,LONG,-4.8579072833,470.0000000000,468.9947734369,707.2600000000,701.1126908127,478.8964851213,470.3100000000,470.4040620000,474.3100000000,474.2151380000,42,19756.9706040000,1.7500000000,4.0000000000,73.5000000000,168.0000000000,2.2857142857,468.5600000000,474.3100000000,TAKE_PROFIT_BRACKET,0,168.0000000000,7.9348080000,0.2940000000,8.2288080000,159.7711920000,42.0000000000,1.9837020000,0.0735000000,2.0572020000,39.9427980000
AMD,AMD,QQQ,2026-06-11 13:30:00-04:00,2026-06-11 13:31:00-04:00,2026-06-11 13:31:00-04:00,LONG,-2.7915301714,474.6950000000,469.0643666708,709.6500000000,701.3989668074,482.3511758995,474.4200000000,474.5148840000,472.6700000000,472.5754660000,42,19929.6251280000,1.7500000000,4.0000000000,73.5000000000,168.0000000000,2.2857142857,472.6700000000,478.4200000000,STOP,0,-73.5000000000,7.9555560000,0.2940000000,8.2495560000,-81.7495560000,-18.3750000000,1.9888890000,0.0735000000,2.0623890000,-20.4373890000
AMD,AMD,QQQ,2026-06-11 15:37:00-04:00,2026-06-11 15:38:00-04:00,2026-06-11 15:39:00-04:00,LONG,-2.9228952010,488.0501000000,472.4430857380,717.8200000000,705.3781062616,492.5090047176,488.3400000000,488.4376680000,486.5900000000,486.4926820000,40,19537.5067200000,1.7500000000,4.0000000000,70.0000000000,160.0000000000,2.2857142857,486.5900000000,492.3400000000,STOP,1,-70.0000000000,7.7994400000,0.2800000000,8.0794400000,-78.0794400000,-17.5000000000,1.9498600000,0.0700000000,2.0198600000,-19.5198600000
AMD,AMD,QQQ,2026-06-11 15:39:00-04:00,2026-06-11 15:40:00-04:00,2026-06-11 15:43:00-04:00,LONG,-2.8415606809,485.7850000000,472.5828044463,716.6300000000,705.4441188914,490.6267098601,485.7850000000,485.8821570000,489.7850000000,489.6870430000,41,19921.1684370000,1.7500000000,4.0000000000,71.7500000000,164.0000000000,2.2857142857,484.0350000000,489.7850000000,TAKE_PROFIT_BRACKET,3,164.0000000000,7.9996740000,0.2870000000,8.2866740000,155.7133260000,41.0000000000,1.9999185000,0.0717500000,2.0716685000,38.9283315000
AMD,AMD,QQQ,2026-06-12 11:00:00-04:00,2026-06-12 11:01:00-04:00,2026-06-12 11:03:00-04:00,LONG,-2.6771176973,513.4000000000,508.9303066138,721.7100000000,716.4248742893,518.0896587996,513.5000000000,513.6027000000,511.7500000000,511.6476500000,38,19516.9026000000,1.7500000000,4.0000000000,66.5000000000,152.0000000000,2.2857142857,511.7500000000,517.5000000000,STOP,2,-66.5000000000,7.7919000000,0.2660000000,8.0579000000,-74.5579000000,-16.6250000000,1.9479750000,0.0665000000,2.0144750000,-18.6394750000
AMD,AMD,QQQ,2026-06-12 12:01:00-04:00,2026-06-12 12:02:00-04:00,2026-06-12 12:07:00-04:00,SHORT,2.5128878382,509.0500000000,509.7286017770,716.7900000000,718.0065516366,507.6216096029,508.8900000000,508.7882220000,510.6400000000,510.7421280000,39,19842.7406580000,1.7500000000,4.0000000000,68.2500000000,156.0000000000,2.2857142857,510.6400000000,504.8900000000,STOP,5,-68.2500000000,7.9523340000,0.2730000000,8.2253340000,-76.4753340000,-17.0625000000,1.9880835000,0.0682500000,2.0563335000,-19.1188335000
AMD,AMD,QQQ,2026-06-12 13:27:00-04:00,2026-06-12 13:28:00-04:00,2026-06-12 13:42:00-04:00,SHORT,2.8565115964,518.6450000000,510.6099262815,722.5800000000,718.6395422900,517.4403334480,518.6800000000,518.5762640000,520.4300000000,520.5340860000,38,19705.8980320000,1.7500000000,4.0000000000,66.5000000000,152.0000000000,2.2857142857,520.4300000000,514.6800000000,STOP,14,-66.5000000000,7.8972360000,0.2660000000,8.1632360000,-74.6632360000,-16.6250000000,1.9743090000,0.0665000000,2.0408090000,-18.6658090000
AMD,AMD,QQQ,2026-06-12 15:42:00-04:00,2026-06-12 15:43:00-04:00,2026-06-12 15:59:00-04:00,SHORT,3.0075914906,515.4599000000,511.8461127957,721.3800000000,719.3455338580,515.3777339004,515.3325000000,515.2294335000,511.3325000000,511.4347665000,38,19578.7184730000,1.7500000000,4.0000000000,66.5000000000,152.0000000000,2.2857142857,517.0825000000,511.3325000000,TAKE_PROFIT_BRACKET,16,152.0000000000,7.8026540000,0.2660000000,8.0686540000,143.9313460000,38.0000000000,1.9506635000,0.0665000000,2.0171635000,35.9828365000
AMD,AMD,QQQ,2026-06-15 11:26:00-04:00,2026-06-15 11:27:00-04:00,2026-06-15 11:36:00-04:00,LONG,-2.6407116935,548.5150000000,549.4329356252,742.8900000000,740.3998414760,554.2052601789,548.5150000000,548.6247030000,546.7650000000,546.6556470000,36,19750.4893080000,1.7500000000,4.0000000000,63.0000000000,144.0000000000,2.2857142857,546.7650000000,552.5150000000,STOP,9,-63.0000000000,7.8860160000,0.2520000000,8.1380160000,-71.1380160000,-15.7500000000,1.9715040000,0.0630000000,2.0345040000,-17.7845040000
AMD,AMD,QQQ,2026-06-15 13:39:00-04:00,2026-06-15 13:40:00-04:00,2026-06-15 14:59:00-04:00,SHORT,2.5587814333,550.2110000000,549.2084229230,744.0126000000,741.9548585359,553.1421580915,550.3650000000,550.2549270000,546.3650000000,546.4742730000,36,19809.1773720000,1.7500000000,4.0000000000,63.0000000000,144.0000000000,2.2857142857,552.1150000000,546.3650000000,TAKE_PROFIT_BRACKET,79,144.0000000000,7.8964560000,0.2520000000,8.1484560000,135.8515440000,36.0000000000,1.9741140000,0.0630000000,2.0371140000,33.9628860000
AMD,AMD,QQQ,2026-06-15 15:04:00-04:00,2026-06-15 15:05:00-04:00,2026-06-15 15:35:00-04:00,LONG,-2.5657183111,544.7300000000,549.0565884166,743.2350000000,742.1947597600,551.0439984446,544.6900000000,544.7989380000,548.6900000000,548.5802620000,36,19612.7617680000,1.7500000000,4.0000000000,63.0000000000,144.0000000000,2.2857142857,542.9400000000,548.6900000000,TAKE_PROFIT_BRACKET,30,144.0000000000,7.8723360000,0.2520000000,8.1243360000,135.8756640000,36.0000000000,1.9680840000,0.0630000000,2.0310840000,33.9689160000
AMD,AMD,QQQ,2026-06-15 15:35:00-04:00,2026-06-15 15:36:00-04:00,2026-06-15 15:59:00-04:00,SHORT,2.6760639168,548.2200000000,548.8233253982,743.0400000000,742.2630148601,550.3070115942,548.2550000000,548.1453490000,547.2700000000,547.3794540000,36,19733.2325640000,1.7500000000,4.0000000000,63.0000000000,144.0000000000,2.2857142857,550.0050000000,544.2550000000,FORCED_EOD,23,35.4600000000,7.8877800000,0.2520000000,8.1397800000,27.3202200000,8.8650000000,1.9719450000,0.0630000000,2.0349450000,6.8300550000
AMD,AMD,QQQ,2026-06-16 10:10:00-04:00,2026-06-16 10:11:00-04:00,2026-06-16 10:18:00-04:00,LONG,-2.6285718962,535.7500000000,541.9774190532,742.7700000000,742.6962182809,542.1060149386,535.7500000000,535.8571500000,534.0000000000,533.8932000000,37,19826.7145500000,1.7500000000,4.0000000000,64.7500000000,148.0000000000,2.2857142857,534.0000000000,539.7500000000,STOP,7,-64.7500000000,7.9161500000,0.2590000000,8.1751500000,-72.9251500000,-16.1875000000,1.9790375000,0.0647500000,2.0437875000,-18.2312875000
AMD,AMD,QQQ,2026-06-16 11:14:00-04:00,2026-06-16 11:15:00-04:00,2026-06-16 11:16:00-04:00,SHORT,2.5649417953,527.2200000000,533.7118435726,737.7000000000,740.4570724181,528.9654532355,527.2300000000,527.1245540000,528.9800000000,529.0857960000,37,19503.6084980000,1.7500000000,4.0000000000,64.7500000000,148.0000000000,2.2857142857,528.9800000000,523.2300000000,STOP,1,-64.7500000000,7.8159540000,0.2590000000,8.0749540000,-72.8249540000,-16.1875000000,1.9539885000,0.0647500000,2.0187385000,-18.2062385000
AMD,AMD,QQQ,2026-06-16 11:16:00-04:00,2026-06-16 11:17:00-04:00,2026-06-16 11:22:00-04:00,SHORT,2.8735033276,528.8550000000,533.6172099049,738.1500000000,740.4426053075,529.6710376035,528.8550000000,528.7492290000,524.8550000000,524.9599710000,37,19563.7214730000,1.7500000000,4.0000000000,64.7500000000,148.0000000000,2.2857142857,530.6050000000,524.8550000000,TAKE_PROFIT_BRACKET,5,148.0000000000,7.7974540000,0.2590000000,8.0564540000,139.9435460000,37.0000000000,1.9493635000,0.0647500000,2.0141135000,34.9858865000
AMD,AMD,QQQ,2026-06-16 14:00:00-04:00,2026-06-16 14:01:00-04:00,2026-06-16 14:16:00-04:00,LONG,-2.7277637681,520.2550000000,528.6076539213,734.1200000000,737.5050454203,522.8128162501,520.2550000000,520.3590510000,518.5050000000,518.4012990000,38,19773.6439380000,1.7500000000,4.0000000000,66.5000000000,152.0000000000,2.2857142857,518.5050000000,524.2550000000,STOP,15,-66.5000000000,7.8945760000,0.2660000000,8.1605760000,-74.6605760000,-16.6250000000,1.9736440000,0.0665000000,2.0401440000,-18.6651440000
AMD,AMD,QQQ,2026-06-16 14:16:00-04:00,2026-06-16 14:17:00-04:00,2026-06-16 14:35:00-04:00,LONG,-2.5021483786,518.7700000000,528.3723897767,733.4800000000,737.4344691391,521.6051245897,518.7500000000,518.8537500000,517.0000000000,516.8966000000,38,19716.4425000000,1.7500000000,4.0000000000,66.5000000000,152.0000000000,2.2857142857,517.0000000000,522.7500000000,STOP,18,-66.5000000000,7.8717000000,0.2660000000,8.1377000000,-74.6377000000,-16.6250000000,1.9679250000,0.0665000000,2.0344250000,-18.6594250000
AMD,AMD,QQQ,2026-06-16 15:55:00-04:00,2026-06-16 15:56:00-04:00,2026-06-16 15:59:00-04:00,LONG,-3.7432465919,508.2281000000,525.3576168585,731.2000000000,736.0761709555,517.0453491675,508.2600000000,508.3616520000,507.3000000000,507.1985400000,39,19826.1044280000,1.7500000000,4.0000000000,68.2500000000,156.0000000000,2.2857142857,506.5100000000,512.2600000000,FORCED_EOD,3,-37.4400000000,7.9213680000,0.2730000000,8.1943680000,-45.6343680000,-9.3600000000,1.9803420000,0.0682500000,2.0485920000,-11.4085920000
AMD,AMD,QQQ,2026-06-17 12:03:00-04:00,2026-06-17 12:04:00-04:00,2026-06-17 12:12:00-04:00,LONG,-2.8758069137,523.2200000000,518.4659689571,733.6600000000,732.9245912692,519.8453337405,523.2500000000,523.3546500000,521.5000000000,521.3957000000,38,19887.4767000000,1.7500000000,4.0000000000,66.5000000000,152.0000000000,2.2857142857,521.5000000000,527.2500000000,STOP,8,-66.5000000000,7.9401000000,0.2660000000,8.2061000000,-74.7061000000,-16.6250000000,1.9850250000,0.0665000000,2.0515250000,-18.6765250000
AMD,AMD,QQQ,2026-06-17 13:07:00-04:00,2026-06-17 13:08:00-04:00,2026-06-17 13:18:00-04:00,SHORT,2.5138596491,522.0000000000,518.9170992851,731.8200000000,732.9689806444,516.7602763697,522.0000000000,521.8956000000,523.7500000000,523.8547500000,38,19832.0328000000,1.7500000000,4.0000000000,66.5000000000,152.0000000000,2.2857142857,523.7500000000,518.0000000000,STOP,10,-66.5000000000,7.9477000000,0.2660000000,8.2137000000,-74.7137000000,-16.6250000000,1.9869250000,0.0665000000,2.0534250000,-18.6784250000
AMD,AMD,QQQ,2026-06-17 13:53:00-04:00,2026-06-17 13:54:00-04:00,2026-06-17 14:00:00-04:00,LONG,-2.6003032120,523.5901000000,519.3063514582,733.8100000000,732.8786424343,521.0561876944,523.6951000000,523.7998390200,521.9451000000,521.8407109800,38,19904.3938827600,1.7500000000,4.0000000000,66.5000000000,152.0000000000,2.2857142857,521.9451000000,527.6951000000,STOP,6,-66.5000000000,7.9468655200,0.2660000000,8.2128655200,-74.7128655200,-16.6250000000,1.9867163800,0.0665000000,2.0532163800,-18.6782163800
AMD,AMD,QQQ,2026-06-17 15:15:00-04:00,2026-06-17 15:16:00-04:00,2026-06-17 15:17:00-04:00,LONG,-2.5607656340,522.4700000000,520.4639558125,730.4550000000,731.7851513354,517.9555516637,522.6300000000,522.7345260000,520.8800000000,520.7758240000,38,19863.9119880000,1.7500000000,4.0000000000,66.5000000000,152.0000000000,2.2857142857,520.8800000000,526.6300000000,STOP,1,-66.5000000000,7.9306760000,0.2660000000,8.1966760000,-74.6966760000,-16.6250000000,1.9826690000,0.0665000000,2.0491690000,-18.6741690000
AMD,AMD,QQQ,2026-06-17 15:38:00-04:00,2026-06-17 15:39:00-04:00,2026-06-17 15:48:00-04:00,SHORT,2.9890508287,513.8600000000,520.2277933760,722.9100000000,731.2295916173,504.5338821541,513.8600000000,513.7572280000,515.6100000000,515.7131220000,38,19522.7746640000,1.7500000000,4.0000000000,66.5000000000,152.0000000000,2.2857142857,515.6100000000,509.8600000000,STOP,9,-66.5000000000,7.8239720000,0.2660000000,8.0899720000,-74.5899720000,-16.6250000000,1.9559930000,0.0665000000,2.0224930000,-18.6474930000
AMD,AMD,QQQ,2026-06-18 11:13:00-04:00,2026-06-18 11:14:00-04:00,2026-06-18 11:18:00-04:00,SHORT,2.7551462114,539.5900000000,532.0975243079,738.8700000000,735.9734066053,537.1392002208,539.4450000000,539.3371110000,535.4450000000,535.5520890000,37,19955.4731070000,1.7500000000,4.0000000000,64.7500000000,148.0000000000,2.2857142857,541.1950000000,535.4450000000,TAKE_PROFIT_BRACKET,4,148.0000000000,7.9541860000,0.2590000000,8.2131860000,139.7868140000,37.0000000000,1.9885465000,0.0647500000,2.0532965000,34.9467035000
AMD,AMD,QQQ,2026-06-18 14:45:00-04:00,2026-06-18 14:46:00-04:00,2026-06-18 15:22:00-04:00,LONG,-2.6641594834,530.1100000000,532.4992927033,739.2500000000,737.0996415213,536.2392097868,530.0500000000,530.1560100000,534.0500000000,533.9431900000,37,19615.7723700000,1.7500000000,4.0000000000,64.7500000000,148.0000000000,2.2857142857,528.3000000000,534.0500000000,TAKE_PROFIT_BRACKET,36,148.0000000000,7.8743400000,0.2590000000,8.1333400000,139.8666600000,37.0000000000,1.9685850000,0.0647500000,2.0333350000,34.9666650000
AMD,AMD,QQQ,2026-06-18 15:53:00-04:00,2026-06-18 15:54:00-04:00,2026-06-18 15:55:00-04:00,SHORT,2.5982325458,536.7450000000,532.5171642941,740.8300000000,737.6224896677,538.0919194501,536.7850000000,536.6776430000,538.5350000000,538.6427070000,37,19857.0727910000,1.7500000000,4.0000000000,64.7500000000,148.0000000000,2.2857142857,538.5350000000,532.7850000000,STOP,1,-64.7500000000,7.9573680000,0.2590000000,8.2163680000,-72.9663680000,-16.1875000000,1.9893420000,0.0647500000,2.0540920000,-18.2415920000
AMD,AMD,QQQ,2026-06-18 15:55:00-04:00,2026-06-18 15:56:00-04:00,2026-06-18 15:59:00-04:00,SHORT,3.2759189315,538.4700000000,532.6100598042,740.9500000000,737.6806587560,538.2928221515,538.6400000000,538.5322720000,536.4400000000,536.5472880000,37,19925.6940640000,1.7500000000,4.0000000000,64.7500000000,148.0000000000,2.2857142857,540.3900000000,534.6400000000,FORCED_EOD,3,81.4000000000,7.9555920000,0.2590000000,8.2145920000,73.1854080000,20.3500000000,1.9888980000,0.0647500000,2.0536480000,18.2963520000
AMD,AMD,QQQ,2026-06-22 11:42:00-04:00,2026-06-22 11:43:00-04:00,2026-06-22 11:49:00-04:00,LONG,-2.6677886364,543.8900000000,548.1528915824,738.2399000000,740.1189166652,544.9092265293,543.8900000000,543.9987780000,542.1400000000,542.0315720000,36,19583.9560080000,1.7500000000,4.0000000000,63.0000000000,144.0000000000,2.2857142857,542.1400000000,547.8900000000,STOP,6,-63.0000000000,7.8194160000,0.2520000000,8.0714160000,-71.0714160000,-15.7500000000,1.9548540000,0.0630000000,2.0178540000,-17.7678540000
AMD,AMD,QQQ,2026-06-22 14:33:00-04:00,2026-06-22 14:34:00-04:00,2026-06-22 15:50:00-04:00,SHORT,2.7613841280,547.0350000000,546.4921868600,737.4500000000,738.8005783848,544.1636576502,547.0350000000,546.9255930000,548.7850000000,548.8947570000,36,19689.3213480000,1.7500000000,4.0000000000,63.0000000000,144.0000000000,2.2857142857,548.7850000000,543.0350000000,STOP,76,-63.0000000000,7.8899040000,0.2520000000,8.1419040000,-71.1419040000,-15.7500000000,1.9724760000,0.0630000000,2.0354760000,-17.7854760000
AMD,AMD,QQQ,2026-06-23 12:04:00-04:00,2026-06-23 12:05:00-04:00,2026-06-23 12:10:00-04:00,SHORT,2.5669135931,525.6699000000,519.5089308904,718.9400000000,718.4949620985,520.2158709494,525.3100000000,525.2049380000,527.0600000000,527.1654120000,38,19957.7876440000,1.7500000000,4.0000000000,66.5000000000,152.0000000000,2.2857142857,527.0600000000,521.3100000000,STOP,5,-66.5000000000,7.9980120000,0.2660000000,8.2640120000,-74.7640120000,-16.6250000000,1.9995030000,0.0665000000,2.0660030000,-18.6910030000
AMD,AMD,QQQ,2026-06-23 12:49:00-04:00,2026-06-23 12:50:00-04:00,2026-06-23 12:53:00-04:00,LONG,-2.6314834480,522.2908000000,520.2775088882,719.0200000000,718.6087781531,520.9315951321,522.4900000000,522.5944980000,520.7400000000,520.6358520000,38,19858.5909240000,1.7500000000,4.0000000000,66.5000000000,152.0000000000,2.2857142857,520.7400000000,526.4900000000,STOP,3,-66.5000000000,7.9285480000,0.2660000000,8.1945480000,-74.6945480000,-16.6250000000,1.9821370000,0.0665000000,2.0486370000,-18.6736370000
AMD,AMD,QQQ,2026-06-23 12:53:00-04:00,2026-06-23 12:54:00-04:00,2026-06-23 13:28:00-04:00,LONG,-2.7394291730,520.9850000000,520.2893664542,718.7400000000,718.6103365759,520.4956123326,520.9850000000,521.0891970000,524.9850000000,524.8800030000,38,19801.3894860000,1.7500000000,4.0000000000,66.5000000000,152.0000000000,2.2857142857,519.2350000000,524.9850000000,TAKE_PROFIT_BRACKET,34,152.0000000000,7.9493720000,0.2660000000,8.2153720000,143.7846280000,38.0000000000,1.9873430000,0.0665000000,2.0538430000,35.9461570000
AMD,AMD,QQQ,2026-06-23 15:45:00-04:00,2026-06-23 15:46:00-04:00,2026-06-23 15:59:00-04:00,LONG,-2.5719338792,517.5600000000,519.9507579215,714.6299000000,717.3732758277,515.5823958116,517.7000000000,517.8035400000,520.0100000000,519.9059980000,38,19676.5345200000,1.7500000000,4.0000000000,66.5000000000,152.0000000000,2.2857142857,515.9500000000,521.7000000000,FORCED_EOD,13,87.7800000000,7.8865960000,0.2660000000,8.1525960000,79.6274040000,21.9450000000,1.9716490000,0.0665000000,2.0381490000,19.9068510000
AMD,AMD,QQQ,2026-06-24 14:08:00-04:00,2026-06-24 14:09:00-04:00,2026-06-24 14:16:00-04:00,SHORT,2.7583650283,511.2999000000,517.3995589011,708.5301000000,714.0172569435,508.7775652423,511.1750000000,511.0727650000,512.9250000000,513.0275850000,39,19931.8378350000,1.7500000000,4.0000000000,68.2500000000,156.0000000000,2.2857142857,512.9250000000,507.1750000000,STOP,7,-68.2500000000,7.9879800000,0.2730000000,8.2609800000,-76.5109800000,-17.0625000000,1.9969950000,0.0682500000,2.0652450000,-19.1277450000
AMD,AMD,QQQ,2026-06-24 14:58:00-04:00,2026-06-24 14:59:00-04:00,2026-06-24 15:03:00-04:00,LONG,-2.9448134634,506.2218000000,516.6618771678,706.3800000000,713.2532965946,505.8656830168,505.9002000000,506.0013800400,509.9002000000,509.7982199600,39,19734.0538215600,1.7500000000,4.0000000000,68.2500000000,156.0000000000,2.2857142857,504.1502000000,509.9002000000,TAKE_PROFIT_BRACKET,4,156.0000000000,7.9232431200,0.2730000000,8.1962431200,147.8037568800,39.0000000000,1.9808107800,0.0682500000,2.0490607800,36.9509392200
AMD,AMD,QQQ,2026-06-24 15:26:00-04:00,2026-06-24 15:27:00-04:00,2026-06-24 15:30:00-04:00,SHORT,2.5229251554,510.8850000000,515.9112841136,707.2001000000,712.5268851317,507.5479023559,510.9500000000,510.8478100000,512.7000000000,512.8025400000,39,19923.0645900000,1.7500000000,4.0000000000,68.2500000000,156.0000000000,2.2857142857,512.7000000000,506.9500000000,STOP,3,-68.2500000000,7.9844700000,0.2730000000,8.2574700000,-76.5074700000,-17.0625000000,1.9961175000,0.0682500000,2.0643675000,-19.1268675000
AMD,AMD,QQQ,2026-06-24 15:30:00-04:00,2026-06-24 15:31:00-04:00,2026-06-24 15:50:00-04:00,SHORT,2.7195224232,512.5300000000,515.8567909996,707.8000000000,712.4534107366,508.5506669624,512.3500000000,512.2475300000,514.1000000000,514.2028200000,39,19977.6536700000,1.7500000000,4.0000000000,68.2500000000,156.0000000000,2.2857142857,514.1000000000,508.3500000000,STOP,19,-68.2500000000,8.0063100000,0.2730000000,8.2793100000,-76.5293100000,-17.0625000000,2.0015775000,0.0682500000,2.0698275000,-19.1323275000
AMD,AMD,QQQ,2026-06-25 12:03:00-04:00,2026-06-25 12:04:00-04:00,2026-06-25 12:05:00-04:00,SHORT,3.0613739754,522.4100000000,524.9880601785,714.0100000000,713.6861486119,525.4236368684,522.4380000000,522.3335124000,524.1880000000,524.2928376000,38,19848.6734712000,1.7500000000,4.0000000000,66.5000000000,152.0000000000,2.2857142857,524.1880000000,518.4380000000,STOP,1,-66.5000000000,7.9543576000,0.2660000000,8.2203576000,-74.7203576000,-16.6250000000,1.9885894000,0.0665000000,2.0550894000,-18.6800894000
AMD,AMD,QQQ,2026-06-25 12:05:00-04:00,2026-06-25 12:06:00-04:00,2026-06-25 12:06:00-04:00,SHORT,2.5725837770,523.9750000000,524.9729267383,715.2500000000,713.6900657018,527.0709498664,524.1200000000,524.0151760000,525.8700000000,525.9751740000,38,19912.5766880000,1.7500000000,4.0000000000,66.5000000000,152.0000000000,2.2857142857,525.8700000000,520.1200000000,STOP,0,-66.5000000000,7.9799240000,0.2660000000,8.2459240000,-74.7459240000,-16.6250000000,1.9949810000,0.0665000000,2.0614810000,-18.6864810000
AMD,AMD,QQQ,2026-06-25 12:06:00-04:00,2026-06-25 12:07:00-04:00,2026-06-25 12:10:00-04:00,SHORT,2.6647645696,526.0500000000,524.9769986561,716.5700000000,713.6990383426,528.8382606063,526.1450000000,526.0397710000,527.8950000000,528.0005790000,38,19989.5112980000,1.7500000000,4.0000000000,66.5000000000,152.0000000000,2.2857142857,527.8950000000,522.1450000000,STOP,3,-66.5000000000,8.0107040000,0.2660000000,8.2767040000,-74.7767040000,-16.6250000000,2.0026760000,0.0665000000,2.0691760000,-18.6941760000
AMD,AMD,QQQ,2026-06-25 13:35:00-04:00,2026-06-25 13:36:00-04:00,2026-06-25 14:31:00-04:00,SHORT,2.9651897472,528.4050000000,525.3049326635,716.1700000000,714.1233951157,528.0575695990,528.4050000000,528.2993190000,524.4050000000,524.5098810000,37,19547.0748030000,1.7500000000,4.0000000000,64.7500000000,148.0000000000,2.2857142857,530.1550000000,524.4050000000,TAKE_PROFIT_BRACKET,55,148.0000000000,7.7907940000,0.2590000000,8.0497940000,139.9502060000,37.0000000000,1.9476985000,0.0647500000,2.0124485000,34.9875515000
AMD,AMD,QQQ,2026-06-25 14:31:00-04:00,2026-06-25 14:32:00-04:00,2026-06-25 14:35:00-04:00,LONG,-2.6378388213,524.3600000000,525.5460644921,717.9500000000,714.4424413078,530.2637088496,524.2215000000,524.3263443000,522.4715000000,522.3670057000,38,19924.4010834000,1.7500000000,4.0000000000,66.5000000000,152.0000000000,2.2857142857,522.4715000000,528.2215000000,STOP,3,-66.5000000000,7.9548668000,0.2660000000,8.2208668000,-74.7208668000,-16.6250000000,1.9887167000,0.0665000000,2.0552167000,-18.6802167000
AMD,AMD,QQQ,2026-06-25 15:40:00-04:00,2026-06-25 15:41:00-04:00,2026-06-25 15:41:00-04:00,SHORT,2.5288986391,524.9950000000,525.3465759073,713.7250000000,714.5194968259,524.2785034949,524.9000000000,524.7950200000,526.6500000000,526.7553300000,38,19942.2107600000,1.7500000000,4.0000000000,66.5000000000,152.0000000000,2.2857142857,526.6500000000,520.9000000000,STOP,0,-66.5000000000,7.9917800000,0.2660000000,8.2577800000,-74.7577800000,-16.6250000000,1.9979450000,0.0665000000,2.0644450000,-18.6894450000
AMD,AMD,QQQ,2026-06-25 15:41:00-04:00,2026-06-25 15:42:00-04:00,2026-06-25 15:51:00-04:00,SHORT,3.4323542471,527.2800000000,525.3516118339,714.3400000000,714.5177495576,525.1126534432,527.1500000000,527.0445700000,523.1500000000,523.2546300000,37,19500.6490900000,1.7500000000,4.0000000000,64.7500000000,148.0000000000,2.2857142857,528.9000000000,523.1500000000,TAKE_PROFIT_BRACKET,9,148.0000000000,7.7722200000,0.2590000000,8.0312200000,139.9687800000,37.0000000000,1.9430550000,0.0647500000,2.0078050000,34.9921950000
AMD,AMD,QQQ,2026-06-25 15:55:00-04:00,2026-06-25 15:56:00-04:00,2026-06-25 15:59:00-04:00,SHORT,3.0782509729,531.1403000000,525.4642178500,715.1300000000,714.5106393884,526.2970447405,531.1100000000,531.0037780000,532.6900000000,532.7965380000,37,19647.1397860000,1.7500000000,4.0000000000,64.7500000000,148.0000000000,2.2857142857,532.8600000000,527.1100000000,FORCED_EOD,3,-58.4600000000,7.8721200000,0.2590000000,8.1311200000,-66.5911200000,-14.6150000000,1.9680300000,0.0647500000,2.0327800000,-16.6477800000
AMD,AMD,QQQ,2026-06-26 11:00:00-04:00,2026-06-26 11:01:00-04:00,2026-06-26 11:11:00-04:00,LONG,-2.5883651848,515.8950000000,515.5375243152,710.9100000000,709.2503713013,517.7927944241,515.8000000000,515.9031600000,514.0500000000,513.9471900000,38,19604.3200800000,1.7500000000,4.0000000000,66.5000000000,152.0000000000,2.2857142857,514.0500000000,519.8000000000,STOP,10,-66.5000000000,7.8268600000,0.2660000000,8.0928600000,-74.5928600000,-16.6250000000,1.9567150000,0.0665000000,2.0232150000,-18.6482150000
AMD,AMD,QQQ,2026-06-26 13:30:00-04:00,2026-06-26 13:31:00-04:00,2026-06-26 13:59:00-04:00,SHORT,2.7882023458,523.2000000000,516.9221974922,714.0800000000,710.6220596446,521.6247203230,523.1800000000,523.0753640000,519.1800000000,519.2838360000,38,19876.8638320000,1.7500000000,4.0000000000,66.5000000000,152.0000000000,2.2857142857,524.9300000000,519.1800000000,TAKE_PROFIT_BRACKET,28,152.0000000000,7.9219360000,0.2660000000,8.1879360000,143.8120640000,38.0000000000,1.9804840000,0.0665000000,2.0469840000,35.9530160000
AMD,AMD,QQQ,2026-06-26 14:48:00-04:00,2026-06-26 14:49:00-04:00,2026-06-26 15:08:00-04:00,SHORT,2.5514062001,518.4600000000,517.3658112087,708.7501000000,710.6443298097,514.7876800027,518.4700000000,518.3663060000,520.2200000000,520.3240440000,38,19697.9196280000,1.7500000000,4.0000000000,66.5000000000,152.0000000000,2.2857142857,520.2200000000,514.4700000000,STOP,19,-66.5000000000,7.8940440000,0.2660000000,8.1600440000,-74.6600440000,-16.6250000000,1.9735110000,0.0665000000,2.0400110000,-18.6650110000
AMD,AMD,QQQ,2026-06-26 15:40:00-04:00,2026-06-26 15:41:00-04:00,2026-06-26 15:50:00-04:00,LONG,-3.6974969082,517.9100000000,517.5524970054,709.7850000000,710.3625887287,516.7657774337,517.8400000000,517.9435680000,516.0900000000,515.9867820000,38,19681.8555840000,1.7500000000,4.0000000000,66.5000000000,152.0000000000,2.2857142857,516.0900000000,521.8400000000,STOP,9,-66.5000000000,7.8578680000,0.2660000000,8.1238680000,-74.6238680000,-16.6250000000,1.9644670000,0.0665000000,2.0309670000,-18.6559670000
AMD,AMD,QQQ,2026-06-26 15:51:00-04:00,2026-06-26 15:52:00-04:00,2026-06-26 15:55:00-04:00,LONG,-2.7735717046,515.2700000000,517.5769717197,708.9300000000,710.3631154320,515.6248691532,515.1900000000,515.2930380000,519.1900000000,519.0861620000,38,19581.1354440000,1.7500000000,4.0000000000,66.5000000000,152.0000000000,2.2857142857,513.4400000000,519.1900000000,TAKE_PROFIT_BRACKET,3,152.0000000000,7.8612880000,0.2660000000,8.1272880000,143.8727120000,38.0000000000,1.9653220000,0.0665000000,2.0318220000,35.9681780000
AMD,AMD,QQQ,2026-06-26 15:57:00-04:00,2026-06-26 15:58:00-04:00,2026-06-26 15:59:00-04:00,SHORT,3.3401516305,523.4350000000,517.7055141094,709.1450000000,710.3203457631,516.1040356547,523.4600000000,523.3553080000,519.4600000000,519.5638920000,38,19887.5017040000,1.7500000000,4.0000000000,66.5000000000,152.0000000000,2.2857142857,525.2100000000,519.4600000000,TAKE_PROFIT_BRACKET,1,152.0000000000,7.9261920000,0.2660000000,8.1921920000,143.8078080000,38.0000000000,1.9815480000,0.0665000000,2.0480480000,35.9519520000
AMD,AMD,QQQ,2026-06-29 10:56:00-04:00,2026-06-29 10:57:00-04:00,2026-06-29 11:00:00-04:00,SHORT,2.6179508764,513.3550000000,513.4496631639,714.9101000000,712.4375787582,517.3884092079,513.2100000000,513.1073580000,514.9600000000,515.0629920000,38,19498.0796040000,1.7500000000,4.0000000000,66.5000000000,152.0000000000,2.2857142857,514.9600000000,509.2100000000,STOP,3,-66.5000000000,7.8140920000,0.2660000000,8.0800920000,-74.5800920000,-16.6250000000,1.9535230000,0.0665000000,2.0200230000,-18.6450230000
AMD,AMD,QQQ,2026-06-29 11:01:00-04:00,2026-06-29 11:02:00-04:00,2026-06-29 11:11:00-04:00,SHORT,2.5552674138,515.8500000000,513.4599651268,716.1000000000,712.5487121288,519.1164261635,515.6000000000,515.4968800000,517.3500000000,517.4534700000,38,19588.8814400000,1.7500000000,4.0000000000,66.5000000000,152.0000000000,2.2857142857,517.3500000000,511.6000000000,STOP,9,-66.5000000000,7.8504200000,0.2660000000,8.1164200000,-74.6164200000,-16.6250000000,1.9626050000,0.0665000000,2.0291050000,-18.6541050000
AMD,AMD,QQQ,2026-06-29 11:11:00-04:00,2026-06-29 11:12:00-04:00,2026-06-29 11:14:00-04:00,SHORT,2.6991266572,516.2950000000,513.5594949198,715.2200000000,712.7075164085,517.5612412241,516.4547000000,516.3514090600,518.2047000000,518.3083409400,38,19621.3535442800,1.7500000000,4.0000000000,66.5000000000,152.0000000000,2.2857142857,518.2047000000,512.4547000000,STOP,2,-66.5000000000,7.8634114400,0.2660000000,8.1294114400,-74.6294114400,-16.6250000000,1.9658528600,0.0665000000,2.0323528600,-18.6573528600
AMD,AMD,QQQ,2026-06-29 11:14:00-04:00,2026-06-29 11:15:00-04:00,2026-06-29 11:15:00-04:00,SHORT,2.9086847669,519.7350000000,513.6667775827,716.0900000000,712.7584843353,518.9737622893,519.9500000000,519.8460100000,521.7000000000,521.8043400000,38,19754.1483800000,1.7500000000,4.0000000000,66.5000000000,152.0000000000,2.2857142857,521.7000000000,515.9500000000,STOP,0,-66.5000000000,7.9165400000,0.2660000000,8.1825400000,-74.6825400000,-16.6250000000,1.9791350000,0.0665000000,2.0456350000,-18.6706350000
AMD,AMD,QQQ,2026-06-29 11:15:00-04:00,2026-06-29 11:16:00-04:00,2026-06-29 11:23:00-04:00,SHORT,3.2815566493,522.3200000000,513.7551411652,716.5200000000,712.7791919365,519.7149658953,522.4600000000,522.3555080000,518.4600000000,518.5636920000,38,19849.5093040000,1.7500000000,4.0000000000,66.5000000000,152.0000000000,2.2857142857,524.2100000000,518.4600000000,TAKE_PROFIT_BRACKET,7,152.0000000000,7.9109920000,0.2660000000,8.1769920000,143.8230080000,38.0000000000,1.9777480000,0.0665000000,2.0442480000,35.9557520000
AMD,AMD,QQQ,2026-06-29 13:15:00-04:00,2026-06-29 13:16:00-04:00,2026-06-29 13:24:00-04:00,SHORT,2.8847452474,536.6500000000,517.9590563794,722.5350000000,714.8280019072,530.3027751937,536.8400000000,536.7326320000,538.5900000000,538.6977180000,37,19859.1073840000,1.7500000000,4.0000000000,64.7500000000,148.0000000000,2.2857142857,538.5900000000,532.8400000000,STOP,8,-64.7500000000,7.9581820000,0.2590000000,8.2171820000,-72.9671820000,-16.1875000000,1.9895455000,0.0647500000,2.0542955000,-18.2417955000
AMD,AMD,QQQ,2026-06-29 13:26:00-04:00,2026-06-29 13:27:00-04:00,2026-06-29 13:33:00-04:00,SHORT,4.0237960190,540.9000000000,518.8519796109,722.3064000000,715.0417066686,530.5038671533,540.7101000000,540.6019579800,536.7101000000,536.8174420200,36,19461.6704872800,1.7500000000,4.0000000000,63.0000000000,144.0000000000,2.2857142857,542.4601000000,536.7101000000,TAKE_PROFIT_BRACKET,6,144.0000000000,7.7574254400,0.2520000000,8.0094254400,135.9905745600,36.0000000000,1.9393563600,0.0630000000,2.0023563600,33.9976436400
AMD,AMD,QQQ,2026-06-29 15:04:00-04:00,2026-06-29 15:05:00-04:00,2026-06-29 15:59:00-04:00,LONG,-2.5616485941,535.5500000000,522.3485946530,722.9300000000,716.4307590131,532.8226711653,535.5200000000,535.6271040000,539.5200000000,539.4120960000,37,19818.2028480000,1.7500000000,4.0000000000,64.7500000000,148.0000000000,2.2857142857,533.7700000000,539.5200000000,TAKE_PROFIT_BRACKET,54,148.0000000000,7.9552960000,0.2590000000,8.2142960000,139.7857040000,37.0000000000,1.9888240000,0.0647500000,2.0535740000,34.9464260000
AMD,AMD,QQQ,2026-06-30 10:56:00-04:00,2026-06-30 10:57:00-04:00,2026-06-30 11:01:00-04:00,SHORT,3.0317528351,559.0100000000,555.6450069029,730.7600000000,730.2953164711,556.2447235370,558.9750000000,558.8632050000,560.7250000000,560.8371450000,35,19560.2121750000,1.7500000000,4.0000000000,61.2500000000,140.0000000000,2.2857142857,560.7250000000,554.9750000000,STOP,4,-61.2500000000,7.8379000000,0.2450000000,8.0829000000,-69.3329000000,-15.3125000000,1.9594750000,0.0612500000,2.0207250000,-17.3332250000
AMD,AMD,QQQ,2026-06-30 11:01:00-04:00,2026-06-30 11:02:00-04:00,2026-06-30 11:04:00-04:00,SHORT,2.6472453371,560.8050000000,555.7588497949,731.7500000000,730.3270335763,557.5956147239,560.7300000000,560.6178540000,562.4800000000,562.5924960000,35,19621.6248900000,1.7500000000,4.0000000000,61.2500000000,140.0000000000,2.2857142857,562.4800000000,556.7300000000,STOP,2,-61.2500000000,7.8624700000,0.2450000000,8.1074700000,-69.3574700000,-15.3125000000,1.9656175000,0.0612500000,2.0268675000,-17.3393675000
AMD,AMD,QQQ,2026-06-30 11:04:00-04:00,2026-06-30 11:05:00-04:00,2026-06-30 11:06:00-04:00,SHORT,2.8982148401,562.9700000000,555.8974527268,732.0200000000,730.3694034683,558.0284503048,562.8700000000,562.7574260000,564.6200000000,564.7329240000,35,19696.5099100000,1.7500000000,4.0000000000,61.2500000000,140.0000000000,2.2857142857,564.6200000000,558.8700000000,STOP,1,-61.2500000000,7.8924300000,0.2450000000,8.1374300000,-69.3874300000,-15.3125000000,1.9731075000,0.0612500000,2.0343575000,-17.3468575000
AMD,AMD,QQQ,2026-06-30 11:06:00-04:00,2026-06-30 11:07:00-04:00,2026-06-30 11:34:00-04:00,SHORT,3.0560565984,565.0809000000,556.2048685255,732.1700000000,730.3919546299,558.5016070718,565.3750000000,565.2619250000,567.1250000000,567.2384250000,35,19784.1673750000,1.7500000000,4.0000000000,61.2500000000,140.0000000000,2.2857142857,567.1250000000,561.3750000000,STOP,27,-61.2500000000,7.9275000000,0.2450000000,8.1725000000,-69.4225000000,-15.3125000000,1.9818750000,0.0612500000,2.0431250000,-17.3556250000
AMD,AMD,QQQ,2026-06-30 11:50:00-04:00,2026-06-30 11:51:00-04:00,2026-06-30 12:13:00-04:00,SHORT,2.8861405603,577.5000000000,559.2940212873,733.7815000000,730.8125796161,563.1481181864,577.4900000000,577.3745020000,579.2400000000,579.3558480000,34,19630.7330680000,1.7500000000,4.0000000000,59.5000000000,136.0000000000,2.2857142857,579.2400000000,573.4900000000,STOP,22,-59.5000000000,7.8657640000,0.2380000000,8.1037640000,-67.6037640000,-14.8750000000,1.9664410000,0.0595000000,2.0259410000,-16.9009410000
AMD,AMD,QQQ,2026-06-30 15:38:00-04:00,2026-06-30 15:39:00-04:00,2026-06-30 15:59:00-04:00,LONG,-2.5573927509,580.8300000000,568.7272870546,736.5000000000,733.6461487584,572.4799423253,580.8050000000,580.9211610000,580.8200000000,580.7038360000,34,19751.3194740000,1.7500000000,4.0000000000,59.5000000000,136.0000000000,2.2857142857,579.0550000000,584.8050000000,FORCED_EOD,20,0.5100000000,7.8990500000,0.2380000000,8.1370500000,-7.6270500000,0.1275000000,1.9747625000,0.0595000000,2.0342625000,-1.9067625000
AMD,AMD,QQQ,2026-07-01 14:45:00-04:00,2026-07-01 14:46:00-04:00,2026-07-01 15:05:00-04:00,LONG,-3.1281225578,544.8900000000,553.7904232859,726.5500000000,728.7046238680,550.4875003480,544.8900000000,544.9989780000,548.8900000000,548.7802220000,36,19619.9632080000,1.7500000000,4.0000000000,63.0000000000,144.0000000000,2.2857142857,543.1400000000,548.8900000000,TAKE_PROFIT_BRACKET,19,144.0000000000,7.8752160000,0.2520000000,8.1272160000,135.8727840000,36.0000000000,1.9688040000,0.0630000000,2.0318040000,33.9681960000
AMD,AMD,QQQ,2026-07-01 15:55:00-04:00,2026-07-01 15:56:00-04:00,2026-07-01 15:59:00-04:00,LONG,-2.7893303519,539.9050000000,552.3433176297,725.8900000000,728.3284622395,548.6131279550,539.9050000000,540.0129810000,540.8900000000,540.7818220000,37,19980.4802970000,1.7500000000,4.0000000000,64.7500000000,148.0000000000,2.2857142857,538.1550000000,543.9050000000,FORCED_EOD,3,36.4450000000,7.9978830000,0.2590000000,8.2568830000,28.1881170000,9.1112500000,1.9994707500,0.0647500000,2.0642207500,7.0470292500
AMD,AMD,QQQ,2026-07-02 13:35:00-04:00,2026-07-02 13:36:00-04:00,2026-07-02 13:50:00-04:00,SHORT,2.6179086022,512.8000000000,524.6008177850,709.8100000000,718.7910255290,506.8579507666,512.6100000000,512.5074780000,508.6100000000,508.7117220000,39,19987.7916420000,1.7500000000,4.0000000000,68.2500000000,156.0000000000,2.2857142857,514.3600000000,508.6100000000,TAKE_PROFIT_BRACKET,14,156.0000000000,7.9655160000,0.2730000000,8.2385160000,147.7614840000,39.0000000000,1.9913790000,0.0682500000,2.0596290000,36.9403710000
AMD,AMD,QQQ,2026-07-02 14:06:00-04:00,2026-07-02 14:07:00-04:00,2026-07-02 14:11:00-04:00,LONG,-3.1705263495,511.5200000000,523.4151871768,710.4200000000,717.8995149944,508.6537838558,511.4000000000,511.5022800000,515.4000000000,515.2969200000,39,19948.5889200000,1.7500000000,4.0000000000,68.2500000000,156.0000000000,2.2857142857,509.6500000000,515.4000000000,TAKE_PROFIT_BRACKET,4,156.0000000000,8.0090400000,0.2730000000,8.2820400000,147.7179600000,39.0000000000,2.0022600000,0.0682500000,2.0705100000,36.9294900000
AMD,AMD,QQQ,2026-07-02 14:13:00-04:00,2026-07-02 14:14:00-04:00,2026-07-02 14:15:00-04:00,LONG,-2.7246088794,512.5500000000,523.2597993944,711.0200000000,717.7584602844,509.9622603975,513.0200000000,513.1226040000,511.2700000000,511.1677460000,38,19498.6589520000,1.7500000000,4.0000000000,66.5000000000,152.0000000000,2.2857142857,511.2700000000,517.0200000000,STOP,1,-66.5000000000,7.7846040000,0.2660000000,8.0506040000,-74.5506040000,-16.6250000000,1.9461510000,0.0665000000,2.0126510000,-18.6376510000
AMD,AMD,QQQ,2026-07-02 15:06:00-04:00,2026-07-02 15:07:00-04:00,2026-07-02 15:07:00-04:00,LONG,-2.7837652092,509.5400000000,522.2087565641,709.6850000000,717.0963754088,507.5992016820,509.5000000000,509.6019000000,507.7500000000,507.6484500000,39,19874.4741000000,1.7500000000,4.0000000000,68.2500000000,156.0000000000,2.2857142857,507.7500000000,513.5000000000,STOP,0,-68.2500000000,7.9345500000,0.2730000000,8.2075500000,-76.4575500000,-17.0625000000,1.9836375000,0.0682500000,2.0518875000,-19.1143875000
AMD,AMD,QQQ,2026-07-02 15:07:00-04:00,2026-07-02 15:08:00-04:00,2026-07-02 15:24:00-04:00,LONG,-4.1411159220,508.0500000000,522.1426833764,709.5050000000,717.0728190707,507.2261389459,507.8100000000,507.9115620000,506.0600000000,505.9587880000,39,19808.5509180000,1.7500000000,4.0000000000,68.2500000000,156.0000000000,2.2857142857,506.0600000000,511.8100000000,STOP,16,-68.2500000000,7.9081860000,0.2730000000,8.1811860000,-76.4311860000,-17.0625000000,1.9770465000,0.0682500000,2.0452965000,-19.1077965000
AMD,AMD,QQQ,2026-07-06 11:18:00-04:00,2026-07-06 11:19:00-04:00,2026-07-06 11:26:00-04:00,LONG,-2.5072546988,560.9000000000,559.0933304712,723.0100000000,722.7128598577,559.6935072214,560.7100000000,560.8221420000,564.7100000000,564.5970580000,35,19628.7749700000,1.7500000000,4.0000000000,61.2500000000,140.0000000000,2.2857142857,558.9600000000,564.7100000000,TAKE_PROFIT_BRACKET,7,140.0000000000,7.8779400000,0.2450000000,8.1229400000,131.8770600000,35.0000000000,1.9694850000,0.0612500000,2.0307350000,32.9692650000
AMD,AMD,QQQ,2026-07-06 14:27:00-04:00,2026-07-06 14:28:00-04:00,2026-07-06 14:32:00-04:00,LONG,-3.3930065102,555.0000000000,559.7565575642,723.4399000000,723.1644776197,560.3131799183,555.0300000000,555.1410060000,553.2800000000,553.1693440000,36,19985.0762160000,1.7500000000,4.0000000000,63.0000000000,144.0000000000,2.2857142857,553.2800000000,559.0300000000,STOP,4,-63.0000000000,7.9798320000,0.2520000000,8.2318320000,-71.2318320000,-15.7500000000,1.9949580000,0.0630000000,2.0579580000,-17.8079580000
AMD,AMD,QQQ,2026-07-06 14:32:00-04:00,2026-07-06 14:33:00-04:00,2026-07-06 15:18:00-04:00,LONG,-3.6839684594,552.3788000000,559.7122663133,722.9500000000,723.1647434102,559.2783092744,552.4500000000,552.5604900000,556.4500000000,556.3387100000,36,19892.1776400000,1.7500000000,4.0000000000,63.0000000000,144.0000000000,2.2857142857,550.7000000000,556.4500000000,TAKE_PROFIT_BRACKET,45,144.0000000000,7.9840800000,0.2520000000,8.2360800000,135.7639200000,36.0000000000,1.9960200000,0.0630000000,2.0590200000,33.9409800000
AMD,AMD,QQQ,2026-07-06 15:34:00-04:00,2026-07-06 15:35:00-04:00,2026-07-06 15:42:00-04:00,SHORT,3.1415046165,556.8150000000,559.2411451498,724.5600000000,723.3131561107,561.7581505348,556.8150000000,556.7036370000,558.5650000000,558.6767130000,35,19484.6272950000,1.7500000000,4.0000000000,61.2500000000,140.0000000000,2.2857142857,558.5650000000,552.8150000000,STOP,7,-61.2500000000,7.8076600000,0.2450000000,8.0526600000,-69.3026600000,-15.3125000000,1.9519150000,0.0612500000,2.0131650000,-17.3256650000
AMD,AMD,QQQ,2026-07-06 15:42:00-04:00,2026-07-06 15:43:00-04:00,2026-07-06 15:52:00-04:00,SHORT,2.7602296834,557.6850000000,559.2074707705,724.3800000000,723.3320980019,561.3226891302,557.8400000000,557.7284320000,553.8400000000,553.9507680000,35,19520.4951200000,1.7500000000,4.0000000000,61.2500000000,140.0000000000,2.2857142857,559.5900000000,553.8400000000,TAKE_PROFIT_BRACKET,9,140.0000000000,7.7817600000,0.2450000000,8.0267600000,131.9732400000,35.0000000000,1.9454400000,0.0612500000,2.0066900000,32.9933100000
AMD,AMD,QQQ,2026-07-07 11:34:00-04:00,2026-07-07 11:35:00-04:00,2026-07-07 11:45:00-04:00,SHORT,2.5231888622,512.0301000000,511.2846618281,706.9200000000,709.2837837603,506.1779279030,512.3100000000,512.2075380000,514.0600000000,514.1628120000,39,19976.0939820000,1.7500000000,4.0000000000,68.2500000000,156.0000000000,2.2857142857,514.0600000000,508.3100000000,STOP,10,-68.2500000000,8.0056860000,0.2730000000,8.2786860000,-76.5286860000,-17.0625000000,2.0014215000,0.0682500000,2.0696715000,-19.1321715000
AMD,AMD,QQQ,2026-07-07 12:39:00-04:00,2026-07-07 12:40:00-04:00,2026-07-07 14:42:00-04:00,LONG,-2.5092688669,520.3850000000,512.9307357523,712.2500000000,709.5222166862,518.8408427774,520.3850000000,520.4890770000,518.6350000000,518.5312730000,38,19778.5849260000,1.7500000000,4.0000000000,66.5000000000,152.0000000000,2.2857142857,518.6350000000,524.3850000000,STOP,122,-66.5000000000,7.8965520000,0.2660000000,8.1625520000,-74.6625520000,-16.6250000000,1.9741380000,0.0665000000,2.0406380000,-18.6656380000
AMD,AMD,QQQ,2026-07-08 11:30:00-04:00,2026-07-08 11:31:00-04:00,2026-07-08 11:33:00-04:00,SHORT,2.6439294064,501.7900000000,511.7499003943,701.4000000000,706.4301056079,497.1743265428,501.8400000000,501.7396320000,503.5900000000,503.6907180000,39,19567.8456480000,1.7500000000,4.0000000000,68.2500000000,156.0000000000,2.2857142857,503.5900000000,497.8400000000,STOP,2,-68.2500000000,7.8423540000,0.2730000000,8.1153540000,-76.3653540000,-17.0625000000,1.9605885000,0.0682500000,2.0288385000,-19.0913385000
AMD,AMD,QQQ,2026-07-08 13:55:00-04:00,2026-07-08 13:56:00-04:00,2026-07-08 14:00:00-04:00,SHORT,2.5161492398,511.1300000000,510.8753460233,708.3350000000,706.5517452428,516.0329067951,511.1300000000,511.0277740000,512.8800000000,512.9825760000,39,19930.0831860000,1.7500000000,4.0000000000,68.2500000000,156.0000000000,2.2857142857,512.8800000000,507.1300000000,STOP,4,-68.2500000000,7.9872780000,0.2730000000,8.2602780000,-76.5102780000,-17.0625000000,1.9968195000,0.0682500000,2.0650695000,-19.1275695000
AMD,AMD,QQQ,2026-07-08 15:55:00-04:00,2026-07-08 15:56:00-04:00,2026-07-08 15:59:00-04:00,LONG,-3.4249176472,516.9300000000,511.4929734142,711.4500000000,707.2168624452,523.7394015170,517.0800000000,517.1834160000,517.2600000000,517.1565480000,38,19652.9698080000,1.7500000000,4.0000000000,66.5000000000,152.0000000000,2.2857142857,515.3300000000,521.0800000000,FORCED_EOD,3,6.8400000000,7.8609840000,0.2660000000,8.1269840000,-1.2869840000,1.7100000000,1.9652460000,0.0665000000,2.0317460000,-0.3217460000
AMD,AMD,QQQ,2026-07-09 10:15:00-04:00,2026-07-09 10:16:00-04:00,2026-07-09 10:16:00-04:00,SHORT,2.6904228605,551.7500000000,549.4909321519,717.5400000000,720.3275646661,541.4543167498,551.6950000000,551.5846610000,553.4450000000,553.5556890000,36,19857.0477960000,1.7500000000,4.0000000000,63.0000000000,144.0000000000,2.2857142857,553.4450000000,547.6950000000,STOP,0,-63.0000000000,7.9570080000,0.2520000000,8.2090080000,-71.2090080000,-15.7500000000,1.9892520000,0.0630000000,2.0522520000,-17.8022520000
AMD,AMD,QQQ,2026-07-09 10:16:00-04:00,2026-07-09 10:17:00-04:00,2026-07-09 10:20:00-04:00,SHORT,2.5399981516,553.5950000000,549.5408109045,717.9650000000,720.2166320445,543.0477128217,553.5100000000,553.3992980000,549.5100000000,549.6199020000,36,19922.3747280000,1.7500000000,4.0000000000,63.0000000000,144.0000000000,2.2857142857,555.2600000000,549.5100000000,TAKE_PROFIT_BRACKET,3,144.0000000000,7.9417440000,0.2520000000,8.1937440000,135.8062560000,36.0000000000,1.9854360000,0.0630000000,2.0484360000,33.9515640000
AMD,AMD,QQQ,2026-07-09 13:11:00-04:00,2026-07-09 13:12:00-04:00,2026-07-09 13:25:00-04:00,LONG,-2.5685747675,552.1700000000,551.8531822937,723.5900000000,720.2756097599,561.4504193565,552.0900000000,552.2004180000,550.3400000000,550.2299320000,36,19879.2150480000,1.7500000000,4.0000000000,63.0000000000,144.0000000000,2.2857142857,550.3400000000,556.0900000000,STOP,13,-63.0000000000,7.9374960000,0.2520000000,8.1894960000,-71.1894960000,-15.7500000000,1.9843740000,0.0630000000,2.0473740000,-17.7973740000
AMD,AMD,QQQ,2026-07-09 14:47:00-04:00,2026-07-09 14:48:00-04:00,2026-07-09 15:05:00-04:00,SHORT,2.5609949808,547.7300000000,551.0537012778,723.4148000000,721.0043782061,558.0162268905,547.6500000000,547.5404700000,543.6500000000,543.7587300000,36,19711.4569200000,1.7500000000,4.0000000000,63.0000000000,144.0000000000,2.2857142857,549.4000000000,543.6500000000,TAKE_PROFIT_BRACKET,17,144.0000000000,7.8573600000,0.2520000000,8.1093600000,135.8906400000,36.0000000000,1.9643400000,0.0630000000,2.0273400000,33.9726600000
AMD,AMD,QQQ,2026-07-10 13:29:00-04:00,2026-07-10 13:30:00-04:00,2026-07-10 14:20:00-04:00,SHORT,2.9282968613,559.1400000000,550.3908885965,725.7700000000,722.5857607187,558.6384560996,559.1800000000,559.0681640000,555.1800000000,555.2910360000,35,19567.3857400000,1.7500000000,4.0000000000,61.2500000000,140.0000000000,2.2857142857,560.9300000000,555.1800000000,TAKE_PROFIT_BRACKET,50,140.0000000000,7.8005200000,0.2450000000,8.0455200000,131.9544800000,35.0000000000,1.9501300000,0.0612500000,2.0113800000,32.9886200000
AMD,AMD,QQQ,2026-07-10 15:03:00-04:00,2026-07-10 15:04:00-04:00,2026-07-10 15:08:00-04:00,LONG,-3.4537293264,556.2700000000,552.2335500079,726.3400000000,723.2292285604,560.3106092453,556.2400000000,556.3512480000,554.4900000000,554.3791020000,35,19472.2936800000,1.7500000000,4.0000000000,61.2500000000,140.0000000000,2.2857142857,554.4900000000,560.2400000000,STOP,4,-61.2500000000,7.7751100000,0.2450000000,8.0201100000,-69.2701100000,-15.3125000000,1.9437775000,0.0612500000,2.0050275000,-17.3175275000
AMD,AMD,QQQ,2026-07-10 15:08:00-04:00,2026-07-10 15:09:00-04:00,2026-07-10 15:17:00-04:00,LONG,-3.2923870352,554.1400000000,552.2592799048,725.8199000000,723.2594288914,558.9075268772,554.3100000000,554.4208620000,552.5600000000,552.4494880000,36,19959.1510320000,1.7500000000,4.0000000000,63.0000000000,144.0000000000,2.2857142857,552.5600000000,558.3100000000,STOP,8,-63.0000000000,7.9694640000,0.2520000000,8.2214640000,-71.2214640000,-15.7500000000,1.9923660000,0.0630000000,2.0553660000,-17.8053660000
AMD,AMD,QQQ,2026-07-10 15:55:00-04:00,2026-07-10 15:56:00-04:00,2026-07-10 15:59:00-04:00,SHORT,4.1046109496,558.4800000000,552.4667992785,725.6800000000,723.5482630340,558.0017102734,558.3901000000,558.2784219800,557.9900000000,558.1015980000,35,19539.7447693000,1.7500000000,4.0000000000,61.2500000000,140.0000000000,2.2857142857,560.1401000000,554.3901000000,FORCED_EOD,3,14.0035000000,7.8146607000,0.2450000000,8.0596607000,5.9438393000,3.5008750000,1.9536651750,0.0612500000,2.0149151750,1.4859598250
AMD,AMD,QQQ,2026-07-13 10:16:00-04:00,2026-07-13 10:17:00-04:00,2026-07-13 10:17:00-04:00,SHORT,3.2925666999,537.8300000000,534.1603042666,714.0500000000,715.3271925613,530.6176131277,537.8900000000,537.7824220000,539.6400000000,539.7479280000,37,19897.9496140000,1.7500000000,4.0000000000,64.7500000000,148.0000000000,2.2857142857,539.6400000000,533.8900000000,STOP,0,-64.7500000000,7.9737220000,0.2590000000,8.2327220000,-72.9827220000,-16.1875000000,1.9934305000,0.0647500000,2.0581805000,-18.2456805000
AMD,AMD,QQQ,2026-07-13 10:17:00-04:00,2026-07-13 10:18:00-04:00,2026-07-13 10:24:00-04:00,SHORT,3.2800140922,539.2950000000,534.2329094220,714.1600000000,715.2693513156,531.1551110985,539.2650000000,539.1571470000,541.0150000000,541.1232030000,37,19948.8144390000,1.7500000000,4.0000000000,64.7500000000,148.0000000000,2.2857142857,541.0150000000,535.2650000000,STOP,6,-64.7500000000,7.9940720000,0.2590000000,8.2530720000,-73.0030720000,-16.1875000000,1.9985180000,0.0647500000,2.0632680000,-18.2507680000
AMD,AMD,QQQ,2026-07-13 15:27:00-04:00,2026-07-13 15:28:00-04:00,2026-07-13 15:30:00-04:00,SHORT,3.0845383605,533.0300000000,538.6871019415,710.4900000000,714.4540740887,527.5847738411,532.7000000000,532.5934600000,534.4500000000,534.5568900000,37,19705.9580200000,1.7500000000,4.0000000000,64.7500000000,148.0000000000,2.2857142857,534.4500000000,528.7000000000,STOP,2,-64.7500000000,7.8969100000,0.2590000000,8.1559100000,-72.9059100000,-16.1875000000,1.9742275000,0.0647500000,2.0389775000,-18.2264775000
AMD,AMD,QQQ,2026-07-13 15:30:00-04:00,2026-07-13 15:31:00-04:00,2026-07-13 15:50:00-04:00,SHORT,3.9317171044,536.1200000000,538.6342493494,711.1500000000,714.4067920561,529.5131233587,536.0150000000,535.9077970000,537.7650000000,537.8725530000,37,19828.5884890000,1.7500000000,4.0000000000,64.7500000000,148.0000000000,2.2857142857,537.7650000000,532.0150000000,STOP,19,-64.7500000000,7.9459720000,0.2590000000,8.2049720000,-72.9549720000,-16.1875000000,1.9864930000,0.0647500000,2.0512430000,-18.2387430000
AMD,AMD,QQQ,2026-07-13 15:55:00-04:00,2026-07-13 15:56:00-04:00,2026-07-13 15:59:00-04:00,LONG,-3.1635401263,533.4200000000,538.3513419421,712.2300000000,714.0740920642,533.1869980127,533.3600000000,533.4666720000,534.4200000000,534.3131160000,37,19738.2668640000,1.7500000000,4.0000000000,64.7500000000,148.0000000000,2.2857142857,531.6100000000,537.3600000000,FORCED_EOD,3,39.2200000000,7.9015720000,0.2590000000,8.1605720000,31.0594280000,9.8050000000,1.9753930000,0.0647500000,2.0401430000,7.7648570000
AMD,AMD,QQQ,2026-07-14 12:09:00-04:00,2026-07-14 12:10:00-04:00,2026-07-14 12:15:00-04:00,LONG,-2.6511516404,555.3400000000,559.6173859976,718.7000000000,718.9996219062,558.8992863509,555.1721000000,555.2831344200,553.4221000000,553.3114155800,36,19990.1928391200,1.7500000000,4.0000000000,63.0000000000,144.0000000000,2.2857142857,553.4221000000,559.1721000000,STOP,5,-63.0000000000,7.9818782400,0.2520000000,8.2338782400,-71.2338782400,-15.7500000000,1.9954695600,0.0630000000,2.0584695600,-17.8084695600
AMD,AMD,QQQ,2026-07-14 14:02:00-04:00,2026-07-14 14:03:00-04:00,2026-07-14 14:42:00-04:00,LONG,-2.5754674350,554.2400000000,558.8311641867,721.3339000000,719.2993157072,563.6985443902,554.0400000000,554.1508080000,552.2900000000,552.1795420000,36,19949.4290880000,1.7500000000,4.0000000000,63.0000000000,144.0000000000,2.2857142857,552.2900000000,558.0400000000,STOP,39,-63.0000000000,7.9655760000,0.2520000000,8.2175760000,-71.2175760000,-15.7500000000,1.9913940000,0.0630000000,2.0543940000,-17.8043940000
AMD,AMD,QQQ,2026-07-14 15:36:00-04:00,2026-07-14 15:37:00-04:00,2026-07-14 15:59:00-04:00,LONG,-3.0753839962,548.2800000000,557.7947747075,720.2400000000,719.5265984356,559.4977575007,548.2900000000,548.3996580000,547.6400000000,547.5304720000,36,19742.3876880000,1.7500000000,4.0000000000,63.0000000000,144.0000000000,2.2857142857,546.5400000000,552.2900000000,FORCED_EOD,22,-23.4000000000,7.8906960000,0.2520000000,8.1426960000,-31.5426960000,-5.8500000000,1.9726740000,0.0630000000,2.0356740000,-7.8856740000
AMD,AMD,QQQ,2026-07-15 11:59:00-04:00,2026-07-15 12:00:00-04:00,2026-07-15 12:07:00-04:00,SHORT,2.8199612662,518.3999000000,531.2471903891,714.7400000000,717.9528208021,525.0597231179,517.9800000000,517.8764040000,513.9800000000,514.0827960000,38,19679.3033520000,1.7500000000,4.0000000000,66.5000000000,152.0000000000,2.2857142857,519.7300000000,513.9800000000,TAKE_PROFIT_BRACKET,7,152.0000000000,7.8428960000,0.2660000000,8.1088960000,143.8911040000,38.0000000000,1.9607240000,0.0665000000,2.0272240000,35.9727760000
AMD,AMD,QQQ,2026-07-15 12:51:00-04:00,2026-07-15 12:52:00-04:00,2026-07-15 13:00:00-04:00,SHORT,2.9300123201,517.5000000000,527.9852218239,712.5500000000,716.2113027884,520.9602932257,517.4600000000,517.3565080000,519.2100000000,519.3138420000,38,19659.5473040000,1.7500000000,4.0000000000,66.5000000000,152.0000000000,2.2857142857,519.2100000000,513.4600000000,STOP,8,-66.5000000000,7.8786920000,0.2660000000,8.1446920000,-74.6446920000,-16.6250000000,1.9696730000,0.0665000000,2.0361730000,-18.6611730000
AMD,AMD,QQQ,2026-07-15 14:16:00-04:00,2026-07-15 14:17:00-04:00,2026-07-15 14:51:00-04:00,LONG,-3.1996776051,528.3400000000,527.5935026390,717.4100000000,716.0575465864,530.1870817423,528.6000000000,528.7057200000,526.8500000000,526.7446300000,37,19562.1116400000,1.7500000000,4.0000000000,64.7500000000,148.0000000000,2.2857142857,526.8500000000,532.6000000000,STOP,34,-64.7500000000,7.8103300000,0.2590000000,8.0693300000,-72.8193300000,-16.1875000000,1.9525825000,0.0647500000,2.0173325000,-18.2048325000
AMD,AMD,QQQ,2026-07-15 15:28:00-04:00,2026-07-15 15:29:00-04:00,2026-07-15 15:30:00-04:00,SHORT,2.5783283082,528.4400000000,527.6376012652,716.0400000000,716.1155726898,527.4926763114,528.2850000000,528.1793430000,530.0350000000,530.1410070000,37,19542.6356910000,1.7500000000,4.0000000000,64.7500000000,148.0000000000,2.2857142857,530.0350000000,524.2850000000,STOP,1,-64.7500000000,7.8315680000,0.2590000000,8.0905680000,-72.8405680000,-16.1875000000,1.9578920000,0.0647500000,2.0226420000,-18.2101420000
AMD,AMD,QQQ,2026-07-15 15:30:00-04:00,2026-07-15 15:31:00-04:00,2026-07-15 15:59:00-04:00,SHORT,3.4457746490,530.4500000000,527.6487106450,716.7000000000,716.1179510821,528.7649195389,530.3236000000,530.2175352800,529.3200000000,529.4258640000,37,19618.0488053600,1.7500000000,4.0000000000,64.7500000000,148.0000000000,2.2857142857,532.0736000000,526.3236000000,FORCED_EOD,28,37.1332000000,7.8413626400,0.2590000000,8.1003626400,29.0328373600,9.2833000000,1.9603406600,0.0647500000,2.0250906600,7.2582093400
AMD,AMD,QQQ,2026-07-16 10:20:00-04:00,2026-07-16 10:21:00-04:00,2026-07-16 10:21:00-04:00,LONG,-2.5866411876,510.3100000000,512.4115783414,711.6200000000,710.3696385137,514.9352870914,510.3100000000,510.4120620000,508.5600000000,508.4582880000,39,19906.0704180000,1.7500000000,4.0000000000,68.2500000000,156.0000000000,2.2857142857,508.5600000000,514.3100000000,STOP,0,-68.2500000000,7.9471860000,0.2730000000,8.2201860000,-76.4701860000,-17.0625000000,1.9867965000,0.0682500000,2.0550465000,-19.1175465000
AMD,AMD,QQQ,2026-07-16 10:21:00-04:00,2026-07-16 10:22:00-04:00,2026-07-16 10:22:00-04:00,LONG,-2.9614281746,507.6500000000,512.3207574112,711.0800000000,710.3781413008,513.7371092548,507.3100000000,507.4114620000,505.5600000000,505.4588880000,39,19789.0470180000,1.7500000000,4.0000000000,68.2500000000,156.0000000000,2.2857142857,505.5600000000,511.3100000000,STOP,0,-68.2500000000,7.9003860000,0.2730000000,8.1733860000,-76.4233860000,-17.0625000000,1.9750965000,0.0682500000,2.0433465000,-19.1058465000
AMD,AMD,QQQ,2026-07-16 12:15:00-04:00,2026-07-16 12:16:00-04:00,2026-07-16 12:16:00-04:00,LONG,-2.7782514517,500.9400000000,509.7114535596,707.9999000000,710.2267263495,505.2396487849,501.1887000000,501.2889377400,499.4387000000,499.3388122600,39,19550.2685718600,1.7500000000,4.0000000000,68.2500000000,156.0000000000,2.2857142857,499.4387000000,505.1887000000,STOP,0,-68.2500000000,7.8048937200,0.2730000000,8.0778937200,-76.3278937200,-17.0625000000,1.9512234300,0.0682500000,2.0194734300,-19.0819734300
AMD,AMD,QQQ,2026-07-16 12:16:00-04:00,2026-07-16 12:17:00-04:00,2026-07-16 12:47:00-04:00,LONG,-3.7251438358,500.0150000000,509.5287641233,708.0500000000,710.2165667956,505.1794668500,500.0150000000,500.1150030000,498.2650000000,498.1653470000,39,19504.4851170000,1.7500000000,4.0000000000,68.2500000000,156.0000000000,2.2857142857,498.2650000000,504.0150000000,STOP,30,-68.2500000000,7.7865840000,0.2730000000,8.0595840000,-76.3095840000,-17.0625000000,1.9466460000,0.0682500000,2.0148960000,-19.0773960000
AMD,AMD,QQQ,2026-07-16 13:16:00-04:00,2026-07-16 13:17:00-04:00,2026-07-16 13:35:00-04:00,LONG,-2.7782746018,497.5050000000,507.7547249405,707.7800000000,709.7921349416,503.7271002380,497.7700000000,497.8695540000,496.0200000000,495.9207960000,40,19914.7821600000,1.7500000000,4.0000000000,70.0000000000,160.0000000000,2.2857142857,496.0200000000,501.7700000000,STOP,18,-70.0000000000,7.9503200000,0.2800000000,8.2303200000,-78.2303200000,-17.5000000000,1.9875800000,0.0700000000,2.0575800000,-19.5575800000
AMD,AMD,QQQ,2026-07-16 15:09:00-04:00,2026-07-16 15:10:00-04:00,2026-07-16 15:19:00-04:00,SHORT,2.8274735494,495.2200000000,504.8503279426,705.1400000000,708.8134997948,497.5291698595,495.2300000000,495.1309540000,496.9800000000,497.0793960000,40,19805.2381600000,1.7500000000,4.0000000000,70.0000000000,160.0000000000,2.2857142857,496.9800000000,491.2300000000,STOP,9,-70.0000000000,7.9376800000,0.2800000000,8.2176800000,-78.2176800000,-17.5000000000,1.9844200000,0.0700000000,2.0544200000,-19.5544200000
AMD,AMD,QQQ,2026-07-17 10:01:00-04:00,2026-07-17 10:02:00-04:00,2026-07-17 10:02:00-04:00,SHORT,2.8131190028,482.2020000000,470.6518613831,694.4600000000,690.3219292299,478.0338804342,481.8350000000,481.7386330000,483.5850000000,483.6817170000,41,19751.2839530000,1.7500000000,4.0000000000,71.7500000000,164.0000000000,2.2857142857,483.5850000000,477.8350000000,STOP,0,-71.7500000000,7.9164440000,0.2870000000,8.2034440000,-79.9534440000,-17.9375000000,1.9791110000,0.0717500000,2.0508610000,-19.9883610000
AMD,AMD,QQQ,2026-07-17 11:56:00-04:00,2026-07-17 11:57:00-04:00,2026-07-17 12:09:00-04:00,SHORT,2.8947196161,500.3525000000,480.2076760508,699.1900000000,693.7133279614,490.1272936655,500.2650000000,500.1649470000,502.0150000000,502.1154030000,39,19506.4329330000,1.7500000000,4.0000000000,68.2500000000,156.0000000000,2.2857142857,502.0150000000,496.2650000000,STOP,12,-68.2500000000,7.8177840000,0.2730000000,8.0907840000,-76.3407840000,-17.0625000000,1.9544460000,0.0682500000,2.0226960000,-19.0851960000
AMD,AMD,QQQ,2026-07-17 15:24:00-04:00,2026-07-17 15:25:00-04:00,2026-07-17 15:28:00-04:00,SHORT,2.7736283898,492.9600000000,488.0117919465,694.6100000000,695.8883139370,485.6661731481,492.8300000000,492.7314340000,494.5800000000,494.6789160000,40,19709.2573600000,1.7500000000,4.0000000000,70.0000000000,160.0000000000,2.2857142857,494.5800000000,488.8300000000,STOP,3,-70.0000000000,7.8992800000,0.2800000000,8.1792800000,-78.1792800000,-17.5000000000,1.9748200000,0.0700000000,2.0448200000,-19.5448200000
AMD,AMD,QQQ,2026-07-17 15:30:00-04:00,2026-07-17 15:31:00-04:00,2026-07-17 15:40:00-04:00,SHORT,3.6206010760,497.0199000000,488.0896881394,696.4000000000,695.8842644614,489.0361842034,497.0199000000,496.9204960200,493.0199000000,493.1185039800,40,19876.8198408000,1.7500000000,4.0000000000,70.0000000000,160.0000000000,2.2857142857,498.7699000000,493.0199000000,TAKE_PROFIT_BRACKET,9,160.0000000000,7.9203184000,0.2800000000,8.2003184000,151.7996816000,40.0000000000,1.9800796000,0.0700000000,2.0500796000,37.9499204000
AMD,AMD,QQQ,2026-07-17 15:49:00-04:00,2026-07-17 15:50:00-04:00,2026-07-17 15:50:00-04:00,SHORT,2.6443213112,498.4300000000,488.3897250317,696.8400000000,695.8977447595,490.1200145938,498.5200000000,498.4202960000,500.2700000000,500.3700540000,40,19936.8118400000,1.7500000000,4.0000000000,70.0000000000,160.0000000000,2.2857142857,500.2700000000,494.5200000000,STOP,0,-70.0000000000,7.9903200000,0.2800000000,8.2703200000,-78.2703200000,-17.5000000000,1.9975800000,0.0700000000,2.0675800000,-19.5675800000
AMD,AMD,QQQ,2026-07-17 15:50:00-04:00,2026-07-17 15:51:00-04:00,2026-07-17 15:59:00-04:00,SHORT,3.8710038466,499.3800000000,488.4776972305,696.6700000000,695.9030789434,489.8862586228,499.6400000000,499.5400720000,495.6400000000,495.7391280000,40,19981.6028800000,1.7500000000,4.0000000000,70.0000000000,160.0000000000,2.2857142857,501.3900000000,495.6400000000,TAKE_PROFIT_BRACKET,8,160.0000000000,7.9622400000,0.2800000000,8.2422400000,151.7577600000,40.0000000000,1.9905600000,0.0700000000,2.0605600000,37.9394400000
AMD,AMD,QQQ,2026-07-20 12:32:00-04:00,2026-07-20 12:33:00-04:00,2026-07-20 12:41:00-04:00,LONG,-3.1450394265,513.1300000000,514.3609425252,702.7400000000,701.9277583404,515.5224228998,513.2000000000,513.3026400000,511.4500000000,511.3477100000,38,19505.5003200000,1.7500000000,4.0000000000,66.5000000000,152.0000000000,2.2857142857,511.4500000000,517.2000000000,STOP,8,-66.5000000000,7.7873400000,0.2660000000,8.0533400000,-74.5533400000,-16.6250000000,1.9468350000,0.0665000000,2.0133350000,-18.6383350000
AMD,AMD,QQQ,2026-07-20 12:42:00-04:00,2026-07-20 12:43:00-04:00,2026-07-20 12:55:00-04:00,LONG,-2.5292502346,510.1605000000,514.2701997100,701.5400000000,701.9270092825,513.7168854840,510.5083000000,510.6104016600,508.7583000000,508.6565483400,39,19913.8056647400,1.7500000000,4.0000000000,68.2500000000,156.0000000000,2.2857142857,508.7583000000,514.5083000000,STOP,12,-68.2500000000,7.9502794800,0.2730000000,8.2232794800,-76.4732794800,-17.0625000000,1.9875698700,0.0682500000,2.0558198700,-19.1183198700
AMD,AMD,QQQ,2026-07-20 13:25:00-04:00,2026-07-20 13:26:00-04:00,2026-07-20 14:01:00-04:00,SHORT,2.6083904405,512.1000000000,513.8618741678,700.4200000000,701.7654250795,511.9393801490,512.1900000000,512.0875620000,513.9400000000,514.0427880000,39,19971.4149180000,1.7500000000,4.0000000000,68.2500000000,156.0000000000,2.2857142857,513.9400000000,508.1900000000,STOP,35,-68.2500000000,8.0038140000,0.2730000000,8.2768140000,-76.5268140000,-17.0625000000,2.0009535000,0.0682500000,2.0692035000,-19.1317035000
AMD,AMD,QQQ,2026-07-20 15:13:00-04:00,2026-07-20 15:14:00-04:00,2026-07-20 15:52:00-04:00,LONG,-3.0051494924,507.6350000000,513.6815077215,696.7300000000,701.1776007935,507.3231823827,507.6350000000,507.7365270000,505.8850000000,505.7838230000,39,19801.7245530000,1.7500000000,4.0000000000,68.2500000000,156.0000000000,2.2857142857,505.8850000000,511.6350000000,STOP,38,-68.2500000000,7.9054560000,0.2730000000,8.1784560000,-76.4284560000,-17.0625000000,1.9763640000,0.0682500000,2.0446140000,-19.1071140000
AMD,AMD,QQQ,2026-07-21 12:25:00-04:00,2026-07-21 12:26:00-04:00,2026-07-21 12:38:00-04:00,SHORT,2.5990731542,537.8101000000,530.4319842451,709.0304000000,706.3230042885,534.9120451375,537.8100000000,537.7024380000,539.5600000000,539.6679120000,37,19894.9902060000,1.7500000000,4.0000000000,64.7500000000,148.0000000000,2.2857142857,539.5600000000,533.8100000000,STOP,12,-64.7500000000,7.9725380000,0.2590000000,8.2315380000,-72.9815380000,-16.1875000000,1.9931345000,0.0647500000,2.0578845000,-18.2453845000
AMD,AMD,QQQ,2026-07-21 14:46:00-04:00,2026-07-21 14:47:00-04:00,2026-07-21 15:01:00-04:00,SHORT,2.6223766103,546.5400000000,534.1503469688,709.8500000000,707.4446118761,538.1522085402,546.5750000000,546.4656850000,542.5750000000,542.6835150000,36,19672.7646600000,1.7500000000,4.0000000000,63.0000000000,144.0000000000,2.2857142857,548.3250000000,542.5750000000,TAKE_PROFIT_BRACKET,14,144.0000000000,7.8418800000,0.2520000000,8.0938800000,135.9061200000,36.0000000000,1.9604700000,0.0630000000,2.0234700000,33.9765300000
AMD,AMD,QQQ,2026-07-22 10:02:00-04:00,2026-07-22 10:03:00-04:00,2026-07-22 10:05:00-04:00,LONG,-2.8254545869,547.8300000000,544.8840539798,707.6750000000,705.7776676975,549.7094810518,547.9700000000,548.0795940000,546.2200000000,546.1107560000,36,19730.8653840000,1.7500000000,4.0000000000,63.0000000000,144.0000000000,2.2857142857,546.2200000000,551.9700000000,STOP,2,-63.0000000000,7.8781680000,0.2520000000,8.1301680000,-71.1301680000,-15.7500000000,1.9695420000,0.0630000000,2.0325420000,-17.7825420000
AMD,AMD,QQQ,2026-07-22 10:05:00-04:00,2026-07-22 10:06:00-04:00,2026-07-22 10:12:00-04:00,LONG,-2.7696117500,546.6600000000,545.0038341452,708.0300000000,705.8596110430,550.5242903085,546.3400000000,546.4492680000,550.3400000000,550.2299320000,36,19672.1736480000,1.7500000000,4.0000000000,63.0000000000,144.0000000000,2.2857142857,544.5900000000,550.3400000000,TAKE_PROFIT_BRACKET,6,144.0000000000,7.8960960000,0.2520000000,8.1480960000,135.8519040000,36.0000000000,1.9740240000,0.0630000000,2.0370240000,33.9629760000
AMD,AMD,QQQ,2026-07-22 13:34:00-04:00,2026-07-22 13:35:00-04:00,2026-07-22 15:28:00-04:00,SHORT,2.8684680369,556.3300000000,550.4935843619,708.2101000000,707.2682548407,552.9085100755,556.1600000000,556.0487680000,557.9100000000,558.0215820000,35,19461.7068800000,1.7500000000,4.0000000000,61.2500000000,140.0000000000,2.2857142857,557.9100000000,552.1600000000,STOP,113,-61.2500000000,7.7984900000,0.2450000000,8.0434900000,-69.2934900000,-15.3125000000,1.9496225000,0.0612500000,2.0108725000,-17.3233725000
AMD,AMD,QQQ,2026-07-22 15:30:00-04:00,2026-07-22 15:31:00-04:00,2026-07-22 15:33:00-04:00,SHORT,3.6547655828,558.4500000000,551.7650961488,707.0300000000,707.2693158614,551.1500650727,558.6000000000,558.4882800000,560.3500000000,560.4620700000,35,19547.0898000000,1.7500000000,4.0000000000,61.2500000000,140.0000000000,2.2857142857,560.3500000000,554.6000000000,STOP,2,-61.2500000000,7.8326500000,0.2450000000,8.0776500000,-69.3276500000,-15.3125000000,1.9581625000,0.0612500000,2.0194125000,-17.3319125000
AMD,AMD,QQQ,2026-07-22 15:33:00-04:00,2026-07-22 15:34:00-04:00,2026-07-22 15:36:00-04:00,SHORT,4.6241442659,561.1100000000,551.9707675535,707.0200000000,707.2679108109,551.3334090872,561.1100000000,560.9977780000,557.1100000000,557.2214220000,35,19634.9222300000,1.7500000000,4.0000000000,61.2500000000,140.0000000000,2.2857142857,562.8600000000,557.1100000000,TAKE_PROFIT_BRACKET,2,140.0000000000,7.8275400000,0.2450000000,8.0725400000,131.9274600000,35.0000000000,1.9568850000,0.0612500000,2.0181350000,32.9818650000
AMD,AMD,QQQ,2026-07-22 15:50:00-04:00,2026-07-22 15:51:00-04:00,2026-07-22 15:55:00-04:00,LONG,-2.7346724432,552.3800000000,552.2220696050,706.3800000000,707.2280350660,550.0407250449,552.3100000000,552.4204620000,550.5600000000,550.4498880000,36,19887.1366320000,1.7500000000,4.0000000000,63.0000000000,144.0000000000,2.2857142857,550.5600000000,556.3100000000,STOP,4,-63.0000000000,7.9406640000,0.2520000000,8.1926640000,-71.1926640000,-15.7500000000,1.9851660000,0.0630000000,2.0481660000,-17.7981660000
AMD,AMD,QQQ,2026-07-23 11:39:00-04:00,2026-07-23 11:40:00-04:00,2026-07-23 12:03:00-04:00,LONG,-2.7111643291,538.8250000000,547.7634589442,690.1199000000,693.4327929504,539.1940475653,538.8250000000,538.9327650000,542.8250000000,542.7164350000,37,19940.5123050000,1.7500000000,4.0000000000,64.7500000000,148.0000000000,2.2857142857,537.0750000000,542.8250000000,TAKE_PROFIT_BRACKET,23,148.0000000000,8.0042100000,0.2590000000,8.2632100000,139.7367900000,37.0000000000,2.0010525000,0.0647500000,2.0658025000,34.9341975000
AMD,AMD,QQQ,2026-07-23 12:53:00-04:00,2026-07-23 12:54:00-04:00,2026-07-23 12:54:00-04:00,LONG,-3.2179070010,533.5000000000,545.7442322535,692.1700000000,693.1603073585,543.1910584324,533.7700000000,533.8767540000,532.0200000000,531.9135960000,37,19753.4398980000,1.7500000000,4.0000000000,64.7500000000,148.0000000000,2.2857142857,532.0200000000,537.7700000000,STOP,0,-64.7500000000,7.8868460000,0.2590000000,8.1458460000,-72.8958460000,-16.1875000000,1.9717115000,0.0647500000,2.0364615000,-18.2239615000
AMD,AMD,QQQ,2026-07-23 12:54:00-04:00,2026-07-23 12:55:00-04:00,2026-07-23 12:55:00-04:00,LONG,-4.3013414396,529.3800000000,545.4608466236,692.0700000000,693.1592267219,542.6540963819,529.3000000000,529.4058600000,527.5500000000,527.4444900000,37,19588.0168200000,1.7500000000,4.0000000000,64.7500000000,148.0000000000,2.2857142857,527.5500000000,533.3000000000,STOP,0,-64.7500000000,7.8206900000,0.2590000000,8.0796900000,-72.8296900000,-16.1875000000,1.9551725000,0.0647500000,2.0199225000,-18.2074225000
AMD,AMD,QQQ,2026-07-23 12:55:00-04:00,2026-07-23 12:56:00-04:00,2026-07-23 12:57:00-04:00,LONG,-4.6900729250,526.1100000000,545.0013279591,692.3500000000,693.1564613516,542.9249579294,526.1100000000,526.2152220000,530.1100000000,530.0039780000,38,19996.1784360000,1.7500000000,4.0000000000,66.5000000000,152.0000000000,2.2857142857,524.3600000000,530.1100000000,TAKE_PROFIT_BRACKET,1,152.0000000000,8.0272720000,0.2660000000,8.2932720000,143.7067280000,38.0000000000,2.0068180000,0.0665000000,2.0733180000,35.9266820000
AMD,AMD,QQQ,2026-07-23 12:57:00-04:00,2026-07-23 12:58:00-04:00,2026-07-23 13:00:00-04:00,LONG,-2.5004411713,529.6800000000,544.4440684826,692.3900000000,693.1523295024,542.4833185049,529.6800000000,529.7859360000,527.9300000000,527.8244140000,37,19602.0796320000,1.7500000000,4.0000000000,64.7500000000,148.0000000000,2.2857142857,527.9300000000,533.6800000000,STOP,2,-64.7500000000,7.8263140000,0.2590000000,8.0853140000,-72.8353140000,-16.1875000000,1.9565785000,0.0647500000,2.0213285000,-18.2088285000
AMD,AMD,QQQ,2026-07-23 15:29:00-04:00,2026-07-23 15:30:00-04:00,2026-07-23 15:44:00-04:00,SHORT,2.7622726447,541.2899000000,540.9532616300,691.3000000000,692.6899726878,537.3987329949,541.2000000000,541.0917600000,537.2000000000,537.3074400000,36,19479.3033600000,1.7500000000,4.0000000000,63.0000000000,144.0000000000,2.2857142857,542.9500000000,537.2000000000,TAKE_PROFIT_BRACKET,14,144.0000000000,7.7644800000,0.2520000000,8.0164800000,135.9835200000,36.0000000000,1.9411200000,0.0630000000,2.0041200000,33.9958800000
AMD,AMD,QQQ,2026-07-24 11:29:00-04:00,2026-07-24 11:30:00-04:00,2026-07-24 11:38:00-04:00,LONG,-2.8000857659,528.3101000000,529.9758640019,689.4700000000,687.5399702327,533.9479376806,528.2300000000,528.3356460000,532.2300000000,532.1235540000,37,19548.4189020000,1.7500000000,4.0000000000,64.7500000000,148.0000000000,2.2857142857,526.4800000000,532.2300000000,TAKE_PROFIT_BRACKET,8,148.0000000000,7.8474040000,0.2590000000,8.1064040000,139.8935960000,37.0000000000,1.9618510000,0.0647500000,2.0266010000,34.9733990000
AMD,AMD,QQQ,2026-07-24 14:06:00-04:00,2026-07-24 14:07:00-04:00,2026-07-24 14:19:00-04:00,LONG,-2.8789208298,530.4700000000,531.6129254725,688.1400000000,688.3311729222,531.2187227494,530.7000000000,530.8061400000,528.9500000000,528.8442100000,37,19639.8271800000,1.7500000000,4.0000000000,64.7500000000,148.0000000000,2.2857142857,528.9500000000,534.7000000000,STOP,12,-64.7500000000,7.8414100000,0.2590000000,8.1004100000,-72.8504100000,-16.1875000000,1.9603525000,0.0647500000,2.0251025000,-18.2126025000
AMD,AMD,QQQ,2026-07-24 15:55:00-04:00,2026-07-24 15:56:00-04:00,2026-07-24 15:59:00-04:00,LONG,-3.5770582148,519.3200000000,529.5330459318,683.3600000000,686.9337369387,522.1778211333,519.2700000000,519.3738540000,522.0300000000,521.9255940000,38,19736.2064520000,1.7500000000,4.0000000000,66.5000000000,152.0000000000,2.2857142857,517.5200000000,523.2700000000,FORCED_EOD,3,104.8800000000,7.9138800000,0.2660000000,8.1798800000,96.7001200000,26.2200000000,1.9784700000,0.0665000000,2.0449700000,24.1750300000
AMD,AMD,QQQ,2026-07-27 11:14:00-04:00,2026-07-27 11:15:00-04:00,2026-07-27 11:18:00-04:00,LONG,-2.6555738174,480.6450000000,497.0247621546,680.4100000000,683.2139970638,490.8688224382,480.5900000000,480.6861180000,478.8400000000,478.7442320000,41,19708.1308380000,1.7500000000,4.0000000000,71.7500000000,164.0000000000,2.2857142857,478.8400000000,484.5900000000,STOP,3,-71.7500000000,7.8673260000,0.2870000000,8.1543260000,-79.9043260000,-17.9375000000,1.9668315000,0.0717500000,2.0385815000,-19.9760815000
AMD,AMD,QQQ,2026-07-27 12:48:00-04:00,2026-07-27 12:49:00-04:00,2026-07-27 12:54:00-04:00,SHORT,2.5425708532,487.7400000000,493.0711614903,680.5200000000,682.1236952441,489.5728067926,487.4500000000,487.3525100000,483.4500000000,483.5466900000,41,19981.4529100000,1.7500000000,4.0000000000,71.7500000000,164.0000000000,2.2857142857,489.2000000000,483.4500000000,TAKE_PROFIT_BRACKET,5,164.0000000000,7.9613800000,0.2870000000,8.2483800000,155.7516200000,41.0000000000,1.9903450000,0.0717500000,2.0620950000,38.9379050000
AMD,AMD,QQQ,2026-07-27 13:54:00-04:00,2026-07-27 13:55:00-04:00,2026-07-27 14:52:00-04:00,LONG,-2.5723927585,481.7200000000,491.6394485073,679.4100000000,681.5800414679,486.9156276002,481.7800000000,481.8763560000,485.7800000000,485.6828440000,41,19756.9305960000,1.7500000000,4.0000000000,71.7500000000,164.0000000000,2.2857142857,480.0300000000,485.7800000000,TAKE_PROFIT_BRACKET,57,164.0000000000,7.9339920000,0.2870000000,8.2209920000,155.7790080000,41.0000000000,1.9834980000,0.0717500000,2.0552480000,38.9447520000
AMD,AMD,QQQ,2026-07-27 15:21:00-04:00,2026-07-27 15:22:00-04:00,2026-07-27 15:29:00-04:00,SHORT,2.5254417179,493.6650000000,490.9126017736,682.3900000000,681.3687114640,493.1331795217,493.2500000000,493.1513500000,495.0000000000,495.0990000000,40,19726.0540000000,1.7500000000,4.0000000000,70.0000000000,160.0000000000,2.2857142857,495.0000000000,489.2500000000,STOP,7,-70.0000000000,7.9060000000,0.2800000000,8.1860000000,-78.1860000000,-17.5000000000,1.9765000000,0.0700000000,2.0465000000,-19.5465000000
AMD,AMD,QQQ,2026-07-28 10:23:00-04:00,2026-07-28 10:24:00-04:00,2026-07-28 10:30:00-04:00,LONG,-2.5841908723,445.0950000000,455.0249985090,670.1400000000,671.6236599895,452.0066617438,444.8010000000,444.8899602000,448.8010000000,448.7112398000,44,19575.1582488000,1.7500000000,4.0000000000,77.0000000000,176.0000000000,2.2857142857,443.0510000000,448.8010000000,TAKE_PROFIT_BRACKET,6,176.0000000000,7.8636976000,0.3080000000,8.1716976000,167.8283024000,44.0000000000,1.9659244000,0.0770000000,2.0429244000,41.9570756000
AMD,AMD,QQQ,2026-07-28 11:46:00-04:00,2026-07-28 11:47:00-04:00,2026-07-28 12:00:00-04:00,SHORT,2.6167152121,464.2250000000,453.9756064100,678.6600000000,672.5931193854,466.2717686566,464.2250000000,464.1321550000,465.9750000000,466.0681950000,43,19957.6826650000,1.7500000000,4.0000000000,75.2500000000,172.0000000000,2.2857142857,465.9750000000,460.2250000000,STOP,13,-75.2500000000,7.9997200000,0.3010000000,8.3007200000,-83.5507200000,-18.8125000000,1.9999300000,0.0752500000,2.0751800000,-20.8876800000
AMD,AMD,QQQ,2026-07-28 13:05:00-04:00,2026-07-28 13:06:00-04:00,2026-07-28 13:55:00-04:00,LONG,-2.5769142641,458.3201000000,455.4372988059,677.8700000000,673.7333956883,463.8339969168,458.4000000000,458.4916800000,456.6500000000,456.5586700000,43,19715.1422400000,1.7500000000,4.0000000000,75.2500000000,172.0000000000,2.2857142857,456.6500000000,462.4000000000,STOP,49,-75.2500000000,7.8694300000,0.3010000000,8.1704300000,-83.4204300000,-18.8125000000,1.9673575000,0.0752500000,2.0426075000,-20.8551075000
AMD,AMD,QQQ,2026-07-28 14:47:00-04:00,2026-07-28 14:48:00-04:00,2026-07-28 15:04:00-04:00,LONG,-2.5094326730,456.3400000000,455.6986418267,676.5650000000,674.1690506534,460.5617126453,456.3000000000,456.3912600000,460.3000000000,460.2079400000,43,19624.8241800000,1.7500000000,4.0000000000,75.2500000000,172.0000000000,2.2857142857,454.5500000000,460.3000000000,TAKE_PROFIT_BRACKET,16,172.0000000000,7.8827600000,0.3010000000,8.1837600000,163.8162400000,43.0000000000,1.9706900000,0.0752500000,2.0459400000,40.9540600000
AMD,AMD,QQQ,2026-07-28 15:09:00-04:00,2026-07-28 15:10:00-04:00,2026-07-28 15:15:00-04:00,SHORT,2.5756764084,459.2100000000,455.7724578292,676.9550000000,674.2571687388,461.2484311859,458.8450000000,458.7532310000,460.5950000000,460.6871190000,43,19726.3889330000,1.7500000000,4.0000000000,75.2500000000,172.0000000000,2.2857142857,460.5950000000,454.8450000000,STOP,5,-75.2500000000,7.9071840000,0.3010000000,8.2081840000,-83.4581840000,-18.8125000000,1.9767960000,0.0752500000,2.0520460000,-20.8645460000
AMD,AMD,QQQ,2026-07-28 15:22:00-04:00,2026-07-28 15:23:00-04:00,2026-07-28 15:29:00-04:00,SHORT,3.0479289109,463.1050000000,455.8720190695,677.7290000000,674.3106337782,462.8114771281,463.2500000000,463.1573500000,465.0000000000,465.0930000000,43,19915.7660500000,1.7500000000,4.0000000000,75.2500000000,172.0000000000,2.2857142857,465.0000000000,459.2500000000,STOP,6,-75.2500000000,7.9829500000,0.3010000000,8.2839500000,-83.5339500000,-18.8125000000,1.9957375000,0.0752500000,2.0709875000,-20.8834875000
AMD,AMD,QQQ,2026-07-29 11:54:00-04:00,2026-07-29 11:55:00-04:00,2026-07-29 12:05:00-04:00,LONG,-2.8024684361,426.2000000000,438.0106492117,665.3700000000,670.0973598843,437.3926393236,426.3200000000,426.4052640000,424.5700000000,424.4850860000,46,19614.6421440000,1.7500000000,4.0000000000,80.5000000000,184.0000000000,2.2857142857,424.5700000000,430.3200000000,STOP,10,-80.5000000000,7.8281880000,0.3220000000,8.1501880000,-88.6501880000,-20.1250000000,1.9570470000,0.0805000000,2.0375470000,-22.1625470000
AMD,AMD,QQQ,2026-07-29 12:30:00-04:00,2026-07-29 12:31:00-04:00,2026-07-29 13:04:00-04:00,SHORT,2.5500042545,430.6100000000,436.3464801912,667.2500000000,669.0687502646,436.1092533663,430.7100000000,430.6238580000,432.4600000000,432.5464920000,46,19808.6974680000,1.7500000000,4.0000000000,80.5000000000,184.0000000000,2.2857142857,432.4600000000,426.7100000000,STOP,33,-80.5000000000,7.9411640000,0.3220000000,8.2631640000,-88.7631640000,-20.1250000000,1.9852910000,0.0805000000,2.0657910000,-22.1907910000
AMD,AMD,QQQ,2026-07-29 13:04:00-04:00,2026-07-29 13:05:00-04:00,2026-07-29 13:11:00-04:00,SHORT,2.5790474396,433.4800000000,435.7240049216,669.3600000000,668.7545239294,435.8029039642,433.4900000000,433.4033020000,435.2400000000,435.3270480000,46,19936.5518920000,1.7500000000,4.0000000000,80.5000000000,184.0000000000,2.2857142857,435.2400000000,429.4900000000,STOP,6,-80.5000000000,7.9923160000,0.3220000000,8.3143160000,-88.8143160000,-20.1250000000,1.9980790000,0.0805000000,2.0785790000,-22.2035790000
AMD,AMD,QQQ,2026-07-29 13:11:00-04:00,2026-07-29 13:12:00-04:00,2026-07-29 13:14:00-04:00,SHORT,2.7583646242,435.8400000000,435.6728029945,670.0100000000,668.7691541658,435.8344739625,435.8400000000,435.7528320000,437.5900000000,437.6775180000,45,19608.8774400000,1.7500000000,4.0000000000,78.7500000000,180.0000000000,2.2857142857,437.5900000000,431.8400000000,STOP,2,-78.7500000000,7.8608700000,0.3150000000,8.1758700000,-86.9258700000,-19.6875000000,1.9652175000,0.0787500000,2.0439675000,-21.7314675000
AMD,AMD,QQQ,2026-07-29 13:14:00-04:00,2026-07-29 13:15:00-04:00,2026-07-29 14:00:00-04:00,SHORT,3.0070415574,438.3499000000,435.6871407637,671.1400000000,668.7980290305,435.9922752262,438.2500000000,438.1623500000,440.0000000000,440.0880000000,45,19717.3057500000,1.7500000000,4.0000000000,78.7500000000,180.0000000000,2.2857142857,440.0000000000,434.2500000000,STOP,45,-78.7500000000,7.9042500000,0.3150000000,8.2192500000,-86.9692500000,-19.6875000000,1.9760625000,0.0787500000,2.0548125000,-21.7423125000
AMD,AMD,QQQ,2026-07-29 14:00:00-04:00,2026-07-29 14:01:00-04:00,2026-07-29 14:02:00-04:00,SHORT,2.5722975087,442.4972000000,435.9233707947,673.8200000000,669.0959582090,436.5389238245,441.9900000000,441.9016020000,443.7400000000,443.8287480000,45,19885.5720900000,1.7500000000,4.0000000000,78.7500000000,180.0000000000,2.2857142857,443.7400000000,437.9900000000,STOP,1,-78.7500000000,7.9715700000,0.3150000000,8.2865700000,-87.0365700000,-19.6875000000,1.9928925000,0.0787500000,2.0716425000,-21.7591425000
AMD,AMD,QQQ,2026-07-29 14:07:00-04:00,2026-07-29 14:08:00-04:00,2026-07-29 14:18:00-04:00,SHORT,2.7761502451,443.5401000000,436.1460569299,674.2050000000,669.3802463463,436.7747869509,443.5600000000,443.4712880000,439.5600000000,439.6479120000,45,19956.2079600000,1.7500000000,4.0000000000,78.7500000000,180.0000000000,2.2857142857,445.3100000000,439.5600000000,TAKE_PROFIT_BRACKET,10,180.0000000000,7.9480800000,0.3150000000,8.2630800000,171.7369200000,45.0000000000,1.9870200000,0.0787500000,2.0657700000,42.9342300000
AMD,AMD,QQQ,2026-07-29 14:41:00-04:00,2026-07-29 14:42:00-04:00,2026-07-29 14:46:00-04:00,SHORT,2.5134223056,446.8501000000,436.6192243370,675.9700000000,669.8575397798,437.4160557472,447.3026000000,447.2131394800,449.0526000000,449.1424105200,44,19677.3781371200,1.7500000000,4.0000000000,77.0000000000,176.0000000000,2.2857142857,449.0526000000,443.3026000000,STOP,4,-77.0000000000,7.8879257600,0.3080000000,8.1959257600,-85.1959257600,-19.2500000000,1.9719814400,0.0770000000,2.0489814400,-21.2989814400
AMD,AMD,QQQ,2026-07-30 10:54:00-04:00,2026-07-30 10:55:00-04:00,2026-07-30 10:55:00-04:00,LONG,-2.6098879208,485.4100000000,480.6662743549,679.4700000000,679.4309034300,480.6718061618,485.3200000000,485.4170640000,483.5700000000,483.4732860000,41,19902.0996240000,1.7500000000,4.0000000000,71.7500000000,164.0000000000,2.2857142857,483.5700000000,489.3200000000,STOP,0,-71.7500000000,7.9448980000,0.2870000000,8.2318980000,-79.9818980000,-17.9375000000,1.9862245000,0.0717500000,2.0579745000,-19.9954745000
AMD,AMD,QQQ,2026-07-30 10:55:00-04:00,2026-07-30 10:56:00-04:00,2026-07-30 11:03:00-04:00,LONG,-2.7293603691,484.1850000000,480.7014886982,679.1050000000,679.4287331091,480.6556799239,484.0600000000,484.1568120000,488.0600000000,487.9623880000,41,19850.4292920000,1.7500000000,4.0000000000,71.7500000000,164.0000000000,2.2857142857,482.3100000000,488.0600000000,TAKE_PROFIT_BRACKET,7,164.0000000000,7.9713840000,0.2870000000,8.2583840000,155.7416160000,41.0000000000,1.9928460000,0.0717500000,2.0645960000,38.9354040000
AMD,AMD,QQQ,2026-07-30 13:20:00-04:00,2026-07-30 13:21:00-04:00,2026-07-30 15:07:00-04:00,SHORT,2.5104378307,488.3300000000,482.2281158985,682.8200000000,680.0746379353,482.6174528042,488.1950000000,488.0973610000,489.9450000000,490.0429890000,40,19523.8944400000,1.7500000000,4.0000000000,70.0000000000,160.0000000000,2.2857142857,489.9450000000,484.1950000000,STOP,106,-70.0000000000,7.8251200000,0.2800000000,8.1051200000,-78.1051200000,-17.5000000000,1.9562800000,0.0700000000,2.0262800000,-19.5262800000
AMD,AMD,QQQ,2026-07-30 15:12:00-04:00,2026-07-30 15:13:00-04:00,2026-07-30 15:25:00-04:00,SHORT,2.9922725447,491.7892000000,483.2464339612,684.9700000000,680.5551662149,483.8734081697,491.7300000000,491.6316540000,487.7300000000,487.8275460000,40,19665.2661600000,1.7500000000,4.0000000000,70.0000000000,160.0000000000,2.2857142857,493.4800000000,487.7300000000,TAKE_PROFIT_BRACKET,12,160.0000000000,7.8356800000,0.2800000000,8.1156800000,151.8843200000,40.0000000000,1.9589200000,0.0700000000,2.0289200000,37.9710800000
AMD,AMD,QQQ,2026-07-31 15:15:00-04:00,2026-07-31 15:16:00-04:00,2026-07-31 15:38:00-04:00,LONG,-2.6959973988,485.5850000000,493.2727446087,688.8450000000,686.7181079685,499.0443189147,485.4867000000,485.5837973400,483.7367000000,483.6399526600,41,19908.9356909400,1.7500000000,4.0000000000,71.7500000000,164.0000000000,2.2857142857,483.7367000000,489.4867000000,STOP,22,-71.7500000000,7.9476318800,0.2870000000,8.2346318800,-79.9846318800,-17.9375000000,1.9869079700,0.0717500000,2.0586579700,-19.9961579700
AMD,AMD,QQQ,2026-07-31 15:54:00-04:00,2026-07-31 15:55:00-04:00,2026-07-31 15:55:00-04:00,LONG,-2.7692889237,482.2000000000,492.4690168481,690.4700000000,687.0742496278,501.6640060661,482.5700000000,482.6665140000,480.8200000000,480.7238360000,41,19789.3270740000,1.7500000000,4.0000000000,71.7500000000,164.0000000000,2.2857142857,480.8200000000,486.5700000000,STOP,0,-71.7500000000,7.8997980000,0.2870000000,8.1867980000,-79.9367980000,-17.9375000000,1.9749495000,0.0717500000,2.0466995000,-19.9841995000
AMD,AMD,QQQ,2026-07-31 15:57:00-04:00,2026-07-31 15:58:00-04:00,2026-07-31 15:59:00-04:00,LONG,-2.5286318811,477.9100000000,492.0508787596,689.2500000000,687.1088346952,497.8434969494,477.9100000000,478.0055820000,476.1600000000,476.0647680000,41,19598.2288620000,1.7500000000,4.0000000000,71.7500000000,164.0000000000,2.2857142857,476.1600000000,481.9100000000,STOP,1,-71.7500000000,7.8233740000,0.2870000000,8.1103740000,-79.8603740000,-17.9375000000,1.9558435000,0.0717500000,2.0275935000,-19.9650935000
AMD,AMD,QQQ,2026-08-03 13:12:00-04:00,2026-08-03 13:13:00-04:00,2026-08-03 13:42:00-04:00,LONG,-2.5801022942,481.7850000000,473.2816856750,698.9900000000,694.7669082825,484.2758217711,481.8600000000,481.9563720000,485.8600000000,485.7628280000,41,19760.2112520000,1.7500000000,4.0000000000,71.7500000000,164.0000000000,2.2857142857,480.1100000000,485.8600000000,TAKE_PROFIT_BRACKET,29,164.0000000000,7.9353040000,0.2870000000,8.2223040000,155.7776960000,41.0000000000,1.9838260000,0.0717500000,2.0555760000,38.9444240000
AMD,AMD,QQQ,2026-08-03 14:38:00-04:00,2026-08-03 14:39:00-04:00,2026-08-03 15:59:00-04:00,LONG,-2.6872896863,484.5400000000,475.8598290084,699.9800000000,696.1077322358,485.9760425460,484.6100000000,484.7069220000,484.4600000000,484.3631080000,41,19872.9838020000,1.7500000000,4.0000000000,71.7500000000,164.0000000000,2.2857142857,482.8600000000,488.6100000000,FORCED_EOD,80,-6.1500000000,7.9463740000,0.2870000000,8.2333740000,-14.3833740000,-1.5375000000,1.9865935000,0.0717500000,2.0583435000,-3.5958435000
AMD,AMD,QQQ,2026-08-04 12:00:00-04:00,2026-08-04 12:01:00-04:00,2026-08-04 13:26:00-04:00,SHORT,2.6287504405,524.8000000000,515.1794259597,719.3500000000,715.5550070372,524.8310174755,524.7900000000,524.6850420000,526.5400000000,526.6453080000,38,19938.0315960000,1.7500000000,4.0000000000,66.5000000000,152.0000000000,2.2857142857,526.5400000000,520.7900000000,STOP,85,-66.5000000000,7.9901080000,0.2660000000,8.2561080000,-74.7561080000,-16.6250000000,1.9975270000,0.0665000000,2.0640270000,-18.6890270000
AMD,AMD,QQQ,2026-08-04 14:29:00-04:00,2026-08-04 14:30:00-04:00,2026-08-04 15:54:00-04:00,LONG,-2.5818790134,527.2300000000,518.7614608845,723.8201000000,717.9991979010,533.6176189922,527.1850000000,527.2904370000,525.4350000000,525.3299130000,37,19509.7461690000,1.7500000000,4.0000000000,64.7500000000,148.0000000000,2.2857142857,525.4350000000,531.1850000000,STOP,84,-64.7500000000,7.7893880000,0.2590000000,8.0483880000,-72.7983880000,-16.1875000000,1.9473470000,0.0647500000,2.0120970000,-18.1995970000
AMD,AMD,QQQ,2026-08-04 15:58:00-04:00,2026-08-04 15:59:00-04:00,2026-08-04 15:59:00-04:00,LONG,-3.0453313293,520.2301000000,520.6778461541,723.7400000000,719.2047876438,532.2759402895,520.3800000000,520.4840760000,518.6300000000,518.5262740000,38,19778.3948880000,1.7500000000,4.0000000000,66.5000000000,152.0000000000,2.2857142857,518.6300000000,524.3800000000,STOP,0,-66.5000000000,7.8964760000,0.2660000000,8.1624760000,-74.6624760000,-16.6250000000,1.9741190000,0.0665000000,2.0406190000,-18.6656190000
AMD,AMD,QQQ,2026-08-05 11:28:00-04:00,2026-08-05 11:29:00-04:00,2026-08-05 11:31:00-04:00,SHORT,2.8109022188,483.6750000000,488.4571523822,721.9100000000,724.9327547636,482.1373245542,483.6600000000,483.5632680000,485.4100000000,485.5070820000,41,19826.0939880000,1.7500000000,4.0000000000,71.7500000000,164.0000000000,2.2857142857,485.4100000000,479.6600000000,STOP,2,-71.7500000000,7.9463740000,0.2870000000,8.2333740000,-79.9833740000,-17.9375000000,1.9865935000,0.0717500000,2.0583435000,-19.9958435000
AMD,AMD,QQQ,2026-08-05 14:30:00-04:00,2026-08-05 14:31:00-04:00,2026-08-05 15:35:00-04:00,SHORT,2.5248525753,487.5800000000,488.0241038760,720.6000000000,723.5872934894,481.7723508133,487.5150000000,487.4174970000,483.5150000000,483.6117030000,41,19984.1173770000,1.7500000000,4.0000000000,71.7500000000,164.0000000000,2.2857142857,489.2650000000,483.5150000000,TAKE_PROFIT_BRACKET,64,164.0000000000,7.9624460000,0.2870000000,8.2494460000,155.7505540000,41.0000000000,1.9906115000,0.0717500000,2.0623615000,38.9376385000
AMD,AMD,QQQ,2026-08-06 11:19:00-04:00,2026-08-06 11:20:00-04:00,2026-08-06 11:49:00-04:00,SHORT,2.6543486358,491.6907000000,484.6318836092,716.7300000000,715.5948643044,487.7069361439,491.7950000000,491.6966410000,493.5450000000,493.6437090000,40,19667.8656400000,1.7500000000,4.0000000000,70.0000000000,160.0000000000,2.2857142857,493.5450000000,487.7950000000,STOP,29,-70.0000000000,7.8827200000,0.2800000000,8.1627200000,-78.1627200000,-17.5000000000,1.9706800000,0.0700000000,2.0406800000,-19.5406800000
AMD,AMD,QQQ,2026-08-06 13:52:00-04:00,2026-08-06 13:53:00-04:00,2026-08-06 14:12:00-04:00,LONG,-3.2965938521,491.9900000000,487.2079027527,715.4299000000,715.5541263864,486.8695687262,491.9100000000,492.0083820000,490.1600000000,490.0619680000,40,19680.3352800000,1.7500000000,4.0000000000,70.0000000000,160.0000000000,2.2857142857,490.1600000000,495.9100000000,STOP,19,-70.0000000000,7.8565600000,0.2800000000,8.1365600000,-78.1365600000,-17.5000000000,1.9641400000,0.0700000000,2.0341400000,-19.5341400000
AMD,AMD,QQQ,2026-08-06 15:51:00-04:00,2026-08-06 15:52:00-04:00,2026-08-06 15:59:00-04:00,SHORT,2.8806012992,492.4900000000,488.2743420342,714.3101000000,715.5153004022,484.9845818680,492.4700000000,492.3715060000,489.2900000000,489.3878580000,40,19694.8602400000,1.7500000000,4.0000000000,70.0000000000,160.0000000000,2.2857142857,494.2200000000,488.4700000000,FORCED_EOD,7,127.2000000000,7.8540800000,0.2800000000,8.1340800000,119.0659200000,31.8000000000,1.9635200000,0.0700000000,2.0335200000,29.7664800000
AMD,AMD,QQQ,2026-08-07 14:13:00-04:00,2026-08-07 14:14:00-04:00,2026-08-07 14:56:00-04:00,SHORT,2.8284215549,481.4000000000,483.1746487439,720.3000000000,720.8314723838,482.0755554635,481.4400000000,481.3437120000,477.4400000000,477.5354880000,41,19735.0921920000,1.7500000000,4.0000000000,71.7500000000,164.0000000000,2.2857142857,483.1900000000,477.4400000000,TAKE_PROFIT_BRACKET,42,164.0000000000,7.8628160000,0.2870000000,8.1498160000,155.8501840000,41.0000000000,1.9657040000,0.0717500000,2.0374540000,38.9625460000
AMD,AMD,QQQ,2026-08-07 15:10:00-04:00,2026-08-07 15:11:00-04:00,2026-08-07 15:30:00-04:00,LONG,-2.6059677675,481.3800000000,482.8124403755,722.3800000000,720.7682755504,486.1433053937,481.3800000000,481.4762760000,479.6300000000,479.5340740000,41,19740.5273160000,1.7500000000,4.0000000000,71.7500000000,164.0000000000,2.2857142857,479.6300000000,485.3800000000,STOP,19,-71.7500000000,7.8802820000,0.2870000000,8.1672820000,-79.9172820000,-17.9375000000,1.9700705000,0.0717500000,2.0418205000,-19.9793205000
AMD,AMD,QQQ,2026-08-10 14:50:00-04:00,2026-08-10 14:51:00-04:00,2026-08-10 15:45:00-04:00,LONG,-3.0961589292,475.2100000000,476.6007372111,721.5900000000,722.4265461266,474.9406894864,475.2200000000,475.3150440000,473.4700000000,473.3753060000,42,19963.2318480000,1.7500000000,4.0000000000,73.5000000000,168.0000000000,2.2857142857,473.4700000000,479.2200000000,STOP,54,-73.5000000000,7.9689960000,0.2940000000,8.2629960000,-81.7629960000,-18.3750000000,1.9922490000,0.0735000000,2.0657490000,-20.4407490000
AMD,AMD,QQQ,2026-08-10 15:55:00-04:00,2026-08-10 15:56:00-04:00,2026-08-10 15:59:00-04:00,LONG,-2.8720458560,471.3350000000,476.2145150335,720.8850000000,722.2822273576,473.4435410525,471.4000000000,471.4942800000,469.6500000000,469.5560700000,42,19802.7597600000,1.7500000000,4.0000000000,73.5000000000,168.0000000000,2.2857142857,469.6500000000,475.4000000000,STOP,3,-73.5000000000,7.9048200000,0.2940000000,8.1988200000,-81.6988200000,-18.3750000000,1.9762050000,0.0735000000,2.0497050000,-20.4247050000
AMD,AMD,QQQ,2026-08-11 11:05:00-04:00,2026-08-11 11:06:00-04:00,2026-08-11 13:05:00-04:00,SHORT,2.5287882674,469.8000000000,467.4103686727,721.2900000000,720.8587644262,468.2659804528,469.6400000000,469.5460720000,465.6400000000,465.7331280000,42,19720.9350240000,1.7500000000,4.0000000000,73.5000000000,168.0000000000,2.2857142857,471.3900000000,465.6400000000,TAKE_PROFIT_BRACKET,119,168.0000000000,7.8563520000,0.2940000000,8.1503520000,159.8496480000,42.0000000000,1.9640880000,0.0735000000,2.0375880000,39.9624120000
AMD,AMD,QQQ,2026-08-11 13:11:00-04:00,2026-08-11 13:12:00-04:00,2026-08-11 13:42:00-04:00,SHORT,2.5042865632,465.8100000000,467.6442581515,717.3450000000,720.0386601762,462.2910193971,465.7800000000,465.6868440000,467.5300000000,467.6235060000,42,19558.8474480000,1.7500000000,4.0000000000,73.5000000000,168.0000000000,2.2857142857,467.5300000000,461.7800000000,STOP,30,-73.5000000000,7.8398040000,0.2940000000,8.1338040000,-81.6338040000,-18.3750000000,1.9599510000,0.0735000000,2.0334510000,-20.4084510000
AMD,AMD,QQQ,2026-08-11 13:56:00-04:00,2026-08-11 13:57:00-04:00,2026-08-11 14:09:00-04:00,SHORT,2.9182126548,469.0200000000,467.6460868385,718.1400000000,719.7484344572,464.4482672349,469.1500000000,469.0561700000,470.9000000000,470.9941800000,42,19700.3591400000,1.7500000000,4.0000000000,73.5000000000,168.0000000000,2.2857142857,470.9000000000,465.1500000000,STOP,12,-73.5000000000,7.8964200000,0.2940000000,8.1904200000,-81.6904200000,-18.3750000000,1.9741050000,0.0735000000,2.0476050000,-20.4226050000
AMD,AMD,QQQ,2026-08-11 14:09:00-04:00,2026-08-11 14:10:00-04:00,2026-08-11 14:16:00-04:00,SHORT,2.8019366380,470.7450000000,467.8051079535,717.6300000000,719.6860511712,463.7156117444,470.7000000000,470.6058600000,472.4500000000,472.5444900000,42,19765.4461200000,1.7500000000,4.0000000000,73.5000000000,168.0000000000,2.2857142857,472.4500000000,466.7000000000,STOP,6,-73.5000000000,7.9224600000,0.2940000000,8.2164600000,-81.7164600000,-18.3750000000,1.9806150000,0.0735000000,2.0541150000,-20.4291150000
AMD,AMD,QQQ,2026-08-11 14:16:00-04:00,2026-08-11 14:17:00-04:00,2026-08-11 15:18:00-04:00,SHORT,2.5475541218,472.3900000000,467.9108800614,717.5802000000,719.6661745194,463.7608134382,472.3900000000,472.2955220000,474.1400000000,474.2348280000,42,19836.4119240000,1.7500000000,4.0000000000,73.5000000000,168.0000000000,2.2857142857,474.1400000000,468.3900000000,STOP,61,-73.5000000000,7.9508520000,0.2940000000,8.2448520000,-81.7448520000,-18.3750000000,1.9877130000,0.0735000000,2.0612130000,-20.4362130000
AMD,AMD,QQQ,2026-08-11 15:54:00-04:00,2026-08-11 15:55:00-04:00,2026-08-11 15:59:00-04:00,LONG,-2.7980255032,474.5000000000,469.3276823470,718.5900000000,719.0039006303,468.5009688486,474.3800000000,474.4748760000,474.4000000000,474.3051200000,42,19927.9447920000,1.7500000000,4.0000000000,73.5000000000,168.0000000000,2.2857142857,472.6300000000,478.3800000000,FORCED_EOD,4,0.8400000000,7.9697520000,0.2940000000,8.2637520000,-7.4237520000,0.2100000000,1.9924380000,0.0735000000,2.0659380000,-1.8559380000
AMD,AMD,QQQ,2026-08-12 13:15:00-04:00,2026-08-12 13:16:00-04:00,2026-08-12 15:08:00-04:00,LONG,-2.6406426626,486.5450000000,487.3532722029,724.7500000000,724.6873160929,487.4332622617,486.6000000000,486.6973200000,484.8500000000,484.7530300000,41,19954.5901200000,1.7500000000,4.0000000000,71.7500000000,164.0000000000,2.2857142857,484.8500000000,490.6000000000,STOP,112,-71.7500000000,7.9658900000,0.2870000000,8.2528900000,-80.0028900000,-17.9375000000,1.9914725000,0.0717500000,2.0632225000,-20.0007225000
AMD,AMD,QQQ,2026-08-12 15:30:00-04:00,2026-08-12 15:31:00-04:00,2026-08-12 15:51:00-04:00,LONG,-2.8051694572,482.6410000000,487.1479082613,723.8250000000,724.7290648382,485.9947963097,482.8300000000,482.9265660000,481.0800000000,480.9837840000,41,19799.9892060000,1.7500000000,4.0000000000,71.7500000000,164.0000000000,2.2857142857,481.0800000000,486.8300000000,STOP,20,-71.7500000000,7.9040620000,0.2870000000,8.1910620000,-79.9410620000,-17.9375000000,1.9760155000,0.0717500000,2.0477655000,-19.9852655000
AMD,AMD,QQQ,2026-08-13 10:19:00-04:00,2026-08-13 10:20:00-04:00,2026-08-13 10:26:00-04:00,LONG,-2.7873706959,490.1800000000,492.0804120164,732.0800000000,729.7386311978,492.3961803410,490.2450000000,490.3430490000,494.2450000000,494.1461510000,40,19613.7219600000,1.7500000000,4.0000000000,70.0000000000,160.0000000000,2.2857142857,488.4950000000,494.2450000000,TAKE_PROFIT_BRACKET,6,160.0000000000,7.8759200000,0.2800000000,8.1559200000,151.8440800000,40.0000000000,1.9689800000,0.0700000000,2.0389800000,37.9610200000
AMD,AMD,QQQ,2026-08-13 11:34:00-04:00,2026-08-13 11:35:00-04:00,2026-08-13 11:47:00-04:00,LONG,-2.7348920224,492.8200000000,493.3495026691,730.8500000000,731.0147118412,493.3272704202,492.8000000000,492.8985600000,491.0500000000,490.9517900000,40,19715.9424000000,1.7500000000,4.0000000000,70.0000000000,160.0000000000,2.2857142857,491.0500000000,496.8000000000,STOP,12,-70.0000000000,7.8708000000,0.2800000000,8.1508000000,-78.1508000000,-17.5000000000,1.9677000000,0.0700000000,2.0377000000,-19.5377000000
AMD,AMD,QQQ,2026-08-13 13:17:00-04:00,2026-08-13 13:18:00-04:00,2026-08-13 14:03:00-04:00,SHORT,2.6684262551,495.5000000000,493.2542362734,732.9400000000,731.0813661466,493.5050370910,495.5000000000,495.4009000000,491.5000000000,491.5983000000,40,19816.0360000000,1.7500000000,4.0000000000,70.0000000000,160.0000000000,2.2857142857,497.2500000000,491.5000000000,TAKE_PROFIT_BRACKET,45,160.0000000000,7.8960000000,0.2800000000,8.1760000000,151.8240000000,40.0000000000,1.9740000000,0.0700000000,2.0440000000,37.9560000000
AMD,AMD,QQQ,2026-08-13 14:03:00-04:00,2026-08-13 14:04:00-04:00,2026-08-13 14:40:00-04:00,LONG,-2.9506424639,491.3350000000,493.3053335434,732.3800000000,731.2109843509,493.4630668563,491.4000000000,491.4982800000,489.6500000000,489.5520700000,40,19659.9312000000,1.7500000000,4.0000000000,70.0000000000,160.0000000000,2.2857142857,489.6500000000,495.4000000000,STOP,36,-70.0000000000,7.8484000000,0.2800000000,8.1284000000,-78.1284000000,-17.5000000000,1.9621000000,0.0700000000,2.0321000000,-19.5321000000
AMD,AMD,QQQ,2026-08-13 15:12:00-04:00,2026-08-13 15:13:00-04:00,2026-08-13 15:26:00-04:00,LONG,-4.0399199940,488.4400000000,492.9468107064,733.3100000000,731.3936422987,493.2051291719,488.4500000000,488.5476900000,486.7000000000,486.6026600000,40,19541.9076000000,1.7500000000,4.0000000000,70.0000000000,160.0000000000,2.2857142857,486.7000000000,492.4500000000,STOP,13,-70.0000000000,7.8012000000,0.2800000000,8.0812000000,-78.0812000000,-17.5000000000,1.9503000000,0.0700000000,2.0203000000,-19.5203000000
AMD,AMD,QQQ,2026-08-14 10:39:00-04:00,2026-08-14 10:40:00-04:00,2026-08-14 10:42:00-04:00,SHORT,2.7102134622,511.0599000000,498.9193247098,731.7500000000,732.5947241966,498.6511198302,510.9200000000,510.8178160000,506.9200000000,507.0213840000,39,19921.8948240000,1.7500000000,4.0000000000,68.2500000000,156.0000000000,2.2857142857,512.6700000000,506.9200000000,TAKE_PROFIT_BRACKET,2,156.0000000000,7.9391520000,0.2730000000,8.2121520000,147.7878480000,39.0000000000,1.9847880000,0.0682500000,2.0530380000,36.9469620000
AMD,AMD,QQQ,2026-08-14 13:53:00-04:00,2026-08-14 13:54:00-04:00,2026-08-14 13:57:00-04:00,SHORT,2.5796708605,504.7400000000,500.3572677429,729.3850000000,730.7955369559,499.9070174578,504.6500000000,504.5490700000,506.4000000000,506.5012800000,39,19677.4137300000,1.7500000000,4.0000000000,68.2500000000,156.0000000000,2.2857142857,506.4000000000,500.6500000000,STOP,3,-68.2500000000,7.8861900000,0.2730000000,8.1591900000,-76.4091900000,-17.0625000000,1.9715475000,0.0682500000,2.0397975000,-19.1022975000
AMD,AMD,QQQ,2026-08-14 13:57:00-04:00,2026-08-14 13:58:00-04:00,2026-08-14 14:06:00-04:00,SHORT,3.7877605939,506.4930000000,500.4425257703,729.4700000000,730.7854765272,500.0225419070,506.4300000000,506.3287140000,508.1800000000,508.2816360000,39,19746.8198460000,1.7500000000,4.0000000000,68.2500000000,156.0000000000,2.2857142857,508.1800000000,502.4300000000,STOP,8,-68.2500000000,7.9139580000,0.2730000000,8.1869580000,-76.4369580000,-17.0625000000,1.9784895000,0.0682500000,2.0467395000,-19.1092395000
AMD,AMD,QQQ,2026-08-14 14:06:00-04:00,2026-08-14 14:07:00-04:00,2026-08-14 15:50:00-04:00,SHORT,2.7873583794,508.2900000000,500.6339664149,729.5300000000,730.7544688548,500.2428718537,508.4000000000,508.2983200000,510.1500000000,510.2520300000,39,19823.6344800000,1.7500000000,4.0000000000,68.2500000000,156.0000000000,2.2857142857,510.1500000000,504.4000000000,STOP,103,-68.2500000000,7.9446900000,0.2730000000,8.2176900000,-76.4676900000,-17.0625000000,1.9861725000,0.0682500000,2.0544225000,-19.1169225000
AMD,AMD,QQQ,2026-08-14 15:50:00-04:00,2026-08-14 15:51:00-04:00,2026-08-14 15:54:00-04:00,SHORT,2.7457912128,510.2650000000,502.1457337500,730.5100000000,730.5054469535,502.1471928787,510.2700000000,510.1679460000,512.0200000000,512.1224040000,39,19896.5498940000,1.7500000000,4.0000000000,68.2500000000,156.0000000000,2.2857142857,512.0200000000,506.2700000000,STOP,3,-68.2500000000,7.9738620000,0.2730000000,8.2468620000,-76.4968620000,-17.0625000000,1.9934655000,0.0682500000,2.0617155000,-19.1242155000
AMD,AMD,QQQ,2026-08-14 15:54:00-04:00,2026-08-14 15:55:00-04:00,2026-08-14 15:58:00-04:00,SHORT,4.6099700788,512.4300000000,502.4044545956,730.6000000000,730.5056394172,502.4347101925,512.3400000000,512.2375320000,514.0900000000,514.1928180000,39,19977.2637480000,1.7500000000,4.0000000000,68.2500000000,156.0000000000,2.2857142857,514.0900000000,508.3400000000,STOP,3,-68.2500000000,8.0061540000,0.2730000000,8.2791540000,-76.5291540000,-17.0625000000,2.0015385000,0.0682500000,2.0697885000,-19.1322885000
AMD,AMD,QQQ,2026-08-14 15:58:00-04:00,2026-08-14 15:59:00-04:00,2026-08-14 15:59:00-04:00,SHORT,3.2831611580,513.8500000000,502.8474432999,730.5250000000,730.5031029065,502.8544705572,513.8400000000,513.7372320000,514.2100000000,514.3128420000,38,19522.0148160000,1.7500000000,4.0000000000,66.5000000000,152.0000000000,2.2857142857,515.5900000000,509.8400000000,FORCED_EOD,0,-14.0600000000,7.8131800000,0.2660000000,8.0791800000,-22.1391800000,-3.5150000000,1.9532950000,0.0665000000,2.0197950000,-5.5347950000
AMD,AMD,QQQ,2026-08-17 10:57:00-04:00,2026-08-17 10:58:00-04:00,2026-08-17 11:05:00-04:00,SHORT,3.2356791173,513.7013000000,511.6923478792,733.2950000000,732.7037244356,511.7749327417,513.5326000000,513.4298934800,515.2826000000,515.3856565200,38,19510.3359522400,1.7500000000,4.0000000000,66.5000000000,152.0000000000,2.2857142857,515.2826000000,509.5326000000,STOP,7,-66.5000000000,7.8189955200,0.2660000000,8.0849955200,-74.5849955200,-16.6250000000,1.9547488800,0.0665000000,2.0212488800,-18.6462488800
AMD,AMD,QQQ,2026-08-17 11:05:00-04:00,2026-08-17 11:06:00-04:00,2026-08-17 11:08:00-04:00,SHORT,2.6263667291,515.3000000000,511.9104693041,734.2600000000,732.8034535236,512.1139676328,515.3260000000,515.2229348000,517.0760000000,517.1794152000,38,19578.4715224000,1.7500000000,4.0000000000,66.5000000000,152.0000000000,2.2857142857,517.0760000000,511.3260000000,STOP,2,-66.5000000000,7.8462552000,0.2660000000,8.1122552000,-74.6122552000,-16.6250000000,1.9615638000,0.0665000000,2.0280638000,-18.6530638000
AMD,AMD,QQQ,2026-08-17 11:08:00-04:00,2026-08-17 11:09:00-04:00,2026-08-17 11:46:00-04:00,SHORT,2.7444997310,516.6300000000,512.0978802314,734.1350000000,732.8811901284,512.2730991853,516.5900000000,516.4866820000,512.5900000000,512.6925180000,38,19626.4939160000,1.7500000000,4.0000000000,66.5000000000,152.0000000000,2.2857142857,518.3400000000,512.5900000000,TAKE_PROFIT_BRACKET,37,152.0000000000,7.8217680000,0.2660000000,8.0877680000,143.9122320000,38.0000000000,1.9554420000,0.0665000000,2.0219420000,35.9780580000
AMD,AMD,QQQ,2026-08-17 13:14:00-04:00,2026-08-17 13:15:00-04:00,2026-08-17 14:07:00-04:00,LONG,-2.5702567521,510.0500000000,512.4761945309,730.8200000000,732.9297852746,512.1811554288,510.0000000000,510.1020000000,508.2500000000,508.1483500000,39,19893.9780000000,1.7500000000,4.0000000000,68.2500000000,156.0000000000,2.2857142857,508.2500000000,514.0000000000,STOP,52,-68.2500000000,7.9423500000,0.2730000000,8.2153500000,-76.4653500000,-17.0625000000,1.9855875000,0.0682500000,2.0538375000,-19.1163375000
AMD,AMD,QQQ,2026-08-17 15:13:00-04:00,2026-08-17 15:14:00-04:00,2026-08-17 15:59:00-04:00,LONG,-3.5528503336,505.8500000000,511.8549432168,729.8500000000,732.1335179928,511.5356490050,505.7410000000,505.8421482000,506.0000000000,505.8988000000,39,19727.8437798000,1.7500000000,4.0000000000,68.2500000000,156.0000000000,2.2857142857,503.9910000000,509.7410000000,FORCED_EOD,45,10.1010000000,7.8915798000,0.2730000000,8.1645798000,1.9364202000,2.5252500000,1.9728949500,0.0682500000,2.0411449500,0.4841050500
AMD,AMD,QQQ,2026-08-18 12:29:00-04:00,2026-08-18 12:30:00-04:00,2026-08-18 14:10:00-04:00,LONG,-2.6061155455,477.6100000000,481.6567642511,718.2000000000,718.6234197537,481.6000049018,477.4900000000,477.5854980000,475.7400000000,475.6448520000,41,19581.0054180000,1.7500000000,4.0000000000,71.7500000000,164.0000000000,2.2857142857,475.7400000000,481.4900000000,STOP,100,-71.7500000000,7.8164860000,0.2870000000,8.1034860000,-79.8534860000,-17.9375000000,1.9541215000,0.0717500000,2.0258715000,-19.9633715000
AMD,AMD,QQQ,2026-08-18 14:10:00-04:00,2026-08-18 14:11:00-04:00,2026-08-18 14:37:00-04:00,LONG,-2.6943922125,475.7000000000,481.0741590285,716.8100000000,718.5449909728,480.8418397351,475.8599000000,475.9550719800,479.8599000000,479.7639280200,42,19990.1130231600,1.7500000000,4.0000000000,73.5000000000,168.0000000000,2.2857142857,474.1099000000,479.8599000000,TAKE_PROFIT_BRACKET,26,168.0000000000,8.0280463200,0.2940000000,8.3220463200,159.6779536800,42.0000000000,2.0070115800,0.0735000000,2.0805115800,39.9194884200
AMD,AMD,QQQ,2026-08-18 15:28:00-04:00,2026-08-18 15:29:00-04:00,2026-08-18 15:46:00-04:00,SHORT,2.5076479818,482.5250000000,480.8331038793,718.0100000000,718.4293146537,480.7769757781,482.6617000000,482.5651676600,484.4117000000,484.5085823400,41,19785.1718740600,1.7500000000,4.0000000000,71.7500000000,164.0000000000,2.2857142857,484.4117000000,478.6617000000,STOP,17,-71.7500000000,7.9300018800,0.2870000000,8.2170018800,-79.9670018800,-17.9375000000,1.9825004700,0.0717500000,2.0542504700,-19.9917504700
AMD,AMD,QQQ,2026-08-18 15:46:00-04:00,2026-08-18 15:47:00-04:00,2026-08-18 15:59:00-04:00,SHORT,2.5389412077,484.3400000000,480.9348540140,718.0000000000,718.4064716662,480.8804317895,484.3400000000,484.2431320000,484.6800000000,484.7769360000,41,19853.9684120000,1.7500000000,4.0000000000,71.7500000000,164.0000000000,2.2857142857,486.0900000000,480.3400000000,FORCED_EOD,12,-13.9400000000,7.9459640000,0.2870000000,8.2329640000,-22.1729640000,-3.4850000000,1.9864910000,0.0717500000,2.0582410000,-5.5432410000
AMD,AMD,QQQ,2026-08-19 10:52:00-04:00,2026-08-19 10:53:00-04:00,2026-08-19 11:46:00-04:00,LONG,-2.7235429368,463.7750000000,469.8438256798,716.6900000000,715.9011095316,470.6939750152,463.8900000000,463.9827780000,467.8900000000,467.7964220000,43,19951.2594540000,1.7500000000,4.0000000000,75.2500000000,172.0000000000,2.2857142857,462.1400000000,467.8900000000,TAKE_PROFIT_BRACKET,53,172.0000000000,8.0133080000,0.3010000000,8.3143080000,163.6856920000,43.0000000000,2.0033270000,0.0752500000,2.0785770000,40.9214230000
AMD,AMD,QQQ,2026-08-19 12:39:00-04:00,2026-08-19 12:40:00-04:00,2026-08-19 14:07:00-04:00,SHORT,2.5405811772,468.6700000000,468.7585966800,718.2200000000,716.5862239244,470.5134925225,468.5250000000,468.4312950000,464.5250000000,464.6179050000,42,19674.1143900000,1.7500000000,4.0000000000,73.5000000000,168.0000000000,2.2857142857,470.2750000000,464.5250000000,TAKE_PROFIT_BRACKET,87,168.0000000000,7.8376200000,0.2940000000,8.1316200000,159.8683800000,42.0000000000,1.9594050000,0.0735000000,2.0329050000,39.9670950000
AMD,AMD,QQQ,2026-08-19 14:55:00-04:00,2026-08-19 14:56:00-04:00,2026-08-19 15:25:00-04:00,SHORT,2.5711024981,466.7200000000,468.2528777026,716.6300000000,716.5982062749,468.2869910373,466.6600000000,466.5666680000,468.4100000000,468.5036820000,42,19595.8000560000,1.7500000000,4.0000000000,73.5000000000,168.0000000000,2.2857142857,468.4100000000,462.6600000000,STOP,29,-73.5000000000,7.8545880000,0.2940000000,8.1485880000,-81.6485880000,-18.3750000000,1.9636470000,0.0735000000,2.0371470000,-20.4121470000
AMD,AMD,QQQ,2026-08-19 15:25:00-04:00,2026-08-19 15:26:00-04:00,2026-08-19 15:59:00-04:00,SHORT,2.8773387040,468.8500000000,468.1309593602,717.2800000000,716.6075436456,468.8522795897,468.7900000000,468.6962420000,466.8100000000,466.9033620000,42,19685.2421640000,1.7500000000,4.0000000000,73.5000000000,168.0000000000,2.2857142857,470.5400000000,464.7900000000,FORCED_EOD,33,83.1600000000,7.8590400000,0.2940000000,8.1530400000,75.0069600000,20.7900000000,1.9647600000,0.0735000000,2.0382600000,18.7517400000
AMD,AMD,QQQ,2026-08-20 11:39:00-04:00,2026-08-20 11:40:00-04:00,2026-08-20 15:06:00-04:00,LONG,-2.5712385144,460.8750000000,467.9169931357,710.3500000000,712.5330217061,465.5703338230,460.8800000000,460.9721760000,464.8800000000,464.7870240000,43,19821.8035680000,1.7500000000,4.0000000000,75.2500000000,172.0000000000,2.2857142857,459.1300000000,464.8800000000,TAKE_PROFIT_BRACKET,206,172.0000000000,7.9615360000,0.3010000000,8.2625360000,163.7374640000,43.0000000000,1.9903840000,0.0752500000,2.0656340000,40.9343660000
AMD,AMD,QQQ,2026-08-20 15:55:00-04:00,2026-08-20 15:56:00-04:00,2026-08-20 15:59:00-04:00,SHORT,4.0642514361,468.7600000000,466.1058411122,710.7200000000,711.6038318378,465.1581995995,468.8100000000,468.7162380000,469.5400000000,469.6339080000,42,19686.0819960000,1.7500000000,4.0000000000,73.5000000000,168.0000000000,2.2857142857,470.5600000000,464.8100000000,FORCED_EOD,3,-30.6600000000,7.8821400000,0.2940000000,8.1761400000,-38.8361400000,-7.6650000000,1.9705350000,0.0735000000,2.0440350000,-9.7090350000
AMD,AMD,QQQ,2026-08-21 10:57:00-04:00,2026-08-21 10:58:00-04:00,2026-08-21 11:32:00-04:00,LONG,-2.5441752212,464.6000000000,470.2012127123,711.5201000000,711.3990985098,470.4484797618,464.8300000000,464.9229660000,468.8300000000,468.7362340000,43,19991.6875380000,1.7500000000,4.0000000000,75.2500000000,172.0000000000,2.2857142857,463.0800000000,468.8300000000,TAKE_PROFIT_BRACKET,34,172.0000000000,8.0294760000,0.3010000000,8.3304760000,163.6695240000,43.0000000000,2.0073690000,0.0752500000,2.0826190000,40.9173810000
AMD,AMD,QQQ,2026-08-21 13:34:00-04:00,2026-08-21 13:35:00-04:00,2026-08-21 14:00:00-04:00,SHORT,3.0611629609,470.2000000000,469.4668306409,713.1900000000,712.6296043993,470.6082385147,470.2500000000,470.1559500000,472.0000000000,472.0944000000,42,19746.5499000000,1.7500000000,4.0000000000,73.5000000000,168.0000000000,2.2857142857,472.0000000000,466.2500000000,STOP,25,-73.5000000000,7.9149000000,0.2940000000,8.2089000000,-81.7089000000,-18.3750000000,1.9787250000,0.0735000000,2.0522250000,-20.4272250000
AMD,AMD,QQQ,2026-08-21 15:20:00-04:00,2026-08-21 15:21:00-04:00,2026-08-21 15:53:00-04:00,LONG,-2.6635319252,471.9100000000,469.9908303049,713.4350000000,712.7589868387,471.3690134295,471.8800000000,471.9743760000,470.1300000000,470.0359740000,42,19822.9237920000,1.7500000000,4.0000000000,73.5000000000,168.0000000000,2.2857142857,470.1300000000,475.8800000000,STOP,32,-73.5000000000,7.9128840000,0.2940000000,8.2068840000,-81.7068840000,-18.3750000000,1.9782210000,0.0735000000,2.0517210000,-20.4267210000
