period,stop_usd,max_holding_bars,sessions,raw_bars,trades,generated_flat_signals,ignored_signals_while_open,gross_pnl,costs,commissions,slippage,net_pnl,net_return_pct,net_sharpe,net_sortino,profit_factor,positive_net_pnl_mass_usd,trade_cvar5_loss_usd,worst_trade_loss_usd,win_rate_pct,max_drawdown_usd_mtm,max_drawdown_pct_mtm,return_over_mtm_dd,avg_net_trade,avg_duration_bars,stops,targets,time_stops,forced_eod,final_equity,base_winner_count,matched_base_winner_count,base_winner_net_usd,base_winner_gross_usd,retained_base_winner_net_usd,retained_base_winner_gross_usd,core_winner_net_retention_pct,core_winner_gross_retention_pct,clipped_base_winner_net_usd,clipped_base_winner_gross_usd,overlay_net_on_base_winners_usd,base_loser_count,matched_base_loser_count,base_loser_net_usd,overlay_net_on_base_losers_usd,avoided_base_loser_loss_usd,avoided_worst5_base_loser_loss_usd,net_pnl_delta_vs_base,net_pnl_pct_of_base,sharpe_delta_vs_base,profit_factor_delta_vs_base,mdd_reduction_usd_vs_base,mdd_reduction_pct_vs_base,trade_cvar5_reduction_usd_vs_base,trade_cvar5_reduction_pct_vs_base,worst_trade_reduction_usd_vs_base,worst_trade_reduction_pct_vs_base,positive_net_pnl_mass_delta_vs_base,return_over_dd_delta_vs_base,utility_delta_usd,development_net_non_degradation_gate,is_baseline
development,5.250000000000,,125,48390,210,210,1394,3850.475899999987,1831.689938979812,159.047000000000,1672.642938979812,2018.785961020174,2.018785961020,1.156294717453,1.541964187974,1.167244274404,14089.668316840107,499.268509850908,602.093605999999,61.904761904762,1725.556642279989,1.696855766102,1.169933174928,9.613266481048,131.519047619048,6,102,0,102,102018.785961020170,130,130,14089.668316840107,15223.666399999993,14089.668316840107,15223.666399999993,100.000000000000,100.000000000000,0.000000000000,0.000000000000,14089.668316840107,80,80,-12070.882355819933,-12070.882355819933,0.000000000000,0.000000000000,0.000000000000,100.000000000000,0.000000000000,0.000000000000,0.000000000000,0.000000000000,0.000000000000,0.000000000000,0.000000000000,0.000000000000,0.000000000000,0.000000000000,0.000000000000,True,True
development,4.500000000000,,125,48390,217,217,1387,3923.015899999987,1892.581418979807,164.332000000000,1728.249418979807,2030.434481020178,2.030434481020,1.118258342391,1.451428224616,1.163128667379,14477.262580840108,465.895179741817,517.326655999997,61.290322580645,1937.719740899949,1.918173612519,1.047847342504,9.356840926360,127.023041474654,9,105,0,103,102030.434481020173,130,128,14089.668316840107,15223.666399999993,13838.435398840105,14954.916399999993,98.216899700189,98.234656534513,251.232918000002,268.750000000000,13838.435398840105,80,79,-12070.882355819933,-11332.125642859934,738.756712959999,873.930872719999,11.648520000004,100.577006192084,-0.038036375062,-0.004115607025,-212.163098619960,-12.295342466395,33.373330109091,6.684445233499,84.766950000002,14.078699583467,387.594264000001,-0.122085832423,-48.111558401452,True,False
development,5.000000000000,,125,48390,210,210,1394,3794.900899999986,1831.532609259816,159.033000000000,1672.499609259816,1963.368290740168,1.963368290740,1.113298313087,1.473044823506,1.163578916429,13965.943766840104,492.030910330908,573.837955999997,61.428571428571,1820.542513279986,1.790049669586,1.078452316504,9.349372813048,131.747619047619,8,101,0,101,101963.368290740167,130,128,14089.668316840107,15223.666399999993,13840.894792840107,14957.416399999993,98.234355001085,98.251078334192,248.773524000000,266.250000000000,13840.894792840107,80,79,-12070.882355819933,-11457.696141099936,613.186214719997,656.887472719998,-55.417670280007,97.254901146033,-0.042996404366,-0.003665357975,-94.985870999997,-5.504651002038,7.237599520000,1.449640699783,28.255650000002,4.692899861156,-123.724550000003,-0.091480858424,-169.194899976007,False,False
development,5.500000000000,,125,48390,210,210,1394,3690.975899999987,1831.623640979812,159.040000000000,1672.583640979812,1859.352259020174,1.859352259020,1.049362232255,1.383237794082,1.152042848215,14088.485564840106,513.654959850908,630.349255999998,61.904761904762,1729.057941039981,1.706968396978,1.075355669054,8.854058376287,131.390476190476,6,102,0,102,101859.352259020176,130,129,14089.668316840107,15223.666399999993,13964.633680840107,15089.916399999993,99.112579280163,99.121433717176,125.034636000000,133.750000000000,13964.633680840107,80,80,-12070.882355819933,-12229.133305819934,-158.250950000001,-108.011000000001,-159.433702000001,92.102496001140,-0.106932485197,-0.015201426189,-3.501298759991,-0.202908364420,-14.386450000000,-2.881505585901,-28.255649999999,-4.692899861155,-1.182752000001,-0.094577505874,-284.468338000001,False,False
development,4.000000000000,,125,48390,221,221,1383,3528.344099999989,1927.496192619797,167.377000000000,1760.119192619797,1600.847907380191,1.600847907380,0.851295276091,1.078009366697,1.121764995641,14747.876730840111,439.717170166665,460.815355999996,61.538461538462,2204.534215159991,2.174062636082,0.726161515830,7.243655689503,122.638009049774,13,107,0,101,101600.847907380186,130,129,14089.668316840107,15223.666399999993,13965.929428840105,15091.166399999993,99.121775720922,99.129644617016,123.738888000002,132.500000000000,13965.929428840105,80,80,-12070.882355819933,-11803.054192459924,267.828163360009,658.338652000003,-417.938053639984,79.297554980579,-0.304999441362,-0.045479278763,-478.977572880001,-27.757858603072,59.551339684243,11.927717953216,141.278250000003,23.464499305778,658.208414000004,-0.443771659097,-380.233541397863,False,False
development,5.750000000000,,125,48390,208,208,1396,3587.597699999990,1814.189708939814,157.542000000000,1656.647708939814,1773.407991060175,1.773407991060,0.989837278774,1.294261818529,1.145942976481,13924.784054680107,506.586119650908,658.604905999999,61.538461538462,1781.047541039981,1.758784412032,0.995710642302,8.525999957020,132.980769230769,5,101,0,102,101773.407991060172,130,128,14089.668316840107,15223.666399999993,13924.784054680109,15041.327199999994,98.829750577145,98.802264873592,164.884262159998,182.339199999999,13924.784054680109,80,80,-12070.882355819933,-12151.376063619933,-80.493707800000,19.986192199999,-245.377969959999,87.845270638003,-0.166457438679,-0.021301297924,-55.490898759992,-3.215825977562,-7.317609800000,-1.465666200775,-56.511300000000,-9.385799722311,-164.884262160000,-0.174222532625,-406.264993679997,False,False
development,3.500000000000,,125,48390,223,223,1381,3397.416299999988,1944.907488179790,168.896000000000,1776.011488179789,1452.508811820198,1.452508811820,0.771552492702,0.975563124779,1.109020308332,14775.795399840110,393.448962733331,407.841155999999,61.434977578475,2128.071216359996,2.102795736602,0.682547088017,6.513492429687,121.017937219731,17,107,0,99,101452.508811820197,130,129,14089.668316840107,15223.666399999993,13965.929428840105,15091.166399999993,99.121775720922,99.129644617016,123.738888000002,132.500000000000,13965.929428840105,80,80,-12070.882355819933,-11667.861283659924,403.021072160009,928.371452000001,-566.277149199977,71.949619219969,-0.384742224750,-0.058223966073,-402.514574080007,-23.326650903106,105.819547117577,21.194917169756,194.252450000000,32.262832234761,686.127083000003,-0.487386086910,-451.431973241190,False,False
development,3.750000000000,,125,48390,221,221,1383,3389.952299999991,1927.530602979804,167.398000000000,1760.132602979804,1462.421697020185,1.462421697020,0.763789731965,0.955682800810,1.111111983131,14624.113674840111,413.733264333332,432.559705999998,61.085972850679,2260.381059159990,2.228739481140,0.646980158984,6.617292746698,122.995475113122,14,106,0,101,101462.421697020181,130,129,14089.668316840107,15223.666399999993,13965.929428840105,15091.166399999993,99.121775720922,99.129644617016,123.738888000002,132.500000000000,13965.929428840105,80,80,-12070.882355819933,-11548.966572459933,521.915783360000,793.355051999999,-556.364263999990,72.440651225906,-0.392504985487,-0.056132291273,-534.824416880001,-30.994312430876,85.535245517576,17.132113047370,169.533900000001,28.157399166933,534.445358000004,-0.522953015943,-478.664518841204,False,False
development,5.250000000000,330.000000000000,125,48390,214,214,1390,3426.374899999983,1866.430578379805,161.987000000000,1704.443578379805,1559.944321620176,1.559944321620,0.888924502210,1.176740799035,1.124716548922,14067.861956440105,499.023006214544,602.093605999999,60.747663551402,1914.881539280002,1.883031655824,0.814642728347,7.289459446823,128.630841121495,6,101,7,100,101559.944321620176,130,130,14089.668316840107,15223.666399999993,14067.861956440105,15201.864399999991,99.845231556133,99.856788769360,21.806360400002,21.802000000001,14067.861956440105,80,80,-12070.882355819933,-12249.170206819932,-178.287850999999,2.700540000002,-458.841639399998,77.271407258641,-0.267370215242,-0.042527725482,-189.324897000013,-10.971815839662,0.245503636364,0.049172665914,0.000000000000,0.000000000000,-21.806360400002,-0.355290446581,-479.985139981818,False,False
development,5.250000000000,300.000000000000,125,48390,218,218,1386,3528.809699999978,1901.303858619802,165.053000000000,1736.250858619801,1627.505841380176,1.627505841380,0.931675038412,1.237586305473,1.129007560231,14243.090838640106,494.064790578180,602.093605999999,60.550458715596,2110.243689979994,2.069396018756,0.771240709833,7.465623125597,125.188073394495,6,103,14,95,101627.505841380174,130,130,14089.668316840107,15223.666399999993,13983.076002640104,15117.095399999989,99.243471799314,99.299964954566,106.592314200003,106.571000000004,13983.076002640104,80,80,-12070.882355819933,-12263.520596759932,-192.638240939999,66.973392000000,-391.280119639998,80.618048312449,-0.224619679041,-0.038236714174,-384.687047700005,-22.293504500189,5.203719272728,1.042268673080,0.000000000000,0.000000000000,153.422521799999,-0.398692465095,-481.875895803637,False,False
development,4.250000000000,,125,48390,220,220,1384,3360.579699999987,1918.785091459809,166.614000000000,1752.171091459809,1441.794608540176,1.441794608540,0.765083595713,0.966465750876,1.109524488932,14605.924590840110,463.854834545454,489.071005999998,61.363636363636,2293.213216279983,2.262472384250,0.628722439896,6.553611857001,124.813636363636,11,106,0,103,101441.794608540178,130,129,14089.668316840107,15223.666399999993,13965.929428840105,15091.166399999993,99.121775720922,99.129644617016,123.738888000002,132.500000000000,13965.929428840105,80,79,-12070.882355819933,-11476.146232859937,594.736122959996,982.452572719997,-576.991352479998,71.418894146241,-0.391211121740,-0.057719785473,-567.656573999993,-32.897011902776,35.413675305454,7.093112144411,113.022600000001,18.771599444622,516.256274000003,-0.541210735032,-486.532888283273,False,False
development,4.500000000000,330.000000000000,125,48390,220,220,1384,3507.239899999980,1918.642563379802,166.537000000000,1752.105563379802,1588.597336620178,1.588597336620,0.872537639857,1.126929730512,1.123464269793,14455.456220440106,465.895179741817,517.326655999997,60.454545454545,1937.719740899949,1.918173612519,0.819828225460,7.220896984637,124.886363636364,9,104,6,101,101588.597336620180,130,128,14089.668316840107,15223.666399999993,13816.629038440104,14933.114399999991,98.062131256322,98.091445303872,273.039278400003,290.552000000001,13816.629038440104,80,79,-12070.882355819933,-11513.114033859934,557.768321959999,873.930872719999,-430.188624399997,78.690726371873,-0.283757077595,-0.043780004611,-212.163098619960,-12.295342466395,33.373330109091,6.684445233499,84.766950000002,14.078699583467,365.787903599999,-0.350104949468,-511.755063201455,False,False
development,4.750000000000,,125,48390,214,214,1390,3589.578199999985,1866.412226719809,162.085000000000,1704.327226719809,1723.165973280176,1.723165973280,0.948176774690,1.227802007865,1.137794798769,14228.470880840105,487.644775196363,545.582305999999,61.214953271028,1823.834421539956,1.805437074908,0.944803954202,8.052177445234,129.149532710280,9,103,0,102,101723.165973280178,130,127,14089.668316840107,15223.666399999993,13713.400762840105,14821.166399999993,97.329478980351,97.356090251689,376.267554000002,402.500000000000,13713.400762840105,80,79,-12070.882355819933,-11545.126442859932,525.755912960001,765.409172719999,-295.619987739999,85.356546288314,-0.208117942763,-0.029449475636,-98.277779259966,-5.695424702495,11.623734654545,2.328152972840,56.511300000000,9.385799722311,138.802563999998,-0.225129220726,-512.993839868728,False,False
development,5.000000000000,330.000000000000,125,48390,213,213,1391,3379.124899999980,1857.593753659811,161.238000000000,1696.355753659811,1521.531146340167,1.521531146340,0.859959791735,1.131132687213,1.122480831678,13944.137406440102,492.030910330908,573.837955999997,60.563380281690,1992.862915279999,1.959483822544,0.763490120005,7.143338715212,129.474178403756,8,100,6,99,101521.531146340174,130,128,14089.668316840107,15223.666399999993,13819.088432440103,14935.614399999991,98.079586557218,98.107867103551,270.579884400004,288.052000000001,13819.088432440103,80,79,-12070.882355819933,-11638.684532099938,432.197823719995,656.887472719998,-497.254814680007,75.368621325823,-0.296334925718,-0.044763442727,-267.306273000009,-15.491017011578,7.237599520000,1.449640699783,28.255650000002,4.692899861156,-145.530910400004,-0.406443054923,-632.838404776011,False,False
development,5.000000000000,300.000000000000,125,48390,217,217,1387,3465.599699999978,1892.466865899807,164.304000000000,1728.162865899807,1573.132834100169,1.573132834100,0.892048695723,1.176038444056,1.125386861308,14119.366288640107,487.760104876363,573.837955999997,60.368663594470,2204.184897979998,2.161263464456,0.713702754947,7.249460064978,125.990783410138,7,102,14,94,101573.132834100164,130,128,14089.668316840107,15223.666399999993,13734.302478640104,14850.845399999989,97.477826800399,97.551043288757,355.365838200003,372.821000000004,13734.302478640104,80,79,-12070.882355819933,-11660.596434039937,410.285921779996,713.598812719998,-445.653126920005,77.924696549069,-0.264246021729,-0.041857413097,-478.628255700009,-27.737614864244,11.508404974546,2.305053242389,28.255650000002,4.692899861156,29.697971800000,-0.456230419981,-652.545000088735,False,False
development,4.000000000000,330.000000000000,125,48390,224,224,1380,3263.060099999984,1953.535295419793,169.582000000000,1783.953295419793,1309.524804580190,1.309524804580,0.698123831712,0.882245979466,1.097605214260,14726.070370440108,439.717170166665,460.815355999996,60.714285714286,2226.340575559996,2.195567583952,0.588196082376,5.846092877590,120.790178571429,13,106,4,101,101309.524804580185,130,129,14089.668316840107,15223.666399999993,13944.123068440102,15069.364399999991,98.967007277055,98.986433386375,145.545248400005,154.302000000001,13944.123068440102,80,80,-12070.882355819933,-11833.528541859927,237.353813960006,658.338652000003,-709.261156439984,64.866946266975,-0.458170885741,-0.069639060145,-500.783933280007,-29.021587643644,59.551339684243,11.927717953216,141.278250000003,23.464499305778,636.402053600001,-0.581737092551,-693.363004597868,False,False
development,6.250000000000,,125,48390,207,207,1397,3415.815799999992,1805.463940559813,156.800000000000,1648.663940559813,1610.351859440177,1.610351859440,0.880171438949,1.133616694306,1.132096823278,13801.045166680107,510.160414525453,715.116205999997,61.352657004831,1881.622862679986,1.859140031567,0.855831363117,7.779477581837,133.642512077295,3,100,0,104,101610.351859440183,130,127,14089.668316840107,15223.666399999993,13801.045166680105,14908.827199999994,97.951526298067,97.931909490607,288.623150160001,314.839199999999,13801.045166680105,80,80,-12070.882355819933,-12190.693307239930,-119.810951419997,-13.882041439998,-408.434101579997,79.768330597385,-0.276123278504,-0.035147451127,-156.066220399996,-9.044398577017,-10.891904674545,-2.181572532543,-113.022599999998,-18.771599444622,-288.623150160000,-0.314101811810,-697.057251739998,False,False
development,6.000000000000,,125,48390,207,207,1397,3394.647599999991,1805.438106919816,156.800000000000,1648.638106919816,1589.209493080173,1.589209493080,0.861798093662,1.104048830278,1.130136822633,13801.045166680107,512.082447830908,686.860555999998,61.352657004831,1956.776029039975,1.932855604647,0.812157073418,7.677340546281,133.608695652174,4,100,0,103,101589.209493080169,130,127,14089.668316840107,15223.666399999993,13801.045166680105,14908.827199999994,97.951526298067,97.931909490607,288.623150160001,314.839199999999,13801.045166680105,80,80,-12070.882355819933,-12211.835673599933,-140.953317780000,-60.519307800000,-429.576467940001,78.721049371528,-0.294496623790,-0.037107451771,-231.219386759985,-13.399698456405,-12.813937980000,-2.566542396961,-84.766949999999,-14.078699583466,-288.623150160000,-0.357776101509,-718.199618100002,False,False
development,3.500000000000,330.000000000000,125,48390,226,226,1378,3132.132299999982,1970.946590979785,171.101000000000,1799.845590979785,1161.185709020197,1.161185709020,0.619176485822,0.781289399017,1.085426507012,14753.989039440106,393.448962733331,407.841155999999,60.619469026549,2149.877576760002,2.124343098987,0.540117131121,5.137989862921,119.207964601770,17,106,4,99,101161.185709020196,130,129,14089.668316840107,15223.666399999993,13944.123068440102,15069.364399999991,98.967007277055,98.986433386375,145.545248400005,154.302000000001,13944.123068440102,80,80,-12070.882355819933,-11698.335633059925,372.546722760007,928.371452000001,-857.600251999977,57.519010506364,-0.537118231631,-0.081817767392,-424.320934480013,-24.590379943677,105.819547117577,21.194917169756,194.252450000000,32.262832234761,664.320722599999,-0.629816043807,-764.561436441194,False,False
development,5.500000000000,330.000000000000,125,48390,214,214,1390,3266.874899999983,1866.364280379806,161.980000000000,1704.384280379806,1400.510619620175,1.400510619620,0.787638434496,1.031215786193,1.110570975764,14066.679204440105,513.409456214544,630.349255999998,60.747663551402,1914.881539280002,1.885455801133,0.731382381046,6.544442147758,128.504672897196,6,101,7,100,101400.510619620181,130,129,14089.668316840107,15223.666399999993,13942.827320440105,15068.114399999991,98.957810836296,98.978222486536,146.840996400002,155.552000000001,13942.827320440105,80,80,-12070.882355819933,-12407.421156819932,-336.538800999999,-105.310459999998,-618.275341399999,69.373903259781,-0.368656282957,-0.056673298640,-189.324897000013,-10.971815839662,-14.140946363636,-2.832332919987,-28.255649999999,-4.692899861155,-22.989112400002,-0.438550793881,-765.116337800001,False,False
development,5.750000000000,300.000000000000,125,48390,217,217,1387,3346.409699999978,1892.536824619802,164.304000000000,1728.232824619802,1453.872875380176,1.453872875380,0.814615889135,1.064247432445,1.114801944808,14118.056202640106,498.482820578180,658.604905999999,60.368663594470,2110.243689979994,2.074716198145,0.688959707489,6.699875001752,125.940092165899,5,102,15,95,101453.872875380170,130,129,14089.668316840107,15223.666399999993,13858.041366640105,14983.345399999989,98.356051079477,98.421398671742,231.626950200001,240.321000000004,13858.041366640105,80,80,-12070.882355819933,-12312.118926759933,-241.236570940000,118.854961999999,-564.913085639998,72.017187728286,-0.341678828317,-0.052442329596,-384.687047700005,-22.293504500189,0.785689272728,0.157368080948,-56.511300000000,-9.385799722311,28.387885799999,-0.480973467438,-772.376198803636,False,False
development,6.500000000000,,125,48390,207,207,1397,3336.315799999992,1805.469640559814,156.800000000000,1648.669640559814,1530.846159440176,1.530846159440,0.830134798837,1.063161659467,1.124761314673,13801.045166680107,517.388205434544,743.371855999998,61.352657004831,1907.117762679991,1.884856517100,0.802701432181,7.395392074590,133.758454106280,3,100,0,104,101530.846159440174,130,127,14089.668316840107,15223.666399999993,13801.045166680105,14908.827199999994,97.951526298067,97.931909490607,288.623150160001,314.839199999999,13801.045166680105,80,80,-12070.882355819933,-12270.199007239931,-199.316651419998,-67.892841439998,-487.939801579998,75.830037903898,-0.326159918615,-0.042482959732,-181.561120400002,-10.521887021924,-18.119695583636,-3.629248635979,-141.278249999999,-23.464499305777,-288.623150160000,-0.367231742747,-776.562951740000,False,False
development,5.500000000000,300.000000000000,125,48390,218,218,1386,3369.309699999978,1901.237560619802,165.046000000000,1736.191560619802,1468.072139380175,1.468072139380,0.829072525273,1.088905444872,1.114928056493,14241.908086640105,508.451240578180,630.349255999998,60.550458715596,2110.243689979994,2.072052693448,0.695688439374,6.734275868716,125.064220183486,6,103,14,95,101468.072139380180,130,129,14089.668316840107,15223.666399999993,13858.041366640105,14983.345399999989,98.356051079477,98.421398671742,231.626950200001,240.321000000004,13858.041366640105,80,80,-12070.882355819933,-12421.771546759932,-350.889190939999,-41.037608000000,-550.713821639999,72.720544313588,-0.327222192179,-0.052316217911,-384.687047700005,-22.293504500189,-9.182730727272,-1.839236912822,-28.255649999999,-4.692899861155,152.239769799999,-0.474244735554,-782.340771840000,False,False
development,3.750000000000,330.000000000000,125,48390,224,224,1380,3124.668299999984,1953.569705779800,169.603000000000,1783.966705779800,1171.098594220184,1.171098594220,0.614142041301,0.767008413752,1.087192345724,14602.307314440110,413.733264333332,432.559705999998,60.267857142857,2282.187419560010,2.250240588737,0.513147423469,5.228118724197,121.142857142857,14,105,4,101,101171.098594220181,130,129,14089.668316840107,15223.666399999993,13944.123068440102,15069.364399999991,98.967007277055,98.986433386375,145.545248400005,154.302000000001,13944.123068440102,80,80,-12070.882355819933,-11579.440921859934,491.441433959999,793.355051999999,-847.687366799990,58.010042512302,-0.542152676152,-0.080051928681,-556.630777280021,-32.258041471449,85.535245517576,17.132113047370,169.533900000001,28.157399166933,512.638997600003,-0.656785751459,-791.793982041208,False,False
development,4.250000000000,330.000000000000,125,48390,223,223,1381,3075.153699999982,1944.820165859805,168.819000000000,1776.001165859805,1130.333534140177,1.130333534140,0.602065879055,0.758643258433,1.084016026691,14584.118230440105,456.170377133333,489.071005999998,60.538116591928,2335.157548279982,2.303854446830,0.484050223923,5.068760242781,122.847533632287,11,105,5,102,101130.333534140183,130,129,14089.668316840107,15223.666399999993,13944.123068440102,15069.364399999991,98.967007277055,98.986433386375,145.545248400005,154.302000000001,13944.123068440102,80,79,-12070.882355819933,-11526.758553859938,544.123801959995,982.452572719997,-888.452426879998,55.990756621320,-0.554228838398,-0.083228247713,-609.600905999992,-35.327782992653,43.098132717575,8.632255363040,113.022600000001,18.771599444622,494.449913599998,-0.685882951005,-815.958094377216,False,False
development,6.750000000000,,125,48390,207,207,1397,3256.815799999992,1805.475340559813,156.800000000000,1648.675340559813,1451.340459440177,1.451340459440,0.780887641162,0.994552174442,1.117520256058,13801.045166680107,524.615996343635,771.627505999997,61.352657004831,1932.612662679981,1.910587369729,0.750973274400,7.011306567344,133.768115942029,3,100,0,104,101451.340459440180,130,127,14089.668316840107,15223.666399999993,13801.045166680105,14908.827199999994,97.951526298067,97.931909490607,288.623150160001,314.839199999999,13801.045166680105,80,80,-12070.882355819933,-12349.704707239929,-278.822351419996,-121.903641439998,-567.445501579997,71.891745210411,-0.375407076291,-0.049724018346,-207.056020399992,-11.999375466830,-25.347486492727,-5.076924739415,-169.533899999998,-28.157399166933,-288.623150160000,-0.418959900527,-856.068651739999,False,False
development,5.750000000000,330.000000000000,125,48390,212,212,1392,3163.496699999986,1848.930348339807,160.482000000000,1688.448348339807,1314.566351660177,1.314566351660,0.732015177816,0.951056164771,1.104426707698,13902.977694280104,506.340616014544,658.604905999999,60.377358490566,1914.881539280002,1.887886195999,0.686500091360,6.200784677642,130.037735849057,5,100,7,100,101314.566351660178,130,128,14089.668316840107,15223.666399999993,13902.977694280105,15019.525199999993,98.674982133278,98.659053642952,186.690622560001,204.141200000000,13902.977694280105,80,80,-12070.882355819933,-12329.663914619930,-258.781558799998,22.686732200001,-704.219609359997,65.116677896644,-0.424279539637,-0.062817566706,-189.324897000013,-10.971815839662,-7.072106163636,-1.416493534861,-56.511300000000,-9.385799722311,-186.690622560003,-0.483433083567,-886.372885479998,False,False
development,4.500000000000,300.000000000000,125,48390,222,222,1382,3221.399199999978,1936.034228519800,168.049000000000,1767.985228519800,1285.364971480177,1.285364971480,0.706415573762,0.909910785987,1.098229650932,14370.670266640107,458.097978929999,517.326655999997,59.909909909910,2104.309341879984,2.076689974666,0.610825103467,5.789932303965,122.896396396396,9,104,12,97,101285.364971480172,130,128,14089.668316840107,15223.666399999993,13731.843084640102,14848.345399999989,97.460371499503,97.534621489078,357.825232200004,375.321000000004,13731.843084640102,80,79,-12070.882355819933,-11642.957029799934,427.925326019998,873.930872719999,-733.420989539997,63.670195667035,-0.449879143691,-0.069014623473,-378.752699599994,-21.949595296944,41.170530920909,8.246170168674,84.766950000002,14.078699583467,281.001949800000,-0.559108071461,-895.874781735547,False,False
development,7.000000000000,,125,48390,207,207,1397,3177.315799999992,1805.481040559815,156.800000000000,1648.681040559815,1371.834759440175,1.371834759440,0.732440282934,0.927766631623,1.110371834935,13801.045166680107,531.843787252726,799.883155999999,61.352657004831,1958.107562679987,1.936332601498,0.700592135788,6.627221060097,133.826086956522,3,100,0,104,101371.834759440171,130,127,14089.668316840107,15223.666399999993,13801.045166680105,14908.827199999994,97.951526298067,97.931909490607,288.623150160001,314.839199999999,13801.045166680105,80,80,-12070.882355819933,-12429.210407239931,-358.328051419998,-175.914441439999,-646.951201579999,67.953452516924,-0.423854434519,-0.056872439469,-232.550920399997,-13.476863911736,-32.575277401818,-6.524600842850,-197.789550000000,-32.850299028088,-288.623150160000,-0.469341039140,-935.574351740001,False,False
development,4.750000000000,330.000000000000,125,48390,217,217,1387,3173.802199999980,1892.473371119804,164.290000000000,1728.183371119804,1281.328828880175,1.281328828880,0.704800140437,0.908074900347,1.099133118045,14206.664520440103,487.644775196363,545.582305999999,60.368663594470,1951.974792380002,1.925121890632,0.656426934345,5.904741146913,126.953917050691,9,102,6,100,101281.328828880170,130,127,14089.668316840107,15223.666399999993,13691.594402440103,14799.364399999991,97.174710536484,97.212879021048,398.073914400004,424.302000000001,13691.594402440103,80,79,-12070.882355819933,-11726.114833859934,344.767521959999,765.409172719999,-737.457132139999,63.470266468104,-0.451494577016,-0.068111156360,-226.418150100013,-13.121455682895,11.623734654545,2.328152972840,56.511300000000,9.385799722311,116.996203599996,-0.513506240583,-976.637344668730,False,False
development,3.500000000000,300.000000000000,125,48390,228,228,1376,3018.999599999977,1988.323737719781,172.613000000000,1815.710737719781,1030.675862280196,1.030675862280,0.551935838808,0.696367393605,1.075570906257,14669.203085640107,393.448962733331,407.841155999999,60.087719298246,2321.158683960006,2.292223491913,0.444035071537,4.520508167896,117.710526315789,17,106,9,96,101030.675862280201,130,129,14089.668316840107,15223.666399999993,13859.337114640104,14984.595399999989,98.365247520236,98.429609571581,230.331202200003,239.071000000004,13859.337114640104,80,80,-12070.882355819933,-11655.456110599927,415.426245220006,928.371452000001,-988.110098739979,51.054241617539,-0.604358878645,-0.091673368147,-595.602041680017,-34.516516414845,105.819547117577,21.194917169756,194.252450000000,32.262832234761,579.534768800000,-0.725898103391,-979.857236981193,False,False
development,8.000000000000,,125,48390,207,207,1397,3107.132599999989,1805.546207199816,156.807000000000,1648.739207199816,1301.586392800171,1.301586392800,0.695974609831,0.881865749126,1.103888732518,13830.244325680105,540.884471401817,912.905755999999,61.352657004831,1848.984786939953,1.830333744038,0.703946512699,6.287856970049,134.198067632850,3,100,0,104,101301.586392800178,130,126,14089.668316840107,15223.666399999993,13784.953904680104,14884.077199999994,97.837320188753,97.769333673786,304.714412160003,339.589199999999,13784.953904680104,80,79,-12070.882355819933,-12203.288052879936,-132.405697060003,151.987512919997,-717.199568220003,64.473719251665,-0.460320107622,-0.063355541886,-123.428144659963,-7.152946570150,-41.615961550909,-8.335386816873,-310.812150000001,-51.621898472710,-259.423991160002,-0.465986662229,-991.516477796007,False,False
development,4.000000000000,300.000000000000,125,48390,226,226,1378,3060.827399999978,1970.894622159790,171.094000000000,1799.800622159790,1089.932777840187,1.089932777840,0.583936271855,0.737661347992,1.080429820352,14641.284416640108,439.717170166665,460.815355999996,60.176991150442,2397.621682760000,2.365151935654,0.454589139595,4.822711406373,119.137168141593,13,106,10,97,101089.932777840193,130,129,14089.668316840107,15223.666399999993,13859.337114640104,14984.595399999989,98.365247520236,98.429609571581,230.331202200003,239.071000000004,13859.337114640104,80,80,-12070.882355819933,-11879.731199399928,191.151156420005,658.338652000003,-928.853183179987,53.989516416560,-0.572358445598,-0.086814454052,-672.065040480011,-38.947724114811,59.551339684243,11.927717953216,141.278250000003,23.464499305778,551.616099800001,-0.715344035333,-997.740985137868,False,False
development,7.250000000000,,125,48390,207,207,1397,3097.815799999992,1805.486740559813,156.800000000000,1648.686740559813,1292.329059440177,1.292329059440,0.684800599279,0.862778832650,1.103314284884,13801.045166680107,539.071578161817,828.138805999997,61.352657004831,1983.602462679977,1.962092224462,0.651506077329,6.243135552851,133.835748792271,3,100,0,104,101292.329059440177,130,127,14089.668316840107,15223.666399999993,13801.045166680105,14908.827199999994,97.951526298067,97.931909490607,288.623150160001,314.839199999999,13801.045166680105,80,80,-12070.882355819933,-12508.716107239930,-437.833751419997,-229.925241439999,-726.456901579998,64.015159823437,-0.471494118173,-0.063929989520,-258.045820399988,-14.954352356642,-39.803068310909,-7.972276946286,-226.045199999998,-37.543198889244,-288.623150160000,-0.518427097599,-1015.080051739999,False,False
development,6.250000000000,300.000000000000,125,48390,216,216,1388,3174.627799999980,1883.811056239800,163.562000000000,1720.249056239800,1290.816743760179,1.290816743760,0.709211399129,0.912717846834,1.101611106054,13994.317314640106,502.057115452725,715.116205999997,60.185185185185,2110.243689979994,2.078047536156,0.611690843996,5.976003443334,126.541666666667,3,101,15,97,101290.816743760181,130,128,14089.668316840107,15223.666399999993,13734.302478640104,14850.845399999989,97.477826800399,97.551043288757,355.365838200003,372.821000000004,13734.302478640104,80,80,-12070.882355819933,-12351.436170379930,-280.553814559997,84.986728360003,-727.969217259995,63.940247687669,-0.447083318324,-0.065633168351,-384.687047700005,-22.293504500189,-2.788605601817,-0.558538250820,-113.022599999998,-18.771599444622,-95.351002200001,-0.558242330932,-1066.337709787997,False,False
development,4.250000000000,300.000000000000,125,48390,225,225,1379,2911.962999999977,1962.187300999803,170.331000000000,1791.856300999802,949.775699000174,0.949775699000,0.509432987487,0.642201332976,1.070096441427,14499.332276640107,456.170377133333,489.071005999998,60.000000000000,2467.404463879982,2.435019411801,0.384929067327,4.221225328890,121.035555555556,11,105,11,98,100949.775699000180,130,129,14089.668316840107,15223.666399999993,13859.337114640104,14984.595399999989,98.365247520236,98.429609571581,230.331202200003,239.071000000004,13859.337114640104,80,79,-12070.882355819933,-11533.927019799939,536.955336019993,982.452572719997,-1069.010262020000,47.046874574074,-0.646861729966,-0.097147832978,-741.847821599993,-42.991797743584,43.098132717575,8.632255363040,113.022600000001,18.771599444622,409.663959800000,-0.785004107601,-1081.301883317216,False,False
development,7.500000000000,,125,48390,207,207,1397,3018.315799999992,1805.492440559815,156.800000000000,1648.692440559815,1212.823359440175,1.212823359440,0.637974190329,0.799558733604,1.096345884114,13801.045166680107,546.299369070908,856.394455999999,61.352657004831,2009.097362679982,1.987866250692,0.603665796377,5.859050045605,133.859903381643,3,100,0,104,101212.823359440168,130,127,14089.668316840107,15223.666399999993,13801.045166680105,14908.827199999994,97.951526298067,97.931909490607,288.623150160001,314.839199999999,13801.045166680105,80,80,-12070.882355819933,-12588.221807239932,-517.339451419999,-283.936041439999,-805.962601579999,60.076867129950,-0.518320527124,-0.070898390291,-283.540720399993,-16.431840801548,-47.030859220000,-9.419953049722,-254.300850000000,-42.236098750399,-288.623150160000,-0.566267378551,-1094.585751740000,False,False
development,3.750000000000,300.000000000000,125,48390,226,226,1378,2922.435599999979,1970.929032519797,171.115000000000,1799.814032519797,951.506567480181,0.951506567480,0.502414876267,0.627243548440,1.070138989378,14517.521360640108,413.733264333332,432.559705999998,59.734513274336,2453.468526760014,2.419810154411,0.387820979606,4.210206050797,119.486725663717,14,105,10,97,100951.506567480188,130,129,14089.668316840107,15223.666399999993,13859.337114640104,14984.595399999989,98.365247520236,98.429609571581,230.331202200003,239.071000000004,13859.337114640104,80,80,-12070.882355819933,-11625.643579399937,445.238776419996,793.355051999999,-1067.279393539993,47.132612661886,-0.653879841186,-0.097105285026,-727.911884480025,-42.184177942616,85.535245517576,17.132113047370,169.533900000001,28.157399166933,427.853043800002,-0.782112195322,-1096.171962581208,False,False
development,6.000000000000,300.000000000000,125,48390,216,216,1388,3153.459599999979,1883.785222599804,163.562000000000,1720.223222599804,1269.674377400175,1.269674377400,0.692318149573,0.886267015843,1.099780746985,13994.317314640106,503.979148758180,686.860555999998,60.185185185185,2110.243689979994,2.078480271500,0.601671922266,5.878122117593,126.509259259259,4,101,15,96,101269.674377400181,130,128,14089.668316840107,15223.666399999993,13734.302478640104,14850.845399999989,97.477826800399,97.551043288757,355.365838200003,372.821000000004,13734.302478640104,80,80,-12070.882355819933,-12372.578536739933,-301.696180920000,38.349462000000,-749.111583619999,62.892966461811,-0.463976567879,-0.067463527419,-384.687047700005,-22.293504500189,-4.710638907272,-0.943508115238,-84.766949999999,-14.078699583466,-95.351002200001,-0.568261252662,-1096.807529420002,False,False
development,3.000000000000,,125,48390,228,228,1376,2852.674399999994,1988.493663439786,172.634000000000,1815.859663439785,864.180736560207,0.864180736560,0.455322701122,0.567051401807,1.061652938444,14881.042842040122,343.776208069999,350.829755999998,60.526315789474,2481.732204179978,2.448115864801,0.348216755661,3.790266388422,116.640350877193,28,108,0,92,100864.180736560214,130,127,14089.668316840107,15223.666399999993,13801.045166680105,14908.827199999994,97.951526298067,97.931909490607,288.623150160001,314.839199999999,13801.045166680105,80,80,-12070.882355819933,-11805.886383679925,264.995972140008,1198.404252000002,-1154.605224459967,42.806951962530,-0.700972016331,-0.105591335961,-756.175561899989,-43.822123445386,155.492301780909,31.144023448894,251.263850000001,41.731692131605,791.374525200015,-0.821716419266,-1125.801373329513,False,False
development,6.500000000000,300.000000000000,125,48390,216,216,1388,3095.127799999980,1883.816756239802,163.562000000000,1720.254756239802,1211.311043760177,1.211311043760,0.660827731284,0.845687806775,1.094759481306,13994.317314640106,509.284906361816,743.371855999998,60.185185185185,2110.243689979994,2.079675769954,0.574014768774,5.607921498890,126.652777777778,3,101,15,97,101211.311043760172,130,128,14089.668316840107,15223.666399999993,13734.302478640104,14850.845399999989,97.477826800399,97.551043288757,355.365838200003,372.821000000004,13734.302478640104,80,80,-12070.882355819933,-12430.941870379931,-360.059514559998,30.975928360002,-807.474917259997,60.001954994181,-0.495466986169,-0.072484793098,-384.687047700005,-22.293504500189,-10.016396510908,-2.006214354256,-141.278249999999,-23.464499305777,-95.351002200001,-0.595918406154,-1156.645569787999,False,False
development,7.750000000000,,125,48390,207,207,1397,2968.020799999991,1805.503981559813,156.800000000000,1648.703981559813,1162.516818440176,1.162516818440,0.608376911394,0.759696487906,1.091769957775,13830.244325680105,553.527159979999,884.650105999998,61.352657004831,2034.592262679987,2.013654692271,0.571375818027,5.616023277489,133.869565217391,3,100,0,104,101162.516818440170,130,126,14089.668316840107,15223.666399999993,13784.953904680104,14884.077199999994,97.837320188753,97.769333673786,304.714412160003,339.589199999999,13784.953904680104,80,80,-12070.882355819933,-12667.727507239932,-596.845151419999,-337.946841439997,-856.269142579999,57.584946640540,-0.547917806059,-0.075474316630,-309.035620399998,-17.909329246455,-54.258650129091,-10.867629153157,-282.556499999999,-46.928998611555,-259.423991160002,-0.598557356901,-1160.983554740002,False,False
development,6.250000000000,330.000000000000,125,48390,211,211,1393,2991.714799999987,1840.204579959806,159.740000000000,1680.464579959806,1151.510220040180,1.151510220040,0.629584708702,0.806274720125,1.091189022014,13779.238806280104,509.914910889089,715.116205999997,60.189573459716,1914.881539280002,1.890925999891,0.601348018882,5.457394407773,130.672985781991,3,99,7,102,101151.510220040174,130,127,14089.668316840107,15223.666399999993,13779.238806280104,14887.025199999993,97.796757854200,97.788698259967,310.429510560003,336.641200000000,13779.238806280104,80,80,-12070.882355819933,-12368.981158239927,-298.098802419994,-11.181501439995,-867.275740979994,57.039737856027,-0.526710008751,-0.076055252390,-189.324897000013,-10.971815839662,-10.646401038181,-2.132399866629,-113.022599999998,-18.771599444622,-310.429510560003,-0.568585156045,-1177.705251539997,False,False
development,6.000000000000,330.000000000000,125,48390,211,211,1393,2970.546599999986,1840.178746319810,159.740000000000,1680.438746319810,1130.367853680176,1.130367853680,0.613550766369,0.781758742062,1.089365118667,13779.238806280104,511.836944194544,686.860555999998,60.189573459716,1956.776029039975,1.932855604647,0.577668489855,5.357193619337,130.639810426540,4,99,7,101,101130.367853680174,130,127,14089.668316840107,15223.666399999993,13779.238806280104,14887.025199999993,97.796757854200,97.788698259967,310.429510560003,336.641200000000,13779.238806280104,80,80,-12070.882355819933,-12390.123524599931,-319.241168779998,-57.818767799997,-888.418107339998,55.992456630170,-0.542743951084,-0.077879155738,-231.219386759985,-13.399698456405,-12.568434343636,-2.517369731047,-84.766949999999,-14.078699583466,-310.429510560003,-0.592264685073,-1198.847617900001,False,False
development,6.750000000000,300.000000000000,125,48390,216,216,1388,3015.627799999980,1883.822456239801,163.562000000000,1720.260456239801,1131.805343760179,1.131805343760,0.613228370480,0.780442860755,1.087992559021,13994.317314640106,516.512697270907,771.627505999997,60.185185185185,2110.243689979994,2.081306557325,0.536338693552,5.239839554445,126.662037037037,3,101,15,97,101131.805343760177,130,128,14089.668316840107,15223.666399999993,13734.302478640104,14850.845399999989,97.477826800399,97.551043288757,355.365838200003,372.821000000004,13734.302478640104,80,80,-12070.882355819933,-12510.447570379929,-439.565214559996,-23.034871639998,-886.980617259996,56.063662300694,-0.543066346973,-0.079251715383,-384.687047700005,-22.293504500189,-17.244187419999,-3.453890457692,-169.533899999998,-28.157399166933,-95.351002200001,-0.633594481376,-1242.346455459999,False,False
development,6.500000000000,330.000000000000,125,48390,211,211,1393,2912.214799999987,1840.210279959808,159.740000000000,1680.470279959808,1072.004520040179,1.072004520040,0.582391990310,0.741822037594,1.084361749842,13779.238806280104,517.142701798180,743.371855999998,60.189573459716,1914.881539280002,1.892411752575,0.559828113672,5.080590142371,130.786729857820,3,99,7,102,101072.004520040180,130,127,14089.668316840107,15223.666399999993,13779.238806280104,14887.025199999993,97.796757854200,97.788698259967,310.429510560003,336.641200000000,13779.238806280104,80,80,-12070.882355819933,-12448.486858239929,-377.604502419996,-65.192301439996,-946.781440979996,53.101445162540,-0.573902727143,-0.082882524562,-189.324897000013,-10.971815839662,-17.874191947272,-3.580075970065,-141.278249999999,-23.464499305777,-310.429510560003,-0.610105061256,-1257.210951539999,False,False
development,7.000000000000,300.000000000000,125,48390,216,216,1388,2936.127799999980,1883.828156239803,163.562000000000,1720.266156239803,1052.299643760177,1.052299643760,0.566422015390,0.716959655033,1.081308778161,13994.317314640106,523.740488179998,799.883155999999,60.185185185185,2110.243689979994,2.082939904283,0.498662618330,4.871757610001,126.717592592593,3,101,15,97,101052.299643760183,130,128,14089.668316840107,15223.666399999993,13734.302478640104,14850.845399999989,97.477826800399,97.551043288757,355.365838200003,372.821000000004,13734.302478640104,80,80,-12070.882355819933,-12589.953270379930,-519.070914559998,-77.045671639999,-966.486317259997,52.125369607207,-0.589872702063,-0.085935496243,-384.687047700005,-22.293504500189,-24.471978329090,-4.901566561127,-197.789550000000,-32.850299028088,-95.351002200001,-0.671270556597,-1321.852155460000,False,False
development,4.750000000000,300.000000000000,125,48390,219,219,1385,2917.661499999977,1909.859096259805,165.802000000000,1744.057096259805,1007.802403740172,1.007802403740,0.557092626168,0.716754095833,1.076848905803,14121.878566640105,485.292006105454,545.582305999999,59.817351598174,2177.190297979992,2.147848301300,0.462891279956,4.601837460001,124.794520547945,8,102,13,96,101007.802403740177,130,127,14089.668316840107,15223.666399999993,13606.808448640104,14714.595399999989,96.572950779665,96.656055206254,482.859868200003,509.071000000004,13606.808448640104,80,79,-12070.882355819933,-11826.251889799936,244.630466019997,795.115112719997,-1010.983557280002,49.921211222951,-0.599202091284,-0.090395368601,-451.633655700003,-26.173215334343,13.976503745455,2.799396210594,56.511300000000,9.385799722311,32.210249799999,-0.707041894971,-1327.832151063279,False,False
development,6.750000000000,330.000000000000,125,48390,211,211,1393,2832.714799999987,1840.215979959806,159.740000000000,1680.475979959806,992.498820040180,0.992498820040,0.535962845003,0.679057888505,1.077619379225,13779.238806280104,524.370492707271,771.627505999997,60.189573459716,1959.826966359964,1.937491521757,0.506421657155,4.703785876968,130.796208530806,3,99,7,102,100992.498820040186,130,127,14089.668316840107,15223.666399999993,13779.238806280104,14887.025199999993,97.796757854200,97.788698259967,310.429510560003,336.641200000000,13779.238806280104,80,80,-12070.882355819933,-12527.992558239926,-457.110202419994,-119.203101439996,-1026.287140979994,49.163152469053,-0.620331872450,-0.089624895180,-234.270324079975,-13.576507333334,-25.101982856363,-5.027752073500,-169.533899999998,-28.157399166933,-310.429510560003,-0.663511517773,-1336.716651539997,False,False
development,8.000000000000,300.000000000000,125,48390,216,216,1388,2865.944599999977,1883.893322879804,163.569000000000,1720.324322879804,982.051277120173,0.982051277120,0.529953733740,0.671007567262,1.075302219676,14023.516473640106,536.165391419999,912.905755999999,60.185185185185,2110.243689979994,2.084385205414,0.465373398240,4.546533690371,127.074074074074,3,101,15,97,100982.051277120176,130,127,14089.668316840107,15223.666399999993,13718.211216640102,14826.095399999989,97.363620691084,97.388467471936,371.457100200005,397.571000000004,13718.211216640102,80,79,-12070.882355819933,-12364.030916019936,-293.148560200003,250.856282719997,-1036.734683900001,48.645636341948,-0.626340983712,-0.091942054729,-384.687047700005,-22.293504500189,-36.896881569091,-7.390188013281,-310.812150000001,-51.621898472710,-66.151843200001,-0.704559776688,-1358.020527556007,False,False
development,7.250000000000,300.000000000000,125,48390,216,216,1388,2856.627799999980,1883.833856239801,163.562000000000,1720.271856239801,972.793943760178,0.972793943760,0.520415058045,0.655210697237,1.074706615812,13994.317314640106,530.968279089089,828.138805999997,60.185185185185,2110.243689979994,2.084575816858,0.460986543108,4.503675665556,126.726851851852,3,101,15,97,100972.793943760174,130,128,14089.668316840107,15223.666399999993,13734.302478640104,14850.845399999989,97.477826800399,97.551043288757,355.365838200003,372.821000000004,13734.302478640104,80,80,-12070.882355819933,-12669.458970379930,-598.576614559997,-131.056471639999,-1045.992017259996,48.187076913720,-0.635879659408,-0.092537658592,-384.687047700005,-22.293504500189,-31.699769238181,-6.349242664563,-226.045199999998,-37.543198889244,-95.351002200001,-0.708946631819,-1401.357855459999,False,False
development,7.000000000000,330.000000000000,125,48390,211,211,1393,2753.214799999987,1840.221679959808,159.740000000000,1680.481679959808,912.993120040178,0.912993120040,0.490305527060,0.617961738900,1.070960336240,13779.238806280104,531.598283616362,799.883155999999,60.189573459716,2011.077016359966,1.988713013074,0.453982176025,4.326981611565,130.853080568720,3,99,7,102,100912.993120040177,130,127,14089.668316840107,15223.666399999993,13779.238806280104,14887.025199999993,97.796757854200,97.788698259967,310.429510560003,336.641200000000,13779.238806280104,80,80,-12070.882355819933,-12607.498258239932,-536.615902419999,-173.213901439996,-1105.792840979996,45.224859775566,-0.665989190393,-0.096283938165,-285.520374079977,-16.546566312811,-32.329773765454,-6.475428176936,-197.789550000000,-32.850299028088,-310.429510560003,-0.715950998903,-1416.222351539999,False,False
development,3.000000000000,330.000000000000,125,48390,231,231,1373,2587.390399999988,2014.532766239781,174.839000000000,1839.693766239781,572.857633760206,0.572857633760,0.307927055069,0.382730830332,1.040098169022,14859.236481640120,343.776208069999,350.829755999998,59.740259740260,2503.538564579983,2.469626846832,0.228819176930,2.479903176451,114.926406926407,28,107,4,92,100572.857633760214,130,127,14089.668316840107,15223.666399999993,13779.238806280104,14887.025199999993,97.796757854200,97.788698259967,310.429510560003,336.641200000000,13779.238806280104,80,80,-12070.882355819933,-11836.360733079928,234.521622740005,1198.404252000002,-1445.928327259968,28.376343248926,-0.848367662384,-0.127146105382,-777.981922299994,-45.085852485957,155.492301780909,31.144023448894,251.263850000001,41.731692131605,769.568164800014,-0.941113997997,-1438.930836529516,False,False
development,3.250000000000,,125,48390,225,225,1379,2550.579399999998,1962.399709799808,170.373000000000,1792.026709799808,588.179690200189,0.588179690200,0.314414879870,0.390045821143,1.042272398567,14502.216038680117,369.524994029999,379.335455999997,60.000000000000,2951.414997539978,2.908787680409,0.199287355621,2.614131956445,119.013333333333,22,105,0,98,100588.179690200195,130,127,14089.668316840107,15223.666399999993,13801.045166680105,14908.827199999994,97.951526298067,97.931909490607,288.623150160001,314.839199999999,13801.045166680105,80,80,-12070.882355819933,-11834.987258679932,235.895097140001,1063.387851999997,-1430.606270819985,29.135317044852,-0.841879837583,-0.124971875837,-1225.858355259988,-71.041328069083,129.743515820909,25.986721225349,222.758150000002,36.997262183183,412.547721840010,-0.970645819307,-1441.680092669533,False,False
development,8.000000000000,330.000000000000,125,48390,211,211,1393,2683.031599999984,1840.286846599810,159.747000000000,1680.539846599810,842.744753400174,0.842744753400,0.454118537834,0.572513354881,1.064998048282,13808.437965280104,540.694469809090,912.905755999999,60.189573459716,1975.775681619925,1.955845676104,0.426538681106,3.994050963982,131.218009478673,3,99,7,102,100842.744753400169,130,126,14089.668316840107,15223.666399999993,13763.147544280102,14862.275199999993,97.682551744886,97.626122443145,326.520772560005,361.391200000000,13763.147544280102,80,79,-12070.882355819933,-12381.575903879933,-310.693548060000,154.688052919999,-1176.041207620001,41.745126510306,-0.702176179619,-0.102246226122,-250.219039339936,-14.500772284665,-41.425959958182,-8.297330823158,-310.812150000001,-51.621898472710,-281.230351560003,-0.743394493821,-1471.624369596006,False,False
development,7.500000000000,300.000000000000,125,48390,216,216,1388,2777.127799999980,1883.839556239803,163.562000000000,1720.277556239803,893.288243760177,0.893288243760,0.475211744684,0.595165048996,1.068184586030,13994.317314640106,538.196069998180,856.394455999999,60.185185185185,2110.243689979994,2.086214301099,0.423310467887,4.135593721112,126.750000000000,3,101,15,97,100893.288243760180,130,128,14089.668316840107,15223.666399999993,13734.302478640104,14850.845399999989,97.477826800399,97.551043288757,355.365838200003,372.821000000004,13734.302478640104,80,80,-12070.882355819933,-12748.964670379934,-678.082314560001,-185.067271639999,-1125.497717259998,44.248784220233,-0.681082972768,-0.099059688375,-384.687047700005,-22.293504500189,-38.927560147272,-7.796918767999,-254.300850000000,-42.236098750399,-95.351002200001,-0.746622707041,-1480.863555460001,False,False
development,7.250000000000,330.000000000000,125,48390,211,211,1393,2673.714799999987,1840.227379959807,159.740000000000,1680.487379959807,833.487420040179,0.833487420040,0.445426095911,0.558509094308,1.064383085630,13779.238806280104,538.826074525453,828.138805999997,60.189573459716,2062.327066359954,2.039963136431,0.404148999272,3.950177346162,130.862559241706,3,99,7,102,100833.487420040183,130,127,14089.668316840107,15223.666399999993,13779.238806280104,14887.025199999993,97.796757854200,97.788698259967,310.429510560003,336.641200000000,13779.238806280104,80,80,-12070.882355819933,-12687.003958239929,-616.121602419997,-227.224701439997,-1185.298540979995,41.286567082079,-0.710868621542,-0.102861188775,-336.770424079965,-19.516625292288,-39.557564674545,-7.923104280372,-226.045199999998,-37.543198889244,-310.429510560003,-0.765784175656,-1495.728051539998,False,False
development,7.750000000000,300.000000000000,125,48390,216,216,1388,2726.832799999979,1883.851097239801,163.562000000000,1720.289097239801,842.981702760177,0.842981702760,0.446744397633,0.557484857638,1.063956563024,14023.516473640106,545.423860907271,884.650105999998,60.185185185185,2110.243689979994,2.087252368917,0.399471258586,3.902693068334,126.759259259259,3,101,15,97,100842.981702760182,130,127,14089.668316840107,15223.666399999993,13718.211216640102,14826.095399999989,97.363620691084,97.388467471936,371.457100200005,397.571000000004,13718.211216640102,80,80,-12070.882355819933,-12828.470370379931,-757.588014559999,-239.078071639997,-1175.804258259997,41.756863730823,-0.709550319819,-0.103287711381,-384.687047700005,-22.293504500189,-46.155351056363,-9.244594871434,-282.556499999999,-46.928998611555,-66.151843200001,-0.770461916341,-1547.261358460002,False,False
development,7.500000000000,330.000000000000,125,48390,211,211,1393,2594.214799999987,1840.233079959809,159.740000000000,1680.493079959809,753.981720040178,0.753981720040,0.401328566950,0.500672135895,1.057886129621,13779.238806280104,546.053865434544,856.394455999999,60.189573459716,2113.577116359957,2.091241915843,0.356732533771,3.573373080759,130.886255924171,3,99,7,102,100753.981720040174,130,127,14089.668316840107,15223.666399999993,13779.238806280104,14887.025199999993,97.796757854200,97.788698259967,310.429510560003,336.641200000000,13779.238806280104,80,80,-12070.882355819933,-12766.509658239931,-695.627302419998,-281.235501439997,-1264.804240979997,37.348274388591,-0.754966150503,-0.109358144783,-388.020474079967,-22.486684271765,-46.785355583636,-9.370780383807,-254.300850000000,-42.236098750399,-310.429510560003,-0.813200641156,-1575.233751540000,False,False
development,2.500000000000,,125,48390,238,238,1366,2750.912399999987,2075.549911719783,180.222000000000,1895.327911719783,675.362488280203,0.675362488280,0.362014493402,0.449407792079,1.046292595016,15264.358591280121,291.271940109999,298.715543999998,59.243697478992,2547.892710379965,2.523875992296,0.265067082899,2.837657513782,109.516806722689,37,111,0,90,100675.362488280196,130,127,14089.668316840107,15223.666399999993,13442.169789320104,14532.416399999993,95.404444498199,95.459372388770,647.498527520003,691.250000000000,12859.674976840102,80,80,-12070.882355819933,-11237.084133599930,833.798222220003,1468.437051999997,-1343.423472739971,33.453892652340,-0.794280224051,-0.120951679389,-822.336068099976,-47.656277861352,207.996569740909,41.660262090838,303.378062000000,50.387192120423,1174.690274440014,-0.904866092029,-1593.236304989521,False,False
development,7.750000000000,330.000000000000,125,48390,211,211,1393,2543.919799999986,1840.244620959807,159.740000000000,1680.504620959807,703.675179040178,0.703675179040,0.373606864043,0.464459762182,1.053696140138,13808.437965280104,553.281656343635,884.650105999998,60.189573459716,2135.628007359963,2.113650698888,0.329493327778,3.334953455167,130.895734597156,3,99,7,102,100703.675179040176,130,126,14089.668316840107,15223.666399999993,13763.147544280102,14862.275199999993,97.682551744886,97.626122443145,326.520772560005,361.391200000000,13763.147544280102,80,80,-12070.882355819933,-12846.015358239929,-775.133002419996,-335.246301439995,-1315.110781979996,34.856353899181,-0.782687853409,-0.113548134267,-410.071365079973,-23.764584426400,-54.013146492727,-10.818456487243,-282.556499999999,-46.928998611555,-281.230351560003,-0.840439847150,-1641.631554540001,False,False
development,3.000000000000,300.000000000000,125,48390,233,233,1371,2478.177699999982,2031.910696979779,176.351000000000,1855.559696979778,446.267003020203,0.446267003020,0.244400072764,0.303741464553,1.031146097637,14774.450527840119,343.776208069999,350.829755999998,59.227467811159,2670.900455779978,2.633154780359,0.167084850375,1.915309025838,113.497854077253,28,107,8,90,100446.267003020199,130,127,14089.668316840107,15223.666399999993,13694.452852480104,14802.256199999991,97.194998097381,97.231874445173,395.215464360002,421.410200000002,13694.452852480104,80,80,-12070.882355819933,-11789.561994619928,281.320361200005,1198.404252000002,-1572.518957999971,22.105711632485,-0.911894644689,-0.136098176768,-945.343813499989,-54.784861321672,155.492301780909,31.144023448894,251.263850000001,41.731692131605,684.782211000012,-1.002848324553,-1650.307421069519,False,False
development,5.250000000000,270.000000000000,125,48390,227,227,1377,2959.180699999975,1979.848697379772,171.976000000000,1807.872697379772,979.332002620203,0.979332002620,0.569336461387,0.752686328917,1.076288214673,13816.596668260107,483.904070696666,602.093605999999,58.590308370044,1803.755528040012,1.777880689751,0.542940541219,4.314237897005,118.048458149780,6,98,31,92,100979.332002620198,130,130,14089.668316840107,15223.666399999993,13374.145597060098,14482.022899999989,94.921649653563,95.128351603921,715.522719780009,741.643500000004,13253.664966700102,80,76,-12070.882355819933,-11500.065144779925,570.817211040008,57.791556000001,-1039.453958399971,48.510937837378,-0.586958256066,-0.090956059732,-78.198885760023,-4.531806365782,15.364439154242,3.077389991776,0.000000000000,0.000000000000,-273.071648580000,-0.626992633709,-1735.736147402858,False,False
development,3.250000000000,330.000000000000,125,48390,228,228,1376,2285.295399999992,1988.438812599803,172.578000000000,1815.860812599803,296.856587400188,0.296856587400,0.168330355311,0.208406437522,1.020929634873,14480.409678280113,369.524994029999,379.335455999997,59.210526315789,2973.221357939983,2.930279091322,0.099843419531,1.302002576317,117.245614035088,22,104,4,98,100296.856587400194,130,127,14089.668316840107,15223.666399999993,13779.238806280104,14887.025199999993,97.796757854200,97.788698259967,310.429510560003,336.641200000000,13779.238806280104,80,80,-12070.882355819933,-11865.461608079935,205.420747739998,1063.387851999997,-1721.929373619986,14.704708331247,-0.987964362142,-0.146314639531,-1247.664715659994,-72.305057109655,129.743515820909,25.986721225349,222.758150000002,36.997262183183,390.741361440007,-1.070089755396,-1754.809555869535,False,False
development,5.000000000000,270.000000000000,125,48390,226,226,1378,2965.270699999975,1971.025564659778,171.227000000000,1799.798564659778,994.245135340196,0.994245135340,0.578091990043,0.764547148177,1.078295483179,13692.872118260106,472.350930470000,573.837955999997,58.407079646018,1897.696736040016,1.868975996726,0.523922034779,4.399314758142,118.778761061947,6,97,32,91,100994.245135340199,130,128,14089.668316840107,15223.666399999993,13125.372073060098,14215.772899999989,93.156004654648,93.379429938113,964.296243780009,1007.893500000004,13004.891442700100,80,75,-12070.882355819933,-10897.140982059929,1173.741373760004,704.416976719998,-1024.540825679979,49.249655710790,-0.578202727410,-0.088948791225,-172.140093760027,-9.975916729837,26.917579380908,5.391403393125,28.255650000002,4.692899861156,-396.796198580001,-0.646011140148,-1834.494884425534,False,False
development,2.500000000000,330.000000000000,125,48390,241,241,1363,2485.628399999981,2101.589014519778,182.427000000000,1919.162014519778,384.039385480202,0.384039385480,0.214000783647,0.265125347898,1.025846421474,15242.552230880119,290.697920101537,298.715543999998,58.506224066390,2547.892710379965,2.523875992296,0.150728240603,1.593524421080,107.962655601660,37,110,4,90,100384.039385480195,130,127,14089.668316840107,15223.666399999993,13420.363428920100,14510.614399999991,95.249676054332,95.316161158129,669.304887920007,713.052000000001,12837.868616440101,80,80,-12070.882355819933,-11267.558482999932,803.323872820001,1468.437051999997,-1634.746575539972,19.023283938736,-0.942293933806,-0.141397852930,-822.336068099976,-47.656277861352,208.570589749371,41.775234294599,303.378062000000,50.387192120423,1152.883914040012,-1.019204934325,-1906.078758185294,False,False
development,3.250000000000,300.000000000000,125,48390,230,230,1374,2172.162699999987,2005.815959339800,174.090000000000,1831.725959339800,166.346740660186,0.166346740660,0.103177372467,0.127714805102,1.011690456293,14395.623724480116,369.524994029999,379.335455999997,58.695652173913,3144.502465139987,3.097244932119,0.052900814200,0.723246698523,115.778260869565,22,104,9,95,100166.346740660185,130,127,14089.668316840107,15223.666399999993,13694.452852480104,14802.256199999991,97.194998097381,97.231874445173,395.215464360002,421.410200000002,13694.452852480104,80,80,-12070.882355819933,-11822.582085619935,248.300270199998,1063.387851999997,-1852.439220359988,8.239939442422,-1.053117344985,-0.155553818111,-1418.945822859998,-82.231193580822,129.743515820909,25.986721225349,222.758150000002,36.997262183183,305.955407640009,-1.117032360728,-1970.105356409536,False,False
development,5.500000000000,270.000000000000,125,48390,227,227,1377,2799.680699999975,1979.782399379772,171.969000000000,1807.813399379772,819.898300620203,0.819898300620,0.472341536552,0.617456829089,1.063090863408,13815.413916260106,497.091649863332,630.349255999998,58.590308370044,1803.755528040012,1.780174799396,0.454550679332,3.611886786873,117.929515418502,6,98,31,92,100819.898300620203,130,129,14089.668316840107,15223.666399999993,13249.110961060100,14348.272899999989,94.034228933726,94.249785321097,840.557355780007,875.393500000004,13128.630330700104,80,76,-12070.882355819933,-11658.316094779924,412.566261040009,-50.219443999999,-1198.887660399972,40.613433838517,-0.683953180901,-0.104153410997,-78.198885760023,-4.531806365782,2.176859987576,0.436009871367,-28.255649999999,-4.692899861155,-274.254400580001,-0.715382495595,-2038.356586186191,False,False
development,2.500000000000,300.000000000000,125,48390,243,243,1361,2376.415699999975,2118.966945259775,183.939000000000,1935.027945259776,257.448754740199,0.257448754740,0.150058368182,0.185881859895,1.017278071716,15157.766277080122,290.697920101537,298.715543999998,58.024691358025,2487.566920379977,2.464118839855,0.103494202560,1.059459896050,106.650205761317,37,110,8,88,100257.448754740195,130,127,14089.668316840107,15223.666399999993,13335.577475120102,14425.845399999989,94.647916297513,94.759337343335,754.090841720004,797.821000000004,12753.082662640101,80,80,-12070.882355819933,-11220.759744539933,850.122611280000,1468.437051999997,-1761.337206279975,12.752652322295,-1.006236349271,-0.149966202689,-762.010278099988,-44.160258749498,208.570589749371,41.775234294599,303.378062000000,50.387192120423,1068.097960240015,-1.066438972367,-2117.455342725295,False,False
development,4.500000000000,270.000000000000,125,48390,231,231,1373,2654.955199999976,2014.576032279772,174.972000000000,1839.604032279772,640.379167720203,0.640379167720,0.362566322570,0.465111910321,1.048135067843,13944.176096260107,458.794587313332,517.326655999997,58.008658008658,1899.096504999936,1.886128616604,0.337202014766,2.772204189265,116.229437229437,9,99,29,94,100640.379167720210,130,128,14089.668316840107,15223.666399999993,13122.912679060097,14213.272899999989,93.138549353752,93.363008138434,966.755637780010,1010.393500000004,13002.432048700100,80,75,-12070.882355819933,-10876.313542819928,1194.568813000005,873.930872719999,-1378.406793299972,31.721003617273,-0.793728394883,-0.119109206562,-173.539862719947,-10.057036579839,40.473922537576,8.106644368511,84.766950000002,14.078699583467,-145.492220579999,-0.832731160162,-2150.139295267194,False,False
development,5.750000000000,270.000000000000,125,48390,226,226,1378,2641.491699999978,1971.108721179771,171.227000000000,1799.881721179770,670.382978820206,0.670382978820,0.383904919187,0.496627274130,1.051484045805,13691.562032260106,499.230269679999,658.604905999999,58.407079646018,1803.755528040012,1.782474837154,0.371659556076,2.966296366461,118.606194690265,5,97,32,92,100670.382978820213,130,129,14089.668316840107,15223.666399999993,13249.110961060100,14348.272899999989,94.034228933726,94.249785321097,840.557355780007,875.393500000004,13128.630330700104,80,76,-12070.882355819933,-11683.979532579922,386.902823240011,-25.642931799997,-1348.402982199968,33.207234038889,-0.772389798265,-0.115760228600,-78.198885760023,-4.531806365782,0.038240170909,0.007659239498,-56.511300000000,-9.385799722311,-398.106284580001,-0.798273618852,-2188.941217894521,False,False
development,2.750000000000,,125,48390,230,230,1374,2112.657399999991,2005.867837479785,174.083000000000,1831.784837479785,106.789562520204,0.106789562520,0.073896245946,0.091672699983,1.007357210678,14621.741925560116,318.159835109998,322.324055999996,59.130434782609,2419.354463139971,2.395615211618,0.044139692694,0.464302445740,114.186956521739,33,106,0,91,100106.789562520207,130,127,14089.668316840107,15223.666399999993,13442.169789320104,14532.416399999993,95.404444498199,95.459372388770,647.498527520003,691.250000000000,12803.175076840103,80,80,-12070.882355819933,-11537.431880599917,533.450475220016,1333.420652000001,-1911.996398499970,5.289791220177,-1.082398471507,-0.159887063726,-693.797820859982,-40.207189022973,181.108674740910,36.274804272153,279.769550000003,46.466122080028,532.073608720009,-1.125793482234,-2202.256458249518,False,False
development,3.500000000000,270.000000000000,125,48390,236,236,1368,2452.536599999976,2058.127877679757,178.766000000000,1879.361877679757,394.408722320218,0.394408722320,0.223682676449,0.280910595919,1.028532858454,14217.374373060105,393.448962733331,407.841155999999,58.050847457627,2043.360702220001,2.027056182241,0.193019627857,1.671223399662,111.932203389831,18,101,26,91,100394.408722320222,130,129,14089.668316840107,15223.666399999993,13250.406709060098,14349.522899999989,94.043425374486,94.257996220937,839.261607780008,874.143500000004,13129.926078700100,80,76,-12070.882355819933,-10855.487541619921,1215.394814200012,928.371452000001,-1624.377238699956,19.536926149462,-0.932612041004,-0.138711415951,-317.804059940012,-18.417480606148,105.819547117577,21.194917169756,194.252450000000,32.262832234761,127.706056219999,-0.976913547071,-2225.054782521176,False,False
development,2.250000000000,,125,48390,245,245,1359,2218.229899999977,2136.649795179774,185.465000000000,1951.184795179774,81.580104820202,0.081580104820,0.062265252961,0.078589502493,1.005345422669,15343.255350920117,263.021294716921,269.721343999997,58.367346938776,2366.276224299945,2.343298645993,0.034476154551,0.332980019674,104.155102040816,47,111,0,87,100081.580104820197,130,128,14089.668316840107,15223.666399999993,13330.813080320100,14412.416399999993,94.614101485888,94.671126004180,758.855236520007,811.250000000000,12330.718612840101,80,80,-12070.882355819933,-11251.460352599925,819.422003220008,1603.453452000002,-1937.205856199972,4.041047758177,-1.094029464492,-0.161898851736,-640.719582019956,-37.131182270167,236.247215133987,47.318669307731,332.372262000002,55.202755632652,1253.587034080010,-1.135457020376,-2257.246794752985,False,False
development,2.250000000000,330.000000000000,125,48390,247,247,1357,2118.840899999974,2154.021630979772,186.942000000000,1967.079630979772,-35.180730979798,-0.035180730980,0.000093841954,0.000118312471,0.997709085156,15321.448990520114,263.021294716921,269.721343999997,57.894736842105,2366.276224299945,2.343298645993,-0.014867550381,-0.142432109230,103.161943319838,46,110,3,88,99964.819269020198,130,128,14089.668316840107,15223.666399999993,13309.006719920097,14390.614399999991,94.459333042021,94.527914773540,780.661596920010,833.052000000001,12308.912252440099,80,80,-12070.882355819933,-11170.096914999924,900.785440820009,1603.453452000002,-2053.966691999972,-1.742667705199,-1.156200875499,-0.169535189248,-640.719582019956,-37.131182270167,236.247215133987,47.318669307731,332.372262000002,55.202755632652,1231.780673680007,-1.184800725309,-2395.813990952988,False,False
development,4.250000000000,270.000000000000,125,48390,234,234,1370,2283.368999999975,2040.741534759774,177.254000000000,1863.487534759774,242.627465240200,0.242627465240,0.144691029651,0.181379965179,1.017543295004,14072.838106260104,457.286648000000,489.071005999998,58.119658119658,2213.896895939994,2.196207341494,0.109592937993,1.036869509574,114.653846153846,11,100,28,95,100242.627465240206,130,129,14089.668316840107,15223.666399999993,13250.406709060098,14349.522899999989,94.043425374486,94.257996220937,839.261607780008,874.143500000004,13129.926078700100,80,75,-12070.882355819933,-10829.445962819933,1241.436393000000,982.452572719997,-1776.158495779974,12.018483877191,-1.011603687802,-0.149700979401,-488.340253660004,-28.300447617573,41.981861850909,8.408674094716,113.022600000001,18.771599444622,-16.830210580003,-1.060340236934,-2397.938658090529,False,False
development,4.000000000000,270.000000000000,125,48390,234,234,1370,2338.114399999978,2040.682392119765,177.247000000000,1863.435392119765,297.432007880212,0.297432007880,0.172907527185,0.216634583472,1.021410272138,14189.455704060107,440.720110166665,460.815355999996,58.119658119658,2157.031141020008,2.138886368761,0.137889528910,1.271076956753,113.141025641026,14,101,27,92,100297.432007880212,130,129,14089.668316840107,15223.666399999993,13250.406709060098,14349.522899999989,94.043425374486,94.257996220937,839.261607780008,874.143500000004,13129.926078700100,80,76,-12070.882355819933,-11162.832626419920,908.049729400012,658.338652000003,-1721.353953139963,14.733211624372,-0.983387190267,-0.145834002267,-431.474498740019,-25.004945544408,58.548399684243,11.726836066975,141.278250000003,23.464499305778,99.787387220000,-1.032043646017,-2399.673630677849,False,False
development,3.750000000000,270.000000000000,125,48390,234,234,1370,2243.462599999978,2040.718554479770,177.268000000000,1863.450554479770,202.744045520207,0.202744045520,0.122539343285,0.152028792298,1.014624886186,14065.692648060107,414.343168999999,432.559705999998,57.692307692308,2195.384487020026,2.176526211490,0.092350131250,0.866427544958,113.478632478632,15,100,28,91,100202.744045520201,130,129,14089.668316840107,15223.666399999993,13250.406709060098,14349.522899999989,94.043425374486,94.257996220937,839.261607780008,874.143500000004,13129.926078700100,80,76,-12070.882355819933,-10908.745006419929,1162.137349400004,793.355051999999,-1816.041915499968,10.042869795753,-1.033755374167,-0.152619388218,-469.827844740037,-27.227610686790,84.925340850909,17.009953396874,169.533900000001,28.157399166933,-23.975668780000,-1.077583043678,-2454.169842454522,False,False
development,6.250000000000,270.000000000000,125,48390,225,225,1379,2469.709799999980,1962.382952799769,170.485000000000,1791.897952799769,507.326847200209,0.507326847200,0.289057188394,0.368608365294,1.038844377400,13567.823144260106,502.506706648332,715.116205999997,58.222222222222,1836.590326779973,1.820723678789,0.276232995352,2.254785987556,119.151111111111,3,96,32,94,100507.326847200209,130,128,14089.668316840107,15223.666399999993,13125.372073060098,14215.772899999989,93.156004654648,93.379429938113,964.296243780009,1007.893500000004,13004.891442700100,80,76,-12070.882355819933,-11723.296776199917,347.585579620016,-59.511165439994,-1511.459113819966,25.130293998272,-0.867237529059,-0.128399897004,-111.033684499984,-6.434658925671,-3.238196797424,-0.648588231289,-113.022599999998,-18.771599444622,-521.845172580001,-0.893700179576,-2475.755357599975,False,False
development,6.000000000000,270.000000000000,125,48390,225,225,1379,2448.541599999979,1962.357119159772,170.485000000000,1791.872119159772,486.184480840205,0.486184480840,0.275793163285,0.349932733790,1.037165411257,13567.823144260106,504.268570511665,686.860555999998,58.222222222222,1911.743493139962,1.894696849018,0.254314704135,2.160819914845,119.120000000000,4,96,32,93,100486.184480840209,130,128,14089.668316840107,15223.666399999993,13125.372073060098,14215.772899999989,93.156004654648,93.379429938113,964.296243780009,1007.893500000004,13004.891442700100,80,76,-12070.882355819933,-11744.439142559924,326.443213260009,-106.148431799996,-1532.601480179969,24.083012772415,-0.880501554168,-0.130078863148,-186.186850859973,-10.789958805059,-5.000060660757,-1.001477273672,-84.766949999999,-14.078699583466,-521.845172580001,-0.915618470793,-2496.897723959978,False,False
development,2.750000000000,330.000000000000,125,48390,233,233,1371,1847.373399999985,2031.906940279780,176.288000000000,1855.618940279780,-184.533540279796,-0.184533540280,-0.073504110883,-0.090983591454,0.987518419568,14599.935565160114,318.159835109998,322.324055999996,58.369098712446,2419.354463139971,2.395615211618,-0.076273875156,-0.791989443261,112.519313304721,33,105,4,91,99815.466459720206,130,127,14089.668316840107,15223.666399999993,13420.363428920100,14510.614399999991,95.249676054332,95.316161158129,669.304887920007,713.052000000001,12781.368716440102,80,80,-12070.882355819933,-11567.906229999917,502.976125820016,1333.420652000001,-2203.319501299970,-9.140817493428,-1.229798828335,-0.179725854836,-693.797820859982,-40.207189022973,181.108674740910,36.274804272153,279.769550000003,46.466122080028,510.267248320008,-1.246207050084,-2515.385921449522,False,False
development,4.750000000000,270.000000000000,125,48390,228,228,1376,2385.087499999974,1988.411346019777,172.725000000000,1815.686346019777,396.676153980196,0.396676153980,0.232470723235,0.298823552299,1.029828171786,13695.384396260104,473.434591979999,545.582305999999,57.894736842105,1870.702136040010,1.854298256620,0.212046667579,1.739807692896,117.824561403509,7,97,31,93,100396.676153980196,130,127,14089.668316840107,15223.666399999993,12997.878043060098,14079.522899999989,92.251128633915,92.484441855610,1091.790273780009,1144.143500000004,12877.397412700102,80,75,-12070.882355819933,-11068.790238819929,1002.092117000004,785.933276719997,-1622.109807039978,19.649242744869,-0.923823994218,-0.137416102619,-145.145493760021,-8.411517199936,25.833917870909,5.174353551483,56.511300000000,9.385799722311,-394.283920580003,-0.957886507349,-2543.796466540533,False,False
development,6.500000000000,270.000000000000,125,48390,225,225,1379,2390.209799999980,1962.388652799771,170.485000000000,1791.903652799771,427.821147200207,0.427821147200,0.244789244285,0.310482309966,1.032558682053,13567.823144260106,509.132181648332,743.371855999998,58.222222222222,1862.085226779978,1.846515561092,0.229753794857,1.901427320890,119.257777777778,3,96,32,94,100427.821147200200,130,128,14089.668316840107,15223.666399999993,13125.372073060098,14215.772899999989,93.156004654648,93.379429938113,964.296243780009,1007.893500000004,13004.891442700100,80,76,-12070.882355819933,-11802.802476199920,268.079879620012,-113.521965439994,-1590.964813819967,21.192001304785,-0.911505473168,-0.134685592351,-136.528584499989,-7.912147370578,-9.863671797424,-1.975624659438,-141.278249999999,-23.464499305777,-521.845172580001,-0.940179380070,-2555.261057599976,False,False
development,2.250000000000,300.000000000000,125,48390,249,249,1355,2030.103199999968,2171.395466719769,188.454000000000,1982.941466719768,-141.292266719800,-0.141292266720,-0.056491016483,-0.071228135163,0.990812025140,15236.663036720116,263.021294716921,269.721343999997,57.429718875502,2305.950434299957,2.283558645830,-0.061272898419,-0.567438822168,102.040160642570,46,110,7,86,99858.707733280200,130,128,14089.668316840107,15223.666399999993,13224.220766120099,14305.845399999989,93.857573285202,93.971090958746,865.447550720008,917.821000000004,12224.126298640100,80,80,-12070.882355819933,-11102.819081539925,968.063274280008,1603.453452000002,-2160.078227739974,-6.998873057766,-1.212785733935,-0.176432249264,-580.393792019968,-33.635163158312,236.247215133987,47.318669307731,332.372262000002,55.202755632652,1146.994719880009,-1.231206073347,-2586.711480492988,False,False
development,2.000000000000,,125,48390,260,260,1344,2214.124899999979,2267.108207099774,196.658000000000,2070.450207099774,-52.983307099796,-0.052983307100,-0.009220010436,-0.011486930419,0.996692721148,15967.228313480127,235.380764559999,240.727143999999,57.307692307692,2527.757239219951,2.502712385859,-0.020960599490,-0.203781950384,95.742307692308,56,115,0,89,99947.016692900201,130,128,14089.668316840107,15223.666399999993,13086.951580320103,14142.386399999994,92.883319081958,92.897374577257,1002.716736520004,1081.279999999999,11532.044142840110,80,80,-12070.882355819933,-10613.241664599944,1457.640691219989,1738.469851999998,-2071.769268119970,-2.624513352224,-1.165514727889,-0.170551553257,-802.200596939962,-46.489380718329,263.887745290909,52.854874698529,361.366462000000,60.018319144881,1877.559996640020,-1.190893774418,-2594.848161594519,False,False
development,6.750000000000,270.000000000000,125,48390,225,225,1379,2310.709799999980,1962.394352799770,170.485000000000,1791.909352799770,348.315447200208,0.348315447200,0.201298261755,0.253969024347,1.026348594455,13567.823144260106,515.757656648332,771.627505999997,58.222222222222,1887.580126779969,1.872321900904,0.184530151732,1.548068654223,119.266666666667,3,96,32,94,100348.315447200206,130,128,14089.668316840107,15223.666399999993,13125.372073060098,14215.772899999989,93.156004654648,93.379429938113,964.296243780009,1007.893500000004,13004.891442700100,80,76,-12070.882355819933,-11882.308176199920,188.574179620013,-167.532765439995,-1670.470513819966,17.253708611298,-0.954996455698,-0.140895679950,-162.023484499980,-9.389635815484,-16.489146797424,-3.302661087587,-169.533899999998,-28.157399166933,-521.845172580001,-0.985403023196,-2634.766757599975,False,False
development,7.000000000000,270.000000000000,125,48390,225,225,1379,2231.209799999980,1962.400052799771,170.485000000000,1791.915052799771,268.809747200206,0.268809747200,0.158588845008,0.199042206777,1.020212758584,13567.823144260106,522.383131648332,799.883155999999,58.222222222222,1913.075026779974,1.898142710383,0.140511868817,1.194709987556,119.320000000000,3,96,32,94,100268.809747200212,130,128,14089.668316840107,15223.666399999993,13125.372073060098,14215.772899999989,93.156004654648,93.379429938113,964.296243780009,1007.893500000004,13004.891442700100,80,76,-12070.882355819933,-11961.813876199922,109.068479620011,-221.543565439995,-1749.976213819968,13.315415917811,-0.997705872445,-0.147031515820,-187.518384499985,-10.867124260390,-23.114621797424,-4.629697515737,-197.789550000000,-32.850299028088,-521.845172580001,-1.029421306111,-2714.272457599976,False,False
development,2.750000000000,300.000000000000,125,48390,235,235,1369,1738.160699999979,2049.284871019779,177.800000000000,1871.484871019778,-311.124171019800,-0.311124171020,-0.137627396411,-0.170315011766,0.979015349670,14515.149611360113,318.159835109998,322.324055999996,57.872340425532,2499.684888899996,2.469619703922,-0.124465356574,-1.323932642637,111.123404255319,33,105,8,89,99688.875828980206,130,127,14089.668316840107,15223.666399999993,13335.577475120102,14425.845399999989,94.647916297513,94.759337343335,754.090841720004,797.821000000004,12696.582762640101,80,80,-12070.882355819933,-11521.107491539920,549.774864280012,1333.420652000001,-2329.910132039974,-15.411449109869,-1.293922113864,-0.188228924734,-774.128246620006,-44.862523063696,181.108674740910,36.274804272153,279.769550000003,46.466122080028,425.481294520006,-1.294398531502,-2726.762505989524,False,False
development,2.000000000000,330.000000000000,125,48390,261,261,1343,2110.705899999977,2275.751032899773,197.386000000000,2078.365032899773,-165.045132899796,-0.165045132900,-0.068632665953,-0.085423557166,0.989755409820,15945.421953080124,235.190652805713,240.727143999999,57.088122605364,2527.757239219951,2.502712385859,-0.065293110564,-0.632356831034,95.237547892720,55,114,3,89,99834.954867100198,130,128,14089.668316840107,15223.666399999993,13065.145219920098,14120.584399999992,92.728550638091,92.754163346617,1024.523096920009,1103.082000000000,11510.237782440106,80,80,-12070.882355819933,-10558.372926999942,1512.509428819991,1738.469851999998,-2183.831093919970,-8.175464664733,-1.224927383406,-0.177488864584,-802.200596939962,-46.489380718329,264.077857045195,52.892952756835,361.366462000000,60.018319144881,1855.753636240017,-1.235226285492,-2728.621291917382,False,False
development,8.000000000000,270.000000000000,125,48390,225,225,1379,2161.026599999976,1962.465219439773,170.492000000000,1791.973219439773,198.561380560202,0.198561380560,0.122208159312,0.153414645518,1.014819715616,13597.022303260106,530.670425451666,912.905755999999,58.222222222222,1810.361551039940,1.797999584974,0.109680511302,0.882495024712,119.662222222222,3,96,32,94,100198.561380560204,130,127,14089.668316840107,15223.666399999993,13109.280811060096,14191.022899999989,93.041798545334,93.216854121291,980.387505780011,1032.643500000004,12988.800180700098,80,75,-12070.882355819933,-11735.891521839925,334.990833980008,106.358388920000,-1820.224580459972,9.835682652551,-1.034086558140,-0.152424558789,-84.804908759950,-4.914640683594,-31.401915600758,-6.289584658591,-310.812150000001,-51.621898472710,-492.646013580001,-1.060252663625,-2779.340408455982,False,False
development,3.000000000000,270.000000000000,125,48390,240,240,1364,2011.405799999980,2093.082592719755,181.755000000000,1911.327592719755,-81.676792719775,-0.081676792720,-0.021848690392,-0.027142884514,0.994326542750,14314.623227260116,340.279409029999,350.829755999998,57.083333333333,2289.053085819993,2.266187327765,-0.035681475989,-0.340319969666,108.595833333333,25,102,23,90,99918.323207280220,130,127,14089.668316840107,15223.666399999993,13085.522446900100,14167.183699999990,92.873175951631,93.060261094528,1004.145869940006,1056.482700000002,12965.041816540102,80,76,-12070.882355819933,-10943.717728419924,1127.164627400009,1198.404252000002,-2100.462753739949,-4.045837166338,-1.178143407845,-0.172917731654,-563.496443540003,-32.655922716941,158.989100820909,31.844407905555,251.263850000001,41.731692131605,224.954910420009,-1.205614650917,-2785.433222869500,False,False
development,7.250000000000,270.000000000000,125,48390,225,225,1379,2151.709799999980,1962.405752799770,170.485000000000,1791.920752799770,189.304047200208,0.189304047200,0.116663599884,0.145672476660,1.014149850654,13567.823144260106,529.008606648332,828.138805999997,58.222222222222,1938.569926779965,1.923978001704,0.097651389607,0.841351320890,119.328888888889,3,96,32,94,100189.304047200203,130,128,14089.668316840107,15223.666399999993,13125.372073060098,14215.772899999989,93.156004654648,93.379429938113,964.296243780009,1007.893500000004,13004.891442700100,80,76,-12070.882355819933,-12041.319576199920,29.562779620013,-275.554365439995,-1829.481913819966,9.377123224324,-1.039631117569,-0.153094423750,-213.013284499975,-12.344612705296,-29.740096797424,-5.956733943886,-226.045199999998,-37.543198889244,-521.845172580001,-1.072281785321,-2793.778157599975,False,False
development,7.500000000000,270.000000000000,125,48390,225,225,1379,2072.209799999980,1962.411452799772,170.485000000000,1791.926452799772,109.798347200206,0.109798347200,0.075523283510,0.093827934059,1.008158578161,13567.823144260106,535.634081648332,856.394455999999,58.222222222222,1964.064826779970,1.949827787053,0.055903626857,0.487992654223,119.351111111111,3,96,32,94,100109.798347200209,130,128,14089.668316840107,15223.666399999993,13125.372073060098,14215.772899999989,93.156004654648,93.379429938113,964.296243780009,1007.893500000004,13004.891442700100,80,76,-12070.882355819933,-12120.825276199921,-49.942920379988,-329.565165439996,-1908.987613819968,5.438830530836,-1.080771433943,-0.159085696243,-238.508184499980,-13.822101150203,-36.365571797424,-7.283770372036,-254.300850000000,-42.236098750399,-521.845172580001,-1.114029548070,-2873.283857599977,False,False
development,5.250000000000,240.000000000000,125,48390,236,236,1368,2372.310599999970,2058.700772799777,179.004000000000,1879.696772799778,313.609827200191,0.313609827200,0.191879726791,0.248797080419,1.023122348187,13876.671185360108,478.582443833332,602.093605999999,58.050847457627,1661.337436039976,1.651522343200,0.188769494021,1.328855200001,110.432203389831,6,96,44,90,100313.609827200184,130,129,14089.668316840107,15223.666399999993,12839.161962320104,13923.090799999994,91.124657256655,91.456883211787,1250.506354520003,1300.575599999998,12462.314608640110,80,75,-12070.882355819933,-10859.436870179956,1211.445485639977,60.492096000000,-1705.176133819983,15.534575396082,-0.964414990662,-0.144121926218,64.219206240014,3.721651591521,20.686066017576,4.143274732819,0.000000000000,0.000000000000,-212.997131479999,-0.981163680906,-2910.764313947193,False,False
development,2.000000000000,300.000000000000,125,48390,263,263,1341,2021.968199999971,2293.124868639769,198.898000000000,2094.226868639769,-271.156668639798,-0.271156668640,-0.125085390167,-0.155700317289,0.983191163300,15860.635999280126,235.190652805713,240.727143999999,56.653992395437,2467.431449219963,2.442984299840,-0.109894306780,-1.031013949201,94.235741444867,55,114,7,87,99728.843331360200,130,128,14089.668316840107,15223.666399999993,12980.359266120100,14035.815399999990,92.126790881272,92.197339531823,1109.309050720007,1187.851000000002,11425.451828640107,80,80,-12070.882355819933,-10491.095093539945,1579.787262279988,1738.469851999998,-2289.942629659973,-13.431670017300,-1.281380107620,-0.184053111105,-741.874806939973,-42.993361606474,264.077857045195,52.892952756835,361.366462000000,60.018319144881,1770.967682440019,-1.279827481708,-2919.518781457382,False,False
development,7.750000000000,270.000000000000,125,48390,225,225,1379,2021.914799999978,1962.422993799770,170.485000000000,1791.937993799770,59.491806200206,0.059491806200,0.049890821119,0.061767787872,1.004394583356,13597.022303260106,542.259556648332,884.650105999998,58.222222222222,1989.559726779975,1.975692078630,0.029901995602,0.264408027556,119.360000000000,3,96,32,94,100059.491806200211,130,127,14089.668316840107,15223.666399999993,13109.280811060096,14191.022899999989,93.041798545334,93.216854121291,980.387505780011,1032.643500000004,12988.800180700098,80,76,-12070.882355819933,-12200.330976199919,-129.448620379986,-383.575965439993,-1959.294154819968,2.946910041426,-1.106403896334,-0.162849691049,-264.003084499986,-15.299589595109,-42.991046797424,-8.610806800185,-282.556499999999,-46.928998611555,-492.646013580001,-1.140031179326,-2939.681660599978,False,False
development,3.500000000000,240.000000000000,125,48390,246,246,1358,2110.552999999969,2145.705661999755,186.529000000000,1959.176661999755,-35.152661999787,-0.035152662000,0.001444872533,0.001794313711,0.997543936239,14277.448890160111,389.688715138460,404.304055999999,57.317073170732,2105.217985659954,2.094560529695,-0.016697872733,-0.142896999999,105.036585365854,17,99,39,91,99964.847338000211,130,128,14089.668316840107,15223.666399999993,12715.423074320104,13790.590799999994,90.246432977578,90.586527828802,1374.245242520003,1433.075599999998,12338.575720640110,80,75,-12070.882355819933,-10177.059436819949,1893.822918999984,928.371452000001,-2053.938623019961,-1.741277316097,-1.154849844920,-0.169700338166,-379.661343379965,-22.002253306406,109.579794712448,21.948068534339,197.789550000000,32.850299028088,187.780573320004,-1.186631047661,-3187.719677783739,False,False
development,5.000000000000,240.000000000000,125,48390,237,237,1367,2231.105599999970,2067.259761079783,179.718000000000,1887.541761079783,163.845838920185,0.163845838920,0.107458136934,0.137586603865,1.012057150902,13752.946635360107,455.452920273333,573.837955999997,57.383966244726,1759.158666320000,1.748274582974,0.093138749822,0.691332653672,110.168776371308,6,95,45,91,100163.845838920184,130,127,14089.668316840107,15223.666399999993,12590.388438320104,13656.840799999994,89.359012257740,89.707961545978,1499.279878520003,1566.825599999998,12213.541084640110,80,74,-12070.882355819933,-10281.257757459960,1789.624598359973,707.117516719998,-1854.940122099989,8.116057971663,-1.048836580519,-0.155187123503,-33.602024040010,-1.947315041227,43.815589577575,8.775956967656,28.255650000002,4.692899861156,-336.721681479999,-1.076794425105,-3190.888702487205,False,False
development,4.500000000000,240.000000000000,125,48390,240,240,1364,2206.996899999966,2093.359211339774,181.986000000000,1911.373211339774,113.637688660191,0.113637688660,0.079671694443,0.101436495035,1.008180898084,14004.250613360109,446.801934209999,517.326655999997,57.500000000000,2029.560775179940,2.019286326293,0.055991271634,0.473490369417,109.029166666667,8,97,43,92,100113.637688660194,130,127,14089.668316840107,15223.666399999993,12587.929044320103,13654.340799999994,89.341556956844,89.691539746299,1501.739272520004,1569.325599999998,12211.081690640109,80,74,-12070.882355819933,-10243.964692219957,1826.917663599976,873.930872719999,-1905.148272359983,5.629011240140,-1.076623023010,-0.159063376320,-304.004132899950,-17.617742904010,52.466575640909,10.508689133344,84.766950000002,14.078699583467,-85.417703479998,-1.113941903294,-3205.868082515533,False,False
development,5.500000000000,240.000000000000,125,48390,236,236,1368,2212.810599999970,2058.634474799778,178.997000000000,1879.637474799778,154.176125200190,0.154176125200,0.102447801307,0.131478175619,1.011236252170,13875.488433360108,491.770022999999,630.349255999998,58.050847457627,1713.327036039991,1.703683334213,0.089986396034,0.653288666103,110.330508474576,6,96,44,90,100154.176125200189,130,128,14089.668316840107,15223.666399999993,12714.127326320107,13789.340799999994,90.237236536818,90.578316928963,1375.540990519999,1434.325599999998,12337.279972640110,80,75,-12070.882355819933,-10992.942770179954,1077.939585639979,-47.518904000000,-1864.609835819984,7.637071397221,-1.053846916146,-0.156008022234,12.229606239998,0.708733978378,7.498486850909,1.501894612410,-28.255649999999,-4.692899861155,-214.179883479999,-1.079946778894,-3232.121220730529,False,False
development,3.250000000000,270.000000000000,125,48390,238,238,1366,1547.750799999982,2075.659397079771,180.243000000000,1895.416397079771,-527.908597079790,-0.527908597080,-0.244249070971,-0.300787789457,0.963521323312,13943.795011900113,367.905229029999,379.335455999997,56.722689075630,2770.553515179985,2.746182965997,-0.190542645788,-2.218103349075,110.189075630252,22,99,24,93,99472.091402920210,130,127,14089.668316840107,15223.666399999993,13085.522446900100,14167.183699999990,92.873175951631,93.060261094528,1004.145869940006,1056.482700000002,12965.041816540102,80,76,-12070.882355819933,-11086.172330419931,984.710025400002,1063.387851999997,-2546.694558099965,-26.149805242999,-1.400543788424,-0.203722951093,-1044.996872899996,-60.559986690395,131.363280820909,26.311148856582,222.758150000002,36.997262183183,-145.873304939994,-1.360475820716,-3272.481217229517,False,False
development,5.750000000000,240.000000000000,125,48390,235,235,1369,2048.010599999971,2049.962118799778,178.255000000000,1871.707118799778,-1.951518799808,-0.001951518800,0.017615575452,0.022386077235,0.999858108387,13751.636549360110,494.459669666666,658.604905999999,57.872340425532,1765.316636039992,1.755873644402,-0.001105478054,-0.008304335318,110.821276595745,5,95,45,90,99998.048481200196,130,128,14089.668316840107,15223.666399999993,12714.127326320107,13789.340799999994,90.237236536818,90.578316928963,1375.540990519999,1434.325599999998,12337.279972640110,80,75,-12070.882355819933,-11000.473480179957,1070.408875639976,-29.554714000000,-2020.737479819983,-0.096667939915,-1.138679142001,-0.167386166018,-39.759993760003,-2.304183634764,4.808840184243,0.963177146037,-56.511300000000,-9.385799722311,-338.031767479997,-1.171038652982,-3393.874050247861,False,False
development,4.000000000000,240.000000000000,125,48390,243,243,1361,1903.186299999969,2119.550681139768,184.275000000000,1935.275681139768,-216.364381139800,-0.216364381140,-0.090852215373,-0.112449570042,0.985043138562,14249.530221160112,438.861980923075,460.815355999996,57.613168724280,2179.849028299941,2.168813760130,-0.099256589943,-0.890388399752,106.432098765432,14,99,40,90,99783.635618860193,130,128,14089.668316840107,15223.666399999993,12715.423074320104,13790.590799999994,90.246432977578,90.586527828802,1374.245242520003,1433.075599999998,12338.575720640110,80,75,-12070.882355819933,-10520.773460419950,1550.108895399982,658.338652000003,-2235.150342159974,-10.717549325064,-1.247146932826,-0.182201135842,-454.292386019952,-26.327294908134,60.406528927833,12.099006393548,141.278250000003,23.464499305778,159.861904320005,-1.269189764871,-3447.524589816060,False,False
development,2.500000000000,270.000000000000,125,48390,247,247,1357,1658.078799999974,2153.892041999756,186.977000000000,1966.915041999755,-495.813241999782,-0.495813242000,-0.231803447090,-0.285730796974,0.967116615926,14582.113071500116,288.976043732307,298.715543999998,56.275303643725,2484.767151919950,2.468832657254,-0.199541128679,-2.007341060728,103.372469635628,35,105,22,85,99504.186758000214,130,127,14089.668316840107,15223.666399999993,12726.647069540097,13790.772899999989,90.326094151763,90.587723992691,1363.021247300010,1432.893500000004,12023.671626700099,80,76,-12070.882355819933,-10590.824892339930,1480.057463480003,1468.437051999997,-2514.599203019956,-24.559970773188,-1.388098164543,-0.200127658478,-759.210509639961,-43.998005689156,210.292466118601,42.120114120836,303.378062000000,50.387192120423,492.444754660009,-1.369474303607,-3478.786806860666,False,False
development,3.750000000000,240.000000000000,125,48390,244,244,1360,1817.704999999971,2128.260953599773,185.031000000000,1943.229953599773,-310.555953599803,-0.310555953600,-0.135909056310,-0.166744038427,0.978487877346,14125.767165160109,412.858010153845,432.559705999998,56.967213114754,2239.482627659963,2.228145470344,-0.138673080007,-1.272770301639,106.290983606557,15,98,41,90,99689.444046400196,130,128,14089.668316840107,15223.666399999993,12715.423074320104,13790.590799999994,90.246432977578,90.586527828802,1374.245242520003,1433.075599999998,12338.575720640110,80,75,-12070.882355819933,-10291.430890419957,1779.451465399976,793.355051999999,-2329.341914619978,-15.383302618316,-1.292203773763,-0.188756397058,-513.925985379974,-29.783199970818,86.410499697063,17.307420354403,169.533900000001,28.157399166933,36.098848320002,-1.308606254935,-3501.710896891449,False,False
development,4.250000000000,240.000000000000,125,48390,243,243,1361,1787.305899999967,2119.611736779777,184.282000000000,1935.329736779777,-332.305836779813,-0.332305836780,-0.151267613241,-0.187811077183,0.977027250733,14132.912623360109,448.145834381538,489.071005999998,57.613168724280,2139.148660779916,2.128319434159,-0.155344900928,-1.367513731604,107.695473251029,11,98,42,92,99667.694163220192,130,128,14089.668316840107,15223.666399999993,12715.423074320104,13790.590799999994,90.246432977578,90.586527828802,1374.245242520003,1433.075599999998,12338.575720640110,80,74,-12070.882355819933,-10183.697534819963,1887.184820999970,982.452572719997,-2351.091797799987,-16.460677020554,-1.307562330693,-0.190217023672,-413.592018499927,-23.968614438147,51.122675469370,10.239515303025,113.022600000001,18.771599444622,43.244306520002,-1.325278075856,-3503.285188041305,False,False
development,1.750000000000,,125,48390,263,263,1341,1923.541899999980,2293.368889939747,198.842000000000,2094.526889939747,-369.826989939766,-0.369826989940,-0.187253111749,-0.235909936296,0.976944874662,15671.161055520122,207.014134685713,211.732943999997,54.752851711027,2884.277595839842,2.852617787853,-0.128221704621,-1.406186273535,92.931558935361,68,112,0,83,99630.173010060229,130,125,14089.668316840107,15223.666399999993,12448.570398920097,13443.086399999995,88.352473024801,88.303868771060,1641.097917920009,1780.579999999998,10322.755061440108,80,80,-12070.882355819933,-9750.233854999922,2320.648500820011,1873.486252000003,-2388.612950959940,-18.319276886237,-1.343547829202,-0.190299399743,-1158.720953559852,-67.150560298550,292.254375165195,58.536512797987,390.360662000002,64.833882657110,1581.492738680015,-1.298154879549,-3508.886430897352,False,False
development,1.750000000000,330.000000000000,125,48390,263,263,1341,1905.834899999978,2293.330587339749,198.835000000000,2094.495587339749,-387.495687339771,-0.387495687340,-0.197200326664,-0.248364136079,0.975837170136,15649.354695120121,207.014134685713,211.732943999997,54.752851711027,2906.083956239847,2.874184786694,-0.133339467536,-1.473367632471,92.870722433460,67,111,2,83,99612.504312660225,130,125,14089.668316840107,15223.666399999993,12426.764038520094,13421.284399999993,88.197704580934,88.160657540420,1662.904278320013,1802.382000000000,10300.948701040106,80,80,-12070.882355819933,-9651.143676999924,2419.738678820009,1873.486252000003,-2406.281648359945,-19.194490888175,-1.353495044117,-0.191407104268,-1180.527313959858,-68.414289339121,292.254375165195,58.536512797987,390.360662000002,64.833882657110,1559.686378280014,-1.303272642464,-3548.361488697360,False,False
development,6.250000000000,240.000000000000,125,48390,234,234,1370,1855.923799999972,2041.232289439777,177.513000000000,1863.719289439777,-185.308489439808,-0.185308489440,-0.078028828435,-0.097845466786,0.986584686610,13627.897661360108,499.427843219999,715.116205999997,57.692307692308,1900.657143799923,1.891035256683,-0.097497063079,-0.791916621538,111.311965811966,3,94,45,92,99814.691510560195,130,127,14089.668316840107,15223.666399999993,12590.388438320104,13656.840799999994,89.359012257740,89.707961545978,1499.279878520003,1566.825599999998,12213.541084640110,80,75,-12070.882355819933,-11085.331513819952,985.550841999981,-63.422947639997,-2204.094450459982,-9.179204384112,-1.234323545888,-0.180659587795,-175.100501519933,-10.147479209293,-0.159333369091,-0.031913362439,-113.022599999998,-18.771599444622,-461.770655479999,-1.267430238006,-3703.374328979985,False,False
development,6.000000000000,240.000000000000,125,48390,234,234,1370,1834.755599999971,2041.206455799780,177.513000000000,1863.693455799780,-206.450855799811,-0.206450855800,-0.088076373272,-0.109953043597,0.985076936905,13627.897661360108,501.189707083332,686.860555999998,57.692307692308,1941.045124039985,1.931204885151,-0.106360667891,-0.882268614529,111.282051282051,4,94,45,91,99793.549144200195,130,127,14089.668316840107,15223.666399999993,12590.388438320104,13656.840799999994,89.359012257740,89.707961545978,1499.279878520003,1566.825599999998,12213.541084640110,80,75,-12070.882355819933,-11106.473880179958,964.408475639975,-110.060213999999,-2225.236816819986,-10.226485609969,-1.244371090724,-0.182167337499,-215.488481759996,-12.488056113607,-1.921197232424,-0.384802404822,-84.766949999999,-14.078699583466,-461.770655479999,-1.276293842819,-3724.516695339988,False,False
development,1.750000000000,300.000000000000,125,48390,265,265,1339,1825.969399999974,2310.702648639744,200.347000000000,2110.355648639744,-484.733248639771,-0.484733248640,-0.251601033248,-0.316946360171,0.969797237977,15564.568741320119,207.014134685713,211.732943999997,54.339622641509,3013.120057439839,2.980045986277,-0.160874190009,-1.829182070339,92.007547169811,67,111,6,81,99515.266751360236,130,125,14089.668316840107,15223.666399999993,12341.978084720096,13336.515399999991,87.595944824115,87.603833725626,1747.690232120010,1887.151000000002,10216.162747240105,80,80,-12070.882355819933,-9574.991869099922,2495.890486720011,1873.486252000003,-2503.519209659945,-24.011126389784,-1.407895750701,-0.197447036428,-1287.563415159850,-74.617279062980,292.254375165195,58.536512797987,390.360662000002,64.833882657110,1474.900424480013,-1.330807364936,-3730.385003797357,False,False
development,4.750000000000,240.000000000000,125,48390,238,238,1366,1775.182399999967,2075.972038439781,180.502000000000,1895.470038439781,-300.789638439815,-0.300789638440,-0.138426839147,-0.173626534290,0.978601001730,13755.458913360108,462.616613876666,545.582305999999,57.142857142857,2083.311325179951,2.072764769498,-0.144380551675,-1.263822010251,109.907563025210,7,95,44,92,99699.210361560181,130,126,14089.668316840107,15223.666399999993,12462.894408320106,13520.590799999994,88.454136237007,88.812973463475,1626.773908520001,1703.075599999998,12086.047054640108,80,74,-12070.882355819933,-10408.995798219959,1661.886557599973,788.633816719997,-2319.575599459989,-14.899530918464,-1.294721556599,-0.188643272674,-357.754682899962,-20.732711644125,36.651895974242,7.341119107469,56.511300000000,9.385799722311,-334.209403479999,-1.314313726602,-3770.296796648870,False,False
development,6.500000000000,240.000000000000,125,48390,234,234,1370,1776.423799999972,2041.237989439779,177.513000000000,1863.724989439779,-264.814189439809,-0.264814189440,-0.118303500149,-0.147633927677,0.980938625066,13627.897661360108,506.053318219999,743.371855999998,57.692307692308,1980.162843799932,1.970138467011,-0.133733541294,-1.131684570256,111.414529914530,3,94,45,92,99735.185810560186,130,127,14089.668316840107,15223.666399999993,12590.388438320104,13656.840799999994,89.359012257740,89.707961545978,1499.279878520003,1566.825599999998,12213.541084640110,80,75,-12070.882355819933,-11164.837213819956,906.045141999977,-117.433747639997,-2283.600150459984,-13.117497077599,-1.274598217602,-0.186305649339,-254.606201519942,-14.755018483979,-6.784808369091,-1.358949790588,-141.278249999999,-23.464499305777,-461.770655479999,-1.303666716222,-3782.880028979986,False,False
development,6.750000000000,240.000000000000,125,48390,234,234,1370,1696.923799999972,2041.243689439778,177.513000000000,1863.730689439778,-344.319889439808,-0.344319889440,-0.157829469813,-0.196022072582,0.975356818759,13627.897661360108,512.678793219999,771.627505999997,57.692307692308,2059.668543799926,2.049241677339,-0.167172475628,-1.471452518974,111.423076923077,3,94,45,92,99655.680110560192,130,127,14089.668316840107,15223.666399999993,12590.388438320104,13656.840799999994,89.359012257740,89.707961545978,1499.279878520003,1566.825599999998,12213.541084640110,80,75,-12070.882355819933,-11244.342913819954,826.539441999979,-171.444547639997,-2363.105850459982,-17.055789771086,-1.314124187266,-0.191887455645,-334.111901519937,-19.362557758665,-13.410283369091,-2.685986218737,-169.533899999998,-28.157399166933,-461.770655479999,-1.337105650556,-3862.385728979985,False,False
development,3.000000000000,240.000000000000,125,48390,249,249,1355,1503.051099999971,2171.892355259756,188.748000000000,1983.144355259756,-668.841255259786,-0.668841255260,-0.317699152426,-0.390336341255,0.955045216141,14209.247300360119,338.306390796922,347.792755999999,56.224899598394,2084.951324459907,2.074396466445,-0.320794661925,-2.686109458875,102.678714859438,24,99,36,90,99331.158744740213,130,126,14089.668316840107,15223.666399999993,12550.538812160106,13608.251599999996,89.076183554723,89.388792702394,1539.129504680001,1615.414799999997,12173.691458480112,80,75,-12070.882355819933,-10368.574683839954,1702.307671979979,1198.404252000002,-2687.627216279961,-33.130865191959,-1.473993869878,-0.212199058264,-359.394682179918,-20.827753397017,160.962119053986,32.239589695343,254.300850000000,42.236098750399,119.578983520012,-1.490727836852,-3906.594811032967,False,False
development,8.000000000000,240.000000000000,125,48390,234,234,1370,1632.920599999969,2041.331692079781,177.520000000000,1863.811692079781,-408.411092079814,-0.408411092080,-0.191668733009,-0.238524080059,0.970963644212,13657.096820360108,520.452990023333,912.905755999999,57.692307692308,2123.759746439915,2.113008424662,-0.192305694071,-1.745346547350,111.683760683761,2,94,46,92,99591.588907920188,130,126,14089.668316840107,15223.666399999993,12574.297176320102,13632.090799999994,89.244806148426,89.545385729157,1515.371140520005,1591.575599999998,12197.449822640108,80,74,-12070.882355819933,-11012.263395459959,1058.618960359974,102.446606719997,-2427.197053099988,-20.230529633435,-1.347963450462,-0.196280630192,-398.203104159926,-23.076791245391,-21.184480172424,-4.243103611472,-310.812150000001,-51.621898472710,-432.571496479999,-1.362238868999,-3922.078872275993,False,False
development,5.250000000000,210.000000000000,125,48390,247,247,1357,2020.351499999965,2154.558251219760,187.222000000000,1967.336251219760,-134.206751219796,-0.134206751220,-0.057173969417,-0.074068801172,0.990473650927,13953.745537160123,463.047765836922,602.093605999999,57.489878542510,1775.225368739877,1.765669229149,-0.075599838524,-0.543347170930,102.959514170040,5,98,56,88,99865.793248780203,130,127,14089.668316840107,15223.666399999993,12262.838240780093,13320.104899999988,87.034257762643,87.496037748173,1826.830076060014,1903.561500000005,11821.834477420100,80,75,-12070.882355819933,-10992.945173859942,1077.937181959991,192.508494000000,-2152.992712239970,-6.647894022008,-1.213468686870,-0.176770623477,-49.668726459888,-2.878417621473,36.220744013986,7.254762377223,0.000000000000,0.000000000000,-135.922779679984,-1.245533013451,-3923.210717492992,False,False
development,7.000000000000,240.000000000000,125,48390,234,234,1370,1617.423799999972,2041.249389439780,177.513000000000,1863.736389439779,-423.825589439810,-0.423825589440,-0.196605122044,-0.243034451414,0.969838177007,13627.897661360108,519.304268219999,799.883155999999,57.692307692308,2139.174243799935,2.128344887667,-0.198125791140,-1.811220467691,111.474358974359,3,94,45,92,99576.174410560183,130,127,14089.668316840107,15223.666399999993,12590.388438320104,13656.840799999994,89.359012257740,89.707961545978,1499.279878520003,1566.825599999998,12213.541084640110,80,75,-12070.882355819933,-11323.848613819955,747.033741999978,-225.455347639998,-2442.611550459984,-20.994082464574,-1.352899839497,-0.197406097398,-413.617601519945,-23.970097033351,-20.035758369091,-4.013022646887,-197.789550000000,-32.850299028088,-461.770655479999,-1.368058966068,-3941.891428979987,False,False
development,2.750000000000,270.000000000000,125,48390,242,242,1362,1161.088799999979,2110.446006759755,183.204000000000,1927.242006759755,-949.357206759778,-0.949357206760,-0.464254473576,-0.572584186784,0.936729257986,14055.322310780113,315.506151756922,322.324055999996,55.785123966942,2249.653922679950,2.234292269956,-0.422001445284,-3.922963664297,106.264462809917,30,100,24,88,99050.642793240215,130,127,14089.668316840107,15223.666399999993,12726.647069540097,13790.772899999989,90.326094151763,90.587723992691,1363.021247300010,1432.893500000004,11967.171726700099,80,76,-12070.882355819933,-10786.502275339915,1284.380080480018,1333.420652000001,-2968.143167779952,-47.026144677568,-1.620549191029,-0.230515016419,-524.097280399961,-30.372650051491,183.762358093986,36.806318537667,279.769550000003,46.466122080028,-34.346006059994,-1.591934620212,-3972.599105632969,False,False
development,2.250000000000,270.000000000000,125,48390,252,252,1352,1248.421599999964,2197.586224519750,190.708000000000,2006.878224519750,-949.164624519786,-0.949164624520,-0.486803461662,-0.609078606369,0.939195770860,14661.009831140111,262.333894716921,269.721343999997,55.952380952381,2347.429031399937,2.333101281032,-0.404342202394,-3.766526287777,99.571428571429,45,105,19,83,99050.835375480208,130,128,14089.668316840107,15223.666399999993,12615.290360540093,13670.772899999989,89.535751139451,89.799477608101,1474.377956300013,1552.893500000004,11494.715262700098,80,76,-12070.882355819933,-10605.825496099926,1465.056859720007,1603.453452000002,-2967.950585539961,-47.016605169977,-1.643098179115,-0.228048503545,-621.872389119948,-36.038943833119,236.934615133987,47.456350732943,332.372262000002,55.202755632652,571.341514300004,-1.574275377322,-4003.170543872980,False,False
development,7.250000000000,240.000000000000,125,48390,234,234,1370,1537.923799999972,2041.255089439778,177.513000000000,1863.742089439778,-503.331289439809,-0.503331289440,-0.234630529960,-0.288697925802,0.964381633672,13627.897661360108,525.929743219999,828.138805999997,57.692307692308,2218.679943799929,2.207448097995,-0.226860701944,-2.150988416409,111.482905982906,3,94,45,92,99496.668710560189,130,127,14089.668316840107,15223.666399999993,12590.388438320104,13656.840799999994,89.359012257740,89.707961545978,1499.279878520003,1566.825599999998,12213.541084640110,80,75,-12070.882355819933,-11403.354313819953,667.528041999980,-279.466147639998,-2522.117250459983,-24.932375158061,-1.390925247412,-0.202862640733,-493.123301519940,-28.577636308036,-26.661233369091,-5.340059075036,-226.045199999998,-37.543198889244,-461.770655479999,-1.396793876872,-4021.397128979986,False,False
development,5.500000000000,210.000000000000,125,48390,247,247,1357,1889.601499999965,2154.553701219758,187.222000000000,1967.331701219758,-264.952201219795,-0.264952201220,-0.127912044707,-0.164179916090,0.981365930545,13953.745537160123,473.105108144614,630.349255999998,57.489878542510,1877.715168739887,1.868132332170,-0.141103510069,-1.072680976598,102.983805668016,5,98,56,88,99735.047798780201,130,127,14089.668316840107,15223.666399999993,12262.838240780093,13320.104899999988,87.034257762643,87.496037748173,1826.830076060014,1903.561500000005,11821.834477420100,80,75,-12070.882355819933,-11098.945573859939,971.936781959994,112.002994000001,-2283.738162239969,-13.124333452661,-1.284206762160,-0.185878343860,-152.158526459898,-8.817938671596,26.163401706294,5.240346865479,-28.255649999999,-4.692899861155,-135.922779679984,-1.311036684997,-4075.085938646836,False,False
development,5.000000000000,210.000000000000,125,48390,248,248,1356,1861.831499999962,2163.139114499762,187.936000000000,1975.203114499762,-301.307614499801,-0.301307614500,-0.146958781295,-0.187952640611,0.978678018981,13830.006649160121,443.813244089229,573.837955999997,56.854838709677,1970.581882019906,1.959423459639,-0.152902864504,-1.214950058467,102.588709677419,5,97,57,89,99698.692385500195,130,126,14089.668316840107,15223.666399999993,12139.099352780093,13187.604899999988,86.156033483566,86.625682365189,1950.568964060014,2036.061500000005,11698.095589420100,80,74,-12070.882355819933,-10442.271561139944,1628.610794679989,811.628414719998,-2320.093575519975,-14.925188718250,-1.303253498748,-0.188566255423,-245.025239739916,-14.199779580470,55.455265761679,11.107302917670,28.255650000002,4.692899861156,-259.661667679986,-1.322836039431,-4080.609223755150,False,False
development,4.500000000000,210.000000000000,125,48390,251,251,1353,1872.307799999959,2189.258897759751,190.204000000000,1999.054897759751,-316.951097759793,-0.316951097760,-0.153833397166,-0.195911826885,0.977986849815,14081.310627160125,439.937579301537,517.326655999997,56.972111553785,1992.411093419854,1.985424548542,-0.159079167350,-1.262753377529,101.792828685259,8,99,55,89,99683.048902240203,130,126,14089.668316840107,15223.666399999993,12136.639958780092,13185.104899999988,86.138578182669,86.609260565510,1953.028358060015,2038.561500000005,11695.636195420098,80,74,-12070.882355819933,-10441.378018899943,1629.504336919990,873.930872719999,-2335.737058779967,-15.700084302133,-1.310128114619,-0.189257424590,-266.854451139865,-15.464832889361,59.330930549371,11.883571540911,84.766950000002,14.078699583467,-8.357689679982,-1.329012342278,-4084.313777021297,False,False
development,7.500000000000,240.000000000000,125,48390,234,234,1370,1458.423799999972,2041.260789439780,177.513000000000,1863.747789439780,-582.836989439810,-0.582836989440,-0.271907323402,-0.333041243093,0.958986146476,13627.897661360108,532.555218219999,856.394455999999,57.692307692308,2298.185643799923,2.286551308323,-0.253607445078,-2.490756365127,111.504273504273,3,94,45,92,99417.163010560194,130,127,14089.668316840107,15223.666399999993,12590.388438320104,13656.840799999994,89.359012257740,89.707961545978,1499.279878520003,1566.825599999998,12213.541084640110,80,75,-12070.882355819933,-11482.860013819954,588.022341999978,-333.476947639999,-2601.622950459985,-28.870667851548,-1.428202040855,-0.208258127929,-572.629001519934,-33.185175582722,-33.286708369091,-6.667095503185,-254.300850000000,-42.236098750399,-461.770655479999,-1.423540620006,-4100.902828979988,False,False
development,3.500000000000,210.000000000000,125,48390,255,255,1349,1694.365899999962,2224.141191619743,193.249000000000,2030.892191619743,-529.775291619781,-0.529775291620,-0.254184206349,-0.314530829063,0.964067391336,14213.804741160122,389.678037446152,404.304055999999,56.470588235294,2233.792885279894,2.225959916325,-0.237164016015,-2.077550163215,99.054901960784,16,100,50,89,99470.224708380221,130,127,14089.668316840107,15223.666399999993,12264.133988780091,13321.354899999988,87.043454203403,87.504248648013,1825.534328060015,1902.311500000005,11823.130225420100,80,75,-12070.882355819933,-10237.329424899941,1833.552930919992,928.371452000001,-2548.561252639955,-26.242271436842,-1.410478923802,-0.203176883068,-508.236242999905,-29.453466235010,109.590472404756,21.950207201628,197.789550000000,32.850299028088,124.136424320015,-1.407097190943,-4133.626054097593,False,False
development,7.750000000000,240.000000000000,125,48390,234,234,1370,1408.128799999971,2041.272330439778,177.513000000000,1863.759330439777,-633.143530439810,-0.633143530440,-0.294890395614,-0.360058307902,0.955693990101,13657.096820360108,539.180693219999,884.650105999998,57.692307692308,2348.492184799936,2.336603177479,-0.269595757881,-2.705741583076,111.512820512821,3,94,45,92,99366.856469560196,130,126,14089.668316840107,15223.666399999993,12574.297176320102,13632.090799999994,89.244806148426,89.545385729157,1515.371140520005,1591.575599999998,12197.449822640108,80,75,-12070.882355819933,-11562.365713819954,508.516641999979,-387.487747639996,-2651.929491459984,-31.362588340958,-1.451185113067,-0.211550284303,-622.935542519946,-36.100556032566,-39.912183369091,-7.994131931335,-282.556499999999,-46.928998611555,-432.571496479999,-1.439528932809,-4167.300631979988,False,False
development,5.750000000000,210.000000000000,125,48390,247,247,1357,1758.851499999965,2154.549151219760,187.222000000000,1967.327151219760,-395.697651219797,-0.395697651220,-0.196524862706,-0.249976066826,0.972424180784,13953.745537160123,483.162450452306,658.604905999999,57.489878542510,1980.204968739912,1.970653059116,-0.199826612632,-1.602014782266,103.000000000000,5,98,56,88,99604.302348780198,130,127,14089.668316840107,15223.666399999993,12262.838240780093,13320.104899999988,87.034257762643,87.496037748173,1826.830076060014,1903.561500000005,11821.834477420100,80,75,-12070.882355819933,-11204.945973859942,865.936381959991,31.497493999999,-2414.483612239971,-19.600772883314,-1.352819580159,-0.194820093621,-254.648326459923,-14.757459721719,16.106059398602,3.225931353734,-56.511300000000,-9.385799722311,-135.922779679984,-1.369759787559,-4226.961159800683,False,False
development,3.750000000000,210.000000000000,125,48390,255,255,1349,1545.832899999965,2224.148782219759,193.249000000000,2030.899782219758,-678.315882219794,-0.678315882220,-0.323834712604,-0.396822406880,0.954451357240,14213.804741160122,411.977590923076,432.559705999998,56.470588235294,2328.583225879876,2.320417867204,-0.291299823292,-2.660062283215,99.364705882353,14,100,52,89,99321.684117780213,130,127,14089.668316840107,15223.666399999993,12264.133988780091,13321.354899999988,87.043454203403,87.504248648013,1825.534328060015,1902.311500000005,11823.130225420100,80,75,-12070.882355819933,-10373.339266499945,1697.543089319988,793.355051999999,-2697.101843239968,-33.600188198110,-1.480129430057,-0.212792917165,-603.026583599887,-34.946785797950,87.290918927832,17.483762185181,169.533900000001,28.157399166933,124.136424320015,-1.461232998220,-4320.319701436068,False,False
development,4.000000000000,210.000000000000,125,48390,254,254,1350,1573.924199999965,2215.449987759751,192.493000000000,2022.956987759751,-641.525787759787,-0.641525787760,-0.310171988229,-0.382828535143,0.957171922044,14337.567797160122,438.861980923075,460.815355999996,57.086614173228,2326.330918419844,2.318173457635,-0.275767210366,-2.525692077794,99.590551181102,14,101,51,88,99358.474212240209,130,127,14089.668316840107,15223.666399999993,12264.133988780091,13321.354899999988,87.043454203403,87.504248648013,1825.534328060015,1902.311500000005,11823.130225420100,80,75,-12070.882355819933,-10642.589816499936,1428.292539319997,658.338652000003,-2660.311748779961,-31.777801121403,-1.466466705682,-0.210072352360,-600.774276139855,-34.816259369269,60.406528927833,12.099006393548,141.278250000003,23.464499305778,247.899480320015,-1.445700385293,-4323.975081976060,False,False
development,3.250000000000,240.000000000000,125,48390,247,247,1357,1104.616099999973,2154.456115619772,187.236000000000,1967.220115619773,-1049.840015619799,-1.049840015620,-0.501555740157,-0.611255534663,0.929658896541,13875.146429000117,365.757237701538,376.048405999997,55.870445344130,2659.509315819887,2.646045815311,-0.394749516151,-4.250364435708,104.000000000000,21,96,37,93,98950.159984380196,130,126,14089.668316840107,15223.666399999993,12550.538812160106,13608.251599999996,89.076183554723,89.388792702394,1539.129504680001,1615.414799999997,12173.691458480112,80,75,-12070.882355819933,-10421.051191839959,1649.831163979974,1063.387851999997,-3068.625976639973,-52.003532612703,-1.657850457609,-0.237585377863,-933.952673539898,-54.124718404251,133.511272149370,26.741376536894,226.045200000002,37.543198889244,-214.521887839990,-1.564682691079,-4328.322274845289,False,False
development,2.000000000000,270.000000000000,125,48390,266,266,1338,1231.865099999966,2319.313942139749,201.152000000000,2118.161942139749,-1087.448842139783,-1.087448842140,-0.558713696385,-0.690381899688,0.933580492725,15284.982793700121,234.901434519999,240.727143999999,55.263157894737,2573.383477899915,2.557164650366,-0.422575512542,-4.088153541879,91.973684210526,54,109,18,85,98912.551157860216,130,128,14089.668316840107,15223.666399999993,12371.428860540094,13400.742899999990,87.804968735521,88.025726181178,1718.239456300013,1822.923500000003,10696.040792700103,80,76,-12070.882355819933,-10049.090508099944,2021.791847719989,1738.469851999998,-3106.234803159958,-53.866475353843,-1.715008413838,-0.233663781679,-847.826835619926,-49.133526819478,264.367075330909,52.950881162093,361.366462000000,60.018319144881,1195.314476860014,-1.592508687469,-4344.596751394516,False,False
development,4.250000000000,210.000000000000,125,48390,254,254,1350,1466.044799999961,2215.503403599760,192.500000000000,2023.003403599760,-749.458603599799,-0.749458603600,-0.368197632078,-0.455797692107,0.949900595047,14209.972637160121,446.451340720000,489.071005999998,57.086614173228,2380.513484259864,2.372166028083,-0.314830648327,-2.950624423621,100.775590551181,11,100,53,90,99250.541396400207,130,127,14089.668316840107,15223.666399999993,12264.133988780091,13321.354899999988,87.043454203403,87.504248648013,1825.534328060015,1902.311500000005,11823.130225420100,80,74,-12070.882355819933,-10283.378318899946,1787.504036919987,982.452572719997,-2768.244564619973,-37.124223076183,-1.524492349530,-0.217343679358,-654.956841979874,-37.956264426908,52.817169130908,10.578910563913,113.022600000001,18.771599444622,120.304320320014,-1.484763823254,-4370.879793570535,False,False
development,5.250000000000,150.000000000000,125,48390,276,276,1328,2832.965799999983,2407.584904479727,209.188000000000,2198.396904479727,425.380895520255,0.425380895520,0.277812050944,0.367010624693,1.031132919478,14088.760451700149,382.867950708570,602.093605999999,54.710144927536,1562.339940519945,1.547434594065,0.272271664116,1.541235128697,87.460144927536,4,91,85,96,100425.380895520255,130,125,14089.668316840107,15223.666399999993,10894.685553860094,11855.559499999992,77.323932039185,77.875849276361,3194.982762980013,3368.106900000001,9895.639441040119,80,73,-12070.882355819933,-8546.812804639934,3524.069551179999,770.370618199999,-1593.405065499920,21.071124117848,-0.878482666509,-0.136111354926,163.216701760044,9.458785516561,116.400559142338,23.314220073102,0.000000000000,0.000000000000,-0.907865139958,-0.897661510812,-4518.987579652749,False,False
development,6.250000000000,210.000000000000,125,48390,246,246,1358,1566.764699999964,2145.819321859759,186.480000000000,1959.339321859759,-579.054621859794,-0.579054621860,-0.288277548761,-0.361681643327,0.959813161248,13830.006649160121,487.748456809229,715.116205999997,57.317073170732,2107.050639379901,2.098066790246,-0.274817610473,-2.353880576666,103.434959349593,3,97,56,90,99420.945378140212,130,126,14089.668316840107,15223.666399999993,12139.099352780093,13187.604899999988,86.156033483566,86.625682365189,1950.568964060014,2036.061500000005,11698.095589420100,80,75,-12070.882355819933,-11289.804007499937,781.078348319996,-2.370739639997,-2597.840582879968,-28.683309327512,-1.444572266213,-0.207431113156,-381.493997099911,-22.108459829858,11.520053041679,2.307386268988,-113.022599999998,-18.771599444622,-259.661667679986,-1.444750785401,-4542.649520419143,False,False
development,6.000000000000,210.000000000000,125,48390,246,246,1358,1545.596499999964,2145.793488219762,186.480000000000,1959.313488219762,-600.196988219798,-0.600196988220,-0.296714157103,-0.370571776318,0.958406894088,13830.006649160121,489.374792683076,686.860555999998,57.317073170732,2156.448655739892,2.146650224056,-0.278326584137,-2.439825155365,103.406504065041,4,97,56,89,99399.803011780197,130,126,14089.668316840107,15223.666399999993,12139.099352780093,13187.604899999988,86.156033483566,86.625682365189,1950.568964060014,2036.061500000005,11698.095589420100,80,75,-12070.882355819933,-11310.946373859942,759.935981959990,-49.008005999999,-2618.982949239973,-29.730590553369,-1.453008874556,-0.208837380316,-430.892013459903,-24.971189174675,9.893717167832,1.981642537557,-84.766949999999,-14.078699583466,-259.661667679986,-1.448259759065,-4564.605054716070,False,False
development,4.750000000000,210.000000000000,125,48390,249,249,1355,1500.433299999961,2171.859736859758,188.720000000000,1983.139736859757,-671.426436859797,-0.671426436860,-0.338575429155,-0.425643513409,0.953707324455,13832.518927160119,449.924053763076,545.582305999999,56.626506024096,2106.064251519871,2.098679172980,-0.318806245524,-2.696491714296,102.453815261044,7,97,56,89,99328.573563140206,130,125,14089.668316840107,15223.666399999993,12011.605322780091,13051.354899999988,85.251157462832,85.730694282686,2078.062994060016,2172.311500000005,11570.601559420098,80,74,-12070.882355819933,-10546.457136899944,1524.425218919989,848.585804719998,-2690.212397879972,-33.258921442098,-1.494870146607,-0.213536949949,-380.507609239881,-22.051296371072,49.344456087832,9.883350364430,56.511300000000,9.385799722311,-257.149389679988,-1.488739420452,-4573.886002952071,False,False
development,6.500000000000,210.000000000000,125,48390,246,246,1358,1487.264699999964,2145.825021859761,186.480000000000,1959.345021859761,-658.560321859796,-0.658560321860,-0.327137259937,-0.408401356333,0.954546207145,13830.006649160121,493.864279886152,743.371855999998,57.317073170732,2158.300689379903,2.149703147754,-0.305129088408,-2.677074479105,103.532520325203,3,97,56,90,99341.439678140203,130,126,14089.668316840107,15223.666399999993,12139.099352780093,13187.604899999988,86.156033483566,86.625682365189,1950.568964060014,2036.061500000005,11698.095589420100,80,75,-12070.882355819933,-11369.309707499939,701.572648319994,-56.381539639998,-2677.346282879970,-32.621602020999,-1.483431977390,-0.212698067259,-432.744047099914,-25.078518809335,5.404229964756,1.082429566080,-141.278249999999,-23.464499305777,-259.661667679986,-1.475062263335,-4625.213131957606,False,False
development,5.500000000000,150.000000000000,125,48390,276,276,1328,2728.715799999983,2407.585654479724,209.188000000000,2198.397654479724,321.130145520258,0.321130145520,0.211689256507,0.277470450533,1.023325012248,14088.760451700149,390.314432851427,630.349255999998,54.710144927536,1613.589990519948,1.598643095670,0.199015950401,1.163515020001,87.481884057971,4,91,85,96,100321.130145520263,130,125,14089.668316840107,15223.666399999993,10894.685553860094,11855.559499999992,77.323932039185,77.875849276361,3194.982762980013,3368.106900000001,9895.639441040119,80,73,-12070.882355819933,-8626.318504639930,3444.563851180003,716.359818200002,-1697.655815499917,15.907092268364,-0.944605460946,-0.143919262156,111.966651760042,6.488726537084,108.954076999481,21.822741640969,-28.255649999999,-4.692899861155,-0.907865139958,-0.970917224527,-4655.701248224173,False,False
development,8.000000000000,210.000000000000,125,48390,246,246,1358,1418.221499999961,2145.933616499763,186.487000000000,1959.446616499763,-727.712116499802,-0.727712116500,-0.365549552216,-0.457649376073,0.950112003080,13859.205808160121,501.429737858460,912.905755999999,57.317073170732,2179.403341159850,2.171761093383,-0.333904285983,-2.958179335365,103.666666666667,2,97,57,90,99272.287883500205,130,125,14089.668316840107,15223.666399999993,12123.008090780091,13162.854899999988,86.041827374251,86.463106548367,1966.660226060016,2060.811500000005,11682.004327420098,80,74,-12070.882355819933,-11142.290781139945,928.591574679987,163.498814719997,-2746.498077519976,-36.047016897822,-1.521844269669,-0.217132271325,-453.846698879861,-26.301466307138,-2.161228007552,-0.432878894805,-310.812150000001,-51.621898472710,-230.462508679986,-1.503837460911,-4680.458540635993,False,False
development,5.000000000000,150.000000000000,125,48390,276,276,1328,2757.727599999984,2407.469200119730,209.153000000000,2198.316200119730,350.258399880253,0.350258399880,0.229019178151,0.299749471448,1.025726367449,13965.021563700149,375.421468565713,573.837955999997,54.347826086957,1626.185898159965,1.610220798114,0.215386445225,1.269052173479,87.376811594203,4,90,85,97,100350.258399880258,130,124,14089.668316840107,15223.666399999993,10770.946665860094,11723.059499999992,76.445707760108,77.005493893376,3318.721650980013,3500.606900000001,9771.900553040117,80,72,-12070.882355819933,-8329.260754279934,3741.621601539999,962.427768559998,-1668.527561139922,17.349952230857,-0.927275539302,-0.141517906956,99.370744120024,5.758764545030,123.847041285195,24.805698505235,28.255650000002,4.692899861156,-124.646753139958,-0.954546729702,-4698.060377323329,False,False
development,6.750000000000,210.000000000000,125,48390,246,246,1358,1407.764699999964,2145.830721859759,186.480000000000,1959.350721859759,-738.066021859795,-0.738066021860,-0.365222124652,-0.453715897521,0.949336742167,13830.006649160121,499.980102963075,771.627505999997,57.317073170732,2209.550739379905,2.201368577581,-0.334034430034,-3.000268381544,103.540650406504,3,97,56,90,99261.933978140209,130,126,14089.668316840107,15223.666399999993,12139.099352780093,13187.604899999988,86.156033483566,86.625682365189,1950.568964060014,2036.061500000005,11698.095589420100,80,75,-12070.882355819933,-11448.815407499938,622.066948319994,-110.392339639998,-2756.851982879969,-36.559894714486,-1.521516842105,-0.217907532237,-483.994097099916,-28.048577788812,-0.711593112167,-0.142527136827,-169.533899999998,-28.157399166933,-259.661667679986,-1.503967604962,-4707.420946939983,False,False
development,5.250000000000,180.000000000000,125,48390,262,262,1342,1834.903499999981,2285.379882019766,198.485000000000,2086.894882019766,-450.476382019785,-0.450476382020,-0.241760268813,-0.313450960058,0.969542325032,14339.765568340128,434.369002108570,602.093605999999,56.488549618321,2071.646527199919,2.057250605384,-0.217448476902,-1.719375503892,95.007633587786,4,98,67,93,99549.523617980216,130,127,14089.668316840107,15223.666399999993,11712.462006740101,12724.516499999998,83.128017944477,83.583784389810,2377.206310100006,2499.149899999995,10934.752104520107,80,75,-12070.882355819933,-10513.606266159941,1557.276089659992,493.259431360001,-2469.262343039959,-22.314222048193,-1.398054986265,-0.197701949372,-346.089884919929,-20.056709611261,64.899507742338,12.998918710439,0.000000000000,0.000000000000,250.097251500021,-1.387381651830,-4715.367012996796,False,False
development,3.000000000000,210.000000000000,125,48390,258,258,1346,1121.653399999959,2250.313173079745,195.524000000000,2054.789173079745,-1128.659773079785,-1.128659773080,-0.556721786187,-0.682210744463,0.925948058037,14112.801060520127,338.306390796922,347.792755999999,55.813953488372,2358.428878139966,2.347630991751,-0.478564260954,-4.374650283255,96.635658914729,23,99,48,88,98871.340226920220,130,126,14089.668316840107,15223.666399999993,12139.099352780093,13187.604899999988,86.156033483566,86.625682365189,1950.568964060014,2036.061500000005,11698.095589420100,80,75,-12070.882355819933,-10423.744944919948,1647.137410899984,1198.404252000002,-3147.445734099959,-55.907847333624,-1.713016503639,-0.241296216367,-632.872235859977,-36.676410403066,160.962119053986,32.239589695343,254.300850000000,42.236098750399,23.132743680020,-1.648497435882,-4777.852788232980,False,False
development,7.000000000000,210.000000000000,125,48390,246,246,1358,1328.264699999964,2145.836421859761,186.480000000000,1959.356421859761,-817.571721859797,-0.817571721860,-0.402533161270,-0.497655765491,0.944183830177,13830.006649160121,506.095926039999,799.883155999999,57.317073170732,2269.262946519870,2.261305599029,-0.360280734815,-3.323462283983,103.589430894309,3,97,56,90,99182.428278140200,130,126,14089.668316840107,15223.666399999993,12139.099352780093,13187.604899999988,86.156033483566,86.625682365189,1950.568964060014,2036.061500000005,11698.095589420100,80,75,-12070.882355819933,-11528.321107499940,542.561248319993,-164.403139639998,-2836.357682879971,-40.498187407973,-1.558827878723,-0.223060444228,-543.706304239880,-31.509038354225,-6.827416189090,-1.367483839734,-197.789550000000,-32.850299028088,-259.661667679986,-1.530213909742,-4786.926646939984,False,False
development,5.750000000000,150.000000000000,125,48390,276,276,1328,2624.465799999983,2407.586404479727,209.188000000000,2198.398404479727,216.879395520254,0.216879395520,0.146997771026,0.191191195195,1.015634461876,14088.760451700149,397.760914994285,658.604905999999,54.710144927536,1664.840040519965,1.649880275832,0.130270410515,0.785794911305,87.496376811594,4,91,85,96,100216.879395520256,130,125,14089.668316840107,15223.666399999993,10894.685553860094,11855.559499999992,77.323932039185,77.875849276361,3194.982762980013,3368.106900000001,9895.639441040119,80,73,-12070.882355819933,-8705.824204639934,3365.058151179999,662.349018199998,-1801.906565499920,10.743060418879,-1.009296946427,-0.151609812528,60.716601760025,3.518667557606,101.507594856623,20.331263208836,-56.511300000000,-9.385799722311,-0.907865139958,-1.039662764413,-4792.414916795613,False,False
development,5.500000000000,180.000000000000,125,48390,262,262,1342,1730.653499999981,2285.380632019763,198.485000000000,2086.895632019763,-554.727132019782,-0.554727132020,-0.298496757765,-0.384569525656,0.962756225191,14339.765568340128,441.815484251427,630.349255999998,56.488549618321,2071.646527199919,2.059382608187,-0.267771130227,-2.117279129846,95.030534351145,4,98,67,93,99445.272867980224,130,127,14089.668316840107,15223.666399999993,11712.462006740101,12724.516499999998,83.128017944477,83.583784389810,2377.206310100006,2499.149899999995,10934.752104520107,80,75,-12070.882355819933,-10593.111966159937,1477.770389659996,439.248631360004,-2573.513093039956,-27.478253897677,-1.454791475218,-0.204488049213,-346.089884919929,-20.056709611261,57.453025599481,11.507440278306,-28.255649999999,-4.692899861155,250.097251500021,-1.437704305155,-4834.143164068220,False,False
development,7.250000000000,210.000000000000,125,48390,246,246,1358,1248.764699999964,2145.842121859760,186.480000000000,1959.362121859760,-897.077421859795,-0.897077421860,-0.439072994534,-0.540253243585,0.939086555252,13830.006649160121,512.211749116922,828.138805999997,57.317073170732,2348.768646519864,2.340532506092,-0.381935199616,-3.646656186422,103.597560975610,3,97,56,90,99102.922578140206,130,126,14089.668316840107,15223.666399999993,12139.099352780093,13187.604899999988,86.156033483566,86.625682365189,1950.568964060014,2036.061500000005,11698.095589420100,80,75,-12070.882355819933,-11607.826807499940,463.055548319993,-218.413939639999,-2915.863382879969,-44.436480101460,-1.595367711987,-0.228157719152,-623.212004239875,-36.116577628911,-12.943239266013,-2.592440542641,-226.045199999998,-37.543198889244,-259.661667679986,-1.551868374543,-4866.432346939983,False,False
development,2.500000000000,240.000000000000,125,48390,256,256,1348,814.414099999970,2232.657542539762,193.970000000000,2038.687542539762,-1418.243442539793,-1.418243442540,-0.685448367640,-0.830642601652,0.910774131823,14476.737144600118,288.967572655384,298.715543999998,55.468750000000,2728.688162459963,2.718917633652,-0.519752847559,-5.540013447421,97.980468750000,36,102,35,83,98581.756557460205,130,126,14089.668316840107,15223.666399999993,12191.663434800103,13231.840799999994,86.529101754855,86.916255600556,1898.004882040004,1991.825599999998,11232.321268640106,80,75,-12070.882355819933,-10095.788627759955,1975.093728059977,1468.437051999997,-3437.029403559967,-70.252293701463,-1.841743085092,-0.256470142581,-1003.131520179973,-58.133792632534,210.300937195524,42.121810818456,303.378062000000,50.387192120423,387.068827760011,-1.689686022487,-4936.196406602210,False,False
development,7.500000000000,210.000000000000,125,48390,246,246,1358,1169.264699999964,2145.847821859762,186.480000000000,1959.367821859762,-976.583121859797,-0.976583121860,-0.474845717991,-0.581541995206,0.934044021144,13830.006649160121,518.327572193845,856.394455999999,57.317073170732,2428.274346519858,2.419759413155,-0.402171658758,-3.969850088861,103.617886178862,3,97,56,90,99023.416878140197,130,126,14089.668316840107,15223.666399999993,12139.099352780093,13187.604899999988,86.156033483566,86.625682365189,1950.568964060014,2036.061500000005,11698.095589420100,80,75,-12070.882355819933,-11687.332507499941,383.549848319992,-272.424739639999,-2995.369082879971,-48.374772794947,-1.631140435444,-0.233200253260,-702.717704239869,-40.724116903596,-19.059062342937,-3.817397245548,-254.300850000000,-42.236098750399,-259.661667679986,-1.572104833686,-4945.938046939986,False,False
development,5.750000000000,180.000000000000,125,48390,262,262,1342,1626.403499999981,2285.381382019766,198.485000000000,2086.896382019766,-658.977882019785,-0.658977882020,-0.354023525975,-0.453243707800,0.956064460720,14339.765568340128,449.261966394284,658.604905999999,56.488549618321,2130.055169179861,2.118410852690,-0.309371274301,-2.515182755801,95.045801526718,4,98,67,93,99341.022117980217,130,127,14089.668316840107,15223.666399999993,11712.462006740101,12724.516499999998,83.128017944477,83.583784389810,2377.206310100006,2499.149899999995,10934.752104520107,80,75,-12070.882355819933,-10672.617666159942,1398.264689659991,385.237831360001,-2677.763843039959,-32.642285747161,-1.510318243428,-0.211179813685,-404.498526899872,-23.441625559472,50.006543456624,10.015961846173,-56.511300000000,-9.385799722311,250.097251500021,-1.479304449228,-4952.919315139653,False,False
development,7.750000000000,210.000000000000,125,48390,246,246,1358,1118.969699999963,2145.859362859760,186.480000000000,1959.379362859760,-1026.889662859796,-1.026889662860,-0.496734419337,-0.606396507658,0.931016856310,13859.205808160121,524.443395270768,884.650105999998,57.317073170732,2478.580887519871,2.469889550345,-0.414305487479,-4.174348223007,103.626016260163,3,97,56,90,98973.110337140199,130,125,14089.668316840107,15223.666399999993,12123.008090780091,13162.854899999988,86.041827374251,86.463106548367,1966.660226060016,2060.811500000005,11682.004327420098,80,75,-12070.882355819933,-11766.838207499939,304.044148319994,-326.435539639996,-3045.675623879971,-50.866693284357,-1.653029136789,-0.236227418094,-753.024245239882,-43.639497353440,-25.174885419860,-5.042353948455,-282.556499999999,-46.928998611555,-230.462508679986,-1.584238662407,-5012.335849939986,False,False
development,2.750000000000,240.000000000000,125,48390,251,251,1353,688.023099999967,2189.274227099757,190.197000000000,1999.077227099757,-1501.251127099791,-1.501251127100,-0.741327638316,-0.904992184996,0.902977519064,13971.978506080117,314.235390526153,322.199795999999,55.378486055777,2490.395569219952,2.477788190177,-0.602816333941,-5.981080187649,100.414342629482,29,97,37,88,98498.748872900207,130,126,14089.668316840107,15223.666399999993,12191.663434800103,13231.840799999994,86.529101754855,86.916255600556,1898.004882040004,1991.825599999998,11175.821368640107,80,75,-12070.882355819933,-10264.609980759944,1806.272375059989,1333.420652000001,-3520.037088119966,-74.364056224224,-1.897622355768,-0.264266755340,-764.838926939963,-44.324185494681,185.033119324756,37.060843148311,279.893810000000,46.486760067005,-117.689810759990,-1.772749508869,-5058.841280097591,False,False
development,5.000000000000,180.000000000000,125,48390,263,263,1341,1528.285299999981,2293.931125659769,199.199000000000,2094.732125659769,-765.645825659789,-0.765645825660,-0.405710994976,-0.513361398724,0.948894502576,14216.026680340128,433.008516939999,573.837955999997,55.893536121673,2248.450873759881,2.235898539231,-0.340521482855,-2.911200858022,94.619771863118,5,97,67,94,99234.354174340217,130,126,14089.668316840107,15223.666399999993,11588.723118740101,12592.016499999998,82.249793665399,82.713429006826,2500.945198100006,2631.649899999995,10811.013216520103,80,74,-12070.882355819933,-10193.934643799945,1876.947712019988,881.377361719999,-2784.431786679963,-37.926052609999,-1.562005712429,-0.218349771828,-522.894231479891,-30.302930582968,66.259992910909,13.271414399978,28.255650000002,4.692899861156,126.358363500021,-1.510454657783,-5075.971515980515,False,False
development,6.000000000000,150.000000000000,125,48390,275,275,1329,2453.675799999982,2398.832848479730,208.446000000000,2190.386848479730,54.842951520251,0.054842951520,0.049180515538,0.062815814662,1.003942648980,13965.021563700149,400.496454708570,686.860555999998,54.545454545455,1823.860785519966,1.807978372660,0.030069702664,0.199428914619,87.803636363636,2,90,86,97,100054.842951520244,130,124,14089.668316840107,15223.666399999993,10770.946665860094,11723.059499999992,76.445707760108,77.005493893376,3318.721650980013,3500.606900000001,9771.900553040117,80,73,-12070.882355819933,-8769.361711639935,3301.520644179998,624.306411199999,-1963.943009499923,2.716630320360,-1.107114201915,-0.163301625424,-98.304143239977,-5.696952556138,98.772055142338,19.783353685141,-84.766949999999,-14.078699583466,-124.646753139958,-1.139863472264,-5108.417350668768,False,False
development,3.250000000000,210.000000000000,125,48390,255,255,1349,842.164999999966,2224.190062439758,193.263000000000,2030.927062439758,-1382.025062439792,-1.382025062440,-0.673648386995,-0.819770769688,0.909168471563,13833.232087000128,365.757237701538,376.048405999997,55.686274509804,2870.764242959893,2.859391711002,-0.481413639531,-5.419706127215,98.478431372549,20,97,48,90,98617.974937560211,130,125,14089.668316840107,15223.666399999993,12099.249726620093,13139.015699999989,85.873204780548,86.306513521605,1990.418590220013,2084.650700000004,11658.245963260100,80,75,-12070.882355819933,-10481.832574919950,1589.049780899983,1063.387851999997,-3400.811023459966,-68.458226336258,-1.829943104448,-0.258075802841,-1145.207600679903,-66.367430232063,133.511272149370,26.741376536894,226.045200000002,37.543198889244,-256.436229839979,-1.651346814459,-5111.796407205295,False,False
development,3.500000000000,180.000000000000,125,48390,267,267,1337,1353.115199999981,2328.823793879748,202.237000000000,2126.586793879748,-975.708593879767,-0.975708593880,-0.490694923833,-0.602352901359,0.936318781980,14346.055408340129,386.215512199998,404.304055999999,55.430711610487,2499.076334039884,2.485414699268,-0.390427687458,-3.654339302920,91.917602996255,15,98,61,93,99024.291406120232,130,127,14089.668316840107,15223.666399999993,11713.757754740098,12725.766499999998,83.137214385236,83.591995289650,2375.910562100009,2497.899899999995,10936.047852520103,80,75,-12070.882355819933,-9946.587563559935,2124.294792259998,928.371452000001,-2994.494554899942,-48.331453295163,-1.646989641286,-0.230925492425,-773.519691759895,-44.827255901483,113.052997650910,22.643726856450,197.789550000000,32.850299028088,256.387091500023,-1.560360862386,-5128.204327774496,False,False
development,6.250000000000,150.000000000000,125,48390,275,275,1329,2399.925799999982,2398.833398479727,208.446000000000,2190.387398479727,1.092401520254,0.001092401520,0.017912398075,0.022775840972,1.000078230239,13965.021563700149,404.335779708570,715.116205999997,54.545454545455,1870.864539419897,1.854696854807,0.000583901986,0.003972369165,87.810909090909,2,90,86,97,100001.092401520247,130,124,14089.668316840107,15223.666399999993,10770.946665860094,11723.059499999992,76.445707760108,77.005493893376,3318.721650980013,3500.606900000001,9771.900553040117,80,73,-12070.882355819933,-8823.112261639932,3247.770094180001,596.050761200000,-2017.693559499920,0.054111804884,-1.138382319378,-0.167166044165,-145.307897139908,-8.420928851568,94.932730142338,19.014363667896,-113.022599999998,-18.771599444622,-124.646753139958,-1.169349272942,-5169.738693168763,False,False
development,4.750000000000,150.000000000000,125,48390,277,277,1327,2444.040599999984,2416.163674719727,209.916000000000,2206.247674719727,27.876925280257,0.027876925280,0.033428405065,0.042707084057,1.002018655364,13837.527533700148,372.958544179999,545.582305999999,53.790613718412,1853.543026659900,1.837525031535,0.015039804784,0.100638719423,87.310469314079,4,89,86,98,100027.876925280259,130,123,14089.668316840107,15223.666399999993,10643.452635860096,11586.809499999992,75.540831739374,76.110505810874,3446.215680980011,3636.856900000001,9644.406523040117,80,72,-12070.882355819933,-8249.755054279934,3821.127301539998,1016.438568559998,-1990.909035739918,1.380875725239,-1.122866312388,-0.165225619040,-127.986384379910,-7.417107108742,126.309965670909,25.299005080178,56.511300000000,9.385799722311,-252.140783139959,-1.154893370143,-5170.682020172474,False,False
development,4.500000000000,150.000000000000,125,48390,277,277,1327,2429.431399999985,2416.101636559726,209.909000000000,2206.192636559726,13.329763440260,0.013329763440,0.024885394920,0.031882629012,1.000964234139,13837.527533700148,371.336741025713,517.326655999997,53.790613718412,1774.037326659891,1.758706405909,0.007513801001,0.048121889676,87.241877256318,5,89,85,98,100013.329763440255,130,123,14089.668316840107,15223.666399999993,10643.452635860096,11586.809499999992,75.540831739374,76.110505810874,3446.215680980011,3636.856900000001,9644.406523040117,80,72,-12070.882355819933,-8251.794860119931,3819.087495700001,988.903862719999,-2005.456197579915,0.660286117381,-1.131409322532,-0.166280040265,-48.480684379902,-2.809567834055,127.931768825195,25.623840939497,84.766950000002,14.078699583467,-252.140783139959,-1.162419373927,-5189.925221603327,False,False
development,4.250000000000,150.000000000000,125,48390,277,277,1327,2282.518399999984,2416.266360399734,209.923000000000,2206.343360399734,-133.747960399749,-0.133747960400,-0.059391108240,-0.075107552103,0.990513501184,13965.021563700149,381.839440692856,489.071005999998,54.151624548736,1865.597815499903,1.849475644995,-0.071691743681,-0.482844622382,86.898916967509,7,90,84,96,99866.252039600251,130,124,14089.668316840107,15223.666399999993,10770.946665860094,11723.059499999992,76.445707760108,77.005493893376,3318.721650980013,3500.606900000001,9771.900553040117,80,72,-12070.882355819933,-8145.283760119935,3925.598595699998,1069.920062719998,-2152.533921419924,-6.625167946589,-1.215685825693,-0.176730773221,-140.041173219914,-8.115710014299,117.429069158052,23.520223455134,113.022600000001,18.771599444622,-124.646753139958,-1.241624918608,-5198.557025276911,False,False
development,8.000000000000,150.000000000000,125,48390,274,274,1330,2357.027599999983,2390.183498119734,207.704000000000,2182.479498119734,-33.155898119752,-0.033155898120,-0.002130686199,-0.002718040754,0.997631413217,13965.021563700149,416.642540422856,912.905755999999,54.744525547445,1905.112839059890,1.888649186623,-0.017403640057,-0.121006927444,88.065693430657,1,90,86,97,99966.844101880240,130,124,14089.668316840107,15223.666399999993,10770.946665860094,11723.059499999992,76.445707760108,77.005493893376,3318.721650980013,3500.606900000001,9771.900553040117,80,72,-12070.882355819933,-8857.360561279937,3213.521794539996,536.307561559996,-2051.941859139927,-1.642368173741,-1.158425403652,-0.169612861187,-179.556196779900,-10.405697059162,82.625969428052,16.549405339569,-310.812150000001,-51.621898472710,-124.646753139958,-1.187336814985,-5222.089013093914,False,False
development,6.500000000000,150.000000000000,125,48390,275,275,1329,2346.175799999982,2398.833948479730,208.446000000000,2190.387948479730,-52.658148479749,-0.052658148480,-0.012880096847,-0.016304113676,0.996243447592,13965.021563700149,408.175104708570,743.371855999998,54.545454545455,1924.615089419909,1.907982901941,-0.027360353127,-0.191484176290,87.814545454545,2,90,86,97,99947.341851520250,130,124,14089.668316840107,15223.666399999993,10770.946665860094,11723.059499999992,76.445707760108,77.005493893376,3318.721650980013,3500.606900000001,9771.900553040117,80,73,-12070.882355819933,-8876.862811639934,3194.019544179999,567.795111199999,-2071.444109499923,-2.608406710592,-1.169174814300,-0.171000826813,-199.058447139920,-11.535897591684,91.093405142338,18.245373650651,-141.278249999999,-23.464499305777,-124.646753139958,-1.197293528055,-5231.060035668767,False,False
development,1.750000000000,270.000000000000,125,48390,269,269,1335,957.016599999969,2345.531181079723,203.350000000000,2142.181181079724,-1388.514581079756,-1.388514581080,-0.753236555212,-0.939976719445,0.915312141983,15007.160236960121,206.762207542856,211.732943999997,53.159851301115,3092.466572079851,3.074322575363,-0.448999059073,-5.161764241932,89.513011152416,67,106,18,78,98611.485418920245,130,125,14089.668316840107,15223.666399999993,11733.047679140091,12701.442899999991,83.274122678365,83.432220374981,2356.620637700016,2522.223500000002,9486.751711300103,80,76,-12070.882355819933,-9213.813650099924,2857.068705720008,1873.486252000003,-3407.300542099930,-68.779682833641,-1.909531272665,-0.251932132421,-1366.909929799862,-79.215593177733,292.506302308052,58.586972047446,390.360662000002,64.833882657110,917.491920120014,-1.618932234001,-5242.970778245919,False,False
development,6.000000000000,180.000000000000,125,48390,261,261,1343,1439.648499999981,2276.631019019766,197.743000000000,2078.888019019766,-836.982519019787,-0.836982519020,-0.443099291441,-0.559352410349,0.944397661097,14216.026680340128,453.138091322856,686.860555999998,56.321839080460,2308.059806179852,2.295442396429,-0.362634675574,-3.206829574788,95.398467432950,3,97,67,94,99163.017480980212,130,126,14089.668316840107,15223.666399999993,11588.723118740101,12592.016499999998,82.249793665399,82.713429006826,2500.945198100006,2631.649899999995,10811.013216520103,80,75,-12070.882355819933,-10752.123366159940,1318.758989659993,331.227031360003,-2855.768480039961,-41.459695836047,-1.599394008893,-0.222846613308,-582.503163899863,-33.757406139401,46.130418528052,9.239601059924,-84.766949999999,-14.078699583466,126.358363500021,-1.532567850502,-5267.403062603940,False,False
development,3.500000000000,150.000000000000,125,48390,278,278,1326,2171.908899999984,2424.842166779721,210.665000000000,2214.177166779721,-252.933266779737,-0.252933266780,-0.123806273171,-0.154342213957,0.982215085351,13968.853667700147,367.596534779999,404.304055999999,53.597122302158,1976.064928659835,1.958988120656,-0.127998459520,-0.909831894891,85.816546762590,11,90,83,94,99747.066733220257,130,124,14089.668316840107,15223.666399999993,10770.946665860094,11723.059499999992,76.445707760108,77.005493893376,3318.721650980013,3500.606900000001,9771.900553040117,80,73,-12070.882355819933,-8149.292903839932,3921.589451980001,1174.922312360000,-2271.719227799912,-12.528978884513,-1.280100990623,-0.185029189053,-250.508286379845,-14.517534819886,131.671975070909,26.372978161637,197.789550000000,32.850299028088,-120.814649139960,-1.297931634448,-5289.620428772470,False,False
development,6.750000000000,150.000000000000,125,48390,275,275,1329,2292.425799999982,2398.834498479727,208.446000000000,2190.388498479727,-106.408698479746,-0.106408698480,-0.043191852787,-0.054431785337,0.992437961423,13965.021563700149,412.014429708570,771.627505999997,54.545454545455,1978.365639419892,1.961268949075,-0.053786163872,-0.386940721745,87.821818181818,2,90,86,97,99893.591301520253,130,124,14089.668316840107,15223.666399999993,10770.946665860094,11723.059499999992,76.445707760108,77.005493893376,3318.721650980013,3500.606900000001,9771.900553040117,80,73,-12070.882355819933,-8930.613361639931,3140.268994180002,539.539461200000,-2125.194659499920,-5.270925226069,-1.199486570240,-0.174806312982,-252.808997139902,-14.650866331798,87.254080142338,17.476383633407,-169.533899999998,-28.157399166933,-124.646753139958,-1.223719338799,-5292.381378168764,False,False
development,4.000000000000,180.000000000000,125,48390,266,266,1338,1224.371699999981,2320.145729659756,201.481000000000,2118.664729659756,-1095.774029659776,-1.095774029660,-0.556908692144,-0.685475970165,0.929602806313,14469.818464340129,430.890825691427,460.815355999996,56.015037593985,2599.929306819846,2.585716341758,-0.421463009315,-4.119451239322,92.349624060150,13,99,62,92,98904.225970340223,130,127,14089.668316840107,15223.666399999993,11713.757754740098,12725.766499999998,83.137214385236,83.591995289650,2375.910562100009,2497.899899999995,10936.047852520103,80,75,-12070.882355819933,-10341.079078799934,1729.803277019999,756.867142360004,-3114.559990679951,-54.278861197650,-1.713203409597,-0.237641468092,-874.372664539856,-50.671919026926,68.377684159481,13.695573185639,141.278250000003,23.464499305778,380.150147500022,-1.591396184243,-5304.908282228218,False,False
development,7.000000000000,150.000000000000,125,48390,275,275,1329,2238.675799999982,2398.835048479730,208.446000000000,2190.389048479730,-160.159248479749,-0.160159248480,-0.073018892616,-0.091617070152,0.988661437286,13965.021563700149,415.853754708570,799.883155999999,54.545454545455,2032.116189419903,2.014554996209,-0.078814021223,-0.582397267199,87.847272727273,2,90,86,97,99839.840751520256,130,124,14089.668316840107,15223.666399999993,10770.946665860094,11723.059499999992,76.445707760108,77.005493893376,3318.721650980013,3500.606900000001,9771.900553040117,80,73,-12070.882355819933,-8984.363911639935,3086.518444179997,511.283811199998,-2178.945209499923,-7.933443741545,-1.229313610069,-0.178582837118,-306.559547139914,-17.765835071914,83.414755142338,16.707393616162,-197.789550000000,-32.850299028088,-124.646753139958,-1.248747196150,-5353.702720668767,False,False
development,6.250000000000,180.000000000000,125,48390,261,261,1343,1360.148499999981,2276.636719019765,197.743000000000,2078.893719019765,-916.488219019785,-0.916488219020,-0.482439835573,-0.606013185475,0.939435829066,14216.026680340128,458.817069894284,715.116205999997,56.321839080460,2387.565506179846,2.374513464713,-0.383858879117,-3.511449115018,95.425287356322,3,97,67,94,99083.511780980218,130,126,14089.668316840107,15223.666399999993,11588.723118740101,12592.016499999998,82.249793665399,82.713429006826,2500.945198100006,2631.649899999995,10811.013216520103,80,75,-12070.882355819933,-10831.629066159938,1239.253289659995,277.216231360003,-2935.274180039959,-45.397988529534,-1.638734553026,-0.227808445338,-662.008863899857,-38.364945414086,40.451439956624,8.102141264368,-113.022599999998,-18.771599444622,126.358363500021,-1.553792054044,-5360.550411889652,False,False
development,4.250000000000,180.000000000000,125,48390,266,266,1338,1089.044099999979,2320.193655859766,201.488000000000,2118.705655859766,-1231.149555859788,-1.231149555860,-0.626495131236,-0.769961947702,0.920945220608,14342.223304340130,435.933550954285,489.071005999998,56.015037593985,2681.554583019868,2.666895399210,-0.459117842932,-4.628381788947,93.281954887218,11,98,63,94,98768.850444140218,130,127,14089.668316840107,15223.666399999993,11713.757754740098,12725.766499999998,83.137214385236,83.591995289650,2375.910562100009,2497.899899999995,10936.047852520103,80,74,-12070.882355819933,-10053.401471559948,2017.480884259985,982.452572719997,-3249.935516879962,-60.984650162598,-1.782789848689,-0.246299053797,-955.997940739879,-55.402292646662,63.334958896623,12.685550489763,113.022600000001,18.771599444622,252.554987500023,-1.629051017859,-5397.688084987660,False,False
development,7.250000000000,150.000000000000,125,48390,275,275,1329,2184.925799999982,2398.835598479727,208.446000000000,2190.389598479727,-213.909798479746,-0.213909798480,-0.102358315938,-0.127871750996,0.984913545809,13965.021563700149,419.693079708570,828.138805999997,54.545454545455,2085.866739419900,2.067841043344,-0.102551996461,-0.777853812654,87.850909090909,2,90,86,97,99786.090201520259,130,124,14089.668316840107,15223.666399999993,10770.946665860094,11723.059499999992,76.445707760108,77.005493893376,3318.721650980013,3500.606900000001,9771.900553040117,80,73,-12070.882355819933,-9038.114461639932,3032.767894180000,483.028161200000,-2232.695759499920,-10.595962257021,-1.258653033390,-0.182330728596,-360.310097139911,-20.880803812028,79.575430142338,15.938403598917,-226.045199999998,-37.543198889244,-124.646753139958,-1.272485171389,-5415.024063168765,False,False
development,3.750000000000,180.000000000000,125,48390,267,267,1337,1100.912199999982,2328.824178479762,202.237000000000,2126.587178479762,-1227.911978479782,-1.227911978480,-0.606342196135,-0.735349393086,0.921156122394,14346.055408340129,409.680212428571,432.559705999998,55.430711610487,2697.529468639870,2.682782955344,-0.455198726373,-4.598921267715,92.074906367041,14,98,62,93,98772.088021520220,130,127,14089.668316840107,15223.666399999993,11713.757754740098,12725.766499999998,83.137214385236,83.591995289650,2375.910562100009,2497.899899999995,10936.047852520103,80,75,-12070.882355819933,-10170.357019159943,1900.525336659990,793.355051999999,-3246.697939499956,-60.824277669301,-1.762636913588,-0.246088152010,-971.972826359881,-56.328074230911,89.588297422337,17.943911072839,169.533900000001,28.157399166933,256.387091500023,-1.625131901301,-5419.143342488796,False,False
development,2.250000000000,240.000000000000,125,48390,260,260,1344,433.401599999965,2267.552095839748,196.896000000000,2070.656095839748,-1834.150495839785,-1.834150495840,-0.944401408039,-1.162215751697,0.886864203947,14377.787368400110,262.326300563075,269.721343999997,54.615384615385,2734.521792959873,2.723197841083,-0.670739030335,-7.054424983999,94.650000000000,45,101,31,83,98165.849504160215,130,127,14089.668316840107,15223.666399999993,12080.306725800099,13111.840799999994,85.738758742543,86.128009215967,2009.361591040008,2111.825599999998,10703.364904640106,80,75,-12070.882355819933,-10198.452903759942,1872.429452059991,1603.453452000002,-3852.936456859959,-90.854133685025,-2.100696125491,-0.280380070458,-1008.965150679884,-58.471865017814,236.942209287833,47.457871788988,332.372262000002,55.202755632652,288.119051560003,-1.840672205263,-5423.136252856049,False,False
development,4.500000000000,180.000000000000,125,48390,264,264,1340,1173.927099999981,2302.620150019760,199.948000000000,2102.672150019760,-1128.693050019780,-1.128693050020,-0.585680348901,-0.727776461739,0.926432385705,14213.561294340132,434.194133537141,517.326655999997,55.681818181818,2623.503192179836,2.609161356380,-0.430223623659,-4.275352462196,94.234848484848,8,97,65,94,98871.306949980222,130,126,14089.668316840107,15223.666399999993,11586.263724740100,12589.516499999998,82.232338364503,82.697007207147,2503.404592100007,2634.149899999995,10808.553822520105,80,74,-12070.882355819933,-10171.793251559942,1899.089104259991,873.930872719999,-3147.479011039954,-55.909495697573,-1.741975066354,-0.240811888699,-897.946549899847,-52.038080228614,65.074376313767,13.033943665544,84.766950000002,14.078699583467,123.892977500025,-1.600156798586,-5443.560240439077,False,False
development,6.500000000000,180.000000000000,125,48390,261,261,1343,1280.648499999981,2276.642419019767,197.743000000000,2078.899419019767,-995.993919019787,-0.995993919020,-0.520985386026,-0.651230996090,0.934525863115,14216.026680340128,464.496048465713,743.371855999998,56.321839080460,2467.071206179855,2.453584532997,-0.403715108232,-3.816068655248,95.517241379310,3,97,67,94,99004.006080980209,130,126,14089.668316840107,15223.666399999993,11588.723118740101,12592.016499999998,82.249793665399,82.713429006826,2500.945198100006,2631.649899999995,10811.013216520103,80,75,-12070.882355819933,-10911.134766159939,1159.747589659994,223.205431360003,-3014.779880039961,-49.336281223021,-1.677280103478,-0.232718411289,-741.514563899866,-42.972484688773,34.772461385195,6.964681468811,-141.278249999999,-23.464499305777,126.358363500021,-1.573648283160,-5453.697761175368,False,False
development,7.500000000000,150.000000000000,125,48390,275,275,1329,2131.175799999982,2398.836148479730,208.446000000000,2190.390148479730,-267.660348479749,-0.267660348480,-0.131208235939,-0.163209242623,0.981193962590,13965.021563700149,423.532404708570,856.394455999999,54.545454545455,2139.617289419897,2.121127090478,-0.125097301187,-0.973310358108,87.861818181818,2,90,86,97,99732.339651520248,130,124,14089.668316840107,15223.666399999993,10770.946665860094,11723.059499999992,76.445707760108,77.005493893376,3318.721650980013,3500.606900000001,9771.900553040117,80,73,-12070.882355819933,-9091.865011639935,2979.017344179998,454.772511199998,-2286.446309499923,-13.258480772498,-1.287502953392,-0.186050311814,-414.060647139908,-23.995772552143,75.736105142338,15.169413581673,-254.300850000000,-42.236098750399,-124.646753139958,-1.295030476115,-5476.345405668767,False,False
development,3.750000000000,150.000000000000,125,48390,278,278,1326,1962.530299999982,2424.844786499727,210.665000000000,2214.179786499727,-462.314486499745,-0.462314486500,-0.234039805368,-0.287863419990,0.967964167449,13968.853667700147,388.471830637142,432.559705999998,53.597122302158,2159.201398379810,2.140541956988,-0.214113647225,-1.663001749999,85.924460431655,11,90,83,94,99537.685513500255,130,124,14089.668316840107,15223.666399999993,10770.946665860094,11723.059499999992,76.445707760108,77.005493893376,3318.721650980013,3500.606900000001,9771.900553040117,80,73,-12070.882355819933,-8309.793203839932,3761.089151980001,1093.906112360001,-2481.100447519920,-22.900619254659,-1.390334522820,-0.199280106955,-433.644756099820,-25.130716979933,110.796679213766,22.191802011878,169.533900000001,28.157399166933,-120.814649139960,-1.384046822152,-5525.642536421050,False,False
development,7.750000000000,150.000000000000,125,48390,275,275,1329,2077.425799999982,2398.836698479729,208.446000000000,2190.390698479730,-321.410898479749,-0.321410898480,-0.159567716210,-0.197644355587,0.977502368115,13965.021563700149,427.371729708570,884.650105999998,54.545454545455,2193.367839419909,2.174413137612,-0.146537617951,-1.168766903563,87.869090909091,2,90,86,97,99678.589101520251,130,124,14089.668316840107,15223.666399999993,10770.946665860094,11723.059499999992,76.445707760108,77.005493893376,3318.721650980013,3500.606900000001,9771.900553040117,80,73,-12070.882355819933,-9145.615561639934,2925.266794179999,426.516861199999,-2340.196859499923,-15.920999287974,-1.315862433663,-0.189741906289,-467.811197139919,-27.110741292259,71.896780142338,14.400423564428,-282.556499999999,-46.928998611555,-124.646753139958,-1.316470792879,-5537.666748168767,False,False
development,7.000000000000,180.000000000000,125,48390,261,261,1343,1197.868499999981,2276.638575019768,197.743000000000,2078.895575019768,-1078.770075019787,-1.078770075020,-0.559449211728,-0.695313034222,0.929468165398,14216.026680340128,470.408631037141,799.883155999999,56.321839080460,2549.847362179848,2.535908178766,-0.423072412498,-4.133218678237,95.559386973180,2,97,68,94,98921.229924980216,130,126,14089.668316840107,15223.666399999993,11588.723118740101,12592.016499999998,82.249793665399,82.713429006826,2500.945198100006,2631.649899999995,10811.013216520103,80,75,-12070.882355819933,-10993.910922159939,1076.971433659994,191.419075360002,-3097.556036039961,-53.436575043084,-1.715743929181,-0.237776109006,-824.290719899858,-47.769554455814,28.859878813767,5.780432421501,-197.789550000000,-32.850299028088,126.358363500021,-1.593005587426,-5545.787479661083,False,False
development,6.750000000000,180.000000000000,125,48390,261,261,1343,1201.148499999981,2276.648119019766,197.743000000000,2078.905119019766,-1075.499619019786,-1.075499619020,-0.558734118302,-0.695032607792,0.929666954236,14216.026680340128,470.175027037141,771.627505999997,56.321839080460,2546.576906179849,2.532655601281,-0.422331489935,-4.120688195478,95.524904214559,3,97,67,94,98924.500380980215,130,126,14089.668316840107,15223.666399999993,11588.723118740101,12592.016499999998,82.249793665399,82.713429006826,2500.945198100006,2631.649899999995,10811.013216520103,80,75,-12070.882355819933,-10990.640466159939,1080.241889659994,169.194631360002,-3094.285580039960,-53.274573916508,-1.715028835755,-0.237577320169,-821.020263899860,-47.580023963458,29.093482813767,5.827221673254,-169.533899999998,-28.157399166933,126.358363500021,-1.592264664862,-5546.845110461081,False,False
development,8.000000000000,180.000000000000,125,48390,261,261,1343,1150.720299999981,2276.667148659771,197.750000000000,2078.917148659771,-1125.946848659790,-1.125946848660,-0.583315364528,-0.724125400766,0.926610038368,14216.026680340128,473.778400582856,912.905755999999,56.321839080460,2597.024135819840,2.582827052380,-0.433552708706,-4.313972600229,95.551724137931,1,97,68,95,98874.053151340209,130,126,14089.668316840107,15223.666399999993,11588.723118740101,12592.016499999998,82.249793665399,82.713429006826,2500.945198100006,2631.649899999995,10811.013216520103,80,74,-12070.882355819933,-10715.717815799944,1355.164540019989,412.503605719999,-3144.732809679964,-55.773463378495,-1.739610081981,-0.240634236037,-871.467493539851,-50.503557645513,25.490109268052,5.105491086483,-310.812150000001,-51.621898472710,126.358363500021,-1.603485883634,-5550.432232001944,False,False
development,7.250000000000,180.000000000000,125,48390,261,261,1343,1144.118499999981,2276.639125019765,197.743000000000,2078.896125019765,-1132.520625019784,-1.132520625020,-0.584104828142,-0.723405095111,0.926213171678,14216.026680340128,474.247956037141,828.138805999997,56.321839080460,2603.597912179845,2.589364892050,-0.434982921027,-4.339159482834,95.563218390805,2,97,68,94,98867.479374980219,130,126,14089.668316840107,15223.666399999993,11588.723118740101,12592.016499999998,82.249793665399,82.713429006826,2500.945198100006,2631.649899999995,10811.013216520103,80,75,-12070.882355819933,-11047.661472159936,1023.220883659997,163.163425360004,-3151.306586039958,-56.099093558560,-1.740399545595,-0.241031102727,-878.041269899855,-50.884523195929,25.020553813767,5.011442404256,-226.045199999998,-37.543198889244,126.358363500021,-1.604916095955,-5607.108822161080,False,False
development,4.000000000000,150.000000000000,125,48390,278,278,1326,1879.028399999984,2424.845894679727,210.665000000000,2214.180894679727,-545.817494679743,-0.545817494680,-0.273843683869,-0.333882466233,0.962713396355,14092.616723700148,409.345867779999,460.815355999996,53.956834532374,2216.459656559804,2.197305399301,-0.246256453649,-1.963372283021,85.967625899281,11,91,82,94,99454.182505320263,130,124,14089.668316840107,15223.666399999993,10770.946665860094,11723.059499999992,76.445707760108,77.005493893376,3318.721650980013,3500.606900000001,9771.900553040117,80,73,-12070.882355819933,-8470.293503839930,3600.588851980003,1012.889912360002,-2564.603455699918,-27.036917494905,-1.430138401322,-0.204530878049,-490.903014279815,-28.448965525187,89.922642070909,18.010877973810,141.278250000003,23.464499305778,2.948406860041,-1.416189628576,-5635.785803172475,False,False
development,7.500000000000,180.000000000000,125,48390,261,261,1343,1090.368499999981,2276.639675019768,197.743000000000,2078.896675019768,-1186.271175019787,-1.186271175020,-0.608336295332,-0.750776327997,0.922980896347,14216.026680340128,478.087281037141,856.394455999999,56.321839080460,2657.348462179842,2.642821605334,-0.446411598593,-4.545100287432,95.574712643678,2,97,68,94,98813.728824980208,130,126,14089.668316840107,15223.666399999993,11588.723118740101,12592.016499999998,82.249793665399,82.713429006826,2500.945198100006,2631.649899999995,10811.013216520103,80,75,-12070.882355819933,-11101.412022159941,969.470333659992,134.907775360002,-3205.057136039961,-58.761612074037,-1.764631012784,-0.244263378058,-931.791819899852,-53.999491936044,21.181228813767,4.242452387012,-254.300850000000,-42.236098750399,126.358363500021,-1.616344773520,-5668.430164661083,False,False
development,4.750000000000,180.000000000000,125,48390,263,263,1341,1034.452099999983,2293.943199019765,199.206000000000,2094.737199019765,-1259.491099019783,-1.259491099020,-0.649055013054,-0.802249492922,0.917937897440,14088.532650340130,437.267120037141,545.582305999999,55.513307984791,2730.568386179846,2.715641259904,-0.461256017390,-4.788939539999,94.714828897338,6,96,67,94,98740.508900980218,130,125,14089.668316840107,15223.666399999993,11461.229088740100,12455.766499999998,81.344917644665,81.818440924323,2628.439228100007,2767.899899999995,10683.519186520105,80,74,-12070.882355819933,-10190.070012559943,1880.812343259990,935.388161719999,-3278.277060039957,-62.388540605033,-1.805349730507,-0.249306376965,-1005.011743899857,-58.242755947549,62.001389813767,12.418445904446,56.511300000000,9.385799722311,-1.135666499977,-1.631189192317,-5688.637960889081,False,False
development,2.000000000000,240.000000000000,125,48390,273,273,1331,483.741199999966,2380.632884839752,206.598000000000,2174.034884839752,-1896.891684839787,-1.896891684840,-0.977959626927,-1.191285884149,0.887748935059,15001.760330960122,235.188763662856,240.727143999999,54.212454212454,3095.975371959939,3.081692642531,-0.612695986544,-6.948321189889,88.091575091575,55,105,28,85,98103.108315160207,130,127,14089.668316840107,15223.666399999993,11836.445225800100,12841.810799999994,84.007976338613,84.354257789044,2253.223091040007,2381.855599999999,9904.690434640113,80,75,-12070.882355819933,-9664.932045839956,2405.950309979977,1738.469851999998,-3915.677645859961,-93.962000997927,-2.134254344380,-0.279495339345,-1370.418729679950,-79.418936249418,264.079746188052,52.893331138972,361.366462000000,60.018319144881,912.092014120015,-1.782629161472,-5689.166893405942,False,False
development,7.750000000000,180.000000000000,125,48390,261,261,1343,1036.618499999981,2276.640225019768,197.743000000000,2078.897225019768,-1240.021725019787,-1.240021725020,-0.632143230891,-0.777437322651,0.919771102387,14216.026680340128,481.926606037141,884.650105999998,56.321839080460,2711.099012179853,2.696278318618,-0.457387103698,-4.751041092030,95.582375478927,2,97,68,94,98759.978274980211,130,126,14089.668316840107,15223.666399999993,11588.723118740101,12592.016499999998,82.249793665399,82.713429006826,2500.945198100006,2631.649899999995,10811.013216520103,80,75,-12070.882355819933,-11155.162572159941,915.719783659992,106.652125360003,-3258.807686039961,-61.424130589513,-1.788437948344,-0.247473172018,-985.542369899864,-57.114460676160,17.341903813767,3.473462369767,-282.556499999999,-46.928998611555,126.358363500021,-1.627320278626,-5729.751507161083,False,False
development,3.000000000000,180.000000000000,125,48390,269,269,1335,665.297199999977,2346.218590639747,203.756000000000,2142.462590639747,-1680.921390639773,-1.680921390640,-0.841741364587,-1.019103935809,0.894511130256,14253.663885700131,337.902265739999,347.792755999999,54.646840148699,2561.816149599865,2.547811536731,-0.656144427422,-6.248778403865,90.327137546468,23,97,58,91,98319.078609360222,130,126,14089.668316840107,15223.666399999993,11588.723118740101,12592.016499999998,82.249793665399,82.713429006826,2500.945198100006,2631.649899999995,10811.013216520103,80,75,-12070.882355819933,-10188.191407679946,1882.690948139987,1198.404252000002,-3699.707351659948,-83.263972659605,-1.998036082039,-0.272733144148,-836.259507319875,-48.463173380094,161.366244110909,32.320533125371,254.300850000000,42.236098750399,163.995568860024,-1.826077602350,-5880.288577304498,False,False
development,2.500000000000,210.000000000000,125,48390,266,266,1338,323.919299999958,2319.826840339745,201.509000000000,2118.317840339745,-1995.907540339788,-1.995907540340,-0.973118273279,-1.172840897314,0.877939179725,14355.838546940129,288.590116037142,298.715543999998,54.887218045113,2685.583154199936,2.679413121460,-0.743193349727,-7.503411805789,92.413533834586,36,102,44,84,98004.092459660213,130,125,14089.668316840107,15223.666399999993,11805.341353260090,12827.584899999985,83.787219739944,84.260811837022,2284.326963580017,2396.081500000008,10781.842777420095,80,75,-12070.882355819933,-10193.784511159949,1877.097844659984,1468.437051999997,-4014.693501359962,-98.866723807172,-2.129412990732,-0.289305094679,-960.026511919947,-55.635757667825,210.678393813766,42.197412746235,303.378062000000,50.387192120423,266.170230100022,-1.913126524655,-5899.993857633097,False,False
development,2.750000000000,210.000000000000,125,48390,260,260,1344,304.176999999959,2267.716354919741,196.987000000000,2070.729354919741,-1963.539354919783,-1.963539354920,-0.982830078455,-1.196639784955,0.876253951991,13903.952064080124,314.235390526153,322.199795999999,54.615384615385,2595.765238239779,2.586662985001,-0.756439498455,-7.552074441999,94.730769230769,28,98,47,87,98036.460645080224,130,125,14089.668316840107,15223.666399999993,11805.341353260090,12827.584899999985,83.787219739944,84.260811837022,2284.326963580017,2396.081500000008,10725.342877420097,80,75,-12070.882355819933,-10346.035491839937,1724.846863979996,1333.420652000001,-3982.325315939957,-97.263374762500,-2.139124795908,-0.290990322414,-870.208595959790,-50.430601617921,185.033119324756,37.060843148311,279.893810000000,46.486760067005,-185.716252759983,-1.926372673382,-5907.451589457596,False,False
development,1.500000000000,,125,48390,291,291,1313,361.516699999984,2537.577110699734,220.066000000000,2317.511110699733,-2176.060410699751,-2.176060410700,-1.168001638841,-1.438203367861,0.880547761170,16040.931016280134,179.271767754666,182.738743999999,50.859106529210,3372.937642559773,3.355376952695,-0.645152873045,-7.477870827147,80.752577319588,95,115,0,81,97823.939589300251,130,126,14089.668316840107,15223.666399999993,11680.703908920092,12623.086399999995,82.902618047859,82.917518476364,2408.964407920015,2600.579999999998,8639.113547440105,80,79,-12070.882355819933,-9106.596501119937,2964.285854699996,2008.502651999999,-4194.846371719925,-107.790546036891,-2.324296356293,-0.286696513234,-1647.381000279784,-95.469540663880,319.996742096242,64.093115384305,419.354862000000,69.649446169339,1951.262699440027,-1.815086047973,-6042.111878191819,False,False
development,1.500000000000,330.000000000000,125,48390,291,291,1313,339.111699999984,2537.529147699733,220.059000000000,2317.470147699733,-2198.417447699751,-2.198417447700,-1.179403517165,-1.451603620462,0.879468422239,16040.931016280134,179.271767754666,182.738743999999,50.859106529210,3395.294679559782,3.377617591163,-0.647489439115,-7.554699132989,80.697594501718,94,115,1,81,97801.582552300242,130,126,14089.668316840107,15223.666399999993,11680.703908920092,12623.086399999995,82.902618047859,82.917518476364,2408.964407920015,2600.579999999998,8639.113547440105,80,79,-12070.882355819933,-9034.001023119938,3036.881332699995,2008.502651999999,-4217.203408719925,-108.897995634406,-2.335698234617,-0.287775852166,-1669.738037279792,-96.765182687574,319.996742096242,64.093115384305,419.354862000000,69.649446169339,1951.262699440027,-1.817422614043,-6064.468915191819,False,False
development,1.500000000000,300.000000000000,125,48390,292,292,1312,348.872199999979,2546.209123799731,220.801000000000,2325.408123799731,-2197.336923799754,-2.197336923800,-1.179798330514,-1.452715084930,0.879509821648,16039.310692280134,179.271767754666,182.738743999999,50.684931506849,3394.214155659793,3.376542692847,-0.647377219889,-7.525126451369,80.301369863014,94,115,4,79,97802.663076200246,130,126,14089.668316840107,15223.666399999993,11679.083584920092,12621.466399999994,82.891117961671,82.906877150172,2410.584731920015,2602.199999999999,8637.493223440106,80,79,-12070.882355819933,-9025.272697219938,3045.609658599995,2008.502651999999,-4216.122884819928,-108.844472184131,-2.336093047966,-0.287734452756,-1668.657513379803,-96.702563827461,319.996742096242,64.093115384305,419.354862000000,69.649446169339,1949.642375440028,-1.817310394817,-6065.008715291822,False,False
development,3.250000000000,180.000000000000,125,48390,266,266,1338,502.064799999984,2320.094668799763,201.495000000000,2118.599668799763,-1818.029868799780,-1.818029868800,-0.901514670580,-1.087330529578,0.884790751489,13962.212536180132,363.697982917142,376.048405999997,54.511278195489,3080.285360959839,3.063446446109,-0.590214754724,-6.834698754886,91.988721804511,19,95,59,93,98181.970131200214,130,125,14089.668316840107,15223.666399999993,11548.873492580100,12543.427299999999,81.966964962382,82.394260163242,2540.794824260007,2680.239099999993,10771.163590360105,80,75,-12070.882355819933,-10202.072633679947,1868.809722139986,1063.387851999997,-3836.815829819954,-90.055602916966,-2.057809388033,-0.282453522915,-1354.728718679849,-78.509663808534,135.570526933766,27.153830906389,226.045200000002,37.543198889244,-127.455780659975,-1.760147929652,-6097.147820213078,False,False
development,1.750000000000,240.000000000000,125,48390,278,278,1326,372.985199999973,2424.305528279720,210.308000000000,2213.997528279720,-2051.320328279750,-2.051320328280,-1.108044729940,-1.359742194481,0.878517568474,14834.416173000114,207.012245542856,211.732943999997,51.798561151079,3409.218498119866,3.391583654443,-0.601698110406,-7.378850101726,85.010791366906,68,103,28,79,97948.679671720252,130,124,14089.668316840107,15223.666399999993,11198.064044400096,12142.510799999996,79.477130281456,79.760751982847,2891.604272440010,3081.155599999996,8695.401353240111,80,75,-12070.882355819933,-8858.868953839936,3212.013401979997,1873.486252000003,-4070.106289299924,-101.611580815786,-2.264339447393,-0.288726705930,-1683.661855839877,-97.572100189956,292.256264308052,58.536891180124,390.360662000002,64.833882657110,744.747856160007,-1.771631285334,-6440.885179185908,False,False
development,2.250000000000,210.000000000000,125,48390,269,269,1335,-222.409000000042,2346.117280479736,203.763000000000,2142.354280479736,-2568.526280479781,-2.568526280480,-1.325990144851,-1.618084260077,0.845671660307,14074.731112100118,261.896007665713,269.721343999997,53.531598513011,3256.486437739833,3.247175007897,-0.788741586857,-9.548424834497,89.657992565056,45,99,41,84,97431.473719520218,130,126,14089.668316840107,15223.666399999993,11693.984644260086,12707.584899999985,82.996876727633,83.472565452433,2395.683672580020,2516.081500000008,10252.886413420096,80,75,-12070.882355819933,-10218.387598359937,1852.494757459996,1603.453452000002,-4587.312241499955,-127.231233527194,-2.482284862303,-0.321572614097,-1530.929795459844,-88.720923900650,237.372502185195,47.544056454928,332.372262000002,55.202755632652,-14.937204739988,-1.958674761784,-6543.618972587377,False,False
development,2.000000000000,210.000000000000,125,48390,278,278,1326,-68.128000000036,2424.255553599739,210.364000000000,2213.891553599738,-2492.383553599777,-2.492383553600,-1.294613149643,-1.568364613897,0.855435700566,14748.273810320126,235.187179662856,240.727143999999,53.597122302158,3479.056100859860,3.467461181443,-0.716396482651,-8.965408466186,84.446043165468,55,104,38,81,97507.616446400221,130,126,14089.668316840107,15223.666399999993,11450.123144260087,12437.554899999985,81.266094323702,81.698814025510,2639.545172580019,2786.111500000008,9454.211943420101,80,75,-12070.882355819933,-9797.712050359949,2273.170305459984,1738.469851999998,-4511.169514619951,-123.459524770039,-2.450907867095,-0.311808573839,-1753.499458579870,-101.619350858455,264.081330188052,52.893648403123,361.366462000000,60.018319144881,658.605493480020,-1.886329657578,-6670.980051705945,False,False
development,3.000000000000,150.000000000000,125,48390,281,281,1323,847.253199999983,2451.265058799715,212.968000000000,2238.297058799715,-1604.011858799730,-1.604011858800,-0.861501752320,-1.055712189188,0.897016091351,13971.352097060149,333.939508919999,347.792755999999,53.024911032028,2804.212755819754,2.778652852190,-0.572000771151,-5.708227255515,84.227758007117,19,90,80,92,98395.988141200272,130,123,14089.668316840107,15223.666399999993,10645.912029860096,11589.309499999992,75.558287040270,76.126927610552,3443.756286980011,3634.356900000001,9646.865917040119,80,73,-12070.882355819933,-8874.173579099934,3196.708776719999,1387.014722360002,-3622.797819819904,-79.454280432442,-2.017796469772,-0.270228183053,-1078.656113539764,-62.510617565966,165.329000930909,33.114245675194,254.300850000000,42.236098750399,-118.316219779957,-1.741933946078,-6706.486661862460,False,False
development,3.250000000000,150.000000000000,125,48390,279,279,1325,830.383199999987,2433.823812159725,211.456000000000,2222.367812159725,-1603.440612159738,-1.603440612160,-0.833736522112,-1.008865869526,0.895351916270,13718.776049700145,360.906741699999,376.048405999997,52.688172043011,3059.299652039801,3.032861718738,-0.524120156419,-5.747098968314,85.326164874552,17,88,81,93,98396.559387840258,130,123,14089.668316840107,15223.666399999993,10645.912029860096,11589.309499999992,75.558287040270,76.126927610552,3443.756286980011,3634.356900000001,9646.865917040119,80,73,-12070.882355819933,-8853.267907099933,3217.614448720000,1278.493022359999,-3622.226573179912,-79.425983889320,-1.990031239565,-0.271892358134,-1333.743009759812,-77.293493420044,138.361768150909,27.712897052575,226.045200000002,37.543198889244,-370.892267139961,-1.694053331347,-6741.103371612469,False,False
development,2.750000000000,180.000000000000,125,48390,271,271,1333,46.033599999975,2363.632600639750,205.219000000000,2158.413600639750,-2317.599000639775,-2.317599000640,-1.168097428343,-1.411220136630,0.858950945620,14113.556889260130,313.632079774284,322.199795999999,53.874538745387,3147.605394519749,3.130398463014,-0.736305448159,-8.552025832619,88.734317343173,28,96,56,91,97682.400999360223,130,125,14089.668316840107,15223.666399999993,11323.707119220100,12309.516499999998,80.368869334460,80.857765643104,2765.961197620007,2914.149899999995,9977.312688520102,80,75,-12070.882355819933,-10120.094231759938,1950.788124059995,1333.420652000001,-4336.384961659949,-114.801620646728,-2.324392145796,-0.308293328784,-1422.048752239760,-82.411015517914,185.636430076624,37.181682083666,279.893810000000,46.486760067005,23.888572420023,-1.906238623087,-6742.843813841644,False,False
development,2.500000000000,180.000000000000,125,48390,277,277,1327,1.757799999977,2415.645812439753,209.734000000000,2205.911812439753,-2413.888012439777,-2.413888012440,-1.194031244305,-1.429531300627,0.857696192510,14549.031357120139,287.514254322856,293.708232000000,54.151624548736,3106.971796319733,3.094200495074,-0.776926271200,-8.714397156822,86.541516245487,35,99,55,88,97586.111987560231,130,125,14089.668316840107,15223.666399999993,11323.707119220100,12309.516499999998,80.368869334460,80.857765643104,2765.961197620007,2914.149899999995,10033.812588520101,80,75,-12070.882355819933,-9752.963550659948,2317.918805159985,1468.437051999997,-4432.673973459951,-119.571270013189,-2.350325961758,-0.309548081895,-1381.415154039743,-80.056204484512,211.754255528052,42.412900343201,308.385373999998,51.218842207735,459.363040280032,-1.946859446128,-6799.070632915931,False,False
development,1.500000000000,270.000000000000,125,48390,295,295,1309,-136.469300000027,2572.341559979722,223.041000000000,2349.300559979722,-2708.810859979750,-2.708810859980,-1.469485230986,-1.801520283069,0.853172291989,15740.097024500130,179.271767754666,182.738743999999,50.508474576271,3659.004860299785,3.643471401575,-0.740313545186,-9.182409694847,78.867796610169,94,112,13,76,97291.189140020244,130,126,14089.668316840107,15223.666399999993,11346.592717140084,12288.942899999991,80.531297557789,80.722623427954,2743.075599700023,2934.723500000002,8334.168187660098,80,76,-12070.882355819933,-8952.449031119941,3118.433324699992,2008.502651999999,-4727.596820999925,-134.180191079340,-2.625779948439,-0.314071982415,-1933.448218019796,-112.047797832073,319.996742096242,64.093115384305,419.354862000000,69.649446169339,1650.428707660023,-1.910246720113,-6908.973519251827,False,False
development,2.250000000000,180.000000000000,125,48390,281,281,1323,-129.208000000024,2450.731936239740,212.779000000000,2237.952936239740,-2579.939936239764,-2.579939936240,-1.355909314618,-1.656409193398,0.848776919508,14480.550617440131,260.622300834665,265.213931999999,53.380782918149,3413.443876979814,3.398482258163,-0.755817300422,-9.181280911885,83.982206405694,44,98,51,88,97420.060063760233,130,126,14089.668316840107,15223.666399999993,11318.169242220096,12295.356499999994,80.329564810923,80.764752569723,2771.499074620011,2928.309899999998,9610.675056520100,80,75,-12070.882355819933,-9739.739879759936,2331.142476059997,1603.453452000002,-4598.725897259938,-127.796605784598,-2.512204032070,-0.318467354897,-1687.887234699825,-97.816970671540,238.646209016243,47.799171048762,336.879674000000,55.951378762856,390.882300600024,-1.925750475349,-6930.211176971828,False,False
development,1.500000000000,240.000000000000,125,48390,300,300,1304,24.724699999979,2616.166624539721,226.954000000000,2389.212624539721,-2591.441924539743,-2.591441924540,-1.418936382909,-1.740228623110,0.857934314783,15649.711247480129,179.271767754666,182.738743999999,50.333333333333,3564.899779219806,3.547592530376,-0.726932616632,-8.638139748466,76.166666666667,93,110,21,76,97408.558075460256,130,125,14089.668316840107,15223.666399999993,10983.498028120088,11901.859399999992,77.954269618913,78.179980349543,3106.170288720019,3321.807000000001,7932.930636560105,80,75,-12070.882355819933,-8559.076354279947,3511.806001539986,2008.502651999999,-4610.227885559917,-128.366353569755,-2.575231100361,-0.309309959622,-1839.343136939817,-106.594190643866,319.996742096242,64.093115384305,419.354862000000,69.649446169339,1560.042930640022,-1.896865791560,-7154.699272831815,False,False
development,5.250000000000,120.000000000000,125,48390,296,296,1308,1218.338499999992,2582.224723459722,224.329000000000,2357.895723459721,-1363.886223459731,-1.363886223460,-0.798821149587,-1.014413122142,0.910890399429,13941.829599780143,368.801386042665,602.093605999999,52.364864864865,2595.499191459749,2.573330093304,-0.525481274642,-4.607723727904,75.722972972973,3,87,122,84,98636.113776540267,130,122,14089.668316840107,15223.666399999993,10049.421716680088,10939.433799999993,71.324757195802,71.858076185905,4040.246600160019,4284.232599999999,8593.480718280114,80,72,-12070.882355819933,-8033.255347339927,4037.627008480006,985.037510300004,-3382.672184479905,-67.559724002167,-1.955115867040,-0.256353874975,-869.942549179759,-50.415183591441,130.467123808243,26.131654857865,0.000000000000,0.000000000000,-147.838717059964,-1.695414449569,-7160.677720675802,False,False
development,5.500000000000,120.000000000000,125,48390,296,296,1308,1139.838499999992,2582.220323459720,224.329000000000,2357.891323459720,-1442.381823459729,-1.442381823460,-0.838858859943,-1.060149718325,0.906242719644,13941.829599780143,374.034426042665,630.349255999998,52.364864864865,2595.499191459749,2.575334350886,-0.555724243030,-4.872911565742,75.739864864865,3,87,122,84,98557.618176540273,130,122,14089.668316840107,15223.666399999993,10049.421716680088,10939.433799999993,71.324757195802,71.858076185905,4040.246600160019,4284.232599999999,8593.480718280114,80,72,-12070.882355819933,-8087.005897339924,3983.876458480009,956.781860300005,-3461.167784479903,-71.447981673641,-1.995153577396,-0.261001554760,-869.942549179759,-50.415183591441,125.234083808243,25.083513447632,-28.255649999999,-4.692899861155,-147.838717059964,-1.725657417958,-7247.440970675800,False,False
development,2.250000000000,150.000000000000,125,48390,293,293,1311,371.723499999976,2555.727282339715,221.991000000000,2333.736282339715,-2184.003782339739,-2.184003782340,-1.194567201700,-1.465022962200,0.868374195008,14408.516069460144,260.165829501332,265.213931999999,52.218430034130,3220.741319839784,3.197702853155,-0.678105928249,-7.453937823685,79.116040955631,39,94,71,89,97815.996217660257,130,123,14089.668316840107,15223.666399999993,10545.314078520092,11471.335399999993,74.844303225479,75.351988795551,3544.354238320015,3752.331000000000,8752.112350220112,80,73,-12070.882355819933,-8564.896526619932,3505.985829200001,1712.579822360001,-4202.789743359913,-108.184018737483,-2.350861919153,-0.298870079396,-1495.184677559795,-86.649411611560,239.102680349576,47.890599072827,336.879674000000,55.951378762856,318.847752620037,-1.848039103177,-7285.076677033139,False,False
development,1.750000000000,210.000000000000,125,48390,283,283,1321,-73.271800000030,2467.906601479714,214.074000000000,2253.832601479714,-2541.178401479745,-2.541178401480,-1.383197425895,-1.688962140185,0.852115538190,14642.360493580125,206.859749173332,211.732943999997,51.943462897527,3712.598937459785,3.698143600803,-0.684474257599,-8.979428980494,81.385159010601,68,102,38,75,97458.821598520255,130,123,14089.668316840107,15223.666399999993,10811.741962860084,11738.254899999987,76.735248266546,77.105308219313,3277.926353980023,3485.411500000006,8244.922862020101,80,75,-12070.882355819933,-8997.841825799933,3073.040530020000,1873.486252000003,-4559.964362499919,-125.876563962015,-2.539492143348,-0.315128736214,-1987.042295179795,-115.153698609065,292.408760677576,58.567435139239,390.360662000002,64.833882657110,552.692176740018,-1.854407432526,-7316.989085741154,False,False
development,2.750000000000,150.000000000000,125,48390,283,283,1321,352.843999999978,2468.622776719720,214.431000000000,2254.191776719720,-2115.778776719740,-2.115778776720,-1.133167686548,-1.380443094814,0.868305343842,13950.011882100145,312.009048802665,322.199795999999,52.296819787986,3267.828676519741,3.239588671806,-0.647457068947,-7.476250094416,83.247349823322,25,90,77,91,97884.221223280256,130,122,14089.668316840107,15223.666399999993,10510.640374020091,11436.527899999992,74.598210104475,75.123348078621,3579.027942820016,3787.138500000001,9014.715368720110,80,73,-12070.882355819933,-8925.001815579930,3145.880540240003,1495.536422360000,-4134.564737739914,-104.804512096495,-2.289462404001,-0.298938930562,-1542.272034239752,-89.378232881532,187.259461048243,37.506763866233,279.893810000000,46.486760067005,-139.656434739962,-1.817390243874,-7320.855665563808,False,False
development,5.750000000000,120.000000000000,125,48390,296,296,1308,1061.338499999992,2582.215923459721,224.329000000000,2357.886923459721,-1520.877423459730,-1.520877423460,-0.878018903162,-1.104305914747,0.901642227252,13941.829599780143,379.267466042665,658.604905999999,52.364864864865,2652.897958339745,2.632838307898,-0.573289077583,-5.138099403580,75.739864864865,3,87,122,84,98479.122576540263,130,122,14089.668316840107,15223.666399999993,10049.421716680088,10939.433799999993,71.324757195802,71.858076185905,4040.246600160019,4284.232599999999,8593.480718280114,80,72,-12070.882355819933,-8140.756447339927,3930.125908480006,928.526210300003,-3539.663384479904,-75.336239345115,-2.034313620615,-0.265602047152,-927.341316059756,-53.741574940968,120.001043808243,24.035372037399,-56.511300000000,-9.385799722311,-147.838717059964,-1.743222252511,-7334.204220675801,False,False
development,2.500000000000,150.000000000000,125,48390,289,289,1315,321.334699999977,2520.665577819716,218.946000000000,2301.719577819716,-2199.330877819739,-2.199330877820,-1.140216191720,-1.371246845000,0.867062919641,14344.818217960148,286.423092882666,293.708232000000,52.595155709343,3214.458167619683,3.191010838854,-0.684199564323,-7.610141445743,81.065743944637,31,93,76,89,97800.669122180261,130,122,14089.668316840107,15223.666399999993,10510.640374020091,11436.527899999992,74.598210104475,75.123348078621,3579.027942820016,3787.138500000001,9071.215268720111,80,73,-12070.882355819933,-8743.729657579941,3327.152698239992,1604.058122359997,-4218.116838839913,-108.943242140852,-2.296510909173,-0.300181354764,-1488.901525339694,-86.285288402495,212.845416968242,42.631452368547,308.385373999998,51.218842207735,255.149901120041,-1.854132739251,-7369.910448703808,False,False
development,5.000000000000,120.000000000000,125,48390,296,296,1308,1041.360299999990,2582.098971099723,224.294000000000,2357.804971099722,-1540.738671099733,-1.540738671100,-0.880082730164,-1.100345049173,0.899683847467,13818.090711780143,363.568346042665,573.837955999997,52.027027027027,2699.279079259766,2.678163846924,-0.570796359272,-5.205198213175,75.652027027027,3,86,122,85,98459.261328900262,130,121,14089.668316840107,15223.666399999993,9925.682828680085,10806.933799999993,70.446532916725,70.987720802920,4163.985488160022,4416.732599999999,8469.741830280112,80,71,-12070.882355819933,-7882.790178979926,4188.092176840007,1110.007778660003,-3559.524632119907,-76.320060712188,-2.036377447617,-0.267560426937,-973.722436979777,-56.429468214569,135.700163808243,27.179796268098,28.255650000002,4.692899861156,-271.577605059963,-1.740729534199,-7433.658482643807,False,False
development,2.000000000000,180.000000000000,125,48390,288,288,1316,-473.635000000022,2511.462556959742,217.868000000000,2293.594556959742,-2985.097556959766,-2.985097556960,-1.581208116247,-1.904497079211,0.833132896369,14903.973997660134,234.233476917332,236.806955999997,53.125000000000,3920.878573699854,3.902624491180,-0.761333844150,-10.364922072777,79.930555555556,55,102,47,84,97014.902443040235,130,126,14089.668316840107,15223.666399999993,11074.307742220099,12025.326499999996,78.598782406992,78.991001142800,3015.360574620008,3198.339899999997,8812.000586520107,80,75,-12070.882355819933,-9488.536123759946,2582.346232059987,1738.469851999998,-5003.883517979941,-147.865975620876,-2.737502833700,-0.334111378035,-2195.321931419865,-127.223985445020,265.035032933576,53.084668410736,365.286650000001,60.669411925295,814.305680820027,-1.931267019078,-7539.032605733161,False,False
development,6.000000000000,120.000000000000,125,48390,295,295,1309,900.333499999991,2573.460410459724,223.587000000000,2349.873410459724,-1673.126910459733,-1.673126910460,-0.943214623962,-1.170085932165,0.891995132258,13818.090711780143,381.168172642665,686.860555999998,52.203389830508,2805.147445339739,2.783936574030,-0.596448829540,-5.671616645626,75.959322033898,2,86,122,85,98326.873089540270,130,121,14089.668316840107,15223.666399999993,9925.682828680085,10806.933799999993,70.446532916725,70.987720802920,4163.985488160022,4416.732599999999,8469.741830280112,80,72,-12070.882355819933,-8194.506997339926,3876.375358480007,900.270560300005,-3691.912871479907,-82.877875255990,-2.099509341415,-0.275249142147,-1079.590803059749,-62.564784986326,118.100337208243,23.654673763324,-84.766949999999,-14.078699583466,-271.577605059963,-1.766382004468,-7616.794078975807,False,False
development,6.250000000000,120.000000000000,125,48390,295,295,1309,846.583499999991,2573.460960459721,223.587000000000,2349.873960459721,-1726.877460459730,-1.726877460460,-0.967137408953,-1.195341279174,0.888910839744,13818.090711780143,384.751542642665,715.116205999997,52.203389830508,2858.897995339736,2.837280694058,-0.604036052799,-5.853821899863,75.966101694915,2,86,122,85,98273.122539540273,130,121,14089.668316840107,15223.666399999993,9925.682828680085,10806.933799999993,70.446532916725,70.987720802920,4163.985488160022,4416.732599999999,8469.741830280112,80,72,-12070.882355819933,-8248.257547339923,3822.624808480010,872.014910300006,-3745.663421479904,-85.540393771466,-2.123432126406,-0.278333434660,-1133.341353059746,-65.679753726441,114.516967208243,22.936949747229,-113.022599999998,-18.771599444622,-271.577605059963,-1.773969227727,-7677.987443975804,False,False
development,6.500000000000,120.000000000000,125,48390,295,295,1309,792.833499999991,2573.461510459723,223.587000000000,2349.874510459723,-1780.628010459733,-1.780628010460,-0.990553885259,-1.219782766601,0.885847803133,13818.090711780143,388.334912642665,743.371855999998,52.203389830508,2912.648545339747,2.890624814086,-0.611343244041,-6.036027154101,75.969491525424,2,86,122,85,98219.371989540261,130,121,14089.668316840107,15223.666399999993,9925.682828680085,10806.933799999993,70.446532916725,70.987720802920,4163.985488160022,4416.732599999999,8469.741830280112,80,72,-12070.882355819933,-8302.008097339927,3768.874258480006,843.759260300004,-3799.413971479907,-88.202912286942,-2.146848602712,-0.281396471272,-1187.091903059758,-68.794722466557,110.933597208243,22.219225731134,-141.278249999999,-23.464499305777,-271.577605059963,-1.781276418969,-7739.180808975806,False,False
development,6.750000000000,120.000000000000,125,48390,295,295,1309,739.083499999991,2573.462060459720,223.587000000000,2349.875060459720,-1834.378560459730,-1.834378560460,-1.013466345178,-1.243428810286,0.882805803445,13818.090711780143,391.918282642665,771.627505999997,52.203389830508,2966.399095339730,2.943968934113,-0.618385625637,-6.218232408338,75.976271186441,2,86,122,85,98165.621439540264,130,121,14089.668316840107,15223.666399999993,9925.682828680085,10806.933799999993,70.446532916725,70.987720802920,4163.985488160022,4416.732599999999,8469.741830280112,80,72,-12070.882355819933,-8355.758647339924,3715.123708480009,815.503610300006,-3853.164521479905,-90.865430802419,-2.169761062631,-0.284438470959,-1240.842453059740,-71.909691206671,107.350227208243,21.501501715039,-169.533899999998,-28.157399166933,-271.577605059963,-1.788318800564,-7800.374173975804,False,False
development,8.000000000000,120.000000000000,125,48390,294,294,1310,696.555299999990,2564.789634099726,222.845000000000,2341.944634099726,-1868.234334099737,-1.868234334100,-1.034616173476,-1.270617075707,0.880900444901,13818.090711780143,400.622975442665,912.905755999999,52.380952380952,3000.254868979740,2.977568710351,-0.622691876419,-6.354538551360,76.163265306122,1,86,122,85,98131.765665900268,130,121,14089.668316840107,15223.666399999993,9925.682828680085,10806.933799999993,70.446532916725,70.987720802920,4163.985488160022,4416.732599999999,8469.741830280112,80,71,-12070.882355819933,-8389.614420979931,3681.267934840002,770.939978660000,-3887.020295119911,-92.542467115020,-2.190910890929,-0.286343829503,-1274.698226699751,-73.871711624342,98.645534408243,19.758012464616,-310.812150000001,-51.621898472710,-271.577605059963,-1.792625051347,-7847.495020343811,False,False
development,7.000000000000,120.000000000000,125,48390,295,295,1309,685.333499999991,2573.462610459724,223.587000000000,2349.875610459724,-1888.129110459733,-1.888129110460,-1.035877847545,-1.266298567291,0.879784624701,13818.090711780143,395.501652642665,799.883155999999,52.203389830508,3020.149645339741,2.997313054141,-0.625177336286,-6.400437662575,76.000000000000,2,86,122,85,98111.870889540267,130,121,14089.668316840107,15223.666399999993,9925.682828680085,10806.933799999993,70.446532916725,70.987720802920,4163.985488160022,4416.732599999999,8469.741830280112,80,72,-12070.882355819933,-8409.509197339927,3661.373158480006,787.247960300004,-3906.915071479907,-93.527949317895,-2.192172564997,-0.287459649703,-1294.593003059752,-75.024659946787,103.766857208243,20.783777698944,-197.789550000000,-32.850299028088,-271.577605059963,-1.795110511214,-7861.567538975807,False,False
development,4.500000000000,120.000000000000,125,48390,297,297,1307,705.553599999988,2590.732909639720,225.050000000000,2365.682909639720,-1885.179309639733,-1.885179309640,-1.046678066173,-1.286853106268,0.878967230225,13690.596681780142,358.800565145332,517.326655999997,51.515151515152,3017.199844519739,2.994385557976,-0.624810886512,-6.347405082962,75.562289562290,4,85,122,86,98114.820690360270,130,120,14089.668316840107,15223.666399999993,9798.188798680087,10670.683799999993,69.541656895991,70.092732720417,4291.479518160020,4552.982599999999,8342.247800280113,80,71,-12070.882355819933,-7821.638046919929,4249.244308900003,1120.170110720000,-3903.965270659907,-93.381831756303,-2.202972783625,-0.288277044180,-1291.643202239749,-74.853712164041,140.467944705576,28.134749525365,84.766950000002,14.078699583467,-399.071635059965,-1.794744061440,-7901.176794323139,False,False
development,7.250000000000,120.000000000000,125,48390,295,295,1309,631.583499999991,2573.463160459721,223.587000000000,2349.876160459721,-1941.879660459730,-1.941879660460,-1.057792159240,-1.288411773789,0.876784053866,13818.090711780143,399.085022642665,828.138805999997,52.203389830508,3073.900195339738,3.050657174168,-0.631731525768,-6.582642916813,76.003389830508,2,86,122,85,98058.120339540270,130,121,14089.668316840107,15223.666399999993,9925.682828680085,10806.933799999993,70.446532916725,70.987720802920,4163.985488160022,4416.732599999999,8469.741830280112,80,72,-12070.882355819933,-8463.259747339924,3607.622608480009,758.992310300006,-3960.665621479904,-96.190467833371,-2.214086876693,-0.290460220538,-1348.343553059749,-78.139628686902,100.183487208243,20.066053682849,-226.045199999998,-37.543198889244,-271.577605059963,-1.801664700695,-7922.760903975804,False,False
development,1.500000000000,210.000000000000,125,48390,304,304,1300,-432.815900000031,2650.979316019709,229.978000000000,2421.001316019709,-3083.795216019740,-3.083795216020,-1.691988868320,-2.057815196579,0.832468473796,15323.457949320140,179.208460769999,182.738743999999,50.000000000000,3811.240623099759,3.801523026261,-0.809131598076,-10.144063210591,73.743421052632,91,109,31,73,96916.204783980254,130,124,14089.668316840107,15223.666399999993,10681.499603460081,11590.627899999989,75.810866255052,76.135587810831,3408.168713380026,3633.038500000004,7618.798409140098,80,75,-12070.882355819933,-8656.293305919949,3414.589049899983,2008.502651999999,-5102.581177039914,-152.754936658138,-2.848283585772,-0.334775800609,-2085.683980819769,-120.870212528285,320.060049080909,64.105795331752,419.354862000000,69.649446169339,1233.789632480033,-1.979064773003,-7949.019335479486,False,False
development,4.750000000000,120.000000000000,125,48390,297,297,1307,638.633599999988,2590.811253639723,225.057000000000,2365.754253639723,-1952.177653639735,-1.952177653640,-1.075071615663,-1.316066480099,0.875202594388,13690.596681780142,365.750615145332,545.582305999999,51.515151515152,3084.198188519746,3.060877299995,-0.632961156941,-6.572988732794,75.579124579125,4,85,122,86,98047.822346360263,130,120,14089.668316840107,15223.666399999993,9798.188798680087,10670.683799999993,69.541656895991,70.092732720417,4291.479518160020,4552.982599999999,8342.247800280113,80,71,-12070.882355819933,-7901.143746919931,4169.738608900002,1066.159310720000,-3970.963614659909,-96.700576055781,-2.231366333116,-0.292041680017,-1358.641546239756,-78.736421219101,133.517894705576,26.742702988708,56.511300000000,9.385799722311,-399.071635059965,-1.802894331868,-7982.452323323141,False,False
development,7.500000000000,120.000000000000,125,48390,295,295,1309,577.833499999991,2573.463710459723,223.587000000000,2349.876710459723,-1995.630210459733,-1.995630210460,-1.079213697643,-1.309788597042,0.873803880802,13818.090711780143,402.668392642665,856.394455999999,52.203389830508,3127.650745339735,3.104001294196,-0.638060439911,-6.764848171050,76.013559322034,2,86,122,85,98004.369789540273,130,121,14089.668316840107,15223.666399999993,9925.682828680085,10806.933799999993,70.446532916725,70.987720802920,4163.985488160022,4416.732599999999,8469.741830280112,80,72,-12070.882355819933,-8517.010297339926,3553.872058480007,730.736660300004,-4014.416171479907,-98.852986348848,-2.235508415096,-0.293440393602,-1402.094103059746,-81.254597427016,96.600117208243,19.348329666754,-254.300850000000,-42.236098750399,-271.577605059963,-1.807993614839,-7983.954268975807,False,False
development,4.250000000000,120.000000000000,125,48390,297,297,1307,490.940099999990,2590.904029379727,225.064000000000,2365.840029379727,-2099.963929379737,-2.099963929380,-1.136602022177,-1.378829996826,0.868076597504,13818.090711780143,373.956571794665,489.071005999998,51.851851851852,3231.984464259760,3.207546103040,-0.649744438008,-7.070585620807,75.397306397306,7,86,120,84,97900.036070620263,130,121,14089.668316840107,15223.666399999993,9925.682828680085,10806.933799999993,70.446532916725,70.987720802920,4163.985488160022,4416.732599999999,8469.741830280112,80,71,-12070.882355819933,-7756.175154919933,4314.707200900000,1160.138102719999,-4118.749890399911,-104.021128040664,-2.292896739630,-0.299167676900,-1506.427821979771,-87.300977844999,125.311938056243,25.099107110453,113.022600000001,18.771599444622,-271.577605059963,-1.819677612935,-7988.051788987812,False,False
development,3.500000000000,120.000000000000,125,48390,299,299,1305,472.082599999993,2608.215958399720,226.548000000000,2381.667958399720,-2136.133358399728,-2.136133358400,-1.153299636772,-1.397010354973,0.866108602399,13818.090711780143,360.394458403998,404.304055999999,51.505016722408,3268.153893279770,3.243442040160,-0.653620798822,-7.144258723745,74.722408026756,11,86,119,83,97863.866641600267,130,121,14089.668316840107,15223.666399999993,9925.682828680085,10806.933799999993,70.446532916725,70.987720802920,4163.985488160022,4416.732599999999,8469.741830280112,80,72,-12070.882355819933,-7772.334268159930,4298.548087660003,1306.472084360002,-4154.919319419902,-105.812770627762,-2.309594354224,-0.301135672006,-1542.597250999781,-89.397079945260,138.874051446910,27.815503823460,197.789550000000,32.850299028088,-271.577605059963,-1.823553973750,-7988.173364984469,False,False
development,7.750000000000,120.000000000000,125,48390,295,295,1309,524.083499999991,2573.464260459723,223.587000000000,2349.877260459723,-2049.380760459733,-2.049380760460,-1.100147474346,-1.330449501179,0.870843898220,13818.090711780143,406.251762642665,884.650105999998,52.203389830508,3181.401295339747,3.157345414223,-0.644175496962,-6.947053425287,76.020338983051,2,86,122,85,97950.619239540261,130,121,14089.668316840107,15223.666399999993,9925.682828680085,10806.933799999993,70.446532916725,70.987720802920,4163.985488160022,4416.732599999999,8469.741830280112,80,72,-12070.882355819933,-8570.760847339927,3500.121508480006,702.481010300005,-4068.166721479907,-101.515504864324,-2.256442191799,-0.296400376184,-1455.844653059758,-84.369566167132,93.016747208243,18.630605650659,-282.556499999999,-46.928998611555,-271.577605059963,-1.814108671889,-8045.147633975806,False,False
development,1.750000000000,150.000000000000,125,48390,308,308,1296,20.519899999984,2686.163276979687,233.044000000000,2453.119276979687,-2665.643376979703,-2.665643376980,-1.500630693543,-1.834785445586,0.848048141548,14877.040234320148,206.511720227499,213.479837999999,50.974025974026,3872.400357839753,3.841224441548,-0.688369778601,-8.654686288895,72.272727272727,67,98,60,83,97334.356623020300,130,123,14089.668316840107,15223.666399999993,10173.168259520084,11046.960399999989,72.203035804335,72.564388300048,3916.500057320023,4176.706000000004,7318.626277220110,80,73,-12070.882355819933,-7708.978810619927,4361.903545200006,1929.623222360003,-4684.429337999877,-132.041901838501,-2.656925410996,-0.319196132857,-2146.843715559764,-124.414560667399,292.756789623409,58.637142909500,388.613768000000,64.543746043369,787.371917480041,-1.858302953528,-8068.626356036196,False,False
development,2.000000000000,150.000000000000,125,48390,300,300,1304,-280.804000000015,2616.389208759713,227.080000000000,2389.309208759713,-2897.193208759730,-2.897193208760,-1.591111800988,-1.916468921889,0.836358061132,14807.273193880144,233.834715583999,236.806955999997,51.666666666667,4048.682622259817,4.017498022061,-0.715589113563,-9.657310695866,75.623333333333,53,98,65,84,97102.806791240277,130,123,14089.668316840107,15223.666399999993,10357.621342520088,11257.485399999990,73.512172959675,73.947268051013,3732.046974320019,3966.181000000002,8009.606644220114,80,73,-12070.882355819933,-8409.603030619941,3661.279325199992,1821.101522359999,-4915.979169779904,-143.511658229269,-2.747406518440,-0.330886213273,-2323.125979979828,-134.630525771108,265.433794266909,53.164537524342,365.286650000001,60.669411925295,717.604877040038,-1.885522288490,-8151.088942494468,False,False
development,3.750000000000,120.000000000000,125,48390,299,299,1305,283.978199999992,2608.214323279725,226.548000000000,2381.666323279725,-2324.236123279734,-2.324236123280,-1.227786688325,-1.471771941978,0.856016041118,13818.090711780143,379.878067870665,432.559705999998,51.505016722408,3456.256658159749,3.430122482821,-0.672472085599,-7.773364960802,74.822742474916,11,86,119,83,97675.763876720273,130,121,14089.668316840107,15223.666399999993,9925.682828680085,10806.933799999993,70.446532916725,70.987720802920,4163.985488160022,4416.732599999999,8469.741830280112,80,72,-12070.882355819933,-7932.834568159929,4138.047787660003,1225.455884360003,-4343.022084299908,-115.130388667118,-2.384081405778,-0.311228233286,-1730.700015879760,-100.298070400806,119.390441980243,23.913072750351,169.533900000001,28.157399166933,-271.577605059963,-1.842405260527,-8202.221174597809,False,False
development,1.750000000000,180.000000000000,125,48390,294,294,1310,-561.325000000015,2563.792955599708,222.313000000000,2341.479955599708,-3125.117955599725,-3.125117955600,-1.731136599319,-2.096073959278,0.825070539908,14739.900057700132,206.859749173332,211.732943999997,51.020408163265,4144.581450859769,4.124116802275,-0.754024982414,-10.629652910203,76.809523809524,69,100,47,78,96874.882044400278,130,123,14089.668316840107,15223.666399999993,10435.926560820095,11326.026499999996,74.067936349836,74.397495336603,3653.741756020012,3897.639899999996,7602.711505120105,80,75,-12070.882355819933,-8779.664798959926,3291.217556860007,1873.486252000003,-5143.903916619899,-154.801847047741,-2.887431316772,-0.342173734496,-2419.024808579779,-140.188084778458,292.408760677576,58.567435139239,390.360662000002,64.833882657110,650.231740860025,-1.923958157342,-8276.744041901122,False,False
development,3.000000000000,120.000000000000,125,48390,304,304,1300,106.073499999987,2651.871703819709,230.328000000000,2421.543703819709,-2545.798203819724,-2.545798203820,-1.420196105339,-1.735556078986,0.847935006750,14195.715733140145,332.928286112499,347.792755999999,51.644736842105,3761.821444699744,3.733376768580,-0.676746156415,-8.374336196775,73.062500000000,19,89,114,82,97454.201796180278,130,121,14089.668316840107,15223.666399999993,9925.682828680085,10806.933799999993,70.446532916725,70.987720802920,4163.985488160022,4416.732599999999,8469.741830280112,80,72,-12070.882355819933,-8212.007527899936,3858.874827919997,1428.346454360003,-4564.584164839898,-126.105404583517,-2.576490822792,-0.319309267654,-2036.264802419755,-118.006256794284,166.340223738409,33.316786550003,254.300850000000,42.236098750399,106.047416300038,-1.846679331343,-8359.730250258715,False,False
development,1.500000000000,150.000000000000,125,48390,326,326,1278,-157.819600000017,2842.991263479691,246.652000000000,2596.339263479691,-3000.810863479707,-3.000810863480,-1.683625666412,-2.054654032567,0.838778770969,15612.189927480154,179.058546428234,184.235688000001,49.693251533742,4299.215309199717,4.265747051579,-0.697990365139,-9.204941299018,67.429447852761,88,107,50,81,96999.189136520290,130,124,14089.668316840107,15223.666399999993,10118.308621520080,10983.380399999991,71.813675055974,72.146749090613,3971.359695320027,4240.286000000002,6914.100535220107,80,73,-12070.882355819933,-7576.604294459938,4494.278061359995,2008.502651999999,-5019.596824499881,-148.644329880483,-2.839920383865,-0.328465503436,-2573.658666919728,-149.149474659907,320.209963422674,64.135822128717,417.857917999998,69.400823034151,1522.521610640048,-1.867923540067,-8429.151007708571,False,False
development,2.750000000000,120.000000000000,125,48390,306,306,1298,16.247299999984,2669.241326179709,231.791000000000,2437.450326179709,-2652.994026179726,-2.652994026180,-1.482617299044,-1.812093043785,0.843821030102,14333.889854020148,311.268787767499,322.199795999999,51.960784313725,3869.017267059797,3.839762039324,-0.685702296748,-8.669915118234,71.996732026144,24,90,112,80,97347.005973820269,130,121,14089.668316840107,15223.666399999993,9925.682828680085,10806.933799999993,70.446532916725,70.987720802920,4163.985488160022,4416.732599999999,8108.053076040107,80,72,-12070.882355819933,-8224.100912899929,3846.781442920004,1536.868154360001,-4671.779987199900,-131.415319771644,-2.638912016496,-0.323423244302,-2143.460624779807,-124.218502728930,187.999722083409,37.655032988071,279.893810000000,46.486760067005,244.221537180041,-1.855635471675,-8434.391983446218,False,False
development,1.500000000000,180.000000000000,125,48390,313,313,1291,-565.546800000012,2729.428354879715,236.698000000000,2492.730354879715,-3294.975154879729,-3.294975154880,-1.840048676395,-2.235620615385,0.823621521211,15386.301481000140,179.205009749999,182.738743999999,48.562300319489,4162.793629439780,4.147617224989,-0.791529787011,-10.527077172140,70.715654952077,90,107,40,76,96705.024845120264,130,124,14089.668316840107,15223.666399999993,10381.146290820092,11253.846500000000,73.679138907851,73.923365136272,3708.522026020015,3969.819899999993,7221.900205060105,80,75,-12070.882355819933,-8506.489993119942,3564.392362699991,2008.502651999999,-5313.761115899903,-163.215676079630,-2.996343393848,-0.343622753194,-2437.236987159791,-141.243522666370,320.063500100909,64.106486546986,419.354862000000,69.649446169339,1296.633164160034,-1.961462961938,-8460.550861469463,False,False
development,4.000000000000,120.000000000000,125,48390,298,298,1306,0.208199999993,2599.486795279724,225.806000000000,2373.680795279724,-2599.278595279732,-2.599278595280,-1.337360384829,-1.583926693716,0.841675085291,13818.090711780143,399.360502537332,460.815355999996,51.677852348993,3731.299130159736,3.703085245789,-0.696614906661,-8.722411393556,74.798657718121,11,86,118,83,97400.721404720272,130,121,14089.668316840107,15223.666399999993,9925.682828680085,10806.933799999993,70.446532916725,70.987720802920,4163.985488160022,4416.732599999999,8469.741830280112,80,72,-12070.882355819933,-8093.334868159927,3977.547487660006,1144.439684360004,-4618.064556299906,-128.754540871000,-2.493655102282,-0.325569189113,-2005.742487879746,-116.237418044391,99.908007313576,20.010876981489,141.278250000003,23.464499305778,-271.577605059963,-1.866548081588,-8503.208103931140,False,False
development,3.250000000000,120.000000000000,125,48390,301,301,1303,-118.526500000011,2625.744227179720,228.067000000000,2397.677227179720,-2744.270727179732,-2.744270727180,-1.467382517084,-1.761032980320,0.834306796329,13818.090711780143,357.692974737499,376.048405999997,51.162790697674,3876.291262059749,3.846981032662,-0.707962983597,-9.117178495614,73.946843853821,17,86,115,83,97255.729272820274,130,121,14089.668316840107,15223.666399999993,9925.682828680085,10806.933799999993,70.446532916725,70.987720802920,4163.985488160022,4416.732599999999,8469.741830280112,80,72,-12070.882355819933,-8174.358507899933,3896.523847920000,1319.824754360000,-4763.056688199907,-135.936685719418,-2.623677234537,-0.332937478076,-2150.734619779760,-124.640047569692,141.575535113409,28.356592158333,226.045200000002,37.543198889244,-271.577605059963,-1.877896158525,-8592.289457931223,False,False
development,2.500000000000,120.000000000000,125,48390,312,312,1292,-202.687000000016,2721.262918279707,236.306000000000,2484.956918279707,-2923.949918279724,-2.923949918280,-1.564566924705,-1.874510185911,0.833621787344,14650.165535880153,285.797552232499,293.706407999999,51.602564102564,4003.050549159743,3.978187691884,-0.730430426089,-9.371634353461,70.307692307692,30,92,111,79,97076.050081720270,130,121,14089.668316840107,15223.666399999993,9925.682828680085,10806.933799999993,70.446532916725,70.987720802920,4163.985488160022,4416.732599999999,8164.552976040108,80,72,-12070.882355819933,-8140.759164899941,3930.123190919992,1645.389854359999,-4942.735879299898,-144.837044378996,-2.720861642158,-0.333622487061,-2277.493906879754,-131.986041551814,213.470957618409,42.756743797472,308.387198000000,51.219145150663,560.497219040046,-1.900363601017,-8670.907917778717,False,False
development,2.250000000000,120.000000000000,125,48390,313,313,1291,-371.313100000019,2730.034491019705,237.083000000000,2492.951491019705,-3101.347591019726,-3.101347591020,-1.733330856654,-2.101537825718,0.824825253422,14602.959973880146,260.055615282498,265.212107999997,50.798722044728,4170.233242579678,4.144752773341,-0.743686842106,-9.908458757252,68.945686900958,38,92,106,77,96898.652408980270,130,121,14089.668316840107,15223.666399999993,9904.202924680085,10776.693799999994,70.294081464235,70.789082714004,4185.465392160022,4446.972599999999,7797.119880540107,80,73,-12070.882355819933,-8143.407039259931,3927.475316560001,1753.911554360003,-5120.133552039900,-153.624388662406,-2.889625574106,-0.342419020982,-2444.676600299688,-141.674665461548,239.212894568410,47.912674212088,336.881498000002,55.951681705785,513.291657040039,-1.913620017034,-8835.210186043718,False,False
development,1.500000000000,120.000000000000,125,48390,341,341,1263,-378.505400000016,2973.891569479677,258.048000000000,2715.843569479677,-3352.396969479692,-3.352396969480,-1.913842598572,-2.315799099325,0.823854566784,15679.586478900164,179.271033644443,185.845987999998,49.560117302053,4600.863129359772,4.573722989422,-0.728645229215,-9.831076156832,60.354838709677,85,102,83,71,96647.603030520302,130,124,14089.668316840107,15223.666399999993,9771.336576680082,10609.043799999996,69.351075958270,69.687836827533,4318.331740160025,4614.622599999997,6307.651016540111,80,73,-12070.882355819933,-7054.122818559941,5016.759537259992,2008.502651999999,-5371.182930499866,-166.060049663987,-3.070137316025,-0.343389707621,-2875.306487079783,-166.630663788621,319.997476206465,64.093262421462,416.247618000001,69.133372926070,1589.918162060058,-1.898578404143,-9127.815402156659,False,False
development,2.000000000000,120.000000000000,125,48390,318,318,1286,-1160.209800000016,2773.428929279704,240.765000000000,2532.663929279704,-3933.638729279720,-3.933638729280,-2.228269740343,-2.650708060789,0.789192647418,14726.235706300151,233.135526859999,236.784383999999,50.000000000000,5033.107960039706,5.000988659590,-0.781552623252,-12.369933110943,66.603773584906,50,94,99,75,96066.361270720285,130,123,14089.668316840107,15223.666399999993,9896.410848680085,10760.193799999994,70.238777990620,70.680698836123,4193.257468160022,4463.472599999999,7234.514834540112,80,73,-12070.882355819933,-7906.609435259943,4164.272920559990,1862.433254360000,-5952.424690299895,-194.851698259874,-3.384564457796,-0.378051626987,-3307.551317759717,-191.680251851335,266.132982990909,53.304580148742,365.309222000000,60.673160844030,636.567389460044,-1.951485798180,-9640.129016092462,False,False
development,1.750000000000,120.000000000000,125,48390,325,325,1279,-1161.306700000012,2834.572656139670,245.987000000000,2588.585656139670,-3995.879356139685,-3.995879356140,-2.305652933561,-2.767293838436,0.786355816055,14707.552126740153,207.031622802352,215.351887999997,49.230769230769,5141.166750899676,5.106962688839,-0.777232007781,-12.295013403507,63.996923076923,66,94,93,72,96004.120643860311,130,123,14089.668316840107,15223.666399999993,9703.034550680084,10540.743799999995,68.866309216683,69.239193260304,4386.633766160023,4682.922599999998,6481.100552540112,80,73,-12070.882355819933,-7326.898895259926,4743.983460560007,1970.954954360004,-6014.665317159859,-197.934770366662,-3.461947651014,-0.380888458350,-3415.610108619687,-197.942508807281,292.236887048556,58.533010050208,386.741718000002,64.232822628580,617.883809900046,-1.947165182709,-9860.989648923602,False,False
development,5.250000000000,90.000000000000,125,48390,333,333,1271,-483.607800000028,2905.038450599696,252.560000000000,2652.478450599696,-3388.646250599722,-3.388646250600,-2.058989482189,-2.485251380748,0.802251991163,13747.537676280124,342.590045185881,602.093605999999,48.948948948949,4097.192416559745,4.077824935382,-0.827065440447,-10.176114866666,62.513513513514,3,84,169,77,96611.353749400281,130,122,14089.668316840107,15223.666399999993,8704.052858340077,9542.669900000001,61.776137398046,62.683125400068,5385.615458500029,5680.996499999992,6568.269752940102,80,71,-12070.882355819933,-7828.753888819923,4242.128467000010,1384.502002359999,-5407.432211619896,-167.855647702607,-3.215284199642,-0.364992283241,-2371.635774279755,-137.441780592383,156.678464665027,31.381603600799,0.000000000000,0.000000000000,-342.130640559983,-1.996998615375,-10437.808037315412,False,False
development,5.250000000000,60.000000000000,125,48390,380,380,1224,428.221800000006,3314.473422599639,288.176000000000,3026.297422599639,-2886.251622599632,-2.886251622600,-1.884814789413,-2.303334098755,0.830041531302,14095.847855600156,309.428168343156,602.093605999999,48.684210526316,4206.162026299746,4.171616221932,-0.686196015406,-7.595399006841,46.418421052632,3,77,227,73,97113.748377400363,130,122,14089.668316840107,15223.666399999993,8096.636583280077,8862.423200000001,57.465061640968,58.214775384201,5993.031733560030,6361.243199999992,5575.924546340102,80,71,-12070.882355819933,-6853.674865619898,5217.207490200035,1539.394333360005,-4905.037583619806,-142.969669807942,-3.041109506866,-0.337202743103,-2480.605384019756,-143.756821609873,189.840341507752,38.023696219984,0.000000000000,0.000000000000,6.179538760049,-1.856129190334,-10495.270279753960,False,False
development,5.250000000000,75.000000000000,125,48390,353,353,1251,-194.662800000039,3079.291204039657,267.848000000000,2811.443204039656,-3273.954004039696,-3.273954004040,-2.073007730063,-2.524557056978,0.807539081163,13737.052821820143,324.264894671110,602.093605999999,47.875354107649,3905.282442919721,3.887046639015,-0.838339877305,-9.274657235240,54.872521246459,3,78,194,78,96726.045995960303,130,123,14089.668316840107,15223.666399999993,8522.785926980083,9319.481799999994,60.489613632661,61.217065292497,5566.882389860024,5904.184599999999,6335.165759640116,80,72,-12070.882355819933,-7503.385838519936,4567.496517299996,1329.791458300000,-5292.739965059871,-162.174399230775,-3.229302447516,-0.359705193241,-2179.725800639731,-126.320153580102,175.003615179798,35.052003426384,0.000000000000,0.000000000000,-352.615495019963,-2.008273052233,-10506.162255669995,False,False
development,5.500000000000,90.000000000000,125,48390,333,333,1271,-562.107800000028,2905.034050599694,252.560000000000,2652.474050599694,-3467.141850599721,-3.467141850600,-2.088009696177,-2.509164976434,0.798593877674,13747.537676280124,347.207433421175,630.349255999998,48.948948948949,4175.688016559754,4.155949485673,-0.830316306403,-10.411837389188,62.528528528529,3,84,169,77,96532.858149400272,130,122,14089.668316840107,15223.666399999993,8704.052858340077,9542.669900000001,61.776137398046,62.683125400068,5385.615458500029,5680.996499999992,6568.269752940102,80,71,-12070.882355819933,-7882.504438819921,4188.377917000012,1356.246352360000,-5485.927811619895,-171.743905374081,-3.244304413630,-0.368650396731,-2450.131374279765,-141.990782234908,152.061076429733,30.456772944711,-28.255649999999,-4.692899861155,-342.130640559983,-2.000249481330,-10524.263461433058,False,False
development,5.500000000000,60.000000000000,125,48390,380,380,1224,349.721800000006,3314.469022599638,288.176000000000,3026.293022599637,-2964.747222599630,-2.964747222600,-1.916289152364,-2.329210413344,0.826222519847,14095.847855600156,313.559515711577,630.349255999998,48.684210526316,4284.657626299755,4.249467126453,-0.691944953641,-7.801966375262,46.431578947368,3,77,227,73,97035.252777400368,130,122,14089.668316840107,15223.666399999993,8096.636583280077,8862.423200000001,57.465061640968,58.214775384201,5993.031733560030,6361.243199999992,5575.924546340102,80,71,-12070.882355819933,-6907.425415619895,5163.456940200038,1511.138683360007,-4983.533183619805,-146.857927479416,-3.072583869817,-0.341021754557,-2559.100984019766,-148.305823252397,185.708994139331,37.196216159274,-28.255649999999,-4.692899861155,6.179538760049,-1.861878128569,-10581.482683438167,False,False
development,5.500000000000,75.000000000000,125,48390,353,353,1251,-273.162800000039,3079.286804039655,267.848000000000,2811.438804039655,-3352.449604039695,-3.352449604040,-2.102637199730,-2.547993058721,0.803829888051,13737.052821820143,328.625761337776,630.349255999998,47.875354107649,3983.778042919730,3.965175702051,-0.841525197419,-9.497024374050,54.886685552408,3,78,194,78,96647.550395960308,130,123,14089.668316840107,15223.666399999993,8522.785926980083,9319.481799999994,60.489613632661,61.217065292497,5566.882389860024,5904.184599999999,6335.165759640116,80,72,-12070.882355819933,-7557.136388519933,4513.745967299999,1301.535808300001,-5371.235565059869,-166.062656902249,-3.258931917183,-0.363414386354,-2258.221400639741,-130.869155222626,170.642748513132,34.178552251190,-28.255649999999,-4.692899861155,-352.615495019963,-2.011458372346,-10592.489419003326,False,False
development,5.750000000000,90.000000000000,125,48390,333,333,1271,-640.607800000028,2905.029650599695,252.560000000000,2652.469650599695,-3545.637450599722,-3.545637450600,-2.115932682692,-2.531587563622,0.794968973333,13747.537676280124,351.824821656470,658.604905999999,48.948948948949,4254.183616559763,4.234074035963,-0.833447206368,-10.647559911711,62.528528528529,3,84,169,77,96454.362549400277,130,122,14089.668316840107,15223.666399999993,8704.052858340077,9542.669900000001,61.776137398046,62.683125400068,5385.615458500029,5680.996499999992,6568.269752940102,80,71,-12070.882355819933,-7936.254988819925,4134.627367000008,1327.990702359999,-5564.423411619897,-175.632163045555,-3.272227400145,-0.372275301072,-2528.626974279774,-146.539783877432,147.443688194438,29.531942288623,-56.511300000000,-9.385799722311,-342.130640559983,-2.003380381296,-10610.718885550708,False,False
development,5.750000000000,60.000000000000,125,48390,380,380,1224,271.221800000006,3314.464622599639,288.176000000000,3026.288622599639,-3043.242822599632,-3.043242822600,-1.946535009473,-2.353435154113,0.822438489898,14095.847855600156,317.690863079998,658.604905999999,48.684210526316,4363.153226299750,4.327318030974,-0.697487038561,-8.008533743683,46.431578947368,3,77,227,73,96956.757177400374,130,122,14089.668316840107,15223.666399999993,8096.636583280077,8862.423200000001,57.465061640968,58.214775384201,5993.031733560030,6361.243199999992,5575.924546340102,80,71,-12070.882355819933,-6961.175965619897,5109.706390200035,1482.883033360005,-5062.028783619806,-150.746185150889,-3.102829726926,-0.344805784507,-2637.596584019760,-152.854824894921,181.577646770910,36.368736098564,-56.511300000000,-9.385799722311,6.179538760049,-1.867420213489,-10667.695087122382,False,False
development,5.750000000000,75.000000000000,125,48390,353,353,1251,-351.662800000039,3079.282404039656,267.848000000000,2811.434404039656,-3430.945204039696,-3.430945204040,-2.131078966585,-2.569828487433,0.800154613318,13737.052821820143,332.986628004443,658.604905999999,47.875354107649,4062.273642919725,4.043304765087,-0.844587417202,-9.719391512860,54.886685552408,3,78,194,78,96569.054795960299,130,123,14089.668316840107,15223.666399999993,8522.785926980083,9319.481799999994,60.489613632661,61.217065292497,5566.882389860024,5904.184599999999,6335.165759640116,80,72,-12070.882355819933,-7610.886938519937,4459.995417299996,1273.280158300000,-5449.731165059870,-169.950914573722,-3.287373684038,-0.367089661087,-2336.717000639735,-135.418156865150,166.281881846465,33.305101075996,-56.511300000000,-9.385799722311,-352.615495019963,-2.014520592129,-10678.816582336662,False,False
development,5.000000000000,75.000000000000,125,48390,354,354,1250,-272.752800000040,3087.905650039657,268.555000000000,2819.350650039657,-3360.658450039697,-3.360658450040,-2.101280943648,-2.542567564712,0.802276856173,13636.130013820140,319.904028004443,573.837955999997,47.740112994350,3991.986888919739,3.973346216661,-0.841851074052,-9.493385452090,54.870056497175,3,77,195,79,96639.341549960300,130,122,14089.668316840107,15223.666399999993,8399.047038980083,9186.981799999994,59.611389353584,60.346709909513,5690.621277860024,6036.684599999999,6211.426871640115,80,72,-12070.882355819933,-7449.635288519934,4621.247067299999,1358.047108300002,-5379.444411059872,-166.469279801283,-3.257575661101,-0.364967418232,-2266.430246639749,-131.344876841893,179.364481846465,35.925454601578,28.255650000002,4.692899861156,-453.538303019966,-2.011784248980,-10708.774026336661,False,False
development,5.000000000000,60.000000000000,125,48390,381,381,1223,311.292300000006,3323.080100699640,288.883000000000,3034.197100699640,-3011.787800699632,-3.011787800700,-1.926129613611,-2.329122323747,0.822668034210,13972.108967600156,298.906696325998,573.837955999997,48.293963254593,4331.698204399770,4.296121353623,-0.695290313079,-7.904954857479,46.398950131234,3,76,228,74,96988.212199300368,130,121,14089.668316840107,15223.666399999993,7972.897695280076,8729.923200000001,56.586837361890,57.344420001216,6116.770621560031,6493.743199999992,5452.185658340101,80,71,-12070.882355819933,-6799.924315619895,5270.958040200038,1567.649983360007,-5030.573761719806,-149.188069406707,-3.082424331063,-0.344576240195,-2606.141562119781,-151.031933595426,200.361813524910,40.131073675114,28.255650000002,4.692899861156,-117.559349239951,-1.865223488006,-10733.633479845381,False,False
development,5.000000000000,90.000000000000,125,48390,333,333,1271,-709.256000000030,2904.902964239698,252.525000000000,2652.377964239698,-3614.158964239727,-3.614158964240,-2.121878393992,-2.520788952732,0.790337172412,13623.798788280126,337.972656950587,573.837955999997,48.648648648649,4322.705130199771,4.302271647528,-0.836087323882,-10.853330222942,62.450450450450,3,83,169,78,96385.841035760270,130,121,14089.668316840107,15223.666399999993,8580.313970340076,9410.169900000001,60.897913118968,61.812770017083,5509.354346500031,5813.496499999992,6444.530864940101,80,70,-12070.882355819933,-7717.500876459923,4353.381479360010,1470.260114719999,-5632.944925259901,-179.026357128685,-3.278173111445,-0.376907101993,-2597.148487919781,-150.510764137429,161.295852900321,32.306434256887,28.255650000002,4.692899861156,-465.869528559981,-2.006020498810,-10767.599322365772,False,False
development,4.500000000000,75.000000000000,125,48390,354,354,1250,-437.534800000043,3087.872805639654,268.555000000000,2819.317805639653,-3525.407605639698,-3.525407605640,-2.160228108099,-2.588300987555,0.794575073411,13636.130013820140,316.515776259999,517.326655999997,47.740112994350,4156.736044519712,4.137326072386,-0.848119189643,-9.958778547005,54.867231638418,3,77,195,79,96474.592394360297,130,121,14089.668316840107,15223.666399999993,8399.047038980083,9186.981799999994,59.611389353584,60.346709909513,5690.621277860024,6036.684599999999,6222.880046640111,80,72,-12070.882355819933,-7342.134188519934,4728.748167299998,1414.558408300002,-5544.193566659872,-174.630083312951,-3.316522825552,-0.372669200994,-2431.179402239723,-140.892471604258,182.752733590909,36.604097792085,84.766950000002,14.078699583467,-453.538303019966,-2.018052364571,-10860.526796064441,False,False
development,6.000000000000,90.000000000000,125,48390,332,332,1272,-801.612800000029,2896.274137599697,251.818000000000,2644.456137599697,-3697.886937599725,-3.697886937600,-2.153894952853,-2.549583151446,0.786516913185,13623.798788280126,353.501915715293,686.860555999998,48.795180722892,4406.433103559757,4.385603837683,-0.839201878411,-11.138213667469,62.683734939759,2,83,169,78,96302.113062400269,130,121,14089.668316840107,15223.666399999993,8580.313970340076,9410.169900000001,60.897913118968,61.812770017083,5509.354346500031,5813.496499999992,6444.530864940101,80,71,-12070.882355819933,-7990.005538819923,4080.876817000009,1299.735052360000,-5716.672898619899,-183.173798956430,-3.310189670306,-0.380727361219,-2680.876461279768,-155.362993922790,145.766594135615,29.196032046793,-84.766949999999,-14.078699583466,-465.869528559981,-2.009135053339,-10893.196937580122,False,False
development,4.750000000000,75.000000000000,125,48390,354,354,1250,-478.704800000043,3087.945999639657,268.562000000000,2819.383999639657,-3566.650799639701,-3.566650799640,-2.169372196063,-2.590571332332,0.792670101519,13636.130013820140,320.876642926665,545.582305999999,47.740112994350,4197.979238519722,4.178376680367,-0.849611347982,-10.075284744745,54.867231638418,3,77,195,79,96433.349200360302,130,121,14089.668316840107,15223.666399999993,8399.047038980083,9186.981799999994,59.611389353584,60.346709909513,5690.621277860024,6036.684599999999,6222.880046640111,80,72,-12070.882355819933,-7395.884738519937,4674.997617299996,1386.302758300001,-5585.436760659875,-176.673053434418,-3.325666913516,-0.374574172885,-2472.422596239732,-143.282610124748,178.391866924243,35.730646616890,56.511300000000,9.385799722311,-453.538303019966,-2.019544522910,-10909.601553397777,False,False
development,4.500000000000,60.000000000000,125,48390,382,382,1222,128.385300000006,3331.778511299633,289.646000000000,3042.132511299633,-3203.393211299627,-3.203393211300,-2.000826379948,-2.391963676122,0.813490564763,13972.108967600156,297.749630155998,517.326655999997,48.167539267016,4523.303614999750,4.486153081852,-0.708197698840,-8.385846102879,46.431937172775,3,76,229,74,96796.606788700374,130,121,14089.668316840107,15223.666399999993,7972.897695280076,8729.923200000001,56.586837361890,57.344420001216,6116.770621560031,6493.743199999992,5452.185658340101,80,71,-12070.882355819933,-6692.423215619894,5378.459140200039,1624.161283360007,-5222.179172319801,-158.679190025713,-3.157121097401,-0.353753709641,-2797.746972719760,-162.135910474841,201.518879694910,40.362825958138,84.766950000002,14.078699583467,-117.559349239951,-1.878130873768,-10913.358097360375,False,False
development,4.500000000000,90.000000000000,125,48390,333,333,1271,-889.814000000032,2904.865209039694,252.525000000000,2652.340209039694,-3794.679209039724,-3.794679209040,-2.188134456639,-2.578654597235,0.782037375319,13615.090996280123,333.177080562352,517.326655999997,48.348348348348,4503.225374999747,4.481938570812,-0.842658071281,-11.395433060179,62.447447447447,3,83,169,78,96205.320790960279,130,120,14089.668316840107,15223.666399999993,8571.606178340073,9392.729899999998,60.836110443389,61.698211542523,5518.062138500034,5830.936499999994,6435.823072940099,80,70,-12070.882355819933,-7609.999776459923,4460.882579360010,1526.771414719999,-5813.465170059899,-187.968377148914,-3.344429174091,-0.385206899085,-2777.668732719758,-160.972330009962,166.091429288556,33.266954757101,84.766950000002,14.078699583467,-474.577320559983,-2.012591246208,-10943.127310971655,False,False
development,2.750000000000,90.000000000000,125,48390,342,342,1262,-849.565300000029,2983.415543859681,259.259000000000,2724.156543859681,-3832.980843859708,-3.832980843860,-2.251452640295,-2.669494682263,0.787472911805,14202.277044520133,306.352717251110,319.537105999997,48.830409356725,4541.527009819809,4.520059153313,-0.843985037537,-11.207546327075,60.309941520468,20,87,160,75,96167.019156140290,130,121,14089.668316840107,15223.666399999993,8580.313970340076,9410.169900000001,60.897913118968,61.812770017083,5509.354346500031,5813.496499999992,6343.699502700098,80,71,-12070.882355819933,-7806.301480799924,4264.580875020009,1576.080310360001,-5851.766804879882,-189.865637956128,-3.407747357748,-0.379771362599,-2815.970367539820,-163.191998369816,192.915792599798,38.639687621678,282.556500000002,46.928998611555,112.608727680026,-2.013918212465,-10949.447193008014,False,False
development,6.000000000000,60.000000000000,125,48390,379,379,1225,110.216800000006,3305.709109599641,287.434000000000,3018.275109599640,-3195.492309599635,-3.195492309600,-1.987229938146,-2.371553549310,0.813864950729,13972.108967600156,319.191420922104,686.860555999998,48.548812664908,4515.402713299758,4.478317071377,-0.707687112865,-8.431378125593,46.525065963061,2,76,227,74,96804.507690400365,130,121,14089.668316840107,15223.666399999993,7972.897695280076,8729.923200000001,56.586837361890,57.344420001216,6116.770621560031,6493.743199999992,5452.185658340101,80,71,-12070.882355819933,-7014.926515619897,5055.955840200036,1454.627383360006,-5214.278270619809,-158.287821061764,-3.143524655598,-0.353379323676,-2789.846071019769,-161.678034940280,180.077088928805,36.068184829558,-84.766949999999,-14.078699583466,-117.559349239951,-1.877620287793,-10950.084871043437,False,False
development,6.250000000000,90.000000000000,125,48390,332,332,1272,-855.362800000029,2896.274687599695,251.818000000000,2644.456687599694,-3751.637487599722,-3.751637487600,-2.169079169608,-2.559432067692,0.784083839506,13623.798788280126,356.663712774117,715.116205999997,48.795180722892,4460.183653559754,4.439100308142,-0.841139688184,-11.300112914457,62.689759036145,2,83,169,78,96248.362512400272,130,121,14089.668316840107,15223.666399999993,8580.313970340076,9410.169900000001,60.897913118968,61.812770017083,5509.354346500031,5813.496499999992,6444.530864940101,80,71,-12070.882355819933,-8043.756088819921,4027.126267000011,1271.479402360002,-5770.423448619896,-185.836317471906,-3.325373887061,-0.383160434899,-2734.627011279765,-158.477962662905,142.604797076792,28.562746150238,-113.022599999998,-18.771599444622,-465.869528559981,-2.011072863112,-10954.179516109531,False,False
development,6.000000000000,75.000000000000,125,48390,352,352,1252,-512.667800000040,3070.526891039659,267.106000000000,2803.420891039659,-3583.194691039699,-3.583194691040,-2.164055305120,-2.576324794654,0.791632431373,13613.313933820144,334.570550171110,686.860555999998,47.727272727273,4214.523129919733,4.194843319695,-0.850201690816,-10.179530372272,55.011363636364,2,77,194,79,96416.805308960305,130,122,14089.668316840107,15223.666399999993,8399.047038980083,9186.981799999994,59.611389353584,60.346709909513,5690.621277860024,6036.684599999999,6211.426871640115,80,72,-12070.882355819933,-7664.637488519937,4406.244867299996,1245.024508300001,-5601.980652059873,-177.492550484598,-3.320350022573,-0.375611843032,-2488.966487639744,-144.241366910509,164.697959679798,32.987852514267,-84.766949999999,-14.078699583466,-476.354383019963,-2.020134865743,-10961.248048419999,False,False
development,4.750000000000,60.000000000000,125,48390,382,382,1222,87.215300000006,3331.851705299637,289.653000000000,3042.198705299637,-3244.636405299630,-3.244636405300,-2.011514089812,-2.396775266033,0.811541825413,13972.108967600156,301.674410155998,545.582305999999,48.167539267016,4564.546808999759,4.527057539660,-0.710834293320,-8.493812579318,46.431937172775,3,76,229,74,96755.363594700364,130,121,14089.668316840107,15223.666399999993,7972.897695280076,8729.923200000001,56.586837361890,57.344420001216,6116.770621560031,6493.743199999992,5452.185658340101,80,71,-12070.882355819933,-6746.173765619897,5324.708590200036,1595.905633360006,-5263.422366319804,-160.722160147180,-3.167808807265,-0.355702448991,-2838.990166719770,-164.526048995331,197.594099694910,39.576719900463,56.511300000000,9.385799722311,-117.559349239951,-1.880767468247,-10962.214811360380,False,False
development,4.750000000000,90.000000000000,125,48390,333,333,1271,-930.984000000032,2904.938403039697,252.532000000000,2652.406403039697,-3835.922403039728,-3.835922403040,-2.197170985322,-2.582256863420,0.780189131985,13615.090996280123,337.794468797646,545.582305999999,48.348348348348,4544.468568999757,4.522986807705,-0.844086023437,-11.519286495615,62.447447447447,3,83,169,78,96164.077596960269,130,120,14089.668316840107,15223.666399999993,8571.606178340073,9392.729899999998,60.836110443389,61.698211542523,5518.062138500034,5830.936499999994,6435.823072940099,80,70,-12070.882355819933,-7663.750326459926,4407.132029360007,1498.515764719997,-5854.708364059902,-190.011347270380,-3.353465702775,-0.387055142419,-2818.911926719768,-163.362468530452,161.474041053262,32.342124101014,56.511300000000,9.385799722311,-474.577320559983,-2.014019198364,-10992.330329089305,False,False
development,6.250000000000,60.000000000000,125,48390,379,379,1225,56.466800000006,3305.709659599638,287.434000000000,3018.275659599637,-3249.242859599632,-3.249242859600,-2.003628431483,-2.382129650415,0.811324750101,13972.108967600156,322.020397237893,715.116205999997,48.548812664908,4569.153263299755,4.531626160498,-0.711125819678,-8.573200157255,46.530343007916,2,76,227,74,96750.757140400368,130,121,14089.668316840107,15223.666399999993,7972.897695280076,8729.923200000001,56.586837361890,57.344420001216,6116.770621560031,6493.743199999992,5452.185658340101,80,71,-12070.882355819933,-7068.677065619894,5002.205290200039,1426.371733360008,-5268.028820619806,-160.950339577241,-3.159923148935,-0.355919524304,-2843.596621019766,-164.793003680395,177.248112613015,35.501560606325,-113.022599999998,-18.771599444622,-117.559349239951,-1.881058994606,-11010.901039201328,False,False
development,6.500000000000,90.000000000000,125,48390,332,332,1272,-909.112800000029,2896.275237599697,251.818000000000,2644.457237599697,-3805.388037599725,-3.805388037600,-2.183655315076,-2.568533046310,0.781665772728,13623.798788280126,359.825509832940,743.371855999998,48.795180722892,4513.934203559766,4.492596778602,-0.843031348264,-11.462012161445,62.692771084337,2,83,169,78,96194.611962400275,130,121,14089.668316840107,15223.666399999993,8580.313970340076,9410.169900000001,60.897913118968,61.812770017083,5509.354346500031,5813.496499999992,6444.530864940101,80,71,-12070.882355819933,-8097.506638819924,3973.375717000009,1243.223752360000,-5824.173998619899,-188.498835987383,-3.339950032529,-0.385578501676,-2788.377561279776,-161.592931403021,139.443000017968,27.929460253684,-141.278249999999,-23.464499305777,-465.869528559981,-2.012964523191,-11015.162094638947,False,False
development,6.250000000000,75.000000000000,125,48390,352,352,1252,-566.417800000040,3070.527441039656,267.106000000000,2803.421441039656,-3636.945241039696,-3.636945241040,-2.178407781613,-2.583971920343,0.789165762429,13613.313933820144,337.556691837776,715.116205999997,47.727272727273,4268.273679919730,4.248342880297,-0.852088107225,-10.332230798408,55.017045454545,2,77,194,79,96363.054758960308,130,122,14089.668316840107,15223.666399999993,8399.047038980083,9186.981799999994,59.611389353584,60.346709909513,5690.621277860024,6036.684599999999,6211.426871640115,80,72,-12070.882355819933,-7718.388038519934,4352.494317299999,1216.768858300002,-5655.731202059870,-180.155069000074,-3.334702499066,-0.378078511976,-2542.717037639741,-147.356335650624,161.711818013132,32.389749167522,-113.022599999998,-18.771599444622,-476.354383019963,-2.022021282152,-11022.142799253328,False,False
development,8.000000000000,90.000000000000,125,48390,332,332,1272,-926.632800000030,2896.339533599697,251.818000000000,2644.521533599697,-3822.972333599727,-3.822972333600,-2.197379759294,-2.586043420372,0.780877945444,13623.798788280126,360.859880185882,912.905755999999,48.795180722892,4531.518499559752,4.510097953409,-0.843640456057,-11.514976908433,62.906626506024,1,83,170,78,96177.027666400274,130,121,14089.668316840107,15223.666399999993,8580.313970340076,9410.169900000001,60.897913118968,61.812770017083,5509.354346500031,5813.496499999992,6444.530864940101,80,71,-12070.882355819933,-8115.090934819926,3955.791421000007,1073.689852359999,-5841.758294619901,-189.369869189492,-3.353674476747,-0.386366328961,-2805.961857279763,-162.611982042631,138.408629665027,27.722283086982,-310.812150000001,-51.621898472710,-465.869528559981,-2.013573630985,-11067.170355815419,False,False
development,6.500000000000,60.000000000000,125,48390,379,379,1225,2.716800000006,3305.710209599640,287.434000000000,3018.276209599640,-3302.993409599635,-3.302993409600,-2.019367652828,-2.391919166614,0.808800356867,13972.108967600156,324.849373553682,743.371855999998,48.548812664908,4622.903813299767,4.584935249619,-0.714484562732,-8.715022188917,46.532981530343,2,76,227,74,96697.006590400371,130,121,14089.668316840107,15223.666399999993,7972.897695280076,8729.923200000001,56.586837361890,57.344420001216,6116.770621560031,6493.743199999992,5452.185658340101,80,71,-12070.882355819933,-7122.427615619898,4948.454740200035,1398.116083360006,-5321.779370619809,-163.612858092717,-3.175662370281,-0.358443917537,-2897.347171019777,-167.907972420511,174.419136297226,34.934936383092,-141.278249999999,-23.464499305777,-117.559349239951,-1.884417737660,-11071.717207359226,False,False
development,6.750000000000,90.000000000000,125,48390,332,332,1272,-962.862800000029,2896.275787599694,251.818000000000,2644.457787599694,-3859.138587599722,-3.859138587600,-2.197638288029,-2.576921400962,0.779262574439,13623.798788280126,362.987306891764,771.627505999997,48.795180722892,4567.684753559748,4.546093249062,-0.844878487858,-11.623911408433,62.698795180723,2,83,169,78,96140.861412400278,130,121,14089.668316840107,15223.666399999993,8580.313970340076,9410.169900000001,60.897913118968,61.812770017083,5509.354346500031,5813.496499999992,6444.530864940101,80,71,-12070.882355819933,-8151.257188819921,3919.625167000012,1214.968102360001,-5877.924548619896,-191.161354502859,-3.353933005482,-0.387981699966,-2842.128111279759,-164.707900143135,136.281202959144,27.296174357129,-169.533899999998,-28.157399166933,-465.869528559981,-2.014811662786,-11076.144673168354,False,False
development,8.000000000000,75.000000000000,125,48390,352,352,1252,-581.587800000041,3070.603507039659,267.106000000000,2803.497507039659,-3652.191307039700,-3.652191307040,-2.193701592132,-2.604941886236,0.788468900499,13613.313933820144,338.403695504443,912.905755999999,47.727272727273,4283.519745919737,4.263517754450,-0.852614560845,-10.375543485908,55.178977272727,1,77,195,79,96347.808692960301,130,122,14089.668316840107,15223.666399999993,8399.047038980083,9186.981799999994,59.611389353584,60.346709909513,5690.621277860024,6036.684599999999,6211.426871640115,80,72,-12070.882355819933,-7733.634104519939,4337.248251299994,1018.979308300000,-5670.977268059874,-180.910278630732,-3.349996309585,-0.378775373905,-2557.963103639748,-148.239880451556,160.864814346465,32.220100241151,-310.812150000001,-51.621898472710,-476.354383019963,-2.022547735773,-11077.370277086666,False,False
development,6.500000000000,75.000000000000,125,48390,352,352,1252,-620.167800000040,3070.527991039658,267.106000000000,2803.421991039658,-3690.695791039699,-3.690695791040,-2.192130638490,-2.590897897775,0.786714417657,13613.313933820144,340.542833504443,743.371855999998,47.727272727273,4322.024229919742,4.301842440899,-0.853927603064,-10.484931224545,55.019886363636,2,77,194,79,96309.304208960297,130,122,14089.668316840107,15223.666399999993,8399.047038980083,9186.981799999994,59.611389353584,60.346709909513,5690.621277860024,6036.684599999999,6211.426871640115,80,72,-12070.882355819933,-7772.138588519936,4298.743767299997,1188.513208300001,-5709.481752059874,-182.817587515550,-3.348425355943,-0.380529856748,-2596.467587639752,-150.471304390740,158.725676346465,31.791645820776,-141.278249999999,-23.464499305777,-476.354383019963,-2.023860777992,-11083.037550086665,False,False
development,8.000000000000,60.000000000000,125,48390,379,379,1225,21.916800000005,3305.781849599642,287.434000000000,3018.347849599642,-3283.865049599637,-3.283865049600,-2.024590339682,-2.406384717055,0.809696917350,13972.108967600156,323.842617764209,912.905755999999,48.548812664908,4603.775453299764,4.565963993549,-0.713298266371,-8.664551582057,46.641160949868,1,76,228,74,96716.134950400359,130,121,14089.668316840107,15223.666399999993,7972.897695280076,8729.923200000001,56.586837361890,57.344420001216,6116.770621560031,6493.743199999992,5452.185658340101,80,71,-12070.882355819933,-7103.299255619900,4967.583100200033,1228.582183360005,-5302.651010619811,-162.665340110656,-3.180885057135,-0.357547357054,-2878.218811019775,-166.799439699456,175.425892086699,35.136582545349,-310.812150000001,-51.621898472710,-117.559349239951,-1.883231441299,-11085.992249464492,False,False
development,2.750000000000,60.000000000000,125,48390,384,384,1220,-85.993099999996,3349.342391899637,291.158000000000,3058.184391899637,-3435.335491899633,-3.435335491900,-2.170527164706,-2.600754709928,0.804045381767,14095.945591840155,285.459359319999,319.537105999997,48.177083333333,4820.983845599781,4.781388422563,-0.712579755901,-8.946186176822,45.559895833333,15,77,220,72,96564.664508100366,130,121,14089.668316840107,15223.666399999993,7972.897695280076,8729.923200000001,56.586837361890,57.344420001216,6116.770621560031,6493.743199999992,5379.920008100099,80,71,-12070.882355819933,-6559.601150639897,5511.281205180036,1824.701383360004,-5454.121452919807,-170.168386259414,-3.326821882158,-0.363198892637,-3095.427203319792,-179.387168608373,213.809150530910,42.824481478865,282.556500000002,46.928998611555,6.277275000048,-1.882512930829,-11099.047222542384,False,False
development,6.750000000000,60.000000000000,125,48390,379,379,1225,-51.033199999994,3305.710759599637,287.434000000000,3018.276759599637,-3356.743959599632,-3.356743959600,-2.034465611659,-2.400963749187,0.806291623935,13972.108967600156,327.678349869472,771.627505999997,48.548812664908,4676.654363299749,4.638244338740,-0.717766099189,-8.856844220580,46.538258575198,2,76,227,74,96643.256040400374,130,121,14089.668316840107,15223.666399999993,7972.897695280076,8729.923200000001,56.586837361890,57.344420001216,6116.770621560031,6493.743199999992,5452.185658340101,80,71,-12070.882355819933,-7176.178165619895,4894.704190200038,1369.860433360007,-5375.529920619806,-166.275376608193,-3.190760329112,-0.360952650470,-2951.097721019760,-171.022941160625,171.590159981436,34.368312159859,-169.533899999998,-28.157399166933,-117.559349239951,-1.887699274116,-11132.533375517116,False,False
development,7.000000000000,90.000000000000,125,48390,332,332,1272,-1016.612800000029,2896.276337599697,251.818000000000,2644.458337599697,-3912.889137599725,-3.912889137600,-2.211043282518,-2.584631615382,0.776874107919,13623.798788280126,366.149103950587,799.883155999999,48.795180722892,4621.435303559760,4.599589719522,-0.846682660382,-11.785810655421,62.719879518072,2,83,169,78,96087.110862400281,130,121,14089.668316840107,15223.666399999993,8580.313970340076,9410.169900000001,60.897913118968,61.812770017083,5509.354346500031,5813.496499999992,6444.530864940101,80,71,-12070.882355819933,-8205.007738819924,3865.874617000009,1186.712452360000,-5931.675098619899,-193.823873018335,-3.367337999971,-0.390370166485,-2895.878661279770,-167.822868883251,133.119405900321,26.662888460575,-197.789550000000,-32.850299028088,-465.869528559981,-2.016615835309,-11137.127251697770,False,False
development,6.750000000000,75.000000000000,125,48390,352,352,1252,-673.917800000040,3070.528541039655,267.106000000000,2803.422541039655,-3744.446341039696,-3.744446341040,-2.205242322930,-2.597143317385,0.784278254697,13613.313933820144,343.528975171110,771.627505999997,47.727272727273,4375.774779919724,4.355342001501,-0.855721907403,-10.637631650681,55.025568181818,2,77,194,79,96255.553658960300,130,122,14089.668316840107,15223.666399999993,8399.047038980083,9186.981799999994,59.611389353584,60.346709909513,5690.621277860024,6036.684599999999,6211.426871640115,80,72,-12070.882355819933,-7825.889138519933,4244.993217300000,1160.257558300002,-5763.232302059871,-185.480106031026,-3.361537040383,-0.382966019707,-2650.218137639735,-153.586273130854,155.739534679798,31.193542474030,-169.533899999998,-28.157399166933,-476.354383019963,-2.025655082331,-11143.932300919994,False,False
development,3.500000000000,60.000000000000,125,48390,382,382,1222,-141.873199999993,3331.830621599635,289.653000000000,3042.177621599635,-3473.703821599626,-3.473703821600,-2.056050535358,-2.403820952357,0.800886100088,13972.108967600156,298.508122056998,404.304055999999,48.167539267016,4793.614225299767,4.754243592831,-0.724652351720,-9.093465501570,46.159685863874,7,76,226,73,96526.296178400371,130,121,14089.668316840107,15223.666399999993,7972.897695280076,8729.923200000001,56.586837361890,57.344420001216,6116.770621560031,6493.743199999992,5452.185658340101,80,71,-12070.882355819933,-6463.383823619897,5607.498532200036,1737.183883360005,-5492.489782619800,-172.068950778924,-3.212345252811,-0.366358174317,-3068.057583019778,-177.801035784368,200.760387793910,40.210905321039,197.789550000000,32.850299028088,-117.559349239951,-1.894585526647,-11161.443433610875,False,False
development,4.250000000000,60.000000000000,125,48390,382,382,1222,-144.123199999993,3331.890308039640,289.653000000000,3042.237308039640,-3476.013508039632,-3.476013508040,-2.077763569177,-2.437694944635,0.800780083193,13972.108967600156,302.287219847998,489.071005999998,48.167539267016,4795.923911739766,4.756534309489,-0.724784957395,-9.099511801151,46.342931937173,4,76,228,74,96523.986491960371,130,121,14089.668316840107,15223.666399999993,7972.897695280076,8729.923200000001,56.586837361890,57.344420001216,6116.770621560031,6493.743199999992,5452.185658340101,80,71,-12070.882355819933,-6638.672665619897,5432.209690200036,1652.416933360006,-5494.799469059806,-172.183360453084,-3.234058286630,-0.366464191212,-3070.367269459777,-177.934887457701,196.981290002910,39.453978393657,113.022600000001,18.771599444622,-117.559349239951,-1.894718132323,-11182.596058946381,False,False
development,2.750000000000,75.000000000000,125,48390,359,359,1245,-745.595700000036,3131.605473539653,272.307000000000,2859.298473539653,-3877.201173539689,-3.877201173540,-2.383105827071,-2.841894615786,0.781361597167,13856.193890220147,304.046308348888,319.537105999997,47.353760445682,4508.529612419763,4.487476932335,-0.859970213539,-10.800003268913,53.389972144847,18,79,185,77,96122.798826460305,130,122,14089.668316840107,15223.666399999993,8399.047038980083,9186.981799999994,59.611389353584,60.346709909513,5690.621277860024,6036.684599999999,6120.117413400114,80,72,-12070.882355819933,-7495.656286319936,4575.226069499997,1527.340660240001,-5895.987134559863,-192.056079663858,-3.539400544523,-0.385882677237,-2782.972970139774,-161.279722841356,195.222201502020,39.101645237012,282.556500000002,46.928998611555,-233.474426619960,-2.029903388467,-11183.529179620877,False,False
development,7.000000000000,60.000000000000,125,48390,379,379,1225,-104.783199999994,3305.711309599641,287.434000000000,3018.277309599640,-3410.494509599635,-3.410494509600,-2.048940550731,-2.409303638872,0.803798406029,13972.108967600156,330.507326185261,799.883155999999,48.548812664908,4730.404913299761,4.691553427861,-0.720973060892,-8.998666252242,46.556728232190,2,76,227,74,96589.505490400363,130,121,14089.668316840107,15223.666399999993,7972.897695280076,8729.923200000001,56.586837361890,57.344420001216,6116.770621560031,6493.743199999992,5452.185658340101,80,71,-12070.882355819933,-7229.928715619897,4840.953640200036,1341.604783360006,-5429.280470619809,-168.937895123670,-3.205235268184,-0.363445868376,-3004.848271019771,-174.137909900741,168.761183665647,33.801687936626,-197.789550000000,-32.850299028088,-117.559349239951,-1.890906235820,-11193.349543675015,False,False
development,7.250000000000,90.000000000000,125,48390,332,332,1272,-1070.362800000029,2896.276887599694,251.818000000000,2644.458887599694,-3966.639687599722,-3.966639687600,-2.223885715321,-2.591697259367,0.774500238124,13623.798788280126,369.310901009411,828.138805999997,48.795180722892,4675.185853559757,4.653086189982,-0.848445347810,-11.947709902409,62.722891566265,2,83,169,78,96033.360312400284,130,121,14089.668316840107,15223.666399999993,8580.313970340076,9410.169900000001,60.897913118968,61.812770017083,5509.354346500031,5813.496499999992,6444.530864940101,80,71,-12070.882355819933,-8258.758288819921,3812.124067000012,1158.456802360001,-5985.425648619896,-196.486391533812,-3.380180432774,-0.392744036280,-2949.629211279767,-170.937837623366,129.957608841497,26.029602564020,-226.045199999998,-37.543198889244,-465.869528559981,-2.018378522738,-11198.109830227178,False,False
development,7.000000000000,75.000000000000,125,48390,352,352,1252,-727.667800000040,3070.529091039659,267.106000000000,2803.423091039659,-3798.196891039699,-3.798196891040,-2.217761391228,-2.602747242866,0.781857132948,13613.313933820144,346.515116837777,799.883155999999,47.727272727273,4429.525329919736,4.408841562103,-0.857472665386,-10.790332076817,55.045454545455,2,77,194,79,96201.803108960303,130,122,14089.668316840107,15223.666399999993,8399.047038980083,9186.981799999994,59.611389353584,60.346709909513,5690.621277860024,6036.684599999999,6211.426871640115,80,72,-12070.882355819933,-7879.639688519936,4191.242667299996,1132.001908300000,-5816.982852059874,-188.142624546503,-3.374056108681,-0.385387141456,-2703.968687639746,-156.701241870970,152.753393013131,30.595439127284,-197.789550000000,-32.850299028088,-476.354383019963,-2.027405840313,-11204.827051753331,False,False
development,4.250000000000,90.000000000000,125,48390,335,335,1269,-1158.790000000029,2922.403549479696,254.037000000000,2668.366549479696,-4081.193549479723,-4.081193549480,-2.273340671445,-2.641157671093,0.770086402842,13669.794647480125,347.259763188234,489.071005999998,48.656716417910,4789.739715439762,4.767098554285,-0.852070006294,-12.182667311880,62.394029850746,5,83,170,77,95918.806450520278,130,121,14089.668316840107,15223.666399999993,8580.313970340076,9410.169900000001,60.897913118968,61.812770017083,5509.354346500031,5813.496499999992,6444.530864940101,80,70,-12070.882355819933,-7556.249226459926,4514.633129360007,1555.027064719998,-6099.979510499898,-202.160785159083,-3.429635388898,-0.397157871563,-3064.183073159773,-177.576498973169,152.008746662674,30.446291657382,113.022600000001,18.771599444622,-419.873669359982,-2.022003181221,-11222.324070724593,False,False
development,3.500000000000,75.000000000000,125,48390,355,355,1249,-825.419900000038,3096.636270619655,269.325000000000,2827.311270619655,-3922.056170619695,-3.922056170620,-2.253518552750,-2.627410669105,0.776334565666,13613.313933820144,319.422403981110,404.304055999999,47.323943661972,4553.384609499757,4.532122478001,-0.861349634827,-11.048045551041,54.453521126761,9,77,191,78,96077.943829380310,130,122,14089.668316840107,15223.666399999993,8399.047038980083,9186.981799999994,59.611389353584,60.346709909513,5690.621277860024,6036.684599999999,6211.426871640115,80,72,-12070.882355819933,-7189.565099399939,4881.317256419994,1527.581008300000,-5940.842131639869,-194.277959444384,-3.409813270202,-0.390909708739,-2827.827967219768,-163.879173707294,179.846105869798,36.021920534004,197.789550000000,32.850299028088,-476.354383019963,-2.031282809755,-11236.024154904993,False,False
development,4.250000000000,75.000000000000,125,48390,355,355,1249,-822.584300000038,3096.696974179659,269.325000000000,2827.371974179659,-3919.281274179698,-3.919281274180,-2.269709410800,-2.653455798381,0.776457436695,13613.313933820144,325.908486734443,489.071005999998,47.323943661972,4550.609713059748,4.529360539002,-0.861265087826,-11.040228941351,54.769014084507,5,77,194,79,96080.718725820305,130,122,14089.668316840107,15223.666399999993,8399.047038980083,9186.981799999994,59.611389353584,60.346709909513,5690.621277860024,6036.684599999999,6211.426871640115,80,72,-12070.882355819933,-7288.383638519937,4782.498717299996,1442.814058300001,-5938.067235199873,-194.140505722515,-3.426004128253,-0.390786837709,-2825.053070779759,-163.718362038061,173.360023116465,34.722803400566,113.022600000001,18.771599444622,-476.354383019963,-2.031198262754,-11253.445689841665,False,False
development,7.250000000000,60.000000000000,125,48390,379,379,1225,-158.533199999994,3305.711859599638,287.434000000000,3018.277859599637,-3464.245059599632,-3.464245059600,-2.062810857950,-2.416977603473,0.801320559665,13972.108967600156,333.336302501051,828.138805999997,48.548812664908,4784.155463299758,4.744862516982,-0.724107961410,-9.140488283904,46.559366754617,2,76,227,74,96535.754940400366,130,121,14089.668316840107,15223.666399999993,7972.897695280076,8729.923200000001,56.586837361890,57.344420001216,6116.770621560031,6493.743199999992,5452.185658340101,80,71,-12070.882355819933,-7283.679265619894,4787.203090200039,1313.349133360007,-5483.031020619806,-171.600413639146,-3.219105575403,-0.365923714739,-3058.598821019768,-177.252878640855,165.932207349857,33.235063713393,-226.045199999998,-37.543198889244,-117.559349239951,-1.894041136338,-11254.165711832906,False,False
development,7.500000000000,90.000000000000,125,48390,332,332,1272,-1124.112800000029,2896.277437599698,251.818000000000,2644.459437599698,-4020.390237599725,-4.020390237600,-2.236181158294,-2.598150921176,0.772140831653,13623.798788280126,372.472698068234,856.394455999999,48.795180722892,4728.936403559754,4.706582660441,-0.850167964740,-12.109609149397,62.731927710843,2,83,169,78,95979.609762400272,130,121,14089.668316840107,15223.666399999993,8580.313970340076,9410.169900000001,60.897913118968,61.812770017083,5509.354346500031,5813.496499999992,6444.530864940101,80,71,-12070.882355819933,-8312.508838819924,3758.373517000009,1130.201152359999,-6039.176198619899,-199.148910049288,-3.392475875747,-0.395103442752,-3003.379761279764,-174.052806363480,126.795811782674,25.396316667466,-254.300850000000,-42.236098750399,-465.869528559981,-2.020101139668,-11259.092408756595,False,False
development,7.250000000000,75.000000000000,125,48390,352,352,1252,-781.417800000040,3070.529641039656,267.106000000000,2803.423641039656,-3851.947441039696,-3.851947441040,-2.229706432510,-2.607747173901,0.779450913538,13613.313933820144,349.501258504443,828.138805999997,47.727272727273,4483.275879919733,4.462341122705,-0.859181443259,-10.943032502954,55.048295454545,2,77,194,79,96148.052558960306,130,122,14089.668316840107,15223.666399999993,8399.047038980083,9186.981799999994,59.611389353584,60.346709909513,5690.621277860024,6036.684599999999,6211.426871640115,80,72,-12070.882355819933,-7933.390238519934,4137.492117299999,1103.746258300002,-5870.733402059870,-190.805143061979,-3.386001149963,-0.387793360866,-2757.719237639743,-159.816210611084,149.767251346465,29.997335780538,-226.045199999998,-37.543198889244,-476.354383019963,-2.029114618187,-11265.721802586660,False,False
development,3.750000000000,60.000000000000,125,48390,382,382,1222,-269.038199999992,3331.823046599640,289.653000000000,3042.170046599640,-3600.861246599630,-3.600861246600,-2.085035102612,-2.417621974606,0.795090915041,13972.108967600156,307.422937025998,432.559705999998,48.167539267016,4920.771650299750,4.880356655892,-0.731767597137,-9.426338341884,46.196335078534,7,76,226,73,96399.138753400373,130,121,14089.668316840107,15223.666399999993,7972.897695280076,8729.923200000001,56.586837361890,57.344420001216,6116.770621560031,6493.743199999992,5452.185658340101,80,71,-12070.882355819933,-6544.128973619898,5526.753382200035,1708.928233360007,-5619.647207619804,-178.367658391084,-3.241329820065,-0.372153359363,-3195.215008019761,-185.170102779002,191.845572824910,38.425330065819,169.533900000001,28.157399166933,-117.559349239951,-1.901700772065,-11298.709396095379,False,False
development,7.500000000000,60.000000000000,125,48390,379,379,1225,-212.283199999994,3305.712409599641,287.434000000000,3018.278409599641,-3517.995609599635,-3.517995609600,-2.076094985715,-2.424022895836,0.798857943126,13972.108967600156,336.165278816840,856.394455999999,48.548812664908,4837.906013299755,4.798171606103,-0.727173202606,-9.282310315566,46.567282321900,2,76,227,74,96482.004390400369,130,121,14089.668316840107,15223.666399999993,7972.897695280076,8729.923200000001,56.586837361890,57.344420001216,6116.770621560031,6493.743199999992,5452.185658340101,80,71,-12070.882355819933,-7337.429815619898,4733.452540200034,1285.093483360005,-5536.781570619809,-174.262932154623,-3.232389703168,-0.368386331278,-3112.349371019765,-180.367847380970,163.103231034068,32.668439490160,-254.300850000000,-42.236098750399,-117.559349239951,-1.897106377534,-11314.981879990806,False,False
development,7.750000000000,90.000000000000,125,48390,332,332,1272,-1177.862800000029,2896.277987599698,251.818000000000,2644.459987599697,-4074.140787599725,-4.074140787600,-2.247945275681,-2.604024154818,0.769795756725,13623.798788280126,375.634495127058,884.650105999998,48.795180722892,4782.686953559765,4.760079130901,-0.851851862177,-12.271508396385,62.737951807229,2,83,169,78,95925.859212400275,130,121,14089.668316840107,15223.666399999993,8580.313970340076,9410.169900000001,60.897913118968,61.812770017083,5509.354346500031,5813.496499999992,6444.530864940101,80,71,-12070.882355819933,-8366.259388819923,3704.622967000010,1101.945502360000,-6092.926748619899,-201.811428564765,-3.404239993134,-0.397448517680,-3057.130311279776,-177.167775103596,123.634014723850,24.763030770911,-282.556499999999,-46.928998611555,-465.869528559981,-2.021785037105,-11320.074987286005,False,False
development,7.500000000000,75.000000000000,125,48390,352,352,1252,-835.167800000040,3070.530191039658,267.106000000000,2803.424191039658,-3905.697991039699,-3.905697991040,-2.241095999311,-2.612179025993,0.777059459301,13613.313933820144,352.487400171110,856.394455999999,47.727272727273,4537.026429919730,4.515840683307,-0.860849733051,-11.095732929090,55.056818181818,2,77,194,79,96094.302008960294,130,122,14089.668316840107,15223.666399999993,8399.047038980083,9186.981799999994,59.611389353584,60.346709909513,5690.621277860024,6036.684599999999,6211.426871640115,80,72,-12070.882355819933,-7987.140788519936,4083.741567299997,1075.490608300000,-5924.483952059873,-193.467661577456,-3.397390716764,-0.390184815103,-2811.469787639740,-162.931179351199,146.781109679798,29.399232433792,-254.300850000000,-42.236098750399,-476.354383019963,-2.030782907978,-11326.616553419997,False,False
development,3.000000000000,90.000000000000,125,48390,340,340,1264,-1245.634700000026,2965.985198379683,257.796000000000,2708.189198379683,-4211.619898379708,-4.211619898380,-2.403440169284,-2.810483677139,0.768757935475,14001.415463640129,331.132111517646,347.792755999999,48.529411764706,4920.166064339777,4.896908376159,-0.855991412344,-12.387117348176,60.947058823529,17,86,162,75,95788.380101620292,130,121,14089.668316840107,15223.666399999993,8580.313970340076,9410.169900000001,60.897913118968,61.812770017083,5509.354346500031,5813.496499999992,6444.530864940101,80,71,-12070.882355819933,-7902.487320679927,4168.395035140006,1624.149922360004,-6230.405859399882,-208.621418005671,-3.559734886736,-0.398486338929,-3194.609422059788,-185.135007671422,168.136398333262,33.676547792584,254.300850000000,42.236098750399,-88.252853199978,-2.025924587271,-11330.862022261281,False,False
development,3.500000000000,90.000000000000,125,48390,336,336,1268,-1263.819800000022,2931.085292759687,254.779000000000,2676.306292759687,-4194.905092759710,-4.194905092760,-2.319536964113,-2.685866082059,0.764578550675,13623.798788280126,340.882853861175,404.304055999999,48.214285714286,4903.451258719782,4.880272581640,-0.855500518191,-12.484836585594,61.973214285714,10,83,167,76,95805.094907240287,130,121,14089.668316840107,15223.666399999993,8580.313970340076,9410.169900000001,60.897913118968,61.812770017083,5509.354346500031,5813.496499999992,6444.530864940101,80,71,-12070.882355819933,-7604.569261699919,4466.313094120014,1547.184532360002,-6213.691053779884,-207.793454767233,-3.475831681565,-0.402665723729,-3177.894616439793,-184.166346011153,158.385655989733,31.723542115050,197.789550000000,32.850299028088,-465.869528559981,-2.025433693119,-11334.415665813049,False,False
development,2.500000000000,90.000000000000,125,48390,347,347,1257,-1259.656100000032,3026.774766659675,263.032000000000,2763.742766659675,-4286.430866659706,-4.286430866660,-2.359756833557,-2.727361974195,0.771083274261,14438.417013380138,283.307960915554,293.708232000000,48.991354466859,4858.054422619767,4.841688365947,-0.882334880133,-12.352826705071,59.524495677233,28,89,158,72,95713.569133340294,130,121,14089.668316840107,15223.666399999993,8580.313970340076,9410.169900000001,60.897913118968,61.812770017083,5509.354346500031,5813.496499999992,6371.705102700100,80,71,-12070.882355819933,-7799.270769799936,4271.611586019997,1684.602010359998,-6305.216827679880,-212.327158471698,-3.516051551010,-0.396161000143,-3132.497780339778,-181.535494320302,215.960548935354,43.255391572732,308.385373999998,51.218842207735,348.748696540031,-2.052268055060,-11369.670497640234,False,False
development,7.750000000000,60.000000000000,125,48390,379,379,1225,-266.033199999994,3305.712959599641,287.434000000000,3018.278959599641,-3571.746159599635,-3.571746159600,-2.088811377581,-2.430475229602,0.796410416428,13972.108967600156,338.994255132630,884.650105999998,48.548812664908,4891.656563299766,4.851480695225,-0.730171080774,-9.424132347229,46.572559366755,2,76,227,74,96428.253840400372,130,121,14089.668316840107,15223.666399999993,7972.897695280076,8729.923200000001,56.586837361890,57.344420001216,6116.770621560031,6493.743199999992,5452.185658340101,80,71,-12070.882355819933,-7391.180365619897,4679.701990200036,1256.837833360007,-5590.532120619809,-176.925450670099,-3.245106095034,-0.370833857977,-3166.099921019777,-183.482816121086,160.274254718278,32.101815266927,-282.556499999999,-46.928998611555,-117.559349239951,-1.900104255702,-11375.798048148699,False,False
development,7.750000000000,75.000000000000,125,48390,352,352,1252,-888.917800000040,3070.530741039659,267.106000000000,2803.424741039659,-3959.448541039699,-3.959448541040,-2.251948544863,-2.616077125080,0.774682634748,13613.313933820144,355.473541837777,884.650105999998,47.727272727273,4590.776979919741,4.569340243909,-0.862478956908,-11.248433355226,55.062500000000,2,77,194,79,96040.551458960297,130,122,14089.668316840107,15223.666399999993,8399.047038980083,9186.981799999994,59.611389353584,60.346709909513,5690.621277860024,6036.684599999999,6211.426871640115,80,72,-12070.882355819933,-8040.891338519936,4029.991017299997,1047.234958300001,-5978.234502059873,-196.130180092932,-3.408243262316,-0.392561639657,-2865.220337639752,-166.046148091315,143.794968013131,28.801129087046,-282.556499999999,-46.928998611555,-476.354383019963,-2.032412131836,-11387.511304253330,False,False
development,3.750000000000,75.000000000000,125,48390,355,355,1249,-966.069300000037,3096.625998739661,269.325000000000,2827.300998739660,-4062.695298739699,-4.062695298740,-2.281181062325,-2.636826127612,0.770157661422,13613.313933820144,330.518845376666,432.559705999998,47.323943661972,4694.023737619733,4.672104888559,-0.865503782220,-11.444212109126,54.526760563380,8,77,192,78,95937.304701260306,130,122,14089.668316840107,15223.666399999993,8399.047038980083,9186.981799999994,59.611389353584,60.346709909513,5690.621277860024,6036.684599999999,6211.426871640115,80,72,-12070.882355819933,-7257.547202519938,4813.335153299995,1499.325358300001,-6081.481259759873,-201.244479463621,-3.437475779778,-0.397086612983,-2968.467095339744,-172.029536591595,168.749664474242,33.799380722937,169.533900000001,28.157399166933,-476.354383019963,-2.035436957148,-11387.862633722776,False,False
development,2.250000000000,90.000000000000,125,48390,348,348,1256,-1327.377400000035,3035.473481359673,263.802000000000,2771.671481359673,-4362.850881359705,-4.362850881360,-2.537049963813,-2.964893553267,0.767614968468,14411.382779920132,257.624020957776,265.213931999999,48.850574712644,4977.226988319715,4.958346778768,-0.876562570202,-12.536927819999,58.591954022989,36,89,153,70,95637.149118640300,130,121,14089.668316840107,15223.666399999993,8580.313970340076,9410.169900000001,60.897913118968,61.812770017083,5509.354346500031,5813.496499999992,6246.550817100098,80,71,-12070.882355819933,-7678.428293559925,4392.454062260008,1793.123710360002,-6381.636842379879,-216.112602603744,-3.693344681266,-0.399629305936,-3251.670346039726,-188.441820243192,241.644488893132,48.399705594349,336.879674000000,55.951378762856,321.714463080025,-2.046495745130,-11411.544202361343,False,False
development,3.000000000000,60.000000000000,125,48390,384,384,1220,-386.241899999994,3349.261734539635,291.151000000000,3058.110734539635,-3735.503634539629,-3.735503634540,-2.301390844909,-2.722496216004,0.790510446592,14095.951794960158,300.468076607999,347.792755999999,48.177083333333,5067.401738239758,5.025782450155,-0.737163506566,-9.727874048280,45.705729166667,14,77,221,72,96264.496365460363,130,121,14089.668316840107,15223.666399999993,7972.897695280076,8729.923200000001,56.586837361890,57.344420001216,6116.770621560031,6493.743199999992,5452.185658340101,80,71,-12070.882355819933,-6749.618150639903,5321.264205180030,1768.940233360003,-5754.289595559803,-185.037131556628,-3.457685562362,-0.376733827812,-3341.845095959769,-193.667655646712,198.800433242910,39.818340095648,254.300850000000,42.236098750399,6.283478120051,-1.907096681494,-11417.871953826379,False,False
development,3.250000000000,60.000000000000,125,48390,383,383,1221,-409.366799999990,3340.615350879640,290.409000000000,3050.206350879640,-3749.982150879628,-3.749982150880,-2.256360714004,-2.646306558656,0.788400695730,13972.108967600156,300.673596806998,376.048405999997,48.041775456919,5080.390454579756,5.038664488328,-0.738128729358,-9.791076111957,45.924281984334,10,76,224,73,96250.017849120370,130,121,14089.668316840107,15223.666399999993,7972.897695280076,8729.923200000001,56.586837361890,57.344420001216,6116.770621560031,6493.743199999992,5452.185658340101,80,71,-12070.882355819933,-6719.125957619895,5351.756398200037,1765.439533360007,-5768.768111899803,-185.754320828772,-3.412655431457,-0.378843578674,-3354.833812299767,-194.420381811808,198.594913043910,39.777175833344,226.045200000002,37.543198889244,-117.559349239951,-1.908061904285,-11433.153370265878,False,False
development,4.000000000000,60.000000000000,125,48390,382,382,1222,-415.328199999992,3331.817658599640,289.653000000000,3042.164658599640,-3747.145858599631,-3.747145858600,-2.115434201165,-2.431043185775,0.788526893746,13972.108967600156,314.737167625998,460.815355999996,48.167539267016,5067.056262299753,5.025439811658,-0.739511397669,-9.809282352355,46.198952879581,6,76,227,73,96252.854141400370,130,121,14089.668316840107,15223.666399999993,7972.897695280076,8729.923200000001,56.586837361890,57.344420001216,6116.770621560031,6493.743199999992,5452.185658340101,80,71,-12070.882355819933,-6584.922115619895,5485.960240200038,1680.672583360008,-5765.931819619806,-185.613825881078,-3.271728918617,-0.378717380658,-3341.499620019764,-193.647634516629,184.531342224910,36.960340695233,141.278250000003,23.464499305778,-117.559349239951,-1.909444572596,-11454.302253395381,False,False
development,3.000000000000,75.000000000000,125,48390,358,358,1246,-1067.534200000037,3122.892506119654,271.593000000000,2851.299506119653,-4190.426706119692,-4.190426706120,-2.508606765399,-2.952398875971,0.766791506839,13778.158611340144,321.170235957777,347.792755999999,47.206703910615,4821.755144999741,4.799239851269,-0.869066673878,-11.705102531061,53.782122905028,16,78,187,77,95809.573293880312,130,122,14089.668316840107,15223.666399999993,8399.047038980083,9186.981799999994,59.611389353584,60.346709909513,5690.621277860024,6036.684599999999,6211.426871640115,80,72,-12070.882355819933,-7639.733002259939,4431.149353559994,1544.514394300003,-6209.212667139866,-207.571619133021,-3.664901482852,-0.400452767565,-3096.198502719752,-179.431867193228,178.098273893132,35.671841980644,254.300850000000,42.236098750399,-311.509705499962,-2.038999848806,-11501.881929193323,False,False
development,3.750000000000,90.000000000000,125,48390,336,336,1268,-1427.107000000024,2931.078694199696,254.779000000000,2676.299694199696,-4358.185694199718,-4.358185694200,-2.359932576234,-2.711640875574,0.757635999606,13623.798788280126,356.559265155293,432.559705999998,48.214285714286,5066.731860159765,5.042781353579,-0.860157161359,-12.970790756547,62.059523809524,10,83,167,76,95641.814305800275,130,121,14089.668316840107,15223.666399999993,8580.313970340076,9410.169900000001,60.897913118968,61.812770017083,5509.354346500031,5813.496499999992,6444.530864940101,80,71,-12070.882355819933,-7739.314411699920,4331.567944120013,1491.923482360002,-6376.971655219892,-215.881513857831,-3.516227293687,-0.409608274799,-3341.175217879776,-193.628834662017,142.709244695615,28.583666279740,169.533900000001,28.157399166933,-465.869528559981,-2.030090336286,-11516.586682900115,False,False
development,3.250000000000,75.000000000000,125,48390,356,356,1248,-1110.909100000037,3105.452572459654,270.081000000000,2835.371572459654,-4216.361672459690,-4.216361672460,-2.471390953867,-2.886996335925,0.762600809734,13544.278823980145,317.745325442221,376.048405999997,46.910112359551,4847.690111339747,4.825053713703,-0.869767162426,-11.843712563089,54.132022471910,11,77,190,78,95783.638327540306,130,122,14089.668316840107,15223.666399999993,8399.047038980083,9186.981799999994,59.611389353584,60.346709909513,5690.621277860024,6036.684599999999,6211.426871640115,80,72,-12070.882355819933,-7510.660299239936,4560.222056579997,1555.836658300002,-6235.147633479864,-208.856300463324,-3.627685671320,-0.404643464670,-3122.133469059758,-180.934858500760,181.523184408687,36.357827667299,226.045200000002,37.543198889244,-545.389492859962,-2.039700337354,-11523.839987475545,False,False
development,2.500000000000,75.000000000000,125,48390,364,364,1240,-1088.321500000040,3174.986601339649,276.080000000000,2898.906601339648,-4263.308101339689,-4.263308101340,-2.434663484273,-2.819718383057,0.767972636025,14110.852723080148,281.756134467367,293.708232000000,47.527472527473,4757.713930219732,4.741960175667,-0.896083321500,-11.712384893790,52.824175824176,25,81,183,75,95736.691898660312,130,122,14089.668316840107,15223.666399999993,8399.047038980083,9186.981799999994,59.611389353584,60.346709909513,5690.621277860024,6036.684599999999,6148.123013400116,80,72,-12070.882355819933,-7402.008904319944,4668.873451499989,1635.862360239998,-6282.094062359863,-211.181778735239,-3.590958201725,-0.399271638379,-3032.157287939743,-175.720530618649,217.512375383541,43.566211585925,308.385373999998,51.218842207735,21.184406240041,-2.066016496428,-11536.786680480116,False,False
development,2.500000000000,60.000000000000,125,48390,387,387,1217,-573.893099999993,3375.240074859642,293.398000000000,3081.842074859642,-3949.133174859634,-3.949133174860,-2.302387236426,-2.668777971211,0.782643452842,14219.784331840156,279.596514373999,293.708232000000,48.062015503876,5251.609168559749,5.215559586729,-0.751985353080,-10.204478488009,45.222222222222,21,78,218,70,96050.866825140372,130,121,14089.668316840107,15223.666399999993,7972.897695280076,8729.923200000001,56.586837361890,57.344420001216,6116.770621560031,6493.743199999992,5407.925608100101,80,71,-12070.882355819933,-6517.445004639907,5553.437351180026,1879.382317359999,-5967.919135879808,-195.619211303806,-3.458681953878,-0.384600821563,-3526.052526279760,-204.342902451511,219.671995476909,43.998768426734,308.385373999998,51.218842207735,130.116015000049,-1.921918528008,-11598.977296229385,False,False
development,4.000000000000,75.000000000000,125,48390,355,355,1249,-1178.569300000037,3096.607368739658,269.325000000000,2827.282368739658,-4275.176668739698,-4.275176668740,-2.335944682283,-2.673657204768,0.761009647839,13613.313933820144,342.323365932221,460.815355999996,47.323943661972,4906.505107619727,4.883594072039,-0.871328282549,-12.042751179548,54.532394366197,8,77,192,78,95724.823331260297,130,122,14089.668316840107,15223.666399999993,8399.047038980083,9186.981799999994,59.611389353584,60.346709909513,5690.621277860024,6036.684599999999,6211.426871640115,80,72,-12070.882355819933,-7338.292352519935,4732.590003299998,1471.069708300003,-6293.962629759872,-211.769684913961,-3.492239399736,-0.406234626566,-3180.948465339738,-184.343323620877,156.945143918687,31.435017595152,141.278250000003,23.464499305778,-476.354383019963,-2.041261457477,-11611.897394000553,False,False
development,3.250000000000,90.000000000000,125,48390,337,337,1267,-1560.749800000018,2939.877178759690,255.535000000000,2684.342178759690,-4500.626978759706,-4.500626978760,-2.495071707911,-2.882662129973,0.751681678823,13623.798788280126,337.948957761175,376.048405999997,48.071216617211,5209.173144719782,5.184549316358,-0.863981068343,-13.354976198100,61.560830860534,12,83,166,76,95499.373021240288,130,121,14089.668316840107,15223.666399999993,8580.313970340076,9410.169900000001,60.897913118968,61.812770017083,5509.354346500031,5813.496499999992,6444.530864940101,80,71,-12070.882355819933,-7825.755283699918,4245.127072120015,1602.445582360003,-6519.412939779880,-222.937303194112,-3.651366425364,-0.415562595581,-3483.616502439792,-201.883636681834,161.319552089733,32.311181039218,226.045200000002,37.543198889244,-465.869528559981,-2.033914243271,-11627.618393763045,False,False
development,2.250000000000,60.000000000000,125,48390,387,387,1217,-652.866800000000,3375.159331359631,293.391000000000,3081.768331359631,-4028.026131359632,-4.028026131360,-2.420187393713,-2.828225012093,0.779259812570,14219.788995840156,256.018477373998,265.213931999999,48.062015503876,5336.733775439730,5.302602282950,-0.754773668849,-10.408336256743,44.811369509044,27,78,213,69,95971.973868640373,130,121,14089.668316840107,15223.666399999993,7972.897695280076,8729.923200000001,56.586837361890,57.344420001216,6116.770621560031,6493.743199999992,5229.692464100097,80,71,-12070.882355819933,-6631.887361139899,5438.994994680033,1962.148867360004,-6046.812092379806,-199.527151918775,-3.576482111166,-0.387984461834,-3611.177133159741,-209.276070380875,243.250032476910,48.721284775110,336.879674000000,55.951378762856,130.120679000049,-1.924706843777,-11649.527924229380,False,False
development,4.000000000000,90.000000000000,125,48390,335,335,1269,-1597.818400000023,2922.328554479697,254.037000000000,2668.291554479697,-4520.146954479719,-4.520146954480,-2.391540159225,-2.726443532136,0.750872989891,13623.798788280126,366.992415155293,460.815355999996,48.358208955224,5228.693120439755,5.203977020902,-0.864488859905,-13.492975983522,62.023880597015,9,83,167,76,95479.853045520285,130,121,14089.668316840107,15223.666399999993,8580.313970340076,9410.169900000001,60.897913118968,61.812770017083,5509.354346500031,5813.496499999992,6444.530864940101,80,71,-12070.882355819933,-7784.941741699919,4285.940614120014,1525.780252360002,-6538.932915499893,-223.904219751732,-3.547834876677,-0.416371284514,-3503.136478159766,-203.014864439979,132.276094695615,26.493979108579,141.278250000003,23.464499305778,-465.869528559981,-2.034422034832,-11676.993164180116,False,False
development,1.500000000000,90.000000000000,125,48390,367,367,1237,-1406.502900000025,3200.854396579662,277.886000000000,2922.968396579661,-4607.357296579686,-4.607357296580,-2.693636513836,-3.126185674857,0.766979458092,15164.965172760150,178.506084991578,185.845987999998,47.411444141689,5364.327010899782,5.337985026024,-0.858888223484,-12.554107075149,53.226158038147,79,94,130,64,95392.642703420308,130,122,14089.668316840107,15223.666399999993,8406.883682340074,9209.609899999999,59.667009139542,60.495347559639,5682.784634500033,6014.056499999993,4983.913400420097,80,71,-12070.882355819933,-6962.641013239941,5108.241342579991,2008.502651999999,-6626.143257599860,-228.224159744572,-3.849931231289,-0.400264816312,-3638.770368619793,-210.875162220804,320.762424859330,64.246476300922,416.247618000001,69.133372926070,1075.296855920044,-2.028821398412,-11746.846149270226,False,False
development,2.250000000000,75.000000000000,125,48390,364,364,1240,-1433.550700000040,3175.044080499641,276.087000000000,2898.957080499641,-4608.594780499680,-4.608594780500,-2.721509068207,-3.161491616318,0.751497485789,13936.870625080144,256.841541762103,265.213931999999,46.703296703297,5130.495109379684,5.112106106872,-0.898274860856,-12.660974671702,52.271978021978,33,80,177,74,95391.405219500317,130,122,14089.668316840107,15223.666399999993,8397.003246980079,9176.181799999991,59.596883745971,60.275767734900,5692.665069860028,6047.484600000002,5918.911179900115,80,72,-12070.882355819933,-7457.416497879929,4613.465857940004,1744.384060240002,-6627.380741519854,-228.285458165697,-3.877803785659,-0.415746788615,-3404.938467099695,-197.324062489234,242.426968088805,48.556430719253,336.879674000000,55.951378762856,-152.797691759963,-2.068208035784,-11849.955515287478,False,False
development,2.000000000000,90.000000000000,125,48390,352,352,1252,-1850.445400000037,3070.082506959669,266.686000000000,2803.396506959669,-4920.527906959707,-4.920527906960,-2.902618042226,-3.344897330716,0.747443319863,14562.337896800134,230.959355471110,236.719631999998,48.011363636364,5590.654163919724,5.566355549480,-0.880134553612,-13.978772462954,57.068181818182,44,90,148,70,95079.472093040298,130,122,14089.668316840107,15223.666399999993,8580.313970340076,9409.109899999999,60.897913118968,61.805807174020,5509.354346500031,5814.556499999993,5726.799133100096,80,71,-12070.882355819933,-7591.095201559940,4479.787154259993,1901.645410360000,-6939.313867979881,-243.736978657865,-4.058912759679,-0.419800954542,-3865.097521639735,-223.991344412360,268.309154379798,53.740452098595,365.373974000001,60.683915317978,472.669579960027,-2.050067728540,-11934.184555218013,False,False
development,2.000000000000,60.000000000000,125,48390,390,390,1214,-1083.080000000005,3401.213053159633,295.617000000000,3105.596053159632,-4484.293053159639,-4.484293053160,-2.674664106315,-3.103478401494,0.761461072679,14314.705934260157,230.253443329999,236.719631999998,47.692307692308,5882.337065239757,5.841480318841,-0.762331876502,-11.498187315794,44.058974358974,38,79,205,68,95515.706946840364,130,122,14089.668316840107,15223.666399999993,7932.866583280073,8681.163200000001,56.302720581425,57.024129220278,6156.801733560033,6542.503199999992,4767.259812100098,80,72,-12070.882355819933,-6502.087095899916,5568.795259920017,2044.915417360000,-6503.079014179813,-222.128206741320,-3.830958823768,-0.405783201725,-4156.780422959768,-240.895043437542,269.015066520909,53.881841376546,365.373974000001,60.683915317978,225.037617420050,-1.932265051429,-12116.390131007392,False,False
development,1.500000000000,75.000000000000,125,48390,383,383,1221,-1462.489700000043,3340.336775859635,290.171000000000,3050.165775859635,-4802.826475859680,-4.802826475860,-2.871899248155,-3.316755545729,0.753379054697,14671.701407260151,177.969131641999,185.800439999999,45.691906005222,5454.382470879747,5.431003036767,-0.880544498209,-12.540016908250,48.216710182768,78,86,153,66,95197.173524140322,130,123,14089.668316840107,15223.666399999993,8073.707900220073,8809.335599999991,57.302327625203,57.866057811146,6015.960416620033,6414.330800000002,4584.211486220105,80,72,-12070.882355819933,-6621.537319659942,5449.345036159991,2008.502651999999,-6821.612436879854,-237.906671068419,-4.028193965608,-0.413865219707,-3728.825828599758,-216.094084496284,321.299378208909,64.354024311458,416.293166000000,69.140937862742,582.033090420044,-2.050477673136,-12275.222633995432,False,False
development,1.500000000000,60.000000000000,125,48390,403,403,1201,-971.321700000010,3514.489944939622,305.291000000001,3209.198944939621,-4485.811644939632,-4.485811644940,-2.715801504167,-3.176865968725,0.765070186917,14608.451386540171,176.261804403809,179.778912000000,47.146401985112,5887.358669859750,5.841275652730,-0.761939588954,-11.131046265359,41.903225806452,67,81,192,63,95514.188355060367,130,122,14089.668316840107,15223.666399999993,7745.789025280072,8468.013200000003,54.974956479438,55.624006579650,6343.879291560035,6755.653199999990,4125.004646320100,80,72,-12070.882355819933,-6109.950693679924,5960.931662140008,2008.502651999999,-6504.597605959806,-222.203429761953,-3.872096221620,-0.402174087487,-4161.802027579761,-241.186057044221,323.006705447099,64.695990048232,422.314693999999,70.141036176358,518.783069700065,-1.931872763882,-12285.273014396291,False,False
development,5.250000000000,45.000000000000,125,48390,409,409,1195,-103.582500000022,3567.006156459621,310.016000000001,3256.990156459620,-3670.588656459644,-3.670588656460,-2.592975506681,-3.167583040586,0.782460036033,13202.580712160157,275.501145876189,602.093605999999,47.188264058680,4728.020556739662,4.699895701942,-0.776347863215,-8.974544392322,37.007334963325,2,64,278,65,96329.411343540356,130,123,14089.668316840107,15223.666399999993,6942.950997960067,7680.452499999996,49.276894543087,50.450740959484,7146.717318880040,7543.213899999997,4237.263053640127,80,71,-12070.882355819933,-5805.446747699940,6265.435608119993,1564.507896240000,-5689.374617479819,-181.821586207423,-3.749270224134,-0.384784238371,-3002.463914459673,-173.999730921177,223.767363974719,44.819042170623,0.000000000000,0.000000000000,-887.087604679949,-1.946281038142,-12411.306675124499,False,False
development,5.500000000000,45.000000000000,125,48390,409,409,1195,-157.332500000022,3567.006706459618,310.016000000001,3256.990706459617,-3724.339206459641,-3.724339206460,-2.609367434247,-3.173634590236,0.779975375061,13202.580712160157,278.060695876189,630.349255999998,47.188264058680,4781.771106739674,4.753326514243,-0.778861874256,-9.105963829975,37.012224938875,2,64,278,65,96275.660793540359,130,123,14089.668316840107,15223.666399999993,6942.950997960067,7680.452499999996,49.276894543087,50.450740959484,7146.717318880040,7543.213899999997,4237.263053640127,80,71,-12070.882355819933,-5859.197297699937,6211.685058119996,1536.252246240002,-5743.125167479816,-184.484104722899,-3.765662151700,-0.387268899343,-3056.214464459685,-177.114699661292,221.207813974719,44.306382159126,-28.255649999999,-4.692899861155,-887.087604679949,-1.948795049184,-12471.988130124497,False,False
development,5.750000000000,45.000000000000,125,48390,409,409,1195,-211.082500000022,3567.007256459621,310.016000000001,3256.991256459621,-3778.089756459644,-3.778089756460,-2.624784424808,-3.178450633829,0.777506443963,13202.580712160157,280.620245876189,658.604905999999,47.188264058680,4835.521656739671,4.806757326544,-0.781319994957,-9.237383267627,37.012224938875,2,64,278,65,96221.910243540362,130,123,14089.668316840107,15223.666399999993,6942.950997960067,7680.452499999996,49.276894543087,50.450740959484,7146.717318880040,7543.213899999997,4237.263053640127,80,71,-12070.882355819933,-5912.947847699939,6157.934508119994,1507.996596240000,-5796.875717479818,-187.146623238376,-3.781079142261,-0.389737830442,-3109.965014459682,-180.229668401407,218.648263974719,43.793722147630,-56.511300000000,-9.385799722311,-887.087604679949,-1.951253169885,-12532.669585124499,False,False
development,5.000000000000,45.000000000000,125,48390,409,409,1195,-187.582500000023,3566.921064459620,310.009000000001,3256.912064459620,-3754.503564459644,-3.754503564460,-2.605094562344,-3.153457559555,0.776960344021,13078.841824160154,272.941595876189,573.837955999997,46.943765281174,4811.935464739683,4.783311438127,-0.780248112630,-9.179715316527,37.061124694377,2,63,279,65,96245.496435540350,130,122,14089.668316840107,15223.666399999993,6819.212109960066,7547.952499999996,48.398670264010,49.580385576499,7270.456206880041,7675.713899999997,4113.524165640126,80,71,-12070.882355819933,-5751.696197699937,6319.186158119996,1592.763546240002,-5773.289525479819,-185.978287790467,-3.761389279797,-0.390283930384,-3086.378822459694,-178.862794001456,226.326913974719,45.331702182119,28.255650000002,4.692899861156,-1010.826492679953,-1.950181287558,-12612.029566124500,False,False
development,8.000000000000,45.000000000000,125,48390,408,408,1196,-190.312500000023,3558.267306459622,309.274000000001,3248.993306459622,-3748.579806459647,-3.748579806460,-2.615270607037,-3.173879893756,0.777233857406,13078.841824160154,273.322682161904,634.870159999998,47.058823529412,4806.011706739679,4.777422917883,-0.779977252490,-9.187695604068,37.112745098039,0,63,280,65,96251.420193540354,130,122,14089.668316840107,15223.666399999993,6819.212109960066,7547.952499999996,48.398670264010,49.580385576499,7270.456206880041,7675.713899999997,4113.524165640126,80,71,-12070.882355819933,-5759.699009699942,6311.183346119991,1531.731342240002,-5767.365767479821,-185.684856088723,-3.771565324490,-0.390010416999,-3080.455064459689,-178.519498519009,225.945827689004,45.255373257263,-32.776553999999,-5.443763838940,-1010.826492679953,-1.949910427418,-12618.502792067360,False,False
development,5.250000000000,30.000000000000,125,48390,429,429,1175,827.881299999990,3741.868597619651,325.262000000001,3416.606597619650,-2913.987297619661,-2.913987297620,-2.100055069671,-2.486887027141,0.804411038514,11984.539058260149,236.396224702726,596.841055999999,48.484848484848,3671.512284739816,3.657861780889,-0.793674941449,-6.792511183263,25.937062937063,2,45,322,60,97086.012702380336,130,123,14089.668316840107,15223.666399999993,5792.991535500085,6524.014000000005,41.115173226443,42.854420404273,8296.676781340022,8699.652399999988,3535.930271120126,80,73,-12070.882355819933,-4510.392502019944,7560.489853799989,2147.760367000003,-4932.773258639835,-144.343548740903,-3.256349787124,-0.362833235891,-1945.955642459827,-112.772632017957,262.872285148182,52.651485115030,5.252550000000,0.872380963302,-2105.129258579958,-1.963608116377,-12668.461824005766,False,False
development,4.500000000000,30.000000000000,125,48390,429,429,1175,937.770799999990,3741.799983519649,325.255000000001,3416.544983519648,-2804.029183519659,-2.804029183520,-2.060455741164,-2.461039182889,0.809741860871,11933.995672360148,229.100701975454,512.824255999997,48.484848484848,3561.554170639807,3.548312485701,-0.787304937444,-6.536198562983,25.951048951049,2,44,323,60,97195.970816480345,130,122,14089.668316840107,15223.666399999993,5669.252647500083,6391.514000000005,40.236948947365,41.984065021288,8420.415669340024,8832.152399999988,3412.191383120125,80,73,-12070.882355819933,-4433.907802019943,7636.974553799990,2147.760367000003,-4822.815144539833,-138.896804201208,-3.216750458616,-0.357502413534,-1835.997528359818,-106.400304885611,270.167807875454,54.112727429201,89.269350000002,14.826490284968,-2155.672644479959,-1.957238112372,-12678.594836542128,False,False
development,5.500000000000,30.000000000000,125,48390,429,429,1175,774.381299999991,3741.869097619648,325.262000000001,3416.607097619647,-2967.487797619658,-2.967487797620,-2.116914109828,-2.496119240927,0.801532740262,11984.539058260149,238.828065611817,624.846655999997,48.484848484848,3725.012784739811,3.711163368635,-0.796638285317,-6.917220973472,25.955710955711,2,45,322,60,97032.512202380341,130,123,14089.668316840107,15223.666399999993,5792.991535500085,6524.014000000005,41.115173226443,42.854420404273,8296.676781340022,8699.652399999988,3535.930271120126,80,73,-12070.882355819933,-4535.887402019943,7534.994953799990,2147.760367000003,-4986.273758639832,-146.993681099311,-3.273208827281,-0.365711534143,-1999.456142459821,-115.873109782008,260.440444239091,52.164404343639,-22.753049999998,-3.778988810587,-2105.129258579958,-1.966571460245,-12723.178244460307,False,False
development,4.750000000000,30.000000000000,125,48390,429,429,1175,884.270799999990,3741.800483519652,325.255000000001,3416.545483519651,-2857.529683519662,-2.857529683520,-2.079239652271,-2.472598770376,0.806813049042,11933.995672360148,231.532542884545,540.829855999998,48.484848484848,3615.054670639816,3.601614073448,-0.790452688510,-6.660908353193,25.953379953380,2,44,323,60,97142.470316480336,130,122,14089.668316840107,15223.666399999993,5669.252647500083,6391.514000000005,40.236948947365,41.984065021288,8420.415669340024,8832.152399999988,3412.191383120125,80,73,-12070.882355819933,-4459.402702019945,7611.479653799988,2147.760367000003,-4876.315644539836,-141.546936559616,-3.235534369724,-0.360431225362,-1889.498028359827,-109.500782649663,267.735966966363,53.625646657810,61.263750000001,10.175120511079,-2155.672644479959,-1.960385863438,-12733.311256996678,False,False
development,2.000000000000,75.000000000000,125,48390,368,368,1236,-2255.216100000040,3209.621553819647,278.971000000000,2930.650553819647,-5464.837653819688,-5.464837653820,-3.202699488949,-3.644059261203,0.719751653186,14035.144115740139,232.016776850525,244.812239999999,46.195652173913,6014.232482699721,5.991034639118,-0.908650882642,-14.850102320162,51.133152173913,45,82,169,72,94535.162346180310,130,123,14089.668316840107,15223.666399999993,8310.336803220074,9080.760599999991,58.981777401300,59.648972602290,5779.331513620033,6142.905800000002,5277.262680140109,80,72,-12070.882355819933,-7271.257858879942,4799.624496939990,1852.905760240000,-7483.623614839862,-270.699210284684,-4.358994206402,-0.447492621218,-4288.675840419732,-248.538688057963,267.251733000383,53.528657972078,357.281365999999,59.339837267762,-54.524201099968,-2.078584057570,-12758.748109911703,False,False
development,6.000000000000,45.000000000000,125,48390,408,408,1196,-345.352500000021,3558.236298459622,309.274000000001,3248.962298459622,-3903.588798459645,-3.903588798460,-2.640976088012,-3.157803720684,0.770139570406,13078.841824160154,280.704062733332,634.870159999998,47.058823529412,4961.020698739667,4.931509831533,-0.786851947514,-9.567619604068,37.075980392157,1,63,279,65,96096.411201540352,130,122,14089.668316840107,15223.666399999993,6819.212109960066,7547.952499999996,48.398670264010,49.580385576499,7270.456206880041,7675.713899999997,4113.524165640126,80,71,-12070.882355819933,-5914.708001699939,6156.174354119994,1531.731342240002,-5922.374759479819,-193.363183310776,-3.797270805465,-0.397104703998,-3235.464056459678,-187.502628264039,218.564447117576,43.776934215788,-32.776553999999,-5.443763838940,-1010.826492679953,-1.956785122441,-12777.202474353071,False,False
development,5.750000000000,30.000000000000,125,48390,429,429,1175,720.881299999991,3741.869597619651,325.262000000001,3416.607597619650,-3020.988297619660,-3.020988297620,-2.132909599674,-2.504389446945,0.798674966499,11984.539058260149,241.259906520908,652.852255999999,48.484848484848,3778.513284739820,3.764464956382,-0.799517712382,-7.041930763682,25.958041958042,2,45,322,60,96979.011702380347,130,123,14089.668316840107,15223.666399999993,5792.991535500085,6524.014000000005,41.115173226443,42.854420404273,8296.676781340022,8699.652399999988,3535.930271120126,80,73,-12070.882355819933,-4561.382302019944,7509.500053799989,2147.760367000003,-5039.774258639834,-149.643813457720,-3.289204317127,-0.368569307905,-2052.956642459831,-118.973587546060,258.008603330000,51.677323572249,-50.758650000000,-8.430358584476,-2105.129258579958,-1.969450887310,-12777.894664914857,False,False
development,5.000000000000,30.000000000000,125,48390,429,429,1175,830.770799999990,3741.800983519649,325.255000000001,3416.545983519648,-2911.030183519659,-2.911030183520,-2.097097469301,-2.483052186378,0.803905347705,11933.995672360148,233.964383793635,568.835455999997,48.484848484848,3668.555170639826,3.654915661195,-0.793508628906,-6.785618143402,25.953379953380,2,44,323,60,97088.969816480341,130,122,14089.668316840107,15223.666399999993,5669.252647500083,6391.514000000005,40.236948947365,41.984065021288,8420.415669340024,8832.152399999988,3412.191383120125,80,73,-12070.882355819933,-4484.897602019943,7585.984753799989,2147.760367000003,-4929.816144539833,-144.197068918024,-3.253392186753,-0.363338926699,-1942.998528359836,-112.601260413714,265.304126057273,53.138565886420,33.258150000002,5.523750737191,-2155.672644479959,-1.963441803833,-12788.027677451220,False,False
development,6.250000000000,45.000000000000,125,48390,408,408,1196,-370.852500000021,3558.231198459621,309.274000000001,3248.957198459620,-3929.083698459644,-3.929083698460,-2.643945725278,-3.153620324350,0.768985130301,13078.841824160154,281.918105590475,646.007819999998,47.058823529412,4986.515598739672,4.956853073910,-0.787941724168,-9.630107104068,37.078431372549,1,63,279,65,96070.916301540361,130,122,14089.668316840107,15223.666399999993,6819.212109960066,7547.952499999996,48.398670264010,49.580385576499,7270.456206880041,7675.713899999997,4113.524165640126,80,71,-12070.882355819933,-5940.202901699938,6130.679454119995,1531.731342240002,-5947.869659479818,-194.626066077561,-3.800240442731,-0.398259144103,-3260.958956459683,-188.980116708945,217.350404260433,43.533769899756,-43.914213999999,-7.293585841534,-1010.826492679953,-1.957874899095,-12803.304395781641,False,False
development,4.250000000000,30.000000000000,125,48390,429,429,1175,789.156299999990,3741.814290619652,325.255000000001,3416.559290619651,-2952.657990619663,-2.952657990620,-2.095298642434,-2.466037263212,0.800677332831,11860.800170260149,226.668861066363,484.818655999998,48.251748251748,3710.182977739838,3.696388698136,-0.795825437272,-6.882652658787,25.941724941725,2,44,323,60,97047.342009380343,130,122,14089.668316840107,15223.666399999993,5669.252647500083,6391.514000000005,40.236948947365,41.984065021288,8420.415669340024,8832.152399999988,3412.191383120125,80,73,-12070.882355819933,-4408.412902019945,7662.469453799988,2147.760367000003,-4971.443951639837,-146.259090742218,-3.251593359887,-0.366566941573,-1984.626335459849,-115.013688153264,272.599648784545,54.599808200591,117.274950000001,19.477860058856,-2228.868146579958,-1.965758612200,-12826.007723187588,False,False
development,6.500000000000,45.000000000000,125,48390,408,408,1196,-396.352500000021,3558.226098459621,309.274000000001,3248.952098459621,-3954.578598459645,-3.954578598460,-2.646585211134,-3.149062417372,0.767834146029,13078.841824160154,283.132148447618,671.502719999999,47.058823529412,5012.010498739677,4.982196316287,-0.789020413954,-9.692594604068,37.078431372549,1,63,279,65,96045.421401540356,130,122,14089.668316840107,15223.666399999993,6819.212109960066,7547.952499999996,48.398670264010,49.580385576499,7270.456206880041,7675.713899999997,4113.524165640126,80,71,-12070.882355819933,-5965.697801699938,6105.184554119995,1531.731342240002,-5973.364559479819,-195.888948844346,-3.802879928587,-0.399410128375,-3286.453856459688,-190.457605153852,216.136361403290,43.290605583723,-69.409114000000,-11.527960654012,-1010.826492679953,-1.958953588882,-12829.406317210214,False,False
development,1.750000000000,90.000000000000,125,48390,356,356,1248,-2583.883400000035,3105.041167599654,269.591000000000,2835.450167599653,-5688.924567599688,-5.688924567600,-3.390611715898,-3.885508064939,0.715484027947,14306.172813240135,205.837397602222,215.351887999997,46.910112359551,6396.330281159710,6.366167005674,-0.889404442475,-15.980125189887,55.640449438202,61,89,141,65,94311.075432400306,130,122,14089.668316840107,15223.666399999993,8406.883682340074,9209.609899999999,59.667009139542,60.495347559639,5682.784634500033,6014.056499999993,5062.226035100097,80,71,-12070.882355819933,-7185.699517559928,4885.182838260005,2010.167110360003,-7707.710528619862,-281.799293112027,-4.546906433351,-0.451760246457,-4670.773638879720,-270.682139573709,293.431112248687,58.772205027774,386.741718000002,64.232822628580,216.504496400028,-2.059337617403,-12841.746184923551,False,False
development,6.750000000000,45.000000000000,125,48390,408,408,1196,-421.852500000021,3558.220998459620,309.274000000001,3248.946998459620,-3980.073498459643,-3.980073498460,-2.648904051168,-3.144151161808,0.766686602097,13078.841824160154,284.346191304761,696.997619999998,47.058823529412,5037.505398739668,5.007539558664,-0.790088185207,-9.755082104068,37.080882352941,1,63,279,65,96019.926501540351,130,122,14089.668316840107,15223.666399999993,6819.212109960066,7547.952499999996,48.398670264010,49.580385576499,7270.456206880041,7675.713899999997,4113.524165640126,80,71,-12070.882355819933,-5991.192701699937,6079.689654119996,1531.731342240002,-5998.859459479817,-197.151831611131,-3.805198768620,-0.400557672307,-3311.948756459678,-191.935093598758,214.922318546147,43.047441267691,-94.904013999999,-15.762335466489,-1010.826492679953,-1.960021360134,-12855.508238638784,False,False
development,7.000000000000,45.000000000000,125,48390,408,408,1196,-447.352500000021,3558.215898459622,309.274000000001,3248.941898459621,-4005.568398459644,-4.005568398460,-2.650911755547,-3.138907116456,0.765542483102,13078.841824160154,285.560234161904,722.492519999999,47.058823529412,5063.000298739673,5.032882801040,-0.791145202867,-9.817569604068,37.080882352941,1,63,279,65,95994.431601540360,130,122,14089.668316840107,15223.666399999993,6819.212109960066,7547.952499999996,48.398670264010,49.580385576499,7270.456206880041,7675.713899999997,4113.524165640126,80,71,-12070.882355819933,-6016.687601699939,6054.194754119994,1531.731342240002,-6024.354359479818,-198.414714377916,-3.807206473000,-0.401701791302,-3337.443656459684,-193.412582043664,213.708275689004,42.804276951659,-120.398914000000,-19.996710278966,-1010.826492679953,-1.961078377794,-12881.610160067357,False,False
development,4.500000000000,45.000000000000,125,48390,410,410,1194,-460.759500000024,3575.702789059616,310.779000000000,3264.923789059616,-4036.462289059642,-4.036462289060,-2.692582817133,-3.197461802280,0.764160644628,13078.841824160154,278.376114190475,517.326655999997,46.829268292683,5093.894189339655,5.063592917865,-0.792411883527,-9.845029973316,37.078048780488,2,63,280,65,95963.537710940363,130,122,14089.668316840107,15223.666399999993,6819.212109960066,7547.952499999996,48.398670264010,49.580385576499,7270.456206880041,7675.713899999997,4113.524165640126,80,71,-12070.882355819933,-5644.195097699937,6426.687258119996,1649.274846240003,-6055.248250079816,-199.945034639524,-3.848877534586,-0.403083629777,-3368.337547059666,-195.202954485983,220.892395660433,44.243206070897,84.766950000002,14.078699583467,-1010.826492679953,-1.962345058454,-12885.403289881639,False,False
development,7.250000000000,45.000000000000,125,48390,408,408,1196,-472.852500000021,3558.210798459620,309.274000000001,3248.936798459619,-4031.063298459643,-4.031063298460,-2.652617817922,-3.133350216858,0.764401773735,13078.841824160154,286.774277019046,747.987419999998,47.058823529412,5088.495198739663,5.058226043417,-0.792191628570,-9.880057104068,37.080882352941,1,63,279,65,95968.936701540355,130,122,14089.668316840107,15223.666399999993,6819.212109960066,7547.952499999996,48.398670264010,49.580385576499,7270.456206880041,7675.713899999997,4113.524165640126,80,71,-12070.882355819933,-6042.182501699937,6028.699854119996,1531.731342240002,-6049.849259479817,-199.677597144701,-3.808912535374,-0.402842500670,-3362.938556459674,-194.890070488570,212.494232831862,42.561112635627,-145.893813999999,-24.231085091443,-1010.826492679953,-1.962124803498,-12907.712081495927,False,False
development,7.500000000000,45.000000000000,125,48390,408,408,1196,-498.352500000021,3558.205698459621,309.274000000001,3248.931698459621,-4056.558198459644,-4.056558198460,-2.654031695687,-3.127499760012,0.763264458775,13078.841824160154,287.988319876189,773.482319999999,47.058823529412,5113.990098739669,5.083569285794,-0.793227620730,-9.942544604068,37.085784313725,1,63,279,65,95943.441801540350,130,122,14089.668316840107,15223.666399999993,6819.212109960066,7547.952499999996,48.398670264010,49.580385576499,7270.456206880041,7675.713899999997,4113.524165640126,80,71,-12070.882355819933,-6067.677401699939,6003.204954119994,1531.731342240002,-6075.344159479819,-200.940479911486,-3.810326413139,-0.403979815629,-3388.433456459679,-196.367558933477,211.280189974719,42.317948319595,-171.388714000000,-28.465459903921,-1010.826492679953,-1.963160795658,-12933.814002924501,False,False
development,4.750000000000,45.000000000000,125,48390,410,410,1194,-514.509500000024,3575.703339059620,310.779000000000,3264.924339059619,-4090.212839059645,-4.090212839060,-2.702721432493,-3.196135449615,0.761768314022,13078.841824160154,280.935664190475,545.582305999999,46.829268292683,5147.644739339667,5.117023730166,-0.794579472006,-9.976128875755,37.078048780488,2,63,280,65,95909.787160940352,130,122,14089.668316840107,15223.666399999993,6819.212109960066,7547.952499999996,48.398670264010,49.580385576499,7270.456206880041,7675.713899999997,4113.524165640126,80,71,-12070.882355819933,-5697.945647699940,6372.936708119993,1621.019196240001,-6108.998800079819,-202.607553155001,-3.859016149946,-0.405475960382,-3422.088097059677,-198.317923226099,218.332845660433,43.730546059400,56.511300000000,9.385799722311,-1010.826492679953,-1.964512646934,-12946.084744881642,False,False
development,7.750000000000,45.000000000000,125,48390,408,408,1196,-523.852500000022,3558.200598459623,309.274000000001,3248.926598459622,-4082.053098459645,-4.082053098460,-2.655162791610,-3.121374393407,0.762130523095,13078.841824160154,289.202362733332,798.977220000000,47.058823529412,5139.484998739674,5.108912528170,-0.794253334616,-10.005032104068,37.085784313725,1,63,279,65,95917.946901540359,130,122,14089.668316840107,15223.666399999993,6819.212109960066,7547.952499999996,48.398670264010,49.580385576499,7270.456206880041,7675.713899999997,4113.524165640126,80,71,-12070.882355819933,-6093.172301699939,5977.710054119993,1531.731342240002,-6100.839059479819,-202.203362678271,-3.811457509063,-0.405113751309,-3413.928356459684,-197.845047378383,210.066147117576,42.074784003563,-196.883614000001,-32.699834716398,-1010.826492679953,-1.964186509544,-12959.915924353072,False,False
development,2.750000000000,45.000000000000,125,48390,412,412,1192,-579.703200000015,3593.140838519614,312.291000000000,3280.849838519614,-4172.844038519630,-4.172844038520,-2.830522672882,-3.377549155239,0.759843536120,13202.678448400155,271.976428461903,319.537105999997,46.844660194175,5230.275938799692,5.199163394012,-0.797824835123,-10.128262229417,36.601941747573,12,64,273,63,95827.155961480370,130,122,14089.668316840107,15223.666399999993,6819.212109960066,7547.952499999996,48.398670264010,49.580385576499,7270.456206880041,7675.713899999997,4113.524165640126,80,71,-12070.882355819933,-5419.067480999930,6651.814874820003,1886.111204040001,-6191.629999539804,-206.700666593249,-3.986817390335,-0.407400738284,-3504.719296519703,-203.106592426250,227.292081389005,45.525018482916,282.556500000002,46.928998611555,-886.989868439952,-1.967758010050,-12971.217924917342,False,False
development,3.500000000000,30.000000000000,125,48390,429,429,1175,644.601299999992,3741.750309619651,325.255000000001,3416.495309619650,-3097.149009619660,-3.097149009620,-2.097017112566,-2.425760125721,0.792942938074,11860.800170260149,232.075207157272,400.801855999999,48.251748251748,3854.673996739832,3.840342506564,-0.803478844706,-7.219461560885,25.892773892774,4,44,322,59,96902.850990380335,130,122,14089.668316840107,15223.666399999993,5669.252647500083,6391.514000000005,40.236948947365,41.984065021288,8420.415669340024,8832.152399999988,3412.191383120125,80,73,-12070.882355819933,-4331.928202019944,7738.954153799988,2147.760367000003,-5115.934970639834,-153.416413102781,-3.253311830019,-0.374301336330,-2129.117354459842,-123.387277026538,267.193302693636,53.516954789203,201.291750000000,33.431969380522,-2228.868146579958,-1.973412019634,-12973.201915233039,False,False
development,1.750000000000,60.000000000000,125,48390,394,394,1210,-1728.079400000009,3436.123339159616,298.522000000000,3137.601339159615,-5164.202739159626,-5.164202739160,-3.176913386879,-3.689617148689,0.731453086497,14065.967035620157,203.791505823999,208.225331999999,46.446700507614,6477.006210539737,6.428460107349,-0.797313229491,-13.107113551167,43.284263959391,50,77,202,65,94835.797260840380,130,122,14089.668316840107,15223.666399999993,7745.789025280072,8468.013200000003,54.974956479438,55.624006579650,6343.879291560035,6755.653199999990,4093.110258100101,80,72,-12070.882355819933,-6227.265027899909,5843.617327920024,1994.270290360004,-7182.988700179800,-255.807343565533,-4.333208104332,-0.435791187908,-4751.449568259748,-275.357496348635,295.477004026909,59.181982880343,393.868274000000,65.416451873100,-23.701281219950,-1.967246404419,-12980.275431654380,False,False
development,6.750000000000,30.000000000000,125,48390,428,428,1176,620.281299999990,3733.120465619651,324.520000000001,3408.600465619651,-3112.839165619662,-3.112839165620,-2.156004042892,-2.512689330961,0.792112051333,11860.800170260149,239.810451066363,666.855055999998,48.364485981308,3870.364152739829,3.855974327329,-0.804275526223,-7.272988704719,25.997663551402,0,44,324,60,96887.160834380338,130,122,14089.668316840107,15223.666399999993,5669.252647500083,6391.514000000005,40.236948947365,41.984065021288,8420.415669340024,8832.152399999988,3412.191383120125,80,73,-12070.882355819933,-4515.491482019946,7555.390873799987,2147.760367000003,-5131.625126639836,-154.193620607834,-3.312298760345,-0.375132223072,-2144.807510459839,-124.296557870502,259.458058784545,51.967639389479,-64.761450000000,-10.756043471420,-2228.868146579958,-1.974208701151,-12992.759693187587,False,False
development,7.000000000000,30.000000000000,125,48390,428,428,1176,620.281299999990,3733.120465619651,324.520000000001,3408.600465619651,-3112.839165619662,-3.112839165620,-2.156004042892,-2.512689330961,0.792112051333,11860.800170260149,239.810451066363,666.855055999998,48.364485981308,3870.364152739829,3.855974327329,-0.804275526223,-7.272988704719,25.997663551402,0,44,324,60,96887.160834380338,130,122,14089.668316840107,15223.666399999993,5669.252647500083,6391.514000000005,40.236948947365,41.984065021288,8420.415669340024,8832.152399999988,3412.191383120125,80,73,-12070.882355819933,-4515.491482019946,7555.390873799987,2147.760367000003,-5131.625126639836,-154.193620607834,-3.312298760345,-0.375132223072,-2144.807510459839,-124.296557870502,259.458058784545,51.967639389479,-64.761450000000,-10.756043471420,-2228.868146579958,-1.974208701151,-12992.759693187587,False,False
development,7.250000000000,30.000000000000,125,48390,428,428,1176,620.281299999990,3733.120465619651,324.520000000001,3408.600465619651,-3112.839165619662,-3.112839165620,-2.156004042892,-2.512689330961,0.792112051333,11860.800170260149,239.810451066363,666.855055999998,48.364485981308,3870.364152739829,3.855974327329,-0.804275526223,-7.272988704719,25.997663551402,0,44,324,60,96887.160834380338,130,122,14089.668316840107,15223.666399999993,5669.252647500083,6391.514000000005,40.236948947365,41.984065021288,8420.415669340024,8832.152399999988,3412.191383120125,80,73,-12070.882355819933,-4515.491482019946,7555.390873799987,2147.760367000003,-5131.625126639836,-154.193620607834,-3.312298760345,-0.375132223072,-2144.807510459839,-124.296557870502,259.458058784545,51.967639389479,-64.761450000000,-10.756043471420,-2228.868146579958,-1.974208701151,-12992.759693187587,False,False
development,7.500000000000,30.000000000000,125,48390,428,428,1176,620.281299999990,3733.120465619651,324.520000000001,3408.600465619651,-3112.839165619662,-3.112839165620,-2.156004042892,-2.512689330961,0.792112051333,11860.800170260149,239.810451066363,666.855055999998,48.364485981308,3870.364152739829,3.855974327329,-0.804275526223,-7.272988704719,25.997663551402,0,44,324,60,96887.160834380338,130,122,14089.668316840107,15223.666399999993,5669.252647500083,6391.514000000005,40.236948947365,41.984065021288,8420.415669340024,8832.152399999988,3412.191383120125,80,73,-12070.882355819933,-4515.491482019946,7555.390873799987,2147.760367000003,-5131.625126639836,-154.193620607834,-3.312298760345,-0.375132223072,-2144.807510459839,-124.296557870502,259.458058784545,51.967639389479,-64.761450000000,-10.756043471420,-2228.868146579958,-1.974208701151,-12992.759693187587,False,False
development,7.750000000000,30.000000000000,125,48390,428,428,1176,620.281299999990,3733.120465619651,324.520000000001,3408.600465619651,-3112.839165619662,-3.112839165620,-2.156004042892,-2.512689330961,0.792112051333,11860.800170260149,239.810451066363,666.855055999998,48.364485981308,3870.364152739829,3.855974327329,-0.804275526223,-7.272988704719,25.997663551402,0,44,324,60,96887.160834380338,130,122,14089.668316840107,15223.666399999993,5669.252647500083,6391.514000000005,40.236948947365,41.984065021288,8420.415669340024,8832.152399999988,3412.191383120125,80,73,-12070.882355819933,-4515.491482019946,7555.390873799987,2147.760367000003,-5131.625126639836,-154.193620607834,-3.312298760345,-0.375132223072,-2144.807510459839,-124.296557870502,259.458058784545,51.967639389479,-64.761450000000,-10.756043471420,-2228.868146579958,-1.974208701151,-12992.759693187587,False,False
development,8.000000000000,30.000000000000,125,48390,428,428,1176,620.281299999990,3733.120465619651,324.520000000001,3408.600465619651,-3112.839165619662,-3.112839165620,-2.156004042892,-2.512689330961,0.792112051333,11860.800170260149,239.810451066363,666.855055999998,48.364485981308,3870.364152739829,3.855974327329,-0.804275526223,-7.272988704719,25.997663551402,0,44,324,60,96887.160834380338,130,122,14089.668316840107,15223.666399999993,5669.252647500083,6391.514000000005,40.236948947365,41.984065021288,8420.415669340024,8832.152399999988,3412.191383120125,80,73,-12070.882355819933,-4515.491482019946,7555.390873799987,2147.760367000003,-5131.625126639836,-154.193620607834,-3.312298760345,-0.375132223072,-2144.807510459839,-124.296557870502,259.458058784545,51.967639389479,-64.761450000000,-10.756043471420,-2228.868146579958,-1.974208701151,-12992.759693187587,False,False
development,6.000000000000,30.000000000000,125,48390,428,428,1176,606.281299999990,3733.123265619650,324.520000000001,3408.603265619650,-3126.841965619661,-3.126841965620,-2.160276995065,-2.515255064038,0.791371989185,11860.800170260149,240.446941975454,680.857855999998,48.364485981308,3884.366952739831,3.869925065600,-0.804981095675,-7.305705527149,25.992990654206,1,44,323,60,96873.158034380336,130,122,14089.668316840107,15223.666399999993,5669.252647500083,6391.514000000005,40.236948947365,41.984065021288,8420.415669340024,8832.152399999988,3412.191383120125,80,73,-12070.882355819933,-4515.491482019946,7555.390873799987,2147.760367000003,-5145.627926639835,-154.887245403646,-3.316571712517,-0.375872285220,-2158.810310459841,-125.108052530075,258.821567875454,51.840154700072,-78.764249999999,-13.081728358364,-2228.868146579958,-1.974914270603,-13007.080738642131,False,False
development,4.250000000000,45.000000000000,125,48390,410,410,1194,-615.157500000024,3575.792827899620,310.786000000000,3265.006827899620,-4190.950327899645,-4.190950327900,-2.719739244208,-3.191802213478,0.757324796327,13078.841824160154,280.156172468570,489.071005999998,46.829268292683,5248.382228179689,5.217161977270,-0.798522315200,-10.221830068048,37.031707317073,3,63,279,65,95809.049672100358,130,122,14089.668316840107,15223.666399999993,6819.212109960066,7547.952499999996,48.398670264010,49.580385576499,7270.456206880041,7675.713899999997,4113.524165640126,80,71,-12070.882355819933,-5590.444547699939,6480.437808119994,1677.530496240001,-6209.736288919819,-207.597556591972,-3.876033961661,-0.409919478078,-3522.825585899700,-204.155893790016,219.112337382338,43.886672814147,113.022600000001,18.771599444622,-1010.826492679953,-1.968455490128,-13035.130227860691,False,False
development,6.250000000000,30.000000000000,125,48390,428,428,1176,578.281299999990,3733.128865619649,324.520000000001,3408.608865619648,-3154.847565619660,-3.154847565620,-2.168507789318,-2.519966843272,0.789896005746,11860.800170260149,241.719923793636,708.863455999996,48.364485981308,3912.372552739820,3.897826542143,-0.806377082727,-7.371139172009,25.992990654206,1,44,323,60,96845.152434380347,130,122,14089.668316840107,15223.666399999993,5669.252647500083,6391.514000000005,40.236948947365,41.984065021288,8420.415669340024,8832.152399999988,3412.191383120125,80,73,-12070.882355819933,-4515.491482019946,7555.390873799987,2147.760367000003,-5173.633526639834,-156.274494995269,-3.324802506771,-0.377348268658,-2186.815910459831,-126.731041849219,257.548586057273,51.585185321258,-106.769849999997,-17.733098132252,-2228.868146579958,-1.976310257655,-13035.722829551221,False,False
development,6.500000000000,30.000000000000,125,48390,428,428,1176,550.281299999990,3733.134465619650,324.520000000001,3408.614465619650,-3182.853165619661,-3.182853165620,-2.176325141338,-2.524135415800,0.788425517754,11860.800170260149,242.992905611817,736.869055999998,48.364485981308,3940.378152739824,3.925728018687,-0.807753226275,-7.436572816868,25.995327102804,1,44,323,60,96817.146834380343,130,122,14089.668316840107,15223.666399999993,5669.252647500083,6391.514000000005,40.236948947365,41.984065021288,8420.415669340024,8832.152399999988,3412.191383120125,80,73,-12070.882355819933,-4515.491482019946,7555.390873799987,2147.760367000003,-5201.639126639836,-157.661744586892,-3.332619858791,-0.378818756650,-2214.821510459835,-128.354031168364,256.275604239091,51.330215942443,-134.775449999999,-22.384467906141,-2228.868146579958,-1.977686401203,-13064.364920460313,False,False
development,3.500000000000,45.000000000000,125,48390,410,410,1194,-673.612500000021,3575.697366459618,310.786000000000,3264.911366459618,-4249.309866459642,-4.249309866460,-2.705834636430,-3.152580607965,0.754774199676,13078.841824160154,281.088608495237,404.304055999999,46.829268292683,5306.741766739680,5.275174361343,-0.800738014631,-10.364170405999,36.921951219512,5,63,278,64,95750.690133540353,130,122,14089.668316840107,15223.666399999993,6819.212109960066,7547.952499999996,48.398670264010,49.580385576499,7270.456206880041,7675.713899999997,4113.524165640126,80,71,-12070.882355819933,-5429.192897699941,6641.689458119992,1762.297446240000,-6268.095827479816,-210.488380071372,-3.862129353883,-0.412470074728,-3581.185124459691,-207.537964081425,218.179901355671,43.699912381981,197.789550000000,32.850299028088,-1010.826492679953,-1.970671189559,-13077.002594434020,False,False
development,3.750000000000,30.000000000000,125,48390,429,429,1175,538.101299999992,3741.740209619650,325.255000000001,3416.485209619650,-3203.638909619659,-3.203638909620,-2.117361154561,-2.429124051230,0.787337657072,11860.800170260149,236.915657157272,428.807455999998,48.251748251748,3961.163896739818,3.946436482303,-0.808762018723,-7.467689766013,25.902097902098,4,44,322,59,96796.361090380335,130,122,14089.668316840107,15223.666399999993,5669.252647500083,6391.514000000005,40.236948947365,41.984065021288,8420.415669340024,8832.152399999988,3412.191383120125,80,73,-12070.882355819933,-4357.423102019946,7713.459253799987,2147.760367000003,-5222.424870639834,-158.691360623527,-3.273655872013,-0.379906617332,-2235.607254459828,-129.558613127061,262.352852693636,52.547446417556,173.286150000001,28.780599606634,-2228.868146579958,-1.978695193651,-13082.112040233040,False,False
development,3.250000000000,30.000000000000,125,48390,429,429,1175,497.733499999994,3741.816699179650,325.255000000001,3416.561699179649,-3244.083199179656,-3.244083199180,-2.208994053725,-2.556198429830,0.785229510230,11860.800170260149,239.048383046363,372.796255999997,48.251748251748,4001.608186299840,3.986730401964,-0.810694862702,-7.561965499253,25.836829836830,6,44,320,59,96755.916800820341,130,122,14089.668316840107,15223.666399999993,5669.252647500083,6391.514000000005,40.236948947365,41.984065021288,8420.415669340024,8832.152399999988,3412.191383120125,80,73,-12070.882355819933,-4469.502709379940,7601.379646439993,2147.760367000003,-5262.869160199830,-160.694757236190,-3.365288771178,-0.382014764175,-2276.051544019851,-131.902453286754,260.220126804545,52.120276298269,229.297350000002,38.083339154411,-2228.868146579958,-1.980628037630,-13123.622692737581,False,False
development,4.000000000000,30.000000000000,125,48390,429,429,1175,431.601299999992,3741.731579619649,325.255000000001,3416.476579619648,-3310.130279619658,-3.310130279620,-2.134908456089,-2.430153144485,0.781810991056,11860.800170260149,241.756173975454,456.813055999996,48.251748251748,4067.655266739821,4.052531922576,-0.813768636365,-7.715921397715,25.902097902098,4,44,322,59,96689.869720380346,130,122,14089.668316840107,15223.666399999993,5669.252647500083,6391.514000000005,40.236948947365,41.984065021288,8420.415669340024,8832.152399999988,3412.191383120125,80,73,-12070.882355819933,-4382.918002019944,7687.964353799989,2147.760367000003,-5328.916240639833,-163.966380960313,-3.291203173542,-0.385433283349,-2342.098624459832,-135.730034417485,257.512335875454,51.577924662694,145.280550000003,24.129229832745,-2228.868146579958,-1.983701811293,-13191.023668642129,False,False
development,3.750000000000,45.000000000000,125,48390,410,410,1194,-808.112500000022,3575.711958459619,310.786000000000,3264.925958459618,-4383.824458459642,-4.383824458460,-2.721401276508,-3.140686824282,0.748960188123,13078.841824160154,287.494065257142,432.559705999998,46.829268292683,5441.256358739673,5.408888786905,-0.805664017542,-10.692254776731,36.934146341463,5,63,278,64,95616.175541540360,130,122,14089.668316840107,15223.666399999993,6819.212109960066,7547.952499999996,48.398670264010,49.580385576499,7270.456206880041,7675.713899999997,4113.524165640126,80,71,-12070.882355819933,-5482.943447699939,6587.938908119993,1734.041796240002,-6402.610419479816,-217.151522900641,-3.877695993961,-0.418284086281,-3715.699716459683,-215.333395926668,211.774444593766,42.416944072240,169.533900000001,28.157399166933,-1010.826492679953,-1.975597192470,-13220.371044814972,False,False
development,2.750000000000,30.000000000000,125,48390,431,431,1173,413.923499999994,3759.207962139648,326.767000000001,3432.440962139648,-3345.284462139654,-3.345284462140,-2.312096455160,-2.686434773626,0.781780714582,11984.636794500148,238.677557191817,316.785055999997,48.259860788863,4082.546039819790,4.067367332487,-0.819411325558,-7.761680886635,25.733178654292,9,45,319,58,96654.715537860349,130,122,14089.668316840107,15223.666399999993,5669.252647500083,6391.514000000005,40.236948947365,41.984065021288,8420.415669340024,8832.152399999988,3412.191383120125,80,73,-12070.882355819933,-4388.156839379942,7682.725516439991,2124.105637000002,-5364.070423159828,-165.707733594955,-3.468391172612,-0.385463559823,-2356.989397539801,-136.592989171627,260.590952659091,52.194550130331,285.308550000002,47.386078702188,-2105.031522339959,-1.989344500486,-13229.369488770306,False,False
development,3.000000000000,45.000000000000,125,48390,412,412,1192,-873.708200000016,3593.079530399611,312.284000000000,3280.795530399611,-4466.787730399627,-4.466787730400,-2.944124682298,-3.463016546291,0.747203106360,13202.684651520158,285.974042509523,347.792755999999,46.844660194175,5524.219630679669,5.491358547883,-0.808582574377,-10.841717792232,36.708737864078,11,64,274,63,95533.212269600379,130,122,14089.668316840107,15223.666399999993,6819.212109960066,7547.952499999996,48.398670264010,49.580385576499,7270.456206880041,7675.713899999997,4113.524165640126,80,71,-12070.882355819933,-5582.079080999934,6488.803274819998,1830.350054040001,-6485.573691419801,-221.261085456646,-4.100419399750,-0.420041168044,-3798.662988399679,-220.141309495380,213.294467341386,42.721394026048,254.300850000000,42.236098750399,-886.983665319949,-1.978515749305,-13283.312653821147,False,False
development,2.500000000000,30.000000000000,125,48390,432,432,1172,355.273499999995,3767.841677139653,327.502000000001,3440.339677139652,-3412.568177139659,-3.412568177140,-2.279336814375,-2.618588230226,0.778364437999,11984.636794500148,234.377209191817,288.779455999998,48.148148148148,4173.943934259820,4.158425414007,-0.817588408203,-7.899463373008,25.629629629630,11,45,318,58,96587.431822860337,130,122,14089.668316840107,15223.666399999993,5669.252647500083,6391.514000000005,40.236948947365,41.984065021288,8420.415669340024,8832.152399999988,3412.191383120125,80,73,-12070.882355819933,-4308.151039379945,7762.731316439987,2151.611137000001,-5431.354138159833,-169.040613667392,-3.435631531828,-0.388879836406,-2448.387291979830,-141.889708630182,264.891300659091,53.055879838725,313.314150000001,52.037448476077,-2105.031522339959,-1.987521583131,-13289.001929770311,False,False
development,3.250000000000,45.000000000000,125,48390,411,411,1193,-939.172500000016,3584.473298459618,311.542000000000,3272.931298459618,-4523.645798459635,-4.523645798460,-2.896570995695,-3.371011088378,0.743010993932,13078.841824160154,288.187849923808,376.048405999997,46.715328467153,5581.077698739668,5.547878393025,-0.810532668176,-11.006437465839,36.790754257908,7,63,277,64,95476.354201540365,130,122,14089.668316840107,15223.666399999993,6819.212109960066,7547.952499999996,48.398670264010,49.580385576499,7270.456206880041,7675.713899999997,4113.524165640126,80,71,-12070.882355819933,-5644.956239699934,6425.926116119999,1790.553096240002,-6542.431759479809,-224.077534013247,-4.052865713148,-0.424233280472,-3855.521056459678,-223.436366097224,211.080659927100,42.277983842829,226.045200000002,37.543198889244,-1010.826492679953,-1.980465843104,-13349.237017148298,False,False
development,4.000000000000,45.000000000000,125,48390,410,410,1194,-942.612500000022,3575.708928459620,310.786000000000,3264.922928459619,-4518.321428459643,-4.518321428460,-2.733368729767,-3.126296555397,0.743235806613,13078.841824160154,293.898682876189,460.815355999996,46.829268292683,5575.753328739665,5.542585695293,-0.810351742996,-11.020296166975,36.934146341463,5,63,278,64,95481.678571540353,130,122,14089.668316840107,15223.666399999993,6819.212109960066,7547.952499999996,48.398670264010,49.580385576499,7270.456206880041,7675.713899999997,4113.524165640126,80,71,-12070.882355819933,-5536.693997699937,6534.188358119996,1705.786146240003,-6537.107389479817,-223.813792829050,-3.889663447220,-0.424008467791,-3850.196686459676,-223.127806536237,205.369826974719,41.134143836960,141.278250000003,23.464499305778,-1010.826492679953,-1.980284917924,-13363.721453624497,False,False
development,3.000000000000,30.000000000000,125,48390,431,431,1173,223.073499999995,3759.198129019644,326.767000000001,3432.431129019643,-3536.124629019649,-3.536124629020,-2.370604895071,-2.723459835193,0.772168186904,11984.642997620151,247.352392191817,344.790655999999,48.259860788863,4293.649616139839,4.277686035992,-0.823570841861,-8.204465496565,25.791183294664,8,45,320,58,96463.875370980357,130,122,14089.668316840107,15223.666399999993,5669.252647500083,6391.514000000005,40.236948947365,41.984065021288,8420.415669340024,8832.152399999988,3412.191383120125,80,73,-12070.882355819933,-4417.002409379940,7653.879946439993,2147.760367000003,-5554.910590039823,-175.160948079543,-3.526899612524,-0.395076087500,-2568.092973859850,-148.826929869228,251.916117659091,50.457041188982,257.302950000000,42.734708928299,-2105.025319219956,-1.993504016788,-13419.816127150300,False,False
development,2.250000000000,30.000000000000,125,48390,432,432,1172,217.453499999993,3767.803704699656,327.502000000001,3440.301704699655,-3550.350204699665,-3.550350204700,-2.431761275077,-2.809231095189,0.771461012173,11984.636794500148,232.908808671818,260.773855999996,48.148148148148,4287.611782379769,4.271670650604,-0.828048429965,-8.218403251620,25.564814814815,15,45,316,56,96449.649795300342,130,122,14089.668316840107,15223.666399999993,5669.252647500083,6391.514000000005,40.236948947365,41.984065021288,8420.415669340024,8832.152399999988,3412.191383120125,80,73,-12070.882355819933,-4329.915589379941,7740.966766439992,2179.116637000002,-5569.136165719839,-175.865608006583,-3.588055992530,-0.395783262231,-2562.055140099779,-148.477023432538,266.359701179090,53.349990220419,341.319750000002,56.688818249965,-2105.031522339959,-1.997981604893,-13420.548657070318,False,False
development,2.000000000000,30.000000000000,125,48390,434,434,1170,178.470199999990,3785.253711839645,329.000000000001,3456.253711839644,-3606.783511839655,-3.606783511840,-2.431726924033,-2.794381517970,0.767136741894,11882.064068400148,218.142388914545,232.768255999998,47.926267281106,4396.400623959838,4.380055020570,-0.820394641058,-8.310561087188,25.380184331797,19,44,315,56,96393.216488160338,130,123,14089.668316840107,15223.666399999993,5669.252647500083,6391.514000000005,40.236948947365,41.984065021288,8420.415669340024,8832.152399999988,3191.499171120127,80,73,-12070.882355819933,-4305.738014179946,7765.144341639987,2206.622137000001,-5625.569472859829,-178.661016149379,-3.588021641486,-0.400107532510,-2670.843981679849,-154.781588516900,281.126120936363,56.307601098318,369.325350000001,61.340188023854,-2207.604248439959,-1.990327815985,-13464.097654331672,False,False
development,1.750000000000,75.000000000000,125,48390,372,372,1232,-2763.750300000049,3244.525397699637,281.876000000000,2962.649397699637,-6008.275697699684,-6.008275697700,-3.603077930118,-4.088363826662,0.696952524326,13817.910560180137,205.416910528420,215.306339999998,44.892473118280,6585.165026579707,6.557968880111,-0.912395615516,-16.151278757257,50.077956989247,60,81,163,68,93991.724302300310,130,123,14089.668316840107,15223.666399999993,8111.186660220073,8855.535599999990,57.568329344741,58.169532669213,5978.481656620034,6368.130800000003,4599.812295140109,80,72,-12070.882355819933,-6868.249954519933,5202.632401299999,1961.427460240004,-8027.061658719858,-297.618262347310,-4.759372647571,-0.470291750079,-4859.608384299718,-281.625549995200,293.851599322488,58.856425655653,386.787266000001,64.240387565252,-271.757756659970,-2.082328790444,-13466.332023630648,False,False
development,2.500000000000,45.000000000000,125,48390,414,414,1190,-1239.998200000014,3610.390850479615,313.789000000000,3296.601850479615,-4850.389050479631,-4.850389050480,-3.026670154073,-3.482789236930,0.731326044686,13202.678448400155,274.466269678094,293.708232000000,46.618357487923,5770.898340759639,5.744388457039,-0.840491161700,-11.715915580869,36.369565217391,18,64,271,61,95149.610949520371,130,122,14089.668316840107,15223.666399999993,6819.212109960066,7547.952499999996,48.398670264010,49.580385576499,7270.456206880041,7675.713899999997,4113.524165640126,80,71,-12070.882355819933,-5256.055880999939,6814.826474819994,1941.872354039999,-6869.175011499805,-240.262669947860,-4.182964871525,-0.435918229719,-4045.341698479649,-234.436911507843,224.802240172814,45.026320654580,308.385373999998,51.218842207735,-886.989868439952,-2.010424336628,-13638.855627485438,False,False
development,1.500000000000,45.000000000000,125,48390,427,427,1177,-1265.464800000026,3723.755570399610,323.540000000001,3400.215570399610,-4989.220370399637,-4.989220370400,-3.158677851371,-3.639187020471,0.730191862638,13502.513864080163,175.522414692726,179.731031999998,46.604215456674,6073.196469479692,6.038687193716,-0.821514732064,-11.684356839343,34.587822014052,56,65,250,56,95010.779629600365,130,123,14089.668316840107,15223.666399999993,6819.212109960066,7544.802499999996,48.398670264010,49.559694108904,7270.456206880041,7678.863899999997,3369.150668320117,80,71,-12070.882355819933,-4899.750663699948,7171.131692119985,2032.197390000001,-7008.006331419811,-247.139640691695,-4.314972568824,-0.437052411766,-4347.639827199702,-251.955787522288,323.746095158182,64.844084649933,422.362574000001,70.148988428222,-587.154452759944,-1.991447906992,-13710.150012720762,False,False
development,2.250000000000,45.000000000000,125,48390,414,414,1190,-1407.003000000020,3610.356341599614,313.789000000000,3296.567341599613,-5017.359341599635,-5.017359341600,-3.167764104356,-3.652738743957,0.724624097961,13202.678448400155,255.583628177142,265.213931999999,46.618357487923,5965.363131879654,5.936335263619,-0.841081964447,-12.119225462801,36.130434782609,26,64,265,59,94982.640658400371,130,122,14089.668316840107,15223.666399999993,6819.212109960066,7547.952499999996,48.398670264010,49.580385576499,7270.456206880041,7675.713899999997,3987.089101320119,80,71,-12070.882355819933,-5340.320566799932,6730.561789020001,1997.633504040002,-7036.145302619809,-248.533496788543,-4.324058821809,-0.442620176443,-4239.806489599665,-245.706596104407,243.684881673767,48.808382036058,336.879674000000,55.951378762856,-886.989868439952,-2.011015139374,-13785.232367854966,False,False
development,2.000000000000,45.000000000000,125,48390,416,416,1188,-1435.253100000026,3627.841250299610,315.294000000001,3312.547250299609,-5063.094350299637,-5.063094350300,-3.194054627511,-3.678976962236,0.721932344174,13145.044008160155,229.501795150475,236.719631999998,46.394230769231,6061.109359379625,6.029965741944,-0.835341197476,-12.170899880528,35.759615384615,33,63,262,58,94936.905649700362,130,123,14089.668316840107,15223.666399999993,6819.212109960066,7547.952499999996,48.398670264010,49.580385576499,7270.456206880041,7675.713899999997,3710.119349320121,80,71,-12070.882355819933,-5261.179345899940,6809.703009919993,2053.394654039999,-7081.880311319811,-250.798967699431,-4.350349344963,-0.445311930231,-4335.552717099636,-251.255311524926,269.766714700433,54.032391263970,365.373974000001,60.683915317978,-944.624308679951,-2.005274372404,-13806.774230041636,False,False
development,1.750000000000,30.000000000000,125,48390,438,438,1166,-236.745000000008,3819.952254199627,331.919000000001,3488.033254199626,-4056.697254199637,-4.056697254200,-2.758509244954,-3.161163154514,0.746777218743,11963.572462700151,199.164485118181,206.514505999996,47.716894977169,4654.686094599776,4.643867710003,-0.871529716882,-9.261865877168,25.214611872146,28,44,312,54,95943.302745800363,130,123,14089.668316840107,15223.666399999993,5669.252647500083,6390.359000000006,40.236948947365,41.976478149837,8420.415669340024,8833.307399999987,2993.220872720129,80,73,-12070.882355819933,-4150.987290339937,7919.895065479996,2230.556122840005,-6075.483215219811,-200.947367998816,-3.914803962406,-0.420467055661,-2929.129452319787,-169.749829159448,300.104024732727,60.108742853088,395.579100000003,65.700598056177,-2126.095854139956,-2.041462891809,-13899.735647625470,False,False
development,1.500000000000,30.000000000000,125,48390,442,442,1162,-237.949000000012,3854.886568679642,334.964000000001,3519.922568679641,-4092.835568679657,-4.092835568680,-2.714818585143,-3.073624535888,0.746405692636,12046.468232060157,173.746761076521,178.271737999997,47.511312217195,4753.141445379806,4.740793803569,-0.861080112114,-9.259808978913,24.925339366516,42,45,302,53,95907.164431320343,130,123,14089.668316840107,15223.666399999993,5669.252647500083,6390.359000000006,40.236948947365,41.976478149837,8420.415669340024,8833.307399999987,3069.703870480132,80,73,-12070.882355819933,-4169.449695099951,7901.432660719982,2157.882521999999,-6111.621529699831,-202.737469335847,-3.871113302596,-0.420838581768,-3027.584803099817,-175.455544542395,325.521748774387,65.199735683629,423.821868000002,70.391358382903,-2043.200084779950,-2.031013287041,-13937.699820252661,False,False
development,1.750000000000,45.000000000000,125,48390,420,420,1184,-1884.312500000030,3662.678088819592,318.220000000001,3344.458088819591,-5546.990588819623,-5.546990588820,-3.575846557769,-4.114325473963,0.702071910798,13071.564659440159,203.086034001904,208.225331999999,46.190476190476,6600.005597899624,6.564297438892,-0.840452406674,-13.207120449571,35.342857142857,44,62,257,57,94453.009411180377,130,123,14089.668316840107,15223.666399999993,6819.212109960066,7544.802499999996,48.398670264010,49.559694108904,7270.456206880041,7678.863899999997,3311.817456320121,80,71,-12070.882355819933,-4972.830875319936,7098.051480499997,2108.367246360005,-7565.776549839797,-274.768633026183,-4.732141275222,-0.465172363607,-4874.448955619635,-282.485595441190,296.182475849004,59.323283965466,393.868274000000,65.416451873100,-1018.103657399948,-2.010385581602,-14266.468069523335,False,False
