signal_time,entry_time,exit_time,direction,entry_z,signal_nvda_close,signal_nvda_vwap,signal_qqq_vwap,signal_fair_nvda,entry_reference,entry_price,exit_reference,exit_price,shares,stop_usd_per_share,target_usd_per_share,gross_risk_usd,gross_reward_usd,risk_reward_ratio,stop_price,target_price,exit_reason,duration_bars,gross_pnl,slippage,commissions,costs,net_pnl
2025-08-22 10:00:00-04:00,2025-08-22 10:01:00-04:00,2025-08-22 10:08:00-04:00,LONG,-3.863034732278853,175.715,173.48053983297888,565.6508213340196,177.15085233457842,175.72,175.755144,176.97,176.934606,113,3.0,1.25,339.0,141.25,0.4166666666666667,172.72,176.97,TAKE_PROFIT_BRACKET,7,141.25,7.9707939999998985,0.791,8.761793999999899,132.4882060000001
2025-08-22 12:56:00-04:00,2025-08-22 12:57:00-04:00,2025-08-22 15:59:00-04:00,SHORT,2.99334252457284,176.965,176.2867099031977,570.8724329871194,176.14518113025912,176.97,176.934606,178.02,178.05560400000002,113,3.0,1.25,339.0,141.25,0.4166666666666667,179.97,175.72,FORCED_EOD,182,-118.65000000000128,8.02277400000034,0.791,8.81377400000034,-127.46377400000162
2025-08-25 11:02:00-04:00,2025-08-25 11:03:00-04:00,2025-08-25 15:59:00-04:00,SHORT,2.6512405667010905,180.295,178.4907445458067,570.8527353298789,179.23773367478688,180.29,180.253942,179.04,179.075808,110,3.0,1.25,330.0,137.5,0.4166666666666667,183.29,179.04,TAKE_PROFIT_BRACKET,296,137.5,7.905259999999998,0.77,8.675259999999998,128.82474
2025-08-26 13:35:00-04:00,2025-08-26 13:36:00-04:00,2025-08-26 15:59:00-04:00,SHORT,2.7338644823896834,181.595,180.75056598625739,570.8223222661072,180.89528372423038,181.6,181.56368,181.7,181.73633999999998,110,3.0,1.25,330.0,137.5,0.4166666666666667,184.6,180.35,FORCED_EOD,143,-10.999999999999375,7.992599999998333,0.77,8.762599999998333,-19.762599999997708
2025-08-27 12:20:00-04:00,2025-08-27 12:21:00-04:00,2025-08-27 15:59:00-04:00,LONG,-2.6000943297261414,181.59,181.09228609715353,572.357584902685,181.15890141612337,181.5946,181.63091892,181.6,181.56368,110,3.0,1.25,330.0,137.5,0.4166666666666667,178.5946,182.8446,FORCED_EOD,218,0.593999999997834,7.990281199997185,0.77,8.760281199997184,-8.16628119999935
2025-08-28 11:54:00-04:00,2025-08-28 11:55:00-04:00,2025-08-28 12:53:00-04:00,LONG,-2.6146474324419886,178.695,179.58317452084015,574.9347668339256,179.6584996274675,178.69,178.725738,179.94,179.904012,111,3.0,1.25,333.0,138.75,0.4166666666666667,175.69,179.94,TAKE_PROFIT_BRACKET,58,138.75,7.961586000001375,0.777,8.738586000001375,130.01141399999864
2025-08-28 13:09:00-04:00,2025-08-28 13:10:00-04:00,2025-08-28 13:29:00-04:00,LONG,-2.541168056528706,178.715,179.53498540513814,575.2211120629402,179.8281531287235,178.715,178.750743,179.965,179.929007,111,3.0,1.25,333.0,138.75,0.4166666666666667,175.715,179.965,TAKE_PROFIT_BRACKET,19,138.75,7.962695999998573,0.777,8.739695999998572,130.01030400000144
2025-08-28 14:24:00-04:00,2025-08-28 14:25:00-04:00,2025-08-28 15:59:00-04:00,SHORT,3.256538897873423,180.68,179.58146825171252,575.4426491033462,180.01968967989126,180.6817,180.64556366000002,180.2,180.23603999999997,110,3.0,1.25,330.0,137.5,0.4166666666666667,183.6817,179.4317,FORCED_EOD,94,52.987000000001956,7.939397399996722,0.77,8.709397399996721,44.27760260000524
2025-08-29 10:50:00-04:00,2025-08-29 10:51:00-04:00,2025-08-29 11:21:00-04:00,LONG,-2.6093495339749095,173.5999,175.0686612511528,571.4858511130088,174.74385043053286,173.5942,173.62891883999998,174.8442,174.80923116,115,3.0,1.25,345.0,143.75,0.4166666666666667,170.5942,174.8442,TAKE_PROFIT_BRACKET,30,143.75,8.01408319999851,0.805,8.81908319999851,134.93091680000148
2025-08-29 13:05:00-04:00,2025-08-29 13:06:00-04:00,2025-08-29 15:59:00-04:00,LONG,-3.242592883547234,173.6601,174.75651859282382,570.8863741419792,174.51672419084676,173.66,173.694732,174.28,174.245144,115,3.0,1.25,345.0,143.75,0.4166666666666667,170.66,174.91,FORCED_EOD,173,71.30000000000052,8.002619999997904,0.805,8.807619999997904,62.49238000000262
2025-09-02 12:08:00-04:00,2025-09-02 12:09:00-04:00,2025-09-02 12:42:00-04:00,LONG,-2.5711063910913716,167.26,169.58769895192765,562.6263565750927,168.2502751873719,167.25,167.28345,168.5,168.4663,119,3.0,1.25,357.0,148.75,0.4166666666666667,164.25,168.5,TAKE_PROFIT_BRACKET,33,148.75,7.990849999999767,0.833,8.823849999999767,139.92615000000023
2025-09-02 15:31:00-04:00,2025-09-02 15:32:00-04:00,2025-09-02 15:59:00-04:00,SHORT,2.681894521610044,170.585,169.39287589350687,562.7049708648503,170.40871678158788,170.5801,170.54598398,170.75,170.78414999999998,117,3.0,1.25,351.0,146.25,0.4166666666666667,173.5801,169.3301,FORCED_EOD,27,-19.878300000001474,7.987124339997848,0.8190000000000001,8.806124339997849,-28.684424339999325
2025-09-03 11:03:00-04:00,2025-09-03 11:04:00-04:00,2025-09-03 15:59:00-04:00,LONG,-2.5312683527200015,171.5881,171.11095697708583,569.5748970394618,172.08594986208107,171.585,171.619317,170.62,170.585876,116,3.0,1.25,348.0,145.0,0.4166666666666667,168.585,172.835,FORCED_EOD,295,-111.9400000000004,7.939155999997524,0.812,8.751155999997524,-120.69115599999792
2025-09-04 11:10:00-04:00,2025-09-04 11:11:00-04:00,2025-09-04 15:57:00-04:00,LONG,-2.7735306417463956,170.3651,170.52622974981296,570.8328093707881,170.96325816583834,170.3677,170.40177354000002,171.6177,171.58337646,117,3.0,1.25,351.0,146.25,0.4166666666666667,167.3677,171.6177,TAKE_PROFIT_BRACKET,286,146.25,8.002458360001299,0.8190000000000001,8.8214583600013,137.4285416399987
2025-09-04 15:57:00-04:00,2025-09-04 15:58:00-04:00,2025-09-04 15:59:00-04:00,SHORT,3.8921117054450383,171.675,170.651787364622,572.34689860211,172.02227519037856,171.66,171.625668,171.64,171.67432799999997,116,3.0,1.25,348.0,145.0,0.4166666666666667,174.66,170.41,FORCED_EOD,1,2.320000000001187,7.964559999999324,0.812,8.776559999999323,-6.456559999998136
2025-09-05 13:37:00-04:00,2025-09-05 13:38:00-04:00,2025-09-05 15:59:00-04:00,LONG,-2.5870456062406078,166.13,166.26294840539097,576.0690611020929,165.46645527301263,166.131,166.1642262,167.04,167.00659199999998,120,3.0,1.25,360.0,150.0,0.4166666666666667,163.131,167.381,FORCED_EOD,141,109.07999999999902,7.996104000001196,0.84,8.836104000001196,100.24389599999782
2025-09-08 11:48:00-04:00,2025-09-08 11:49:00-04:00,2025-09-08 15:59:00-04:00,LONG,-2.7496112006118207,169.36,169.79104098619297,579.8338574006294,169.74877856755197,169.36,169.39387200000002,168.37,168.336326,118,3.0,1.25,354.0,147.5,0.4166666666666667,166.36,170.61,FORCED_EOD,250,-116.82000000000107,7.970427999999174,0.8260000000000001,8.796427999999175,-125.61642800000024
2025-09-09 10:50:00-04:00,2025-09-09 10:51:00-04:00,2025-09-09 11:53:00-04:00,LONG,-2.6304935854975344,166.84,168.2323273287206,578.8664730259629,167.59919668050745,166.85,166.88336999999999,168.1,168.06638,119,3.0,1.25,357.0,148.75,0.4166666666666667,163.85,168.1,TAKE_PROFIT_BRACKET,62,148.75,7.971809999997106,0.833,8.804809999997106,139.9451900000029
2025-09-09 12:56:00-04:00,2025-09-09 12:57:00-04:00,2025-09-09 15:17:00-04:00,LONG,-2.6656533466283845,168.34,168.12800908999594,578.7604446239542,168.41216532038857,168.345,168.378669,169.595,169.561081,118,3.0,1.25,354.0,147.5,0.4166666666666667,165.345,169.595,TAKE_PROFIT_BRACKET,140,147.5,7.975384000000076,0.8260000000000001,8.801384000000077,138.69861599999993
2025-09-10 11:40:00-04:00,2025-09-10 11:41:00-04:00,2025-09-10 15:59:00-04:00,LONG,-2.797479155478507,178.12,177.76072957935233,582.5606832128994,177.71611463743602,178.125,178.160625,177.3,177.26454,112,3.0,1.25,336.0,140.0,0.4166666666666667,175.125,179.375,FORCED_EOD,258,-92.39999999999873,7.961520000001201,0.784,8.745520000001202,-101.14551999999993
2025-09-11 12:24:00-04:00,2025-09-11 12:25:00-04:00,2025-09-11 15:59:00-04:00,LONG,-2.573517617287477,177.4551,178.0893442236512,583.505653616589,178.15370276237056,177.4581,177.49359162,177.09,177.054582,112,3.0,1.25,336.0,140.0,0.4166666666666667,174.4581,178.7081,FORCED_EOD,214,-41.22719999999981,7.941877439997825,0.784,8.725877439997825,-49.953077439997635
2025-09-12 11:29:00-04:00,2025-09-12 11:30:00-04:00,2025-09-12 15:59:00-04:00,LONG,-2.6060411697948926,177.675,177.75129626620128,585.5185054651125,177.78872726170164,177.665,177.70053299999998,177.79,177.75444199999998,112,3.0,1.25,336.0,140.0,0.4166666666666667,174.665,178.915,FORCED_EOD,269,14.0,7.962191999999504,0.784,8.746191999999505,5.253808000000495
2025-09-15 11:13:00-04:00,2025-09-15 11:14:00-04:00,2025-09-15 15:59:00-04:00,SHORT,3.337176560493082,175.81,175.4279117238752,589.8341372203483,175.46335591284702,175.815,175.77983700000001,178.815,178.850763,113,3.0,1.25,339.0,141.25,0.4166666666666667,178.815,174.565,STOP,285,-339.0,8.0146379999984,0.791,8.8056379999984,-347.8056379999984
2025-09-16 11:03:00-04:00,2025-09-16 11:04:00-04:00,2025-09-16 15:59:00-04:00,LONG,-2.83113438048768,176.0738,176.43957544083196,591.6741537455754,176.38744021918572,176.06,176.095212,174.86,174.82502800000003,113,3.0,1.25,339.0,141.25,0.4166666666666667,173.06,177.31,FORCED_EOD,295,-135.59999999999872,7.930791999998121,0.791,8.721791999998121,-144.32179199999683
2025-09-17 11:16:00-04:00,2025-09-17 11:17:00-04:00,2025-09-17 12:03:00-04:00,SHORT,2.81504701744462,170.6,170.77926623011783,589.7696252708062,170.73643165348952,170.605,170.570879,169.355,169.388871,117,3.0,1.25,351.0,146.25,0.4166666666666667,173.605,169.355,TAKE_PROFIT_BRACKET,46,146.25,7.955064000000448,0.8190000000000001,8.774064000000449,137.47593599999956
2025-09-17 13:42:00-04:00,2025-09-17 13:43:00-04:00,2025-09-17 14:11:00-04:00,SHORT,2.5341014921946354,171.0426,170.45793593470492,589.1905838633846,170.46286090172222,171.0483,171.01409034000002,169.7983,169.83225966,116,3.0,1.25,348.0,145.0,0.4166666666666667,174.0483,169.7983,TAKE_PROFIT_BRACKET,28,145.0,7.907641119997834,0.812,8.719641119997833,136.28035888000215
2025-09-17 14:13:00-04:00,2025-09-17 14:14:00-04:00,2025-09-17 15:02:00-04:00,LONG,-2.9582088794916017,169.125,170.47898968699698,589.2333682342605,170.3474419707077,169.13,169.163826,170.38,170.345924,118,3.0,1.25,354.0,147.5,0.4166666666666667,166.13,170.38,TAKE_PROFIT_BRACKET,48,147.5,8.012436000000434,0.8260000000000001,8.838436000000435,138.66156399999957
2025-09-18 11:52:00-04:00,2025-09-18 11:53:00-04:00,2025-09-18 15:59:00-04:00,SHORT,2.5354555862058286,175.535,174.99522965559746,596.1300963923453,175.03914822114152,175.52,175.48489600000002,174.27,174.304854,113,3.0,1.25,339.0,141.25,0.4166666666666667,178.52,174.27,TAKE_PROFIT_BRACKET,246,141.25,7.905253999998365,0.791,8.696253999998365,132.55374600000164
2025-09-19 13:27:00-04:00,2025-09-19 13:28:00-04:00,2025-09-19 15:59:00-04:00,SHORT,2.6183695317072977,175.75,176.5027506964801,597.3663865284477,177.16799423100713,175.75,175.71485,176.51,176.545302,113,3.0,1.25,339.0,141.25,0.4166666666666667,178.75,174.5,FORCED_EOD,151,-85.87999999999897,7.961075999998741,0.791,8.752075999998741,-94.63207599999771
2025-09-22 11:34:00-04:00,2025-09-22 11:35:00-04:00,2025-09-22 12:09:00-04:00,SHORT,3.0241910770171003,175.52,175.50176693006856,599.4187492926065,176.00911145801965,175.53,175.49489400000002,178.53,178.565706,113,3.0,1.25,339.0,141.25,0.4166666666666667,178.53,174.28,STOP,34,-339.0,8.001755999998807,0.791,8.792755999998807,-347.7927559999988
2025-09-22 12:09:00-04:00,2025-09-22 12:10:00-04:00,2025-09-22 12:21:00-04:00,SHORT,3.3915994878362516,178.829,175.93030592854086,599.6390451491332,177.16349119814774,178.82,178.784236,181.82,181.85636399999999,111,3.0,1.25,333.0,138.75,0.4166666666666667,181.82,177.57,STOP,11,-333.0,8.006207999999134,0.777,8.783207999999133,-341.78320799999915
2025-09-22 13:15:00-04:00,2025-09-22 13:16:00-04:00,2025-09-22 15:12:00-04:00,LONG,-2.6801439714466055,182.7,179.70190818559175,600.0729251797145,181.43487579332808,182.7,182.73654,183.95,183.91321,109,3.0,1.25,327.0,136.25,0.4166666666666667,179.7,183.95,TAKE_PROFIT_BRACKET,116,136.25,7.992969999999843,0.763,8.755969999999843,127.49403000000015
2025-09-23 11:42:00-04:00,2025-09-23 11:43:00-04:00,2025-09-23 13:25:00-04:00,SHORT,2.6397940728952296,179.9981,180.28886887513272,601.2849061279109,179.52738953995316,179.995,179.959001,178.745,178.78074900000001,111,3.0,1.25,333.0,138.75,0.4166666666666667,182.995,178.745,TAKE_PROFIT_BRACKET,102,138.75,7.96402800000152,0.777,8.741028000001519,130.0089719999985
2025-09-23 13:41:00-04:00,2025-09-23 13:42:00-04:00,2025-09-23 15:59:00-04:00,SHORT,2.9577803267988414,177.43,179.91031842341312,600.6713900068614,175.60761228180903,177.42,177.384516,178.44,178.475688,112,3.0,1.25,336.0,140.0,0.4166666666666667,180.42,176.17,FORCED_EOD,137,-114.24000000000115,7.971263999998882,0.784,8.755263999998883,-122.99526400000003
2025-09-24 11:11:00-04:00,2025-09-24 11:12:00-04:00,2025-09-24 11:48:00-04:00,SHORT,2.6142590966927974,178.115,178.58531527874598,598.0419594270966,177.42434201932807,178.11,178.07437800000002,176.86,176.895372,112,3.0,1.25,336.0,140.0,0.4166666666666667,181.11,176.86,TAKE_PROFIT_BRACKET,36,140.0,7.951327999998284,0.784,8.735327999998285,131.26467200000172
2025-09-24 11:52:00-04:00,2025-09-24 11:53:00-04:00,2025-09-24 12:12:00-04:00,SHORT,2.6840354884333033,176.71,178.37770153605763,597.7105515980983,175.60756700014983,176.71,176.67465800000002,175.46,175.495092,113,3.0,1.25,339.0,141.25,0.4166666666666667,179.71,175.46,TAKE_PROFIT_BRACKET,19,141.25,7.959041999997453,0.791,8.750041999997453,132.49995800000255
2025-09-24 15:45:00-04:00,2025-09-24 15:46:00-04:00,2025-09-24 15:59:00-04:00,SHORT,2.5078535097782453,176.7299,177.46714017093885,596.2289228434724,176.15876557301098,176.73,176.69465399999999,176.88,176.91537599999998,113,3.0,1.25,339.0,141.25,0.4166666666666667,179.73,175.48,FORCED_EOD,13,-16.950000000000642,7.99158599999879,0.791,8.78258599999879,-25.732585999999433
2025-09-25 11:08:00-04:00,2025-09-25 11:09:00-04:00,2025-09-25 14:00:00-04:00,SHORT,2.904258044539241,177.45,176.0078830709277,591.4156319158246,177.11195864378013,177.4401,177.40461198,176.1901,176.22533802,112,3.0,1.25,336.0,140.0,0.4166666666666667,180.4401,176.1901,TAKE_PROFIT_BRACKET,171,140.0,7.921316480001224,0.784,8.705316480001224,131.29468351999878
2025-09-25 14:01:00-04:00,2025-09-25 14:02:00-04:00,2025-09-25 15:59:00-04:00,SHORT,2.6688204016998394,175.983,177.39105696988725,592.245807740977,175.12997000840443,175.99,175.954802,177.68,177.71553600000001,113,3.0,1.25,339.0,141.25,0.4166666666666667,178.99,174.74,FORCED_EOD,117,-190.96999999999974,7.99294200000179,0.791,8.78394200000179,-199.75394200000153
2025-09-26 10:15:00-04:00,2025-09-26 10:16:00-04:00,2025-09-26 10:27:00-04:00,SHORT,2.5506409069675677,176.38,177.17048026828098,594.5527803946073,175.64389888256292,176.38,176.34472399999999,175.13,175.16502599999998,113,3.0,1.25,339.0,141.25,0.4166666666666667,179.38,175.13,TAKE_PROFIT_BRACKET,11,141.25,7.944125999999784,0.791,8.735125999999784,132.51487400000022
2025-09-26 12:20:00-04:00,2025-09-26 12:21:00-04:00,2025-09-26 14:17:00-04:00,LONG,-3.2483545643737517,176.405,176.51128732927774,593.4295806497588,176.92479959592387,176.41,176.445282,177.66,177.624468,113,3.0,1.25,339.0,141.25,0.4166666666666667,173.41,177.66,TAKE_PROFIT_BRACKET,116,141.25,8.001981999998236,0.791,8.792981999998236,132.45701800000177
2025-09-26 14:40:00-04:00,2025-09-26 14:41:00-04:00,2025-09-26 15:59:00-04:00,LONG,-2.787995299906385,177.505,176.73172535442959,593.9901138633252,178.485978923183,177.505,177.54050099999998,178.755,178.719249,112,3.0,1.25,336.0,140.0,0.4166666666666667,174.505,178.755,TAKE_PROFIT_BRACKET,78,140.0,7.980223999998543,0.784,8.764223999998544,131.23577600000147
2025-09-29 10:56:00-04:00,2025-09-29 10:57:00-04:00,2025-09-29 11:53:00-04:00,SHORT,2.524588635255528,183.18,182.9778541728771,600.882103586892,182.92921268281282,183.18,183.14336400000002,181.93,181.966386,109,3.0,1.25,327.0,136.25,0.4166666666666667,186.18,181.93,TAKE_PROFIT_BRACKET,56,136.25,7.9593979999978615,0.763,8.722397999997861,127.52760200000213
2025-09-29 12:10:00-04:00,2025-09-29 12:11:00-04:00,2025-09-29 15:59:00-04:00,LONG,-2.9209753717195,181.845,182.8493461265797,600.4354450583496,181.49132058491685,181.85,181.88637,181.83,181.79363400000003,109,3.0,1.25,327.0,136.25,0.4166666666666667,178.85,183.1,FORCED_EOD,228,-2.1799999999980173,7.928223999999119,0.763,8.691223999999119,-10.871223999997136
2025-09-30 10:03:00-04:00,2025-09-30 10:04:00-04:00,2025-09-30 10:06:00-04:00,SHORT,2.608881072763966,184.9,183.04141685681512,597.3869986736555,183.6859498763677,184.895,184.858021,183.645,183.68172900000002,108,3.0,1.25,324.0,135.0,0.4166666666666667,187.895,183.645,TAKE_PROFIT_BRACKET,2,135.0,7.960464000001139,0.756,8.716464000001139,126.28353599999886
2025-09-30 10:31:00-04:00,2025-09-30 10:32:00-04:00,2025-09-30 15:59:00-04:00,SHORT,2.533328308805303,185.805,183.75603336568943,597.361197877935,184.27233919902093,185.8001,185.76293998,186.58,186.61731600000002,107,3.0,1.25,321.0,133.75,0.4166666666666667,188.8001,184.5501,FORCED_EOD,327,-83.44930000000281,7.9689341399991065,0.749,8.717934139999107,-92.16723414000191
2025-10-01 10:29:00-04:00,2025-10-01 10:30:00-04:00,2025-10-01 15:59:00-04:00,SHORT,2.6060448445646487,186.655,185.07952598061308,598.2098183136094,186.31782244029583,186.655,186.617669,187.17,187.20743399999998,107,3.0,1.25,321.0,133.75,0.4166666666666667,189.655,185.405,FORCED_EOD,329,-55.10499999999854,7.999854999998405,0.749,8.748854999998406,-63.85385499999695
2025-10-02 13:59:00-04:00,2025-10-02 14:00:00-04:00,2025-10-02 15:59:00-04:00,LONG,-3.2013855771889483,188.76,189.52546049273914,604.6322966039997,189.6227577403633,188.76,188.79775199999997,188.92,188.882216,105,3.0,1.25,315.0,131.25,0.4166666666666667,185.76,190.01,FORCED_EOD,119,16.799999999999642,7.931279999996974,0.735,8.666279999996974,8.133720000002668
2025-10-03 12:37:00-04:00,2025-10-03 12:38:00-04:00,2025-10-03 15:59:00-04:00,LONG,-2.5323329938918815,188.1762,189.15178167672732,606.183425388394,189.17122625090806,188.1701,188.20773401999998,187.621,187.5834758,106,3.0,1.25,318.0,132.5,0.4166666666666667,185.1701,189.4201,FORCED_EOD,201,-58.20459999999804,7.966771319999111,0.742,8.708771319999112,-66.91337131999715
2025-10-06 13:32:00-04:00,2025-10-06 13:33:00-04:00,2025-10-06 15:59:00-04:00,LONG,-2.730320325004222,185.8601,185.74907728244312,607.4485503802263,186.46653955870826,185.86,185.897172,185.53,185.492894,107,3.0,1.25,321.0,133.75,0.4166666666666667,182.86,187.11,FORCED_EOD,146,-35.31000000000134,7.947745999999199,0.749,8.6967459999992,-44.00674600000054
2025-10-07 11:02:00-04:00,2025-10-07 11:03:00-04:00,2025-10-07 15:59:00-04:00,LONG,-2.6583275880964607,187.01,187.8757499125773,608.7577223393939,187.79811786980423,187.025,187.062405,184.025,183.98819500000002,106,3.0,1.25,318.0,132.5,0.4166666666666667,184.025,188.275,STOP,296,-318.0,7.866259999999329,0.742,8.60825999999933,-326.60825999999935
2025-10-08 13:11:00-04:00,2025-10-08 13:12:00-04:00,2025-10-08 15:57:00-04:00,LONG,-2.55263003431514,187.855,188.32910719159085,608.2123788500945,188.39485823619341,187.85,187.88756999999998,189.1,189.06218,106,3.0,1.25,318.0,132.5,0.4166666666666667,184.85,189.1,TAKE_PROFIT_BRACKET,165,132.5,7.991339999996853,0.742,8.733339999996854,123.76666000000314
2025-10-08 15:57:00-04:00,2025-10-08 15:58:00-04:00,2025-10-08 15:59:00-04:00,SHORT,2.8068909375175695,189.025,188.38481274691253,609.1847916547692,188.5366628819478,189.03,188.992194,189.06,189.097812,105,3.0,1.25,315.0,131.25,0.4166666666666667,192.03,187.78,FORCED_EOD,1,-3.1500000000001194,7.93988999999911,0.735,8.67488999999911,-11.824889999999229
2025-10-09 14:27:00-04:00,2025-10-09 14:28:00-04:00,2025-10-09 15:59:00-04:00,LONG,-2.506763730325816,192.72,193.42657724450672,609.4453670696842,193.27762496935463,192.72,192.758544,192.54,192.50149199999998,103,3.0,1.25,309.0,128.75,0.4166666666666667,189.72,193.97,FORCED_EOD,91,-18.540000000000703,7.936356000000927,0.721,8.657356000000927,-27.19735600000163
2025-10-10 10:59:00-04:00,2025-10-10 11:00:00-04:00,2025-10-10 11:17:00-04:00,LONG,-2.5707491788622923,194.1512,194.1469019664296,611.62841698802,193.4293742811552,194.15,194.18883,191.15,191.11177,102,3.0,1.25,306.0,127.5,0.4166666666666667,191.15,195.4,STOP,17,-306.0,7.860119999998858,0.714,8.574119999998858,-314.57411999999886
2025-10-10 11:18:00-04:00,2025-10-10 11:19:00-04:00,2025-10-10 11:32:00-04:00,LONG,-2.7361469448395357,190.4,193.64095685251877,608.9418458253436,192.14319922835045,190.39,190.42807799999997,187.39,187.352522,105,3.0,1.25,315.0,131.25,0.4166666666666667,187.39,191.64,STOP,13,-315.0,7.933379999997641,0.735,8.66837999999764,-323.6683799999976
2025-10-10 12:46:00-04:00,2025-10-10 12:47:00-04:00,2025-10-10 15:37:00-04:00,LONG,-3.038431622001127,188.19,191.56718214727545,603.6370804297686,190.1393158528877,188.1703,188.20793405999999,185.1703,185.13326594,106,3.0,1.25,318.0,132.5,0.4166666666666667,185.1703,189.4203,STOP,170,-318.0,7.914820719998318,0.742,8.656820719998318,-326.65682071999834
2025-10-10 15:37:00-04:00,2025-10-10 15:38:00-04:00,2025-10-10 15:59:00-04:00,LONG,-3.498991859007708,185.145,190.3694263640639,600.7909522961112,188.1640356163805,185.15,185.18703,182.15,182.11357,107,3.0,1.25,321.0,133.75,0.4166666666666667,182.15,186.4,STOP,21,-321.0,7.860219999998179,0.749,8.60921999999818,-329.6092199999982
2025-10-13 10:24:00-04:00,2025-10-13 10:25:00-04:00,2025-10-13 13:03:00-04:00,LONG,-2.8725418683703268,188.1383,188.8247271119018,599.701254792018,188.91209286988467,188.14,188.17762799999997,189.39,189.35212199999998,106,3.0,1.25,318.0,132.5,0.4166666666666667,185.14,189.39,TAKE_PROFIT_BRACKET,158,132.5,8.003635999998949,0.742,8.74563599999895,123.75436400000105
2025-10-13 14:01:00-04:00,2025-10-13 14:02:00-04:00,2025-10-13 15:59:00-04:00,LONG,-3.2862114935583784,188.2,188.36683789682627,600.3199443931471,189.08420216279504,188.19,188.22763799999998,188.32,188.282336,106,3.0,1.25,318.0,132.5,0.4166666666666667,185.19,189.44,FORCED_EOD,117,13.779999999999518,7.982011999999315,0.742,8.724011999999316,5.055988000000202
2025-10-14 10:46:00-04:00,2025-10-14 10:47:00-04:00,2025-10-14 11:47:00-04:00,LONG,-2.5205728246528407,181.7258,181.54983743541572,593.9814567334137,183.09864546132084,181.725,181.76134499999998,182.975,182.938405,110,3.0,1.25,330.0,137.5,0.4166666666666667,178.725,182.975,TAKE_PROFIT_BRACKET,60,137.5,8.02339999999873,0.77,8.79339999999873,128.70660000000126
2025-10-14 11:47:00-04:00,2025-10-14 11:48:00-04:00,2025-10-14 14:04:00-04:00,SHORT,2.758309319961701,182.885,181.59424419628357,595.1168994770265,183.33418529936225,182.89,182.853422,181.64,181.67632799999998,109,3.0,1.25,327.0,136.25,0.4166666666666667,185.89,181.64,TAKE_PROFIT_BRACKET,136,136.25,7.946753999998805,0.763,8.709753999998805,127.54024600000119
2025-10-14 15:37:00-04:00,2025-10-14 15:38:00-04:00,2025-10-14 15:59:00-04:00,SHORT,4.061278698585321,181.04,182.05883206462488,597.9241600615647,182.4179077851091,180.98,180.943804,180.07,180.106014,110,3.0,1.25,330.0,137.5,0.4166666666666667,183.98,179.73,FORCED_EOD,21,100.09999999999962,7.943099999998253,0.77,8.713099999998253,91.38690000000138
2025-10-15 10:31:00-04:00,2025-10-15 10:32:00-04:00,2025-10-15 13:05:00-04:00,LONG,-2.6022159112749828,182.11,182.54202733081073,604.3434669388096,183.6255459783961,182.1182,182.15462364,179.1182,179.08237636,109,3.0,1.25,327.0,136.25,0.4166666666666667,179.1182,183.3682,STOP,153,-327.0,7.874953519999906,0.763,8.637953519999906,-335.6379535199999
2025-10-15 13:41:00-04:00,2025-10-15 13:42:00-04:00,2025-10-15 14:33:00-04:00,LONG,-2.7163724684295376,178.83,181.21532808024625,602.7533171202109,179.91771367896294,178.805,178.84076100000001,180.055,180.018989,111,3.0,1.25,333.0,138.75,0.4166666666666667,175.805,180.055,TAKE_PROFIT_BRACKET,51,138.75,7.966692000001103,0.777,8.743692000001102,130.0063079999989
2025-10-15 15:48:00-04:00,2025-10-15 15:49:00-04:00,2025-10-15 15:55:00-04:00,SHORT,3.3036634159350635,180.135,180.9321670698942,602.5315133070578,180.55045499607493,180.13,180.093974,178.88,178.915776,111,3.0,1.25,333.0,138.75,0.4166666666666667,183.13,178.88,TAKE_PROFIT_BRACKET,6,138.75,7.970021999999005,0.777,8.747021999999005,130.002978000001
2025-10-15 15:55:00-04:00,2025-10-15 15:56:00-04:00,2025-10-15 15:59:00-04:00,LONG,-3.9716298650547155,178.6793,180.87230944305207,602.4926356844115,179.9027473517623,178.68,178.715736,179.93,179.894014,111,3.0,1.25,333.0,138.75,0.4166666666666667,175.68,179.93,TAKE_PROFIT_BRACKET,3,138.75,7.961141999999342,0.777,8.73814199999934,130.01185800000067
2025-10-16 11:30:00-04:00,2025-10-16 11:31:00-04:00,2025-10-16 12:30:00-04:00,SHORT,2.5739566626922534,182.0201,182.30922969622912,606.1302803224266,181.45531636132586,182.0288,181.99239423999998,180.7788,180.81495575999998,109,3.0,1.25,327.0,136.25,0.4166666666666667,185.0288,180.7788,TAKE_PROFIT_BRACKET,59,136.25,7.909205679999303,0.763,8.672205679999303,127.57779432000069
2025-10-16 12:44:00-04:00,2025-10-16 12:45:00-04:00,2025-10-16 15:59:00-04:00,SHORT,2.5349417672630605,180.53,182.01424039612428,604.5085524143042,179.77554776828362,180.52,180.48389600000002,181.811,181.8473622,110,3.0,1.25,330.0,137.5,0.4166666666666667,183.52,179.27,FORCED_EOD,194,-142.00999999999965,7.971281999997757,0.77,8.741281999997756,-150.75128199999742
2025-10-17 13:02:00-04:00,2025-10-17 13:03:00-04:00,2025-10-17 15:59:00-04:00,SHORT,2.653770795923816,182.485,181.82341291619886,600.0091233887483,182.51582339489443,182.4899,182.45340202,183.235,183.271647,109,3.0,1.25,327.0,136.25,0.4166666666666667,185.4899,181.2399,FORCED_EOD,176,-81.21590000000086,7.972802819999458,0.763,8.735802819999458,-89.95170282000032
2025-10-20 10:22:00-04:00,2025-10-20 10:23:00-04:00,2025-10-20 15:16:00-04:00,SHORT,2.654249591795571,184.07,182.84739902806078,609.42850552323,183.3251341359019,184.0786,184.04178428,182.8286,182.86516572,108,3.0,1.25,324.0,135.0,0.4166666666666667,187.0786,182.8286,TAKE_PROFIT_BRACKET,293,135.0,7.925195519999079,0.756,8.68119551999908,126.31880448000092
2025-10-20 15:53:00-04:00,2025-10-20 15:54:00-04:00,2025-10-20 15:59:00-04:00,LONG,-2.794401499822345,182.63,183.4358314618077,611.2197360098559,183.9740335206698,182.63,182.666526,182.57,182.533486,109,3.0,1.25,327.0,136.25,0.4166666666666667,179.63,183.88,FORCED_EOD,5,-6.540000000000248,7.961359999999104,0.763,8.724359999999104,-15.264359999999352
2025-10-21 10:05:00-04:00,2025-10-21 10:06:00-04:00,2025-10-21 11:06:00-04:00,LONG,-2.6208308375075897,180.2897,181.47949147189416,610.4597269548857,181.36290019394772,180.2807,180.31675614,181.5307,181.49439386,110,3.0,1.25,330.0,137.5,0.4166666666666667,177.2807,181.5307,TAKE_PROFIT_BRACKET,60,137.5,7.959850799999231,0.77,8.72985079999923,128.77014920000076
2025-10-21 11:06:00-04:00,2025-10-21 11:07:00-04:00,2025-10-21 15:59:00-04:00,SHORT,2.5413342208623844,181.625,180.99590295238048,610.5670074364878,181.30476796723255,181.6258,181.58947484,181.16,181.19623199999998,110,3.0,1.25,330.0,137.5,0.4166666666666667,184.6258,180.3758,FORCED_EOD,292,51.23800000000017,7.981287599997131,0.77,8.75128759999713,42.48671240000304
2025-10-22 10:29:00-04:00,2025-10-22 10:30:00-04:00,2025-10-22 13:25:00-04:00,LONG,-2.517522472993261,180.405,181.92488240156297,609.8556424527935,181.77956802355226,180.42,180.45608399999998,177.42,177.384516,110,3.0,1.25,330.0,137.5,0.4166666666666667,177.42,181.67,STOP,175,-330.0,7.8724799999983475,0.77,8.642479999998347,-338.64247999999833
2025-10-23 11:44:00-04:00,2025-10-23 11:45:00-04:00,2025-10-23 14:22:00-04:00,LONG,-2.504369012098955,181.46,181.31379640107093,607.7700492140535,181.3030537175243,181.465,181.501293,182.715,182.678457,110,3.0,1.25,330.0,137.5,0.4166666666666667,178.465,182.715,TAKE_PROFIT_BRACKET,157,137.5,8.011959999999476,0.77,8.781959999999476,128.7180400000005
2025-10-23 15:36:00-04:00,2025-10-23 15:37:00-04:00,2025-10-23 15:59:00-04:00,LONG,-2.9106701753004294,182.53,181.77585091080437,608.9810115758813,181.88145662590324,182.54,182.576508,182.2,182.16356,109,3.0,1.25,327.0,136.25,0.4166666666666667,179.54,183.79,FORCED_EOD,22,-37.06000000000037,7.951331999999638,0.763,8.714331999999638,-45.77433200000001
2025-10-24 10:04:00-04:00,2025-10-24 10:05:00-04:00,2025-10-24 15:02:00-04:00,LONG,-2.506792387568043,185.01,185.2030545656434,616.6712941680365,185.26493899199508,185.03,185.067006,186.28,186.24274400000002,108,3.0,1.25,324.0,135.0,0.4166666666666667,182.03,186.28,TAKE_PROFIT_BRACKET,297,135.0,8.020295999997415,0.756,8.776295999997416,126.22370400000258
2025-10-24 15:02:00-04:00,2025-10-24 15:03:00-04:00,2025-10-24 15:59:00-04:00,SHORT,3.5135777835944277,186.245,185.17046606284612,617.2305212150229,185.2851413710039,186.24,186.202752,186.27,186.307254,107,3.0,1.25,321.0,133.75,0.4166666666666667,189.24,184.99,FORCED_EOD,56,-3.2100000000001216,7.971713999999508,0.749,8.720713999999509,-11.93071399999963
2025-10-27 10:06:00-04:00,2025-10-27 10:07:00-04:00,2025-10-27 13:00:00-04:00,LONG,-2.8626326918644924,190.33,190.61162714681842,625.0560463571788,190.76928707717008,190.34,190.378068,191.59,191.551682,105,3.0,1.25,315.0,131.25,0.4166666666666667,187.34,191.59,TAKE_PROFIT_BRACKET,173,131.25,8.020530000001429,0.735,8.755530000001428,122.49446999999857
2025-10-27 13:06:00-04:00,2025-10-27 13:07:00-04:00,2025-10-27 14:31:00-04:00,SHORT,2.7362946479510164,191.6403,190.53354393887145,625.8308699883896,190.76700576834995,191.65,191.61167,190.4,190.43808,104,3.0,1.25,312.0,130.0,0.4166666666666667,194.65,190.4,TAKE_PROFIT_BRACKET,84,130.0,7.946640000001025,0.728,8.674640000001025,121.32535999999898
2025-10-27 14:31:00-04:00,2025-10-27 14:32:00-04:00,2025-10-27 15:50:00-04:00,LONG,-2.8096175673061112,190.4293,190.64022924168694,626.0730860703924,190.91013531587,190.4293,190.46738586,191.6793,191.64096414000002,105,3.0,1.25,315.0,131.25,0.4166666666666667,187.4293,191.6793,TAKE_PROFIT_BRACKET,78,131.25,8.024280599998406,0.735,8.759280599998405,122.4907194000016
2025-10-27 15:50:00-04:00,2025-10-27 15:51:00-04:00,2025-10-27 15:59:00-04:00,SHORT,3.9184727766141654,191.625,190.65311719953533,626.4077684317862,191.02243865017428,191.63,191.591674,191.43,191.468286,104,3.0,1.25,312.0,130.0,0.4166666666666667,194.63,190.38,FORCED_EOD,8,20.799999999998818,7.967647999998235,0.728,8.695647999998235,12.104352000000583
2025-10-28 12:01:00-04:00,2025-10-28 12:02:00-04:00,2025-10-28 13:41:00-04:00,SHORT,2.5159050678646477,193.615,193.4684628426918,630.3506542118043,193.66520481251345,193.62,193.581276,196.62,196.659324,103,3.0,1.25,309.0,128.75,0.4166666666666667,196.62,192.37,STOP,99,-309.0,8.038943999999532,0.721,8.759943999999532,-317.7599439999995
2025-10-28 15:08:00-04:00,2025-10-28 15:09:00-04:00,2025-10-28 15:59:00-04:00,SHORT,2.6003632479624246,201.28,195.98969870686705,631.4682869834301,197.07375809260677,201.28,201.239744,201.03,201.07020599999998,99,3.0,1.25,297.0,123.75,0.4166666666666667,204.28,200.03,FORCED_EOD,50,24.75,7.965737999998311,0.6930000000000001,8.65873799999831,16.09126200000169
2025-10-29 11:45:00-04:00,2025-10-29 11:46:00-04:00,2025-10-29 15:59:00-04:00,LONG,-3.5850227465381006,207.22,209.86039391832625,635.855387314745,209.44020655944777,207.23,207.271446,207.05,207.00859000000003,96,3.0,1.25,288.0,120.0,0.4166666666666667,204.23,208.48,FORCED_EOD,253,-17.279999999997926,7.954175999999279,0.672,8.62617599999928,-25.906175999997206
2025-10-30 13:14:00-04:00,2025-10-30 13:15:00-04:00,2025-10-30 13:46:00-04:00,LONG,-2.521779658902624,202.5201,203.1561290390381,630.3153334448238,203.09796305130908,202.53,202.570506,203.78,203.739244,98,3.0,1.25,294.0,122.5,0.4166666666666667,199.53,203.78,TAKE_PROFIT_BRACKET,31,122.5,7.963675999998145,0.686,8.649675999998145,113.85032400000185
2025-10-30 13:46:00-04:00,2025-10-30 13:47:00-04:00,2025-10-30 15:11:00-04:00,SHORT,2.9584409183545035,203.9499,203.15277157848473,630.3059190294109,203.18236469152347,203.9499,203.90911002,202.6999,202.74043998000002,98,3.0,1.25,294.0,122.5,0.4166666666666667,206.9499,202.6999,TAKE_PROFIT_BRACKET,84,122.5,7.970336080000493,0.686,8.656336080000493,113.8436639199995
2025-10-30 15:11:00-04:00,2025-10-30 15:12:00-04:00,2025-10-30 15:59:00-04:00,LONG,-2.839737809526131,202.6899,203.25085361196471,630.1494787630573,203.10703266884798,202.675,202.71553500000002,202.78,202.739444,98,3.0,1.25,294.0,122.5,0.4166666666666667,199.675,203.925,FORCED_EOD,47,10.289999999998997,7.94691800000146,0.686,8.63291800000146,1.657081999997537
2025-10-31 11:20:00-04:00,2025-10-31 11:21:00-04:00,2025-10-31 13:03:00-04:00,LONG,-2.7322507000466065,205.47,206.12259661387597,632.4815504225523,206.62801623547713,205.47,205.51109399999999,202.47,202.429506,97,3.0,1.25,291.0,121.25,0.4166666666666667,202.47,206.72,STOP,102,-291.0,7.914035999998276,0.679,8.593035999998277,-299.5930359999983
2025-10-31 13:22:00-04:00,2025-10-31 13:23:00-04:00,2025-10-31 15:59:00-04:00,SHORT,2.590416259873958,202.86,205.14373316086125,631.1413316799797,202.86826577726282,202.865,202.82442700000001,202.41,202.450482,98,3.0,1.25,294.0,122.5,0.4166666666666667,205.865,201.615,FORCED_EOD,156,44.590000000001226,7.943389999999226,0.686,8.629389999999226,35.960610000002
2025-11-03 10:23:00-05:00,2025-11-03 10:24:00-05:00,2025-11-03 10:49:00-05:00,SHORT,2.6144716348469133,208.4101,208.06657607092407,633.4017155631493,207.268725949017,208.41,208.368318,207.16,207.20143199999998,95,3.0,1.25,285.0,118.75,0.4166666666666667,211.41,207.16,TAKE_PROFIT_BRACKET,25,118.75,7.895829999999506,0.665,8.560829999999505,110.1891700000005
2025-11-03 11:55:00-05:00,2025-11-03 11:56:00-05:00,2025-11-03 14:28:00-05:00,SHORT,2.630024451623887,208.855,208.0359902050411,632.2856584471193,207.70864448054837,208.8515,208.8097297,207.6015,207.6430203,95,3.0,1.25,285.0,118.75,0.4166666666666667,211.8515,207.6015,TAKE_PROFIT_BRACKET,152,118.75,7.912606999999809,0.665,8.577606999999809,110.1723930000002
2025-11-03 15:27:00-05:00,2025-11-03 15:28:00-05:00,2025-11-03 15:59:00-05:00,LONG,-2.562965899491708,206.9593,208.71467787641961,632.3405541993836,208.46414331694422,206.955,206.99639100000002,207.02,206.978596,96,3.0,1.25,288.0,120.0,0.4166666666666667,203.955,208.205,FORCED_EOD,31,6.239999999999782,7.948320000000422,0.672,8.620320000000422,-2.3803200000006406
2025-11-04 12:31:00-05:00,2025-11-04 12:32:00-05:00,2025-11-04 13:30:00-05:00,SHORT,2.7561715158618925,201.005,201.8453165285914,624.1374460389383,200.42485636363793,201.01,200.969798,199.76,199.799952,99,3.0,1.25,297.0,123.75,0.4166666666666667,204.01,199.76,TAKE_PROFIT_BRACKET,58,123.75,7.935245999999324,0.6930000000000001,8.628245999999324,115.12175400000068
2025-11-04 15:22:00-05:00,2025-11-04 15:23:00-05:00,2025-11-04 15:55:00-05:00,SHORT,2.5556722555201636,199.315,201.14077999143694,622.8646798050064,198.6639116127797,199.315,199.275137,198.065,198.104613,100,3.0,1.25,300.0,125.0,0.4166666666666667,202.315,198.065,TAKE_PROFIT_BRACKET,32,125.0,7.947599999999966,0.7000000000000001,8.647599999999965,116.35240000000003
2025-11-05 10:48:00-05:00,2025-11-05 10:49:00-05:00,2025-11-05 15:05:00-05:00,SHORT,2.51599607507426,201.6901,199.68338488554298,620.7109497150701,201.0749710914349,201.7,201.65966,200.45,200.49008999999998,99,3.0,1.25,297.0,123.75,0.4166666666666667,204.7,200.45,TAKE_PROFIT_BRACKET,256,123.75,7.962569999997868,0.6930000000000001,8.655569999997867,115.09443000000213
2025-11-05 15:05:00-05:00,2025-11-05 15:06:00-05:00,2025-11-05 15:50:00-05:00,LONG,-3.1662019415732328,200.43,200.7792265707697,622.7468594477709,203.02876601019165,200.4399,200.47998798,197.4399,197.40041202,99,3.0,1.25,297.0,123.75,0.4166666666666667,197.4399,201.6899,STOP,44,-297.0,7.878020039999967,0.6930000000000001,8.571020039999967,-305.57102003999995
2025-11-05 15:50:00-05:00,2025-11-05 15:51:00-05:00,2025-11-05 15:59:00-05:00,LONG,-2.555803984575684,197.02,200.4845069566163,623.1457743783001,201.50368642215088,197.005,197.044401,195.15,195.11097,101,3.0,1.25,303.0,126.25,0.4166666666666667,194.005,198.255,FORCED_EOD,8,-187.35499999999897,7.921530999999476,0.707,8.628530999999477,-195.98353099999844
2025-11-06 10:48:00-05:00,2025-11-06 10:49:00-05:00,2025-11-06 10:50:00-05:00,LONG,-3.0932192786817216,189.4995,193.56450669492912,617.6823997561904,191.70284052326338,189.47,189.507894,190.72,190.681856,105,3.0,1.25,315.0,131.25,0.4166666666666667,186.47,190.72,TAKE_PROFIT_BRACKET,1,131.25,7.983989999998187,0.735,8.718989999998186,122.53101000000181
2025-11-06 11:39:00-05:00,2025-11-06 11:40:00-05:00,2025-11-06 13:36:00-05:00,LONG,-2.8776224350544783,188.55,192.573143232671,616.2343901121733,190.67762455396098,188.53,188.567706,189.78,189.742044,106,3.0,1.25,318.0,132.5,0.4166666666666667,185.53,189.78,TAKE_PROFIT_BRACKET,116,132.5,8.020171999999377,0.742,8.762171999999378,123.73782800000062
2025-11-06 13:53:00-05:00,2025-11-06 13:54:00-05:00,2025-11-06 14:26:00-05:00,LONG,-2.5294490814423267,188.78,190.8963267836077,614.710912591989,190.54439405886777,188.79,188.827758,190.04,190.001992,105,3.0,1.25,315.0,131.25,0.4166666666666667,185.79,190.04,TAKE_PROFIT_BRACKET,32,131.25,7.955429999998671,0.735,8.69042999999867,122.55957000000133
2025-11-06 15:41:00-05:00,2025-11-06 15:42:00-05:00,2025-11-06 15:59:00-05:00,LONG,-2.7807809260281804,188.66,190.67038685419348,614.7154460047543,190.12284261392273,188.66,188.697732,188.17,188.132366,105,3.0,1.25,315.0,131.25,0.4166666666666667,185.66,189.91,FORCED_EOD,17,-51.450000000000955,7.913430000000261,0.735,8.64843000000026,-60.098430000001215
2025-11-07 11:06:00-05:00,2025-11-07 11:07:00-05:00,2025-11-07 11:23:00-05:00,LONG,-3.4358641283002234,179.6,182.57916694239583,604.6350037021576,181.01891344488922,179.6,179.63592,180.85,180.81383,111,3.0,1.25,333.0,138.75,0.4166666666666667,176.6,180.85,TAKE_PROFIT_BRACKET,16,138.75,8.001990000000319,0.777,8.778990000000318,129.9710099999997
2025-11-07 15:26:00-05:00,2025-11-07 15:27:00-05:00,2025-11-07 15:33:00-05:00,LONG,-2.5451318178145224,185.711,182.99191157616028,603.8141460335836,184.23723189754904,185.745,185.782149,186.995,186.957601,107,3.0,1.25,321.0,133.75,0.4166666666666667,182.745,186.995,TAKE_PROFIT_BRACKET,6,133.75,7.976635999999246,0.749,8.725635999999247,125.02436400000076
2025-11-10 10:05:00-05:00,2025-11-10 10:06:00-05:00,2025-11-10 11:00:00-05:00,SHORT,2.6364434772544523,195.68,194.8059705181716,620.5095076283567,195.24978404963076,195.68,195.64086400000002,194.43,194.468886,102,3.0,1.25,306.0,127.5,0.4166666666666667,198.68,194.43,TAKE_PROFIT_BRACKET,54,127.5,7.958243999997535,0.714,8.672243999997535,118.82775600000247
2025-11-10 13:46:00-05:00,2025-11-10 13:47:00-05:00,2025-11-10 15:59:00-05:00,SHORT,2.8677755820367907,197.71,195.5023742575058,620.0593385889051,196.5584829741043,197.7,197.66046,199.03,199.069806,101,3.0,1.25,303.0,126.25,0.4166666666666667,200.7,196.45,FORCED_EOD,132,-134.33000000000126,8.013945999998668,0.707,8.72094599999867,-143.05094599999993
2025-11-11 10:42:00-05:00,2025-11-11 10:43:00-05:00,2025-11-11 10:53:00-05:00,SHORT,2.888837931120156,192.9,193.45737265701456,620.0777017760765,192.69911737141746,192.91,192.871418,191.66,191.698332,103,3.0,1.25,309.0,128.75,0.4166666666666667,195.91,191.66,TAKE_PROFIT_BRACKET,10,128.75,7.9221419999987575,0.721,8.643141999998758,120.10685800000124
2025-11-11 11:47:00-05:00,2025-11-11 11:48:00-05:00,2025-11-11 12:53:00-05:00,LONG,-3.0144461654469157,192.17,193.1399043286475,619.5596473289338,192.71560477550355,192.1699,192.20833398000002,193.4199,193.38121602,104,3.0,1.25,312.0,130.0,0.4166666666666667,189.1699,193.4199,TAKE_PROFIT_BRACKET,65,130.0,8.020267840000997,0.728,8.748267840000997,121.25173215999901
2025-11-11 15:20:00-05:00,2025-11-11 15:21:00-05:00,2025-11-11 15:55:00-05:00,SHORT,2.535124782134441,194.1,193.23840773315703,620.267668615843,194.34416373658445,194.1,194.06118,192.85,192.88857,103,3.0,1.25,309.0,128.75,0.4166666666666667,197.1,192.85,TAKE_PROFIT_BRACKET,34,128.75,7.971169999997926,0.721,8.692169999997926,120.05783000000207
2025-11-12 11:55:00-05:00,2025-11-12 11:56:00-05:00,2025-11-12 13:40:00-05:00,LONG,-2.8717705184747926,191.92,192.77477559272185,620.4044904381049,191.71109815714365,191.91,191.94838199999998,193.16,193.121368,104,3.0,1.25,312.0,130.0,0.4166666666666667,188.91,193.16,TAKE_PROFIT_BRACKET,104,130.0,8.00945599999909,0.728,8.73745599999909,121.26254400000091
2025-11-12 13:57:00-05:00,2025-11-12 13:58:00-05:00,2025-11-12 15:59:00-05:00,LONG,-2.551647218002238,192.465,192.67614048237195,620.3562944146013,193.09203110864885,192.465,192.503493,193.715,193.67625700000002,103,3.0,1.25,309.0,128.75,0.4166666666666667,189.465,193.715,TAKE_PROFIT_BRACKET,121,128.75,7.95530799999699,0.721,8.67630799999699,120.073692000003
2025-11-13 10:46:00-05:00,2025-11-13 10:47:00-05:00,2025-11-13 11:07:00-05:00,SHORT,2.6469014799368495,186.7839,188.48682191114085,615.1129335865165,186.35983259195464,186.78,186.742644,185.53,185.567106,107,3.0,1.25,321.0,133.75,0.4166666666666667,189.78,185.53,TAKE_PROFIT_BRACKET,20,133.75,7.96743399999815,0.749,8.71643399999815,125.03356600000185
2025-11-13 11:44:00-05:00,2025-11-13 11:45:00-05:00,2025-11-13 13:28:00-05:00,SHORT,2.6588520091484176,185.825,187.63271296195043,613.6059284095062,185.241062937312,185.82,185.782836,184.57,184.606914,107,3.0,1.25,321.0,133.75,0.4166666666666667,188.82,184.57,TAKE_PROFIT_BRACKET,103,133.75,7.926345999998489,0.749,8.67534599999849,125.07465400000152
2025-11-13 14:38:00-05:00,2025-11-13 14:39:00-05:00,2025-11-13 15:59:00-05:00,SHORT,3.2524184203336177,185.97,186.70714082732638,611.4853393070279,184.24744045009558,185.9825,185.9453035,186.9637,187.00109274,107,3.0,1.25,321.0,133.75,0.4166666666666667,188.9825,184.7325,FORCED_EOD,80,-104.98840000000013,7.981048679999418,0.749,8.730048679999419,-113.71844867999954
2025-11-14 12:09:00-05:00,2025-11-14 12:10:00-05:00,2025-11-14 15:59:00-05:00,LONG,-2.552191718555941,189.88,186.88508212679932,605.9322045666062,191.49569120882904,189.87,189.907974,190.28,190.24194400000002,105,3.0,1.25,315.0,131.25,0.4166666666666667,186.87,191.12,FORCED_EOD,229,43.04999999999964,7.983149999997323,0.735,8.718149999997323,34.33185000000232
2025-11-17 11:12:00-05:00,2025-11-17 11:13:00-05:00,2025-11-17 14:03:00-05:00,SHORT,2.669401379857895,186.44,187.16656517449837,609.1739800126932,185.09115989090066,186.46,186.422708,185.21,185.247042,107,3.0,1.25,321.0,133.75,0.4166666666666667,189.46,185.21,TAKE_PROFIT_BRACKET,170,133.75,7.9537379999992766,0.749,8.702737999999277,125.04726200000073
2025-11-17 14:46:00-05:00,2025-11-17 14:47:00-05:00,2025-11-17 15:59:00-05:00,SHORT,2.550150295613117,184.8006,186.89100580146066,607.6497724900349,182.32671849679932,184.82,184.783036,186.59,186.627318,108,3.0,1.25,324.0,135.0,0.4166666666666667,187.82,183.57,FORCED_EOD,72,-191.1600000000011,8.022455999998101,0.756,8.778455999998101,-199.9384559999992
2025-11-18 10:03:00-05:00,2025-11-18 10:04:00-05:00,2025-11-18 11:32:00-05:00,SHORT,2.9770352297629086,180.37,181.98966532622813,597.9473212250352,179.30719878541677,180.365,180.32892700000002,183.365,183.40167300000002,110,3.0,1.25,330.0,137.5,0.4166666666666667,183.365,179.115,STOP,88,-330.0,8.00205999999946,0.77,8.77205999999946,-338.77205999999944
2025-11-18 12:32:00-05:00,2025-11-18 12:33:00-05:00,2025-11-18 12:55:00-05:00,SHORT,3.2684689907150686,181.49,181.90656846370575,596.2312643626354,180.67686801227012,181.47,181.433706,184.47,184.506894,110,3.0,1.25,330.0,137.5,0.4166666666666667,184.47,180.22,STOP,22,-330.0,8.050679999998636,0.77,8.820679999998635,-338.8206799999986
2025-11-18 13:01:00-05:00,2025-11-18 13:02:00-05:00,2025-11-18 15:59:00-05:00,LONG,-2.586977344559421,184.19,182.0509304123202,596.4786822178993,184.60602770788316,184.2,184.23683999999997,181.2,181.16376,108,3.0,1.25,324.0,135.0,0.4166666666666667,181.2,185.45,STOP,177,-324.0,7.892639999997414,0.756,8.648639999997414,-332.6486399999974
2025-11-19 10:56:00-05:00,2025-11-19 10:57:00-05:00,2025-11-19 11:36:00-05:00,SHORT,2.518239283275139,186.02,186.2080726809451,602.735860822973,184.99281481035055,186.01,185.97279799999998,184.76,184.79695199999998,107,3.0,1.25,321.0,133.75,0.4166666666666667,189.01,184.76,TAKE_PROFIT_BRACKET,39,133.75,7.934477999999245,0.749,8.683477999999246,125.06652200000076
2025-11-19 11:59:00-05:00,2025-11-19 12:00:00-05:00,2025-11-19 15:16:00-05:00,LONG,-2.6746078599916694,185.145,185.98747987483407,601.67201642188,184.4185405247515,185.14,185.17702799999998,186.39,186.352722,108,3.0,1.25,324.0,135.0,0.4166666666666667,182.14,186.39,TAKE_PROFIT_BRACKET,196,135.0,8.025047999997696,0.756,8.781047999997696,126.2189520000023
2025-11-19 15:18:00-05:00,2025-11-19 15:19:00-05:00,2025-11-19 15:59:00-05:00,LONG,-2.659584876096015,186.8265,185.47383401599944,599.9673036279503,186.27099724594765,186.823,186.8603646,186.775,186.73764500000001,107,3.0,1.25,321.0,133.75,0.4166666666666667,183.823,188.073,FORCED_EOD,40,-5.136000000000195,7.994997199997897,0.749,8.743997199997898,-13.879997199998092
2025-11-20 13:06:00-05:00,2025-11-20 13:07:00-05:00,2025-11-20 13:51:00-05:00,LONG,-2.6975548943532037,185.04,189.85822895100958,602.4774061172905,182.8461878876935,185.04,185.07700799999998,182.04,182.003592,108,3.0,1.25,324.0,135.0,0.4166666666666667,182.04,186.29,STOP,44,-324.0,7.928927999997882,0.756,8.684927999997882,-332.68492799999785
2025-11-20 15:35:00-05:00,2025-11-20 15:36:00-05:00,2025-11-20 15:46:00-05:00,SHORT,2.624792810381758,181.69,188.06128314803772,599.0884502114994,178.4545899514016,181.69,181.653662,180.44,180.476088,110,3.0,1.25,330.0,137.5,0.4166666666666667,184.69,180.44,TAKE_PROFIT_BRACKET,10,137.5,7.966860000000793,0.77,8.736860000000792,128.7631399999992
2025-11-21 12:00:00-05:00,2025-11-21 12:01:00-05:00,2025-11-21 12:34:00-05:00,LONG,-2.8876119281256805,180.44,177.62939491873914,585.9846992322707,181.1319634555251,180.44,180.476088,181.69,181.653662,110,3.0,1.25,330.0,137.5,0.4166666666666667,177.44,181.69,TAKE_PROFIT_BRACKET,33,137.5,7.966860000000793,0.77,8.736860000000792,128.7631399999992
2025-11-21 13:36:00-05:00,2025-11-21 13:37:00-05:00,2025-11-21 13:48:00-05:00,LONG,-2.803281371439676,180.21,178.23780826866778,587.002245679425,181.08861006264343,180.22,180.256044,181.47,181.433706,110,3.0,1.25,330.0,137.5,0.4166666666666667,177.22,181.47,TAKE_PROFIT_BRACKET,11,137.5,7.957180000000221,0.77,8.72718000000022,128.77281999999977
2025-11-21 14:12:00-05:00,2025-11-21 14:13:00-05:00,2025-11-21 14:24:00-05:00,LONG,-2.5412082972592014,182.639,178.79314869658228,587.7430310580129,184.21430189749702,182.63,182.666526,183.88,183.843224,109,3.0,1.25,327.0,136.25,0.4166666666666667,179.63,183.88,TAKE_PROFIT_BRACKET,11,136.25,7.989918000001353,0.763,8.752918000001353,127.49708199999864
2025-11-21 15:55:00-05:00,2025-11-21 15:56:00-05:00,2025-11-21 15:59:00-05:00,SHORT,2.540825946579358,178.91,179.34593941056474,588.978509965474,179.82372035903987,178.9,178.86422000000002,178.94,178.975788,111,3.0,1.25,333.0,138.75,0.4166666666666667,181.9,177.65,FORCED_EOD,3,-4.439999999999117,7.944047999998332,0.777,8.721047999998332,-13.161047999997448
2025-11-24 11:08:00-05:00,2025-11-24 11:09:00-05:00,2025-11-24 11:46:00-05:00,SHORT,3.126077368410147,180.085,178.7108060610395,599.6689640831871,180.15063296909292,180.0841,180.04808318000002,183.0841,183.12071682,111,3.0,1.25,333.0,138.75,0.4166666666666667,183.0841,178.8341,STOP,37,-333.0,8.062334039999143,0.777,8.839334039999143,-341.83933403999913
2025-11-24 12:57:00-05:00,2025-11-24 12:58:00-05:00,2025-11-24 15:59:00-05:00,LONG,-2.553376849535027,182.44,180.05590826660668,601.0960517003201,181.60908805176658,182.44,182.476488,182.55,182.51349000000002,109,3.0,1.25,327.0,136.25,0.4166666666666667,179.44,183.69,FORCED_EOD,181,11.990000000001487,7.95678199999827,0.763,8.71978199999827,3.270218000003217
2025-11-25 10:02:00-05:00,2025-11-25 10:03:00-05:00,2025-11-25 10:20:00-05:00,LONG,-2.5594071746592952,170.3,172.4215909863515,601.1263820420087,171.99229302936362,170.3,170.33406,171.55,171.51569,117,3.0,1.25,351.0,146.25,0.4166666666666667,167.3,171.55,TAKE_PROFIT_BRACKET,17,146.25,7.999289999998524,0.8190000000000001,8.818289999998525,137.4317100000015
2025-11-25 11:27:00-05:00,2025-11-25 11:28:00-05:00,2025-11-25 15:49:00-05:00,SHORT,2.6366317673037583,174.635,172.0683489869209,601.4009091353099,172.74905041178187,174.635,174.600073,177.635,177.670527,114,3.0,1.25,342.0,142.5,0.4166666666666667,177.635,173.385,STOP,261,-342.0,8.031755999998154,0.798,8.829755999998154,-350.82975599999816
2025-11-26 13:32:00-05:00,2025-11-26 13:33:00-05:00,2025-11-26 15:59:00-05:00,LONG,-2.7495839248320046,180.3001,180.65978539222968,613.713242922942,180.99299044877242,180.3,180.33606,180.175,180.138965,110,3.0,1.25,330.0,137.5,0.4166666666666667,177.3,181.55,FORCED_EOD,146,-13.75,7.9304499999989275,0.77,8.700449999998927,-22.450449999998927
2025-11-28 12:21:00-05:00,2025-11-28 12:22:00-05:00,2025-11-28 12:59:00-05:00,SHORT,2.6083520141336893,177.275,177.66040887448924,616.9107721891113,177.89293279047388,177.275,177.23954500000002,176.99,177.025398,112,3.0,1.25,336.0,140.0,0.4166666666666667,180.275,176.025,FORCED_EOD,37,31.919999999999618,7.935535999996773,0.784,8.719535999996774,23.200464000002846
2025-12-01 13:02:00-05:00,2025-12-01 13:03:00-05:00,2025-12-01 15:59:00-05:00,LONG,-2.7778917068458258,179.41,178.4130860081712,616.1286477624041,179.80959587391038,179.41,179.44588199999998,179.93,179.894014,111,3.0,1.25,333.0,138.75,0.4166666666666667,176.41,180.66,FORCED_EOD,176,57.720000000001136,7.977347999999438,0.777,8.754347999999437,48.9656520000017
2025-12-02 10:10:00-05:00,2025-12-02 10:11:00-05:00,2025-12-02 11:15:00-05:00,LONG,-2.6072683859619574,184.06,184.54557437655916,621.6458884893557,184.7041071451227,184.0618,184.09861236,181.0618,181.02558764,108,3.0,1.25,324.0,135.0,0.4166666666666667,181.0618,185.3118,STOP,64,-324.0,7.8866697600007,0.756,8.6426697600007,-332.6426697600007
2025-12-02 11:15:00-05:00,2025-12-02 11:16:00-05:00,2025-12-02 12:32:00-05:00,LONG,-2.5061079651721094,181.11,183.97360674199246,621.9203624237939,183.74300554259364,181.12,181.156224,182.37,182.333526,110,3.0,1.25,330.0,137.5,0.4166666666666667,178.12,182.37,TAKE_PROFIT_BRACKET,76,137.5,7.996780000000285,0.77,8.766780000000285,128.7332199999997
2025-12-02 13:57:00-05:00,2025-12-02 13:58:00-05:00,2025-12-02 15:59:00-05:00,LONG,-2.578113143091089,181.1009,182.93488198541797,621.2203640337647,182.93870224790297,181.1,181.13621999999998,181.31,181.273738,110,3.0,1.25,330.0,137.5,0.4166666666666667,178.1,182.35,FORCED_EOD,121,23.100000000000875,7.973019999997746,0.77,8.743019999997745,14.35698000000313
2025-12-03 10:03:00-05:00,2025-12-03 10:04:00-05:00,2025-12-03 15:34:00-05:00,SHORT,3.0991756563300816,180.915,180.01380897481278,619.5201899843744,180.11840303375763,180.92,180.883816,179.67,179.70593399999998,110,3.0,1.25,330.0,137.5,0.4166666666666667,183.92,179.67,TAKE_PROFIT_BRACKET,330,137.5,7.932979999998793,0.77,8.702979999998792,128.7970200000012
2025-12-04 13:05:00-05:00,2025-12-04 13:06:00-05:00,2025-12-04 15:59:00-05:00,LONG,-2.616032305588674,183.13,182.27968327213065,622.0622509089907,182.28306765560774,183.13,183.16662599999998,183.4,183.36332000000002,109,3.0,1.25,327.0,136.25,0.4166666666666667,180.13,184.38,FORCED_EOD,173,29.430000000001115,7.990353999997154,0.763,8.753353999997154,20.676646000003963
2025-12-05 13:50:00-05:00,2025-12-05 13:51:00-05:00,2025-12-05 15:59:00-05:00,LONG,-2.900484303289297,181.7897,182.3093917502829,626.0711557923304,182.28136962563292,181.7845,181.8208569,182.35,182.31353,109,3.0,1.25,327.0,136.25,0.4166666666666667,178.7845,183.0345,FORCED_EOD,128,61.63949999999846,7.938132099999507,0.763,8.701132099999507,52.93836789999896
2025-12-08 12:02:00-05:00,2025-12-08 12:03:00-05:00,2025-12-08 12:56:00-05:00,LONG,-2.504992822430818,183.015,183.886206283309,625.4221984334829,183.72871786961323,183.01,183.04660199999998,184.26,184.223148,109,3.0,1.25,327.0,136.25,0.4166666666666667,180.01,184.26,TAKE_PROFIT_BRACKET,53,136.25,8.006485999996698,0.763,8.769485999996698,127.4805140000033
2025-12-08 12:56:00-05:00,2025-12-08 12:57:00-05:00,2025-12-08 13:10:00-05:00,SHORT,5.910042741795057,184.56,183.82088519454504,625.1005312149535,183.763216993386,184.575,184.538085,187.575,187.61251499999997,108,3.0,1.25,324.0,135.0,0.4166666666666667,187.575,183.325,STOP,13,-324.0,8.03843999999765,0.756,8.79443999999765,-332.7944399999976
2025-12-08 13:10:00-05:00,2025-12-08 13:11:00-05:00,2025-12-08 13:28:00-05:00,SHORT,2.5107679685856557,187.32,184.30631002114276,625.0459108916448,184.27057722177724,187.3036,187.26613928,186.0536,186.09081071999998,106,3.0,1.25,318.0,132.5,0.4166666666666667,190.3036,186.0536,TAKE_PROFIT_BRACKET,17,132.5,7.915172639997309,0.742,8.65717263999731,123.84282736000269
2025-12-08 15:53:00-05:00,2025-12-08 15:54:00-05:00,2025-12-08 15:59:00-05:00,SHORT,2.6931747560230557,185.1001,184.68440968254652,624.2738842726468,184.6155452673442,185.1001,185.06307998,185.58,185.617116,108,3.0,1.25,324.0,135.0,0.4166666666666667,188.1001,183.8501,FORCED_EOD,5,-51.829200000001606,8.006690159999721,0.756,8.762690159999721,-60.59189016000133
2025-12-09 10:51:00-05:00,2025-12-09 10:52:00-05:00,2025-12-09 15:01:00-05:00,SHORT,2.5218592983089803,185.3,184.48346383698248,623.2331539048097,184.55662848394698,185.3,185.26294000000001,184.05,184.08681,107,3.0,1.25,321.0,133.75,0.4166666666666667,188.3,184.05,TAKE_PROFIT_BRACKET,249,133.75,7.90408999999994,0.749,8.65308999999994,125.09691000000007
2025-12-09 15:01:00-05:00,2025-12-09 15:02:00-05:00,2025-12-09 15:59:00-05:00,LONG,-2.74887510486797,184.0872,184.65738934480632,624.447684553036,184.6906461587855,184.0801,184.11691602,184.97,184.933006,108,3.0,1.25,324.0,135.0,0.4166666666666667,181.0801,185.3301,FORCED_EOD,57,96.10920000000124,7.971482159999596,0.756,8.727482159999596,87.38171784000164
2025-12-10 10:36:00-05:00,2025-12-10 10:37:00-05:00,2025-12-10 14:58:00-05:00,LONG,-2.93439135009782,183.095,184.34577148040623,623.3611183295973,184.28360230953908,183.09,183.126618,184.34,184.303132,109,3.0,1.25,327.0,136.25,0.4166666666666667,180.09,184.34,TAKE_PROFIT_BRACKET,261,136.25,8.009974000000284,0.763,8.772974000000284,127.47702599999971
2025-12-10 14:58:00-05:00,2025-12-10 14:59:00-05:00,2025-12-10 15:59:00-05:00,SHORT,2.8291233441389956,184.375,183.37066818204357,624.1065980655737,183.6112071701523,184.39,184.35312199999998,183.74,183.776748,108,3.0,1.25,324.0,135.0,0.4166666666666667,187.39,183.14,FORCED_EOD,60,70.19999999999754,7.9516079999989415,0.756,8.707607999998942,61.4923919999986
2025-12-11 11:41:00-05:00,2025-12-11 11:42:00-05:00,2025-12-11 14:22:00-05:00,SHORT,2.5735947821778087,177.69,177.93412975040127,621.0210144557083,177.98181709339534,177.696,177.6604608,180.696,180.7321392,112,3.0,1.25,336.0,140.0,0.4166666666666667,180.696,176.446,STOP,160,-336.0,8.027980799999568,0.784,8.811980799999569,-344.81198079999956
2025-12-11 14:22:00-05:00,2025-12-11 14:23:00-05:00,2025-12-11 15:53:00-05:00,SHORT,2.6742806482164077,180.8165,178.3243532864562,621.6803025127247,178.51996253991436,180.815,180.778837,179.565,179.600913,110,3.0,1.25,330.0,137.5,0.4166666666666667,183.815,179.565,TAKE_PROFIT_BRACKET,90,137.5,7.9283599999979515,0.77,8.698359999997951,128.80164000000204
2025-12-12 10:58:00-05:00,2025-12-12 10:59:00-05:00,2025-12-12 15:54:00-05:00,LONG,-4.398616807601901,177.65,180.48556159624746,619.5058659262498,180.17232285739723,177.63,177.665526,174.63,174.595074,112,3.0,1.25,336.0,140.0,0.4166666666666667,174.63,178.88,STOP,295,-336.0,7.890623999998752,0.784,8.674623999998753,-344.67462399999874
2025-12-15 11:45:00-05:00,2025-12-15 11:46:00-05:00,2025-12-15 14:46:00-05:00,SHORT,2.622160179502805,177.59,177.10217266306972,613.4918873549062,176.47254757025405,177.595,177.559481,176.345,176.380269,112,3.0,1.25,336.0,140.0,0.4166666666666667,180.595,176.345,TAKE_PROFIT_BRACKET,180,140.0,7.928255999999237,0.784,8.712255999999238,131.28774400000077
2025-12-15 15:04:00-05:00,2025-12-15 15:05:00-05:00,2025-12-15 15:59:00-05:00,LONG,-2.50612588567783,176.21,177.14574834285287,612.9186926376369,176.60015431811564,176.205,176.240241,176.28,176.244744,113,3.0,1.25,339.0,141.25,0.4166666666666667,173.205,177.455,FORCED_EOD,54,8.474999999998715,7.966160999998749,0.791,8.75716099999875,-0.2821610000000341
2025-12-16 12:37:00-05:00,2025-12-16 12:38:00-05:00,2025-12-16 15:59:00-05:00,SHORT,2.7682602946131434,176.75,176.41167728717565,609.6865254311128,176.312851656453,176.7416,176.70625168,177.515,177.550503,113,3.0,1.25,339.0,141.25,0.4166666666666667,179.7416,175.4916,FORCED_EOD,201,-87.39419999999785,8.006199160000307,0.791,8.797199160000307,-96.19139915999816
2025-12-17 10:57:00-05:00,2025-12-17 10:58:00-05:00,2025-12-17 13:06:00-05:00,LONG,-3.9286489809029113,171.3228,173.77344499189877,609.2986832569893,171.81883527910506,171.325,171.359265,172.575,172.540485,116,3.0,1.25,348.0,145.0,0.4166666666666667,168.325,172.575,TAKE_PROFIT_BRACKET,128,145.0,7.978480000000445,0.812,8.790480000000445,136.20951999999954
2025-12-17 14:18:00-05:00,2025-12-17 14:19:00-05:00,2025-12-17 15:59:00-05:00,LONG,-2.5062214116113775,171.04,172.48793354249673,605.9311558246737,170.9427483277147,171.035,171.069207,170.92,170.88581599999998,116,3.0,1.25,348.0,145.0,0.4166666666666667,168.035,172.285,FORCED_EOD,100,-13.340000000001055,7.933356000002277,0.812,8.745356000002277,-22.08535600000333
2025-12-18 11:07:00-05:00,2025-12-18 11:08:00-05:00,2025-12-18 15:59:00-05:00,LONG,-2.9121707601625237,175.29,174.11635357224307,609.837840697841,175.57088218573415,175.3,175.33506,172.3,172.26554000000002,114,3.0,1.25,342.0,142.5,0.4166666666666667,172.3,176.55,STOP,291,-342.0,7.925279999998054,0.798,8.723279999998054,-350.72327999999806
2025-12-19 11:39:00-05:00,2025-12-19 11:40:00-05:00,2025-12-19 15:59:00-05:00,SHORT,2.8417917544954823,180.03,178.58906231133673,615.3466227949699,179.0434892903477,180.035,179.998993,180.99,181.026198,111,3.0,1.25,333.0,138.75,0.4166666666666667,183.035,178.785,FORCED_EOD,259,-106.00500000000139,8.014754999996484,0.777,8.791754999996483,-114.79675499999787
2025-12-22 10:56:00-05:00,2025-12-22 10:57:00-05:00,2025-12-22 15:59:00-05:00,SHORT,2.556810412001887,183.8677,183.2449877913689,619.5957563422733,182.98187368051853,183.8601,183.82332798,183.6,183.63672,108,3.0,1.25,324.0,135.0,0.4166666666666667,186.8601,182.6101,FORCED_EOD,302,28.090799999999376,7.937138160000359,0.756,8.693138160000359,19.397661839999017
2025-12-23 10:06:00-05:00,2025-12-23 10:07:00-05:00,2025-12-23 11:20:00-05:00,SHORT,2.677494153893239,184.13,184.12672226407807,619.6136727546448,183.22486759618513,184.125,184.088175,187.125,187.16242499999998,108,3.0,1.25,324.0,135.0,0.4166666666666667,187.125,182.875,STOP,73,-324.0,8.018999999997618,0.756,8.774999999997618,-332.7749999999976
2025-12-23 11:24:00-05:00,2025-12-23 11:25:00-05:00,2025-12-23 15:59:00-05:00,SHORT,2.51361476318085,187.525,185.20372490102145,619.6028191441025,185.77137141843292,187.525,187.48749500000002,189.22,189.257844,106,3.0,1.25,318.0,132.5,0.4166666666666667,190.525,186.275,FORCED_EOD,274,-179.66999999999928,7.986993999998788,0.742,8.728993999998789,-188.39899399999805
2025-12-24 10:24:00-05:00,2025-12-24 10:25:00-05:00,2025-12-24 11:31:00-05:00,LONG,-2.8460725317492934,186.8551,187.88782497833353,622.3482454816724,187.86732748069767,186.86,186.89737200000002,188.11,188.07237800000001,107,3.0,1.25,321.0,133.75,0.4166666666666667,183.86,188.11,TAKE_PROFIT_BRACKET,66,133.75,8.024358000000404,0.749,8.773358000000405,124.9766419999996
2025-12-24 12:48:00-05:00,2025-12-24 12:49:00-05:00,2025-12-24 12:59:00-05:00,SHORT,2.6261218433016515,188.39,187.82706163415952,623.018490230141,188.40673734782615,188.39,188.352322,188.62,188.657724,106,3.0,1.25,318.0,132.5,0.4166666666666667,191.39,187.14,FORCED_EOD,10,-24.380000000001928,7.992611999999667,0.742,8.734611999999668,-33.1146120000016
2025-12-26 10:11:00-05:00,2025-12-26 10:12:00-05:00,2025-12-26 10:28:00-05:00,LONG,-2.5472364879931204,190.3556,191.30080013204613,624.5152156344241,190.7414867951848,190.36,190.398072,191.61,191.57167800000002,105,3.0,1.25,315.0,131.25,0.4166666666666667,187.36,191.61,TAKE_PROFIT_BRACKET,16,131.25,8.021369999999308,0.735,8.756369999999308,122.49363000000069
2025-12-26 12:57:00-05:00,2025-12-26 12:58:00-05:00,2025-12-26 15:59:00-05:00,SHORT,2.639484543908758,191.185,191.25272832386477,624.2968119481022,191.15258765162352,191.18,191.14176400000002,189.93,189.967986,104,3.0,1.25,312.0,130.0,0.4166666666666667,194.18,189.93,TAKE_PROFIT_BRACKET,181,130.0,7.927087999997184,0.728,8.655087999997184,121.34491200000282
2025-12-29 12:46:00-05:00,2025-12-29 12:47:00-05:00,2025-12-29 15:58:00-05:00,LONG,-2.5555192710885244,187.095,187.10521772202526,620.3785602949789,186.48154416910427,187.1,187.13742,188.35,188.31233,106,3.0,1.25,318.0,132.5,0.4166666666666667,184.1,188.35,TAKE_PROFIT_BRACKET,191,132.5,7.95953999999881,0.742,8.701539999998811,123.79846000000119
2025-12-30 14:04:00-05:00,2025-12-30 14:05:00-05:00,2025-12-30 15:59:00-05:00,SHORT,3.147235466058273,188.07,187.7966217956157,620.6651405444886,187.55897035825868,188.07,188.032386,187.55,187.58751,106,3.0,1.25,318.0,132.5,0.4166666666666667,191.07,186.82,FORCED_EOD,114,55.11999999999807,7.963143999998749,0.742,8.70514399999875,46.41485599999932
2025-12-31 11:29:00-05:00,2025-12-31 11:30:00-05:00,2025-12-31 15:59:00-05:00,LONG,-2.6690646323778813,188.846,188.90613190776082,617.8012415488926,188.82164345809858,188.85,188.88777,186.49,186.45270200000002,105,3.0,1.25,315.0,131.25,0.4166666666666667,185.85,190.1,FORCED_EOD,269,-247.79999999999845,7.882139999998685,0.735,8.617139999998685,-256.4171399999971
2026-01-02 10:57:00-05:00,2026-01-02 10:58:00-05:00,2026-01-02 15:59:00-05:00,LONG,-2.8648440145044733,189.26,191.1836499292157,618.3319594279725,189.70137801608706,189.26,189.29785199999998,188.8099,188.77213802,105,3.0,1.25,315.0,131.25,0.4166666666666667,186.26,190.51,FORCED_EOD,301,-47.260499999999155,7.939467899998505,0.735,8.674467899998504,-55.93496789999766
2026-01-05 11:00:00-05:00,2026-01-05 11:01:00-05:00,2026-01-05 12:01:00-05:00,SHORT,2.5081956658052187,190.12,190.69000076012,618.7981286086788,191.20409158810574,190.12,190.081976,188.87,188.907774,105,3.0,1.25,315.0,131.25,0.4166666666666667,193.12,188.87,TAKE_PROFIT_BRACKET,60,131.25,7.958789999999141,0.735,8.69378999999914,122.55621000000086
2026-01-05 12:01:00-05:00,2026-01-05 12:02:00-05:00,2026-01-05 15:59:00-05:00,LONG,-3.872811232405854,188.73,190.52922818058602,619.1591227443805,190.9209838316993,188.725,188.762745,188.11,188.07237800000001,105,3.0,1.25,315.0,131.25,0.4166666666666667,185.725,189.975,FORCED_EOD,237,-64.57499999999797,7.913534999999996,0.735,8.648534999999995,-73.22353499999797
2026-01-06 13:34:00-05:00,2026-01-06 13:35:00-05:00,2026-01-06 15:59:00-05:00,LONG,-2.5064572701502086,187.5699,189.84955192514974,621.064035829847,189.91992388642345,187.55,187.58751,187.27,187.232546,106,3.0,1.25,318.0,132.5,0.4166666666666667,184.55,188.8,FORCED_EOD,144,-29.68000000000012,7.946183999999391,0.742,8.688183999999392,-38.368183999999516
2026-01-07 10:38:00-05:00,2026-01-07 10:39:00-05:00,2026-01-07 10:48:00-05:00,LONG,-3.0673896028677774,189.03,189.47481167726076,624.2245938043825,189.46421256644913,189.01,189.047802,190.26,190.221948,105,3.0,1.25,315.0,131.25,0.4166666666666667,186.01,190.26,TAKE_PROFIT_BRACKET,9,131.25,7.9646699999992165,0.735,8.699669999999216,122.55033000000078
2026-01-07 14:26:00-05:00,2026-01-07 14:27:00-05:00,2026-01-07 15:59:00-05:00,LONG,-2.510533374744285,189.245,189.6618547581571,625.6601376811598,189.65396480241398,189.245,189.282849,189.24,189.202152,105,3.0,1.25,315.0,131.25,0.4166666666666667,186.245,190.495,FORCED_EOD,92,-0.5249999999995225,7.948184999999057,0.735,8.683184999999057,-9.20818499999858
2026-01-08 12:02:00-05:00,2026-01-08 12:03:00-05:00,2026-01-08 15:59:00-05:00,LONG,-2.508427557492339,184.38,186.06586187026173,619.9361096958187,186.0474868914571,184.381,184.4178762,185.09,185.05298200000001,108,3.0,1.25,324.0,135.0,0.4166666666666667,181.381,185.631,FORCED_EOD,236,76.57200000000034,7.980573599998252,0.756,8.736573599998252,67.83542640000209
2026-01-09 12:15:00-05:00,2026-01-09 12:16:00-05:00,2026-01-09 14:10:00-05:00,LONG,-2.662249959857254,184.985,184.89965815316543,623.1726806255556,185.1949532499206,184.98,185.01699599999998,186.23,186.192754,108,3.0,1.25,324.0,135.0,0.4166666666666667,181.98,186.23,TAKE_PROFIT_BRACKET,114,135.0,8.01813599999673,0.756,8.77413599999673,126.22586400000327
2026-01-09 14:10:00-05:00,2026-01-09 14:11:00-05:00,2026-01-09 15:52:00-05:00,SHORT,3.700750353681989,186.24,184.9807857984856,623.943223245654,185.31890374361845,186.24,186.202752,184.99,185.026998,107,3.0,1.25,321.0,133.75,0.4166666666666667,189.24,184.99,TAKE_PROFIT_BRACKET,101,133.75,7.944321999998721,0.749,8.693321999998721,125.05667800000128
2026-01-12 12:10:00-05:00,2026-01-12 12:11:00-05:00,2026-01-12 15:59:00-05:00,SHORT,2.553962698345303,185.8,184.80025270920714,625.8156815692503,185.19705005575608,185.795,185.75784099999998,184.545,184.581909,107,3.0,1.25,321.0,133.75,0.4166666666666667,188.795,184.545,TAKE_PROFIT_BRACKET,228,133.75,7.92527600000119,0.749,8.674276000001191,125.07572399999881
2026-01-13 11:00:00-05:00,2026-01-13 11:01:00-05:00,2026-01-13 11:56:00-05:00,SHORT,2.5862796538106565,184.925,184.26336044002835,626.5850421223823,184.12644019488582,184.925,184.88801500000002,187.925,187.96258500000002,108,3.0,1.25,324.0,135.0,0.4166666666666667,187.925,183.675,STOP,55,-324.0,8.05355999999938,0.756,8.80955999999938,-332.80955999999935
2026-01-13 14:33:00-05:00,2026-01-13 14:34:00-05:00,2026-01-13 15:59:00-05:00,LONG,-3.2380839595487374,184.47,185.27949046310755,626.5168231621109,184.93953099913983,184.47,184.506894,185.72,185.68285600000002,108,3.0,1.25,324.0,135.0,0.4166666666666667,181.47,185.72,TAKE_PROFIT_BRACKET,85,135.0,7.9961039999971035,0.756,8.752103999997104,126.2478960000029
2026-01-14 14:59:00-05:00,2026-01-14 15:00:00-05:00,2026-01-14 15:08:00-05:00,LONG,-4.915691966117694,181.3501,181.97578281607318,617.6660482493277,181.65167568138546,181.36,181.396272,182.61,182.57347800000002,110,3.0,1.25,330.0,137.5,0.4166666666666667,178.36,182.61,TAKE_PROFIT_BRACKET,8,137.5,8.007339999998635,0.77,8.777339999998635,128.72266000000135
2026-01-14 15:58:00-05:00,2026-01-14 15:59:00-05:00,2026-01-14 15:59:00-05:00,SHORT,2.550179412842858,183.065,182.0264867262912,617.7768982906406,182.43780252716783,183.06,183.023388,183.21,183.246642,109,3.0,1.25,327.0,136.25,0.4166666666666667,186.06,181.81,FORCED_EOD,0,-16.35000000000062,7.984685999999073,0.763,8.747685999999073,-25.09768599999969
2026-01-15 11:44:00-05:00,2026-01-15 11:45:00-05:00,2026-01-15 15:50:00-05:00,SHORT,2.5300681981572204,188.1437,187.7856571077279,625.6959924457859,187.97581355117734,188.145,188.107371,186.895,186.932379,106,3.0,1.25,318.0,132.5,0.4166666666666667,191.145,186.895,TAKE_PROFIT_BRACKET,245,132.5,7.950847999999667,0.742,8.692847999999668,123.80715200000033
2026-01-16 10:01:00-05:00,2026-01-16 10:02:00-05:00,2026-01-16 15:59:00-05:00,LONG,-2.578084668120425,188.4801,189.54428846757426,624.3719542121083,188.90078786614527,188.48,188.51769599999997,186.22,186.182756,106,3.0,1.25,318.0,132.5,0.4166666666666667,185.48,189.73,FORCED_EOD,357,-239.55999999999904,7.943639999996776,0.742,8.685639999996777,-248.2456399999958
2026-01-20 10:08:00-05:00,2026-01-20 10:09:00-05:00,2026-01-20 13:32:00-05:00,SHORT,2.5605710170909544,180.46,180.6086118477099,612.0087721874519,180.13390544742495,180.46,180.423908,179.21,179.245842,110,3.0,1.25,330.0,137.5,0.4166666666666667,183.46,179.21,TAKE_PROFIT_BRACKET,203,137.5,7.9127399999998715,0.77,8.682739999999871,128.81726000000012
2026-01-20 13:50:00-05:00,2026-01-20 13:51:00-05:00,2026-01-20 15:54:00-05:00,SHORT,2.878214922494389,179.46,180.30289053452927,612.5109370185056,178.4114241411029,179.47,179.434106,178.22,178.255644,111,3.0,1.25,333.0,138.75,0.4166666666666667,182.47,178.22,TAKE_PROFIT_BRACKET,123,138.75,7.9407179999972755,0.777,8.717717999997275,130.03228200000274
2026-01-20 15:55:00-05:00,2026-01-20 15:56:00-05:00,2026-01-20 15:59:00-05:00,LONG,-2.570643487645608,178.295,179.99250370421422,611.2798228675101,177.82028088813598,178.3,178.33566000000002,178.21,178.174358,112,3.0,1.25,336.0,140.0,0.4166666666666667,175.3,179.55,FORCED_EOD,3,-10.080000000000382,7.985824000000321,0.784,8.769824000000321,-18.8498240000007
2026-01-21 10:55:00-05:00,2026-01-21 10:56:00-05:00,2026-01-21 11:37:00-05:00,SHORT,2.8186692779813995,183.111,180.4106499892406,611.9725984582744,183.36507727107843,183.1,183.06338,181.85,181.88637,109,3.0,1.25,327.0,136.25,0.4166666666666667,186.1,181.85,TAKE_PROFIT_BRACKET,41,136.25,7.955910000000472,0.763,8.718910000000472,127.53108999999952
2026-01-21 14:29:00-05:00,2026-01-21 14:30:00-05:00,2026-01-21 14:43:00-05:00,LONG,-2.662409163589269,182.98,180.8675130355359,611.7985865086212,183.2039165657671,182.98,183.016596,184.23,184.193154,109,3.0,1.25,327.0,136.25,0.4166666666666667,179.98,184.23,TAKE_PROFIT_BRACKET,13,136.25,8.005178,0.763,8.768178,127.481822
2026-01-21 15:31:00-05:00,2026-01-21 15:32:00-05:00,2026-01-21 15:59:00-05:00,SHORT,2.676554237533581,184.035,181.65253539945746,613.4523430884261,183.5336434228144,184.035,183.99819300000001,183.34,183.376668,108,3.0,1.25,324.0,135.0,0.4166666666666667,187.035,182.785,FORCED_EOD,27,75.05999999999926,7.935299999997142,0.756,8.691299999997142,66.36870000000212
2026-01-22 12:03:00-05:00,2026-01-22 12:04:00-05:00,2026-01-22 15:59:00-05:00,LONG,-2.56557594669575,185.53,185.02598837401015,620.0081963222297,185.71785056656302,185.53,185.567106,184.85,184.81303,107,3.0,1.25,321.0,133.75,0.4166666666666667,182.53,186.78,FORCED_EOD,235,-72.76000000000073,7.926131999999029,0.749,8.67513199999903,-81.43513199999975
2026-01-23 13:45:00-05:00,2026-01-23 13:46:00-05:00,2026-01-23 15:59:00-05:00,SHORT,2.5031705400962796,187.98,187.805980454336,622.6783408239015,187.72572507974584,187.985,187.947403,187.67,187.70753399999998,106,3.0,1.25,318.0,132.5,0.4166666666666667,190.985,186.735,FORCED_EOD,133,33.39000000000277,7.9638859999998886,0.742,8.70588599999989,24.684114000002882
2026-01-26 11:00:00-05:00,2026-01-26 11:01:00-05:00,2026-01-26 15:59:00-05:00,LONG,-5.284894419995884,186.43,187.6427457427727,625.0642764605208,188.56218984306716,186.45,186.48728999999997,186.38,186.342724,107,3.0,1.25,321.0,133.75,0.4166666666666667,183.45,187.7,FORCED_EOD,298,-7.48999999999927,7.978561999997424,0.749,8.727561999997425,-16.217561999996697
2026-01-27 10:05:00-05:00,2026-01-27 10:06:00-05:00,2026-01-27 15:59:00-05:00,SHORT,2.810712250386832,188.0555,186.84968022432463,629.1307055779876,187.3003636371357,188.06,188.022388,188.533,188.5707066,106,3.0,1.25,318.0,132.5,0.4166666666666667,191.06,186.81,FORCED_EOD,353,-50.137999999998385,7.983771600000296,0.742,8.725771600000297,-58.863771599998685
2026-01-28 11:16:00-05:00,2026-01-28 11:17:00-05:00,2026-01-28 11:44:00-05:00,SHORT,2.6472869237726755,191.8045,191.51102478268356,634.9507287847897,190.5928634635091,191.805,191.766639,190.555,190.593111,104,3.0,1.25,312.0,130.0,0.4166666666666667,194.805,190.555,TAKE_PROFIT_BRACKET,27,130.0,7.953087999999525,0.728,8.681087999999525,121.31891200000048
2026-01-28 14:03:00-05:00,2026-01-28 14:04:00-05:00,2026-01-28 15:59:00-05:00,SHORT,2.703717288133932,191.745,191.3815074182848,634.1293284684175,190.36981528403587,191.75,191.71165,191.53,191.568306,104,3.0,1.25,312.0,130.0,0.4166666666666667,194.75,190.5,FORCED_EOD,115,22.87999999999988,7.972224000001461,0.728,8.70022400000146,14.179775999998421
2026-01-29 12:16:00-05:00,2026-01-29 12:17:00-05:00,2026-01-29 15:55:00-05:00,SHORT,2.5726592131815,189.0433,188.96754877353231,623.8724596277474,189.0146513169928,189.06,189.022188,192.06,192.098412,105,3.0,1.25,315.0,131.25,0.4166666666666667,192.06,187.81,STOP,218,-315.0,8.003519999999611,0.735,8.73851999999961,-323.7385199999996
2026-01-29 15:56:00-05:00,2026-01-29 15:57:00-05:00,2026-01-29 15:59:00-05:00,SHORT,2.716125001155764,192.3058,189.61278659721154,624.7464966450297,189.90254165076612,192.306,192.2675388,192.43,192.468486,104,3.0,1.25,312.0,130.0,0.4166666666666667,195.306,191.056,FORCED_EOD,2,-12.895999999999503,8.002508800000669,0.728,8.730508800000669,-21.626508800000174
2026-01-30 10:18:00-05:00,2026-01-30 10:19:00-05:00,2026-01-30 10:28:00-05:00,SHORT,2.518671167745709,193.13,192.19302803907505,626.698977524005,192.25521768792885,193.1294,193.09077412000002,191.8794,191.91777588,103,3.0,1.25,309.0,128.75,0.4166666666666667,196.1294,191.8794,TAKE_PROFIT_BRACKET,9,128.75,7.931181279997247,0.721,8.652181279997247,120.09781872000275
2026-01-30 10:47:00-05:00,2026-01-30 10:48:00-05:00,2026-01-30 11:16:00-05:00,SHORT,2.7419868004122723,194.055,192.40554849206274,626.5154536575922,192.50613349625723,194.055,194.016189,192.805,192.843561,103,3.0,1.25,309.0,128.75,0.4166666666666667,197.055,192.805,TAKE_PROFIT_BRACKET,28,128.75,7.969315999999679,0.721,8.69031599999968,120.05968400000032
2026-01-30 15:17:00-05:00,2026-01-30 15:18:00-05:00,2026-01-30 15:50:00-05:00,LONG,-2.6770463458291665,189.9701,192.1625673671378,624.2577228570915,191.8008784898455,189.98,190.01799599999998,191.23,191.191754,105,3.0,1.25,315.0,131.25,0.4166666666666667,186.98,191.23,TAKE_PROFIT_BRACKET,32,131.25,8.005409999997823,0.735,8.740409999997823,122.50959000000218
2026-02-02 10:13:00-05:00,2026-02-02 10:14:00-05:00,2026-02-02 15:00:00-05:00,SHORT,2.5226657031265707,188.55,187.3593077650194,623.1118001692138,187.97292371852862,188.555,188.517289,187.305,187.34246100000001,106,3.0,1.25,318.0,132.5,0.4166666666666667,191.555,187.305,TAKE_PROFIT_BRACKET,286,132.5,7.968232000000967,0.742,8.710232000000968,123.78976799999903
2026-02-02 15:00:00-05:00,2026-02-02 15:01:00-05:00,2026-02-02 15:59:00-05:00,LONG,-2.5105411066021412,187.3764,188.62907942658504,625.8721375954466,188.72867825296132,187.365,187.40247300000001,185.69,185.652862,106,3.0,1.25,318.0,132.5,0.4166666666666667,184.365,188.615,FORCED_EOD,58,-177.5500000000012,7.908766000000469,0.742,8.65076600000047,-186.20076600000166
2026-02-03 14:02:00-05:00,2026-02-03 14:03:00-05:00,2026-02-03 14:19:00-05:00,LONG,-2.554868178634103,178.2,180.75746821370632,618.672340175293,180.3287181476753,178.19,178.225638,179.44,179.404112,112,3.0,1.25,336.0,140.0,0.4166666666666667,175.19,179.44,TAKE_PROFIT_BRACKET,16,140.0,8.010912000000644,0.784,8.794912000000645,131.20508799999936
2026-02-03 14:43:00-05:00,2026-02-03 14:44:00-05:00,2026-02-03 15:18:00-05:00,LONG,-2.506287999425243,177.145,180.4610288628679,617.9724141297839,180.1268156462814,177.145,177.180429,178.395,178.35932100000002,112,3.0,1.25,336.0,140.0,0.4166666666666667,174.145,178.395,TAKE_PROFIT_BRACKET,34,140.0,7.96409599999788,0.784,8.748095999997881,131.25190400000213
2026-02-04 11:04:00-05:00,2026-02-04 11:05:00-05:00,2026-02-04 14:48:00-05:00,LONG,-2.8710310318179717,174.64,177.37466804047475,611.1861692215307,176.9891966232991,174.66,174.694932,175.91,175.874818,114,3.0,1.25,342.0,142.5,0.4166666666666667,171.66,175.91,TAKE_PROFIT_BRACKET,223,142.5,7.992995999998811,0.798,8.790995999998811,133.7090040000012
2026-02-04 15:13:00-05:00,2026-02-04 15:14:00-05:00,2026-02-04 15:40:00-05:00,LONG,-2.7143073176118437,174.38,175.2864178173781,607.2420569981097,175.21398466002515,174.39,174.42487799999998,175.64,175.604872,114,3.0,1.25,342.0,142.5,0.4166666666666667,171.39,175.64,TAKE_PROFIT_BRACKET,26,142.5,7.9806839999974954,0.798,8.778683999997495,133.7213160000025
2026-02-05 11:29:00-05:00,2026-02-05 11:30:00-05:00,2026-02-05 14:01:00-05:00,SHORT,2.5151848118735667,174.255,173.57161560589293,598.5153691265629,173.68382559201027,174.27,174.23514600000001,173.02,173.054604,114,3.0,1.25,342.0,142.5,0.4166666666666667,177.27,173.02,TAKE_PROFIT_BRACKET,151,142.5,7.9182119999996985,0.798,8.716211999999699,133.7837880000003
2026-02-06 14:18:00-05:00,2026-02-06 14:19:00-05:00,2026-02-06 15:09:00-05:00,LONG,-2.7726928158808963,184.18,182.15820700118059,604.8025043812496,182.33696078519424,184.185,184.221837,185.435,185.39791300000002,108,3.0,1.25,324.0,135.0,0.4166666666666667,181.185,185.435,TAKE_PROFIT_BRACKET,50,135.0,7.983791999997493,0.756,8.739791999997493,126.2602080000025
2026-02-06 15:41:00-05:00,2026-02-06 15:42:00-05:00,2026-02-06 15:59:00-05:00,SHORT,2.6063931228659096,185.915,182.62132287144732,605.319372253503,182.85607880969545,185.9101,185.87291798,185.41,185.447082,107,3.0,1.25,321.0,133.75,0.4166666666666667,188.9101,184.6601,FORCED_EOD,17,53.510700000000355,7.946250139998597,0.749,8.695250139998597,44.815449860001756
2026-02-09 13:34:00-05:00,2026-02-09 13:35:00-05:00,2026-02-09 15:59:00-05:00,LONG,-2.585987772583277,190.94,190.97615489859558,612.0373607858745,192.95994578680916,190.955,190.993191,189.79,189.752042,104,3.0,1.25,312.0,130.0,0.4166666666666667,187.955,192.205,FORCED_EOD,144,-121.16000000000213,7.919495999998617,0.728,8.647495999998617,-129.80749600000075
2026-02-10 12:03:00-05:00,2026-02-10 12:04:00-05:00,2026-02-10 15:59:00-05:00,SHORT,2.573660593853471,189.29,189.60884277275508,615.0428988105455,188.50349975693535,189.28,189.242144,188.61,188.64772200000002,105,3.0,1.25,315.0,131.25,0.4166666666666667,192.28,188.03,FORCED_EOD,235,70.34999999999869,7.935690000000761,0.735,8.67069000000076,61.679309999997926
2026-02-11 10:12:00-05:00,2026-02-11 10:13:00-05:00,2026-02-11 15:59:00-05:00,SHORT,2.5455488703719094,189.9399,191.87221009621726,614.8364776087835,188.30600366353235,189.922,189.8840156,190.04,190.07800799999998,105,3.0,1.25,315.0,131.25,0.4166666666666667,192.922,188.672,FORCED_EOD,346,-12.389999999999475,7.979201999998935,0.735,8.714201999998934,-21.10420199999841
2026-02-12 10:50:00-05:00,2026-02-12 10:51:00-05:00,2026-02-12 11:14:00-05:00,SHORT,2.6807451680198486,190.18,191.5745704842066,612.1935907690025,188.44206886928683,190.1534,190.11536932,188.9034,188.94118068,105,3.0,1.25,315.0,131.25,0.4166666666666667,193.1534,188.9034,TAKE_PROFIT_BRACKET,23,131.25,7.960192799998822,0.735,8.695192799998821,122.55480720000118
2026-02-12 12:57:00-05:00,2026-02-12 12:58:00-05:00,2026-02-12 14:55:00-05:00,SHORT,2.6410282431719914,189.7101,190.35941738936776,607.2695242027644,186.24060064522956,189.7101,189.67215798,188.4601,188.49779202000002,105,3.0,1.25,315.0,131.25,0.4166666666666667,192.7101,188.4601,TAKE_PROFIT_BRACKET,117,131.25,7.941574200001185,0.735,8.676574200001184,122.57342579999882
2026-02-13 11:54:00-05:00,2026-02-13 11:55:00-05:00,2026-02-13 12:32:00-05:00,LONG,-2.683015315991731,183.67,183.85543023729963,601.3423788859009,185.90361652036165,183.6735,183.71023469999997,184.9235,184.88651529999999,108,3.0,1.25,324.0,135.0,0.4166666666666667,180.6735,184.9235,TAKE_PROFIT_BRACKET,37,135.0,7.961695199998644,0.756,8.717695199998644,126.28230480000136
2026-02-13 13:37:00-05:00,2026-02-13 13:38:00-05:00,2026-02-13 14:56:00-05:00,SHORT,2.822555343753691,184.68,183.93715578444778,602.4291199881023,186.39145326138922,184.66,184.623068,183.41,183.44668199999998,108,3.0,1.25,324.0,135.0,0.4166666666666667,187.66,183.41,TAKE_PROFIT_BRACKET,78,135.0,7.950311999999144,0.756,8.706311999999144,126.29368800000086
2026-02-13 15:25:00-05:00,2026-02-13 15:26:00-05:00,2026-02-13 15:59:00-05:00,SHORT,2.9723773919461953,182.4729,183.8574452042476,602.8303357320395,182.97595733684193,182.48,182.443504,182.78,182.816556,109,3.0,1.25,327.0,136.25,0.4166666666666667,185.48,181.23,FORCED_EOD,33,-32.70000000000124,7.962667999998899,0.763,8.7256679999989,-41.42566800000014
2026-02-17 10:51:00-05:00,2026-02-17 10:52:00-05:00,2026-02-17 11:36:00-05:00,SHORT,2.6661939517348117,181.425,180.78465229594536,596.8580235254276,180.75096975702607,181.425,181.38871500000002,184.425,184.461885,110,3.0,1.25,330.0,137.5,0.4166666666666667,184.425,180.175,STOP,44,-330.0,8.048699999997382,0.77,8.818699999997381,-338.81869999999736
2026-02-17 12:18:00-05:00,2026-02-17 12:19:00-05:00,2026-02-17 15:59:00-05:00,SHORT,2.7995081551734984,184.385,181.9528751056593,598.0411305103542,182.53194378580878,184.39,184.35312199999998,185.0299,185.06690598,108,3.0,1.25,324.0,135.0,0.4166666666666667,187.39,183.14,FORCED_EOD,220,-69.10920000000124,7.979469840000547,0.756,8.735469840000547,-77.84466984000179
2026-02-18 11:50:00-05:00,2026-02-18 11:51:00-05:00,2026-02-18 15:59:00-05:00,LONG,-2.5537076011917477,189.075,189.13073439765708,606.0349999575042,189.6825769562821,189.075,189.11281499999998,187.84,187.802432,105,3.0,1.25,315.0,131.25,0.4166666666666667,186.075,190.325,FORCED_EOD,248,-129.67499999999845,7.915214999998739,0.735,8.650214999998738,-138.32521499999717
2026-02-19 11:06:00-05:00,2026-02-19 11:07:00-05:00,2026-02-19 15:59:00-05:00,LONG,-2.5668684923741942,187.0385,187.2585290717621,603.7012056728851,187.23598290342994,187.03,187.067406,187.89,187.852422,106,3.0,1.25,318.0,132.5,0.4166666666666667,184.03,188.28,FORCED_EOD,292,91.15999999999843,7.948304000000064,0.742,8.690304000000065,82.46969599999836
2026-02-20 10:44:00-05:00,2026-02-20 10:45:00-05:00,2026-02-20 12:24:00-05:00,SHORT,2.5495800271074,189.2085,187.69699039661475,605.1185601059575,188.5401171161187,189.2,189.16216,187.95,187.98758999999998,105,3.0,1.25,315.0,131.25,0.4166666666666667,192.2,187.95,TAKE_PROFIT_BRACKET,99,131.25,7.920149999998216,0.735,8.655149999998216,122.59485000000178
2026-02-20 12:24:00-05:00,2026-02-20 12:25:00-05:00,2026-02-20 13:31:00-05:00,LONG,-2.595614414155439,187.8601,188.53250153176643,606.5437313532115,187.95252686186,187.865,187.90257300000002,189.115,189.077177,106,3.0,1.25,318.0,132.5,0.4166666666666667,184.865,189.115,TAKE_PROFIT_BRACKET,66,132.5,7.991976000001273,0.742,8.733976000001274,123.76602399999872
2026-02-20 13:31:00-05:00,2026-02-20 13:32:00-05:00,2026-02-20 15:59:00-05:00,SHORT,2.552853009239059,189.115,188.5140507719895,606.5201417026603,188.73648634007043,189.115,189.077177,189.81,189.847962,105,3.0,1.25,315.0,131.25,0.4166666666666667,192.115,187.865,FORCED_EOD,147,-72.97499999999928,7.957424999999603,0.735,8.692424999999602,-81.66742499999889
2026-02-23 10:11:00-05:00,2026-02-23 10:12:00-05:00,2026-02-23 15:59:00-05:00,LONG,-3.169691148398066,191.42,192.79762412559745,605.4150624386283,192.42728670138803,191.42,191.458284,191.64,191.60167199999998,104,3.0,1.25,312.0,130.0,0.4166666666666667,188.42,192.67,FORCED_EOD,347,22.87999999999988,7.967648000001191,0.728,8.69564800000119,14.184351999998691
2026-02-24 13:26:00-05:00,2026-02-24 13:27:00-05:00,2026-02-24 15:59:00-05:00,LONG,-2.848858220375318,192.96,191.55148516452184,605.9314911209967,191.70257594643013,192.9593,192.99789186,192.805,192.76643900000002,103,3.0,1.25,309.0,128.75,0.4166666666666667,189.9593,194.2093,FORCED_EOD,152,-15.892900000000651,7.946744579998352,0.721,8.667744579998352,-24.560644579999003
2026-02-25 13:02:00-05:00,2026-02-25 13:03:00-05:00,2026-02-25 15:59:00-05:00,LONG,-2.8052809895073048,196.86,196.0248553696334,614.5057968311144,196.10295853818326,196.85,196.88936999999999,195.88,195.840824,101,3.0,1.25,303.0,126.25,0.4166666666666667,193.85,198.1,FORCED_EOD,176,-97.96999999999989,7.933145999998857,0.707,8.640145999998857,-106.61014599999874
2026-02-26 10:18:00-05:00,2026-02-26 10:19:00-05:00,2026-02-26 11:05:00-05:00,LONG,-2.549537450863596,185.98,189.69781818322357,611.9832382353969,189.3065884509603,185.97,186.007194,187.22,187.182556,107,3.0,1.25,321.0,133.75,0.4166666666666667,182.97,187.22,TAKE_PROFIT_BRACKET,46,133.75,7.986265999999262,0.749,8.735265999999262,125.01473400000074
2026-02-26 11:58:00-05:00,2026-02-26 11:59:00-05:00,2026-02-26 12:09:00-05:00,LONG,-2.524895779187776,185.94,188.162148013855,609.0270579974731,187.96678238394063,185.94,185.97718799999998,187.19,187.152562,107,3.0,1.25,321.0,133.75,0.4166666666666667,182.94,187.19,TAKE_PROFIT_BRACKET,10,133.75,7.984981999999462,0.749,8.733981999999463,125.01601800000054
2026-02-26 13:08:00-05:00,2026-02-26 13:09:00-05:00,2026-02-26 14:10:00-05:00,LONG,-2.6348663760710234,185.41,187.95403219976723,608.6352162043429,187.68531158744634,185.405,185.442081,186.655,186.617669,107,3.0,1.25,321.0,133.75,0.4166666666666667,182.405,186.655,TAKE_PROFIT_BRACKET,61,133.75,7.962083999999493,0.749,8.711083999999493,125.03891600000051
2026-02-26 14:10:00-05:00,2026-02-26 14:11:00-05:00,2026-02-26 14:25:00-05:00,SHORT,2.9176025135505,186.622,187.63551778182168,608.3782332300591,187.67598956650914,186.625,186.587675,185.375,185.412075,107,3.0,1.25,321.0,133.75,0.4166666666666667,189.625,185.375,TAKE_PROFIT_BRACKET,14,133.75,7.9607999999996935,0.749,8.709799999999694,125.04020000000031
2026-02-26 15:14:00-05:00,2026-02-26 15:15:00-05:00,2026-02-26 15:59:00-05:00,LONG,-2.8020642061871768,184.38,187.39552395391812,608.4304004297829,187.3760698777199,184.375,184.411875,184.87,184.83302600000002,108,3.0,1.25,324.0,135.0,0.4166666666666667,181.375,185.625,FORCED_EOD,44,53.46000000000049,7.975691999999526,0.756,8.731691999999526,44.728308000000965
2026-02-27 11:36:00-05:00,2026-02-27 11:37:00-05:00,2026-02-27 15:47:00-05:00,LONG,-2.5901502774786924,180.91,181.0917710004983,605.8604164805882,181.60860733372678,180.915,180.951183,177.915,177.879417,110,3.0,1.25,330.0,137.5,0.4166666666666667,177.915,182.165,STOP,250,-330.0,7.894259999999633,0.77,8.664259999999633,-338.6642599999996
2026-02-27 15:55:00-05:00,2026-02-27 15:56:00-05:00,2026-02-27 15:59:00-05:00,LONG,-2.7502067015968668,176.82,179.90000542012868,605.9829556543206,180.2913819174388,176.825,176.86036499999997,177.15,177.11457000000001,113,3.0,1.25,339.0,141.25,0.4166666666666667,173.825,178.075,FORCED_EOD,3,36.72500000000193,7.999834999997233,0.791,8.790834999997234,27.934165000004693
2026-03-02 11:01:00-05:00,2026-03-02 11:02:00-05:00,2026-03-02 11:18:00-05:00,LONG,-2.6065766824467036,180.26,179.65493534002306,604.203036472945,180.15277159140726,180.26,180.29605199999997,181.51,181.47369799999998,110,3.0,1.25,330.0,137.5,0.4166666666666667,177.26,181.51,TAKE_PROFIT_BRACKET,16,137.5,7.958939999998904,0.77,8.728939999998904,128.77106000000109
2026-03-02 13:36:00-05:00,2026-03-02 13:37:00-05:00,2026-03-02 15:59:00-05:00,SHORT,2.8710319593869413,182.535,180.71287164022735,605.6539142865809,181.7543642413146,182.538,182.50149240000002,182.35,182.38647,109,3.0,1.25,327.0,136.25,0.4166666666666667,185.538,181.288,FORCED_EOD,142,20.49200000000181,7.954558400000167,0.763,8.717558400000167,11.774441600001643
2026-03-03 13:22:00-05:00,2026-03-03 13:23:00-05:00,2026-03-03 15:59:00-05:00,LONG,-2.6860293148469374,180.2837,179.07077670330972,596.7813198887607,183.0039605959611,180.28,180.316056,180.05,180.01399,110,3.0,1.25,330.0,137.5,0.4166666666666667,177.28,181.53,FORCED_EOD,156,-25.299999999998875,7.927260000000729,0.77,8.697260000000728,-33.9972599999996
2026-03-04 12:42:00-05:00,2026-03-04 12:43:00-05:00,2026-03-04 15:59:00-05:00,SHORT,2.649028229316275,183.03,182.18723413127913,608.833688807018,183.97248617093445,183.025,182.988395,182.9,182.93658,109,3.0,1.25,327.0,136.25,0.4166666666666667,186.025,181.775,FORCED_EOD,196,13.625,7.977164999999474,0.763,8.740164999999473,4.8848350000005265
2026-03-05 10:18:00-05:00,2026-03-05 10:19:00-05:00,2026-03-05 10:30:00-05:00,SHORT,2.587209497493573,182.465,181.87180033696978,610.5413572511561,182.04247370766458,182.45,182.41351,181.2,181.23623999999998,109,3.0,1.25,327.0,136.25,0.4166666666666667,185.45,181.2,TAKE_PROFIT_BRACKET,11,136.25,7.927569999997672,0.763,8.690569999997672,127.55943000000232
2026-03-05 14:52:00-05:00,2026-03-05 14:53:00-05:00,2026-03-05 15:10:00-05:00,LONG,-2.8732073316976154,180.335,181.24951999055403,607.1072378944785,179.40085907775472,180.34,180.376068,181.59,181.553682,110,3.0,1.25,330.0,137.5,0.4166666666666667,177.34,181.59,TAKE_PROFIT_BRACKET,17,137.5,7.962459999999396,0.77,8.732459999999396,128.7675400000006
2026-03-05 15:26:00-05:00,2026-03-05 15:27:00-05:00,2026-03-05 15:59:00-05:00,LONG,-2.713323012742961,182.2,181.25923481007624,606.9407501081124,181.6165651965602,182.19,182.226438,183.33,183.29333400000002,109,3.0,1.25,327.0,136.25,0.4166666666666667,179.19,183.44,FORCED_EOD,32,124.26000000000161,7.968336000000079,0.763,8.731336000000079,115.52866400000153
2026-03-06 11:55:00-05:00,2026-03-06 11:56:00-05:00,2026-03-06 12:32:00-05:00,SHORT,2.6097887794821366,182.23,181.59009665050323,602.4635498341856,182.5869819511776,182.22,182.183556,180.97,181.006194,109,3.0,1.25,327.0,136.25,0.4166666666666667,185.22,180.97,TAKE_PROFIT_BRACKET,36,136.25,7.917541999998207,0.763,8.680541999998207,127.56945800000179
2026-03-06 14:12:00-05:00,2026-03-06 14:13:00-05:00,2026-03-06 15:25:00-05:00,LONG,-2.611019520691921,180.63,181.49591905560246,602.9085418634396,181.9169240720784,180.6377,180.67382754,177.6377,177.60217246,110,3.0,1.25,330.0,137.5,0.4166666666666667,177.6377,181.8877,STOP,72,-330.0,7.882058799999925,0.77,8.652058799999924,-338.6520587999999
2026-03-06 15:25:00-05:00,2026-03-06 15:26:00-05:00,2026-03-06 15:59:00-05:00,LONG,-2.560655779783381,177.57,181.0715148368862,602.9142085670492,179.80261632986995,177.57,177.605514,177.69,177.654462,112,3.0,1.25,336.0,140.0,0.4166666666666667,174.57,178.82,FORCED_EOD,33,13.44000000000051,7.957824000000983,0.784,8.741824000000983,4.698175999999526
2026-03-09 10:48:00-04:00,2026-03-09 10:49:00-04:00,2026-03-09 12:26:00-04:00,LONG,-2.7073521231792403,179.02,177.33230775323386,593.8210324797639,179.1072804686301,179.015,179.05080299999997,180.265,180.22894699999998,111,3.0,1.25,333.0,138.75,0.4166666666666667,176.015,180.265,TAKE_PROFIT_BRACKET,97,138.75,7.976015999999646,0.777,8.753015999999645,129.99698400000037
2026-03-09 14:52:00-04:00,2026-03-09 14:53:00-04:00,2026-03-09 15:21:00-04:00,LONG,-2.836985574751843,180.075,178.69271877064546,597.0058230260239,180.43783356130226,180.08,180.116016,181.33,181.29373400000003,111,3.0,1.25,333.0,138.75,0.4166666666666667,177.08,181.33,TAKE_PROFIT_BRACKET,28,138.75,8.023301999996988,0.777,8.800301999996988,129.94969800000302
2026-03-09 15:26:00-04:00,2026-03-09 15:27:00-04:00,2026-03-09 15:38:00-04:00,LONG,-2.8027835547327364,181.51,178.88723660639172,597.739145515455,182.63828375009845,181.5,181.53629999999998,182.75,182.71345,110,3.0,1.25,330.0,137.5,0.4166666666666667,178.5,182.75,TAKE_PROFIT_BRACKET,11,137.5,8.013499999998714,0.77,8.783499999998714,128.71650000000128
2026-03-10 12:19:00-04:00,2026-03-10 12:20:00-04:00,2026-03-10 15:59:00-04:00,LONG,-2.5650023790276664,185.3199,184.4581524282765,609.5229878314216,185.3283104243789,185.32,185.35706399999998,184.76,184.723048,107,3.0,1.25,321.0,133.75,0.4166666666666667,182.32,186.57,FORCED_EOD,219,-59.92000000000024,7.919711999996991,0.749,8.668711999996992,-68.58871199999723
2026-03-11 10:43:00-04:00,2026-03-11 10:44:00-04:00,2026-03-11 15:59:00-04:00,LONG,-2.851883891072817,185.93,186.47445537548427,609.8016426983739,186.03032909767433,185.94,185.97718799999998,186.01,185.97279799999998,107,3.0,1.25,321.0,133.75,0.4166666666666667,182.94,187.19,FORCED_EOD,315,7.48999999999927,7.959729999999354,0.749,8.708729999999354,-1.2187300000000842
2026-03-12 12:07:00-04:00,2026-03-12 12:08:00-04:00,2026-03-12 13:55:00-04:00,SHORT,2.577125052581667,184.565,183.0895099310099,600.2637214728932,182.75052220274304,184.56,184.523088,183.31,183.346662,108,3.0,1.25,324.0,135.0,0.4166666666666667,187.56,183.31,TAKE_PROFIT_BRACKET,107,135.0,7.945992000000842,0.756,8.701992000000843,126.29800799999916
2026-03-12 15:02:00-04:00,2026-03-12 15:03:00-04:00,2026-03-12 15:59:00-04:00,SHORT,3.0892697526443724,183.1,183.3868269240961,600.0671885977476,182.1158570148819,183.1,183.06338,183.01,183.04660199999998,109,3.0,1.25,327.0,136.25,0.4166666666666667,186.1,181.85,FORCED_EOD,56,9.810000000000372,7.981197999998585,0.763,8.744197999998585,1.0658020000017867
2026-03-13 10:56:00-04:00,2026-03-13 10:57:00-04:00,2026-03-13 11:46:00-04:00,SHORT,2.8978479158027812,182.155,184.32649719745487,600.5298263280748,181.94524130976697,182.15,182.11357,180.9,180.93618,109,3.0,1.25,327.0,136.25,0.4166666666666667,185.15,180.9,TAKE_PROFIT_BRACKET,49,136.25,7.9144899999997165,0.763,8.677489999999716,127.57251000000028
2026-03-13 14:01:00-04:00,2026-03-13 14:02:00-04:00,2026-03-13 15:59:00-04:00,LONG,-2.5086613099755026,180.382,182.78622532844895,597.2916682246489,180.57405739633333,180.37,180.406074,180.26,180.223948,110,3.0,1.25,330.0,137.5,0.4166666666666667,177.37,181.62,FORCED_EOD,117,-12.1000000000015,7.933859999996571,0.77,8.70385999999657,-20.80385999999807
2026-03-16 12:10:00-04:00,2026-03-16 12:11:00-04:00,2026-03-16 14:11:00-04:00,LONG,-3.3899690057865564,184.065,184.20143340699974,600.9599116775624,184.21119901797115,184.07,184.10681399999999,185.32,185.282936,108,3.0,1.25,324.0,135.0,0.4166666666666667,181.07,185.32,TAKE_PROFIT_BRACKET,120,135.0,7.978823999997758,0.756,8.734823999997758,126.26517600000224
2026-03-16 14:11:00-04:00,2026-03-16 14:12:00-04:00,2026-03-16 14:54:00-04:00,SHORT,3.9507361461257458,185.315,184.30035342596716,600.8463244422594,184.42315192746418,185.315,185.277937,184.065,184.101813,107,3.0,1.25,321.0,133.75,0.4166666666666667,188.315,184.065,TAKE_PROFIT_BRACKET,42,133.75,7.904731999998319,0.749,8.65373199999832,125.09626800000169
2026-03-16 15:09:00-04:00,2026-03-16 15:10:00-04:00,2026-03-16 15:12:00-04:00,SHORT,3.345486533623739,187.58,184.47155407161944,600.9513830332348,185.5172787032912,187.57,187.532486,186.32,186.357264,106,3.0,1.25,318.0,132.5,0.4166666666666667,190.57,186.32,TAKE_PROFIT_BRACKET,2,132.5,7.9264679999979535,0.742,8.668467999997954,123.83153200000204
2026-03-17 12:18:00-04:00,2026-03-17 12:19:00-04:00,2026-03-17 15:59:00-04:00,SHORT,5.206002930651798,182.97,182.9677915029033,604.0684401477157,182.72060213475922,182.974,182.9374052,181.96,181.99639200000001,109,3.0,1.25,327.0,136.25,0.4166666666666667,185.974,181.724,FORCED_EOD,220,110.52599999999799,7.955561199999494,0.763,8.718561199999494,101.8074387999985
2026-03-18 12:28:00-04:00,2026-03-18 12:29:00-04:00,2026-03-18 14:51:00-04:00,SHORT,2.777245435190472,182.7927,182.33816591114876,600.9284346775905,182.21805945478525,182.8,182.76344,181.55,181.58631,109,3.0,1.25,327.0,136.25,0.4166666666666667,185.8,181.55,TAKE_PROFIT_BRACKET,142,136.25,7.942829999999418,0.763,8.705829999999418,127.54417000000058
2026-03-19 14:21:00-04:00,2026-03-19 14:22:00-04:00,2026-03-19 15:51:00-04:00,SHORT,3.0843175278993056,179.23,177.79898832390123,590.2090468149308,178.1011658300651,179.236,179.20015279999998,177.986,178.02159719999997,111,3.0,1.25,333.0,138.75,0.4166666666666667,182.236,177.986,TAKE_PROFIT_BRACKET,89,138.75,7.930328399998899,0.777,8.707328399998898,130.0426716000011
2026-03-20 12:14:00-04:00,2026-03-20 12:15:00-04:00,2026-03-20 13:28:00-04:00,SHORT,3.2405720593409173,176.3723,176.33580396807596,586.8566605276098,176.50757969713098,176.37,176.33472600000002,175.12,175.155024,113,3.0,1.25,339.0,141.25,0.4166666666666667,179.37,175.12,TAKE_PROFIT_BRACKET,73,141.25,7.9436739999977135,0.791,8.734673999997714,132.5153260000023
2026-03-20 13:28:00-04:00,2026-03-20 13:29:00-04:00,2026-03-20 15:36:00-04:00,LONG,-2.6253376615805326,175.1076,176.24608159145214,586.7002441934522,175.7749737137765,175.105,175.140021,172.105,172.07057899999998,114,3.0,1.25,342.0,142.5,0.4166666666666667,172.105,176.355,STOP,127,-342.0,7.916388000001064,0.798,8.714388000001064,-350.71438800000107
2026-03-23 11:51:00-04:00,2026-03-23 11:52:00-04:00,2026-03-23 15:59:00-04:00,LONG,-2.5986873796175836,176.1002,177.33341026429193,592.5447563303709,176.6445056045066,176.11,176.14522200000002,175.51,175.474898,113,3.0,1.25,339.0,141.25,0.4166666666666667,173.11,177.36,FORCED_EOD,247,-67.80000000000257,7.946611999999931,0.791,8.737611999999931,-76.5376120000025
2026-03-24 10:07:00-04:00,2026-03-24 10:08:00-04:00,2026-03-24 11:21:00-04:00,LONG,-2.504385894498724,174.785,174.92697137690075,584.0597020949119,175.26086290853405,174.765,174.799953,176.015,175.979797,114,3.0,1.25,342.0,142.5,0.4166666666666667,171.765,176.015,TAKE_PROFIT_BRACKET,73,142.5,7.997783999999683,0.798,8.795783999999683,133.70421600000032
2026-03-24 13:06:00-04:00,2026-03-24 13:07:00-04:00,2026-03-24 15:59:00-04:00,SHORT,2.6576112536128385,174.86,175.0460009421507,585.0322802590343,174.63507991449097,174.85,174.81503,175.31,175.34506199999998,114,3.0,1.25,342.0,142.5,0.4166666666666667,177.85,173.6,FORCED_EOD,172,-52.44000000000091,7.983647999996492,0.798,8.781647999996492,-61.2216479999974
2026-03-25 11:30:00-04:00,2026-03-25 11:31:00-04:00,2026-03-25 15:59:00-04:00,LONG,-2.767858511047927,179.785,179.55384105581055,589.0142962849376,179.63474538424978,179.78,179.815956,178.67,178.634266,111,3.0,1.25,333.0,138.75,0.4166666666666667,176.78,181.03,FORCED_EOD,268,-123.21000000000151,7.957589999998845,0.777,8.734589999998844,-131.94459000000035
2026-03-26 11:04:00-04:00,2026-03-26 11:05:00-04:00,2026-03-26 13:50:00-04:00,SHORT,3.6929007416662167,173.865,174.98120015603553,582.5738661276076,174.27076442179327,173.86,173.825228,172.61,172.64452200000002,115,3.0,1.25,345.0,143.75,0.4166666666666667,176.86,172.61,TAKE_PROFIT_BRACKET,165,143.75,7.968810000001554,0.805,8.773810000001554,134.97618999999844
2026-03-26 15:11:00-04:00,2026-03-26 15:12:00-04:00,2026-03-26 15:59:00-04:00,LONG,-2.6874035918153343,171.5975,173.99752790304998,580.0470732109768,171.40606925356613,171.625,171.659325,171.22,171.185756,116,3.0,1.25,348.0,145.0,0.4166666666666667,168.625,172.875,FORCED_EOD,47,-46.98000000000013,7.9540039999996,0.812,8.7660039999996,-55.74600399999973
2026-03-27 12:08:00-04:00,2026-03-27 12:09:00-04:00,2026-03-27 13:26:00-04:00,SHORT,2.6528683979082524,169.32,169.10505260948125,568.0422906045587,168.73903248227828,169.32,169.286136,168.07,168.103614,118,3.0,1.25,354.0,147.5,0.4166666666666667,172.32,168.07,TAKE_PROFIT_BRACKET,77,147.5,7.96240399999931,0.8260000000000001,8.78840399999931,138.7115960000007
2026-03-27 13:40:00-04:00,2026-03-27 13:41:00-04:00,2026-03-27 15:59:00-04:00,SHORT,2.7262102100554504,168.07,169.01659576160364,567.5599372107177,167.28383527879674,168.08,168.04638400000002,167.46,167.493492,119,3.0,1.25,357.0,148.75,0.4166666666666667,171.08,166.83,FORCED_EOD,138,73.78000000000054,7.985851999998857,0.833,8.818851999998857,64.96114800000169
2026-03-30 10:15:00-04:00,2026-03-30 10:16:00-04:00,2026-03-30 10:32:00-04:00,SHORT,2.5845696095552126,167.88,167.49845854701843,564.4938578731752,166.94534238999825,167.895,167.861421,166.645,166.67832900000002,119,3.0,1.25,357.0,148.75,0.4166666666666667,170.895,166.645,TAKE_PROFIT_BRACKET,16,148.75,7.962052000001449,0.833,8.79505200000145,139.95494799999855
2026-03-30 13:20:00-04:00,2026-03-30 13:21:00-04:00,2026-03-30 15:07:00-04:00,SHORT,2.6763117346469776,166.2,167.2344908536423,563.4515989164358,165.86237610486964,166.195,166.16176099999998,164.945,164.97798899999998,120,3.0,1.25,360.0,150.0,0.4166666666666667,169.195,164.945,TAKE_PROFIT_BRACKET,106,150.0,7.947359999999435,0.84,8.787359999999435,141.21264000000056
2026-03-30 15:45:00-04:00,2026-03-30 15:46:00-04:00,2026-03-30 15:59:00-04:00,LONG,-3.282474577807511,164.665,166.67640540671925,561.695449824294,164.47820340609314,164.65,164.68293,165.06,165.02698800000002,121,3.0,1.25,363.0,151.25,0.4166666666666667,161.65,165.9,FORCED_EOD,13,49.60999999999959,7.978981999997387,0.847,8.825981999997387,40.7840180000022
2026-03-31 12:38:00-04:00,2026-03-31 12:39:00-04:00,2026-03-31 12:41:00-04:00,LONG,-2.544849343627037,171.69,169.8907727014005,567.0745819794262,171.43368057020206,171.69,171.724338,172.94,172.905412,116,3.0,1.25,348.0,145.0,0.4166666666666667,168.69,172.94,TAKE_PROFIT_BRACKET,2,145.0,7.995415999997249,0.812,8.807415999997248,136.19258400000274
2026-03-31 12:41:00-04:00,2026-03-31 12:42:00-04:00,2026-03-31 15:40:00-04:00,LONG,-5.454801733438432,173.31,170.00977497281133,567.3565616776117,174.09886052049117,173.3,173.33466,174.55,174.51509000000001,115,3.0,1.25,345.0,143.75,0.4166666666666667,170.3,174.55,TAKE_PROFIT_BRACKET,178,143.75,8.000549999999862,0.805,8.805549999999862,134.94445000000013
2026-03-31 15:48:00-04:00,2026-03-31 15:49:00-04:00,2026-03-31 15:59:00-04:00,LONG,-2.8795999078216026,174.3409,171.55994787513023,571.4960496908144,175.0422016214209,174.345,174.37986899999999,174.31,174.275138,114,3.0,1.25,342.0,142.5,0.4166666666666667,171.345,175.595,FORCED_EOD,10,-3.989999999999611,7.949333999998885,0.798,8.747333999998885,-12.737333999998496
2026-04-01 10:01:00-04:00,2026-04-01 10:02:00-04:00,2026-04-01 11:00:00-04:00,LONG,-2.5066743760604293,175.63,175.80294889266568,582.1604315199891,176.15319289529265,175.625,175.660125,176.875,176.839625,113,3.0,1.25,339.0,141.25,0.4166666666666667,172.625,176.875,TAKE_PROFIT_BRACKET,58,141.25,7.966499999997893,0.791,8.757499999997894,132.4925000000021
2026-04-01 12:42:00-04:00,2026-04-01 12:43:00-04:00,2026-04-01 15:59:00-04:00,LONG,-2.6987969477616245,176.88,176.28640912498423,584.4103050472571,177.57312788261342,176.89,176.925378,175.8,175.76484000000002,113,3.0,1.25,339.0,141.25,0.4166666666666667,173.89,178.14,FORCED_EOD,196,-123.16999999999717,7.9707939999998985,0.791,8.761793999999899,-131.93179399999707
2026-04-02 10:36:00-04:00,2026-04-02 10:37:00-04:00,2026-04-02 15:11:00-04:00,LONG,-2.870171548969683,176.208,173.50994095145387,576.6318253195246,176.96890984514062,176.207,176.24224139999998,177.457,177.4215086,113,3.0,1.25,339.0,141.25,0.4166666666666667,173.207,177.457,TAKE_PROFIT_BRACKET,274,141.25,7.992806399996994,0.791,8.783806399996994,132.466193600003
2026-04-02 15:50:00-04:00,2026-04-02 15:51:00-04:00,2026-04-02 15:59:00-04:00,LONG,-3.0053111785215805,177.25,175.40153041517058,580.5691734878352,177.0868574132137,177.255,177.290451,177.4,177.36452,112,3.0,1.25,336.0,140.0,0.4166666666666667,174.255,178.505,FORCED_EOD,8,16.240000000001146,7.944272000000183,0.784,8.728272000000183,7.5117280000009625
2026-04-06 10:47:00-04:00,2026-04-06 10:48:00-04:00,2026-04-06 15:59:00-04:00,SHORT,2.856037409113506,176.55,176.75047455711587,587.9010852954176,176.2631500281232,176.57,176.534686,177.64,177.67552799999999,113,3.0,1.25,339.0,141.25,0.4166666666666667,179.57,175.32,FORCED_EOD,311,-120.90999999999923,8.005145999999883,0.791,8.796145999999883,-129.7061459999991
2026-04-07 10:33:00-04:00,2026-04-07 10:34:00-04:00,2026-04-07 15:18:00-04:00,LONG,-2.8691611436785847,175.065,175.57573025085534,582.8254209803498,175.7003248085121,175.065,175.100013,176.315,176.279737,114,3.0,1.25,342.0,142.5,0.4166666666666667,172.065,176.315,TAKE_PROFIT_BRACKET,284,142.5,8.011463999997545,0.798,8.809463999997545,133.69053600000245
2026-04-07 15:45:00-04:00,2026-04-07 15:46:00-04:00,2026-04-07 15:59:00-04:00,LONG,-2.682959692916586,177.28,175.44265919485062,583.2456958097551,177.67319246151249,177.27,177.305454,178.095,178.059381,112,3.0,1.25,336.0,140.0,0.4166666666666667,174.27,178.52,FORCED_EOD,13,92.39999999999873,7.960175999998228,0.784,8.744175999998228,83.6558240000005
2026-04-08 10:06:00-04:00,2026-04-08 10:07:00-04:00,2026-04-08 15:59:00-04:00,LONG,-2.5588025985164005,181.87,183.57203585764844,606.9328772146855,183.07152252190113,181.86,181.896372,182.12,182.08357600000002,109,3.0,1.25,327.0,136.25,0.4166666666666667,178.86,183.11,FORCED_EOD,352,28.33999999999901,7.934763999998097,0.763,8.697763999998097,19.642236000000914
2026-04-09 10:48:00-04:00,2026-04-09 10:49:00-04:00,2026-04-09 15:59:00-04:00,SHORT,2.7350370953379395,182.44,181.62783150497754,604.6328162536621,181.55938488589376,182.445,182.408511,183.86,183.896772,109,3.0,1.25,327.0,136.25,0.4166666666666667,185.445,181.195,FORCED_EOD,310,-154.23500000000223,7.985448999997146,0.763,8.748448999997146,-162.98344899999938
2026-04-10 11:22:00-04:00,2026-04-10 11:23:00-04:00,2026-04-10 11:40:00-04:00,SHORT,2.6713514387597317,189.815,187.42529923321953,612.211101774088,187.62797793467394,189.8101,189.77213798,188.5601,188.59781202,105,3.0,1.25,315.0,131.25,0.4166666666666667,192.8101,188.5601,TAKE_PROFIT_BRACKET,17,131.25,7.9457741999995335,0.735,8.680774199999533,122.56922580000047
2026-04-10 13:30:00-04:00,2026-04-10 13:31:00-04:00,2026-04-10 15:06:00-04:00,LONG,-2.5490919823371043,188.04,187.85313640768697,611.6993583011013,187.4985460259598,188.05,188.08761,189.3,189.26214000000002,106,3.0,1.25,318.0,132.5,0.4166666666666667,185.05,189.3,TAKE_PROFIT_BRACKET,95,132.5,7.999819999999545,0.742,8.741819999999546,123.75818000000045
2026-04-10 15:06:00-04:00,2026-04-10 15:07:00-04:00,2026-04-10 15:59:00-04:00,SHORT,2.845571376372913,189.3,187.9710968762553,611.4989135422034,187.86071712582552,189.295,189.257141,188.64,188.67772799999997,105,3.0,1.25,315.0,131.25,0.4166666666666667,192.295,188.045,FORCED_EOD,52,68.77500000000012,7.936634999998375,0.735,8.671634999998375,60.103365000001745
2026-04-13 11:29:00-04:00,2026-04-13 11:30:00-04:00,2026-04-13 15:59:00-04:00,LONG,-3.084462847937886,188.6108,187.8098268873582,610.8676149424134,187.92937241327377,188.62,188.657724,189.21,189.17215800000002,106,3.0,1.25,318.0,132.5,0.4166666666666667,185.62,189.87,FORCED_EOD,269,62.54000000000036,8.009995999997955,0.742,8.751995999997956,53.7880040000024
2026-04-14 11:46:00-04:00,2026-04-14 11:47:00-04:00,2026-04-14 15:59:00-04:00,SHORT,2.512038911455822,194.19,192.663285367207,623.1083931727056,192.92697802492506,194.19,194.151162,196.49,196.529298,103,3.0,1.25,309.0,128.75,0.4166666666666667,197.19,192.94,FORCED_EOD,252,-236.90000000000117,8.048008000000067,0.721,8.769008000000067,-245.66900800000124
2026-04-15 11:48:00-04:00,2026-04-15 11:49:00-04:00,2026-04-15 12:30:00-04:00,SHORT,3.1972796496093374,200.315,198.82530328950136,631.1133225578309,199.14020902959695,200.3,200.25994000000003,199.05,199.08981,99,3.0,1.25,297.0,123.75,0.4166666666666667,203.3,199.05,TAKE_PROFIT_BRACKET,41,123.75,7.907129999997153,0.6930000000000001,8.600129999997153,115.14987000000285
2026-04-15 12:30:00-04:00,2026-04-15 12:31:00-04:00,2026-04-15 14:00:00-04:00,LONG,-2.9980153552994033,198.78,198.93029190458154,631.5654569931828,199.14590295491058,198.79,198.829758,195.79,195.750842,100,3.0,1.25,300.0,125.0,0.4166666666666667,195.79,200.04,STOP,89,-300.0,7.891599999999244,0.7000000000000001,8.591599999999243,-308.59159999999923
2026-04-15 14:00:00-04:00,2026-04-15 14:01:00-04:00,2026-04-15 14:33:00-04:00,LONG,-3.3866205860491716,195.9301,198.51993661580173,631.9151675275591,198.62533490275482,195.94,195.979188,197.19,197.150562,102,3.0,1.25,306.0,127.5,0.4166666666666667,192.94,197.19,TAKE_PROFIT_BRACKET,32,127.5,8.019851999998536,0.714,8.733851999998537,118.76614800000146
2026-04-16 10:57:00-04:00,2026-04-16 10:58:00-04:00,2026-04-16 14:28:00-04:00,SHORT,2.555369531947771,198.63,197.20040227992575,637.2830654288462,197.38459261441696,198.63,198.590274,197.38,197.419476,100,3.0,1.25,300.0,125.0,0.4166666666666667,201.63,197.38,TAKE_PROFIT_BRACKET,210,125.0,7.920200000000932,0.7000000000000001,8.620200000000931,116.37979999999907
2026-04-16 15:35:00-04:00,2026-04-16 15:36:00-04:00,2026-04-16 15:59:00-04:00,SHORT,2.9838584891181417,198.585,198.04452118835758,639.0408462498605,198.21996891200607,198.58,198.540284,198.24,198.279648,100,3.0,1.25,300.0,125.0,0.4166666666666667,201.58,197.33,FORCED_EOD,23,34.00000000000034,7.936399999999821,0.7000000000000001,8.63639999999982,25.36360000000052
2026-04-17 10:25:00-04:00,2026-04-17 10:26:00-04:00,2026-04-17 11:40:00-04:00,LONG,-2.7557833939653937,199.985,200.5832914897706,646.1092405168373,200.73207818342135,199.99,200.029998,201.24,201.19975200000002,99,3.0,1.25,297.0,123.75,0.4166666666666667,196.99,201.24,TAKE_PROFIT_BRACKET,74,123.75,7.944353999998839,0.6930000000000001,8.637353999998838,115.11264600000116
2026-04-17 11:45:00-04:00,2026-04-17 11:46:00-04:00,2026-04-17 13:20:00-04:00,SHORT,2.656801128646378,201.18,200.59451256276373,647.2987810953517,201.0830003261553,201.19,201.149762,199.94,199.979988,99,3.0,1.25,297.0,123.75,0.4166666666666667,204.19,199.94,TAKE_PROFIT_BRACKET,94,123.75,7.94237399999821,0.6930000000000001,8.63537399999821,115.11462600000179
2026-04-17 13:40:00-04:00,2026-04-17 13:41:00-04:00,2026-04-17 15:59:00-04:00,SHORT,2.6247574450776154,200.29,200.5871638985837,647.8722385736814,200.56486772373052,200.3,200.25994000000003,201.67,201.710334,99,3.0,1.25,297.0,123.75,0.4166666666666667,203.3,199.05,FORCED_EOD,138,-135.62999999999764,7.959005999998425,0.6930000000000001,8.652005999998424,-144.28200599999607
2026-04-20 10:51:00-04:00,2026-04-20 10:52:00-04:00,2026-04-20 15:43:00-04:00,SHORT,2.7553948133160016,198.85,199.5148406037119,646.4458698648323,197.9349799121148,198.8,198.76024,201.8,201.84036,100,3.0,1.25,300.0,125.0,0.4166666666666667,201.8,197.55,STOP,291,-300.0,8.011999999999375,0.7000000000000001,8.711999999999374,-308.71199999999936
2026-04-20 15:43:00-04:00,2026-04-20 15:44:00-04:00,2026-04-20 15:59:00-04:00,SHORT,2.6838769012233605,201.7,199.62082609254523,645.7637806410842,200.05077205478116,201.695,201.654661,202.12,202.160424,99,3.0,1.25,297.0,123.75,0.4166666666666667,204.695,200.445,FORCED_EOD,15,-42.075000000001125,7.995536999999047,0.6930000000000001,8.688536999999046,-50.76353700000017
2026-04-21 11:02:00-04:00,2026-04-21 11:03:00-04:00,2026-04-21 12:44:00-04:00,SHORT,2.588636158701754,201.0,201.72807554314997,648.1085054189908,200.5245317584233,200.99,200.949802,199.74,199.77994800000002,99,3.0,1.25,297.0,123.75,0.4166666666666667,203.99,199.74,TAKE_PROFIT_BRACKET,101,123.75,7.934454000001324,0.6930000000000001,8.627454000001324,115.12254599999868
2026-04-21 13:41:00-04:00,2026-04-21 13:42:00-04:00,2026-04-21 15:59:00-04:00,LONG,-2.5357464367650793,200.15,201.0751187365163,646.9259597085022,200.81679230133116,200.16,200.200032,199.91,199.870018,99,3.0,1.25,297.0,123.75,0.4166666666666667,197.16,201.41,FORCED_EOD,137,-24.75,7.9213860000005525,0.6930000000000001,8.614386000000552,-33.36438600000055
2026-04-22 10:45:00-04:00,2026-04-22 10:46:00-04:00,2026-04-22 15:59:00-04:00,SHORT,3.0333259902567757,201.24,200.22827979836524,650.8648719955224,200.79832589645304,201.2312,201.19095376,202.42,202.46048399999998,99,3.0,1.25,297.0,123.75,0.4166666666666667,204.2312,199.9812,FORCED_EOD,313,-117.69119999999864,7.992293759998006,0.6930000000000001,8.685293759998006,-126.37649375999665
2026-04-23 13:42:00-04:00,2026-04-23 13:43:00-04:00,2026-04-23 14:35:00-04:00,LONG,-2.640888997699642,198.24,201.78373907495444,653.4267821751399,200.00322360098878,198.23,198.269646,199.48,199.440104,100,3.0,1.25,300.0,125.0,0.4166666666666667,195.23,199.48,TAKE_PROFIT_BRACKET,52,125.0,7.954200000000355,0.7000000000000001,8.654200000000355,116.34579999999964
2026-04-23 15:22:00-04:00,2026-04-23 15:23:00-04:00,2026-04-23 15:59:00-04:00,SHORT,2.798844901718224,199.14,201.0895016745558,652.2355835261889,200.67589605256077,199.14,199.100172,199.71,199.749942,100,3.0,1.25,300.0,125.0,0.4166666666666667,202.14,197.89,FORCED_EOD,36,-57.00000000000216,7.976999999999634,0.7000000000000001,8.676999999999634,-65.6770000000018
2026-04-24 10:33:00-04:00,2026-04-24 10:34:00-04:00,2026-04-24 10:44:00-04:00,SHORT,2.70730017916837,203.06,202.18070116131162,658.5468165932812,201.85920930006904,203.07,203.029386,206.07,206.111214,98,3.0,1.25,294.0,122.5,0.4166666666666667,206.07,201.82,STOP,10,-294.0,8.019144000000153,0.686,8.705144000000153,-302.70514400000013
2026-04-24 10:44:00-04:00,2026-04-24 10:45:00-04:00,2026-04-24 11:09:00-04:00,SHORT,3.2926815803923564,206.24,202.82620262423774,658.5623050266269,203.1490292066299,206.23,206.188754,209.23,209.27184599999998,96,3.0,1.25,288.0,120.0,0.4166666666666667,209.23,204.98,STOP,24,-288.0,7.976831999999376,0.672,8.648831999999377,-296.6488319999994
2026-04-27 12:33:00-04:00,2026-04-27 12:34:00-04:00,2026-04-27 13:50:00-04:00,SHORT,2.828971473633462,212.22,210.00746004015926,662.4164374303886,210.2504256186228,212.22,212.177556,215.22,215.263044,94,3.0,1.25,282.0,117.5,0.4166666666666667,215.22,210.97,STOP,76,-282.0,8.035871999999813,0.658,8.693871999999812,-290.6938719999998
2026-04-27 14:19:00-04:00,2026-04-27 14:20:00-04:00,2026-04-27 14:45:00-04:00,SHORT,2.5323989108810143,216.205,211.47465417288387,662.7358321201765,212.12571996526555,216.2,216.15676,214.95,214.99299,92,3.0,1.25,276.0,115.0,0.4166666666666667,219.2,214.95,TAKE_PROFIT_BRACKET,25,115.0,7.9331600000000435,0.644,8.577160000000044,106.42283999999995
2026-04-28 10:50:00-04:00,2026-04-28 10:51:00-04:00,2026-04-28 11:00:00-04:00,LONG,-2.7101073661409014,208.85,211.3098929079594,657.3332280018377,209.87699164770666,208.835,208.876767,210.085,210.04298300000002,95,3.0,1.25,285.0,118.75,0.4166666666666667,205.835,210.085,TAKE_PROFIT_BRACKET,9,118.75,7.959479999998109,0.665,8.624479999998108,110.1255200000019
2026-04-28 11:53:00-04:00,2026-04-28 11:54:00-04:00,2026-04-28 14:20:00-04:00,SHORT,2.619552945275658,209.6002,210.69023024434728,656.507861818435,209.74900163623107,209.61,209.568078,212.61,212.652522,95,3.0,1.25,285.0,118.75,0.4166666666666667,212.61,208.36,STOP,146,-285.0,8.02217999999911,0.665,8.68717999999911,-293.6871799999991
2026-04-28 15:48:00-04:00,2026-04-28 15:49:00-04:00,2026-04-28 15:59:00-04:00,LONG,-2.8272073487247464,213.33,211.28654174307843,656.5540584547939,211.81863071556293,213.32,213.362664,213.15,213.10737,93,3.0,1.25,279.0,116.25,0.4166666666666667,210.32,214.57,FORCED_EOD,10,-15.809999999998837,7.932342000000432,0.651,8.583342000000432,-24.39334199999927
2026-04-29 12:08:00-04:00,2026-04-29 12:09:00-04:00,2026-04-29 12:19:00-04:00,SHORT,2.6896672409416875,211.19,210.9686602570876,659.3204979461971,211.27926249813308,211.1983,211.15606033999998,209.9483,209.99028965999997,94,3.0,1.25,282.0,117.5,0.4166666666666667,214.1983,209.9483,TAKE_PROFIT_BRACKET,10,117.5,7.917556079999201,0.658,8.5755560799992,108.9244439200008
2026-04-29 12:29:00-04:00,2026-04-29 12:30:00-04:00,2026-04-29 15:59:00-04:00,LONG,-2.6942782128093317,209.67,210.90664146078325,659.313655962697,210.51071696957786,209.66,209.701932,209.35,209.30813,95,3.0,1.25,285.0,118.75,0.4166666666666667,206.66,210.91,FORCED_EOD,209,-29.450000000000216,7.961189999999192,0.665,8.626189999999191,-38.07618999999941
2026-04-30 12:25:00-04:00,2026-04-30 12:26:00-04:00,2026-04-30 13:10:00-04:00,LONG,-3.127812351141675,199.675,202.30274710665643,661.1150804494945,203.50250488176334,199.67,199.70993399999998,200.92,200.879816,100,3.0,1.25,300.0,125.0,0.4166666666666667,196.67,200.92,TAKE_PROFIT_BRACKET,44,125.0,8.011799999997038,0.7000000000000001,8.711799999997037,116.28820000000296
2026-04-30 14:07:00-04:00,2026-04-30 14:08:00-04:00,2026-04-30 14:45:00-04:00,LONG,-3.075401074828395,200.65,201.92598496699415,662.1200126657681,204.62627547914568,200.65,200.69013,201.9,201.85962,99,3.0,1.25,297.0,123.75,0.4166666666666667,197.65,201.9,TAKE_PROFIT_BRACKET,37,123.75,7.970490000000382,0.6930000000000001,8.663490000000381,115.08650999999962
2026-04-30 14:45:00-04:00,2026-04-30 14:46:00-04:00,2026-04-30 15:30:00-04:00,SHORT,2.8021438847580002,201.835,201.8560201555644,662.5212391674428,204.51122239427616,201.84,201.799632,200.59,200.630118,99,3.0,1.25,297.0,123.75,0.4166666666666667,204.84,200.59,TAKE_PROFIT_BRACKET,44,123.75,7.968114000000753,0.6930000000000001,8.661114000000753,115.08888599999925
2026-05-01 10:45:00-04:00,2026-05-01 10:46:00-04:00,2026-05-01 14:45:00-04:00,SHORT,2.656081085439897,199.685,200.07549093754955,673.4576426607584,200.18001473821334,199.69,199.650062,198.44,198.47968799999998,100,3.0,1.25,300.0,125.0,0.4166666666666667,202.69,198.44,TAKE_PROFIT_BRACKET,239,125.0,7.962599999999043,0.7000000000000001,8.662599999999042,116.33740000000095
2026-05-01 15:21:00-04:00,2026-05-01 15:22:00-04:00,2026-05-01 15:59:00-04:00,SHORT,2.503145607853523,199.5001,199.62347575583215,674.0465734302325,199.88038225867115,199.505,199.465099,198.255,198.294651,100,3.0,1.25,300.0,125.0,0.4166666666666667,202.505,198.255,TAKE_PROFIT_BRACKET,37,125.0,7.955199999997831,0.7000000000000001,8.65519999999783,116.34480000000217
2026-05-04 11:15:00-04:00,2026-05-04 11:16:00-04:00,2026-05-04 13:55:00-04:00,LONG,-2.5804239785400096,196.83,198.71304071679359,675.3094582338007,198.6801160641215,196.835,196.874367,198.085,198.04538300000002,101,3.0,1.25,303.0,126.25,0.4166666666666667,193.835,198.085,TAKE_PROFIT_BRACKET,159,126.25,7.97738399999912,0.707,8.68438399999912,117.56561600000089
2026-05-04 13:56:00-04:00,2026-05-04 13:57:00-04:00,2026-05-04 15:59:00-04:00,SHORT,2.6357576416614634,198.2999,197.56229237542468,673.2823359426321,197.55775381402367,198.2901,198.25044198,198.56,198.599712,100,3.0,1.25,300.0,125.0,0.4166666666666667,201.2901,197.0401,FORCED_EOD,122,-26.99000000000069,7.937001999999893,0.7000000000000001,8.637001999999892,-35.62700200000059
2026-05-05 10:00:00-04:00,2026-05-05 10:01:00-04:00,2026-05-05 15:59:00-04:00,LONG,-2.681833926499852,198.3001,199.31591221394794,679.5498030615987,199.3411480671033,198.32,198.35966399999998,196.5,196.4607,100,3.0,1.25,300.0,125.0,0.4166666666666667,195.32,199.57,FORCED_EOD,358,-181.99999999999932,7.8963999999984935,0.7000000000000001,8.596399999998493,-190.5963999999978
2026-05-06 11:13:00-04:00,2026-05-06 11:14:00-04:00,2026-05-06 11:19:00-04:00,LONG,-2.555165707487045,203.6299,203.23436784933614,689.4899111273115,203.32751739598044,203.59,203.630718,204.84,204.799032,98,3.0,1.25,294.0,122.5,0.4166666666666667,200.59,204.84,TAKE_PROFIT_BRACKET,5,122.5,8.005227999999079,0.686,8.691227999999079,113.80877200000091
2026-05-06 11:25:00-04:00,2026-05-06 11:26:00-04:00,2026-05-06 11:43:00-04:00,SHORT,2.9104290986566963,206.7351,203.40246932718924,689.6599001175044,203.5623281237146,206.74,206.698652,205.49,205.53109800000001,96,3.0,1.25,288.0,120.0,0.4166666666666667,209.74,205.49,TAKE_PROFIT_BRACKET,17,120.0,7.914816000000428,0.672,8.586816000000429,111.41318399999957
2026-05-06 12:46:00-04:00,2026-05-06 12:47:00-04:00,2026-05-06 13:36:00-04:00,LONG,-2.877424178696984,204.363,203.9149196244037,690.2506416134049,203.99641806499287,204.3833,204.42417666,205.6333,205.59217334,97,3.0,1.25,291.0,121.25,0.4166666666666667,201.3833,205.6333,TAKE_PROFIT_BRACKET,49,121.25,7.954322040001216,0.679,8.633322040001216,112.61667795999878
2026-05-06 14:18:00-04:00,2026-05-06 14:19:00-04:00,2026-05-06 15:59:00-04:00,SHORT,3.195578357765677,206.75,204.1382944653268,690.6508233668949,204.3126343394253,206.75,206.70865,207.65,207.69153,96,3.0,1.25,288.0,120.0,0.4166666666666667,209.75,205.5,FORCED_EOD,100,-86.40000000000055,7.956479999998919,0.672,8.62847999999892,-95.02847999999946
2026-05-07 10:11:00-04:00,2026-05-07 10:12:00-04:00,2026-05-07 11:07:00-04:00,SHORT,2.5485138123506883,212.97,209.09062629178322,697.0158405412129,210.17823656829182,212.9867,212.94410266000003,211.7367,211.77904734,93,3.0,1.25,279.0,116.25,0.4166666666666667,215.9867,211.7367,TAKE_PROFIT_BRACKET,55,116.25,7.899855239997976,0.651,8.550855239997976,107.69914476000203
2026-05-07 11:43:00-04:00,2026-05-07 11:44:00-04:00,2026-05-07 12:00:00-04:00,SHORT,2.5303235439518565,213.495,211.11243109342416,698.4911970638652,211.94960363555617,213.497,213.4543006,212.247,212.28944940000002,93,3.0,1.25,279.0,116.25,0.4166666666666667,216.497,212.247,TAKE_PROFIT_BRACKET,16,116.25,7.918838400001221,0.651,8.56983840000122,107.68016159999878
2026-05-07 15:32:00-04:00,2026-05-07 15:33:00-04:00,2026-05-07 15:59:00-04:00,LONG,-2.8807003499746697,212.06,211.6849967128916,696.2112306941092,209.9488890615203,212.07,212.112414,211.52,211.477696,94,3.0,1.25,282.0,117.5,0.4166666666666667,209.07,213.32,FORCED_EOD,26,-51.6999999999984,7.963492000000883,0.658,8.621492000000883,-60.32149199999928
2026-05-08 11:12:00-04:00,2026-05-08 11:13:00-04:00,2026-05-08 11:18:00-04:00,SHORT,2.5915597543804596,216.66,215.87038413293507,704.6835954513452,216.69227116876593,216.66,216.616668,215.41,215.453082,92,3.0,1.25,276.0,115.0,0.4166666666666667,219.66,215.41,TAKE_PROFIT_BRACKET,5,115.0,7.950087999999141,0.644,8.594087999999141,106.40591200000085
2026-05-08 14:05:00-04:00,2026-05-08 14:06:00-04:00,2026-05-08 15:59:00-04:00,SHORT,3.2520803154942906,215.72,215.84656015288857,706.6807260165765,217.06966085346716,215.725,215.681855,215.19,215.233038,92,3.0,1.25,276.0,115.0,0.4166666666666667,218.725,214.475,FORCED_EOD,113,49.219999999999686,7.928835999997887,0.644,8.572835999997887,40.6471640000018
2026-05-11 10:51:00-04:00,2026-05-11 10:52:00-04:00,2026-05-11 13:12:00-04:00,SHORT,3.2231450779647837,221.2401,218.24841135136774,711.6064487531071,218.43753505333993,221.24,221.19575200000003,219.99,220.033998,90,3.0,1.25,270.0,112.5,0.4166666666666667,224.24,219.99,TAKE_PROFIT_BRACKET,140,112.5,7.942139999997266,0.63,8.572139999997267,103.92786000000274
2026-05-11 14:29:00-04:00,2026-05-11 14:30:00-04:00,2026-05-11 14:59:00-04:00,SHORT,2.943959152675688,221.4289,219.68807943956494,712.5438457472177,220.21905357261042,221.41,221.36571800000002,220.16,220.20403199999998,90,3.0,1.25,270.0,112.5,0.4166666666666667,224.41,220.16,TAKE_PROFIT_BRACKET,29,112.5,7.948259999997163,0.63,8.578259999997163,103.92174000000284
2026-05-11 15:15:00-04:00,2026-05-11 15:16:00-04:00,2026-05-11 15:59:00-04:00,LONG,-2.7454999131139144,219.6599,219.76467191236944,712.6382629001846,219.78990955206206,219.65,219.69393,219.49,219.44610200000002,91,3.0,1.25,273.0,113.75,0.4166666666666667,216.65,220.9,FORCED_EOD,43,-14.55999999999969,7.992347999997577,0.637,8.629347999997577,-23.189347999997267
2026-05-12 11:24:00-04:00,2026-05-12 11:25:00-04:00,2026-05-12 11:34:00-04:00,LONG,-3.4403747537559024,215.48,219.76055127093315,705.3988317064094,218.7325605483713,215.51,215.553102,216.76,216.716648,92,3.0,1.25,276.0,115.0,0.4166666666666667,212.51,216.76,TAKE_PROFIT_BRACKET,9,115.0,7.953768000000309,0.644,8.59776800000031,106.40223199999969
2026-05-12 12:53:00-04:00,2026-05-12 12:54:00-04:00,2026-05-12 13:20:00-04:00,LONG,-2.5559610517245677,216.384,219.0466393956768,703.2232799363011,217.81389884953245,216.36,216.40327200000002,217.61,217.56647800000002,92,3.0,1.25,276.0,115.0,0.4166666666666667,213.36,217.61,TAKE_PROFIT_BRACKET,26,115.0,7.985047999999779,0.644,8.629047999999779,106.37095200000022
2026-05-12 14:31:00-04:00,2026-05-12 14:32:00-04:00,2026-05-12 15:59:00-04:00,SHORT,2.661803636608153,219.475,218.74471141702935,702.4677814374926,218.82868235686695,219.49,219.44610200000002,220.91,220.954182,91,3.0,1.25,273.0,113.75,0.4166666666666667,222.49,218.24,FORCED_EOD,87,-129.21999999999886,8.015279999999166,0.637,8.652279999999166,-137.87227999999803
2026-05-13 10:58:00-04:00,2026-05-13 10:59:00-04:00,2026-05-13 15:53:00-04:00,SHORT,2.50484487963651,226.3601,224.5777830906587,708.1891849598301,225.23899209344717,226.41,226.364718,225.16,225.205032,88,3.0,1.25,264.0,110.0,0.4166666666666667,229.41,225.16,TAKE_PROFIT_BRACKET,294,110.0,7.947631999998066,0.616,8.563631999998066,101.43636800000193
2026-05-14 10:22:00-04:00,2026-05-14 10:23:00-04:00,2026-05-14 15:59:00-04:00,SHORT,2.5734110927503764,233.755,231.64285547634472,717.437709582778,231.79034705839604,233.78,233.733244,235.75,235.79715,85,3.0,1.25,255.0,106.25,0.4166666666666667,236.78,232.53,FORCED_EOD,336,-167.4499999999999,7.982009999997928,0.595,8.577009999997928,-176.02700999999783
2026-05-15 11:37:00-04:00,2026-05-15 11:38:00-04:00,2026-05-15 11:49:00-04:00,SHORT,2.6628690865302826,228.99,227.12431440405592,709.766730905038,227.41481565157335,228.98,228.934204,227.73,227.775546,87,3.0,1.25,261.0,108.75,0.4166666666666667,231.98,227.73,TAKE_PROFIT_BRACKET,11,108.75,7.946753999999771,0.609,8.555753999999771,100.19424600000023
2026-05-15 13:22:00-04:00,2026-05-15 13:23:00-04:00,2026-05-15 15:09:00-04:00,SHORT,2.5806451966730943,228.87,227.33354321319584,710.0986392645324,227.62396633602805,228.87,228.824226,227.62,227.665524,87,3.0,1.25,261.0,108.75,0.4166666666666667,231.87,227.62,TAKE_PROFIT_BRACKET,106,108.75,7.942925999999545,0.609,8.551925999999545,100.19807400000046
2026-05-15 15:54:00-04:00,2026-05-15 15:55:00-04:00,2026-05-15 15:59:00-04:00,LONG,-2.664645244589413,225.25,227.765356984227,710.9083598969457,227.55536971693834,225.26,225.305052,225.3,225.25494,88,3.0,1.25,264.0,110.0,0.4166666666666667,222.26,226.51,FORCED_EOD,4,3.520000000001801,7.929856000000427,0.616,8.545856000000427,-5.025855999998626
2026-05-18 10:03:00-04:00,2026-05-18 10:04:00-04:00,2026-05-18 10:25:00-04:00,SHORT,2.8560960292343163,224.96,226.3136857721919,709.0419211396372,224.59277604688168,224.945,224.900011,223.695,223.739739,88,3.0,1.25,264.0,110.0,0.4166666666666667,227.945,223.695,TAKE_PROFIT_BRACKET,21,110.0,7.896063999998205,0.616,8.512063999998205,101.4879360000018
2026-05-18 11:09:00-04:00,2026-05-18 11:10:00-04:00,2026-05-18 12:26:00-04:00,SHORT,2.7031177580247525,222.565,224.5817659254876,707.2927914372611,221.6255714914233,222.59,222.54548200000002,221.34,221.384268,89,3.0,1.25,267.0,111.25,0.4166666666666667,225.59,221.34,TAKE_PROFIT_BRACKET,76,111.25,7.9019539999973745,0.623,8.524953999997374,102.72504600000262
2026-05-18 14:16:00-04:00,2026-05-18 14:17:00-04:00,2026-05-18 14:50:00-04:00,SHORT,3.5515591408494744,219.8599,223.39040032641662,705.1047770153355,219.53711447192572,219.845,219.801031,218.595,218.63871899999998,90,3.0,1.25,270.0,112.5,0.4166666666666667,222.845,218.595,TAKE_PROFIT_BRACKET,33,112.5,7.89191999999872,0.63,8.52191999999872,103.97808000000128
2026-05-18 15:01:00-04:00,2026-05-18 15:02:00-04:00,2026-05-18 15:59:00-04:00,LONG,-3.423770428012286,221.3999,222.92381184911028,704.5331182745648,222.7012573765416,221.38,221.424276,222.36,222.31552800000003,90,3.0,1.25,270.0,112.5,0.4166666666666667,218.38,222.63,FORCED_EOD,57,88.20000000000164,7.987319999998306,0.63,8.617319999998307,79.58268000000334
2026-05-19 10:20:00-04:00,2026-05-19 10:21:00-04:00,2026-05-19 11:42:00-04:00,SHORT,2.569976594148953,218.83,220.66527521175783,700.5137501387862,216.77803752731296,218.85,218.80623,221.85,221.89436999999998,91,3.0,1.25,273.0,113.75,0.4166666666666667,221.85,217.6,STOP,81,-273.0,8.020739999998312,0.637,8.657739999998313,-281.6577399999983
2026-05-19 11:49:00-04:00,2026-05-19 11:50:00-04:00,2026-05-19 12:31:00-04:00,LONG,-2.5155805736722034,221.01,220.41323559725046,699.1588388541079,221.03401608064135,221.01,221.05420199999998,222.26,222.21554799999998,90,3.0,1.25,270.0,112.5,0.4166666666666667,218.01,222.26,TAKE_PROFIT_BRACKET,41,112.5,7.978859999999202,0.63,8.608859999999202,103.8911400000008
2026-05-19 14:29:00-04:00,2026-05-19 14:30:00-04:00,2026-05-19 15:24:00-04:00,SHORT,2.6562601667366916,222.65,221.24599515614125,700.7867499852563,224.02807621344147,222.64,222.595472,221.39,221.43427799999998,89,3.0,1.25,267.0,111.25,0.4166666666666667,225.64,221.39,TAKE_PROFIT_BRACKET,54,111.25,7.9037339999979395,0.623,8.526733999997939,102.72326600000206
2026-05-20 11:15:00-04:00,2026-05-20 11:16:00-04:00,2026-05-20 14:50:00-04:00,LONG,-2.8711956730106056,225.61,223.1852587588797,707.1974861102221,227.58576187734644,225.6,225.64512,222.6,222.55548,88,3.0,1.25,264.0,110.0,0.4166666666666667,222.6,226.85,STOP,214,-264.0,7.888320000000249,0.616,8.504320000000249,-272.50432000000023
2026-05-21 12:29:00-04:00,2026-05-21 12:30:00-04:00,2026-05-21 15:59:00-04:00,SHORT,2.701444567182264,219.535,221.34364514294163,709.4129405494671,221.54287234732345,219.54,219.496092,219.5,219.5439,91,3.0,1.25,273.0,113.75,0.4166666666666667,222.54,218.29,FORCED_EOD,209,3.639999999999276,7.9905279999995855,0.637,8.627527999999586,-4.98752800000031
2026-05-22 11:24:00-04:00,2026-05-22 11:25:00-04:00,2026-05-22 12:07:00-04:00,SHORT,2.6308598922908004,217.97,217.65009111102185,718.9315188678311,218.37834625140297,217.975,217.931405,216.725,216.76834499999998,91,3.0,1.25,273.0,113.75,0.4166666666666667,220.975,216.725,TAKE_PROFIT_BRACKET,42,113.75,7.911539999997274,0.637,8.548539999997274,105.20146000000273
2026-05-22 13:07:00-04:00,2026-05-22 13:08:00-04:00,2026-05-22 13:49:00-04:00,SHORT,2.728436071241018,217.71,217.54428036257812,719.3991212948075,218.3198115074345,217.7199,217.67635602000001,216.4699,216.51319397999998,91,3.0,1.25,273.0,113.75,0.4166666666666667,220.7199,216.4699,TAKE_PROFIT_BRACKET,41,113.75,7.90225435999713,0.637,8.53925435999713,105.21074564000287
2026-05-22 15:01:00-04:00,2026-05-22 15:02:00-04:00,2026-05-22 15:16:00-04:00,SHORT,2.7648887765938928,216.13,217.2725899999948,719.7248719993823,217.185890642321,216.14,216.096772,214.89,214.932978,92,3.0,1.25,276.0,115.0,0.4166666666666667,219.14,214.89,TAKE_PROFIT_BRACKET,14,115.0,7.930952000000389,0.644,8.574952000000389,106.4250479999996
2026-05-22 15:28:00-04:00,2026-05-22 15:29:00-04:00,2026-05-22 15:59:00-04:00,SHORT,2.678667047643123,215.56,217.09026225897628,719.6214673650665,216.24132995738466,215.56,215.516888,215.25,215.29305,92,3.0,1.25,276.0,115.0,0.4166666666666667,218.56,214.31,FORCED_EOD,30,28.52000000000021,7.92690400000015,0.644,8.57090400000015,19.94909600000006
2026-05-26 11:10:00-04:00,2026-05-26 11:11:00-04:00,2026-05-26 15:59:00-04:00,LONG,-2.5918500837762446,213.6402,216.00928391569266,728.1418169994536,216.1674062508694,213.65,213.69273,214.84,214.797032,93,3.0,1.25,279.0,116.25,0.4166666666666667,210.65,214.9,FORCED_EOD,288,110.66999999999979,7.969914000000728,0.651,8.620914000000727,102.04908599999906
2026-05-27 12:06:00-04:00,2026-05-27 12:07:00-04:00,2026-05-27 15:59:00-04:00,SHORT,2.90688263433609,210.545,210.64042706850748,728.4969608352765,210.26601732954302,210.5401,210.49799198,212.58,212.62251600000002,95,3.0,1.25,285.0,118.75,0.4166666666666667,213.5401,209.2901,FORCED_EOD,232,-193.79050000000163,8.039281900000645,0.665,8.704281900000645,-202.49478190000227
2026-05-28 12:43:00-04:00,2026-05-28 12:44:00-04:00,2026-05-28 15:59:00-04:00,SHORT,2.7395705009228943,213.59,212.76424128315594,731.7253977699706,214.13328846647107,213.59,213.547282,212.34,212.382468,93,3.0,1.25,279.0,116.25,0.4166666666666667,216.59,212.34,TAKE_PROFIT_BRACKET,195,116.25,7.922297999999358,0.651,8.573297999999358,107.67670200000065
2026-05-29 12:12:00-04:00,2026-05-29 12:13:00-04:00,2026-05-29 13:59:00-04:00,SHORT,2.83856700413795,216.75,215.5333841823923,738.4896803960166,215.73239513726656,216.74,216.696652,215.49,215.533098,92,3.0,1.25,276.0,115.0,0.4166666666666667,219.74,215.49,TAKE_PROFIT_BRACKET,106,115.0,7.953031999999553,0.644,8.597031999999553,106.40296800000044
2026-05-29 14:00:00-04:00,2026-05-29 14:01:00-04:00,2026-05-29 14:27:00-04:00,LONG,-2.5597497966070266,215.37,215.75340052992152,738.3927656301361,215.16287838357277,215.37,215.413074,216.62,216.57667600000002,92,3.0,1.25,276.0,115.0,0.4166666666666667,212.37,216.62,TAKE_PROFIT_BRACKET,26,115.0,7.948615999997628,0.644,8.592615999997628,106.40738400000237
2026-05-29 14:28:00-04:00,2026-05-29 14:29:00-04:00,2026-05-29 15:50:00-04:00,SHORT,2.791703890995264,216.945,215.76877928453348,738.2726597021564,215.68126696389473,216.93,216.886614,215.68,215.723136,92,3.0,1.25,276.0,115.0,0.4166666666666667,219.93,215.68,TAKE_PROFIT_BRACKET,81,115.0,7.960024000000203,0.644,8.604024000000203,106.39597599999979
2026-05-29 15:50:00-04:00,2026-05-29 15:51:00-04:00,2026-05-29 15:59:00-04:00,LONG,-6.047254598605216,213.88,215.9752838953099,738.1992117869657,216.15828316959897,213.87,213.912774,211.15,211.10777000000002,93,3.0,1.25,279.0,116.25,0.4166666666666667,210.87,215.12,FORCED_EOD,8,-252.9599999999999,7.905371999999801,0.651,8.5563719999998,-261.5163719999997
2026-06-01 10:23:00-04:00,2026-06-01 10:24:00-04:00,2026-06-01 10:36:00-04:00,SHORT,2.5843501911617177,222.13,219.4518505873109,738.0555151175795,219.63193089615632,222.12,222.075576,220.87,220.914174,90,3.0,1.25,270.0,112.5,0.4166666666666667,225.12,220.87,TAKE_PROFIT_BRACKET,12,112.5,7.973819999999137,0.63,8.603819999999137,103.89618000000087
2026-06-01 12:15:00-04:00,2026-06-01 12:16:00-04:00,2026-06-01 13:54:00-04:00,SHORT,3.0081114177669837,220.7699,219.78078210198154,739.1826031675774,220.04031445718167,220.755,220.710849,223.755,223.799751,90,3.0,1.25,270.0,112.5,0.4166666666666667,223.755,219.505,STOP,98,-270.0,8.001179999999124,0.63,8.631179999999125,-278.6311799999991
2026-06-01 13:54:00-04:00,2026-06-01 13:55:00-04:00,2026-06-01 15:50:00-04:00,SHORT,2.9435523123538556,223.915,220.29926028989487,740.3273352073621,221.54916710228468,223.9101,223.86531798000001,222.6601,222.70463202,89,3.0,1.25,267.0,111.25,0.4166666666666667,226.9101,222.6601,TAKE_PROFIT_BRACKET,115,111.25,7.948949559997914,0.623,8.571949559997913,102.67805044000208
2026-06-01 15:50:00-04:00,2026-06-01 15:51:00-04:00,2026-06-01 15:56:00-04:00,LONG,-2.7922119193821033,222.66,221.13231975019164,741.1981202425108,221.4608203063117,222.66,222.704532,223.91,223.865218,89,3.0,1.25,267.0,111.25,0.4166666666666667,219.66,223.91,TAKE_PROFIT_BRACKET,5,111.25,7.948946000000149,0.623,8.571946000000148,102.67805399999985
2026-06-02 12:22:00-04:00,2026-06-02 12:23:00-04:00,2026-06-02 12:33:00-04:00,LONG,-2.916036907976317,224.22,227.6894909556504,743.3146225250592,227.8451940401226,224.205,224.249841,225.455,225.40990900000003,89,3.0,1.25,267.0,111.25,0.4166666666666667,221.205,225.455,TAKE_PROFIT_BRACKET,10,111.25,8.003947999997877,0.623,8.626947999997876,102.62305200000212
2026-06-02 13:35:00-04:00,2026-06-02 13:36:00-04:00,2026-06-02 15:59:00-04:00,LONG,-2.5133003331414816,223.47,227.23534140995935,743.6524590873433,227.2876698238692,223.47,223.514694,222.81,222.76543800000002,89,3.0,1.25,267.0,111.25,0.4166666666666667,220.47,224.72,FORCED_EOD,143,-58.7399999999997,7.943783999998004,0.623,8.566783999998004,-67.3067839999977
2026-06-03 11:07:00-04:00,2026-06-03 11:08:00-04:00,2026-06-03 12:34:00-04:00,SHORT,2.5025047707364756,216.65,217.2571652399792,745.0438779503954,217.68421465804965,216.645,216.601671,215.395,215.43807900000002,92,3.0,1.25,276.0,115.0,0.4166666666666667,219.645,215.395,TAKE_PROFIT_BRACKET,86,115.0,7.949536000000535,0.644,8.593536000000535,106.40646399999946
2026-06-03 15:36:00-04:00,2026-06-03 15:37:00-04:00,2026-06-03 15:59:00-04:00,LONG,-2.898426240986744,215.46,216.6680692552438,744.4280466908149,217.5085761667656,215.45,215.49309,214.9,214.85702,92,3.0,1.25,276.0,115.0,0.4166666666666667,212.45,216.7,FORCED_EOD,22,-50.59999999999843,7.918440000000601,0.644,8.562440000000601,-59.16243999999903
2026-06-04 13:16:00-04:00,2026-06-04 13:17:00-04:00,2026-06-04 15:59:00-04:00,SHORT,2.5169677189061126,219.353,215.32257375616012,737.124600708792,219.4418124746679,219.3502,219.30632996,218.715,218.758743,91,3.0,1.25,273.0,113.75,0.4166666666666667,222.3502,218.1002,FORCED_EOD,162,57.80319999999978,7.97278664000072,0.637,8.60978664000072,49.193413359999056
2026-06-05 11:41:00-04:00,2026-06-05 11:42:00-04:00,2026-06-05 14:17:00-04:00,SHORT,2.528998228640937,207.5542,211.3789358602218,725.5772070395552,206.84804774138064,207.555,207.51348900000002,206.305,206.346261,96,3.0,1.25,288.0,120.0,0.4166666666666667,210.555,206.305,TAKE_PROFIT_BRACKET,155,120.0,7.946111999997811,0.672,8.618111999997812,111.38188800000219
2026-06-05 14:17:00-04:00,2026-06-05 14:18:00-04:00,2026-06-05 14:38:00-04:00,SHORT,2.5898721962255182,206.4301,209.85733295459096,720.8841507197504,202.57708453486222,206.445,206.403711,205.195,205.23603899999998,96,3.0,1.25,288.0,120.0,0.4166666666666667,209.445,205.195,TAKE_PROFIT_BRACKET,20,120.0,7.903487999999015,0.672,8.575487999999016,111.42451200000099
2026-06-05 15:12:00-04:00,2026-06-05 15:13:00-04:00,2026-06-05 15:59:00-04:00,SHORT,2.508484399323104,205.01,209.1773698518705,718.2150606404635,199.67974024320657,205.01,204.968998,205.11,205.151022,97,3.0,1.25,291.0,121.25,0.4166666666666667,208.01,203.76,FORCED_EOD,46,-9.700000000002206,7.956327999999019,0.679,8.635327999999019,-18.335328000001226
2026-06-08 10:51:00-04:00,2026-06-08 10:52:00-04:00,2026-06-08 12:19:00-04:00,LONG,-2.719229965318723,208.36,208.12686106151097,716.7977209455202,209.82707354522915,208.35,208.39166999999998,209.6,209.55808,95,3.0,1.25,285.0,118.75,0.4166666666666667,205.35,209.6,TAKE_PROFIT_BRACKET,87,118.75,7.941049999998739,0.665,8.606049999998739,110.14395000000127
2026-06-08 13:02:00-04:00,2026-06-08 13:03:00-04:00,2026-06-08 15:59:00-04:00,SHORT,2.971373873225541,208.0399,208.3449541110154,718.6510574643407,207.7543538020998,208.01,207.968398,208.64,208.681728,96,3.0,1.25,288.0,120.0,0.4166666666666667,211.01,206.76,FORCED_EOD,176,-60.47999999999956,7.999679999998989,0.672,8.67167999999899,-69.15167999999855
2026-06-09 10:08:00-04:00,2026-06-09 10:09:00-04:00,2026-06-09 10:50:00-04:00,LONG,-2.7714043369182377,207.92,209.84392965354178,722.6014412732618,209.4556772034723,207.89,207.93157799999997,204.89,204.849022,96,3.0,1.25,288.0,120.0,0.4166666666666667,204.89,209.14,STOP,41,-288.0,7.925375999998323,0.672,8.597375999998324,-296.59737599999835
2026-06-09 11:39:00-04:00,2026-06-09 11:40:00-04:00,2026-06-09 11:58:00-04:00,SHORT,3.448521235050159,204.225,207.2178988916399,713.1595369713278,203.4438014029157,204.22,204.179156,202.97,203.010594,97,3.0,1.25,291.0,121.25,0.4166666666666667,207.22,202.97,TAKE_PROFIT_BRACKET,18,121.25,7.899485999999172,0.679,8.578485999999172,112.67151400000083
2026-06-09 15:04:00-04:00,2026-06-09 15:05:00-04:00,2026-06-09 15:59:00-04:00,LONG,-4.014249906150087,207.23,205.03179767403577,703.1857156700395,206.68621035795323,207.21,207.251442,208.2,208.15836,96,3.0,1.25,288.0,120.0,0.4166666666666667,204.21,208.46,FORCED_EOD,54,95.03999999999814,7.975871999999072,0.672,8.647871999999072,86.39212799999908
2026-06-10 10:45:00-04:00,2026-06-10 10:46:00-04:00,2026-06-10 10:55:00-04:00,SHORT,2.97925280468399,205.795,205.8754786208085,706.2080942871479,206.05606186159665,205.81,205.76883800000002,204.56,204.600912,97,3.0,1.25,291.0,121.25,0.4166666666666667,208.81,204.56,TAKE_PROFIT_BRACKET,9,121.25,7.961177999997801,0.679,8.640177999997801,112.6098220000022
2026-06-10 11:48:00-04:00,2026-06-10 11:49:00-04:00,2026-06-10 14:56:00-04:00,SHORT,2.5086505569901068,202.18,204.8559558033837,704.0305908338916,202.45262888490478,202.2,202.15956,200.95,200.99018999999998,98,3.0,1.25,294.0,122.5,0.4166666666666667,205.2,200.95,TAKE_PROFIT_BRACKET,187,122.5,7.90173999999854,0.686,8.58773999999854,113.91226000000145
2026-06-10 15:08:00-04:00,2026-06-10 15:09:00-04:00,2026-06-10 15:59:00-04:00,LONG,-2.639323901129468,201.245,203.86612688931783,701.4834509176824,202.18038350998674,201.24,201.280248,200.34,200.299932,99,3.0,1.25,297.0,123.75,0.4166666666666667,198.24,202.49,FORCED_EOD,50,-89.10000000000056,7.951283999998225,0.6930000000000001,8.644283999998224,-97.74428399999879
2026-06-11 11:20:00-04:00,2026-06-11 11:21:00-04:00,2026-06-11 13:29:00-04:00,LONG,-2.54570923582402,201.61,201.9360242974023,700.8328166564745,202.21290064376134,201.6,201.64032,202.85,202.80943,99,3.0,1.25,297.0,123.75,0.4166666666666667,198.6,202.85,TAKE_PROFIT_BRACKET,128,123.75,8.008110000001068,0.6930000000000001,8.701110000001067,115.04888999999893
2026-06-11 13:29:00-04:00,2026-06-11 13:30:00-04:00,2026-06-11 13:44:00-04:00,LONG,-2.974213964830853,202.81,201.6204616994367,701.11269081269,204.12894982567363,202.825,202.86556499999998,204.075,204.03418499999998,98,3.0,1.25,294.0,122.5,0.4166666666666667,199.825,204.075,TAKE_PROFIT_BRACKET,14,122.5,7.975239999999587,0.686,8.661239999999587,113.8387600000004
2026-06-11 14:42:00-04:00,2026-06-11 14:43:00-04:00,2026-06-11 15:15:00-04:00,LONG,-2.7501467699056765,202.07,201.91102450052054,703.8866719656357,204.51336724113668,202.05,202.09041000000002,203.3,203.25934,98,3.0,1.25,294.0,122.5,0.4166666666666667,199.05,203.3,TAKE_PROFIT_BRACKET,32,122.5,7.944860000001086,0.686,8.630860000001086,113.86913999999891
2026-06-11 15:43:00-04:00,2026-06-11 15:44:00-04:00,2026-06-11 15:47:00-04:00,SHORT,2.9826359517614667,205.59,202.23668462785415,705.6300794591556,207.05592408210765,205.59,205.54888200000002,204.34,204.380868,97,3.0,1.25,291.0,121.25,0.4166666666666667,208.59,204.34,TAKE_PROFIT_BRACKET,3,121.25,7.952641999997297,0.679,8.631641999997298,112.6183580000027
2026-06-12 12:35:00-04:00,2026-06-12 12:36:00-04:00,2026-06-12 15:59:00-04:00,LONG,-2.5551044889367436,204.8,205.23837701285913,718.1996816954565,205.8097828274102,204.8,204.84096,205.14,205.098972,97,3.0,1.25,291.0,121.25,0.4166666666666667,201.8,206.05,FORCED_EOD,203,32.979999999997574,7.9528359999968075,0.679,8.631835999996808,24.348164000000764
2026-06-15 11:50:00-04:00,2026-06-15 11:51:00-04:00,2026-06-15 14:05:00-04:00,SHORT,2.5532315004672146,212.695,210.0866186663167,740.7776808061577,210.9796681008973,212.71,212.667458,211.46,211.502292,94,3.0,1.25,282.0,117.5,0.4166666666666667,215.71,211.46,TAKE_PROFIT_BRACKET,134,117.5,7.97439600000007,0.658,8.63239600000007,108.86760399999993
2026-06-15 14:54:00-04:00,2026-06-15 14:55:00-04:00,2026-06-15 15:35:00-04:00,SHORT,2.5295990493030116,212.545,210.83102936312812,742.1715800565971,211.30431024238766,212.545,212.502491,211.295,211.337259,94,3.0,1.25,282.0,117.5,0.4166666666666667,215.545,211.295,TAKE_PROFIT_BRACKET,40,117.5,7.9681919999997035,0.658,8.626191999999703,108.8738080000003
2026-06-15 15:35:00-04:00,2026-06-15 15:36:00-04:00,2026-06-15 15:59:00-04:00,LONG,-2.9072346420957498,211.36,210.92642777940318,742.2630148600563,211.14559419644743,211.37,211.412274,212.45,212.40751,94,3.0,1.25,282.0,117.5,0.4166666666666667,208.37,212.62,FORCED_EOD,23,101.5199999999985,7.967815999997981,0.658,8.62581599999798,92.89418400000052
2026-06-16 10:09:00-04:00,2026-06-16 10:10:00-04:00,2026-06-16 10:17:00-04:00,SHORT,2.5928827432706636,210.1688,209.59732597212883,742.6915165734406,209.76541403805194,210.165,210.122967,208.915,208.956783,95,3.0,1.25,285.0,118.75,0.4166666666666667,213.165,208.915,TAKE_PROFIT_BRACKET,7,118.75,7.962520000001234,0.665,8.627520000001233,110.12247999999877
2026-06-16 14:36:00-04:00,2026-06-16 14:37:00-04:00,2026-06-16 15:59:00-04:00,LONG,-2.5848135260115046,209.1,209.3482514715703,737.2889989695601,208.09936278090956,209.09,209.131818,207.41,207.368518,95,3.0,1.25,285.0,118.75,0.4166666666666667,206.09,210.34,FORCED_EOD,82,-159.60000000000065,7.913500000000795,0.665,8.578500000000794,-168.17850000000143
2026-06-17 11:04:00-04:00,2026-06-17 11:05:00-04:00,2026-06-17 12:15:00-04:00,LONG,-2.580460309575267,206.06,207.61331634153171,732.9796120389301,207.2156676154212,206.07,206.111214,207.32,207.278536,97,3.0,1.25,291.0,121.25,0.4166666666666667,203.07,207.32,TAKE_PROFIT_BRACKET,70,121.25,8.019765999998754,0.679,8.698765999998754,112.55123400000124
2026-06-17 12:15:00-04:00,2026-06-17 12:16:00-04:00,2026-06-17 14:05:00-04:00,SHORT,3.17031207235718,207.31,207.27035331723292,732.952066972427,207.40314322348516,207.31,207.268538,206.06,206.101212,96,3.0,1.25,288.0,120.0,0.4166666666666667,210.31,206.06,TAKE_PROFIT_BRACKET,109,120.0,7.936703999999736,0.672,8.608703999999737,111.39129600000027
2026-06-17 15:30:00-04:00,2026-06-17 15:31:00-04:00,2026-06-17 15:41:00-04:00,SHORT,2.5678779501346716,204.7371,206.863607815268,731.4856568703648,204.8434717585855,204.72,204.679056,203.47,203.510694,97,3.0,1.25,291.0,121.25,0.4166666666666667,207.72,203.47,TAKE_PROFIT_BRACKET,10,121.25,7.918885999999816,0.679,8.597885999999816,112.65211400000018
2026-06-18 11:44:00-04:00,2026-06-18 11:45:00-04:00,2026-06-18 12:05:00-04:00,LONG,-2.600870580787345,208.19,208.1485940562206,736.0720854521787,208.0959376601749,208.17,208.21163399999998,209.42,209.378116,96,3.0,1.25,288.0,120.0,0.4166666666666667,205.17,209.42,TAKE_PROFIT_BRACKET,20,120.0,8.017727999997078,0.672,8.689727999997078,111.31027200000293
2026-06-18 12:31:00-04:00,2026-06-18 12:32:00-04:00,2026-06-18 15:59:00-04:00,SHORT,2.8583290933385515,210.3402,208.32200910448867,736.3263210282801,209.10391594975283,210.36,210.31792800000002,210.2,210.24203999999997,95,3.0,1.25,285.0,118.75,0.4166666666666667,213.36,209.11,FORCED_EOD,207,15.200000000002376,7.9906399999977396,0.665,8.655639999997739,6.544360000004637
2026-06-22 10:36:00-04:00,2026-06-22 10:37:00-04:00,2026-06-22 15:59:00-04:00,LONG,-2.5397766482648874,209.97,212.34863530428677,742.4875402662204,211.36692435974288,209.985,210.02699700000002,208.56,208.518288,95,3.0,1.25,285.0,118.75,0.4166666666666667,206.985,211.235,FORCED_EOD,322,-135.37500000000108,7.952354999999898,0.665,8.617354999999897,-143.99235500000097
2026-06-23 13:20:00-04:00,2026-06-23 13:21:00-04:00,2026-06-23 14:40:00-04:00,SHORT,2.7936532923309927,202.4,202.0541743415514,718.5914951511511,202.0266938847653,202.4,202.35952,201.15,201.19023,98,3.0,1.25,294.0,122.5,0.4166666666666667,205.4,201.15,TAKE_PROFIT_BRACKET,79,122.5,7.909580000001029,0.686,8.595580000001029,113.90441999999896
2026-06-23 15:00:00-04:00,2026-06-23 15:01:00-04:00,2026-06-23 15:59:00-04:00,LONG,-2.5690996037517833,200.7,201.95513621391305,717.86895153624,200.52966501888815,200.71,200.750142,200.012,199.9719976,99,3.0,1.25,297.0,123.75,0.4166666666666667,197.71,201.96,FORCED_EOD,58,-69.10200000000074,7.934295599999473,0.6930000000000001,8.627295599999472,-77.72929560000021
2026-06-24 11:08:00-04:00,2026-06-24 11:09:00-04:00,2026-06-24 12:39:00-04:00,SHORT,2.5497653468770167,201.095,200.2855498883959,715.5822751805152,200.87471497379525,201.09,201.04978200000002,199.84,199.879968,99,3.0,1.25,297.0,123.75,0.4166666666666667,204.09,199.84,TAKE_PROFIT_BRACKET,90,123.75,7.938413999996953,0.6930000000000001,8.631413999996953,115.11858600000305
2026-06-24 12:47:00-04:00,2026-06-24 12:48:00-04:00,2026-06-24 15:59:00-04:00,LONG,-3.819482999925657,199.4,200.37308991013063,715.7296874544371,199.66194471386035,199.4,199.43988,198.96,198.920208,100,3.0,1.25,300.0,125.0,0.4166666666666667,196.4,200.65,FORCED_EOD,191,-43.99999999999977,7.9671999999987975,0.7000000000000001,8.667199999998797,-52.66719999999857
2026-06-25 10:53:00-04:00,2026-06-25 10:54:00-04:00,2026-06-25 11:16:00-04:00,SHORT,2.5339754387344287,196.07,195.49712851571255,713.7321141404116,196.21504783114574,196.06,196.020788,194.81,194.848962,102,3.0,1.25,306.0,127.5,0.4166666666666667,199.06,194.81,TAKE_PROFIT_BRACKET,22,127.5,7.973747999998977,0.714,8.687747999998978,118.81225200000102
2026-06-25 12:51:00-04:00,2026-06-25 12:52:00-04:00,2026-06-25 15:59:00-04:00,LONG,-2.6251740653727205,194.75,195.58976897179423,713.9885683621833,195.79277717798408,194.74,194.778948,195.75,195.71085,102,3.0,1.25,306.0,127.5,0.4166666666666667,191.74,195.99,FORCED_EOD,187,103.01999999999907,7.965996000001155,0.714,8.679996000001156,94.34000399999792
2026-06-26 11:35:00-04:00,2026-06-26 11:36:00-04:00,2026-06-26 15:59:00-04:00,SHORT,2.5701631983084594,194.025,193.11866425636904,709.5409225445545,194.03022692457813,194.02,193.981196,192.77,192.80855400000002,103,3.0,1.25,309.0,128.75,0.4166666666666667,197.02,192.77,TAKE_PROFIT_BRACKET,263,128.75,7.967874000000393,0.721,8.688874000000393,120.0611259999996
2026-06-29 11:31:00-04:00,2026-06-29 11:32:00-04:00,2026-06-29 15:59:00-04:00,LONG,-2.6048923686265444,194.01,193.4182919770087,713.0226353696796,194.33024687134628,194.0199,194.05870398,194.89,194.851022,103,3.0,1.25,309.0,128.75,0.4166666666666667,191.0199,195.2699,FORCED_EOD,267,89.62029999999788,8.011543939996812,0.721,8.732543939996813,80.88775606000107
2026-06-30 11:13:00-04:00,2026-06-30 11:14:00-04:00,2026-06-30 15:59:00-04:00,SHORT,3.229945819535961,198.61,197.42904720694068,730.4599948112066,198.01803080855348,198.61,198.57027800000003,199.76,199.799952,100,3.0,1.25,300.0,125.0,0.4166666666666667,201.61,197.36,FORCED_EOD,285,-114.99999999999773,7.9673999999982925,0.7000000000000001,8.667399999998292,-123.66739999999602
2026-07-01 12:36:00-04:00,2026-07-01 12:37:00-04:00,2026-07-01 15:59:00-04:00,SHORT,2.5401114020573656,197.39,195.7100780738407,729.0104887851675,195.76103640691656,197.395,197.355521,197.58,197.619516,101,3.0,1.25,303.0,126.25,0.4166666666666667,200.395,196.145,FORCED_EOD,202,-18.68500000000023,7.978494999999185,0.707,8.685494999999186,-27.370494999999416
2026-07-02 10:01:00-04:00,2026-07-02 10:02:00-04:00,2026-07-02 10:25:00-04:00,SHORT,2.6712629856120214,199.69,198.14470668911557,727.0247747113391,198.91469432546057,199.695,199.655061,198.445,198.48468899999997,100,3.0,1.25,300.0,125.0,0.4166666666666667,202.695,198.445,TAKE_PROFIT_BRACKET,23,125.0,7.962799999998538,0.7000000000000001,8.662799999998537,116.33720000000146
2026-07-02 12:48:00-04:00,2026-07-02 12:49:00-04:00,2026-07-02 13:25:00-04:00,SHORT,2.8196520028776813,194.1,196.35852553154928,719.9863929374934,194.43389487769727,194.1,194.06118,192.85,192.88857,103,3.0,1.25,309.0,128.75,0.4166666666666667,197.1,192.85,TAKE_PROFIT_BRACKET,36,128.75,7.971169999997926,0.721,8.692169999997926,120.05783000000207
2026-07-02 15:38:00-04:00,2026-07-02 15:39:00-04:00,2026-07-02 15:59:00-04:00,SHORT,2.708288569417178,193.695,195.2617776290885,716.5719535248523,193.80737245171093,193.6901,193.65136198000002,194.51,194.548902,103,3.0,1.25,309.0,128.75,0.4166666666666667,196.6901,192.4401,FORCED_EOD,20,-84.44969999999896,7.996922059998951,0.721,8.717922059998951,-93.16762205999791
2026-07-06 12:10:00-04:00,2026-07-06 12:11:00-04:00,2026-07-06 13:45:00-04:00,SHORT,2.644739136998471,196.96,195.9164848154424,723.1486181537095,196.64955036776433,196.972,196.93260560000002,195.722,195.7611444,101,3.0,1.25,303.0,126.25,0.4166666666666667,199.972,195.722,TAKE_PROFIT_BRACKET,94,126.25,7.93241879999897,0.707,8.639418799998971,117.61058120000104
2026-07-06 15:15:00-04:00,2026-07-06 15:16:00-04:00,2026-07-06 15:55:00-04:00,SHORT,2.5939839692358433,196.975,196.1352020265977,723.2027876879599,196.42784818659658,196.975,196.935605,195.725,195.76414499999998,101,3.0,1.25,303.0,126.25,0.4166666666666667,199.975,195.725,TAKE_PROFIT_BRACKET,39,126.25,7.932539999997516,0.707,8.639539999997517,117.61046000000249
2026-07-06 15:55:00-04:00,2026-07-06 15:56:00-04:00,2026-07-06 15:59:00-04:00,LONG,-4.466289630373,195.72,196.20383364858995,723.3571252483576,196.07075435423502,195.715,195.754143,195.625,195.58587500000002,102,3.0,1.25,306.0,127.5,0.4166666666666667,192.715,196.965,FORCED_EOD,3,-9.180000000000348,7.983335999997962,0.714,8.697335999997962,-17.87733599999831
2026-07-07 10:00:00-04:00,2026-07-07 10:01:00-04:00,2026-07-07 10:25:00-04:00,SHORT,2.682749604154357,193.15,192.23863149494713,712.9586991838819,191.9394891673119,193.14,193.101372,191.89,191.92837799999998,103,3.0,1.25,309.0,128.75,0.4166666666666667,196.14,191.89,TAKE_PROFIT_BRACKET,24,128.75,7.931617999998252,0.721,8.652617999998252,120.09738200000174
2026-07-07 11:48:00-04:00,2026-07-07 11:49:00-04:00,2026-07-07 12:22:00-04:00,SHORT,2.5579201749392917,194.11,192.45798692058327,709.1858898083626,192.36291339910306,194.115,194.076177,197.115,197.154423,103,3.0,1.25,309.0,128.75,0.4166666666666667,197.115,192.865,STOP,33,-309.0,8.059338000000736,0.721,8.780338000000736,-317.7803380000007
2026-07-07 14:03:00-04:00,2026-07-07 14:04:00-04:00,2026-07-07 15:59:00-04:00,LONG,-2.517680610916339,197.43,194.3884452532366,710.0802100081455,195.07297621795433,197.435,197.474487,196.93,196.890614,101,3.0,1.25,303.0,126.25,0.4166666666666667,194.435,198.685,FORCED_EOD,115,-51.00499999999954,7.966173000001589,0.707,8.67317300000159,-59.67817300000113
2026-07-08 10:53:00-04:00,2026-07-08 10:54:00-04:00,2026-07-08 10:55:00-04:00,SHORT,4.8671785162250245,198.075,197.43409795738833,707.3670074223149,197.26056505117228,198.1,198.06038,196.85,196.88936999999999,100,3.0,1.25,300.0,125.0,0.4166666666666667,201.1,196.85,TAKE_PROFIT_BRACKET,1,125.0,7.8989999999976135,0.7000000000000001,8.598999999997613,116.40100000000238
2026-07-08 10:55:00-04:00,2026-07-08 10:56:00-04:00,2026-07-08 11:16:00-04:00,SHORT,4.5544223519619536,198.29,197.45626821924097,707.3478536529036,197.26150055163149,198.255,198.215349,197.005,197.044401,100,3.0,1.25,300.0,125.0,0.4166666666666667,201.255,197.005,TAKE_PROFIT_BRACKET,20,125.0,7.905199999999013,0.7000000000000001,8.605199999999012,116.39480000000098
2026-07-08 12:12:00-04:00,2026-07-08 12:13:00-04:00,2026-07-08 13:19:00-04:00,SHORT,2.6897422458018307,198.5492,197.59073202755852,705.8696090469872,197.4468950512998,198.5699,198.53018602,201.5699,201.61021398,100,3.0,1.25,300.0,125.0,0.4166666666666667,201.5699,197.3199,STOP,66,-300.0,8.002795999999535,0.7000000000000001,8.702795999999534,-308.7027959999995
2026-07-08 13:20:00-04:00,2026-07-08 13:21:00-04:00,2026-07-08 15:04:00-04:00,SHORT,2.507196936150545,201.79,198.25084608232584,706.2421312121259,198.82577822319593,201.79,201.749642,204.79,204.83095799999998,99,3.0,1.25,297.0,123.75,0.4166666666666667,204.79,200.54,STOP,103,-297.0,8.050283999998697,0.6930000000000001,8.743283999998697,-305.7432839999987
2026-07-08 15:04:00-04:00,2026-07-08 15:05:00-04:00,2026-07-08 15:50:00-04:00,SHORT,3.0452292023871874,204.735,199.68244363843343,706.9117055102022,200.23815517356573,204.735,204.69405300000003,203.485,203.525697,97,3.0,1.25,291.0,121.25,0.4166666666666667,207.735,203.485,TAKE_PROFIT_BRACKET,45,121.25,7.919467999998346,0.679,8.598467999998347,112.65153200000165
2026-07-09 13:07:00-04:00,2026-07-09 13:08:00-04:00,2026-07-09 15:59:00-04:00,SHORT,3.3762947922881623,203.085,201.4827235338661,720.1800455309167,202.1073946569422,203.09,203.049382,202.7563,202.79685126,98,3.0,1.25,294.0,122.5,0.4166666666666667,206.09,201.84,FORCED_EOD,171,32.702599999999336,7.954587479999589,0.686,8.640587479999589,24.062012519999747
2026-07-10 12:23:00-04:00,2026-07-10 12:24:00-04:00,2026-07-10 15:59:00-04:00,SHORT,2.6111122775134787,210.38,207.1024589150234,722.236072190555,207.25982413625854,210.3799,210.33782402,210.96,211.002192,95,3.0,1.25,285.0,118.75,0.4166666666666667,213.3799,209.1299,FORCED_EOD,215,-55.1095000000015,8.005458099999316,0.665,8.670458099999315,-63.77995810000082
2026-07-13 12:01:00-04:00,2026-07-13 12:02:00-04:00,2026-07-13 14:30:00-04:00,LONG,-2.638467048048021,206.375,208.17632449806854,715.7542429193772,208.14466600866078,206.37,206.411274,203.37,203.329326,96,3.0,1.25,288.0,120.0,0.4166666666666667,203.37,207.62,STOP,148,-288.0,7.86700799999835,0.672,8.53900799999835,-296.5390079999984
2026-07-13 15:03:00-04:00,2026-07-13 15:04:00-04:00,2026-07-13 15:54:00-04:00,SHORT,2.5023506428873095,204.31,206.59727193761336,714.6482317926278,206.49578813513742,204.305,204.264139,203.055,203.095611,97,3.0,1.25,291.0,121.25,0.4166666666666667,207.305,203.055,TAKE_PROFIT_BRACKET,50,121.25,7.902783999999116,0.679,8.581783999999116,112.66821600000088
2026-07-14 12:20:00-04:00,2026-07-14 12:21:00-04:00,2026-07-14 14:35:00-04:00,SHORT,2.9285611878590316,209.36,206.75075657429545,718.985696432398,206.6825885667069,209.37,209.328126,212.37,212.412474,95,3.0,1.25,285.0,118.75,0.4166666666666667,212.37,208.12,STOP,134,-285.0,8.013060000000536,0.665,8.678060000000535,-293.6780600000005
2026-07-14 15:27:00-04:00,2026-07-14 15:28:00-04:00,2026-07-14 15:59:00-04:00,LONG,-2.65692640857076,211.62,208.75948432727782,719.5146204016963,209.01115322033897,211.62,211.662324,211.79,211.74764199999998,94,3.0,1.25,282.0,117.5,0.4166666666666667,208.62,212.87,FORCED_EOD,31,15.979999999998824,7.960108000001412,0.658,8.618108000001412,7.361891999997413
2026-07-15 12:07:00-04:00,2026-07-15 12:08:00-04:00,2026-07-15 13:08:00-04:00,LONG,-2.769825412054463,207.0368,210.32784233223708,717.7135585459363,208.20523991225983,207.025,207.066405,208.275,208.233345,96,3.0,1.25,288.0,120.0,0.4166666666666667,204.025,208.275,TAKE_PROFIT_BRACKET,60,120.0,7.973759999998947,0.672,8.645759999998948,111.35424000000106
2026-07-15 13:08:00-04:00,2026-07-15 13:09:00-04:00,2026-07-15 15:03:00-04:00,SHORT,3.366123857861008,208.24,209.5256563312628,716.0614519527489,208.66404992873052,208.25,208.20835,211.25,211.29225,96,3.0,1.25,288.0,120.0,0.4166666666666667,211.25,207.0,STOP,114,-288.0,8.054399999999987,0.672,8.726399999999988,-296.7264
2026-07-15 15:03:00-04:00,2026-07-15 15:04:00-04:00,2026-07-15 15:59:00-04:00,SHORT,2.637458672335776,211.17,209.57873560720236,716.1172767168505,209.65234711608574,211.155,211.11276900000001,212.49,212.532498,94,3.0,1.25,282.0,117.5,0.4166666666666667,214.155,209.905,FORCED_EOD,55,-125.49000000000075,7.964525999998273,0.658,8.622525999998272,-134.112525999999
2026-07-16 14:48:00-04:00,2026-07-16 14:49:00-04:00,2026-07-16 15:40:00-04:00,SHORT,2.9368843968489626,207.32,207.44413538333137,708.9825598438529,206.54055906875385,207.31,207.268538,206.06,206.101212,96,3.0,1.25,288.0,120.0,0.4166666666666667,210.31,206.06,TAKE_PROFIT_BRACKET,51,120.0,7.936703999999736,0.672,8.608703999999737,111.39129600000027
2026-07-16 15:42:00-04:00,2026-07-16 15:43:00-04:00,2026-07-16 15:57:00-04:00,LONG,-2.5403741990697686,206.125,207.35811220364943,708.2409929802025,205.8343392394811,206.125,206.166225,207.375,207.333525,97,3.0,1.25,291.0,121.25,0.4166666666666667,203.125,207.375,TAKE_PROFIT_BRACKET,14,121.25,8.02189999999888,0.679,8.70089999999888,112.54910000000112
2026-07-17 11:54:00-04:00,2026-07-17 11:55:00-04:00,2026-07-17 13:06:00-04:00,LONG,-2.968954174957293,204.995,202.41467309887207,693.6719200864911,205.99928074274666,205.0,205.041,206.25,206.20875,97,3.0,1.25,291.0,121.25,0.4166666666666667,202.0,206.25,TAKE_PROFIT_BRACKET,71,121.25,7.978249999998809,0.679,8.65724999999881,112.59275000000119
2026-07-17 13:42:00-04:00,2026-07-17 13:43:00-04:00,2026-07-17 14:06:00-04:00,SHORT,2.6079665841543362,205.23,203.06541037257514,695.6100690180905,206.4302088776169,205.23,205.188954,203.98,204.020796,97,3.0,1.25,291.0,121.25,0.4166666666666667,208.23,203.98,TAKE_PROFIT_BRACKET,23,121.25,7.93867399999948,0.679,8.61767399999948,112.63232600000052
2026-07-17 14:43:00-04:00,2026-07-17 14:44:00-04:00,2026-07-17 15:17:00-04:00,SHORT,2.6911131810646305,202.93,203.14650409100676,695.8683233400567,203.4057548120598,202.91,202.869418,201.66,201.700332,98,3.0,1.25,294.0,122.5,0.4166666666666667,205.91,201.66,TAKE_PROFIT_BRACKET,33,122.5,7.9295720000006895,0.686,8.61557200000069,113.8844279999993
2026-07-17 15:25:00-04:00,2026-07-17 15:26:00-04:00,2026-07-17 15:59:00-04:00,SHORT,2.726082094573185,202.07,203.1097594006845,695.8853964601558,201.90206860005804,202.058,202.0175884,202.64,202.68052799999998,99,3.0,1.25,297.0,123.75,0.4166666666666667,205.058,200.808,FORCED_EOD,33,-57.61799999999937,8.013020399999363,0.6930000000000001,8.706020399999362,-66.32402039999873
2026-07-20 13:36:00-04:00,2026-07-20 13:37:00-04:00,2026-07-20 15:05:00-04:00,SHORT,2.58619986154074,204.06,205.61046464194976,701.7424695002891,204.31699958611554,204.04,203.999192,202.79,202.830558,98,3.0,1.25,294.0,122.5,0.4166666666666667,207.04,202.79,TAKE_PROFIT_BRACKET,88,122.5,7.973868000000266,0.686,8.659868000000266,113.84013199999973
2026-07-20 15:51:00-04:00,2026-07-20 15:52:00-04:00,2026-07-20 15:59:00-04:00,SHORT,2.5267891333134003,202.83,205.00680581751544,700.726278886498,202.1109638647785,202.8,202.75944,203.38,203.420676,98,3.0,1.25,294.0,122.5,0.4166666666666667,205.8,201.55,FORCED_EOD,7,-56.83999999999844,7.961127999999007,0.686,8.647127999999007,-65.48712799999745
2026-07-21 12:20:00-04:00,2026-07-21 12:21:00-04:00,2026-07-21 13:42:00-04:00,LONG,-2.5637208482022396,205.71,206.0189346221842,706.261216595214,207.78663417432284,205.7,205.74113999999997,206.95,206.90860999999998,97,3.0,1.25,291.0,121.25,0.4166666666666667,202.7,206.95,TAKE_PROFIT_BRACKET,81,121.25,8.00540999999916,0.679,8.68440999999916,112.56559000000084
2026-07-21 14:37:00-04:00,2026-07-21 14:38:00-04:00,2026-07-21 15:59:00-04:00,SHORT,2.561110157732547,206.765,205.98128781016212,707.390018240596,207.2039454168538,206.765,206.723647,207.17,207.211434,96,3.0,1.25,288.0,120.0,0.4166666666666667,209.765,205.515,FORCED_EOD,81,-38.88000000000011,7.947551999999632,0.672,8.619551999999633,-47.49955199999974
2026-07-22 10:55:00-04:00,2026-07-22 10:56:00-04:00,2026-07-22 11:08:00-04:00,SHORT,2.8007522603786392,208.4692,207.10924843755961,706.2508501062779,207.0978458481336,208.4685,208.4268063,211.4685,211.5107937,95,3.0,1.25,285.0,118.75,0.4166666666666667,211.4685,207.2185,STOP,12,-285.0,7.978802999998464,0.665,8.643802999998464,-293.64380299999846
2026-07-22 11:08:00-04:00,2026-07-22 11:09:00-04:00,2026-07-22 15:59:00-04:00,SHORT,2.7265643278250438,211.565,207.7131487585583,706.3834856570751,208.5605784867815,211.565,211.522687,212.0601,212.10251202,94,3.0,1.25,282.0,117.5,0.4166666666666667,214.565,210.315,FORCED_EOD,290,-46.53940000000074,7.964151880000713,0.658,8.622151880000713,-55.161551880001454
2026-07-23 11:48:00-04:00,2026-07-23 11:49:00-04:00,2026-07-23 15:59:00-04:00,SHORT,2.5489658342855726,207.53,208.30553383103975,693.315411697721,206.9351041230159,207.52,207.478496,208.7,208.74174,96,3.0,1.25,288.0,120.0,0.4166666666666667,210.52,206.27,FORCED_EOD,250,-113.27999999999793,7.991424000000734,0.672,8.663424000000735,-121.94342399999866
2026-07-24 11:00:00-04:00,2026-07-24 11:01:00-04:00,2026-07-24 11:10:00-04:00,SHORT,2.9695264171996465,209.835,207.54279891974934,687.1954041839391,208.00137749290707,209.84,209.798032,208.59,208.631718,95,3.0,1.25,285.0,118.75,0.4166666666666667,212.84,208.59,TAKE_PROFIT_BRACKET,9,118.75,7.950170000000014,0.665,8.615170000000013,110.13483
2026-07-24 12:09:00-04:00,2026-07-24 12:10:00-04:00,2026-07-24 12:41:00-04:00,SHORT,2.5291208533566336,211.4626,208.42391719310532,687.9810155513065,209.6640742359764,211.44,211.397712,210.19,210.232038,94,3.0,1.25,282.0,117.5,0.4166666666666667,214.44,210.19,TAKE_PROFIT_BRACKET,31,117.5,7.9266439999977365,0.658,8.584643999997736,108.91535600000226
2026-07-24 13:58:00-04:00,2026-07-24 13:59:00-04:00,2026-07-24 14:39:00-04:00,LONG,-2.995038263519028,209.7599,208.95087746800425,688.3291361231527,209.10067802936214,209.73,209.77194599999999,206.73,206.68865399999999,95,3.0,1.25,285.0,118.75,0.4166666666666667,206.73,210.98,STOP,40,-285.0,7.912740000000014,0.665,8.577740000000013,-293.57774
2026-07-24 15:55:00-04:00,2026-07-24 15:56:00-04:00,2026-07-24 15:59:00-04:00,SHORT,2.803997604965047,206.0504,208.08318364054648,686.9337369387463,206.97225040406664,206.05,206.00879,206.96,207.001392,97,3.0,1.25,291.0,121.25,0.4166666666666667,209.05,204.8,FORCED_EOD,3,-88.26999999999967,8.012394000000825,0.679,8.691394000000825,-96.9613940000005
2026-07-27 11:15:00-04:00,2026-07-27 11:16:00-04:00,2026-07-27 12:10:00-04:00,LONG,-2.7168154884923004,197.17,201.0803149657679,683.1861098703741,200.20533372265925,197.155,197.194431,198.405,198.365319,101,3.0,1.25,303.0,126.25,0.4166666666666667,194.155,198.405,TAKE_PROFIT_BRACKET,54,126.25,7.990312000000927,0.707,8.697312000000927,117.55268799999908
2026-07-27 14:02:00-04:00,2026-07-27 14:03:00-04:00,2026-07-27 15:59:00-04:00,SHORT,2.5948617339999847,196.95,199.2101990488452,681.5540823466005,198.75055811306083,196.945,196.905611,196.52,196.559304,101,3.0,1.25,303.0,126.25,0.4166666666666667,199.945,195.695,FORCED_EOD,116,42.92499999999828,7.947992999998689,0.707,8.65499299999869,34.27000699999959
2026-07-28 10:36:00-04:00,2026-07-28 10:37:00-04:00,2026-07-28 15:59:00-04:00,SHORT,3.5558437046746687,195.8999,194.11722840888743,671.4587108094712,194.0818325691277,195.8735,195.83432530000002,196.98,197.01939599999997,102,3.0,1.25,306.0,127.5,0.4166666666666667,198.8735,194.6235,FORCED_EOD,322,-112.86299999999824,8.014211399997123,0.714,8.728211399997123,-121.59121139999536
2026-07-29 10:52:00-04:00,2026-07-29 10:53:00-04:00,2026-07-29 12:05:00-04:00,SHORT,2.8258101293076408,192.31,193.21352101479172,671.0373009482856,193.03918928254282,192.29,192.251542,191.04,191.078208,104,3.0,1.25,312.0,130.0,0.4166666666666667,195.29,191.04,TAKE_PROFIT_BRACKET,72,130.0,7.973263999998835,0.728,8.701263999998835,121.29873600000117
2026-07-29 14:01:00-04:00,2026-07-29 14:02:00-04:00,2026-07-29 15:34:00-04:00,SHORT,2.825011472441438,193.465,192.53088240241362,669.1700928953777,192.83182789905973,193.45,193.41131,192.2,192.23844,103,3.0,1.25,309.0,128.75,0.4166666666666667,196.45,192.2,TAKE_PROFIT_BRACKET,92,128.75,7.944390000001135,0.721,8.665390000001135,120.08460999999886
2026-07-30 10:56:00-04:00,2026-07-30 10:57:00-04:00,2026-07-30 15:59:00-04:00,LONG,-2.709299053180299,194.3,194.60413005288933,679.4242063601973,194.55920677960012,194.305,194.343861,195.15,195.11097,102,3.0,1.25,306.0,127.5,0.4166666666666667,191.305,195.555,FORCED_EOD,302,86.18999999999988,7.944881999999382,0.714,8.658881999999382,77.5311180000005
2026-07-31 12:22:00-04:00,2026-07-31 12:23:00-04:00,2026-07-31 15:19:00-04:00,SHORT,3.5901105042914203,197.23,197.3157028730848,686.1563486630911,197.17928318578686,197.225,197.185555,200.225,200.265045,101,3.0,1.25,303.0,126.25,0.4166666666666667,200.225,195.975,STOP,176,-303.0,8.028489999999266,0.707,8.735489999999267,-311.7354899999993
2026-07-31 15:19:00-04:00,2026-07-31 15:20:00-04:00,2026-07-31 15:59:00-04:00,SHORT,3.6864799210800947,200.5036,197.89853025606246,686.7698411891711,198.78958242764455,200.52,200.47989600000002,200.81,200.850162,99,3.0,1.25,297.0,123.75,0.4166666666666667,203.52,199.27,FORCED_EOD,39,-28.709999999999212,7.946333999999467,0.6930000000000001,8.639333999999467,-37.34933399999868
2026-08-03 11:37:00-04:00,2026-08-03 11:38:00-04:00,2026-08-03 13:19:00-04:00,LONG,-2.768408308193834,206.42,203.72218201656727,693.5439048969583,204.73007947927556,206.4099,206.45118198,207.6599,207.61836802,96,3.0,1.25,288.0,120.0,0.4166666666666667,203.4099,207.6599,TAKE_PROFIT_BRACKET,101,120.0,7.950140160000956,0.672,8.622140160000956,111.37785983999905
2026-08-03 13:19:00-04:00,2026-08-03 13:20:00-04:00,2026-08-03 15:53:00-04:00,SHORT,2.8650348299160218,207.86,204.50343867747947,694.8494925593646,206.03754277841418,207.855,207.81342899999999,206.605,206.64632099999997,96,3.0,1.25,288.0,120.0,0.4166666666666667,210.855,206.605,TAKE_PROFIT_BRACKET,153,120.0,7.957631999998739,0.672,8.62963199999874,111.37036800000126
2026-08-03 15:53:00-04:00,2026-08-03 15:54:00-04:00,2026-08-03 15:59:00-04:00,LONG,-2.8094411349226864,206.4479,205.52330980400637,697.0189238893824,206.67208748274584,206.43,206.471286,206.66,206.618668,96,3.0,1.25,288.0,120.0,0.4166666666666667,203.43,207.68,FORCED_EOD,5,22.079999999999018,7.931327999996938,0.672,8.603327999996939,13.476672000002079
2026-08-04 10:48:00-04:00,2026-08-04 10:49:00-04:00,2026-08-04 10:51:00-04:00,SHORT,3.2961297447123137,211.0,210.58263855554685,713.9683342227207,211.1959337064343,210.98,210.937804,209.73,209.77194599999999,94,3.0,1.25,282.0,117.5,0.4166666666666667,213.98,209.73,TAKE_PROFIT_BRACKET,2,117.5,7.9093479999986585,0.658,8.567347999998658,108.93265200000134
2026-08-04 12:34:00-04:00,2026-08-04 12:35:00-04:00,2026-08-04 13:05:00-04:00,LONG,-2.675005073838936,210.015,210.43739778757433,716.0378949099834,211.71383475420836,210.011,210.05300219999998,211.261,211.2187478,95,3.0,1.25,285.0,118.75,0.4166666666666667,207.011,211.261,TAKE_PROFIT_BRACKET,30,118.75,8.004167999999225,0.665,8.669167999999225,110.08083200000078
2026-08-04 14:20:00-04:00,2026-08-04 14:21:00-04:00,2026-08-04 15:59:00-04:00,SHORT,3.5375146759468374,212.1201,210.65652241903413,717.912590160162,212.49734079945952,212.13,212.087574,211.86,211.902372,94,3.0,1.25,282.0,117.5,0.4166666666666667,215.13,210.88,FORCED_EOD,98,25.37999999999829,7.971012000000599,0.658,8.629012000000598,16.75098799999769
2026-08-05 10:53:00-04:00,2026-08-05 10:54:00-04:00,2026-08-05 11:12:00-04:00,LONG,-2.5125240164942606,218.435,220.14193204437802,725.5350284737118,218.97665065171816,218.445,218.488689,219.695,219.651061,91,3.0,1.25,273.0,113.75,0.4166666666666667,215.445,219.695,TAKE_PROFIT_BRACKET,18,113.75,7.974147999999559,0.637,8.61114799999956,105.13885200000044
2026-08-05 12:24:00-04:00,2026-08-05 12:25:00-04:00,2026-08-05 15:59:00-04:00,SHORT,2.6301702730251346,220.71,219.94795954115855,724.1249684734,219.01538720142568,220.713,220.6688574,219.463,219.5068926,90,3.0,1.25,270.0,112.5,0.4166666666666667,223.713,219.463,TAKE_PROFIT_BRACKET,214,112.5,7.9231679999981,0.63,8.5531679999981,103.9468320000019
2026-08-06 12:07:00-04:00,2026-08-06 12:08:00-04:00,2026-08-06 15:59:00-04:00,SHORT,2.728158377795504,218.135,220.43888091693438,715.7238912661057,220.41092173212044,218.15,218.10637,218.99,219.033798,91,3.0,1.25,273.0,113.75,0.4166666666666667,221.15,216.9,FORCED_EOD,231,-76.44000000000031,7.955947999998955,0.637,8.592947999998955,-85.03294799999927
2026-08-07 11:25:00-04:00,2026-08-07 11:26:00-04:00,2026-08-07 12:07:00-04:00,SHORT,3.1609889161553504,224.525,222.7055906041665,720.2421692056955,222.84181776609114,224.52,224.475096,223.27,223.31465400000002,89,3.0,1.25,267.0,111.25,0.4166666666666667,227.52,223.27,TAKE_PROFIT_BRACKET,41,111.25,7.970662000000971,0.623,8.59366200000097,102.65633799999902
2026-08-07 14:51:00-04:00,2026-08-07 14:52:00-04:00,2026-08-07 15:59:00-04:00,SHORT,2.8387896350702375,222.32,222.7592566740668,720.7582253635778,222.71424326042174,222.3299,222.28543402000003,223.9,223.94478,89,3.0,1.25,267.0,111.25,0.4166666666666667,225.3299,221.0799,FORCED_EOD,67,-139.7388999999997,7.942892219998839,0.623,8.565892219998839,-148.30479221999852
2026-08-10 12:00:00-04:00,2026-08-10 12:01:00-04:00,2026-08-10 12:29:00-04:00,SHORT,2.701979543436238,219.805,221.01226505750478,722.7811990193918,221.05683565666226,219.81,219.766038,218.56,218.603712,91,3.0,1.25,273.0,113.75,0.4166666666666667,222.81,218.56,TAKE_PROFIT_BRACKET,28,113.75,7.978333999999336,0.637,8.615333999999336,105.13466600000066
2026-08-10 12:31:00-04:00,2026-08-10 12:32:00-04:00,2026-08-10 15:03:00-04:00,LONG,-2.6109083899932384,217.9001,220.76513648171124,722.7817448361913,220.64529812951207,217.95,217.99358999999998,219.2,219.15616,91,3.0,1.25,273.0,113.75,0.4166666666666667,214.95,219.2,TAKE_PROFIT_BRACKET,151,113.75,7.956129999998495,0.637,8.593129999998496,105.1568700000015
2026-08-10 15:03:00-04:00,2026-08-10 15:04:00-04:00,2026-08-10 15:52:00-04:00,SHORT,2.937352723795009,219.225,219.79010980004685,722.4164786078943,219.76781009458506,219.225,219.181155,217.975,218.01859499999998,91,3.0,1.25,273.0,113.75,0.4166666666666667,222.225,217.975,TAKE_PROFIT_BRACKET,48,113.75,7.957039999998784,0.637,8.594039999998785,105.15596000000122
2026-08-10 15:52:00-04:00,2026-08-10 15:53:00-04:00,2026-08-10 15:59:00-04:00,LONG,-3.747036492954979,217.94,219.7008268245986,722.3131492987994,219.60451978373393,217.94,217.983588,217.56,217.516488,91,3.0,1.25,273.0,113.75,0.4166666666666667,214.94,219.19,FORCED_EOD,6,-34.579999999999586,7.926099999999309,0.637,8.56309999999931,-43.143099999998896
2026-08-11 10:55:00-04:00,2026-08-11 10:56:00-04:00,2026-08-11 11:14:00-04:00,SHORT,2.952842153516141,220.11,219.92787410226902,720.7866284252129,220.1232829482479,220.115,220.07097700000003,218.865,218.908773,90,3.0,1.25,270.0,112.5,0.4166666666666667,223.115,218.865,TAKE_PROFIT_BRACKET,18,112.5,7.901639999997201,0.63,8.531639999997202,103.9683600000028
2026-08-11 12:35:00-04:00,2026-08-11 12:36:00-04:00,2026-08-11 12:55:00-04:00,SHORT,2.7643741222851848,219.03,219.5660086785746,720.3963194985315,219.30452299246147,219.04,218.996192,217.79,217.83355799999998,91,3.0,1.25,273.0,113.75,0.4166666666666667,222.04,217.79,TAKE_PROFIT_BRACKET,19,113.75,7.950305999997681,0.637,8.587305999997682,105.16269400000232
2026-08-12 12:34:00-04:00,2026-08-12 12:35:00-04:00,2026-08-12 13:02:00-04:00,LONG,-2.5573449339902035,222.81,223.21397903093913,724.6679090102756,223.10984579279875,222.81,222.854562,224.06,224.015188,89,3.0,1.25,267.0,111.25,0.4166666666666667,219.81,224.06,TAKE_PROFIT_BRACKET,27,111.25,7.954285999999314,0.623,8.577285999999313,102.67271400000068
2026-08-12 13:54:00-04:00,2026-08-12 13:55:00-04:00,2026-08-12 15:59:00-04:00,LONG,-3.022885811472124,223.6,223.29718872594617,724.7165588804994,223.33026167839643,223.6,223.64471999999998,224.1,224.05518,89,3.0,1.25,267.0,111.25,0.4166666666666667,220.6,224.85,FORCED_EOD,124,44.5,7.969059999997427,0.623,8.592059999997426,35.907940000002576
2026-08-13 10:48:00-04:00,2026-08-13 10:49:00-04:00,2026-08-13 14:31:00-04:00,LONG,-2.500374246488449,224.67,225.66563539240255,730.6463296639329,227.29887266868147,224.67,224.71493399999997,225.92,225.87481599999998,89,3.0,1.25,267.0,111.25,0.4166666666666667,221.67,225.92,TAKE_PROFIT_BRACKET,222,111.25,8.020501999999084,0.623,8.643501999999083,102.60649800000091
2026-08-14 10:43:00-04:00,2026-08-14 10:44:00-04:00,2026-08-14 11:24:00-04:00,SHORT,2.736867459536917,226.22,225.89977313105217,732.5603572074563,225.12626936848253,226.22,226.174756,224.97,225.014994,88,3.0,1.25,264.0,110.0,0.4166666666666667,229.22,224.97,TAKE_PROFIT_BRACKET,40,110.0,7.940943999999945,0.616,8.556943999999945,101.44305600000006
2026-08-14 11:43:00-04:00,2026-08-14 11:44:00-04:00,2026-08-14 14:13:00-04:00,LONG,-2.988710628209097,224.68,225.8848195330423,731.592401115524,223.84960162201514,224.69,224.734938,225.94,225.894812,88,3.0,1.25,264.0,110.0,0.4166666666666667,221.69,225.94,TAKE_PROFIT_BRACKET,149,110.0,7.931087999999818,0.616,8.547087999999817,101.45291200000018
2026-08-14 14:27:00-04:00,2026-08-14 14:28:00-04:00,2026-08-14 15:50:00-04:00,LONG,-2.545062204130769,224.73,225.68156931848543,730.704531926777,224.83440464330747,224.7399,224.78484798,225.9899,225.94470202000002,88,3.0,1.25,264.0,110.0,0.4166666666666667,221.7399,225.9899,TAKE_PROFIT_BRACKET,82,110.0,7.932844479997584,0.616,8.548844479997584,101.45115552000242
2026-08-14 15:57:00-04:00,2026-08-14 15:58:00-04:00,2026-08-14 15:59:00-04:00,LONG,-2.571689647831923,224.93,225.567975545622,730.5030904068104,225.5260431481023,224.93,224.974986,225.12,225.07497600000002,88,3.0,1.25,264.0,110.0,0.4166666666666667,221.93,226.18,FORCED_EOD,1,16.7199999999998,7.920879999998078,0.616,8.536879999998078,8.183120000001722
2026-08-17 13:45:00-04:00,2026-08-17 13:46:00-04:00,2026-08-17 15:59:00-04:00,LONG,-2.5531448376723658,226.12,226.58830687397182,732.5165848797553,225.49264066363477,226.12,226.165224,225.04,224.994992,88,3.0,1.25,264.0,110.0,0.4166666666666667,223.12,227.37,FORCED_EOD,133,-95.0400000000011,7.940415999998777,0.616,8.556415999998777,-103.59641599999988
2026-08-18 12:18:00-04:00,2026-08-18 12:19:00-04:00,2026-08-18 15:59:00-04:00,LONG,-2.737125261521109,219.62,219.84428899892077,718.6164209465728,219.81641011767138,219.6,219.64391999999998,219.8,219.75604,91,3.0,1.25,273.0,113.75,0.4166666666666667,216.6,220.85,FORCED_EOD,220,18.200000000001552,7.997079999998562,0.637,8.634079999998562,9.56592000000299
2026-08-19 10:16:00-04:00,2026-08-19 10:17:00-04:00,2026-08-19 10:31:00-04:00,LONG,-2.648080658095461,217.15,219.3658667639156,716.1190311958732,218.64191683857754,217.16,217.203432,218.41,218.366318,92,3.0,1.25,276.0,115.0,0.4166666666666667,214.16,218.41,TAKE_PROFIT_BRACKET,14,115.0,8.014487999998664,0.644,8.658487999998664,106.34151200000133
2026-08-19 12:02:00-04:00,2026-08-19 12:03:00-04:00,2026-08-19 15:45:00-04:00,SHORT,2.5807411500664155,219.85,219.10492628138593,716.3663049468802,220.18263518972134,219.8301,219.78613398,218.5801,218.62381602,90,3.0,1.25,270.0,112.5,0.4166666666666667,222.8301,218.5801,TAKE_PROFIT_BRACKET,222,112.5,7.891383600000381,0.63,8.521383600000382,103.97861639999962
2026-08-19 15:45:00-04:00,2026-08-19 15:46:00-04:00,2026-08-19 15:59:00-04:00,LONG,-3.780951852571651,218.365,219.2349286737825,716.6165630925016,218.9938267483345,218.37,218.413674,217.67,217.626466,91,3.0,1.25,273.0,113.75,0.4166666666666667,215.37,219.62,FORCED_EOD,13,-63.70000000000155,7.935927999997773,0.637,8.572927999997773,-72.27292799999933
2026-08-20 10:44:00-04:00,2026-08-20 10:45:00-04:00,2026-08-20 10:53:00-04:00,SHORT,2.767450261884806,218.83,218.06069934333306,712.753983674899,218.38645978032724,218.8399,218.79613202000002,217.5899,217.63341798,91,3.0,1.25,273.0,113.75,0.4166666666666667,221.8399,217.5899,TAKE_PROFIT_BRACKET,8,113.75,7.943022359997656,0.637,8.580022359997656,105.16997764000234
2026-08-20 12:57:00-04:00,2026-08-20 12:58:00-04:00,2026-08-20 13:36:00-04:00,SHORT,2.7031562973397096,217.45,217.53440142859878,712.2930128749426,217.6158506523255,217.44,217.396512,216.19,216.233238,91,3.0,1.25,273.0,113.75,0.4166666666666667,220.44,216.19,TAKE_PROFIT_BRACKET,38,113.75,7.892065999999886,0.637,8.529065999999887,105.22093400000011
2026-08-20 15:50:00-04:00,2026-08-20 15:51:00-04:00,2026-08-20 15:59:00-04:00,LONG,-3.3342859411164976,216.75,217.31125282780985,711.6275368148958,217.23914416106763,216.75,216.79335,216.99,216.946602,92,3.0,1.25,276.0,115.0,0.4166666666666667,213.75,218.0,FORCED_EOD,8,22.080000000000837,7.980816000000004,0.644,8.624816000000004,13.455184000000832
2026-08-21 12:55:00-04:00,2026-08-21 12:56:00-04:00,2026-08-21 15:59:00-04:00,LONG,-3.04232501966728,215.06,216.24380987384723,712.5467307642548,216.52931816135577,215.08,215.123016,214.76,214.717048,92,3.0,1.25,276.0,115.0,0.4166666666666667,212.08,216.33,FORCED_EOD,183,-29.440000000001987,7.909055999998145,0.644,8.553055999998145,-37.99305600000013
